solid Visualization Toolkit generated SLA File
 facet normal 0 -1 0
  outer loop
   vertex 0.08199986070394516 0.00010974014730891213 0.99605000019073486
   vertex 0.10599630326032639 0.00010974014730891213 0.99605000019073486
   vertex 0.10599630326032639 0.00010974014730891213 1
  endloop
 endfacet
 facet normal 0 -1 0
  outer loop
   vertex 0.08199986070394516 0.00010974014730891213 0.99605000019073486
   vertex 0.084499858319759369 0.00010974014730891213 0.99210000038146973
   vertex 0.084864519536495209 0.00010974014730891213 0.99206805229187012
  endloop
 endfacet
 facet normal 0 -1 0
  outer loop
   vertex 0.08199986070394516 0.00010974014730891213 0
   vertex 0.10599630326032639 0.00010974014730891213 0
   vertex 0.10599630326032639 0.00010974014730891213 0.23750001192092896
  endloop
 endfacet
 facet normal 0 -1 0
  outer loop
   vertex 0.017498143017292023 0.00010974014730891213 0.23750001192092896
   vertex 0.017498143017292023 0.00010974014730891213 0.02500000037252903
   vertex 0.01949986070394516 0.00010974014730891213 0.02500000037252903
  endloop
 endfacet
 facet normal 0 -1 0
  outer loop
   vertex -0.019503563642501831 0.00010974014730891213 0.02500000037252903
   vertex -0.017003566026687622 0.00010974014730891213 0.02500000037252903
   vertex -0.017003566026687622 0.00010974014730891213 0.23750001192092896
  endloop
 endfacet
 facet normal 0 -1 0
  outer loop
   vertex -0.082003563642501831 0.00010974014730891213 0.23750001192092896
   vertex -0.035221807658672333 0.00010974014730891213 0.016973353922367096
   vertex -0.034868225455284119 0.00010974014730891213 0.017068095505237579
  endloop
 endfacet
 facet normal 0 -1 -0
  outer loop
   vertex -0.019503563642501831 0.00010974014730891213 0
   vertex -0.033785320818424225 0.00010974014730891213 0.01302664540708065
   vertex -0.034138903021812439 0.00010974014730891213 0.012931903824210167
  endloop
 endfacet
 facet normal 0 -1 0
  outer loop
   vertex -0.034138903021812439 0.00010974014730891213 0.017068095505237579
   vertex -0.033785320818424225 0.00010974014730891213 0.016973353922367096
   vertex -0.017003566026687622 0.00010974014730891213 0.23750001192092896
  endloop
 endfacet
 facet normal 0 -1 0
  outer loop
   vertex -0.034503564238548279 0.00010974014730891213 0.017100000753998756
   vertex -0.082003563642501831 0.00010974014730891213 0.23750001192092896
   vertex -0.034868225455284119 0.00010974014730891213 0.017068095505237579
  endloop
 endfacet
 facet normal 0 -1 0
  outer loop
   vertex -0.082003563642501831 0.00010974014730891213 0.23750001192092896
   vertex -0.078785322606563568 0.00010974014730891213 0.016973353922367096
   vertex -0.078453563153743744 0.00010974014730891213 0.016818653792142868
  endloop
 endfacet
 facet normal 0 -1 0
  outer loop
   vertex -0.079138904809951782 0.00010974014730891213 0.017068095505237579
   vertex -0.078785322606563568 0.00010974014730891213 0.016973353922367096
   vertex -0.082003563642501831 0.00010974014730891213 0.23750001192092896
  endloop
 endfacet
 facet normal 0 -1 0
  outer loop
   vertex -0.079503566026687622 0.00010974014730891213 0.017100000753998756
   vertex -0.079138904809951782 0.00010974014730891213 0.017068095505237579
   vertex -0.082003563642501831 0.00010974014730891213 0.23750001192092896
  endloop
 endfacet
 facet normal 0 -1 0
  outer loop
   vertex -0.082003563642501831 0.00010974014730891213 0.23750001192092896
   vertex -0.079868227243423462 0.00010974014730891213 0.017068095505237579
   vertex -0.079503566026687622 0.00010974014730891213 0.017100000753998756
  endloop
 endfacet
 facet normal -0 -1 0
  outer loop
   vertex -0.080221809446811676 0.00010974014730891213 0.016973353922367096
   vertex -0.079868227243423462 0.00010974014730891213 0.017068095505237579
   vertex -0.082003563642501831 0.00010974014730891213 0.23750001192092896
  endloop
 endfacet
 facet normal -0 -1 0
  outer loop
   vertex -0.080553561449050903 0.00010974014730891213 0.016818653792142868
   vertex -0.080221809446811676 0.00010974014730891213 0.016973353922367096
   vertex -0.082003563642501831 0.00010974014730891213 0.23750001192092896
  endloop
 endfacet
 facet normal 0 -1 0
  outer loop
   vertex -0.034503564238548279 0.00010974014730891213 0.012900000438094139
   vertex -0.019503563642501831 0.00010974014730891213 0
   vertex -0.034138903021812439 0.00010974014730891213 0.012931903824210167
  endloop
 endfacet
 facet normal 0 -1 -0
  outer loop
   vertex -0.019503563642501831 0.00010974014730891213 0
   vertex -0.033453561365604401 0.00010974014730891213 0.013181347399950027
   vertex -0.033785320818424225 0.00010974014730891213 0.01302664540708065
  endloop
 endfacet
 facet normal 0 -1 0
  outer loop
   vertex -0.033153705298900604 0.00010974014730891213 0.01339130662381649
   vertex -0.033453561365604401 0.00010974014730891213 0.013181347399950027
   vertex -0.019503563642501831 0.00010974014730891213 0
  endloop
 endfacet
 facet normal 0 -1 0
  outer loop
   vertex -0.019503563642501831 0.00010974014730891213 0.02500000037252903
   vertex -0.033153705298900604 0.00010974014730891213 0.01339130662381649
   vertex -0.019503563642501831 0.00010974014730891213 0
  endloop
 endfacet
 facet normal 0 -1 0
  outer loop
   vertex -0.03289487212896347 0.00010974014730891213 0.013650146313011646
   vertex -0.033153705298900604 0.00010974014730891213 0.01339130662381649
   vertex -0.019503563642501831 0.00010974014730891213 0.02500000037252903
  endloop
 endfacet
 facet normal 0 -1 0
  outer loop
   vertex -0.032684914767742157 0.00010974014730891213 0.013950000517070293
   vertex -0.03289487212896347 0.00010974014730891213 0.013650146313011646
   vertex -0.019503563642501831 0.00010974014730891213 0.02500000037252903
  endloop
 endfacet
 facet normal 0 -1 -0
  outer loop
   vertex -0.019503563642501831 0.00010974014730891213 0.02500000037252903
   vertex -0.032530210912227631 0.00010974014730891213 0.014281758107244968
   vertex -0.032684914767742157 0.00010974014730891213 0.013950000517070293
  endloop
 endfacet
 facet normal 0 -1 0
  outer loop
   vertex -0.032435469329357147 0.00010974014730891213 0.014635339379310608
   vertex -0.032530210912227631 0.00010974014730891213 0.014281758107244968
   vertex -0.019503563642501831 0.00010974014730891213 0.02500000037252903
  endloop
 endfacet
 facet normal 0 -1 0
  outer loop
   vertex -0.032403565943241119 0.00010974014730891213 0.015000000596046448
   vertex -0.032435469329357147 0.00010974014730891213 0.014635339379310608
   vertex -0.019503563642501831 0.00010974014730891213 0.02500000037252903
  endloop
 endfacet
 facet normal 0 -1 0
  outer loop
   vertex -0.019503563642501831 0.00010974014730891213 0.02500000037252903
   vertex -0.032435469329357147 0.00010974014730891213 0.015364661812782288
   vertex -0.032403565943241119 0.00010974014730891213 0.015000000596046448
  endloop
 endfacet
 facet normal 0 -1 0
  outer loop
   vertex -0.032530210912227631 0.00010974014730891213 0.015718244016170502
   vertex -0.032435469329357147 0.00010974014730891213 0.015364661812782288
   vertex -0.019503563642501831 0.00010974014730891213 0.02500000037252903
  endloop
 endfacet
 facet normal 0 -1 0
  outer loop
   vertex -0.032684914767742157 0.00010974014730891213 0.016049999743700027
   vertex -0.032530210912227631 0.00010974014730891213 0.015718244016170502
   vertex -0.019503563642501831 0.00010974014730891213 0.02500000037252903
  endloop
 endfacet
 facet normal 0 -1 0
  outer loop
   vertex -0.019503563642501831 0.00010974014730891213 0.02500000037252903
   vertex -0.03289487212896347 0.00010974014730891213 0.016349853947758675
   vertex -0.032684914767742157 0.00010974014730891213 0.016049999743700027
  endloop
 endfacet
 facet normal 0 -1 0
  outer loop
   vertex -0.033153705298900604 0.00010974014730891213 0.016608692705631256
   vertex -0.03289487212896347 0.00010974014730891213 0.016349853947758675
   vertex -0.019503563642501831 0.00010974014730891213 0.02500000037252903
  endloop
 endfacet
 facet normal 0 -1 0
  outer loop
   vertex -0.017003566026687622 0.00010974014730891213 0.23750001192092896
   vertex -0.033153705298900604 0.00010974014730891213 0.016608692705631256
   vertex -0.019503563642501831 0.00010974014730891213 0.02500000037252903
  endloop
 endfacet
 facet normal 0 -1 0
  outer loop
   vertex -0.033453561365604401 0.00010974014730891213 0.016818653792142868
   vertex -0.033153705298900604 0.00010974014730891213 0.016608692705631256
   vertex -0.017003566026687622 0.00010974014730891213 0.23750001192092896
  endloop
 endfacet
 facet normal 0 -1 0
  outer loop
   vertex -0.033785320818424225 0.00010974014730891213 0.016973353922367096
   vertex -0.033453561365604401 0.00010974014730891213 0.016818653792142868
   vertex -0.017003566026687622 0.00010974014730891213 0.23750001192092896
  endloop
 endfacet
 facet normal 0 -1 -0
  outer loop
   vertex -0.035221807658672333 0.00010974014730891213 0.016973353922367096
   vertex -0.077894873917102814 0.00010974014730891213 0.013650146313011646
   vertex -0.078153707087039948 0.00010974014730891213 0.01339130662381649
  endloop
 endfacet
 facet normal 0 -1 0
  outer loop
   vertex -0.036112256348133087 0.00010974014730891213 0.016349853947758675
   vertex -0.035853423178195953 0.00010974014730891213 0.016608692705631256
   vertex -0.079138904809951782 0.00010974014730891213 0.012931903824210167
  endloop
 endfacet
 facet normal 0 -1 0
  outer loop
   vertex -0.035553567111492157 0.00010974014730891213 0.016818653792142868
   vertex -0.079138904809951782 0.00010974014730891213 0.012931903824210167
   vertex -0.035853423178195953 0.00010974014730891213 0.016608692705631256
  endloop
 endfacet
 facet normal 0 -1 0
  outer loop
   vertex -0.078785322606563568 0.00010974014730891213 0.01302664540708065
   vertex -0.079138904809951782 0.00010974014730891213 0.012931903824210167
   vertex -0.035553567111492157 0.00010974014730891213 0.016818653792142868
  endloop
 endfacet
 facet normal 0 -1 0
  outer loop
   vertex -0.035221807658672333 0.00010974014730891213 0.016973353922367096
   vertex -0.078785322606563568 0.00010974014730891213 0.01302664540708065
   vertex -0.035553567111492157 0.00010974014730891213 0.016818653792142868
  endloop
 endfacet
 facet normal 0 -1 0
  outer loop
   vertex -0.078453563153743744 0.00010974014730891213 0.013181347399950027
   vertex -0.078785322606563568 0.00010974014730891213 0.01302664540708065
   vertex -0.035221807658672333 0.00010974014730891213 0.016973353922367096
  endloop
 endfacet
 facet normal 0 -1 0
  outer loop
   vertex -0.078153707087039948 0.00010974014730891213 0.01339130662381649
   vertex -0.078453563153743744 0.00010974014730891213 0.013181347399950027
   vertex -0.035221807658672333 0.00010974014730891213 0.016973353922367096
  endloop
 endfacet
 facet normal 0 -1 -0
  outer loop
   vertex -0.035221807658672333 0.00010974014730891213 0.016973353922367096
   vertex -0.077684909105300903 0.00010974014730891213 0.013950000517070293
   vertex -0.077894873917102814 0.00010974014730891213 0.013650146313011646
  endloop
 endfacet
 facet normal 0 -1 0
  outer loop
   vertex -0.077530212700366974 0.00010974014730891213 0.014281758107244968
   vertex -0.077684909105300903 0.00010974014730891213 0.013950000517070293
   vertex -0.035221807658672333 0.00010974014730891213 0.016973353922367096
  endloop
 endfacet
 facet normal 0 -1 0
  outer loop
   vertex -0.07743547111749649 0.00010974014730891213 0.014635339379310608
   vertex -0.077530212700366974 0.00010974014730891213 0.014281758107244968
   vertex -0.035221807658672333 0.00010974014730891213 0.016973353922367096
  endloop
 endfacet
 facet normal 0 -1 -0
  outer loop
   vertex -0.035221807658672333 0.00010974014730891213 0.016973353922367096
   vertex -0.077403567731380463 0.00010974014730891213 0.015000000596046448
   vertex -0.07743547111749649 0.00010974014730891213 0.014635339379310608
  endloop
 endfacet
 facet normal 0 -1 0
  outer loop
   vertex -0.07743547111749649 0.00010974014730891213 0.015364661812782288
   vertex -0.077403567731380463 0.00010974014730891213 0.015000000596046448
   vertex -0.035221807658672333 0.00010974014730891213 0.016973353922367096
  endloop
 endfacet
 facet normal 0 -1 0
  outer loop
   vertex -0.077530212700366974 0.00010974014730891213 0.015718244016170502
   vertex -0.07743547111749649 0.00010974014730891213 0.015364661812782288
   vertex -0.035221807658672333 0.00010974014730891213 0.016973353922367096
  endloop
 endfacet
 facet normal 0 -1 0
  outer loop
   vertex -0.082003563642501831 0.00010974014730891213 0.23750001192092896
   vertex -0.0808534175157547 0.00010974014730891213 0.016608692705631256
   vertex -0.080553561449050903 0.00010974014730891213 0.016818653792142868
  endloop
 endfacet
 facet normal -0 -1 0
  outer loop
   vertex -0.08111225813627243 0.00010974014730891213 0.016349853947758675
   vertex -0.0808534175157547 0.00010974014730891213 0.016608692705631256
   vertex -0.082003563642501831 0.00010974014730891213 0.23750001192092896
  endloop
 endfacet
 facet normal -0 -1 0
  outer loop
   vertex -0.081322215497493744 0.00010974014730891213 0.016049999743700027
   vertex -0.08111225813627243 0.00010974014730891213 0.016349853947758675
   vertex -0.082003563642501831 0.00010974014730891213 0.23750001192092896
  endloop
 endfacet
 facet normal 0 -1 0
  outer loop
   vertex -0.082003563642501831 0.00010974014730891213 0.23750001192092896
   vertex -0.08147691935300827 0.00010974014730891213 0.015718244016170502
   vertex -0.081322215497493744 0.00010974014730891213 0.016049999743700027
  endloop
 endfacet
 facet normal -0 -1 0
  outer loop
   vertex -0.081571660935878754 0.00010974014730891213 0.015364661812782288
   vertex -0.08147691935300827 0.00010974014730891213 0.015718244016170502
   vertex -0.082003563642501831 0.00010974014730891213 0.23750001192092896
  endloop
 endfacet
 facet normal -0 -1 0
  outer loop
   vertex -0.081603564321994781 0.00010974014730891213 0.015000000596046448
   vertex -0.081571660935878754 0.00010974014730891213 0.015364661812782288
   vertex -0.082003563642501831 0.00010974014730891213 0.23750001192092896
  endloop
 endfacet
 facet normal -0 -1 0
  outer loop
   vertex -0.082003563642501831 0.00010974014730891213 0
   vertex -0.081571660935878754 0.00010974014730891213 0.014635339379310608
   vertex -0.081603564321994781 0.00010974014730891213 0.015000000596046448
  endloop
 endfacet
 facet normal 0 -1 -0
  outer loop
   vertex -0.08147691935300827 0.00010974014730891213 0.014281758107244968
   vertex -0.081571660935878754 0.00010974014730891213 0.014635339379310608
   vertex -0.082003563642501831 0.00010974014730891213 0
  endloop
 endfacet
 facet normal 0 -1 -0
  outer loop
   vertex -0.081322215497493744 0.00010974014730891213 0.013950000517070293
   vertex -0.08147691935300827 0.00010974014730891213 0.014281758107244968
   vertex -0.082003563642501831 0.00010974014730891213 0
  endloop
 endfacet
 facet normal 0 -1 -0
  outer loop
   vertex -0.035853423178195953 0.00010974014730891213 0.01339130662381649
   vertex -0.036112256348133087 0.00010974014730891213 0.013650146313011646
   vertex -0.082003563642501831 0.00010974014730891213 0
  endloop
 endfacet
 facet normal 0 -1 0
  outer loop
   vertex -0.035221807658672333 0.00010974014730891213 0.016973353922367096
   vertex -0.077684909105300903 0.00010974014730891213 0.016049999743700027
   vertex -0.077530212700366974 0.00010974014730891213 0.015718244016170502
  endloop
 endfacet
 facet normal 0 -1 0
  outer loop
   vertex -0.077894873917102814 0.00010974014730891213 0.016349853947758675
   vertex -0.077684909105300903 0.00010974014730891213 0.016049999743700027
   vertex -0.035221807658672333 0.00010974014730891213 0.016973353922367096
  endloop
 endfacet
 facet normal 0 -1 0
  outer loop
   vertex -0.082003563642501831 0.00010974014730891213 0.23750001192092896
   vertex -0.077894873917102814 0.00010974014730891213 0.016349853947758675
   vertex -0.035221807658672333 0.00010974014730891213 0.016973353922367096
  endloop
 endfacet
 facet normal 0 -1 0
  outer loop
   vertex -0.078153707087039948 0.00010974014730891213 0.016608692705631256
   vertex -0.077894873917102814 0.00010974014730891213 0.016349853947758675
   vertex -0.082003563642501831 0.00010974014730891213 0.23750001192092896
  endloop
 endfacet
 facet normal 0 -1 0
  outer loop
   vertex -0.078453563153743744 0.00010974014730891213 0.016818653792142868
   vertex -0.078153707087039948 0.00010974014730891213 0.016608692705631256
   vertex -0.082003563642501831 0.00010974014730891213 0.23750001192092896
  endloop
 endfacet
 facet normal -0 -1 0
  outer loop
   vertex -0.082003563642501831 0.00010974014730891213 0
   vertex -0.08111225813627243 0.00010974014730891213 0.013650146313011646
   vertex -0.081322215497493744 0.00010974014730891213 0.013950000517070293
  endloop
 endfacet
 facet normal 0 -1 -0
  outer loop
   vertex -0.0808534175157547 0.00010974014730891213 0.01339130662381649
   vertex -0.08111225813627243 0.00010974014730891213 0.013650146313011646
   vertex -0.082003563642501831 0.00010974014730891213 0
  endloop
 endfacet
 facet normal 0 -1 -0
  outer loop
   vertex -0.080553561449050903 0.00010974014730891213 0.013181347399950027
   vertex -0.0808534175157547 0.00010974014730891213 0.01339130662381649
   vertex -0.082003563642501831 0.00010974014730891213 0
  endloop
 endfacet
 facet normal -0 -1 0
  outer loop
   vertex -0.082003563642501831 0.00010974014730891213 0
   vertex -0.035553567111492157 0.00010974014730891213 0.013181347399950027
   vertex -0.035853423178195953 0.00010974014730891213 0.01339130662381649
  endloop
 endfacet
 facet normal 0 -1 -0
  outer loop
   vertex -0.035221807658672333 0.00010974014730891213 0.01302664540708065
   vertex -0.035553567111492157 0.00010974014730891213 0.013181347399950027
   vertex -0.082003563642501831 0.00010974014730891213 0
  endloop
 endfacet
 facet normal 0 -1 -0
  outer loop
   vertex -0.019503563642501831 0.00010974014730891213 0
   vertex -0.035221807658672333 0.00010974014730891213 0.01302664540708065
   vertex -0.082003563642501831 0.00010974014730891213 0
  endloop
 endfacet
 facet normal 0 -1 0
  outer loop
   vertex -0.034868225455284119 0.00010974014730891213 0.012931903824210167
   vertex -0.035221807658672333 0.00010974014730891213 0.01302664540708065
   vertex -0.019503563642501831 0.00010974014730891213 0
  endloop
 endfacet
 facet normal 0 -1 0
  outer loop
   vertex -0.034503564238548279 0.00010974014730891213 0.012900000438094139
   vertex -0.034868225455284119 0.00010974014730891213 0.012931903824210167
   vertex -0.019503563642501831 0.00010974014730891213 0
  endloop
 endfacet
 facet normal -0 -1 0
  outer loop
   vertex -0.079138904809951782 0.00010974014730891213 0.012931903824210167
   vertex -0.036322213709354401 0.00010974014730891213 0.016049999743700027
   vertex -0.036112256348133087 0.00010974014730891213 0.016349853947758675
  endloop
 endfacet
 facet normal 0 -1 0
  outer loop
   vertex -0.036476917564868927 0.00010974014730891213 0.015718244016170502
   vertex -0.036322213709354401 0.00010974014730891213 0.016049999743700027
   vertex -0.079138904809951782 0.00010974014730891213 0.012931903824210167
  endloop
 endfacet
 facet normal 0 -1 0
  outer loop
   vertex -0.079503566026687622 0.00010974014730891213 0.012900000438094139
   vertex -0.036476917564868927 0.00010974014730891213 0.015718244016170502
   vertex -0.079138904809951782 0.00010974014730891213 0.012931903824210167
  endloop
 endfacet
 facet normal 0 -1 0
  outer loop
   vertex -0.03657165914773941 0.00010974014730891213 0.015364661812782288
   vertex -0.036476917564868927 0.00010974014730891213 0.015718244016170502
   vertex -0.079503566026687622 0.00010974014730891213 0.012900000438094139
  endloop
 endfacet
 facet normal 0 -1 0
  outer loop
   vertex -0.036603562533855438 0.00010974014730891213 0.015000000596046448
   vertex -0.03657165914773941 0.00010974014730891213 0.015364661812782288
   vertex -0.079503566026687622 0.00010974014730891213 0.012900000438094139
  endloop
 endfacet
 facet normal -0 -1 0
  outer loop
   vertex -0.082003563642501831 0.00010974014730891213 0
   vertex -0.080221809446811676 0.00010974014730891213 0.01302664540708065
   vertex -0.080553561449050903 0.00010974014730891213 0.013181347399950027
  endloop
 endfacet
 facet normal 0 -1 -0
  outer loop
   vertex -0.079868227243423462 0.00010974014730891213 0.012931903824210167
   vertex -0.080221809446811676 0.00010974014730891213 0.01302664540708065
   vertex -0.082003563642501831 0.00010974014730891213 0
  endloop
 endfacet
 facet normal 0 -1 -0
  outer loop
   vertex -0.079503566026687622 0.00010974014730891213 0.012900000438094139
   vertex -0.079868227243423462 0.00010974014730891213 0.012931903824210167
   vertex -0.082003563642501831 0.00010974014730891213 0
  endloop
 endfacet
 facet normal -0 -1 0
  outer loop
   vertex -0.079503566026687622 0.00010974014730891213 0.012900000438094139
   vertex -0.03657165914773941 0.00010974014730891213 0.014635339379310608
   vertex -0.036603562533855438 0.00010974014730891213 0.015000000596046448
  endloop
 endfacet
 facet normal 0 -1 -0
  outer loop
   vertex -0.036476917564868927 0.00010974014730891213 0.014281758107244968
   vertex -0.03657165914773941 0.00010974014730891213 0.014635339379310608
   vertex -0.079503566026687622 0.00010974014730891213 0.012900000438094139
  endloop
 endfacet
 facet normal 0 -1 0
  outer loop
   vertex -0.082003563642501831 0.00010974014730891213 0
   vertex -0.036476917564868927 0.00010974014730891213 0.014281758107244968
   vertex -0.079503566026687622 0.00010974014730891213 0.012900000438094139
  endloop
 endfacet
 facet normal 0 -1 -0
  outer loop
   vertex -0.036322213709354401 0.00010974014730891213 0.013950000517070293
   vertex -0.036476917564868927 0.00010974014730891213 0.014281758107244968
   vertex -0.082003563642501831 0.00010974014730891213 0
  endloop
 endfacet
 facet normal 0 -1 -0
  outer loop
   vertex -0.036112256348133087 0.00010974014730891213 0.013650146313011646
   vertex -0.036322213709354401 0.00010974014730891213 0.013950000517070293
   vertex -0.082003563642501831 0.00010974014730891213 0
  endloop
 endfacet
 facet normal 0 -1 0
  outer loop
   vertex 0.034499846398830414 0.00010974014730891213 0.017100000753998756
   vertex 0.01949986070394516 0.00010974014730891213 0.02500000037252903
   vertex 0.034135185182094574 0.00010974014730891213 0.017068095505237579
  endloop
 endfacet
 facet normal 0 -1 0
  outer loop
   vertex 0.017498143017292023 0.00010974014730891213 0.23750001192092896
   vertex 0.01949986070394516 0.00010974014730891213 0.02500000037252903
   vertex 0.034499846398830414 0.00010974014730891213 0.017100000753998756
  endloop
 endfacet
 facet normal 0 -1 0
  outer loop
   vertex 0.034864507615566254 0.00010974014730891213 0.017068095505237579
   vertex 0.017498143017292023 0.00010974014730891213 0.23750001192092896
   vertex 0.034499846398830414 0.00010974014730891213 0.017100000753998756
  endloop
 endfacet
 facet normal 0 -1 0
  outer loop
   vertex 0.01949986070394516 0.00010974014730891213 0.02500000037252903
   vertex 0.033781610429286957 0.00010974014730891213 0.016973353922367096
   vertex 0.034135185182094574 0.00010974014730891213 0.017068095505237579
  endloop
 endfacet
 facet normal -0 -1 0
  outer loop
   vertex 0.033449850976467133 0.00010974014730891213 0.016818653792142868
   vertex 0.033781610429286957 0.00010974014730891213 0.016973353922367096
   vertex 0.01949986070394516 0.00010974014730891213 0.02500000037252903
  endloop
 endfacet
 facet normal -0 -1 0
  outer loop
   vertex 0.033149994909763336 0.00010974014730891213 0.016608692705631256
   vertex 0.033449850976467133 0.00010974014730891213 0.016818653792142868
   vertex 0.01949986070394516 0.00010974014730891213 0.02500000037252903
  endloop
 endfacet
 facet normal 0 -1 0
  outer loop
   vertex 0.017498143017292023 0.00010974014730891213 0.23750001192092896
   vertex 0.035549856722354889 0.00010974014730891213 0.016818653792142868
   vertex 0.035849712789058685 0.00010974014730891213 0.016608692705631256
  endloop
 endfacet
 facet normal 0 -1 0
  outer loop
   vertex 0.035218097269535065 0.00010974014730891213 0.016973353922367096
   vertex 0.035549856722354889 0.00010974014730891213 0.016818653792142868
   vertex 0.017498143017292023 0.00010974014730891213 0.23750001192092896
  endloop
 endfacet
 facet normal 0 -1 0
  outer loop
   vertex 0.034864507615566254 0.00010974014730891213 0.017068095505237579
   vertex 0.035218097269535065 0.00010974014730891213 0.016973353922367096
   vertex 0.017498143017292023 0.00010974014730891213 0.23750001192092896
  endloop
 endfacet
 facet normal 0 -1 0
  outer loop
   vertex 0.01949986070394516 0.00010974014730891213 0.02500000037252903
   vertex 0.032891161739826202 0.00010974014730891213 0.016349853947758675
   vertex 0.033149994909763336 0.00010974014730891213 0.016608692705631256
  endloop
 endfacet
 facet normal -0 -1 0
  outer loop
   vertex 0.032681204378604889 0.00010974014730891213 0.016049999743700027
   vertex 0.032891161739826202 0.00010974014730891213 0.016349853947758675
   vertex 0.01949986070394516 0.00010974014730891213 0.02500000037252903
  endloop
 endfacet
 facet normal -0 -1 0
  outer loop
   vertex 0.032526500523090363 0.00010974014730891213 0.015718244016170502
   vertex 0.032681204378604889 0.00010974014730891213 0.016049999743700027
   vertex 0.01949986070394516 0.00010974014730891213 0.02500000037252903
  endloop
 endfacet
 facet normal -0 -1 0
  outer loop
   vertex 0.01949986070394516 0.00010974014730891213 0
   vertex 0.032681204378604889 0.00010974014730891213 0.013950000517070293
   vertex 0.032526500523090363 0.00010974014730891213 0.014281758107244968
  endloop
 endfacet
 facet normal 0 -1 -0
  outer loop
   vertex 0.032891161739826202 0.00010974014730891213 0.013650146313011646
   vertex 0.032681204378604889 0.00010974014730891213 0.013950000517070293
   vertex 0.01949986070394516 0.00010974014730891213 0
  endloop
 endfacet
 facet normal 0 -1 -0
  outer loop
   vertex 0.033149994909763336 0.00010974014730891213 0.01339130662381649
   vertex 0.032891161739826202 0.00010974014730891213 0.013650146313011646
   vertex 0.01949986070394516 0.00010974014730891213 0
  endloop
 endfacet
 facet normal 0 -1 0
  outer loop
   vertex 0.08199986070394516 0.00010974014730891213 0.23750001192092896
   vertex 0.080218099057674408 0.00010974014730891213 0.016973353922367096
   vertex 0.080549858510494232 0.00010974014730891213 0.016818653792142868
  endloop
 endfacet
 facet normal 0 -1 0
  outer loop
   vertex 0.079864524304866791 0.00010974014730891213 0.017068095505237579
   vertex 0.080218099057674408 0.00010974014730891213 0.016973353922367096
   vertex 0.08199986070394516 0.00010974014730891213 0.23750001192092896
  endloop
 endfacet
 facet normal -0 -1 0
  outer loop
   vertex 0.01949986070394516 0.00010974014730891213 0
   vertex 0.033449850976467133 0.00010974014730891213 0.013181347399950027
   vertex 0.033149994909763336 0.00010974014730891213 0.01339130662381649
  endloop
 endfacet
 facet normal 0 -1 -0
  outer loop
   vertex 0.033781610429286957 0.00010974014730891213 0.01302664540708065
   vertex 0.033449850976467133 0.00010974014730891213 0.013181347399950027
   vertex 0.01949986070394516 0.00010974014730891213 0
  endloop
 endfacet
 facet normal 0 -1 -0
  outer loop
   vertex 0.034135185182094574 0.00010974014730891213 0.012931903824210167
   vertex 0.033781610429286957 0.00010974014730891213 0.01302664540708065
   vertex 0.01949986070394516 0.00010974014730891213 0
  endloop
 endfacet
 facet normal 0 -1 0
  outer loop
   vertex 0.01949986070394516 0.00010974014730891213 0.02500000037252903
   vertex 0.032431758940219879 0.00010974014730891213 0.015364661812782288
   vertex 0.032526500523090363 0.00010974014730891213 0.015718244016170502
  endloop
 endfacet
 facet normal -0 -1 0
  outer loop
   vertex 0.032399855554103851 0.00010974014730891213 0.015000000596046448
   vertex 0.032431758940219879 0.00010974014730891213 0.015364661812782288
   vertex 0.01949986070394516 0.00010974014730891213 0.02500000037252903
  endloop
 endfacet
 facet normal -0 -1 0
  outer loop
   vertex 0.01949986070394516 0.00010974014730891213 0
   vertex 0.032399855554103851 0.00010974014730891213 0.015000000596046448
   vertex 0.01949986070394516 0.00010974014730891213 0.02500000037252903
  endloop
 endfacet
 facet normal 0 -1 -0
  outer loop
   vertex 0.032431758940219879 0.00010974014730891213 0.014635339379310608
   vertex 0.032399855554103851 0.00010974014730891213 0.015000000596046448
   vertex 0.01949986070394516 0.00010974014730891213 0
  endloop
 endfacet
 facet normal 0 -1 -0
  outer loop
   vertex 0.032526500523090363 0.00010974014730891213 0.014281758107244968
   vertex 0.032431758940219879 0.00010974014730891213 0.014635339379310608
   vertex 0.01949986070394516 0.00010974014730891213 0
  endloop
 endfacet
 facet normal 0 -1 -0
  outer loop
   vertex 0.0787816122174263 0.00010974014730891213 0.016973353922367096
   vertex 0.035849712789058685 0.00010974014730891213 0.01339130662381649
   vertex 0.035549856722354889 0.00010974014730891213 0.013181347399950027
  endloop
 endfacet
 facet normal 0 -1 0
  outer loop
   vertex 0.036108545958995819 0.00010974014730891213 0.013650146313011646
   vertex 0.035849712789058685 0.00010974014730891213 0.01339130662381649
   vertex 0.0787816122174263 0.00010974014730891213 0.016973353922367096
  endloop
 endfacet
 facet normal 0 -1 0
  outer loop
   vertex 0.036318503320217133 0.00010974014730891213 0.013950000517070293
   vertex 0.036108545958995819 0.00010974014730891213 0.013650146313011646
   vertex 0.0787816122174263 0.00010974014730891213 0.016973353922367096
  endloop
 endfacet
 facet normal -0 -1 -0
  outer loop
   vertex 0.08199986070394516 0.00010974014730891213 0
   vertex 0.078449852764606476 0.00010974014730891213 0.013181347399950027
   vertex 0.078149996697902679 0.00010974014730891213 0.01339130662381649
  endloop
 endfacet
 facet normal 0 -1 0
  outer loop
   vertex 0.0787816122174263 0.00010974014730891213 0.01302664540708065
   vertex 0.078449852764606476 0.00010974014730891213 0.013181347399950027
   vertex 0.08199986070394516 0.00010974014730891213 0
  endloop
 endfacet
 facet normal 0 -1 0
  outer loop
   vertex 0.079135201871395111 0.00010974014730891213 0.012931903824210167
   vertex 0.0787816122174263 0.00010974014730891213 0.01302664540708065
   vertex 0.08199986070394516 0.00010974014730891213 0
  endloop
 endfacet
 facet normal 0 -1 -0
  outer loop
   vertex 0.0787816122174263 0.00010974014730891213 0.016973353922367096
   vertex 0.036473207175731659 0.00010974014730891213 0.014281758107244968
   vertex 0.036318503320217133 0.00010974014730891213 0.013950000517070293
  endloop
 endfacet
 facet normal 0 -1 0
  outer loop
   vertex 0.036567948758602142 0.00010974014730891213 0.014635339379310608
   vertex 0.036473207175731659 0.00010974014730891213 0.014281758107244968
   vertex 0.0787816122174263 0.00010974014730891213 0.016973353922367096
  endloop
 endfacet
 facet normal 0 -1 0
  outer loop
   vertex 0.079135201871395111 0.00010974014730891213 0.017068095505237579
   vertex 0.036567948758602142 0.00010974014730891213 0.014635339379310608
   vertex 0.0787816122174263 0.00010974014730891213 0.016973353922367096
  endloop
 endfacet
 facet normal -0 -1 0
  outer loop
   vertex 0.035218097269535065 0.00010974014730891213 0.01302664540708065
   vertex 0.077891163527965546 0.00010974014730891213 0.016349853947758675
   vertex 0.078149996697902679 0.00010974014730891213 0.016608692705631256
  endloop
 endfacet
 facet normal -0 -1 -0
  outer loop
   vertex 0.08199986070394516 0.00010974014730891213 0
   vertex 0.079499863088130951 0.00010974014730891213 0.012900000438094139
   vertex 0.079135201871395111 0.00010974014730891213 0.012931903824210167
  endloop
 endfacet
 facet normal 0 -1 0
  outer loop
   vertex 0.079864524304866791 0.00010974014730891213 0.012931903824210167
   vertex 0.079499863088130951 0.00010974014730891213 0.012900000438094139
   vertex 0.08199986070394516 0.00010974014730891213 0
  endloop
 endfacet
 facet normal 0 -1 0
  outer loop
   vertex 0.080218099057674408 0.00010974014730891213 0.01302664540708065
   vertex 0.079864524304866791 0.00010974014730891213 0.012931903824210167
   vertex 0.08199986070394516 0.00010974014730891213 0
  endloop
 endfacet
 facet normal 0 -1 -0
  outer loop
   vertex 0.08199986070394516 0.00010974014730891213 0
   vertex 0.080549858510494232 0.00010974014730891213 0.013181347399950027
   vertex 0.080218099057674408 0.00010974014730891213 0.01302664540708065
  endloop
 endfacet
 facet normal 0 -1 0
  outer loop
   vertex 0.080849699676036835 0.00010974014730891213 0.01339130662381649
   vertex 0.080549858510494232 0.00010974014730891213 0.013181347399950027
   vertex 0.08199986070394516 0.00010974014730891213 0
  endloop
 endfacet
 facet normal 0 -1 0
  outer loop
   vertex 0.081108547747135162 0.00010974014730891213 0.013650146313011646
   vertex 0.080849699676036835 0.00010974014730891213 0.01339130662381649
   vertex 0.08199986070394516 0.00010974014730891213 0
  endloop
 endfacet
 facet normal 0 -1 -0
  outer loop
   vertex 0.08199986070394516 0.00010974014730891213 0
   vertex 0.081318505108356476 0.00010974014730891213 0.013950000517070293
   vertex 0.081108547747135162 0.00010974014730891213 0.013650146313011646
  endloop
 endfacet
 facet normal 0 -1 0
  outer loop
   vertex 0.081473208963871002 0.00010974014730891213 0.014281758107244968
   vertex 0.081318505108356476 0.00010974014730891213 0.013950000517070293
   vertex 0.08199986070394516 0.00010974014730891213 0
  endloop
 endfacet
 facet normal 0 -1 0
  outer loop
   vertex 0.081567950546741486 0.00010974014730891213 0.014635339379310608
   vertex 0.081473208963871002 0.00010974014730891213 0.014281758107244968
   vertex 0.08199986070394516 0.00010974014730891213 0
  endloop
 endfacet
 facet normal 0 -1 0
  outer loop
   vertex 0.08199986070394516 0.00010974014730891213 0.23750001192092896
   vertex 0.079499863088130951 0.00010974014730891213 0.017100000753998756
   vertex 0.079864524304866791 0.00010974014730891213 0.017068095505237579
  endloop
 endfacet
 facet normal -0 -1 0
  outer loop
   vertex 0.036318503320217133 0.00010974014730891213 0.016049999743700027
   vertex 0.079499863088130951 0.00010974014730891213 0.017100000753998756
   vertex 0.08199986070394516 0.00010974014730891213 0.23750001192092896
  endloop
 endfacet
 facet normal 0 -1 0
  outer loop
   vertex 0.036108545958995819 0.00010974014730891213 0.016349853947758675
   vertex 0.036318503320217133 0.00010974014730891213 0.016049999743700027
   vertex 0.08199986070394516 0.00010974014730891213 0.23750001192092896
  endloop
 endfacet
 facet normal -0 -1 0
  outer loop
   vertex 0.035218097269535065 0.00010974014730891213 0.01302664540708065
   vertex 0.077681206166744232 0.00010974014730891213 0.016049999743700027
   vertex 0.077891163527965546 0.00010974014730891213 0.016349853947758675
  endloop
 endfacet
 facet normal 0 -1 0
  outer loop
   vertex 0.077526502311229706 0.00010974014730891213 0.015718244016170502
   vertex 0.077681206166744232 0.00010974014730891213 0.016049999743700027
   vertex 0.035218097269535065 0.00010974014730891213 0.01302664540708065
  endloop
 endfacet
 facet normal 0 -1 0
  outer loop
   vertex 0.077431760728359222 0.00010974014730891213 0.015364661812782288
   vertex 0.077526502311229706 0.00010974014730891213 0.015718244016170502
   vertex 0.035218097269535065 0.00010974014730891213 0.01302664540708065
  endloop
 endfacet
 facet normal -0 -1 0
  outer loop
   vertex 0.01949986070394516 0.00010974014730891213 0
   vertex 0.034499846398830414 0.00010974014730891213 0.012900000438094139
   vertex 0.034135185182094574 0.00010974014730891213 0.012931903824210167
  endloop
 endfacet
 facet normal 0 -1 -0
  outer loop
   vertex 0.034864507615566254 0.00010974014730891213 0.012931903824210167
   vertex 0.034499846398830414 0.00010974014730891213 0.012900000438094139
   vertex 0.01949986070394516 0.00010974014730891213 0
  endloop
 endfacet
 facet normal 0 -1 -0
  outer loop
   vertex 0.08199986070394516 0.00010974014730891213 0
   vertex 0.034864507615566254 0.00010974014730891213 0.012931903824210167
   vertex 0.01949986070394516 0.00010974014730891213 0
  endloop
 endfacet
 facet normal 0 -1 0
  outer loop
   vertex 0.035218097269535065 0.00010974014730891213 0.01302664540708065
   vertex 0.034864507615566254 0.00010974014730891213 0.012931903824210167
   vertex 0.08199986070394516 0.00010974014730891213 0
  endloop
 endfacet
 facet normal 0 -1 0
  outer loop
   vertex 0.078149996697902679 0.00010974014730891213 0.01339130662381649
   vertex 0.035218097269535065 0.00010974014730891213 0.01302664540708065
   vertex 0.08199986070394516 0.00010974014730891213 0
  endloop
 endfacet
 facet normal 0 -1 0
  outer loop
   vertex 0.08199986070394516 0.00010974014730891213 0.23750001192092896
   vertex 0.081567950546741486 0.00010974014730891213 0.015364661812782288
   vertex 0.081599853932857513 0.00010974014730891213 0.015000000596046448
  endloop
 endfacet
 facet normal 0 -1 0
  outer loop
   vertex 0.081473208963871002 0.00010974014730891213 0.015718244016170502
   vertex 0.081567950546741486 0.00010974014730891213 0.015364661812782288
   vertex 0.08199986070394516 0.00010974014730891213 0.23750001192092896
  endloop
 endfacet
 facet normal 0 -1 0
  outer loop
   vertex 0.081318505108356476 0.00010974014730891213 0.016049999743700027
   vertex 0.081473208963871002 0.00010974014730891213 0.015718244016170502
   vertex 0.08199986070394516 0.00010974014730891213 0.23750001192092896
  endloop
 endfacet
 facet normal 0 -1 0
  outer loop
   vertex 0.035218097269535065 0.00010974014730891213 0.01302664540708065
   vertex 0.0787816122174263 0.00010974014730891213 0.016973353922367096
   vertex 0.035549856722354889 0.00010974014730891213 0.013181347399950027
  endloop
 endfacet
 facet normal 0 -1 0
  outer loop
   vertex 0.078449852764606476 0.00010974014730891213 0.016818653792142868
   vertex 0.0787816122174263 0.00010974014730891213 0.016973353922367096
   vertex 0.035218097269535065 0.00010974014730891213 0.01302664540708065
  endloop
 endfacet
 facet normal 0 -1 0
  outer loop
   vertex 0.078149996697902679 0.00010974014730891213 0.016608692705631256
   vertex 0.078449852764606476 0.00010974014730891213 0.016818653792142868
   vertex 0.035218097269535065 0.00010974014730891213 0.01302664540708065
  endloop
 endfacet
 facet normal -0 -1 0
  outer loop
   vertex 0.035218097269535065 0.00010974014730891213 0.01302664540708065
   vertex 0.077399857342243195 0.00010974014730891213 0.015000000596046448
   vertex 0.077431760728359222 0.00010974014730891213 0.015364661812782288
  endloop
 endfacet
 facet normal 0 -1 -0
  outer loop
   vertex 0.077431760728359222 0.00010974014730891213 0.014635339379310608
   vertex 0.077399857342243195 0.00010974014730891213 0.015000000596046448
   vertex 0.035218097269535065 0.00010974014730891213 0.01302664540708065
  endloop
 endfacet
 facet normal 0 -1 -0
  outer loop
   vertex 0.077526502311229706 0.00010974014730891213 0.014281758107244968
   vertex 0.077431760728359222 0.00010974014730891213 0.014635339379310608
   vertex 0.035218097269535065 0.00010974014730891213 0.01302664540708065
  endloop
 endfacet
 facet normal -0 -1 0
  outer loop
   vertex 0.035218097269535065 0.00010974014730891213 0.01302664540708065
   vertex 0.077681206166744232 0.00010974014730891213 0.013950000517070293
   vertex 0.077526502311229706 0.00010974014730891213 0.014281758107244968
  endloop
 endfacet
 facet normal 0 -1 -0
  outer loop
   vertex 0.077891163527965546 0.00010974014730891213 0.013650146313011646
   vertex 0.077681206166744232 0.00010974014730891213 0.013950000517070293
   vertex 0.035218097269535065 0.00010974014730891213 0.01302664540708065
  endloop
 endfacet
 facet normal 0 -1 -0
  outer loop
   vertex 0.078149996697902679 0.00010974014730891213 0.01339130662381649
   vertex 0.077891163527965546 0.00010974014730891213 0.013650146313011646
   vertex 0.035218097269535065 0.00010974014730891213 0.01302664540708065
  endloop
 endfacet
 facet normal 0 -1 0
  outer loop
   vertex 0.08199986070394516 0.00010974014730891213 0.23750001192092896
   vertex 0.081108547747135162 0.00010974014730891213 0.016349853947758675
   vertex 0.081318505108356476 0.00010974014730891213 0.016049999743700027
  endloop
 endfacet
 facet normal 0 -1 0
  outer loop
   vertex 0.080849699676036835 0.00010974014730891213 0.016608692705631256
   vertex 0.081108547747135162 0.00010974014730891213 0.016349853947758675
   vertex 0.08199986070394516 0.00010974014730891213 0.23750001192092896
  endloop
 endfacet
 facet normal 0 -1 0
  outer loop
   vertex 0.080549858510494232 0.00010974014730891213 0.016818653792142868
   vertex 0.080849699676036835 0.00010974014730891213 0.016608692705631256
   vertex 0.08199986070394516 0.00010974014730891213 0.23750001192092896
  endloop
 endfacet
 facet normal 0 -1 -0
  outer loop
   vertex 0.079135201871395111 0.00010974014730891213 0.017068095505237579
   vertex 0.03659985214471817 0.00010974014730891213 0.015000000596046448
   vertex 0.036567948758602142 0.00010974014730891213 0.014635339379310608
  endloop
 endfacet
 facet normal 0 -1 0
  outer loop
   vertex 0.036567948758602142 0.00010974014730891213 0.015364661812782288
   vertex 0.03659985214471817 0.00010974014730891213 0.015000000596046448
   vertex 0.079135201871395111 0.00010974014730891213 0.017068095505237579
  endloop
 endfacet
 facet normal 0 -1 0
  outer loop
   vertex 0.079499863088130951 0.00010974014730891213 0.017100000753998756
   vertex 0.036567948758602142 0.00010974014730891213 0.015364661812782288
   vertex 0.079135201871395111 0.00010974014730891213 0.017068095505237579
  endloop
 endfacet
 facet normal 0 -1 0
  outer loop
   vertex 0.036473207175731659 0.00010974014730891213 0.015718244016170502
   vertex 0.036567948758602142 0.00010974014730891213 0.015364661812782288
   vertex 0.079499863088130951 0.00010974014730891213 0.017100000753998756
  endloop
 endfacet
 facet normal 0 -1 0
  outer loop
   vertex 0.036318503320217133 0.00010974014730891213 0.016049999743700027
   vertex 0.036473207175731659 0.00010974014730891213 0.015718244016170502
   vertex 0.079499863088130951 0.00010974014730891213 0.017100000753998756
  endloop
 endfacet
 facet normal 0 -1 0
  outer loop
   vertex -0.082003563642501831 0.00010974014730891213 0.23750001192092896
   vertex -0.082003563642501831 0.00010974014730891213 0
   vertex -0.081603564321994781 0.00010974014730891213 0.015000000596046448
  endloop
 endfacet
 facet normal 0 -1 0
  outer loop
   vertex -0.096301786601543427 0.00010974014730891213 0
   vertex -0.082003563642501831 0.00010974014730891213 0
   vertex -0.082003563642501831 0.00010974014730891213 0.23750001192092896
  endloop
 endfacet
 facet normal 0 -1 0
  outer loop
   vertex -0.096301786601543427 0.00010974014730891213 0.23750001192092896
   vertex -0.096301786601543427 0.00010974014730891213 0
   vertex -0.082003563642501831 0.00010974014730891213 0.23750001192092896
  endloop
 endfacet
 facet normal 0 -1 0
  outer loop
   vertex 0.08199986070394516 0.00010974014730891213 0.4699999988079071
   vertex 0.084499858319759369 0.00010974014730891213 0.46209999918937683
   vertex 0.084864519536495209 0.00010974014730891213 0.462068110704422
  endloop
 endfacet
 facet normal -0 -1 0
  outer loop
   vertex 0.084135197103023529 0.00010974014730891213 0.462068110704422
   vertex 0.084499858319759369 0.00010974014730891213 0.46209999918937683
   vertex 0.08199986070394516 0.00010974014730891213 0.4699999988079071
  endloop
 endfacet
 facet normal -0 -1 0
  outer loop
   vertex 0.08199986070394516 0.00010974014730891213 0.23750001192092896
   vertex 0.083781622350215912 0.00010974014730891213 0.45802664756774902
   vertex 0.083449862897396088 0.00010974014730891213 0.45818135142326355
  endloop
 endfacet
 facet normal 0 -1 -0
  outer loop
   vertex 0.084135197103023529 0.00010974014730891213 0.45793190598487854
   vertex 0.083781622350215912 0.00010974014730891213 0.45802664756774902
   vertex 0.08199986070394516 0.00010974014730891213 0.23750001192092896
  endloop
 endfacet
 facet normal 0 -1 -0
  outer loop
   vertex 0.084499858319759369 0.00010974014730891213 0.45790001749992371
   vertex 0.084135197103023529 0.00010974014730891213 0.45793190598487854
   vertex 0.08199986070394516 0.00010974014730891213 0.23750001192092896
  endloop
 endfacet
 facet normal 0 -1 -0
  outer loop
   vertex 0.08199986070394516 0.00010974014730891213 0
   vertex 0.081599853932857513 0.00010974014730891213 0.015000000596046448
   vertex 0.081567950546741486 0.00010974014730891213 0.014635339379310608
  endloop
 endfacet
 facet normal 0 -1 0
  outer loop
   vertex 0.08199986070394516 0.00010974014730891213 0.23750001192092896
   vertex 0.081599853932857513 0.00010974014730891213 0.015000000596046448
   vertex 0.08199986070394516 0.00010974014730891213 0
  endloop
 endfacet
 facet normal 0 -1 0
  outer loop
   vertex 0.10599630326032639 0.00010974014730891213 0.23750001192092896
   vertex 0.08199986070394516 0.00010974014730891213 0.23750001192092896
   vertex 0.08199986070394516 0.00010974014730891213 0
  endloop
 endfacet
 facet normal 0 -1 0
  outer loop
   vertex 0.084499858319759369 0.00010974014730891213 0.45790001749992371
   vertex 0.08199986070394516 0.00010974014730891213 0.23750001192092896
   vertex 0.10599630326032639 0.00010974014730891213 0.23750001192092896
  endloop
 endfacet
 facet normal 0 -1 0
  outer loop
   vertex 0.084864519536495209 0.00010974014730891213 0.45793190598487854
   vertex 0.084499858319759369 0.00010974014730891213 0.45790001749992371
   vertex 0.10599630326032639 0.00010974014730891213 0.23750001192092896
  endloop
 endfacet
 facet normal 0 -1 0
  outer loop
   vertex 0.10599630326032639 0.00010974014730891213 0.4699999988079071
   vertex 0.08554985374212265 0.00010974014730891213 0.46181866526603699
   vertex 0.085849709808826447 0.00010974014730891213 0.46160870790481567
  endloop
 endfacet
 facet normal 0 -1 0
  outer loop
   vertex 0.08199986070394516 0.00010974014730891213 0.4699999988079071
   vertex 0.083781622350215912 0.00010974014730891213 0.46197336912155151
   vertex 0.084135197103023529 0.00010974014730891213 0.462068110704422
  endloop
 endfacet
 facet normal -0 -1 0
  outer loop
   vertex 0.083449862897396088 0.00010974014730891213 0.46181866526603699
   vertex 0.083781622350215912 0.00010974014730891213 0.46197336912155151
   vertex 0.08199986070394516 0.00010974014730891213 0.4699999988079071
  endloop
 endfacet
 facet normal -0 -1 0
  outer loop
   vertex 0.083149991929531097 0.00010974014730891213 0.46160870790481567
   vertex 0.083449862897396088 0.00010974014730891213 0.46181866526603699
   vertex 0.08199986070394516 0.00010974014730891213 0.4699999988079071
  endloop
 endfacet
 facet normal 0 -1 -0
  outer loop
   vertex 0.10599630326032639 0.00010974014730891213 0.4699999988079071
   vertex 0.086599849164485931 0.00010974014730891213 0.46000000834465027
   vertex 0.086567960679531097 0.00010974014730891213 0.45963534712791443
  endloop
 endfacet
 facet normal 0 -1 0
  outer loop
   vertex 0.086567960679531097 0.00010974014730891213 0.46036466956138611
   vertex 0.086599849164485931 0.00010974014730891213 0.46000000834465027
   vertex 0.10599630326032639 0.00010974014730891213 0.4699999988079071
  endloop
 endfacet
 facet normal 0 -1 0
  outer loop
   vertex 0.086473219096660614 0.00010974014730891213 0.46071824431419373
   vertex 0.086567960679531097 0.00010974014730891213 0.46036466956138611
   vertex 0.10599630326032639 0.00010974014730891213 0.4699999988079071
  endloop
 endfacet
 facet normal 0 -1 0
  outer loop
   vertex 0.08199986070394516 0.00010974014730891213 0.4699999988079071
   vertex 0.08554985374212265 0.00010974014730891213 0.46181866526603699
   vertex 0.10599630326032639 0.00010974014730891213 0.4699999988079071
  endloop
 endfacet
 facet normal 0 -1 0
  outer loop
   vertex 0.085218094289302826 0.00010974014730891213 0.46197336912155151
   vertex 0.08554985374212265 0.00010974014730891213 0.46181866526603699
   vertex 0.08199986070394516 0.00010974014730891213 0.4699999988079071
  endloop
 endfacet
 facet normal 0 -1 0
  outer loop
   vertex 0.084864519536495209 0.00010974014730891213 0.462068110704422
   vertex 0.085218094289302826 0.00010974014730891213 0.46197336912155151
   vertex 0.08199986070394516 0.00010974014730891213 0.4699999988079071
  endloop
 endfacet
 facet normal -0 -1 0
  outer loop
   vertex 0.08199986070394516 0.00010974014730891213 0.23750001192092896
   vertex 0.08268120139837265 0.00010974014730891213 0.45895001292228699
   vertex 0.082526497542858124 0.00010974014730891213 0.45928177237510681
  endloop
 endfacet
 facet normal 0 -1 -0
  outer loop
   vertex 0.10599630326032639 0.00010974014730891213 0.23750001192092896
   vertex 0.085218094289302826 0.00010974014730891213 0.45802664756774902
   vertex 0.084864519536495209 0.00010974014730891213 0.45793190598487854
  endloop
 endfacet
 facet normal 0 -1 0
  outer loop
   vertex 0.08554985374212265 0.00010974014730891213 0.45818135142326355
   vertex 0.085218094289302826 0.00010974014730891213 0.45802664756774902
   vertex 0.10599630326032639 0.00010974014730891213 0.23750001192092896
  endloop
 endfacet
 facet normal 0 -1 0
  outer loop
   vertex 0.085849709808826447 0.00010974014730891213 0.45839130878448486
   vertex 0.08554985374212265 0.00010974014730891213 0.45818135142326355
   vertex 0.10599630326032639 0.00010974014730891213 0.23750001192092896
  endloop
 endfacet
 facet normal 0 -1 0
  outer loop
   vertex 0.10599630326032639 0.00010974014730891213 0.4699999988079071
   vertex 0.086318515241146088 0.00010974014730891213 0.46105000376701355
   vertex 0.086473219096660614 0.00010974014730891213 0.46071824431419373
  endloop
 endfacet
 facet normal 0 -1 0
  outer loop
   vertex 0.086108557879924774 0.00010974014730891213 0.46134987473487854
   vertex 0.086318515241146088 0.00010974014730891213 0.46105000376701355
   vertex 0.10599630326032639 0.00010974014730891213 0.4699999988079071
  endloop
 endfacet
 facet normal 0 -1 0
  outer loop
   vertex 0.085849709808826447 0.00010974014730891213 0.46160870790481567
   vertex 0.086108557879924774 0.00010974014730891213 0.46134987473487854
   vertex 0.10599630326032639 0.00010974014730891213 0.4699999988079071
  endloop
 endfacet
 facet normal -0 -1 0
  outer loop
   vertex 0.08199986070394516 0.00010974014730891213 0.23750001192092896
   vertex 0.082891158759593964 0.00010974014730891213 0.458650141954422
   vertex 0.08268120139837265 0.00010974014730891213 0.45895001292228699
  endloop
 endfacet
 facet normal 0 -1 -0
  outer loop
   vertex 0.083149991929531097 0.00010974014730891213 0.45839130878448486
   vertex 0.082891158759593964 0.00010974014730891213 0.458650141954422
   vertex 0.08199986070394516 0.00010974014730891213 0.23750001192092896
  endloop
 endfacet
 facet normal 0 -1 -0
  outer loop
   vertex 0.083449862897396088 0.00010974014730891213 0.45818135142326355
   vertex 0.083149991929531097 0.00010974014730891213 0.45839130878448486
   vertex 0.08199986070394516 0.00010974014730891213 0.23750001192092896
  endloop
 endfacet
 facet normal 0 -1 0
  outer loop
   vertex 0.08199986070394516 0.00010974014730891213 0.4699999988079071
   vertex 0.082891158759593964 0.00010974014730891213 0.46134987473487854
   vertex 0.083149991929531097 0.00010974014730891213 0.46160870790481567
  endloop
 endfacet
 facet normal -0 -1 0
  outer loop
   vertex 0.08268120139837265 0.00010974014730891213 0.46105000376701355
   vertex 0.082891158759593964 0.00010974014730891213 0.46134987473487854
   vertex 0.08199986070394516 0.00010974014730891213 0.4699999988079071
  endloop
 endfacet
 facet normal -0 -1 0
  outer loop
   vertex 0.082526497542858124 0.00010974014730891213 0.46071824431419373
   vertex 0.08268120139837265 0.00010974014730891213 0.46105000376701355
   vertex 0.08199986070394516 0.00010974014730891213 0.4699999988079071
  endloop
 endfacet
 facet normal 0 -1 -0
  outer loop
   vertex 0.10599630326032639 0.00010974014730891213 0.23750001192092896
   vertex 0.086108557879924774 0.00010974014730891213 0.458650141954422
   vertex 0.085849709808826447 0.00010974014730891213 0.45839130878448486
  endloop
 endfacet
 facet normal 0 -1 0
  outer loop
   vertex 0.086318515241146088 0.00010974014730891213 0.45895001292228699
   vertex 0.086108557879924774 0.00010974014730891213 0.458650141954422
   vertex 0.10599630326032639 0.00010974014730891213 0.23750001192092896
  endloop
 endfacet
 facet normal 0 -1 0
  outer loop
   vertex 0.10599630326032639 0.00010974014730891213 0.4699999988079071
   vertex 0.086318515241146088 0.00010974014730891213 0.45895001292228699
   vertex 0.10599630326032639 0.00010974014730891213 0.23750001192092896
  endloop
 endfacet
 facet normal 0 -1 0
  outer loop
   vertex 0.086473219096660614 0.00010974014730891213 0.45928177237510681
   vertex 0.086318515241146088 0.00010974014730891213 0.45895001292228699
   vertex 0.10599630326032639 0.00010974014730891213 0.4699999988079071
  endloop
 endfacet
 facet normal 0 -1 0
  outer loop
   vertex 0.086567960679531097 0.00010974014730891213 0.45963534712791443
   vertex 0.086473219096660614 0.00010974014730891213 0.45928177237510681
   vertex 0.10599630326032639 0.00010974014730891213 0.4699999988079071
  endloop
 endfacet
 facet normal 0 -1 0
  outer loop
   vertex 0.08199986070394516 0.00010974014730891213 0.4699999988079071
   vertex 0.08243175595998764 0.00010974014730891213 0.46036466956138611
   vertex 0.082526497542858124 0.00010974014730891213 0.46071824431419373
  endloop
 endfacet
 facet normal -0 -1 0
  outer loop
   vertex 0.082399852573871613 0.00010974014730891213 0.46000000834465027
   vertex 0.08243175595998764 0.00010974014730891213 0.46036466956138611
   vertex 0.08199986070394516 0.00010974014730891213 0.4699999988079071
  endloop
 endfacet
 facet normal -0 -1 0
  outer loop
   vertex 0.08199986070394516 0.00010974014730891213 0.23750001192092896
   vertex 0.082399852573871613 0.00010974014730891213 0.46000000834465027
   vertex 0.08199986070394516 0.00010974014730891213 0.4699999988079071
  endloop
 endfacet
 facet normal 0 -1 -0
  outer loop
   vertex 0.08243175595998764 0.00010974014730891213 0.45963534712791443
   vertex 0.082399852573871613 0.00010974014730891213 0.46000000834465027
   vertex 0.08199986070394516 0.00010974014730891213 0.23750001192092896
  endloop
 endfacet
 facet normal 0 -1 -0
  outer loop
   vertex 0.082526497542858124 0.00010974014730891213 0.45928177237510681
   vertex 0.08243175595998764 0.00010974014730891213 0.45963534712791443
   vertex 0.08199986070394516 0.00010974014730891213 0.23750001192092896
  endloop
 endfacet
 facet normal -0 -1 0
  outer loop
   vertex -0.096301786601543427 0.00010974014730891213 0.23750001192092896
   vertex -0.085853420197963715 0.00010974014730891213 0.45839130878448486
   vertex -0.086112260818481445 0.00010974014730891213 0.458650141954422
  endloop
 endfacet
 facet normal 0 -1 0
  outer loop
   vertex -0.096301786601543427 0.00010974014730891213 0.4699999988079071
   vertex -0.085853420197963715 0.00010974014730891213 0.46160870790481567
   vertex -0.085553564131259918 0.00010974014730891213 0.46181866526603699
  endloop
 endfacet
 facet normal -0 -1 0
  outer loop
   vertex -0.086112260818481445 0.00010974014730891213 0.46134987473487854
   vertex -0.085853420197963715 0.00010974014730891213 0.46160870790481567
   vertex -0.096301786601543427 0.00010974014730891213 0.4699999988079071
  endloop
 endfacet
 facet normal -0 -1 0
  outer loop
   vertex -0.086322218179702759 0.00010974014730891213 0.46105000376701355
   vertex -0.086112260818481445 0.00010974014730891213 0.46134987473487854
   vertex -0.096301786601543427 0.00010974014730891213 0.4699999988079071
  endloop
 endfacet
 facet normal -0 -1 0
  outer loop
   vertex -0.096301786601543427 0.00010974014730891213 0.23750001192092896
   vertex -0.085553564131259918 0.00010974014730891213 0.45818135142326355
   vertex -0.085853420197963715 0.00010974014730891213 0.45839130878448486
  endloop
 endfacet
 facet normal 0 -1 -0
  outer loop
   vertex -0.085221804678440094 0.00010974014730891213 0.45802664756774902
   vertex -0.085553564131259918 0.00010974014730891213 0.45818135142326355
   vertex -0.096301786601543427 0.00010974014730891213 0.23750001192092896
  endloop
 endfacet
 facet normal 0 -1 -0
  outer loop
   vertex -0.082003563642501831 0.00010974014730891213 0.23750001192092896
   vertex -0.085221804678440094 0.00010974014730891213 0.45802664756774902
   vertex -0.096301786601543427 0.00010974014730891213 0.23750001192092896
  endloop
 endfacet
 facet normal -0 -1 -0
  outer loop
   vertex -0.082003563642501831 0.00010974014730891213 0.23750001192092896
   vertex -0.08486822247505188 0.00010974014730891213 0.45793190598487854
   vertex -0.085221804678440094 0.00010974014730891213 0.45802664756774902
  endloop
 endfacet
 facet normal 0 -1 0
  outer loop
   vertex -0.08450356125831604 0.00010974014730891213 0.45790001749992371
   vertex -0.08486822247505188 0.00010974014730891213 0.45793190598487854
   vertex -0.082003563642501831 0.00010974014730891213 0.23750001192092896
  endloop
 endfacet
 facet normal 0 -1 0
  outer loop
   vertex -0.0841389000415802 0.00010974014730891213 0.45793190598487854
   vertex -0.08450356125831604 0.00010974014730891213 0.45790001749992371
   vertex -0.082003563642501831 0.00010974014730891213 0.23750001192092896
  endloop
 endfacet
 facet normal 0 -1 -0
  outer loop
   vertex -0.082003563642501831 0.00010974014730891213 0.23750001192092896
   vertex -0.083785325288772583 0.00010974014730891213 0.45802664756774902
   vertex -0.0841389000415802 0.00010974014730891213 0.45793190598487854
  endloop
 endfacet
 facet normal 0 -1 0
  outer loop
   vertex -0.083453565835952759 0.00010974014730891213 0.45818135142326355
   vertex -0.083785325288772583 0.00010974014730891213 0.45802664756774902
   vertex -0.082003563642501831 0.00010974014730891213 0.23750001192092896
  endloop
 endfacet
 facet normal 0 -1 0
  outer loop
   vertex -0.083153709769248962 0.00010974014730891213 0.45839130878448486
   vertex -0.083453565835952759 0.00010974014730891213 0.45818135142326355
   vertex -0.082003563642501831 0.00010974014730891213 0.23750001192092896
  endloop
 endfacet
 facet normal 0 -1 0
  outer loop
   vertex -0.082003563642501831 0.00010974014730891213 0.4699999988079071
   vertex -0.082684911787509918 0.00010974014730891213 0.46105000376701355
   vertex -0.082530207931995392 0.00010974014730891213 0.46071824431419373
  endloop
 endfacet
 facet normal 0 -1 0
  outer loop
   vertex -0.082894869148731232 0.00010974014730891213 0.46134987473487854
   vertex -0.082684911787509918 0.00010974014730891213 0.46105000376701355
   vertex -0.082003563642501831 0.00010974014730891213 0.4699999988079071
  endloop
 endfacet
 facet normal 0 -1 0
  outer loop
   vertex -0.083153709769248962 0.00010974014730891213 0.46160870790481567
   vertex -0.082894869148731232 0.00010974014730891213 0.46134987473487854
   vertex -0.082003563642501831 0.00010974014730891213 0.4699999988079071
  endloop
 endfacet
 facet normal 0 -1 0
  outer loop
   vertex -0.096301786601543427 0.00010974014730891213 0.4699999988079071
   vertex -0.086476922035217285 0.00010974014730891213 0.46071824431419373
   vertex -0.086322218179702759 0.00010974014730891213 0.46105000376701355
  endloop
 endfacet
 facet normal -0 -1 0
  outer loop
   vertex -0.086571663618087769 0.00010974014730891213 0.46036466956138611
   vertex -0.086476922035217285 0.00010974014730891213 0.46071824431419373
   vertex -0.096301786601543427 0.00010974014730891213 0.4699999988079071
  endloop
 endfacet
 facet normal -0 -1 0
  outer loop
   vertex -0.086603567004203796 0.00010974014730891213 0.46000000834465027
   vertex -0.086571663618087769 0.00010974014730891213 0.46036466956138611
   vertex -0.096301786601543427 0.00010974014730891213 0.4699999988079071
  endloop
 endfacet
 facet normal 0 -1 0
  outer loop
   vertex -0.082003563642501831 0.00010974014730891213 0.4699999988079071
   vertex -0.083453565835952759 0.00010974014730891213 0.46181866526603699
   vertex -0.083153709769248962 0.00010974014730891213 0.46160870790481567
  endloop
 endfacet
 facet normal 0 -1 0
  outer loop
   vertex -0.083785325288772583 0.00010974014730891213 0.46197336912155151
   vertex -0.083453565835952759 0.00010974014730891213 0.46181866526603699
   vertex -0.082003563642501831 0.00010974014730891213 0.4699999988079071
  endloop
 endfacet
 facet normal 0 -1 0
  outer loop
   vertex -0.0841389000415802 0.00010974014730891213 0.462068110704422
   vertex -0.083785325288772583 0.00010974014730891213 0.46197336912155151
   vertex -0.082003563642501831 0.00010974014730891213 0.4699999988079071
  endloop
 endfacet
 facet normal 0 -1 0
  outer loop
   vertex -0.082003563642501831 0.00010974014730891213 0.4699999988079071
   vertex -0.08450356125831604 0.00010974014730891213 0.46209999918937683
   vertex -0.0841389000415802 0.00010974014730891213 0.462068110704422
  endloop
 endfacet
 facet normal -0 -1 0
  outer loop
   vertex -0.08486822247505188 0.00010974014730891213 0.462068110704422
   vertex -0.08450356125831604 0.00010974014730891213 0.46209999918937683
   vertex -0.082003563642501831 0.00010974014730891213 0.4699999988079071
  endloop
 endfacet
 facet normal 0 -1 0
  outer loop
   vertex -0.096301786601543427 0.00010974014730891213 0.4699999988079071
   vertex -0.08486822247505188 0.00010974014730891213 0.462068110704422
   vertex -0.082003563642501831 0.00010974014730891213 0.4699999988079071
  endloop
 endfacet
 facet normal -0 -1 0
  outer loop
   vertex -0.085221804678440094 0.00010974014730891213 0.46197336912155151
   vertex -0.08486822247505188 0.00010974014730891213 0.462068110704422
   vertex -0.096301786601543427 0.00010974014730891213 0.4699999988079071
  endloop
 endfacet
 facet normal -0 -1 0
  outer loop
   vertex -0.085553564131259918 0.00010974014730891213 0.46181866526603699
   vertex -0.085221804678440094 0.00010974014730891213 0.46197336912155151
   vertex -0.096301786601543427 0.00010974014730891213 0.4699999988079071
  endloop
 endfacet
 facet normal 0 -1 -0
  outer loop
   vertex -0.082003563642501831 0.00010974014730891213 0.23750001192092896
   vertex -0.082894869148731232 0.00010974014730891213 0.458650141954422
   vertex -0.083153709769248962 0.00010974014730891213 0.45839130878448486
  endloop
 endfacet
 facet normal 0 -1 0
  outer loop
   vertex -0.082684911787509918 0.00010974014730891213 0.45895001292228699
   vertex -0.082894869148731232 0.00010974014730891213 0.458650141954422
   vertex -0.082003563642501831 0.00010974014730891213 0.23750001192092896
  endloop
 endfacet
 facet normal 0 -1 0
  outer loop
   vertex -0.082530207931995392 0.00010974014730891213 0.45928177237510681
   vertex -0.082684911787509918 0.00010974014730891213 0.45895001292228699
   vertex -0.082003563642501831 0.00010974014730891213 0.23750001192092896
  endloop
 endfacet
 facet normal 0 -1 -0
  outer loop
   vertex -0.082003563642501831 0.00010974014730891213 0.23750001192092896
   vertex -0.082435466349124908 0.00010974014730891213 0.45963534712791443
   vertex -0.082530207931995392 0.00010974014730891213 0.45928177237510681
  endloop
 endfacet
 facet normal 0 -1 0
  outer loop
   vertex -0.082403562963008881 0.00010974014730891213 0.46000000834465027
   vertex -0.082435466349124908 0.00010974014730891213 0.45963534712791443
   vertex -0.082003563642501831 0.00010974014730891213 0.23750001192092896
  endloop
 endfacet
 facet normal 0 -1 0
  outer loop
   vertex -0.082003563642501831 0.00010974014730891213 0.4699999988079071
   vertex -0.082403562963008881 0.00010974014730891213 0.46000000834465027
   vertex -0.082003563642501831 0.00010974014730891213 0.23750001192092896
  endloop
 endfacet
 facet normal 0 -1 0
  outer loop
   vertex -0.082435466349124908 0.00010974014730891213 0.46036466956138611
   vertex -0.082403562963008881 0.00010974014730891213 0.46000000834465027
   vertex -0.082003563642501831 0.00010974014730891213 0.4699999988079071
  endloop
 endfacet
 facet normal 0 -1 0
  outer loop
   vertex -0.082530207931995392 0.00010974014730891213 0.46071824431419373
   vertex -0.082435466349124908 0.00010974014730891213 0.46036466956138611
   vertex -0.082003563642501831 0.00010974014730891213 0.4699999988079071
  endloop
 endfacet
 facet normal 0 -1 0
  outer loop
   vertex -0.096301786601543427 0.00010974014730891213 0.4699999988079071
   vertex -0.086571663618087769 0.00010974014730891213 0.45963534712791443
   vertex -0.086603567004203796 0.00010974014730891213 0.46000000834465027
  endloop
 endfacet
 facet normal -0 -1 -0
  outer loop
   vertex -0.086476922035217285 0.00010974014730891213 0.45928177237510681
   vertex -0.086571663618087769 0.00010974014730891213 0.45963534712791443
   vertex -0.096301786601543427 0.00010974014730891213 0.4699999988079071
  endloop
 endfacet
 facet normal -0 -1 0
  outer loop
   vertex -0.096301786601543427 0.00010974014730891213 0.23750001192092896
   vertex -0.086476922035217285 0.00010974014730891213 0.45928177237510681
   vertex -0.096301786601543427 0.00010974014730891213 0.4699999988079071
  endloop
 endfacet
 facet normal 0 -1 -0
  outer loop
   vertex -0.086322218179702759 0.00010974014730891213 0.45895001292228699
   vertex -0.086476922035217285 0.00010974014730891213 0.45928177237510681
   vertex -0.096301786601543427 0.00010974014730891213 0.23750001192092896
  endloop
 endfacet
 facet normal 0 -1 -0
  outer loop
   vertex -0.086112260818481445 0.00010974014730891213 0.458650141954422
   vertex -0.086322218179702759 0.00010974014730891213 0.45895001292228699
   vertex -0.096301786601543427 0.00010974014730891213 0.23750001192092896
  endloop
 endfacet
 facet normal -0 -1 0
  outer loop
   vertex 0.084135197103023529 0.00010974014730891213 0.48206809163093567
   vertex 0.084499858319759369 0.00010974014730891213 0.48210000991821289
   vertex 0.08199986070394516 0.00010974014730891213 0.5
  endloop
 endfacet
 facet normal -0 -1 0
  outer loop
   vertex 0.08199986070394516 0.00010974014730891213 0.4699999988079071
   vertex 0.08268120139837265 0.00010974014730891213 0.47894999384880066
   vertex 0.082526497542858124 0.00010974014730891213 0.47928175330162048
  endloop
 endfacet
 facet normal -0 -1 0
  outer loop
   vertex 0.08199986070394516 0.00010974014730891213 0.4699999988079071
   vertex 0.082891158759593964 0.00010974014730891213 0.47865015268325806
   vertex 0.08268120139837265 0.00010974014730891213 0.47894999384880066
  endloop
 endfacet
 facet normal 0 -1 -0
  outer loop
   vertex 0.083149991929531097 0.00010974014730891213 0.47839131951332092
   vertex 0.082891158759593964 0.00010974014730891213 0.47865015268325806
   vertex 0.08199986070394516 0.00010974014730891213 0.4699999988079071
  endloop
 endfacet
 facet normal 0 -1 -0
  outer loop
   vertex 0.083449862897396088 0.00010974014730891213 0.47818136215209961
   vertex 0.083149991929531097 0.00010974014730891213 0.47839131951332092
   vertex 0.08199986070394516 0.00010974014730891213 0.4699999988079071
  endloop
 endfacet
 facet normal 0 -1 0
  outer loop
   vertex 0.08199986070394516 0.00010974014730891213 0.5
   vertex 0.083781622350215912 0.00010974014730891213 0.48197335004806519
   vertex 0.084135197103023529 0.00010974014730891213 0.48206809163093567
  endloop
 endfacet
 facet normal -0 -1 0
  outer loop
   vertex 0.083449862897396088 0.00010974014730891213 0.48181864619255066
   vertex 0.083781622350215912 0.00010974014730891213 0.48197335004806519
   vertex 0.08199986070394516 0.00010974014730891213 0.5
  endloop
 endfacet
 facet normal -0 -1 0
  outer loop
   vertex 0.083149991929531097 0.00010974014730891213 0.48160868883132935
   vertex 0.083449862897396088 0.00010974014730891213 0.48181864619255066
   vertex 0.08199986070394516 0.00010974014730891213 0.5
  endloop
 endfacet
 facet normal 0 -1 0
  outer loop
   vertex 0.08199986070394516 0.00010974014730891213 0.5
   vertex 0.082891158759593964 0.00010974014730891213 0.48134985566139221
   vertex 0.083149991929531097 0.00010974014730891213 0.48160868883132935
  endloop
 endfacet
 facet normal -0 -1 0
  outer loop
   vertex 0.08268120139837265 0.00010974014730891213 0.48105001449584961
   vertex 0.082891158759593964 0.00010974014730891213 0.48134985566139221
   vertex 0.08199986070394516 0.00010974014730891213 0.5
  endloop
 endfacet
 facet normal -0 -1 0
  outer loop
   vertex 0.082526497542858124 0.00010974014730891213 0.48071825504302979
   vertex 0.08268120139837265 0.00010974014730891213 0.48105001449584961
   vertex 0.08199986070394516 0.00010974014730891213 0.5
  endloop
 endfacet
 facet normal -0 -1 0
  outer loop
   vertex 0.08199986070394516 0.00010974014730891213 0.4699999988079071
   vertex 0.083781622350215912 0.00010974014730891213 0.47802665829658508
   vertex 0.083449862897396088 0.00010974014730891213 0.47818136215209961
  endloop
 endfacet
 facet normal 0 -1 -0
  outer loop
   vertex 0.084135197103023529 0.00010974014730891213 0.4779319167137146
   vertex 0.083781622350215912 0.00010974014730891213 0.47802665829658508
   vertex 0.08199986070394516 0.00010974014730891213 0.4699999988079071
  endloop
 endfacet
 facet normal 0 -1 -0
  outer loop
   vertex 0.084499858319759369 0.00010974014730891213 0.47789999842643738
   vertex 0.084135197103023529 0.00010974014730891213 0.4779319167137146
   vertex 0.08199986070394516 0.00010974014730891213 0.4699999988079071
  endloop
 endfacet
 facet normal 0 -1 0
  outer loop
   vertex 0.08199986070394516 0.00010974014730891213 0.4699999988079071
   vertex 0.084864519536495209 0.00010974014730891213 0.4779319167137146
   vertex 0.084499858319759369 0.00010974014730891213 0.47789999842643738
  endloop
 endfacet
 facet normal 0 -1 -0
  outer loop
   vertex 0.085218094289302826 0.00010974014730891213 0.47802665829658508
   vertex 0.084864519536495209 0.00010974014730891213 0.4779319167137146
   vertex 0.08199986070394516 0.00010974014730891213 0.4699999988079071
  endloop
 endfacet
 facet normal 0 -1 -0
  outer loop
   vertex 0.10599630326032639 0.00010974014730891213 0.4699999988079071
   vertex 0.085218094289302826 0.00010974014730891213 0.47802665829658508
   vertex 0.08199986070394516 0.00010974014730891213 0.4699999988079071
  endloop
 endfacet
 facet normal 0 -1 0
  outer loop
   vertex 0.08554985374212265 0.00010974014730891213 0.47818136215209961
   vertex 0.085218094289302826 0.00010974014730891213 0.47802665829658508
   vertex 0.10599630326032639 0.00010974014730891213 0.4699999988079071
  endloop
 endfacet
 facet normal 0 -1 0
  outer loop
   vertex 0.085849709808826447 0.00010974014730891213 0.47839131951332092
   vertex 0.08554985374212265 0.00010974014730891213 0.47818136215209961
   vertex 0.10599630326032639 0.00010974014730891213 0.4699999988079071
  endloop
 endfacet
 facet normal 0 -1 -0
  outer loop
   vertex 0.10599630326032639 0.00010974014730891213 0.4699999988079071
   vertex 0.086108557879924774 0.00010974014730891213 0.47865015268325806
   vertex 0.085849709808826447 0.00010974014730891213 0.47839131951332092
  endloop
 endfacet
 facet normal 0 -1 0
  outer loop
   vertex 0.086318515241146088 0.00010974014730891213 0.47894999384880066
   vertex 0.086108557879924774 0.00010974014730891213 0.47865015268325806
   vertex 0.10599630326032639 0.00010974014730891213 0.4699999988079071
  endloop
 endfacet
 facet normal 0 -1 0
  outer loop
   vertex 0.086473219096660614 0.00010974014730891213 0.47928175330162048
   vertex 0.086318515241146088 0.00010974014730891213 0.47894999384880066
   vertex 0.10599630326032639 0.00010974014730891213 0.4699999988079071
  endloop
 endfacet
 facet normal 0 -1 0
  outer loop
   vertex 0.10599630326032639 0.00010974014730891213 0.5
   vertex 0.086318515241146088 0.00010974014730891213 0.48105001449584961
   vertex 0.086473219096660614 0.00010974014730891213 0.48071825504302979
  endloop
 endfacet
 facet normal 0 -1 0
  outer loop
   vertex 0.086108557879924774 0.00010974014730891213 0.48134985566139221
   vertex 0.086318515241146088 0.00010974014730891213 0.48105001449584961
   vertex 0.10599630326032639 0.00010974014730891213 0.5
  endloop
 endfacet
 facet normal 0 -1 0
  outer loop
   vertex 0.085849709808826447 0.00010974014730891213 0.48160868883132935
   vertex 0.086108557879924774 0.00010974014730891213 0.48134985566139221
   vertex 0.10599630326032639 0.00010974014730891213 0.5
  endloop
 endfacet
 facet normal 0 -1 0
  outer loop
   vertex 0.10599630326032639 0.00010974014730891213 0.5
   vertex 0.08554985374212265 0.00010974014730891213 0.48181864619255066
   vertex 0.085849709808826447 0.00010974014730891213 0.48160868883132935
  endloop
 endfacet
 facet normal 0 -1 0
  outer loop
   vertex 0.085218094289302826 0.00010974014730891213 0.48197335004806519
   vertex 0.08554985374212265 0.00010974014730891213 0.48181864619255066
   vertex 0.10599630326032639 0.00010974014730891213 0.5
  endloop
 endfacet
 facet normal 0 -1 0
  outer loop
   vertex 0.08199986070394516 0.00010974014730891213 0.5
   vertex 0.085218094289302826 0.00010974014730891213 0.48197335004806519
   vertex 0.10599630326032639 0.00010974014730891213 0.5
  endloop
 endfacet
 facet normal 0 -1 0
  outer loop
   vertex 0.084864519536495209 0.00010974014730891213 0.48206809163093567
   vertex 0.085218094289302826 0.00010974014730891213 0.48197335004806519
   vertex 0.08199986070394516 0.00010974014730891213 0.5
  endloop
 endfacet
 facet normal 0 -1 0
  outer loop
   vertex 0.084499858319759369 0.00010974014730891213 0.48210000991821289
   vertex 0.084864519536495209 0.00010974014730891213 0.48206809163093567
   vertex 0.08199986070394516 0.00010974014730891213 0.5
  endloop
 endfacet
 facet normal 0 -1 0
  outer loop
   vertex 0.08199986070394516 0.00010974014730891213 0.5
   vertex 0.08243175595998764 0.00010974014730891213 0.48036468029022217
   vertex 0.082526497542858124 0.00010974014730891213 0.48071825504302979
  endloop
 endfacet
 facet normal -0 -1 0
  outer loop
   vertex 0.082399852573871613 0.00010974014730891213 0.48000001907348633
   vertex 0.08243175595998764 0.00010974014730891213 0.48036468029022217
   vertex 0.08199986070394516 0.00010974014730891213 0.5
  endloop
 endfacet
 facet normal -0 -1 0
  outer loop
   vertex 0.08199986070394516 0.00010974014730891213 0.4699999988079071
   vertex 0.082399852573871613 0.00010974014730891213 0.48000001907348633
   vertex 0.08199986070394516 0.00010974014730891213 0.5
  endloop
 endfacet
 facet normal 0 -1 -0
  outer loop
   vertex 0.08243175595998764 0.00010974014730891213 0.47963535785675049
   vertex 0.082399852573871613 0.00010974014730891213 0.48000001907348633
   vertex 0.08199986070394516 0.00010974014730891213 0.4699999988079071
  endloop
 endfacet
 facet normal 0 -1 -0
  outer loop
   vertex 0.082526497542858124 0.00010974014730891213 0.47928175330162048
   vertex 0.08243175595998764 0.00010974014730891213 0.47963535785675049
   vertex 0.08199986070394516 0.00010974014730891213 0.4699999988079071
  endloop
 endfacet
 facet normal 0 -1 -0
  outer loop
   vertex 0.10599630326032639 0.00010974014730891213 0.4699999988079071
   vertex 0.086567960679531097 0.00010974014730891213 0.47963535785675049
   vertex 0.086473219096660614 0.00010974014730891213 0.47928175330162048
  endloop
 endfacet
 facet normal 0 -1 0
  outer loop
   vertex 0.086599849164485931 0.00010974014730891213 0.48000001907348633
   vertex 0.086567960679531097 0.00010974014730891213 0.47963535785675049
   vertex 0.10599630326032639 0.00010974014730891213 0.4699999988079071
  endloop
 endfacet
 facet normal 0 -1 0
  outer loop
   vertex 0.10599630326032639 0.00010974014730891213 0.5
   vertex 0.086599849164485931 0.00010974014730891213 0.48000001907348633
   vertex 0.10599630326032639 0.00010974014730891213 0.4699999988079071
  endloop
 endfacet
 facet normal 0 -1 0
  outer loop
   vertex 0.086567960679531097 0.00010974014730891213 0.48036468029022217
   vertex 0.086599849164485931 0.00010974014730891213 0.48000001907348633
   vertex 0.10599630326032639 0.00010974014730891213 0.5
  endloop
 endfacet
 facet normal 0 -1 0
  outer loop
   vertex 0.086473219096660614 0.00010974014730891213 0.48071825504302979
   vertex 0.086567960679531097 0.00010974014730891213 0.48036468029022217
   vertex 0.10599630326032639 0.00010974014730891213 0.5
  endloop
 endfacet
 facet normal -0 -1 0
  outer loop
   vertex -0.096301786601543427 0.00010974014730891213 0.4699999988079071
   vertex -0.085853420197963715 0.00010974014730891213 0.47839131951332092
   vertex -0.086112260818481445 0.00010974014730891213 0.47865015268325806
  endloop
 endfacet
 facet normal 0 -1 -0
  outer loop
   vertex -0.082003563642501831 0.00010974014730891213 0.4699999988079071
   vertex -0.083153709769248962 0.00010974014730891213 0.47839131951332092
   vertex -0.083453565835952759 0.00010974014730891213 0.47818136215209961
  endloop
 endfacet
 facet normal 0 -1 0
  outer loop
   vertex -0.082003563642501831 0.00010974014730891213 0.5
   vertex -0.083453565835952759 0.00010974014730891213 0.48181864619255066
   vertex -0.083153709769248962 0.00010974014730891213 0.48160868883132935
  endloop
 endfacet
 facet normal 0 -1 0
  outer loop
   vertex -0.096301786601543427 0.00010974014730891213 0.5
   vertex -0.08450356125831604 0.00010974014730891213 0.48210000991821289
   vertex -0.082003563642501831 0.00010974014730891213 0.5
  endloop
 endfacet
 facet normal -0 -1 0
  outer loop
   vertex -0.08486822247505188 0.00010974014730891213 0.48206809163093567
   vertex -0.08450356125831604 0.00010974014730891213 0.48210000991821289
   vertex -0.096301786601543427 0.00010974014730891213 0.5
  endloop
 endfacet
 facet normal -0 -1 0
  outer loop
   vertex -0.085221804678440094 0.00010974014730891213 0.48197335004806519
   vertex -0.08486822247505188 0.00010974014730891213 0.48206809163093567
   vertex -0.096301786601543427 0.00010974014730891213 0.5
  endloop
 endfacet
 facet normal 0 -1 0
  outer loop
   vertex -0.096301786601543427 0.00010974014730891213 0.5
   vertex -0.085553564131259918 0.00010974014730891213 0.48181864619255066
   vertex -0.085221804678440094 0.00010974014730891213 0.48197335004806519
  endloop
 endfacet
 facet normal -0 -1 0
  outer loop
   vertex -0.085853420197963715 0.00010974014730891213 0.48160868883132935
   vertex -0.085553564131259918 0.00010974014730891213 0.48181864619255066
   vertex -0.096301786601543427 0.00010974014730891213 0.5
  endloop
 endfacet
 facet normal -0 -1 0
  outer loop
   vertex -0.086112260818481445 0.00010974014730891213 0.48134985566139221
   vertex -0.085853420197963715 0.00010974014730891213 0.48160868883132935
   vertex -0.096301786601543427 0.00010974014730891213 0.5
  endloop
 endfacet
 facet normal 0 -1 0
  outer loop
   vertex -0.082003563642501831 0.00010974014730891213 0.5
   vertex -0.083785325288772583 0.00010974014730891213 0.48197335004806519
   vertex -0.083453565835952759 0.00010974014730891213 0.48181864619255066
  endloop
 endfacet
 facet normal 0 -1 0
  outer loop
   vertex -0.0841389000415802 0.00010974014730891213 0.48206809163093567
   vertex -0.083785325288772583 0.00010974014730891213 0.48197335004806519
   vertex -0.082003563642501831 0.00010974014730891213 0.5
  endloop
 endfacet
 facet normal 0 -1 0
  outer loop
   vertex -0.08450356125831604 0.00010974014730891213 0.48210000991821289
   vertex -0.0841389000415802 0.00010974014730891213 0.48206809163093567
   vertex -0.082003563642501831 0.00010974014730891213 0.5
  endloop
 endfacet
 facet normal -0 -1 0
  outer loop
   vertex -0.096301786601543427 0.00010974014730891213 0.4699999988079071
   vertex -0.086571663618087769 0.00010974014730891213 0.48036468029022217
   vertex -0.096301786601543427 0.00010974014730891213 0.5
  endloop
 endfacet
 facet normal 0 -1 0
  outer loop
   vertex -0.086603567004203796 0.00010974014730891213 0.48000001907348633
   vertex -0.086571663618087769 0.00010974014730891213 0.48036468029022217
   vertex -0.096301786601543427 0.00010974014730891213 0.4699999988079071
  endloop
 endfacet
 facet normal 0 -1 -0
  outer loop
   vertex -0.086571663618087769 0.00010974014730891213 0.47963535785675049
   vertex -0.086603567004203796 0.00010974014730891213 0.48000001907348633
   vertex -0.096301786601543427 0.00010974014730891213 0.4699999988079071
  endloop
 endfacet
 facet normal -0 -1 0
  outer loop
   vertex -0.096301786601543427 0.00010974014730891213 0.4699999988079071
   vertex -0.086476922035217285 0.00010974014730891213 0.47928175330162048
   vertex -0.086571663618087769 0.00010974014730891213 0.47963535785675049
  endloop
 endfacet
 facet normal 0 -1 -0
  outer loop
   vertex -0.086322218179702759 0.00010974014730891213 0.47894999384880066
   vertex -0.086476922035217285 0.00010974014730891213 0.47928175330162048
   vertex -0.096301786601543427 0.00010974014730891213 0.4699999988079071
  endloop
 endfacet
 facet normal 0 -1 -0
  outer loop
   vertex -0.086112260818481445 0.00010974014730891213 0.47865015268325806
   vertex -0.086322218179702759 0.00010974014730891213 0.47894999384880066
   vertex -0.096301786601543427 0.00010974014730891213 0.4699999988079071
  endloop
 endfacet
 facet normal 0 -1 -0
  outer loop
   vertex -0.082003563642501831 0.00010974014730891213 0.4699999988079071
   vertex -0.0841389000415802 0.00010974014730891213 0.4779319167137146
   vertex -0.08450356125831604 0.00010974014730891213 0.47789999842643738
  endloop
 endfacet
 facet normal 0 -1 0
  outer loop
   vertex -0.083785325288772583 0.00010974014730891213 0.47802665829658508
   vertex -0.0841389000415802 0.00010974014730891213 0.4779319167137146
   vertex -0.082003563642501831 0.00010974014730891213 0.4699999988079071
  endloop
 endfacet
 facet normal 0 -1 0
  outer loop
   vertex -0.083453565835952759 0.00010974014730891213 0.47818136215209961
   vertex -0.083785325288772583 0.00010974014730891213 0.47802665829658508
   vertex -0.082003563642501831 0.00010974014730891213 0.4699999988079071
  endloop
 endfacet
 facet normal 0 -1 -0
  outer loop
   vertex -0.082003563642501831 0.00010974014730891213 0.4699999988079071
   vertex -0.082894869148731232 0.00010974014730891213 0.47865015268325806
   vertex -0.083153709769248962 0.00010974014730891213 0.47839131951332092
  endloop
 endfacet
 facet normal 0 -1 0
  outer loop
   vertex -0.082684911787509918 0.00010974014730891213 0.47894999384880066
   vertex -0.082894869148731232 0.00010974014730891213 0.47865015268325806
   vertex -0.082003563642501831 0.00010974014730891213 0.4699999988079071
  endloop
 endfacet
 facet normal 0 -1 0
  outer loop
   vertex -0.082530207931995392 0.00010974014730891213 0.47928175330162048
   vertex -0.082684911787509918 0.00010974014730891213 0.47894999384880066
   vertex -0.082003563642501831 0.00010974014730891213 0.4699999988079071
  endloop
 endfacet
 facet normal 0 -1 -0
  outer loop
   vertex -0.082003563642501831 0.00010974014730891213 0.4699999988079071
   vertex -0.082435466349124908 0.00010974014730891213 0.47963535785675049
   vertex -0.082530207931995392 0.00010974014730891213 0.47928175330162048
  endloop
 endfacet
 facet normal 0 -1 0
  outer loop
   vertex -0.082403562963008881 0.00010974014730891213 0.48000001907348633
   vertex -0.082435466349124908 0.00010974014730891213 0.47963535785675049
   vertex -0.082003563642501831 0.00010974014730891213 0.4699999988079071
  endloop
 endfacet
 facet normal 0 -1 0
  outer loop
   vertex -0.082003563642501831 0.00010974014730891213 0.5
   vertex -0.082403562963008881 0.00010974014730891213 0.48000001907348633
   vertex -0.082003563642501831 0.00010974014730891213 0.4699999988079071
  endloop
 endfacet
 facet normal 0 -1 0
  outer loop
   vertex -0.082435466349124908 0.00010974014730891213 0.48036468029022217
   vertex -0.082403562963008881 0.00010974014730891213 0.48000001907348633
   vertex -0.082003563642501831 0.00010974014730891213 0.5
  endloop
 endfacet
 facet normal 0 -1 0
  outer loop
   vertex -0.082530207931995392 0.00010974014730891213 0.48071825504302979
   vertex -0.082435466349124908 0.00010974014730891213 0.48036468029022217
   vertex -0.082003563642501831 0.00010974014730891213 0.5
  endloop
 endfacet
 facet normal 0 -1 0
  outer loop
   vertex -0.096301786601543427 0.00010974014730891213 0.5
   vertex -0.086322218179702759 0.00010974014730891213 0.48105001449584961
   vertex -0.086112260818481445 0.00010974014730891213 0.48134985566139221
  endloop
 endfacet
 facet normal -0 -1 0
  outer loop
   vertex -0.086476922035217285 0.00010974014730891213 0.48071825504302979
   vertex -0.086322218179702759 0.00010974014730891213 0.48105001449584961
   vertex -0.096301786601543427 0.00010974014730891213 0.5
  endloop
 endfacet
 facet normal -0 -1 0
  outer loop
   vertex -0.086571663618087769 0.00010974014730891213 0.48036468029022217
   vertex -0.086476922035217285 0.00010974014730891213 0.48071825504302979
   vertex -0.096301786601543427 0.00010974014730891213 0.5
  endloop
 endfacet
 facet normal -0 -1 0
  outer loop
   vertex -0.096301786601543427 0.00010974014730891213 0.4699999988079071
   vertex -0.085553564131259918 0.00010974014730891213 0.47818136215209961
   vertex -0.085853420197963715 0.00010974014730891213 0.47839131951332092
  endloop
 endfacet
 facet normal 0 -1 -0
  outer loop
   vertex -0.085221804678440094 0.00010974014730891213 0.47802665829658508
   vertex -0.085553564131259918 0.00010974014730891213 0.47818136215209961
   vertex -0.096301786601543427 0.00010974014730891213 0.4699999988079071
  endloop
 endfacet
 facet normal 0 -1 -0
  outer loop
   vertex -0.082003563642501831 0.00010974014730891213 0.4699999988079071
   vertex -0.085221804678440094 0.00010974014730891213 0.47802665829658508
   vertex -0.096301786601543427 0.00010974014730891213 0.4699999988079071
  endloop
 endfacet
 facet normal 0 -1 0
  outer loop
   vertex -0.08486822247505188 0.00010974014730891213 0.4779319167137146
   vertex -0.085221804678440094 0.00010974014730891213 0.47802665829658508
   vertex -0.082003563642501831 0.00010974014730891213 0.4699999988079071
  endloop
 endfacet
 facet normal 0 -1 0
  outer loop
   vertex -0.08450356125831604 0.00010974014730891213 0.47789999842643738
   vertex -0.08486822247505188 0.00010974014730891213 0.4779319167137146
   vertex -0.082003563642501831 0.00010974014730891213 0.4699999988079071
  endloop
 endfacet
 facet normal 0 -1 0
  outer loop
   vertex -0.082003563642501831 0.00010974014730891213 0.5
   vertex -0.082684911787509918 0.00010974014730891213 0.48105001449584961
   vertex -0.082530207931995392 0.00010974014730891213 0.48071825504302979
  endloop
 endfacet
 facet normal 0 -1 0
  outer loop
   vertex -0.082894869148731232 0.00010974014730891213 0.48134985566139221
   vertex -0.082684911787509918 0.00010974014730891213 0.48105001449584961
   vertex -0.082003563642501831 0.00010974014730891213 0.5
  endloop
 endfacet
 facet normal 0 -1 0
  outer loop
   vertex -0.083153709769248962 0.00010974014730891213 0.48160868883132935
   vertex -0.082894869148731232 0.00010974014730891213 0.48134985566139221
   vertex -0.082003563642501831 0.00010974014730891213 0.5
  endloop
 endfacet
 facet normal 0 -1 0
  outer loop
   vertex 0.08199986070394516 0.00010974014730891213 0.52999997138977051
   vertex 0.084499858319759369 0.00010974014730891213 0.52209997177124023
   vertex 0.084864519536495209 0.00010974014730891213 0.5220680832862854
  endloop
 endfacet
 facet normal -0 -1 0
  outer loop
   vertex 0.084135197103023529 0.00010974014730891213 0.5220680832862854
   vertex 0.084499858319759369 0.00010974014730891213 0.52209997177124023
   vertex 0.08199986070394516 0.00010974014730891213 0.52999997138977051
  endloop
 endfacet
 facet normal -0 -1 0
  outer loop
   vertex 0.08199986070394516 0.00010974014730891213 0.5
   vertex 0.084135197103023529 0.00010974014730891213 0.51793187856674194
   vertex 0.083781622350215912 0.00010974014730891213 0.51802664995193481
  endloop
 endfacet
 facet normal -0 -1 0
  outer loop
   vertex 0.08199986070394516 0.00010974014730891213 0.5
   vertex 0.084499858319759369 0.00010974014730891213 0.51789999008178711
   vertex 0.084135197103023529 0.00010974014730891213 0.51793187856674194
  endloop
 endfacet
 facet normal 0 -1 -0
  outer loop
   vertex 0.084864519536495209 0.00010974014730891213 0.51793187856674194
   vertex 0.084499858319759369 0.00010974014730891213 0.51789999008178711
   vertex 0.08199986070394516 0.00010974014730891213 0.5
  endloop
 endfacet
 facet normal 0 -1 -0
  outer loop
   vertex 0.10599630326032639 0.00010974014730891213 0.5
   vertex 0.084864519536495209 0.00010974014730891213 0.51793187856674194
   vertex 0.08199986070394516 0.00010974014730891213 0.5
  endloop
 endfacet
 facet normal 0 -1 0
  outer loop
   vertex 0.085218094289302826 0.00010974014730891213 0.51802664995193481
   vertex 0.084864519536495209 0.00010974014730891213 0.51793187856674194
   vertex 0.10599630326032639 0.00010974014730891213 0.5
  endloop
 endfacet
 facet normal 0 -1 0
  outer loop
   vertex 0.08554985374212265 0.00010974014730891213 0.51818132400512695
   vertex 0.085218094289302826 0.00010974014730891213 0.51802664995193481
   vertex 0.10599630326032639 0.00010974014730891213 0.5
  endloop
 endfacet
 facet normal 0 -1 -0
  outer loop
   vertex 0.10599630326032639 0.00010974014730891213 0.5
   vertex 0.085849709808826447 0.00010974014730891213 0.51839131116867065
   vertex 0.08554985374212265 0.00010974014730891213 0.51818132400512695
  endloop
 endfacet
 facet normal 0 -1 0
  outer loop
   vertex 0.086108557879924774 0.00010974014730891213 0.5186501145362854
   vertex 0.085849709808826447 0.00010974014730891213 0.51839131116867065
   vertex 0.10599630326032639 0.00010974014730891213 0.5
  endloop
 endfacet
 facet normal 0 -1 0
  outer loop
   vertex 0.086318515241146088 0.00010974014730891213 0.51894998550415039
   vertex 0.086108557879924774 0.00010974014730891213 0.5186501145362854
   vertex 0.10599630326032639 0.00010974014730891213 0.5
  endloop
 endfacet
 facet normal 0 -1 0
  outer loop
   vertex 0.10599630326032639 0.00010974014730891213 0.52999997138977051
   vertex 0.085849709808826447 0.00010974014730891213 0.52160871028900146
   vertex 0.086108557879924774 0.00010974014730891213 0.52134984731674194
  endloop
 endfacet
 facet normal 0 -1 0
  outer loop
   vertex 0.08554985374212265 0.00010974014730891213 0.52181863784790039
   vertex 0.085849709808826447 0.00010974014730891213 0.52160871028900146
   vertex 0.10599630326032639 0.00010974014730891213 0.52999997138977051
  endloop
 endfacet
 facet normal 0 -1 0
  outer loop
   vertex 0.08199986070394516 0.00010974014730891213 0.52999997138977051
   vertex 0.08554985374212265 0.00010974014730891213 0.52181863784790039
   vertex 0.10599630326032639 0.00010974014730891213 0.52999997138977051
  endloop
 endfacet
 facet normal 0 -1 0
  outer loop
   vertex 0.085218094289302826 0.00010974014730891213 0.5219733715057373
   vertex 0.08554985374212265 0.00010974014730891213 0.52181863784790039
   vertex 0.08199986070394516 0.00010974014730891213 0.52999997138977051
  endloop
 endfacet
 facet normal 0 -1 0
  outer loop
   vertex 0.084864519536495209 0.00010974014730891213 0.5220680832862854
   vertex 0.085218094289302826 0.00010974014730891213 0.5219733715057373
   vertex 0.08199986070394516 0.00010974014730891213 0.52999997138977051
  endloop
 endfacet
 facet normal 0 -1 0
  outer loop
   vertex 0.10599630326032639 0.00010974014730891213 0.52999997138977051
   vertex 0.086473219096660614 0.00010974014730891213 0.52071821689605713
   vertex 0.086567960679531097 0.00010974014730891213 0.52036464214324951
  endloop
 endfacet
 facet normal 0 -1 0
  outer loop
   vertex 0.086318515241146088 0.00010974014730891213 0.52104997634887695
   vertex 0.086473219096660614 0.00010974014730891213 0.52071821689605713
   vertex 0.10599630326032639 0.00010974014730891213 0.52999997138977051
  endloop
 endfacet
 facet normal 0 -1 0
  outer loop
   vertex 0.086108557879924774 0.00010974014730891213 0.52134984731674194
   vertex 0.086318515241146088 0.00010974014730891213 0.52104997634887695
   vertex 0.10599630326032639 0.00010974014730891213 0.52999997138977051
  endloop
 endfacet
 facet normal 0 -1 0
  outer loop
   vertex 0.08199986070394516 0.00010974014730891213 0.52999997138977051
   vertex 0.083781622350215912 0.00010974014730891213 0.5219733715057373
   vertex 0.084135197103023529 0.00010974014730891213 0.5220680832862854
  endloop
 endfacet
 facet normal -0 -1 0
  outer loop
   vertex 0.083449862897396088 0.00010974014730891213 0.52181863784790039
   vertex 0.083781622350215912 0.00010974014730891213 0.5219733715057373
   vertex 0.08199986070394516 0.00010974014730891213 0.52999997138977051
  endloop
 endfacet
 facet normal -0 -1 0
  outer loop
   vertex 0.083149991929531097 0.00010974014730891213 0.52160871028900146
   vertex 0.083449862897396088 0.00010974014730891213 0.52181863784790039
   vertex 0.08199986070394516 0.00010974014730891213 0.52999997138977051
  endloop
 endfacet
 facet normal -0 -1 0
  outer loop
   vertex 0.08199986070394516 0.00010974014730891213 0.5
   vertex 0.08268120139837265 0.00010974014730891213 0.51894998550415039
   vertex 0.082526497542858124 0.00010974014730891213 0.51928174495697021
  endloop
 endfacet
 facet normal 0 -1 -0
  outer loop
   vertex 0.082891158759593964 0.00010974014730891213 0.5186501145362854
   vertex 0.08268120139837265 0.00010974014730891213 0.51894998550415039
   vertex 0.08199986070394516 0.00010974014730891213 0.5
  endloop
 endfacet
 facet normal 0 -1 0
  outer loop
   vertex 0.08199986070394516 0.00010974014730891213 0.52999997138977051
   vertex 0.082891158759593964 0.00010974014730891213 0.52134984731674194
   vertex 0.083149991929531097 0.00010974014730891213 0.52160871028900146
  endloop
 endfacet
 facet normal -0 -1 0
  outer loop
   vertex 0.08268120139837265 0.00010974014730891213 0.52104997634887695
   vertex 0.082891158759593964 0.00010974014730891213 0.52134984731674194
   vertex 0.08199986070394516 0.00010974014730891213 0.52999997138977051
  endloop
 endfacet
 facet normal -0 -1 0
  outer loop
   vertex 0.082526497542858124 0.00010974014730891213 0.52071821689605713
   vertex 0.08268120139837265 0.00010974014730891213 0.52104997634887695
   vertex 0.08199986070394516 0.00010974014730891213 0.52999997138977051
  endloop
 endfacet
 facet normal -0 -1 0
  outer loop
   vertex 0.08199986070394516 0.00010974014730891213 0.5
   vertex 0.083149991929531097 0.00010974014730891213 0.51839131116867065
   vertex 0.082891158759593964 0.00010974014730891213 0.5186501145362854
  endloop
 endfacet
 facet normal 0 -1 -0
  outer loop
   vertex 0.083449862897396088 0.00010974014730891213 0.51818132400512695
   vertex 0.083149991929531097 0.00010974014730891213 0.51839131116867065
   vertex 0.08199986070394516 0.00010974014730891213 0.5
  endloop
 endfacet
 facet normal 0 -1 -0
  outer loop
   vertex 0.083781622350215912 0.00010974014730891213 0.51802664995193481
   vertex 0.083449862897396088 0.00010974014730891213 0.51818132400512695
   vertex 0.08199986070394516 0.00010974014730891213 0.5
  endloop
 endfacet
 facet normal 0 -1 -0
  outer loop
   vertex 0.10599630326032639 0.00010974014730891213 0.5
   vertex 0.086473219096660614 0.00010974014730891213 0.51928174495697021
   vertex 0.086318515241146088 0.00010974014730891213 0.51894998550415039
  endloop
 endfacet
 facet normal 0 -1 0
  outer loop
   vertex 0.086567960679531097 0.00010974014730891213 0.51963531970977783
   vertex 0.086473219096660614 0.00010974014730891213 0.51928174495697021
   vertex 0.10599630326032639 0.00010974014730891213 0.5
  endloop
 endfacet
 facet normal 0 -1 0
  outer loop
   vertex 0.10599630326032639 0.00010974014730891213 0.52999997138977051
   vertex 0.086567960679531097 0.00010974014730891213 0.51963531970977783
   vertex 0.10599630326032639 0.00010974014730891213 0.5
  endloop
 endfacet
 facet normal 0 -1 0
  outer loop
   vertex 0.086599849164485931 0.00010974014730891213 0.51999998092651367
   vertex 0.086567960679531097 0.00010974014730891213 0.51963531970977783
   vertex 0.10599630326032639 0.00010974014730891213 0.52999997138977051
  endloop
 endfacet
 facet normal 0 -1 0
  outer loop
   vertex 0.086567960679531097 0.00010974014730891213 0.52036464214324951
   vertex 0.086599849164485931 0.00010974014730891213 0.51999998092651367
   vertex 0.10599630326032639 0.00010974014730891213 0.52999997138977051
  endloop
 endfacet
 facet normal 0 -1 0
  outer loop
   vertex 0.08199986070394516 0.00010974014730891213 0.52999997138977051
   vertex 0.08243175595998764 0.00010974014730891213 0.52036464214324951
   vertex 0.082526497542858124 0.00010974014730891213 0.52071821689605713
  endloop
 endfacet
 facet normal -0 -1 0
  outer loop
   vertex 0.082399852573871613 0.00010974014730891213 0.51999998092651367
   vertex 0.08243175595998764 0.00010974014730891213 0.52036464214324951
   vertex 0.08199986070394516 0.00010974014730891213 0.52999997138977051
  endloop
 endfacet
 facet normal -0 -1 0
  outer loop
   vertex 0.08199986070394516 0.00010974014730891213 0.5
   vertex 0.082399852573871613 0.00010974014730891213 0.51999998092651367
   vertex 0.08199986070394516 0.00010974014730891213 0.52999997138977051
  endloop
 endfacet
 facet normal 0 -1 -0
  outer loop
   vertex 0.08243175595998764 0.00010974014730891213 0.51963531970977783
   vertex 0.082399852573871613 0.00010974014730891213 0.51999998092651367
   vertex 0.08199986070394516 0.00010974014730891213 0.5
  endloop
 endfacet
 facet normal 0 -1 -0
  outer loop
   vertex 0.082526497542858124 0.00010974014730891213 0.51928174495697021
   vertex 0.08243175595998764 0.00010974014730891213 0.51963531970977783
   vertex 0.08199986070394516 0.00010974014730891213 0.5
  endloop
 endfacet
 facet normal 0 -1 0
  outer loop
   vertex -0.0841389000415802 0.00010974014730891213 0.51793187856674194
   vertex -0.082003563642501831 0.00010974014730891213 0.5
   vertex -0.083785325288772583 0.00010974014730891213 0.51802664995193481
  endloop
 endfacet
 facet normal 0 -1 0
  outer loop
   vertex -0.08450356125831604 0.00010974014730891213 0.51789999008178711
   vertex -0.082003563642501831 0.00010974014730891213 0.5
   vertex -0.0841389000415802 0.00010974014730891213 0.51793187856674194
  endloop
 endfacet
 facet normal 0 -1 0
  outer loop
   vertex -0.08486822247505188 0.00010974014730891213 0.5220680832862854
   vertex -0.096301786601543427 0.00010974014730891213 0.52999997138977051
   vertex -0.085221804678440094 0.00010974014730891213 0.5219733715057373
  endloop
 endfacet
 facet normal 0 -1 0
  outer loop
   vertex -0.082003563642501831 0.00010974014730891213 0.52999997138977051
   vertex -0.096301786601543427 0.00010974014730891213 0.52999997138977051
   vertex -0.08486822247505188 0.00010974014730891213 0.5220680832862854
  endloop
 endfacet
 facet normal 0 -1 0
  outer loop
   vertex -0.08450356125831604 0.00010974014730891213 0.52209997177124023
   vertex -0.082003563642501831 0.00010974014730891213 0.52999997138977051
   vertex -0.08486822247505188 0.00010974014730891213 0.5220680832862854
  endloop
 endfacet
 facet normal 0 -1 0
  outer loop
   vertex -0.0841389000415802 0.00010974014730891213 0.5220680832862854
   vertex -0.082003563642501831 0.00010974014730891213 0.52999997138977051
   vertex -0.08450356125831604 0.00010974014730891213 0.52209997177124023
  endloop
 endfacet
 facet normal 0 -1 0
  outer loop
   vertex -0.096301786601543427 0.00010974014730891213 0.52999997138977051
   vertex -0.085553564131259918 0.00010974014730891213 0.52181863784790039
   vertex -0.085221804678440094 0.00010974014730891213 0.5219733715057373
  endloop
 endfacet
 facet normal -0 -1 0
  outer loop
   vertex -0.085853420197963715 0.00010974014730891213 0.52160871028900146
   vertex -0.085553564131259918 0.00010974014730891213 0.52181863784790039
   vertex -0.096301786601543427 0.00010974014730891213 0.52999997138977051
  endloop
 endfacet
 facet normal -0 -1 0
  outer loop
   vertex -0.086112260818481445 0.00010974014730891213 0.52134984731674194
   vertex -0.085853420197963715 0.00010974014730891213 0.52160871028900146
   vertex -0.096301786601543427 0.00010974014730891213 0.52999997138977051
  endloop
 endfacet
 facet normal 0 -1 0
  outer loop
   vertex -0.096301786601543427 0.00010974014730891213 0.52999997138977051
   vertex -0.086603567004203796 0.00010974014730891213 0.51999998092651367
   vertex -0.086571663618087769 0.00010974014730891213 0.52036464214324951
  endloop
 endfacet
 facet normal -0 -1 0
  outer loop
   vertex -0.096301786601543427 0.00010974014730891213 0.5
   vertex -0.085553564131259918 0.00010974014730891213 0.51818132400512695
   vertex -0.085853420197963715 0.00010974014730891213 0.51839131116867065
  endloop
 endfacet
 facet normal 0 -1 -0
  outer loop
   vertex -0.085221804678440094 0.00010974014730891213 0.51802664995193481
   vertex -0.085553564131259918 0.00010974014730891213 0.51818132400512695
   vertex -0.096301786601543427 0.00010974014730891213 0.5
  endloop
 endfacet
 facet normal 0 -1 -0
  outer loop
   vertex -0.082003563642501831 0.00010974014730891213 0.5
   vertex -0.085221804678440094 0.00010974014730891213 0.51802664995193481
   vertex -0.096301786601543427 0.00010974014730891213 0.5
  endloop
 endfacet
 facet normal 0 -1 0
  outer loop
   vertex -0.08486822247505188 0.00010974014730891213 0.51793187856674194
   vertex -0.085221804678440094 0.00010974014730891213 0.51802664995193481
   vertex -0.082003563642501831 0.00010974014730891213 0.5
  endloop
 endfacet
 facet normal 0 -1 0
  outer loop
   vertex -0.08450356125831604 0.00010974014730891213 0.51789999008178711
   vertex -0.08486822247505188 0.00010974014730891213 0.51793187856674194
   vertex -0.082003563642501831 0.00010974014730891213 0.5
  endloop
 endfacet
 facet normal 0 -1 -0
  outer loop
   vertex -0.082003563642501831 0.00010974014730891213 0.5
   vertex -0.083453565835952759 0.00010974014730891213 0.51818132400512695
   vertex -0.083785325288772583 0.00010974014730891213 0.51802664995193481
  endloop
 endfacet
 facet normal 0 -1 0
  outer loop
   vertex -0.083153709769248962 0.00010974014730891213 0.51839131116867065
   vertex -0.083453565835952759 0.00010974014730891213 0.51818132400512695
   vertex -0.082003563642501831 0.00010974014730891213 0.5
  endloop
 endfacet
 facet normal 0 -1 0
  outer loop
   vertex -0.082894869148731232 0.00010974014730891213 0.5186501145362854
   vertex -0.083153709769248962 0.00010974014730891213 0.51839131116867065
   vertex -0.082003563642501831 0.00010974014730891213 0.5
  endloop
 endfacet
 facet normal 0 -1 0
  outer loop
   vertex -0.082003563642501831 0.00010974014730891213 0.52999997138977051
   vertex -0.083453565835952759 0.00010974014730891213 0.52181863784790039
   vertex -0.083153709769248962 0.00010974014730891213 0.52160871028900146
  endloop
 endfacet
 facet normal 0 -1 0
  outer loop
   vertex -0.083785325288772583 0.00010974014730891213 0.5219733715057373
   vertex -0.083453565835952759 0.00010974014730891213 0.52181863784790039
   vertex -0.082003563642501831 0.00010974014730891213 0.52999997138977051
  endloop
 endfacet
 facet normal 0 -1 0
  outer loop
   vertex -0.0841389000415802 0.00010974014730891213 0.5220680832862854
   vertex -0.083785325288772583 0.00010974014730891213 0.5219733715057373
   vertex -0.082003563642501831 0.00010974014730891213 0.52999997138977051
  endloop
 endfacet
 facet normal -0 -1 0
  outer loop
   vertex -0.096301786601543427 0.00010974014730891213 0.5
   vertex -0.086603567004203796 0.00010974014730891213 0.51999998092651367
   vertex -0.096301786601543427 0.00010974014730891213 0.52999997138977051
  endloop
 endfacet
 facet normal 0 -1 -0
  outer loop
   vertex -0.086571663618087769 0.00010974014730891213 0.51963531970977783
   vertex -0.086603567004203796 0.00010974014730891213 0.51999998092651367
   vertex -0.096301786601543427 0.00010974014730891213 0.5
  endloop
 endfacet
 facet normal 0 -1 -0
  outer loop
   vertex -0.086476922035217285 0.00010974014730891213 0.51928174495697021
   vertex -0.086571663618087769 0.00010974014730891213 0.51963531970977783
   vertex -0.096301786601543427 0.00010974014730891213 0.5
  endloop
 endfacet
 facet normal 0 -1 0
  outer loop
   vertex -0.082403562963008881 0.00010974014730891213 0.51999998092651367
   vertex -0.082435466349124908 0.00010974014730891213 0.51963531970977783
   vertex -0.082003563642501831 0.00010974014730891213 0.5
  endloop
 endfacet
 facet normal 0 -1 0
  outer loop
   vertex -0.082003563642501831 0.00010974014730891213 0.52999997138977051
   vertex -0.082403562963008881 0.00010974014730891213 0.51999998092651367
   vertex -0.082003563642501831 0.00010974014730891213 0.5
  endloop
 endfacet
 facet normal 0 -1 0
  outer loop
   vertex -0.082435466349124908 0.00010974014730891213 0.52036464214324951
   vertex -0.082403562963008881 0.00010974014730891213 0.51999998092651367
   vertex -0.082003563642501831 0.00010974014730891213 0.52999997138977051
  endloop
 endfacet
 facet normal 0 -1 0
  outer loop
   vertex -0.082530207931995392 0.00010974014730891213 0.52071821689605713
   vertex -0.082435466349124908 0.00010974014730891213 0.52036464214324951
   vertex -0.082003563642501831 0.00010974014730891213 0.52999997138977051
  endloop
 endfacet
 facet normal 0 -1 0
  outer loop
   vertex -0.082003563642501831 0.00010974014730891213 0.52999997138977051
   vertex -0.082684911787509918 0.00010974014730891213 0.52104997634887695
   vertex -0.082530207931995392 0.00010974014730891213 0.52071821689605713
  endloop
 endfacet
 facet normal 0 -1 0
  outer loop
   vertex -0.082894869148731232 0.00010974014730891213 0.52134984731674194
   vertex -0.082684911787509918 0.00010974014730891213 0.52104997634887695
   vertex -0.082003563642501831 0.00010974014730891213 0.52999997138977051
  endloop
 endfacet
 facet normal 0 -1 0
  outer loop
   vertex -0.083153709769248962 0.00010974014730891213 0.52160871028900146
   vertex -0.082894869148731232 0.00010974014730891213 0.52134984731674194
   vertex -0.082003563642501831 0.00010974014730891213 0.52999997138977051
  endloop
 endfacet
 facet normal 0 -1 0
  outer loop
   vertex -0.096301786601543427 0.00010974014730891213 0.52999997138977051
   vertex -0.086322218179702759 0.00010974014730891213 0.52104997634887695
   vertex -0.086112260818481445 0.00010974014730891213 0.52134984731674194
  endloop
 endfacet
 facet normal -0 -1 0
  outer loop
   vertex -0.086476922035217285 0.00010974014730891213 0.52071821689605713
   vertex -0.086322218179702759 0.00010974014730891213 0.52104997634887695
   vertex -0.096301786601543427 0.00010974014730891213 0.52999997138977051
  endloop
 endfacet
 facet normal -0 -1 0
  outer loop
   vertex -0.086571663618087769 0.00010974014730891213 0.52036464214324951
   vertex -0.086476922035217285 0.00010974014730891213 0.52071821689605713
   vertex -0.096301786601543427 0.00010974014730891213 0.52999997138977051
  endloop
 endfacet
 facet normal -0 -1 0
  outer loop
   vertex -0.096301786601543427 0.00010974014730891213 0.5
   vertex -0.086322218179702759 0.00010974014730891213 0.51894998550415039
   vertex -0.086476922035217285 0.00010974014730891213 0.51928174495697021
  endloop
 endfacet
 facet normal 0 -1 -0
  outer loop
   vertex -0.086112260818481445 0.00010974014730891213 0.5186501145362854
   vertex -0.086322218179702759 0.00010974014730891213 0.51894998550415039
   vertex -0.096301786601543427 0.00010974014730891213 0.5
  endloop
 endfacet
 facet normal 0 -1 -0
  outer loop
   vertex -0.085853420197963715 0.00010974014730891213 0.51839131116867065
   vertex -0.086112260818481445 0.00010974014730891213 0.5186501145362854
   vertex -0.096301786601543427 0.00010974014730891213 0.5
  endloop
 endfacet
 facet normal 0 -1 -0
  outer loop
   vertex -0.082003563642501831 0.00010974014730891213 0.5
   vertex -0.082684911787509918 0.00010974014730891213 0.51894998550415039
   vertex -0.082894869148731232 0.00010974014730891213 0.5186501145362854
  endloop
 endfacet
 facet normal 0 -1 0
  outer loop
   vertex -0.082530207931995392 0.00010974014730891213 0.51928174495697021
   vertex -0.082684911787509918 0.00010974014730891213 0.51894998550415039
   vertex -0.082003563642501831 0.00010974014730891213 0.5
  endloop
 endfacet
 facet normal 0 -1 0
  outer loop
   vertex -0.082435466349124908 0.00010974014730891213 0.51963531970977783
   vertex -0.082530207931995392 0.00010974014730891213 0.51928174495697021
   vertex -0.082003563642501831 0.00010974014730891213 0.5
  endloop
 endfacet
 facet normal 0 -1 0
  outer loop
   vertex 0.08199986070394516 0.00010974014730891213 0.76499998569488525
   vertex 0.084135197103023529 0.00010974014730891213 0.54206806421279907
   vertex 0.084499858319759369 0.00010974014730891213 0.54209995269775391
  endloop
 endfacet
 facet normal -0 -1 0
  outer loop
   vertex 0.083781622350215912 0.00010974014730891213 0.54197335243225098
   vertex 0.084135197103023529 0.00010974014730891213 0.54206806421279907
   vertex 0.08199986070394516 0.00010974014730891213 0.76499998569488525
  endloop
 endfacet
 facet normal -0 -1 0
  outer loop
   vertex 0.083449862897396088 0.00010974014730891213 0.54181861877441406
   vertex 0.083781622350215912 0.00010974014730891213 0.54197335243225098
   vertex 0.08199986070394516 0.00010974014730891213 0.76499998569488525
  endloop
 endfacet
 facet normal -0 -1 0
  outer loop
   vertex 0.08199986070394516 0.00010974014730891213 0.52999997138977051
   vertex 0.082399852573871613 0.00010974014730891213 0.53999996185302734
   vertex 0.08199986070394516 0.00010974014730891213 0.76499998569488525
  endloop
 endfacet
 facet normal 0 -1 -0
  outer loop
   vertex 0.08243175595998764 0.00010974014730891213 0.5396353006362915
   vertex 0.082399852573871613 0.00010974014730891213 0.53999996185302734
   vertex 0.08199986070394516 0.00010974014730891213 0.52999997138977051
  endloop
 endfacet
 facet normal 0 -1 -0
  outer loop
   vertex 0.082526497542858124 0.00010974014730891213 0.53928172588348389
   vertex 0.08243175595998764 0.00010974014730891213 0.5396353006362915
   vertex 0.08199986070394516 0.00010974014730891213 0.52999997138977051
  endloop
 endfacet
 facet normal 0 -1 0
  outer loop
   vertex 0.08199986070394516 0.00010974014730891213 0.76499998569488525
   vertex 0.083149991929531097 0.00010974014730891213 0.54160869121551514
   vertex 0.083449862897396088 0.00010974014730891213 0.54181861877441406
  endloop
 endfacet
 facet normal -0 -1 0
  outer loop
   vertex 0.082891158759593964 0.00010974014730891213 0.54134982824325562
   vertex 0.083149991929531097 0.00010974014730891213 0.54160869121551514
   vertex 0.08199986070394516 0.00010974014730891213 0.76499998569488525
  endloop
 endfacet
 facet normal -0 -1 0
  outer loop
   vertex 0.08268120139837265 0.00010974014730891213 0.54104995727539062
   vertex 0.082891158759593964 0.00010974014730891213 0.54134982824325562
   vertex 0.08199986070394516 0.00010974014730891213 0.76499998569488525
  endloop
 endfacet
 facet normal 0 -1 -0
  outer loop
   vertex 0.083449862897396088 0.00010974014730891213 0.53818130493164062
   vertex 0.083149991929531097 0.00010974014730891213 0.53839129209518433
   vertex 0.08199986070394516 0.00010974014730891213 0.52999997138977051
  endloop
 endfacet
 facet normal -0 -1 0
  outer loop
   vertex 0.08199986070394516 0.00010974014730891213 0.52999997138977051
   vertex 0.083781622350215912 0.00010974014730891213 0.53802663087844849
   vertex 0.083449862897396088 0.00010974014730891213 0.53818130493164062
  endloop
 endfacet
 facet normal 0 -1 -0
  outer loop
   vertex 0.084135197103023529 0.00010974014730891213 0.53793185949325562
   vertex 0.083781622350215912 0.00010974014730891213 0.53802663087844849
   vertex 0.08199986070394516 0.00010974014730891213 0.52999997138977051
  endloop
 endfacet
 facet normal 0 -1 -0
  outer loop
   vertex 0.084499858319759369 0.00010974014730891213 0.53789997100830078
   vertex 0.084135197103023529 0.00010974014730891213 0.53793185949325562
   vertex 0.08199986070394516 0.00010974014730891213 0.52999997138977051
  endloop
 endfacet
 facet normal 0 -1 0
  outer loop
   vertex 0.08199986070394516 0.00010974014730891213 0.76499998569488525
   vertex 0.082526497542858124 0.00010974014730891213 0.5407181978225708
   vertex 0.08268120139837265 0.00010974014730891213 0.54104995727539062
  endloop
 endfacet
 facet normal -0 -1 0
  outer loop
   vertex 0.08243175595998764 0.00010974014730891213 0.54036462306976318
   vertex 0.082526497542858124 0.00010974014730891213 0.5407181978225708
   vertex 0.08199986070394516 0.00010974014730891213 0.76499998569488525
  endloop
 endfacet
 facet normal -0 -1 0
  outer loop
   vertex 0.082399852573871613 0.00010974014730891213 0.53999996185302734
   vertex 0.08243175595998764 0.00010974014730891213 0.54036462306976318
   vertex 0.08199986070394516 0.00010974014730891213 0.76499998569488525
  endloop
 endfacet
 facet normal -0 -1 0
  outer loop
   vertex 0.08199986070394516 0.00010974014730891213 0.52999997138977051
   vertex 0.08268120139837265 0.00010974014730891213 0.53894996643066406
   vertex 0.082526497542858124 0.00010974014730891213 0.53928172588348389
  endloop
 endfacet
 facet normal 0 -1 -0
  outer loop
   vertex 0.082891158759593964 0.00010974014730891213 0.53865009546279907
   vertex 0.08268120139837265 0.00010974014730891213 0.53894996643066406
   vertex 0.08199986070394516 0.00010974014730891213 0.52999997138977051
  endloop
 endfacet
 facet normal 0 -1 -0
  outer loop
   vertex 0.083149991929531097 0.00010974014730891213 0.53839129209518433
   vertex 0.082891158759593964 0.00010974014730891213 0.53865009546279907
   vertex 0.08199986070394516 0.00010974014730891213 0.52999997138977051
  endloop
 endfacet
 facet normal 0 -1 0
  outer loop
   vertex 0.086108557879924774 0.00010974014730891213 0.53865009546279907
   vertex 0.10599630326032639 0.00010974014730891213 0.52999997138977051
   vertex 0.086318515241146088 0.00010974014730891213 0.53894996643066406
  endloop
 endfacet
 facet normal 0 -1 0
  outer loop
   vertex 0.085849709808826447 0.00010974014730891213 0.53839129209518433
   vertex 0.10599630326032639 0.00010974014730891213 0.52999997138977051
   vertex 0.086108557879924774 0.00010974014730891213 0.53865009546279907
  endloop
 endfacet
 facet normal 0 -1 0
  outer loop
   vertex 0.10599630326032639 0.00010974014730891213 0.76499998569488525
   vertex 0.085849709808826447 0.00010974014730891213 0.54160869121551514
   vertex 0.086108557879924774 0.00010974014730891213 0.54134982824325562
  endloop
 endfacet
 facet normal 0 -1 0
  outer loop
   vertex 0.08199986070394516 0.00010974014730891213 0.52999997138977051
   vertex 0.084864519536495209 0.00010974014730891213 0.53793185949325562
   vertex 0.084499858319759369 0.00010974014730891213 0.53789997100830078
  endloop
 endfacet
 facet normal 0 -1 -0
  outer loop
   vertex 0.085218094289302826 0.00010974014730891213 0.53802663087844849
   vertex 0.084864519536495209 0.00010974014730891213 0.53793185949325562
   vertex 0.08199986070394516 0.00010974014730891213 0.52999997138977051
  endloop
 endfacet
 facet normal 0 -1 -0
  outer loop
   vertex 0.10599630326032639 0.00010974014730891213 0.52999997138977051
   vertex 0.085218094289302826 0.00010974014730891213 0.53802663087844849
   vertex 0.08199986070394516 0.00010974014730891213 0.52999997138977051
  endloop
 endfacet
 facet normal 0 -1 0
  outer loop
   vertex 0.08554985374212265 0.00010974014730891213 0.53818130493164062
   vertex 0.085218094289302826 0.00010974014730891213 0.53802663087844849
   vertex 0.10599630326032639 0.00010974014730891213 0.52999997138977051
  endloop
 endfacet
 facet normal 0 -1 0
  outer loop
   vertex 0.085849709808826447 0.00010974014730891213 0.53839129209518433
   vertex 0.08554985374212265 0.00010974014730891213 0.53818130493164062
   vertex 0.10599630326032639 0.00010974014730891213 0.52999997138977051
  endloop
 endfacet
 facet normal 0 -1 0
  outer loop
   vertex 0.10599630326032639 0.00010974014730891213 0.76499998569488525
   vertex 0.08554985374212265 0.00010974014730891213 0.54181861877441406
   vertex 0.085849709808826447 0.00010974014730891213 0.54160869121551514
  endloop
 endfacet
 facet normal 0 -1 0
  outer loop
   vertex 0.085218094289302826 0.00010974014730891213 0.54197335243225098
   vertex 0.08554985374212265 0.00010974014730891213 0.54181861877441406
   vertex 0.10599630326032639 0.00010974014730891213 0.76499998569488525
  endloop
 endfacet
 facet normal 0 -1 0
  outer loop
   vertex 0.08199986070394516 0.00010974014730891213 0.76499998569488525
   vertex 0.085218094289302826 0.00010974014730891213 0.54197335243225098
   vertex 0.10599630326032639 0.00010974014730891213 0.76499998569488525
  endloop
 endfacet
 facet normal 0 -1 0
  outer loop
   vertex 0.084864519536495209 0.00010974014730891213 0.54206806421279907
   vertex 0.085218094289302826 0.00010974014730891213 0.54197335243225098
   vertex 0.08199986070394516 0.00010974014730891213 0.76499998569488525
  endloop
 endfacet
 facet normal 0 -1 0
  outer loop
   vertex 0.084499858319759369 0.00010974014730891213 0.54209995269775391
   vertex 0.084864519536495209 0.00010974014730891213 0.54206806421279907
   vertex 0.08199986070394516 0.00010974014730891213 0.76499998569488525
  endloop
 endfacet
 facet normal 0 -1 -0
  outer loop
   vertex 0.10599630326032639 0.00010974014730891213 0.52999997138977051
   vertex 0.086473219096660614 0.00010974014730891213 0.53928172588348389
   vertex 0.086318515241146088 0.00010974014730891213 0.53894996643066406
  endloop
 endfacet
 facet normal 0 -1 0
  outer loop
   vertex 0.086567960679531097 0.00010974014730891213 0.5396353006362915
   vertex 0.086473219096660614 0.00010974014730891213 0.53928172588348389
   vertex 0.10599630326032639 0.00010974014730891213 0.52999997138977051
  endloop
 endfacet
 facet normal 0 -1 0
  outer loop
   vertex 0.086599849164485931 0.00010974014730891213 0.53999996185302734
   vertex 0.086567960679531097 0.00010974014730891213 0.5396353006362915
   vertex 0.10599630326032639 0.00010974014730891213 0.52999997138977051
  endloop
 endfacet
 facet normal 0 -1 0
  outer loop
   vertex 0.10599630326032639 0.00010974014730891213 0.52999997138977051
   vertex 0.086567960679531097 0.00010974014730891213 0.54036462306976318
   vertex 0.086599849164485931 0.00010974014730891213 0.53999996185302734
  endloop
 endfacet
 facet normal 0 -1 0
  outer loop
   vertex 0.086473219096660614 0.00010974014730891213 0.5407181978225708
   vertex 0.086567960679531097 0.00010974014730891213 0.54036462306976318
   vertex 0.10599630326032639 0.00010974014730891213 0.52999997138977051
  endloop
 endfacet
 facet normal 0 -1 0
  outer loop
   vertex 0.10599630326032639 0.00010974014730891213 0.76499998569488525
   vertex 0.086473219096660614 0.00010974014730891213 0.5407181978225708
   vertex 0.10599630326032639 0.00010974014730891213 0.52999997138977051
  endloop
 endfacet
 facet normal 0 -1 0
  outer loop
   vertex 0.086318515241146088 0.00010974014730891213 0.54104995727539062
   vertex 0.086473219096660614 0.00010974014730891213 0.5407181978225708
   vertex 0.10599630326032639 0.00010974014730891213 0.76499998569488525
  endloop
 endfacet
 facet normal 0 -1 0
  outer loop
   vertex 0.086108557879924774 0.00010974014730891213 0.54134982824325562
   vertex 0.086318515241146088 0.00010974014730891213 0.54104995727539062
   vertex 0.10599630326032639 0.00010974014730891213 0.76499998569488525
  endloop
 endfacet
 facet normal 0 -1 0
  outer loop
   vertex 0.08199986070394516 0.00010974014730891213 0.23750001192092896
   vertex 0.035849712789058685 0.00010974014730891213 0.016608692705631256
   vertex 0.036108545958995819 0.00010974014730891213 0.016349853947758675
  endloop
 endfacet
 facet normal 0 -1 0
  outer loop
   vertex 0.017498143017292023 0.00010974014730891213 0.23750001192092896
   vertex 0.035849712789058685 0.00010974014730891213 0.016608692705631256
   vertex 0.08199986070394516 0.00010974014730891213 0.23750001192092896
  endloop
 endfacet
 facet normal 0 -1 0
  outer loop
   vertex 0.08199986070394516 0.00010974014730891213 0.4699999988079071
   vertex 0.017498143017292023 0.00010974014730891213 0.23750001192092896
   vertex 0.08199986070394516 0.00010974014730891213 0.23750001192092896
  endloop
 endfacet
 facet normal 0 -1 0
  outer loop
   vertex 0.017498143017292023 0.00010974014730891213 0.4699999988079071
   vertex 0.017498143017292023 0.00010974014730891213 0.23750001192092896
   vertex 0.08199986070394516 0.00010974014730891213 0.4699999988079071
  endloop
 endfacet
 facet normal 0 -1 0
  outer loop
   vertex 0.08199986070394516 0.00010974014730891213 0.5
   vertex 0.017498143017292023 0.00010974014730891213 0.4699999988079071
   vertex 0.08199986070394516 0.00010974014730891213 0.4699999988079071
  endloop
 endfacet
 facet normal 0 -1 0
  outer loop
   vertex 0.017498143017292023 0.00010974014730891213 0.5
   vertex 0.017498143017292023 0.00010974014730891213 0.4699999988079071
   vertex 0.08199986070394516 0.00010974014730891213 0.5
  endloop
 endfacet
 facet normal 0 -1 0
  outer loop
   vertex 0.08199986070394516 0.00010974014730891213 0.52999997138977051
   vertex 0.017498143017292023 0.00010974014730891213 0.5
   vertex 0.08199986070394516 0.00010974014730891213 0.5
  endloop
 endfacet
 facet normal 0 -1 0
  outer loop
   vertex 0.017498143017292023 0.00010974014730891213 0.52999997138977051
   vertex 0.017498143017292023 0.00010974014730891213 0.5
   vertex 0.08199986070394516 0.00010974014730891213 0.52999997138977051
  endloop
 endfacet
 facet normal 0 -1 0
  outer loop
   vertex 0.08199986070394516 0.00010974014730891213 0.76499998569488525
   vertex 0.017498143017292023 0.00010974014730891213 0.52999997138977051
   vertex 0.08199986070394516 0.00010974014730891213 0.52999997138977051
  endloop
 endfacet
 facet normal 0 -1 0
  outer loop
   vertex 0.017498143017292023 0.00010974014730891213 0.76499998569488525
   vertex 0.017498143017292023 0.00010974014730891213 0.52999997138977051
   vertex 0.08199986070394516 0.00010974014730891213 0.76499998569488525
  endloop
 endfacet
 facet normal 0 -1 0
  outer loop
   vertex 0.017498143017292023 0.00010974014730891213 0.23750001192092896
   vertex -0.017003566026687622 0.00010974014730891213 0.02500000037252903
   vertex 0.017498143017292023 0.00010974014730891213 0.02500000037252903
  endloop
 endfacet
 facet normal 0 -1 0
  outer loop
   vertex -0.017003566026687622 0.00010974014730891213 0.23750001192092896
   vertex -0.017003566026687622 0.00010974014730891213 0.02500000037252903
   vertex 0.017498143017292023 0.00010974014730891213 0.23750001192092896
  endloop
 endfacet
 facet normal 0 -1 0
  outer loop
   vertex 0.017498143017292023 0.00010974014730891213 0.4699999988079071
   vertex -0.017003566026687622 0.00010974014730891213 0.23750001192092896
   vertex 0.017498143017292023 0.00010974014730891213 0.23750001192092896
  endloop
 endfacet
 facet normal 0 -1 0
  outer loop
   vertex -0.017003566026687622 0.00010974014730891213 0.4699999988079071
   vertex -0.017003566026687622 0.00010974014730891213 0.23750001192092896
   vertex 0.017498143017292023 0.00010974014730891213 0.4699999988079071
  endloop
 endfacet
 facet normal 0 -1 0
  outer loop
   vertex 0.017498143017292023 0.00010974014730891213 0.5
   vertex -0.017003566026687622 0.00010974014730891213 0.4699999988079071
   vertex 0.017498143017292023 0.00010974014730891213 0.4699999988079071
  endloop
 endfacet
 facet normal 0 -1 0
  outer loop
   vertex -0.017003566026687622 0.00010974014730891213 0.5
   vertex -0.017003566026687622 0.00010974014730891213 0.4699999988079071
   vertex 0.017498143017292023 0.00010974014730891213 0.5
  endloop
 endfacet
 facet normal 0 -1 0
  outer loop
   vertex 0.017498143017292023 0.00010974014730891213 0.52999997138977051
   vertex -0.017003566026687622 0.00010974014730891213 0.5
   vertex 0.017498143017292023 0.00010974014730891213 0.5
  endloop
 endfacet
 facet normal 0 -1 0
  outer loop
   vertex -0.017003566026687622 0.00010974014730891213 0.52999997138977051
   vertex -0.017003566026687622 0.00010974014730891213 0.5
   vertex 0.017498143017292023 0.00010974014730891213 0.52999997138977051
  endloop
 endfacet
 facet normal 0 -1 0
  outer loop
   vertex 0.017498143017292023 0.00010974014730891213 0.76499998569488525
   vertex -0.017003566026687622 0.00010974014730891213 0.52999997138977051
   vertex 0.017498143017292023 0.00010974014730891213 0.52999997138977051
  endloop
 endfacet
 facet normal 0 -1 0
  outer loop
   vertex -0.017003566026687622 0.00010974014730891213 0.76499998569488525
   vertex -0.017003566026687622 0.00010974014730891213 0.52999997138977051
   vertex 0.017498143017292023 0.00010974014730891213 0.76499998569488525
  endloop
 endfacet
 facet normal 0 -1 0
  outer loop
   vertex -0.082003563642501831 0.00010974014730891213 0.76499998569488525
   vertex -0.083785325288772583 0.00010974014730891213 0.54197335243225098
   vertex -0.083453565835952759 0.00010974014730891213 0.54181861877441406
  endloop
 endfacet
 facet normal 0 -1 0
  outer loop
   vertex -0.082003563642501831 0.00010974014730891213 0.76499998569488525
   vertex -0.0841389000415802 0.00010974014730891213 0.54206806421279907
   vertex -0.083785325288772583 0.00010974014730891213 0.54197335243225098
  endloop
 endfacet
 facet normal 0 -1 0
  outer loop
   vertex -0.08450356125831604 0.00010974014730891213 0.54209995269775391
   vertex -0.0841389000415802 0.00010974014730891213 0.54206806421279907
   vertex -0.082003563642501831 0.00010974014730891213 0.76499998569488525
  endloop
 endfacet
 facet normal 0 -1 0
  outer loop
   vertex -0.096301786601543427 0.00010974014730891213 0.76499998569488525
   vertex -0.08450356125831604 0.00010974014730891213 0.54209995269775391
   vertex -0.082003563642501831 0.00010974014730891213 0.76499998569488525
  endloop
 endfacet
 facet normal -0 -1 0
  outer loop
   vertex -0.08486822247505188 0.00010974014730891213 0.54206806421279907
   vertex -0.08450356125831604 0.00010974014730891213 0.54209995269775391
   vertex -0.096301786601543427 0.00010974014730891213 0.76499998569488525
  endloop
 endfacet
 facet normal -0 -1 0
  outer loop
   vertex -0.085221804678440094 0.00010974014730891213 0.54197335243225098
   vertex -0.08486822247505188 0.00010974014730891213 0.54206806421279907
   vertex -0.096301786601543427 0.00010974014730891213 0.76499998569488525
  endloop
 endfacet
 facet normal 0 -1 0
  outer loop
   vertex -0.096301786601543427 0.00010974014730891213 0.76499998569488525
   vertex -0.085553564131259918 0.00010974014730891213 0.54181861877441406
   vertex -0.085221804678440094 0.00010974014730891213 0.54197335243225098
  endloop
 endfacet
 facet normal -0 -1 0
  outer loop
   vertex -0.085853420197963715 0.00010974014730891213 0.54160869121551514
   vertex -0.085553564131259918 0.00010974014730891213 0.54181861877441406
   vertex -0.096301786601543427 0.00010974014730891213 0.76499998569488525
  endloop
 endfacet
 facet normal -0 -1 0
  outer loop
   vertex -0.086112260818481445 0.00010974014730891213 0.54134982824325562
   vertex -0.085853420197963715 0.00010974014730891213 0.54160869121551514
   vertex -0.096301786601543427 0.00010974014730891213 0.76499998569488525
  endloop
 endfacet
 facet normal -0 -1 0
  outer loop
   vertex -0.096301786601543427 0.00010974014730891213 0.52999997138977051
   vertex -0.086571663618087769 0.00010974014730891213 0.5396353006362915
   vertex -0.086603567004203796 0.00010974014730891213 0.53999996185302734
  endloop
 endfacet
 facet normal 0 -1 -0
  outer loop
   vertex -0.082003563642501831 0.00010974014730891213 0.52999997138977051
   vertex -0.0841389000415802 0.00010974014730891213 0.53793185949325562
   vertex -0.08450356125831604 0.00010974014730891213 0.53789997100830078
  endloop
 endfacet
 facet normal 0 -1 0
  outer loop
   vertex -0.096301786601543427 0.00010974014730891213 0.76499998569488525
   vertex -0.086322218179702759 0.00010974014730891213 0.54104995727539062
   vertex -0.086112260818481445 0.00010974014730891213 0.54134982824325562
  endloop
 endfacet
 facet normal -0 -1 0
  outer loop
   vertex -0.086476922035217285 0.00010974014730891213 0.5407181978225708
   vertex -0.086322218179702759 0.00010974014730891213 0.54104995727539062
   vertex -0.096301786601543427 0.00010974014730891213 0.76499998569488525
  endloop
 endfacet
 facet normal -0 -1 0
  outer loop
   vertex -0.096301786601543427 0.00010974014730891213 0.52999997138977051
   vertex -0.086476922035217285 0.00010974014730891213 0.5407181978225708
   vertex -0.096301786601543427 0.00010974014730891213 0.76499998569488525
  endloop
 endfacet
 facet normal 0 -1 0
  outer loop
   vertex -0.086571663618087769 0.00010974014730891213 0.54036462306976318
   vertex -0.086476922035217285 0.00010974014730891213 0.5407181978225708
   vertex -0.096301786601543427 0.00010974014730891213 0.52999997138977051
  endloop
 endfacet
 facet normal 0 -1 0
  outer loop
   vertex -0.086603567004203796 0.00010974014730891213 0.53999996185302734
   vertex -0.086571663618087769 0.00010974014730891213 0.54036462306976318
   vertex -0.096301786601543427 0.00010974014730891213 0.52999997138977051
  endloop
 endfacet
 facet normal 0 -1 -0
  outer loop
   vertex -0.082003563642501831 0.00010974014730891213 0.52999997138977051
   vertex -0.083785325288772583 0.00010974014730891213 0.53802663087844849
   vertex -0.0841389000415802 0.00010974014730891213 0.53793185949325562
  endloop
 endfacet
 facet normal 0 -1 0
  outer loop
   vertex -0.083453565835952759 0.00010974014730891213 0.53818130493164062
   vertex -0.083785325288772583 0.00010974014730891213 0.53802663087844849
   vertex -0.082003563642501831 0.00010974014730891213 0.52999997138977051
  endloop
 endfacet
 facet normal 0 -1 0
  outer loop
   vertex -0.083153709769248962 0.00010974014730891213 0.53839129209518433
   vertex -0.083453565835952759 0.00010974014730891213 0.53818130493164062
   vertex -0.082003563642501831 0.00010974014730891213 0.52999997138977051
  endloop
 endfacet
 facet normal 0 -1 -0
  outer loop
   vertex -0.085853420197963715 0.00010974014730891213 0.53839129209518433
   vertex -0.086112260818481445 0.00010974014730891213 0.53865009546279907
   vertex -0.096301786601543427 0.00010974014730891213 0.52999997138977051
  endloop
 endfacet
 facet normal 0 -1 0
  outer loop
   vertex -0.082003563642501831 0.00010974014730891213 0.76499998569488525
   vertex -0.082684911787509918 0.00010974014730891213 0.54104995727539062
   vertex -0.082530207931995392 0.00010974014730891213 0.5407181978225708
  endloop
 endfacet
 facet normal -0 -1 0
  outer loop
   vertex -0.096301786601543427 0.00010974014730891213 0.52999997138977051
   vertex -0.086476922035217285 0.00010974014730891213 0.53928172588348389
   vertex -0.086571663618087769 0.00010974014730891213 0.5396353006362915
  endloop
 endfacet
 facet normal 0 -1 -0
  outer loop
   vertex -0.086322218179702759 0.00010974014730891213 0.53894996643066406
   vertex -0.086476922035217285 0.00010974014730891213 0.53928172588348389
   vertex -0.096301786601543427 0.00010974014730891213 0.52999997138977051
  endloop
 endfacet
 facet normal 0 -1 -0
  outer loop
   vertex -0.086112260818481445 0.00010974014730891213 0.53865009546279907
   vertex -0.086322218179702759 0.00010974014730891213 0.53894996643066406
   vertex -0.096301786601543427 0.00010974014730891213 0.52999997138977051
  endloop
 endfacet
 facet normal -0 -1 0
  outer loop
   vertex -0.096301786601543427 0.00010974014730891213 0.52999997138977051
   vertex -0.085553564131259918 0.00010974014730891213 0.53818130493164062
   vertex -0.085853420197963715 0.00010974014730891213 0.53839129209518433
  endloop
 endfacet
 facet normal 0 -1 -0
  outer loop
   vertex -0.085221804678440094 0.00010974014730891213 0.53802663087844849
   vertex -0.085553564131259918 0.00010974014730891213 0.53818130493164062
   vertex -0.096301786601543427 0.00010974014730891213 0.52999997138977051
  endloop
 endfacet
 facet normal 0 -1 -0
  outer loop
   vertex -0.082003563642501831 0.00010974014730891213 0.52999997138977051
   vertex -0.085221804678440094 0.00010974014730891213 0.53802663087844849
   vertex -0.096301786601543427 0.00010974014730891213 0.52999997138977051
  endloop
 endfacet
 facet normal 0 -1 0
  outer loop
   vertex -0.08486822247505188 0.00010974014730891213 0.53793185949325562
   vertex -0.085221804678440094 0.00010974014730891213 0.53802663087844849
   vertex -0.082003563642501831 0.00010974014730891213 0.52999997138977051
  endloop
 endfacet
 facet normal 0 -1 0
  outer loop
   vertex -0.08450356125831604 0.00010974014730891213 0.53789997100830078
   vertex -0.08486822247505188 0.00010974014730891213 0.53793185949325562
   vertex -0.082003563642501831 0.00010974014730891213 0.52999997138977051
  endloop
 endfacet
 facet normal 0 -1 0
  outer loop
   vertex -0.082003563642501831 0.00010974014730891213 0.76499998569488525
   vertex -0.082894869148731232 0.00010974014730891213 0.54134982824325562
   vertex -0.082684911787509918 0.00010974014730891213 0.54104995727539062
  endloop
 endfacet
 facet normal 0 -1 0
  outer loop
   vertex -0.083153709769248962 0.00010974014730891213 0.54160869121551514
   vertex -0.082894869148731232 0.00010974014730891213 0.54134982824325562
   vertex -0.082003563642501831 0.00010974014730891213 0.76499998569488525
  endloop
 endfacet
 facet normal 0 -1 0
  outer loop
   vertex -0.083453565835952759 0.00010974014730891213 0.54181861877441406
   vertex -0.083153709769248962 0.00010974014730891213 0.54160869121551514
   vertex -0.082003563642501831 0.00010974014730891213 0.76499998569488525
  endloop
 endfacet
 facet normal 0 -1 -0
  outer loop
   vertex -0.082003563642501831 0.00010974014730891213 0.52999997138977051
   vertex -0.082894869148731232 0.00010974014730891213 0.53865009546279907
   vertex -0.083153709769248962 0.00010974014730891213 0.53839129209518433
  endloop
 endfacet
 facet normal 0 -1 0
  outer loop
   vertex -0.082684911787509918 0.00010974014730891213 0.53894996643066406
   vertex -0.082894869148731232 0.00010974014730891213 0.53865009546279907
   vertex -0.082003563642501831 0.00010974014730891213 0.52999997138977051
  endloop
 endfacet
 facet normal 0 -1 0
  outer loop
   vertex -0.082530207931995392 0.00010974014730891213 0.53928172588348389
   vertex -0.082684911787509918 0.00010974014730891213 0.53894996643066406
   vertex -0.082003563642501831 0.00010974014730891213 0.52999997138977051
  endloop
 endfacet
 facet normal 0 -1 -0
  outer loop
   vertex -0.082003563642501831 0.00010974014730891213 0.52999997138977051
   vertex -0.082435466349124908 0.00010974014730891213 0.5396353006362915
   vertex -0.082530207931995392 0.00010974014730891213 0.53928172588348389
  endloop
 endfacet
 facet normal 0 -1 0
  outer loop
   vertex -0.082403562963008881 0.00010974014730891213 0.53999996185302734
   vertex -0.082435466349124908 0.00010974014730891213 0.5396353006362915
   vertex -0.082003563642501831 0.00010974014730891213 0.52999997138977051
  endloop
 endfacet
 facet normal 0 -1 0
  outer loop
   vertex -0.082003563642501831 0.00010974014730891213 0.76499998569488525
   vertex -0.082403562963008881 0.00010974014730891213 0.53999996185302734
   vertex -0.082003563642501831 0.00010974014730891213 0.52999997138977051
  endloop
 endfacet
 facet normal 0 -1 0
  outer loop
   vertex -0.082435466349124908 0.00010974014730891213 0.54036462306976318
   vertex -0.082403562963008881 0.00010974014730891213 0.53999996185302734
   vertex -0.082003563642501831 0.00010974014730891213 0.76499998569488525
  endloop
 endfacet
 facet normal 0 -1 0
  outer loop
   vertex -0.082530207931995392 0.00010974014730891213 0.5407181978225708
   vertex -0.082435466349124908 0.00010974014730891213 0.54036462306976318
   vertex -0.082003563642501831 0.00010974014730891213 0.76499998569488525
  endloop
 endfacet
 facet normal 0 -1 -0
  outer loop
   vertex 0.10599630326032639 0.00010974014730891213 0.76499998569488525
   vertex 0.084864519536495209 0.00010974014730891213 0.98793190717697144
   vertex 0.084499858319759369 0.00010974014730891213 0.98789995908737183
  endloop
 endfacet
 facet normal 0 -1 0
  outer loop
   vertex 0.08199986070394516 0.00010974014730891213 0.99605000019073486
   vertex 0.084135197103023529 0.00010974014730891213 0.99206805229187012
   vertex 0.084499858319759369 0.00010974014730891213 0.99210000038146973
  endloop
 endfacet
 facet normal -0 -1 0
  outer loop
   vertex 0.083781622350215912 0.00010974014730891213 0.99197334051132202
   vertex 0.084135197103023529 0.00010974014730891213 0.99206805229187012
   vertex 0.08199986070394516 0.00010974014730891213 0.99605000019073486
  endloop
 endfacet
 facet normal -0 -1 0
  outer loop
   vertex 0.083449862897396088 0.00010974014730891213 0.99181860685348511
   vertex 0.083781622350215912 0.00010974014730891213 0.99197334051132202
   vertex 0.08199986070394516 0.00010974014730891213 0.99605000019073486
  endloop
 endfacet
 facet normal -0 -1 0
  outer loop
   vertex 0.08199986070394516 0.00010974014730891213 0.76499998569488525
   vertex 0.083149991929531097 0.00010974014730891213 0.98839128017425537
   vertex 0.082891158759593964 0.00010974014730891213 0.98865014314651489
  endloop
 endfacet
 facet normal 0 -1 -0
  outer loop
   vertex 0.10599630326032639 0.00010974014730891213 0.99605000019073486
   vertex 0.086318515241146088 0.00010974014730891213 0.98894995450973511
   vertex 0.086108557879924774 0.00010974014730891213 0.98865014314651489
  endloop
 endfacet
 facet normal 0 -1 0
  outer loop
   vertex 0.08199986070394516 0.00010974014730891213 0.99605000019073486
   vertex 0.083149991929531097 0.00010974014730891213 0.99160867929458618
   vertex 0.083449862897396088 0.00010974014730891213 0.99181860685348511
  endloop
 endfacet
 facet normal -0 -1 0
  outer loop
   vertex 0.082891158759593964 0.00010974014730891213 0.99134981632232666
   vertex 0.083149991929531097 0.00010974014730891213 0.99160867929458618
   vertex 0.08199986070394516 0.00010974014730891213 0.99605000019073486
  endloop
 endfacet
 facet normal -0 -1 0
  outer loop
   vertex 0.08268120139837265 0.00010974014730891213 0.99105000495910645
   vertex 0.082891158759593964 0.00010974014730891213 0.99134981632232666
   vertex 0.08199986070394516 0.00010974014730891213 0.99605000019073486
  endloop
 endfacet
 facet normal -0 -1 0
  outer loop
   vertex 0.08199986070394516 0.00010974014730891213 0.76499998569488525
   vertex 0.08243175595998764 0.00010974014730891213 0.98963528871536255
   vertex 0.082399852573871613 0.00010974014730891213 0.98999994993209839
  endloop
 endfacet
 facet normal -0 -1 0
  outer loop
   vertex 0.08199986070394516 0.00010974014730891213 0.76499998569488525
   vertex 0.083449862897396088 0.00010974014730891213 0.98818129301071167
   vertex 0.083149991929531097 0.00010974014730891213 0.98839128017425537
  endloop
 endfacet
 facet normal 0 -1 -0
  outer loop
   vertex 0.083781622350215912 0.00010974014730891213 0.98802661895751953
   vertex 0.083449862897396088 0.00010974014730891213 0.98818129301071167
   vertex 0.08199986070394516 0.00010974014730891213 0.76499998569488525
  endloop
 endfacet
 facet normal 0 -1 -0
  outer loop
   vertex 0.10599630326032639 0.00010974014730891213 0.76499998569488525
   vertex 0.083781622350215912 0.00010974014730891213 0.98802661895751953
   vertex 0.08199986070394516 0.00010974014730891213 0.76499998569488525
  endloop
 endfacet
 facet normal 0 -1 0
  outer loop
   vertex 0.084135197103023529 0.00010974014730891213 0.98793190717697144
   vertex 0.083781622350215912 0.00010974014730891213 0.98802661895751953
   vertex 0.10599630326032639 0.00010974014730891213 0.76499998569488525
  endloop
 endfacet
 facet normal 0 -1 0
  outer loop
   vertex 0.084499858319759369 0.00010974014730891213 0.98789995908737183
   vertex 0.084135197103023529 0.00010974014730891213 0.98793190717697144
   vertex 0.10599630326032639 0.00010974014730891213 0.76499998569488525
  endloop
 endfacet
 facet normal 0 -1 0
  outer loop
   vertex 0.08199986070394516 0.00010974014730891213 0.99605000019073486
   vertex 0.082526497542858124 0.00010974014730891213 0.99071824550628662
   vertex 0.08268120139837265 0.00010974014730891213 0.99105000495910645
  endloop
 endfacet
 facet normal -0 -1 0
  outer loop
   vertex 0.08243175595998764 0.00010974014730891213 0.99036461114883423
   vertex 0.082526497542858124 0.00010974014730891213 0.99071824550628662
   vertex 0.08199986070394516 0.00010974014730891213 0.99605000019073486
  endloop
 endfacet
 facet normal -0 -1 0
  outer loop
   vertex 0.082399852573871613 0.00010974014730891213 0.98999994993209839
   vertex 0.08243175595998764 0.00010974014730891213 0.99036461114883423
   vertex 0.08199986070394516 0.00010974014730891213 0.99605000019073486
  endloop
 endfacet
 facet normal 0 -1 -0
  outer loop
   vertex 0.10599630326032639 0.00010974014730891213 0.76499998569488525
   vertex 0.085218094289302826 0.00010974014730891213 0.98802661895751953
   vertex 0.084864519536495209 0.00010974014730891213 0.98793190717697144
  endloop
 endfacet
 facet normal 0 -1 0
  outer loop
   vertex 0.08554985374212265 0.00010974014730891213 0.98818129301071167
   vertex 0.085218094289302826 0.00010974014730891213 0.98802661895751953
   vertex 0.10599630326032639 0.00010974014730891213 0.76499998569488525
  endloop
 endfacet
 facet normal 0 -1 0
  outer loop
   vertex 0.10599630326032639 0.00010974014730891213 0.99605000019073486
   vertex 0.08554985374212265 0.00010974014730891213 0.98818129301071167
   vertex 0.10599630326032639 0.00010974014730891213 0.76499998569488525
  endloop
 endfacet
 facet normal 0 -1 0
  outer loop
   vertex 0.085849709808826447 0.00010974014730891213 0.98839128017425537
   vertex 0.08554985374212265 0.00010974014730891213 0.98818129301071167
   vertex 0.10599630326032639 0.00010974014730891213 0.99605000019073486
  endloop
 endfacet
 facet normal 0 -1 0
  outer loop
   vertex 0.086108557879924774 0.00010974014730891213 0.98865014314651489
   vertex 0.085849709808826447 0.00010974014730891213 0.98839128017425537
   vertex 0.10599630326032639 0.00010974014730891213 0.99605000019073486
  endloop
 endfacet
 facet normal 0 -1 0
  outer loop
   vertex 0.086108557879924774 0.00010974014730891213 0.99134981632232666
   vertex 0.086318515241146088 0.00010974014730891213 0.99105000495910645
   vertex 0.10599630326032639 0.00010974014730891213 0.99605000019073486
  endloop
 endfacet
 facet normal -0 -1 0
  outer loop
   vertex 0.08199986070394516 0.00010974014730891213 0.76499998569488525
   vertex 0.082526497542858124 0.00010974014730891213 0.98928171396255493
   vertex 0.08243175595998764 0.00010974014730891213 0.98963528871536255
  endloop
 endfacet
 facet normal 0 -1 -0
  outer loop
   vertex 0.08268120139837265 0.00010974014730891213 0.98894995450973511
   vertex 0.082526497542858124 0.00010974014730891213 0.98928171396255493
   vertex 0.08199986070394516 0.00010974014730891213 0.76499998569488525
  endloop
 endfacet
 facet normal 0 -1 -0
  outer loop
   vertex 0.082891158759593964 0.00010974014730891213 0.98865014314651489
   vertex 0.08268120139837265 0.00010974014730891213 0.98894995450973511
   vertex 0.08199986070394516 0.00010974014730891213 0.76499998569488525
  endloop
 endfacet
 facet normal 0 -1 -0
  outer loop
   vertex 0.10599630326032639 0.00010974014730891213 0.99605000019073486
   vertex 0.086473219096660614 0.00010974014730891213 0.98928171396255493
   vertex 0.086318515241146088 0.00010974014730891213 0.98894995450973511
  endloop
 endfacet
 facet normal 0 -1 0
  outer loop
   vertex 0.086567960679531097 0.00010974014730891213 0.98963528871536255
   vertex 0.086473219096660614 0.00010974014730891213 0.98928171396255493
   vertex 0.10599630326032639 0.00010974014730891213 0.99605000019073486
  endloop
 endfacet
 facet normal 0 -1 0
  outer loop
   vertex 0.086599849164485931 0.00010974014730891213 0.98999994993209839
   vertex 0.086567960679531097 0.00010974014730891213 0.98963528871536255
   vertex 0.10599630326032639 0.00010974014730891213 0.99605000019073486
  endloop
 endfacet
 facet normal 0 -1 0
  outer loop
   vertex 0.10599630326032639 0.00010974014730891213 0.99605000019073486
   vertex 0.086567960679531097 0.00010974014730891213 0.99036461114883423
   vertex 0.086599849164485931 0.00010974014730891213 0.98999994993209839
  endloop
 endfacet
 facet normal 0 -1 0
  outer loop
   vertex 0.086473219096660614 0.00010974014730891213 0.99071824550628662
   vertex 0.086567960679531097 0.00010974014730891213 0.99036461114883423
   vertex 0.10599630326032639 0.00010974014730891213 0.99605000019073486
  endloop
 endfacet
 facet normal 0 -1 0
  outer loop
   vertex 0.086318515241146088 0.00010974014730891213 0.99105000495910645
   vertex 0.086473219096660614 0.00010974014730891213 0.99071824550628662
   vertex 0.10599630326032639 0.00010974014730891213 0.99605000019073486
  endloop
 endfacet
 facet normal 0 -1 0
  outer loop
   vertex 0.10599630326032639 0.00010974014730891213 0.99605000019073486
   vertex 0.085849709808826447 0.00010974014730891213 0.99160867929458618
   vertex 0.086108557879924774 0.00010974014730891213 0.99134981632232666
  endloop
 endfacet
 facet normal 0 -1 0
  outer loop
   vertex 0.08554985374212265 0.00010974014730891213 0.99181860685348511
   vertex 0.085849709808826447 0.00010974014730891213 0.99160867929458618
   vertex 0.10599630326032639 0.00010974014730891213 0.99605000019073486
  endloop
 endfacet
 facet normal 0 -1 0
  outer loop
   vertex 0.08199986070394516 0.00010974014730891213 0.99605000019073486
   vertex 0.08554985374212265 0.00010974014730891213 0.99181860685348511
   vertex 0.10599630326032639 0.00010974014730891213 0.99605000019073486
  endloop
 endfacet
 facet normal 0 -1 0
  outer loop
   vertex 0.085218094289302826 0.00010974014730891213 0.99197334051132202
   vertex 0.08554985374212265 0.00010974014730891213 0.99181860685348511
   vertex 0.08199986070394516 0.00010974014730891213 0.99605000019073486
  endloop
 endfacet
 facet normal 0 -1 0
  outer loop
   vertex 0.084864519536495209 0.00010974014730891213 0.99206805229187012
   vertex 0.085218094289302826 0.00010974014730891213 0.99197334051132202
   vertex 0.08199986070394516 0.00010974014730891213 0.99605000019073486
  endloop
 endfacet
 facet normal 0 -1 0
  outer loop
   vertex 0.00049643992679193616 0.00010974014730891213 0.99210000038146973
   vertex -0.017003566026687622 0.00010974014730891213 0.99605000019073486
   vertex 0.00013177871005609632 0.00010974014730891213 0.99206805229187012
  endloop
 endfacet
 facet normal 0 -1 0
  outer loop
   vertex 0.017498143017292023 0.00010974014730891213 0.99605000019073486
   vertex -0.017003566026687622 0.00010974014730891213 0.99605000019073486
   vertex 0.00049643992679193616 0.00010974014730891213 0.99210000038146973
  endloop
 endfacet
 facet normal -0 -1 0
  outer loop
   vertex -0.017003566026687622 0.00010974014730891213 0.76499998569488525
   vertex -0.00055357039673253894 0.00010974014730891213 0.98818129301071167
   vertex -0.00085341156227514148 0.00010974014730891213 0.98839128017425537
  endloop
 endfacet
 facet normal -0 -1 0
  outer loop
   vertex -0.017003566026687622 0.00010974014730891213 0.76499998569488525
   vertex -0.00022181094391271472 0.00010974014730891213 0.98802661895751953
   vertex -0.00055357039673253894 0.00010974014730891213 0.98818129301071167
  endloop
 endfacet
 facet normal 0 -1 -0
  outer loop
   vertex 0.00013177871005609632 0.00010974014730891213 0.98793190717697144
   vertex -0.00022181094391271472 0.00010974014730891213 0.98802661895751953
   vertex -0.017003566026687622 0.00010974014730891213 0.76499998569488525
  endloop
 endfacet
 facet normal 0 -1 -0
  outer loop
   vertex 0.017498143017292023 0.00010974014730891213 0.76499998569488525
   vertex 0.00013177871005609632 0.00010974014730891213 0.98793190717697144
   vertex -0.017003566026687622 0.00010974014730891213 0.76499998569488525
  endloop
 endfacet
 facet normal 0 -1 0
  outer loop
   vertex 0.00049643992679193616 0.00010974014730891213 0.98789995908737183
   vertex 0.00013177871005609632 0.00010974014730891213 0.98793190717697144
   vertex 0.017498143017292023 0.00010974014730891213 0.76499998569488525
  endloop
 endfacet
 facet normal 0 -1 0
  outer loop
   vertex -0.017003566026687622 0.00010974014730891213 0.99605000019073486
   vertex -0.00022181094391271472 0.00010974014730891213 0.99197334051132202
   vertex 0.00013177871005609632 0.00010974014730891213 0.99206805229187012
  endloop
 endfacet
 facet normal -0 -1 0
  outer loop
   vertex -0.00055357039673253894 0.00010974014730891213 0.99181860685348511
   vertex -0.00022181094391271472 0.00010974014730891213 0.99197334051132202
   vertex -0.017003566026687622 0.00010974014730891213 0.99605000019073486
  endloop
 endfacet
 facet normal -0 -1 0
  outer loop
   vertex -0.00085341156227514148 0.00010974014730891213 0.99160867929458618
   vertex -0.00055357039673253894 0.00010974014730891213 0.99181860685348511
   vertex -0.017003566026687622 0.00010974014730891213 0.99605000019073486
  endloop
 endfacet
 facet normal 0 -1 0
  outer loop
   vertex 0.017498143017292023 0.00010974014730891213 0.99605000019073486
   vertex 0.0015464354073628783 0.00010974014730891213 0.99181860685348511
   vertex 0.0018462914740666747 0.00010974014730891213 0.99160867929458618
  endloop
 endfacet
 facet normal 0 -1 -0
  outer loop
   vertex 0.017498143017292023 0.00010974014730891213 0.76499998569488525
   vertex 0.000861101143527776 0.00010974014730891213 0.98793190717697144
   vertex 0.00049643992679193616 0.00010974014730891213 0.98789995908737183
  endloop
 endfacet
 facet normal 0 -1 0
  outer loop
   vertex 0.0012146759545430541 0.00010974014730891213 0.98802661895751953
   vertex 0.000861101143527776 0.00010974014730891213 0.98793190717697144
   vertex 0.017498143017292023 0.00010974014730891213 0.76499998569488525
  endloop
 endfacet
 facet normal 0 -1 0
  outer loop
   vertex 0.0015464354073628783 0.00010974014730891213 0.98818129301071167
   vertex 0.0012146759545430541 0.00010974014730891213 0.98802661895751953
   vertex 0.017498143017292023 0.00010974014730891213 0.76499998569488525
  endloop
 endfacet
 facet normal 0 -1 -0
  outer loop
   vertex 0.017498143017292023 0.00010974014730891213 0.99605000019073486
   vertex 0.0021051245275884867 0.00010974014730891213 0.98865014314651489
   vertex 0.0018462914740666747 0.00010974014730891213 0.98839128017425537
  endloop
 endfacet
 facet normal 0 -1 0
  outer loop
   vertex 0.017498143017292023 0.00010974014730891213 0.99605000019073486
   vertex 0.0012146759545430541 0.00010974014730891213 0.99197334051132202
   vertex 0.0015464354073628783 0.00010974014730891213 0.99181860685348511
  endloop
 endfacet
 facet normal 0 -1 0
  outer loop
   vertex 0.000861101143527776 0.00010974014730891213 0.99206805229187012
   vertex 0.0012146759545430541 0.00010974014730891213 0.99197334051132202
   vertex 0.017498143017292023 0.00010974014730891213 0.99605000019073486
  endloop
 endfacet
 facet normal 0 -1 0
  outer loop
   vertex 0.00049643992679193616 0.00010974014730891213 0.99210000038146973
   vertex 0.000861101143527776 0.00010974014730891213 0.99206805229187012
   vertex 0.017498143017292023 0.00010974014730891213 0.99605000019073486
  endloop
 endfacet
 facet normal 0 -1 0
  outer loop
   vertex 0.08199986070394516 0.00010974014730891213 0.99605000019073486
   vertex 0.08199986070394516 0.00010974014730891213 0.76499998569488525
   vertex 0.082399852573871613 0.00010974014730891213 0.98999994993209839
  endloop
 endfacet
 facet normal 0 -1 0
  outer loop
   vertex 0.017498143017292023 0.00010974014730891213 0.76499998569488525
   vertex 0.08199986070394516 0.00010974014730891213 0.76499998569488525
   vertex 0.08199986070394516 0.00010974014730891213 0.99605000019073486
  endloop
 endfacet
 facet normal 0 -1 0
  outer loop
   vertex 0.017498143017292023 0.00010974014730891213 0.99605000019073486
   vertex 0.017498143017292023 0.00010974014730891213 0.76499998569488525
   vertex 0.08199986070394516 0.00010974014730891213 0.99605000019073486
  endloop
 endfacet
 facet normal 0 -1 0
  outer loop
   vertex 0.0015464354073628783 0.00010974014730891213 0.98818129301071167
   vertex 0.017498143017292023 0.00010974014730891213 0.76499998569488525
   vertex 0.017498143017292023 0.00010974014730891213 0.99605000019073486
  endloop
 endfacet
 facet normal 0 -1 0
  outer loop
   vertex 0.0018462914740666747 0.00010974014730891213 0.98839128017425537
   vertex 0.0015464354073628783 0.00010974014730891213 0.98818129301071167
   vertex 0.017498143017292023 0.00010974014730891213 0.99605000019073486
  endloop
 endfacet
 facet normal 0 -1 0
  outer loop
   vertex -0.017003566026687622 0.00010974014730891213 0.99605000019073486
   vertex -0.0011122595751658082 0.00010974014730891213 0.99134981632232666
   vertex -0.00085341156227514148 0.00010974014730891213 0.99160867929458618
  endloop
 endfacet
 facet normal -0 -1 0
  outer loop
   vertex -0.0013222169363871217 0.00010974014730891213 0.99105000495910645
   vertex -0.0011122595751658082 0.00010974014730891213 0.99134981632232666
   vertex -0.017003566026687622 0.00010974014730891213 0.99605000019073486
  endloop
 endfacet
 facet normal -0 -1 0
  outer loop
   vertex -0.001476920791901648 0.00010974014730891213 0.99071824550628662
   vertex -0.0013222169363871217 0.00010974014730891213 0.99105000495910645
   vertex -0.017003566026687622 0.00010974014730891213 0.99605000019073486
  endloop
 endfacet
 facet normal 0 -1 0
  outer loop
   vertex -0.017003566026687622 0.00010974014730891213 0.99605000019073486
   vertex -0.0015716623747721314 0.00010974014730891213 0.99036461114883423
   vertex -0.001476920791901648 0.00010974014730891213 0.99071824550628662
  endloop
 endfacet
 facet normal -0 -1 0
  outer loop
   vertex -0.0016035657608881593 0.00010974014730891213 0.98999994993209839
   vertex -0.0015716623747721314 0.00010974014730891213 0.99036461114883423
   vertex -0.017003566026687622 0.00010974014730891213 0.99605000019073486
  endloop
 endfacet
 facet normal -0 -1 -0
  outer loop
   vertex -0.0015716623747721314 0.00010974014730891213 0.98963528871536255
   vertex -0.0016035657608881593 0.00010974014730891213 0.98999994993209839
   vertex -0.017003566026687622 0.00010974014730891213 0.99605000019073486
  endloop
 endfacet
 facet normal 0 -1 0
  outer loop
   vertex -0.017003566026687622 0.00010974014730891213 0.99605000019073486
   vertex -0.001476920791901648 0.00010974014730891213 0.98928171396255493
   vertex -0.0015716623747721314 0.00010974014730891213 0.98963528871536255
  endloop
 endfacet
 facet normal -0 -1 -0
  outer loop
   vertex -0.0013222169363871217 0.00010974014730891213 0.98894995450973511
   vertex -0.001476920791901648 0.00010974014730891213 0.98928171396255493
   vertex -0.017003566026687622 0.00010974014730891213 0.99605000019073486
  endloop
 endfacet
 facet normal -0 -1 0
  outer loop
   vertex -0.017003566026687622 0.00010974014730891213 0.76499998569488525
   vertex -0.0013222169363871217 0.00010974014730891213 0.98894995450973511
   vertex -0.017003566026687622 0.00010974014730891213 0.99605000019073486
  endloop
 endfacet
 facet normal 0 -1 -0
  outer loop
   vertex -0.0011122595751658082 0.00010974014730891213 0.98865014314651489
   vertex -0.0013222169363871217 0.00010974014730891213 0.98894995450973511
   vertex -0.017003566026687622 0.00010974014730891213 0.76499998569488525
  endloop
 endfacet
 facet normal 0 -1 -0
  outer loop
   vertex -0.00085341156227514148 0.00010974014730891213 0.98839128017425537
   vertex -0.0011122595751658082 0.00010974014730891213 0.98865014314651489
   vertex -0.017003566026687622 0.00010974014730891213 0.76499998569488525
  endloop
 endfacet
 facet normal 0 -1 -0
  outer loop
   vertex 0.017498143017292023 0.00010974014730891213 0.99605000019073486
   vertex 0.0023150818888098001 0.00010974014730891213 0.98894995450973511
   vertex 0.0021051245275884867 0.00010974014730891213 0.98865014314651489
  endloop
 endfacet
 facet normal 0 -1 0
  outer loop
   vertex 0.0024697857443243265 0.00010974014730891213 0.98928171396255493
   vertex 0.0023150818888098001 0.00010974014730891213 0.98894995450973511
   vertex 0.017498143017292023 0.00010974014730891213 0.99605000019073486
  endloop
 endfacet
 facet normal 0 -1 0
  outer loop
   vertex 0.0025645273271948099 0.00010974014730891213 0.98963528871536255
   vertex 0.0024697857443243265 0.00010974014730891213 0.98928171396255493
   vertex 0.017498143017292023 0.00010974014730891213 0.99605000019073486
  endloop
 endfacet
 facet normal 0 -1 -0
  outer loop
   vertex 0.017498143017292023 0.00010974014730891213 0.99605000019073486
   vertex 0.0025964307133108377 0.00010974014730891213 0.98999994993209839
   vertex 0.0025645273271948099 0.00010974014730891213 0.98963528871536255
  endloop
 endfacet
 facet normal 0 -1 0
  outer loop
   vertex 0.0025645273271948099 0.00010974014730891213 0.99036461114883423
   vertex 0.0025964307133108377 0.00010974014730891213 0.98999994993209839
   vertex 0.017498143017292023 0.00010974014730891213 0.99605000019073486
  endloop
 endfacet
 facet normal 0 -1 0
  outer loop
   vertex 0.0024697857443243265 0.00010974014730891213 0.99071824550628662
   vertex 0.0025645273271948099 0.00010974014730891213 0.99036461114883423
   vertex 0.017498143017292023 0.00010974014730891213 0.99605000019073486
  endloop
 endfacet
 facet normal 0 -1 0
  outer loop
   vertex 0.017498143017292023 0.00010974014730891213 0.99605000019073486
   vertex 0.0023150818888098001 0.00010974014730891213 0.99105000495910645
   vertex 0.0024697857443243265 0.00010974014730891213 0.99071824550628662
  endloop
 endfacet
 facet normal 0 -1 0
  outer loop
   vertex 0.0021051245275884867 0.00010974014730891213 0.99134981632232666
   vertex 0.0023150818888098001 0.00010974014730891213 0.99105000495910645
   vertex 0.017498143017292023 0.00010974014730891213 0.99605000019073486
  endloop
 endfacet
 facet normal 0 -1 0
  outer loop
   vertex 0.0018462914740666747 0.00010974014730891213 0.99160867929458618
   vertex 0.0021051245275884867 0.00010974014730891213 0.99134981632232666
   vertex 0.017498143017292023 0.00010974014730891213 0.99605000019073486
  endloop
 endfacet
 facet normal 0 -1 0
  outer loop
   vertex -0.017003566026687622 0.00010974014730891213 0.23750001192092896
   vertex -0.034503564238548279 0.00010974014730891213 0.017100000753998756
   vertex -0.034138903021812439 0.00010974014730891213 0.017068095505237579
  endloop
 endfacet
 facet normal 0 -1 0
  outer loop
   vertex -0.082003563642501831 0.00010974014730891213 0.23750001192092896
   vertex -0.034503564238548279 0.00010974014730891213 0.017100000753998756
   vertex -0.017003566026687622 0.00010974014730891213 0.23750001192092896
  endloop
 endfacet
 facet normal 0 -1 0
  outer loop
   vertex -0.017003566026687622 0.00010974014730891213 0.4699999988079071
   vertex -0.082003563642501831 0.00010974014730891213 0.23750001192092896
   vertex -0.017003566026687622 0.00010974014730891213 0.23750001192092896
  endloop
 endfacet
 facet normal 0 -1 0
  outer loop
   vertex -0.082003563642501831 0.00010974014730891213 0.4699999988079071
   vertex -0.082003563642501831 0.00010974014730891213 0.23750001192092896
   vertex -0.017003566026687622 0.00010974014730891213 0.4699999988079071
  endloop
 endfacet
 facet normal 0 -1 0
  outer loop
   vertex -0.017003566026687622 0.00010974014730891213 0.5
   vertex -0.082003563642501831 0.00010974014730891213 0.4699999988079071
   vertex -0.017003566026687622 0.00010974014730891213 0.4699999988079071
  endloop
 endfacet
 facet normal 0 -1 0
  outer loop
   vertex -0.082003563642501831 0.00010974014730891213 0.5
   vertex -0.082003563642501831 0.00010974014730891213 0.4699999988079071
   vertex -0.017003566026687622 0.00010974014730891213 0.5
  endloop
 endfacet
 facet normal 0 -1 0
  outer loop
   vertex -0.017003566026687622 0.00010974014730891213 0.52999997138977051
   vertex -0.082003563642501831 0.00010974014730891213 0.5
   vertex -0.017003566026687622 0.00010974014730891213 0.5
  endloop
 endfacet
 facet normal 0 -1 0
  outer loop
   vertex -0.082003563642501831 0.00010974014730891213 0.52999997138977051
   vertex -0.082003563642501831 0.00010974014730891213 0.5
   vertex -0.017003566026687622 0.00010974014730891213 0.52999997138977051
  endloop
 endfacet
 facet normal 0 -1 0
  outer loop
   vertex -0.017003566026687622 0.00010974014730891213 0.76499998569488525
   vertex -0.082003563642501831 0.00010974014730891213 0.52999997138977051
   vertex -0.017003566026687622 0.00010974014730891213 0.52999997138977051
  endloop
 endfacet
 facet normal 0 -1 0
  outer loop
   vertex -0.082003563642501831 0.00010974014730891213 0.76499998569488525
   vertex -0.082003563642501831 0.00010974014730891213 0.52999997138977051
   vertex -0.017003566026687622 0.00010974014730891213 0.76499998569488525
  endloop
 endfacet
 facet normal 0 -1 0
  outer loop
   vertex -0.017003566026687622 0.00010974014730891213 0.99605000019073486
   vertex -0.082003563642501831 0.00010974014730891213 0.76499998569488525
   vertex -0.017003566026687622 0.00010974014730891213 0.76499998569488525
  endloop
 endfacet
 facet normal 0 -1 0
  outer loop
   vertex -0.082003563642501831 0.00010974014730891213 0.99605000019073486
   vertex -0.082003563642501831 0.00010974014730891213 0.76499998569488525
   vertex -0.017003566026687622 0.00010974014730891213 0.99605000019073486
  endloop
 endfacet
 facet normal -0 -1 -0
  outer loop
   vertex -0.082003563642501831 0.00010974014730891213 0.76499998569488525
   vertex -0.08450356125831604 0.00010974014730891213 0.98789995908737183
   vertex -0.08486822247505188 0.00010974014730891213 0.98793190717697144
  endloop
 endfacet
 facet normal 0 -1 -0
  outer loop
   vertex -0.082003563642501831 0.00010974014730891213 0.76499998569488525
   vertex -0.083153709769248962 0.00010974014730891213 0.98839128017425537
   vertex -0.083453565835952759 0.00010974014730891213 0.98818129301071167
  endloop
 endfacet
 facet normal 0 -1 -0
  outer loop
   vertex -0.082003563642501831 0.00010974014730891213 0.76499998569488525
   vertex -0.0841389000415802 0.00010974014730891213 0.98793190717697144
   vertex -0.08450356125831604 0.00010974014730891213 0.98789995908737183
  endloop
 endfacet
 facet normal 0 -1 0
  outer loop
   vertex -0.083785325288772583 0.00010974014730891213 0.98802661895751953
   vertex -0.0841389000415802 0.00010974014730891213 0.98793190717697144
   vertex -0.082003563642501831 0.00010974014730891213 0.76499998569488525
  endloop
 endfacet
 facet normal 0 -1 0
  outer loop
   vertex -0.083453565835952759 0.00010974014730891213 0.98818129301071167
   vertex -0.083785325288772583 0.00010974014730891213 0.98802661895751953
   vertex -0.082003563642501831 0.00010974014730891213 0.76499998569488525
  endloop
 endfacet
 facet normal 0 -1 0
  outer loop
   vertex -0.082003563642501831 0.00010974014730891213 0.99605000019073486
   vertex -0.082894869148731232 0.00010974014730891213 0.99134981632232666
   vertex -0.082684911787509918 0.00010974014730891213 0.99105000495910645
  endloop
 endfacet
 facet normal 0 -1 0
  outer loop
   vertex -0.0841389000415802 0.00010974014730891213 0.99206805229187012
   vertex -0.083785325288772583 0.00010974014730891213 0.99197334051132202
   vertex -0.082003563642501831 0.00010974014730891213 0.99605000019073486
  endloop
 endfacet
 facet normal 0 -1 0
  outer loop
   vertex -0.082003563642501831 0.00010974014730891213 0.99605000019073486
   vertex -0.08450356125831604 0.00010974014730891213 0.99210000038146973
   vertex -0.0841389000415802 0.00010974014730891213 0.99206805229187012
  endloop
 endfacet
 facet normal -0 -1 0
  outer loop
   vertex -0.08486822247505188 0.00010974014730891213 0.99206805229187012
   vertex -0.08450356125831604 0.00010974014730891213 0.99210000038146973
   vertex -0.082003563642501831 0.00010974014730891213 0.99605000019073486
  endloop
 endfacet
 facet normal 0 -1 0
  outer loop
   vertex -0.096301786601543427 0.00010974014730891213 0.99605000019073486
   vertex -0.08486822247505188 0.00010974014730891213 0.99206805229187012
   vertex -0.082003563642501831 0.00010974014730891213 0.99605000019073486
  endloop
 endfacet
 facet normal -0 -1 0
  outer loop
   vertex -0.085221804678440094 0.00010974014730891213 0.99197334051132202
   vertex -0.08486822247505188 0.00010974014730891213 0.99206805229187012
   vertex -0.096301786601543427 0.00010974014730891213 0.99605000019073486
  endloop
 endfacet
 facet normal -0 -1 0
  outer loop
   vertex -0.085553564131259918 0.00010974014730891213 0.99181860685348511
   vertex -0.085221804678440094 0.00010974014730891213 0.99197334051132202
   vertex -0.096301786601543427 0.00010974014730891213 0.99605000019073486
  endloop
 endfacet
 facet normal 0 -1 0
  outer loop
   vertex -0.096301786601543427 0.00010974014730891213 0.99605000019073486
   vertex -0.085853420197963715 0.00010974014730891213 0.99160867929458618
   vertex -0.085553564131259918 0.00010974014730891213 0.99181860685348511
  endloop
 endfacet
 facet normal -0 -1 0
  outer loop
   vertex -0.086112260818481445 0.00010974014730891213 0.99134981632232666
   vertex -0.085853420197963715 0.00010974014730891213 0.99160867929458618
   vertex -0.096301786601543427 0.00010974014730891213 0.99605000019073486
  endloop
 endfacet
 facet normal -0 -1 0
  outer loop
   vertex -0.086322218179702759 0.00010974014730891213 0.99105000495910645
   vertex -0.086112260818481445 0.00010974014730891213 0.99134981632232666
   vertex -0.096301786601543427 0.00010974014730891213 0.99605000019073486
  endloop
 endfacet
 facet normal -0 -1 0
  outer loop
   vertex -0.096301786601543427 0.00010974014730891213 0.76499998569488525
   vertex -0.085853420197963715 0.00010974014730891213 0.98839128017425537
   vertex -0.086112260818481445 0.00010974014730891213 0.98865014314651489
  endloop
 endfacet
 facet normal 0 -1 -0
  outer loop
   vertex -0.085553564131259918 0.00010974014730891213 0.98818129301071167
   vertex -0.085853420197963715 0.00010974014730891213 0.98839128017425537
   vertex -0.096301786601543427 0.00010974014730891213 0.76499998569488525
  endloop
 endfacet
 facet normal 0 -1 -0
  outer loop
   vertex -0.082003563642501831 0.00010974014730891213 0.76499998569488525
   vertex -0.085553564131259918 0.00010974014730891213 0.98818129301071167
   vertex -0.096301786601543427 0.00010974014730891213 0.76499998569488525
  endloop
 endfacet
 facet normal 0 -1 0
  outer loop
   vertex -0.085221804678440094 0.00010974014730891213 0.98802661895751953
   vertex -0.085553564131259918 0.00010974014730891213 0.98818129301071167
   vertex -0.082003563642501831 0.00010974014730891213 0.76499998569488525
  endloop
 endfacet
 facet normal 0 -1 0
  outer loop
   vertex -0.08486822247505188 0.00010974014730891213 0.98793190717697144
   vertex -0.085221804678440094 0.00010974014730891213 0.98802661895751953
   vertex -0.082003563642501831 0.00010974014730891213 0.76499998569488525
  endloop
 endfacet
 facet normal 0 -1 0
  outer loop
   vertex -0.082530207931995392 0.00010974014730891213 0.99071824550628662
   vertex -0.082003563642501831 0.00010974014730891213 0.99605000019073486
   vertex -0.082684911787509918 0.00010974014730891213 0.99105000495910645
  endloop
 endfacet
 facet normal 0 -1 0
  outer loop
   vertex -0.082003563642501831 0.00010974014730891213 0.99605000019073486
   vertex -0.083153709769248962 0.00010974014730891213 0.99160867929458618
   vertex -0.082894869148731232 0.00010974014730891213 0.99134981632232666
  endloop
 endfacet
 facet normal 0 -1 0
  outer loop
   vertex -0.083453565835952759 0.00010974014730891213 0.99181860685348511
   vertex -0.083153709769248962 0.00010974014730891213 0.99160867929458618
   vertex -0.082003563642501831 0.00010974014730891213 0.99605000019073486
  endloop
 endfacet
 facet normal 0 -1 0
  outer loop
   vertex -0.083785325288772583 0.00010974014730891213 0.99197334051132202
   vertex -0.083453565835952759 0.00010974014730891213 0.99181860685348511
   vertex -0.082003563642501831 0.00010974014730891213 0.99605000019073486
  endloop
 endfacet
 facet normal 0 -1 -0
  outer loop
   vertex -0.082003563642501831 0.00010974014730891213 0.76499998569488525
   vertex -0.082894869148731232 0.00010974014730891213 0.98865014314651489
   vertex -0.083153709769248962 0.00010974014730891213 0.98839128017425537
  endloop
 endfacet
 facet normal 0 -1 0
  outer loop
   vertex -0.082684911787509918 0.00010974014730891213 0.98894995450973511
   vertex -0.082894869148731232 0.00010974014730891213 0.98865014314651489
   vertex -0.082003563642501831 0.00010974014730891213 0.76499998569488525
  endloop
 endfacet
 facet normal 0 -1 0
  outer loop
   vertex -0.082530207931995392 0.00010974014730891213 0.98928171396255493
   vertex -0.082684911787509918 0.00010974014730891213 0.98894995450973511
   vertex -0.082003563642501831 0.00010974014730891213 0.76499998569488525
  endloop
 endfacet
 facet normal 0 -1 -0
  outer loop
   vertex -0.082003563642501831 0.00010974014730891213 0.76499998569488525
   vertex -0.082435466349124908 0.00010974014730891213 0.98963528871536255
   vertex -0.082530207931995392 0.00010974014730891213 0.98928171396255493
  endloop
 endfacet
 facet normal 0 -1 0
  outer loop
   vertex -0.082403562963008881 0.00010974014730891213 0.98999994993209839
   vertex -0.082435466349124908 0.00010974014730891213 0.98963528871536255
   vertex -0.082003563642501831 0.00010974014730891213 0.76499998569488525
  endloop
 endfacet
 facet normal 0 -1 0
  outer loop
   vertex -0.082003563642501831 0.00010974014730891213 0.99605000019073486
   vertex -0.082403562963008881 0.00010974014730891213 0.98999994993209839
   vertex -0.082003563642501831 0.00010974014730891213 0.76499998569488525
  endloop
 endfacet
 facet normal 0 -1 0
  outer loop
   vertex -0.082435466349124908 0.00010974014730891213 0.99036461114883423
   vertex -0.082403562963008881 0.00010974014730891213 0.98999994993209839
   vertex -0.082003563642501831 0.00010974014730891213 0.99605000019073486
  endloop
 endfacet
 facet normal 0 -1 0
  outer loop
   vertex -0.082530207931995392 0.00010974014730891213 0.99071824550628662
   vertex -0.082435466349124908 0.00010974014730891213 0.99036461114883423
   vertex -0.082003563642501831 0.00010974014730891213 0.99605000019073486
  endloop
 endfacet
 facet normal 0 -1 0
  outer loop
   vertex -0.096301786601543427 0.00010974014730891213 0.99605000019073486
   vertex -0.086476922035217285 0.00010974014730891213 0.99071824550628662
   vertex -0.086322218179702759 0.00010974014730891213 0.99105000495910645
  endloop
 endfacet
 facet normal -0 -1 0
  outer loop
   vertex -0.086571663618087769 0.00010974014730891213 0.99036461114883423
   vertex -0.086476922035217285 0.00010974014730891213 0.99071824550628662
   vertex -0.096301786601543427 0.00010974014730891213 0.99605000019073486
  endloop
 endfacet
 facet normal -0 -1 0
  outer loop
   vertex -0.086603567004203796 0.00010974014730891213 0.98999994993209839
   vertex -0.086571663618087769 0.00010974014730891213 0.99036461114883423
   vertex -0.096301786601543427 0.00010974014730891213 0.99605000019073486
  endloop
 endfacet
 facet normal 0 -1 0
  outer loop
   vertex -0.096301786601543427 0.00010974014730891213 0.99605000019073486
   vertex -0.086571663618087769 0.00010974014730891213 0.98963528871536255
   vertex -0.086603567004203796 0.00010974014730891213 0.98999994993209839
  endloop
 endfacet
 facet normal -0 -1 -0
  outer loop
   vertex -0.086476922035217285 0.00010974014730891213 0.98928171396255493
   vertex -0.086571663618087769 0.00010974014730891213 0.98963528871536255
   vertex -0.096301786601543427 0.00010974014730891213 0.99605000019073486
  endloop
 endfacet
 facet normal -0 -1 0
  outer loop
   vertex -0.096301786601543427 0.00010974014730891213 0.76499998569488525
   vertex -0.086476922035217285 0.00010974014730891213 0.98928171396255493
   vertex -0.096301786601543427 0.00010974014730891213 0.99605000019073486
  endloop
 endfacet
 facet normal 0 -1 -0
  outer loop
   vertex -0.086322218179702759 0.00010974014730891213 0.98894995450973511
   vertex -0.086476922035217285 0.00010974014730891213 0.98928171396255493
   vertex -0.096301786601543427 0.00010974014730891213 0.76499998569488525
  endloop
 endfacet
 facet normal 0 -1 -0
  outer loop
   vertex -0.086112260818481445 0.00010974014730891213 0.98865014314651489
   vertex -0.086322218179702759 0.00010974014730891213 0.98894995450973511
   vertex -0.096301786601543427 0.00010974014730891213 0.76499998569488525
  endloop
 endfacet
 facet normal 0 -1 0
  outer loop
   vertex 0.08199986070394516 0.00010974014730891213 1
   vertex 0.08199986070394516 0.00010974014730891213 0.99605000019073486
   vertex 0.10599630326032639 0.00010974014730891213 1
  endloop
 endfacet
 facet normal 0 -1 0
  outer loop
   vertex 0.017498143017292023 0.00010974014730891213 0.99605000019073486
   vertex 0.08199986070394516 0.00010974014730891213 0.99605000019073486
   vertex 0.08199986070394516 0.00010974014730891213 1
  endloop
 endfacet
 facet normal 0 -1 0
  outer loop
   vertex 0.017498143017292023 0.00010974014730891213 1
   vertex 0.017498143017292023 0.00010974014730891213 0.99605000019073486
   vertex 0.08199986070394516 0.00010974014730891213 1
  endloop
 endfacet
 facet normal 0 -1 0
  outer loop
   vertex -0.017003566026687622 0.00010974014730891213 0.99605000019073486
   vertex 0.017498143017292023 0.00010974014730891213 0.99605000019073486
   vertex 0.017498143017292023 0.00010974014730891213 1
  endloop
 endfacet
 facet normal 0 -1 0
  outer loop
   vertex -0.017003566026687622 0.00010974014730891213 1
   vertex -0.017003566026687622 0.00010974014730891213 0.99605000019073486
   vertex 0.017498143017292023 0.00010974014730891213 1
  endloop
 endfacet
 facet normal 0 -1 0
  outer loop
   vertex -0.082003563642501831 0.00010974014730891213 0.99605000019073486
   vertex -0.017003566026687622 0.00010974014730891213 0.99605000019073486
   vertex -0.017003566026687622 0.00010974014730891213 1
  endloop
 endfacet
 facet normal 0 -1 0
  outer loop
   vertex -0.082003563642501831 0.00010974014730891213 1
   vertex -0.082003563642501831 0.00010974014730891213 0.99605000019073486
   vertex -0.017003566026687622 0.00010974014730891213 1
  endloop
 endfacet
 facet normal 0 -1 0
  outer loop
   vertex -0.096301786601543427 0.00010974014730891213 0.99605000019073486
   vertex -0.082003563642501831 0.00010974014730891213 0.99605000019073486
   vertex -0.082003563642501831 0.00010974014730891213 1
  endloop
 endfacet
 facet normal 0 -1 0
  outer loop
   vertex -0.096301786601543427 0.00010974014730891213 1
   vertex -0.096301786601543427 0.00010974014730891213 0.99605000019073486
   vertex -0.082003563642501831 0.00010974014730891213 1
  endloop
 endfacet
 facet normal 0 -1 0
  outer loop
   vertex -0.096301786601543427 0.00010974014730891213 0.23750001192092896
   vertex -0.10600000619888306 0.00010974014730891213 0
   vertex -0.096301786601543427 0.00010974014730891213 0
  endloop
 endfacet
 facet normal 0 -1 0
  outer loop
   vertex -0.10600000619888306 0.00010974014730891213 0.23750001192092896
   vertex -0.10600000619888306 0.00010974014730891213 0
   vertex -0.096301786601543427 0.00010974014730891213 0.23750001192092896
  endloop
 endfacet
 facet normal 0 -1 0
  outer loop
   vertex -0.096301786601543427 0.00010974014730891213 0.4699999988079071
   vertex -0.10600000619888306 0.00010974014730891213 0.23750001192092896
   vertex -0.096301786601543427 0.00010974014730891213 0.23750001192092896
  endloop
 endfacet
 facet normal 0 -1 0
  outer loop
   vertex -0.10600000619888306 0.00010974014730891213 0.4699999988079071
   vertex -0.10600000619888306 0.00010974014730891213 0.23750001192092896
   vertex -0.096301786601543427 0.00010974014730891213 0.4699999988079071
  endloop
 endfacet
 facet normal 0 -1 0
  outer loop
   vertex -0.096301786601543427 0.00010974014730891213 0.5
   vertex -0.10600000619888306 0.00010974014730891213 0.4699999988079071
   vertex -0.096301786601543427 0.00010974014730891213 0.4699999988079071
  endloop
 endfacet
 facet normal 0 -1 0
  outer loop
   vertex -0.10600000619888306 0.00010974014730891213 0.5
   vertex -0.10600000619888306 0.00010974014730891213 0.4699999988079071
   vertex -0.096301786601543427 0.00010974014730891213 0.5
  endloop
 endfacet
 facet normal 0 -1 0
  outer loop
   vertex -0.096301786601543427 0.00010974014730891213 0.52999997138977051
   vertex -0.10600000619888306 0.00010974014730891213 0.5
   vertex -0.096301786601543427 0.00010974014730891213 0.5
  endloop
 endfacet
 facet normal 0 -1 0
  outer loop
   vertex -0.10600000619888306 0.00010974014730891213 0.52999997138977051
   vertex -0.10600000619888306 0.00010974014730891213 0.5
   vertex -0.096301786601543427 0.00010974014730891213 0.52999997138977051
  endloop
 endfacet
 facet normal 0 -1 0
  outer loop
   vertex -0.096301786601543427 0.00010974014730891213 0.76499998569488525
   vertex -0.10600000619888306 0.00010974014730891213 0.52999997138977051
   vertex -0.096301786601543427 0.00010974014730891213 0.52999997138977051
  endloop
 endfacet
 facet normal 0 -1 0
  outer loop
   vertex -0.10600000619888306 0.00010974014730891213 0.76499998569488525
   vertex -0.10600000619888306 0.00010974014730891213 0.52999997138977051
   vertex -0.096301786601543427 0.00010974014730891213 0.76499998569488525
  endloop
 endfacet
 facet normal 0 -1 0
  outer loop
   vertex -0.096301786601543427 0.00010974014730891213 0.99605000019073486
   vertex -0.10600000619888306 0.00010974014730891213 0.76499998569488525
   vertex -0.096301786601543427 0.00010974014730891213 0.76499998569488525
  endloop
 endfacet
 facet normal 0 -1 0
  outer loop
   vertex -0.10600000619888306 0.00010974014730891213 0.99605000019073486
   vertex -0.10600000619888306 0.00010974014730891213 0.76499998569488525
   vertex -0.096301786601543427 0.00010974014730891213 0.99605000019073486
  endloop
 endfacet
 facet normal 0 -1 0
  outer loop
   vertex -0.096301786601543427 0.00010974014730891213 1
   vertex -0.10600000619888306 0.00010974014730891213 0.99605000019073486
   vertex -0.096301786601543427 0.00010974014730891213 0.99605000019073486
  endloop
 endfacet
 facet normal 0 -1 0
  outer loop
   vertex -0.10600000619888306 0.00010974014730891213 1
   vertex -0.10600000619888306 0.00010974014730891213 0.99605000019073486
   vertex -0.096301786601543427 0.00010974014730891213 1
  endloop
 endfacet
 facet normal 0 0 -1
  outer loop
   vertex -0.13099999725818634 0.026609741151332855 0
   vertex -0.13249999284744263 0.037599999457597733 0
   vertex -0.13099999725818634 0.037599999457597733 0
  endloop
 endfacet
 facet normal 0 0 -1
  outer loop
   vertex -0.13249999284744263 0.026609741151332855 0
   vertex -0.13249999284744263 0.037599999457597733 0
   vertex -0.13099999725818634 0.026609741151332855 0
  endloop
 endfacet
 facet normal 0 0 -1
  outer loop
   vertex -0.13062019646167755 0.022268537431955338 0
   vertex -0.13249999284744263 0.026609741151332855 0
   vertex -0.13099999725818634 0.026609741151332855 0
  endloop
 endfacet
 facet normal 0 0 -1
  outer loop
   vertex -0.13209740817546844 0.02200806513428688 0
   vertex -0.13249999284744263 0.026609741151332855 0
   vertex -0.13062019646167755 0.022268537431955338 0
  endloop
 endfacet
 facet normal 0 0 -1
  outer loop
   vertex -0.12949231266975403 0.01805923692882061 0
   vertex -0.13209740817546844 0.02200806513428688 0
   vertex -0.13062019646167755 0.022268537431955338 0
  endloop
 endfacet
 facet normal 0 0 -1
  outer loop
   vertex -0.13090185821056366 0.017546206712722778 0
   vertex -0.13209740817546844 0.02200806513428688 0
   vertex -0.12949231266975403 0.01805923692882061 0
  endloop
 endfacet
 facet normal 0 0 -1
  outer loop
   vertex -0.12765063345432281 0.01410974282771349 0
   vertex -0.13090185821056366 0.017546206712722778 0
   vertex -0.12949231266975403 0.01805923692882061 0
  endloop
 endfacet
 facet normal 0 0 -1
  outer loop
   vertex -0.12894967198371887 0.013359741307795048 0
   vertex -0.13090185821056366 0.017546206712722778 0
   vertex -0.12765063345432281 0.01410974282771349 0
  endloop
 endfacet
 facet normal 0 0 -1
  outer loop
   vertex -0.12515111267566681 0.010540050454437733 0
   vertex -0.12894967198371887 0.013359741307795048 0
   vertex -0.12765063345432281 0.01410974282771349 0
  endloop
 endfacet
 facet normal 0 0 -1
  outer loop
   vertex -0.12630017101764679 0.0095758708193898201 0
   vertex -0.12894967198371887 0.013359741307795048 0
   vertex -0.12515111267566681 0.010540050454437733 0
  endloop
 endfacet
 facet normal 0 0 -1
  outer loop
   vertex -0.12206969410181046 0.0074586314149200916 0
   vertex -0.12630017101764679 0.0095758708193898201 0
   vertex -0.12515111267566681 0.010540050454437733 0
  endloop
 endfacet
 facet normal 0 0 -1
  outer loop
   vertex -0.12303387373685837 0.0063095656223595142 0
   vertex -0.12630017101764679 0.0095758708193898201 0
   vertex -0.12206969410181046 0.0074586314149200916 0
  endloop
 endfacet
 facet normal 0 0 -1
  outer loop
   vertex -0.1185000017285347 0.0049591069109737873 0
   vertex -0.12303387373685837 0.0063095656223595142 0
   vertex -0.12206969410181046 0.0074586314149200916 0
  endloop
 endfacet
 facet normal 0 0 -1
  outer loop
   vertex -0.11925000697374344 0.0036600683815777302 0
   vertex -0.12303387373685837 0.0063095656223595142 0
   vertex -0.1185000017285347 0.0049591069109737873 0
  endloop
 endfacet
 facet normal 0 0 -1
  outer loop
   vertex -0.11455050855875015 0.0031174276955425739 0
   vertex -0.11925000697374344 0.0036600683815777302 0
   vertex -0.1185000017285347 0.0049591069109737873 0
  endloop
 endfacet
 facet normal 0 0 -1
  outer loop
   vertex -0.11506354063749313 0.0017078859964385629 0
   vertex -0.11925000697374344 0.0036600683815777302 0
   vertex -0.11455050855875015 0.0031174276955425739 0
  endloop
 endfacet
 facet normal 0 0 -1
  outer loop
   vertex -0.11034120619297028 0.0019895476289093494 0
   vertex -0.11506354063749313 0.0017078859964385629 0
   vertex -0.11455050855875015 0.0031174276955425739 0
  endloop
 endfacet
 facet normal 0 0 -1
  outer loop
   vertex -0.11060168594121933 0.0005123359733261168 0
   vertex -0.11506354063749313 0.0017078859964385629 0
   vertex -0.11034120619297028 0.0019895476289093494 0
  endloop
 endfacet
 facet normal 0 0 -1
  outer loop
   vertex -0.10600000619888306 0.0016097432235255837 0
   vertex -0.11060168594121933 0.0005123359733261168 0
   vertex -0.11034120619297028 0.0019895476289093494 0
  endloop
 endfacet
 facet normal 0 0 -1
  outer loop
   vertex -0.10600000619888306 0.00010974014730891213 0
   vertex -0.11060168594121933 0.0005123359733261168 0
   vertex -0.10600000619888306 0.0016097432235255837 0
  endloop
 endfacet
 facet normal 0 0 -1
  outer loop
   vertex -0.096301786601543427 0.0016097432235255837 0
   vertex -0.10600000619888306 0.00010974014730891213 0
   vertex -0.10600000619888306 0.0016097432235255837 0
  endloop
 endfacet
 facet normal 0 0 -1
  outer loop
   vertex -0.096301786601543427 0.00010974014730891213 0
   vertex -0.10600000619888306 0.00010974014730891213 0
   vertex -0.096301786601543427 0.0016097432235255837 0
  endloop
 endfacet
 facet normal 0 0 -1
  outer loop
   vertex -0.082003563642501831 0.0016097432235255837 0
   vertex -0.096301786601543427 0.00010974014730891213 0
   vertex -0.096301786601543427 0.0016097432235255837 0
  endloop
 endfacet
 facet normal 0 0 -1
  outer loop
   vertex -0.082003563642501831 0.00010974014730891213 0
   vertex -0.096301786601543427 0.00010974014730891213 0
   vertex -0.082003563642501831 0.0016097432235255837 0
  endloop
 endfacet
 facet normal 0 0 -1
  outer loop
   vertex -0.019503563642501831 0.0016097432235255837 0
   vertex -0.082003563642501831 0.00010974014730891213 0
   vertex -0.082003563642501831 0.0016097432235255837 0
  endloop
 endfacet
 facet normal 0 0 -1
  outer loop
   vertex -0.019503563642501831 0.00010974014730891213 0
   vertex -0.082003563642501831 0.00010974014730891213 0
   vertex -0.019503563642501831 0.0016097432235255837 0
  endloop
 endfacet
 facet normal -1 0 0
  outer loop
   vertex 0.01949986070394516 0.0016097432235255837 0.02500000037252903
   vertex 0.01949986070394516 0.00010974014730891213 0
   vertex 0.01949986070394516 0.00010974014730891213 0.02500000037252903
  endloop
 endfacet
 facet normal -1 0 0
  outer loop
   vertex 0.01949986070394516 0.0016097432235255837 0
   vertex 0.01949986070394516 0.00010974014730891213 0
   vertex 0.01949986070394516 0.0016097432235255837 0.02500000037252903
  endloop
 endfacet
 facet normal 0.99619477787606681 0 0.087154830803884392
  outer loop
   vertex -0.081571660935878754 0.00010974014730891213 0.014635339379310608
   vertex -0.081603564321994781 0.0016097432235255837 0.015000000596046448
   vertex -0.081603564321994781 0.00010974014730891213 0.015000000596046448
  endloop
 endfacet
 facet normal 0.99619477787606681 0 0.087154830803884392
  outer loop
   vertex -0.081571660935878754 0.0016097432235255837 0.014635339379310608
   vertex -0.081603564321994781 0.0016097432235255837 0.015000000596046448
   vertex -0.081571660935878754 0.00010974014730891213 0.014635339379310608
  endloop
 endfacet
 facet normal 0.96592598571764476 0 0.25881845010624005
  outer loop
   vertex -0.08147691935300827 0.00010974014730891213 0.014281758107244968
   vertex -0.081571660935878754 0.0016097432235255837 0.014635339379310608
   vertex -0.081571660935878754 0.00010974014730891213 0.014635339379310608
  endloop
 endfacet
 facet normal 0.96592598571764476 0 0.25881845010624005
  outer loop
   vertex -0.08147691935300827 0.0016097432235255837 0.014281758107244968
   vertex -0.081571660935878754 0.0016097432235255837 0.014635339379310608
   vertex -0.08147691935300827 0.00010974014730891213 0.014281758107244968
  endloop
 endfacet
 facet normal 0.9063049089588896 0 0.42262443374350561
  outer loop
   vertex -0.081322215497493744 0.00010974014730891213 0.013950000517070293
   vertex -0.08147691935300827 0.0016097432235255837 0.014281758107244968
   vertex -0.08147691935300827 0.00010974014730891213 0.014281758107244968
  endloop
 endfacet
 facet normal 0.9063049089588896 0 0.42262443374350561
  outer loop
   vertex -0.081322215497493744 0.0016097432235255837 0.013950000517070293
   vertex -0.08147691935300827 0.0016097432235255837 0.014281758107244968
   vertex -0.081322215497493744 0.00010974014730891213 0.013950000517070293
  endloop
 endfacet
 facet normal 0.81915565466790941 0 0.57357128016105274
  outer loop
   vertex -0.08111225813627243 0.00010974014730891213 0.013650146313011646
   vertex -0.081322215497493744 0.0016097432235255837 0.013950000517070293
   vertex -0.081322215497493744 0.00010974014730891213 0.013950000517070293
  endloop
 endfacet
 facet normal 0.81915565466790941 0 0.57357128016105274
  outer loop
   vertex -0.08111225813627243 0.0016097432235255837 0.013650146313011646
   vertex -0.081322215497493744 0.0016097432235255837 0.013950000517070293
   vertex -0.08111225813627243 0.00010974014730891213 0.013650146313011646
  endloop
 endfacet
 facet normal 0.7071055090788626 0 0.70710805329194404
  outer loop
   vertex -0.0808534175157547 0.00010974014730891213 0.01339130662381649
   vertex -0.08111225813627243 0.0016097432235255837 0.013650146313011646
   vertex -0.08111225813627243 0.00010974014730891213 0.013650146313011646
  endloop
 endfacet
 facet normal 0.7071055090788626 0 0.70710805329194404
  outer loop
   vertex -0.0808534175157547 0.0016097432235255837 0.01339130662381649
   vertex -0.08111225813627243 0.0016097432235255837 0.013650146313011646
   vertex -0.0808534175157547 0.00010974014730891213 0.01339130662381649
  endloop
 endfacet
 facet normal 0.57357230380827884 0 0.81915493791105443
  outer loop
   vertex -0.080553561449050903 0.00010974014730891213 0.013181347399950027
   vertex -0.0808534175157547 0.0016097432235255837 0.01339130662381649
   vertex -0.0808534175157547 0.00010974014730891213 0.01339130662381649
  endloop
 endfacet
 facet normal 0.57357230380827884 0 0.81915493791105443
  outer loop
   vertex -0.080553561449050903 0.0016097432235255837 0.013181347399950027
   vertex -0.0808534175157547 0.0016097432235255837 0.01339130662381649
   vertex -0.080553561449050903 0.00010974014730891213 0.013181347399950027
  endloop
 endfacet
 facet normal 0.42262610120240135 0 0.90630413139434463
  outer loop
   vertex -0.080221809446811676 0.00010974014730891213 0.01302664540708065
   vertex -0.080553561449050903 0.0016097432235255837 0.013181347399950027
   vertex -0.080553561449050903 0.00010974014730891213 0.013181347399950027
  endloop
 endfacet
 facet normal 0.42262610120240135 0 0.90630413139434463
  outer loop
   vertex -0.080221809446811676 0.0016097432235255837 0.01302664540708065
   vertex -0.080553561449050903 0.0016097432235255837 0.013181347399950027
   vertex -0.080221809446811676 0.00010974014730891213 0.01302664540708065
  endloop
 endfacet
 facet normal 0.25881781405401105 0 0.96592615614668154
  outer loop
   vertex -0.079868227243423462 0.00010974014730891213 0.012931903824210167
   vertex -0.080221809446811676 0.0016097432235255837 0.01302664540708065
   vertex -0.080221809446811676 0.00010974014730891213 0.01302664540708065
  endloop
 endfacet
 facet normal 0.25881781405401105 0 0.96592615614668154
  outer loop
   vertex -0.079868227243423462 0.0016097432235255837 0.012931903824210167
   vertex -0.080221809446811676 0.0016097432235255837 0.01302664540708065
   vertex -0.079868227243423462 0.00010974014730891213 0.012931903824210167
  endloop
 endfacet
 facet normal 0.087154830803884392 0 0.99619477787606681
  outer loop
   vertex -0.079503566026687622 0.00010974014730891213 0.012900000438094139
   vertex -0.079868227243423462 0.0016097432235255837 0.012931903824210167
   vertex -0.079868227243423462 0.00010974014730891213 0.012931903824210167
  endloop
 endfacet
 facet normal 0.087154830803884392 0 0.99619477787606681
  outer loop
   vertex -0.079503566026687622 0.0016097432235255837 0.012900000438094139
   vertex -0.079868227243423462 0.0016097432235255837 0.012931903824210167
   vertex -0.079503566026687622 0.00010974014730891213 0.012900000438094139
  endloop
 endfacet
 facet normal -0.087154830803884392 0 0.99619477787606681
  outer loop
   vertex -0.079138904809951782 0.00010974014730891213 0.012931903824210167
   vertex -0.079503566026687622 0.0016097432235255837 0.012900000438094139
   vertex -0.079503566026687622 0.00010974014730891213 0.012900000438094139
  endloop
 endfacet
 facet normal -0.087154830803884392 0 0.99619477787606681
  outer loop
   vertex -0.079138904809951782 0.0016097432235255837 0.012931903824210167
   vertex -0.079503566026687622 0.0016097432235255837 0.012900000438094139
   vertex -0.079138904809951782 0.00010974014730891213 0.012931903824210167
  endloop
 endfacet
 facet normal -0.25881781405401105 0 0.96592615614668154
  outer loop
   vertex -0.078785322606563568 0.00010974014730891213 0.01302664540708065
   vertex -0.079138904809951782 0.0016097432235255837 0.012931903824210167
   vertex -0.079138904809951782 0.00010974014730891213 0.012931903824210167
  endloop
 endfacet
 facet normal -0.25881781405401105 0 0.96592615614668154
  outer loop
   vertex -0.078785322606563568 0.0016097432235255837 0.01302664540708065
   vertex -0.079138904809951782 0.0016097432235255837 0.012931903824210167
   vertex -0.078785322606563568 0.00010974014730891213 0.01302664540708065
  endloop
 endfacet
 facet normal -0.42261830516957805 0 0.9063077667854299
  outer loop
   vertex -0.078453563153743744 0.00010974014730891213 0.013181347399950027
   vertex -0.078785322606563568 0.0016097432235255837 0.01302664540708065
   vertex -0.078785322606563568 0.00010974014730891213 0.01302664540708065
  endloop
 endfacet
 facet normal -0.42261830516957805 0 0.9063077667854299
  outer loop
   vertex -0.078453563153743744 0.0016097432235255837 0.013181347399950027
   vertex -0.078785322606563568 0.0016097432235255837 0.01302664540708065
   vertex -0.078453563153743744 0.00010974014730891213 0.013181347399950027
  endloop
 endfacet
 facet normal -0.57357230380827884 0 0.81915493791105443
  outer loop
   vertex -0.078153707087039948 0.00010974014730891213 0.01339130662381649
   vertex -0.078453563153743744 0.0016097432235255837 0.013181347399950027
   vertex -0.078453563153743744 0.00010974014730891213 0.013181347399950027
  endloop
 endfacet
 facet normal -0.57357230380827884 0 0.81915493791105443
  outer loop
   vertex -0.078153707087039948 0.0016097432235255837 0.01339130662381649
   vertex -0.078453563153743744 0.0016097432235255837 0.013181347399950027
   vertex -0.078153707087039948 0.00010974014730891213 0.01339130662381649
  endloop
 endfacet
 facet normal -0.70711568600442165 0 0.70709787625653087
  outer loop
   vertex -0.077894873917102814 0.00010974014730891213 0.013650146313011646
   vertex -0.078153707087039948 0.0016097432235255837 0.01339130662381649
   vertex -0.078153707087039948 0.00010974014730891213 0.01339130662381649
  endloop
 endfacet
 facet normal -0.70711568600442165 0 0.70709787625653087
  outer loop
   vertex -0.077894873917102814 0.0016097432235255837 0.013650146313011646
   vertex -0.078153707087039948 0.0016097432235255837 0.01339130662381649
   vertex -0.077894873917102814 0.00010974014730891213 0.013650146313011646
  endloop
 endfacet
 facet normal -0.81914609153174167 0 0.57358493767555607
  outer loop
   vertex -0.077684909105300903 0.00010974014730891213 0.013950000517070293
   vertex -0.077894873917102814 0.0016097432235255837 0.013650146313011646
   vertex -0.077894873917102814 0.00010974014730891213 0.013650146313011646
  endloop
 endfacet
 facet normal -0.81914609153174167 0 0.57358493767555607
  outer loop
   vertex -0.077684909105300903 0.0016097432235255837 0.013950000517070293
   vertex -0.077894873917102814 0.0016097432235255837 0.013650146313011646
   vertex -0.077684909105300903 0.00010974014730891213 0.013950000517070293
  endloop
 endfacet
 facet normal -0.90631270488405336 0 0.42260771522270041
  outer loop
   vertex -0.077530212700366974 0.00010974014730891213 0.014281758107244968
   vertex -0.077684909105300903 0.0016097432235255837 0.013950000517070293
   vertex -0.077684909105300903 0.00010974014730891213 0.013950000517070293
  endloop
 endfacet
 facet normal -0.90631270488405336 0 0.42260771522270041
  outer loop
   vertex -0.077530212700366974 0.0016097432235255837 0.014281758107244968
   vertex -0.077684909105300903 0.0016097432235255837 0.013950000517070293
   vertex -0.077530212700366974 0.00010974014730891213 0.014281758107244968
  endloop
 endfacet
 facet normal -0.96592598571764476 0 0.25881845010624005
  outer loop
   vertex -0.07743547111749649 0.00010974014730891213 0.014635339379310608
   vertex -0.077530212700366974 0.0016097432235255837 0.014281758107244968
   vertex -0.077530212700366974 0.00010974014730891213 0.014281758107244968
  endloop
 endfacet
 facet normal -0.96592598571764476 0 0.25881845010624005
  outer loop
   vertex -0.07743547111749649 0.0016097432235255837 0.014635339379310608
   vertex -0.077530212700366974 0.0016097432235255837 0.014281758107244968
   vertex -0.07743547111749649 0.00010974014730891213 0.014635339379310608
  endloop
 endfacet
 facet normal -0.99619477787606681 0 0.087154830803884392
  outer loop
   vertex -0.077403567731380463 0.00010974014730891213 0.015000000596046448
   vertex -0.07743547111749649 0.0016097432235255837 0.014635339379310608
   vertex -0.07743547111749649 0.00010974014730891213 0.014635339379310608
  endloop
 endfacet
 facet normal -0.99619477787606681 0 0.087154830803884392
  outer loop
   vertex -0.077403567731380463 0.0016097432235255837 0.015000000596046448
   vertex -0.07743547111749649 0.0016097432235255837 0.014635339379310608
   vertex -0.077403567731380463 0.00010974014730891213 0.015000000596046448
  endloop
 endfacet
 facet normal -0.99619477787606681 -0 -0.087154830803884392
  outer loop
   vertex -0.07743547111749649 0.00010974014730891213 0.015364661812782288
   vertex -0.077403567731380463 0.0016097432235255837 0.015000000596046448
   vertex -0.077403567731380463 0.00010974014730891213 0.015000000596046448
  endloop
 endfacet
 facet normal -0.99619477787606681 0 -0.087154830803884392
  outer loop
   vertex -0.07743547111749649 0.0016097432235255837 0.015364661812782288
   vertex -0.077403567731380463 0.0016097432235255837 0.015000000596046448
   vertex -0.07743547111749649 0.00010974014730891213 0.015364661812782288
  endloop
 endfacet
 facet normal -0.96592615614668154 -0 -0.25881781405401105
  outer loop
   vertex -0.077530212700366974 0.00010974014730891213 0.015718244016170502
   vertex -0.07743547111749649 0.0016097432235255837 0.015364661812782288
   vertex -0.07743547111749649 0.00010974014730891213 0.015364661812782288
  endloop
 endfacet
 facet normal -0.96592615614668154 0 -0.25881781405401105
  outer loop
   vertex -0.077530212700366974 0.0016097432235255837 0.015718244016170502
   vertex -0.07743547111749649 0.0016097432235255837 0.015364661812782288
   vertex -0.077530212700366974 0.00010974014730891213 0.015718244016170502
  endloop
 endfacet
 facet normal -0.90631179609063495 -0 -0.42260966419021623
  outer loop
   vertex -0.077684909105300903 0.00010974014730891213 0.016049999743700027
   vertex -0.077530212700366974 0.0016097432235255837 0.015718244016170502
   vertex -0.077530212700366974 0.00010974014730891213 0.015718244016170502
  endloop
 endfacet
 facet normal -0.90631179609063495 0 -0.42260966419021623
  outer loop
   vertex -0.077684909105300903 0.0016097432235255837 0.016049999743700027
   vertex -0.077530212700366974 0.0016097432235255837 0.015718244016170502
   vertex -0.077684909105300903 0.00010974014730891213 0.016049999743700027
  endloop
 endfacet
 facet normal -0.81914609153174167 -0 -0.57358493767555607
  outer loop
   vertex -0.077894873917102814 0.00010974014730891213 0.016349853947758675
   vertex -0.077684909105300903 0.0016097432235255837 0.016049999743700027
   vertex -0.077684909105300903 0.00010974014730891213 0.016049999743700027
  endloop
 endfacet
 facet normal -0.81914609153174167 0 -0.57358493767555607
  outer loop
   vertex -0.077894873917102814 0.0016097432235255837 0.016349853947758675
   vertex -0.077684909105300903 0.0016097432235255837 0.016049999743700027
   vertex -0.077894873917102814 0.00010974014730891213 0.016349853947758675
  endloop
 endfacet
 facet normal -0.70711441390818019 -0 -0.70709914838252419
  outer loop
   vertex -0.078153707087039948 0.00010974014730891213 0.016608692705631256
   vertex -0.077894873917102814 0.0016097432235255837 0.016349853947758675
   vertex -0.077894873917102814 0.00010974014730891213 0.016349853947758675
  endloop
 endfacet
 facet normal -0.70711441390818019 0 -0.70709914838252419
  outer loop
   vertex -0.078153707087039948 0.0016097432235255837 0.016608692705631256
   vertex -0.077894873917102814 0.0016097432235255837 0.016349853947758675
   vertex -0.078153707087039948 0.00010974014730891213 0.016608692705631256
  endloop
 endfacet
 facet normal -0.57357571820157605 -0 -0.8191525471421951
  outer loop
   vertex -0.078453563153743744 0.00010974014730891213 0.016818653792142868
   vertex -0.078153707087039948 0.0016097432235255837 0.016608692705631256
   vertex -0.078153707087039948 0.00010974014730891213 0.016608692705631256
  endloop
 endfacet
 facet normal -0.57357571820157605 0 -0.8191525471421951
  outer loop
   vertex -0.078453563153743744 0.0016097432235255837 0.016818653792142868
   vertex -0.078153707087039948 0.0016097432235255837 0.016608692705631256
   vertex -0.078453563153743744 0.00010974014730891213 0.016818653792142868
  endloop
 endfacet
 facet normal -0.42261412556375161 -0 -0.90630971575614572
  outer loop
   vertex -0.078785322606563568 0.00010974014730891213 0.016973353922367096
   vertex -0.078453563153743744 0.0016097432235255837 0.016818653792142868
   vertex -0.078453563153743744 0.00010974014730891213 0.016818653792142868
  endloop
 endfacet
 facet normal -0.42261412556375161 0 -0.90630971575614572
  outer loop
   vertex -0.078785322606563568 0.0016097432235255837 0.016973353922367096
   vertex -0.078453563153743744 0.0016097432235255837 0.016818653792142868
   vertex -0.078785322606563568 0.00010974014730891213 0.016973353922367096
  endloop
 endfacet
 facet normal -0.25881781405401105 -0 -0.96592615614668154
  outer loop
   vertex -0.079138904809951782 0.00010974014730891213 0.017068095505237579
   vertex -0.078785322606563568 0.0016097432235255837 0.016973353922367096
   vertex -0.078785322606563568 0.00010974014730891213 0.016973353922367096
  endloop
 endfacet
 facet normal -0.25881781405401105 0 -0.96592615614668154
  outer loop
   vertex -0.079138904809951782 0.0016097432235255837 0.017068095505237579
   vertex -0.078785322606563568 0.0016097432235255837 0.016973353922367096
   vertex -0.079138904809951782 0.00010974014730891213 0.017068095505237579
  endloop
 endfacet
 facet normal -0.087159880590681596 -0 -0.9961943360687302
  outer loop
   vertex -0.079503566026687622 0.00010974014730891213 0.017100000753998756
   vertex -0.079138904809951782 0.0016097432235255837 0.017068095505237579
   vertex -0.079138904809951782 0.00010974014730891213 0.017068095505237579
  endloop
 endfacet
 facet normal -0.087159880590681596 0 -0.9961943360687302
  outer loop
   vertex -0.079503566026687622 0.0016097432235255837 0.017100000753998756
   vertex -0.079138904809951782 0.0016097432235255837 0.017068095505237579
   vertex -0.079503566026687622 0.00010974014730891213 0.017100000753998756
  endloop
 endfacet
 facet normal 0.087159880590681596 0 -0.9961943360687302
  outer loop
   vertex -0.079868227243423462 0.00010974014730891213 0.017068095505237579
   vertex -0.079503566026687622 0.0016097432235255837 0.017100000753998756
   vertex -0.079503566026687622 0.00010974014730891213 0.017100000753998756
  endloop
 endfacet
 facet normal 0.087159880590681596 0 -0.9961943360687302
  outer loop
   vertex -0.079868227243423462 0.0016097432235255837 0.017068095505237579
   vertex -0.079503566026687622 0.0016097432235255837 0.017100000753998756
   vertex -0.079868227243423462 0.00010974014730891213 0.017068095505237579
  endloop
 endfacet
 facet normal 0.25881781405401105 0 -0.96592615614668154
  outer loop
   vertex -0.080221809446811676 0.00010974014730891213 0.016973353922367096
   vertex -0.079868227243423462 0.0016097432235255837 0.017068095505237579
   vertex -0.079868227243423462 0.00010974014730891213 0.017068095505237579
  endloop
 endfacet
 facet normal 0.25881781405401105 0 -0.96592615614668154
  outer loop
   vertex -0.080221809446811676 0.0016097432235255837 0.016973353922367096
   vertex -0.079868227243423462 0.0016097432235255837 0.017068095505237579
   vertex -0.080221809446811676 0.00010974014730891213 0.016973353922367096
  endloop
 endfacet
 facet normal 0.42262192155300438 0 -0.90630608042914851
  outer loop
   vertex -0.080553561449050903 0.00010974014730891213 0.016818653792142868
   vertex -0.080221809446811676 0.0016097432235255837 0.016973353922367096
   vertex -0.080221809446811676 0.00010974014730891213 0.016973353922367096
  endloop
 endfacet
 facet normal 0.42262192155300438 0 -0.90630608042914851
  outer loop
   vertex -0.080553561449050903 0.0016097432235255837 0.016818653792142868
   vertex -0.080221809446811676 0.0016097432235255837 0.016973353922367096
   vertex -0.080553561449050903 0.00010974014730891213 0.016818653792142868
  endloop
 endfacet
 facet normal 0.57357571820157605 0 -0.8191525471421951
  outer loop
   vertex -0.0808534175157547 0.00010974014730891213 0.016608692705631256
   vertex -0.080553561449050903 0.0016097432235255837 0.016818653792142868
   vertex -0.080553561449050903 0.00010974014730891213 0.016818653792142868
  endloop
 endfacet
 facet normal 0.57357571820157605 0 -0.8191525471421951
  outer loop
   vertex -0.0808534175157547 0.0016097432235255837 0.016608692705631256
   vertex -0.080553561449050903 0.0016097432235255837 0.016818653792142868
   vertex -0.0808534175157547 0.00010974014730891213 0.016608692705631256
  endloop
 endfacet
 facet normal 0.70710423696431179 0 -0.7071093253996289
  outer loop
   vertex -0.08111225813627243 0.00010974014730891213 0.016349853947758675
   vertex -0.0808534175157547 0.0016097432235255837 0.016608692705631256
   vertex -0.0808534175157547 0.00010974014730891213 0.016608692705631256
  endloop
 endfacet
 facet normal 0.70710423696431179 0 -0.7071093253996289
  outer loop
   vertex -0.08111225813627243 0.0016097432235255837 0.016349853947758675
   vertex -0.0808534175157547 0.0016097432235255837 0.016608692705631256
   vertex -0.08111225813627243 0.00010974014730891213 0.016349853947758675
  endloop
 endfacet
 facet normal 0.81915565466790941 0 -0.57357128016105274
  outer loop
   vertex -0.081322215497493744 0.00010974014730891213 0.016049999743700027
   vertex -0.08111225813627243 0.0016097432235255837 0.016349853947758675
   vertex -0.08111225813627243 0.00010974014730891213 0.016349853947758675
  endloop
 endfacet
 facet normal 0.81915565466790941 0 -0.57357128016105274
  outer loop
   vertex -0.081322215497493744 0.0016097432235255837 0.016049999743700027
   vertex -0.08111225813627243 0.0016097432235255837 0.016349853947758675
   vertex -0.081322215497493744 0.00010974014730891213 0.016049999743700027
  endloop
 endfacet
 facet normal 0.90630400010138357 0 -0.42262638275459274
  outer loop
   vertex -0.08147691935300827 0.00010974014730891213 0.015718244016170502
   vertex -0.081322215497493744 0.0016097432235255837 0.016049999743700027
   vertex -0.081322215497493744 0.00010974014730891213 0.016049999743700027
  endloop
 endfacet
 facet normal 0.90630400010138357 0 -0.42262638275459274
  outer loop
   vertex -0.08147691935300827 0.0016097432235255837 0.015718244016170502
   vertex -0.081322215497493744 0.0016097432235255837 0.016049999743700027
   vertex -0.08147691935300827 0.00010974014730891213 0.015718244016170502
  endloop
 endfacet
 facet normal 0.96592615614668154 0 -0.25881781405401105
  outer loop
   vertex -0.081571660935878754 0.00010974014730891213 0.015364661812782288
   vertex -0.08147691935300827 0.0016097432235255837 0.015718244016170502
   vertex -0.08147691935300827 0.00010974014730891213 0.015718244016170502
  endloop
 endfacet
 facet normal 0.96592615614668154 0 -0.25881781405401105
  outer loop
   vertex -0.081571660935878754 0.0016097432235255837 0.015364661812782288
   vertex -0.08147691935300827 0.0016097432235255837 0.015718244016170502
   vertex -0.081571660935878754 0.00010974014730891213 0.015364661812782288
  endloop
 endfacet
 facet normal 0.99619477787606681 0 -0.087154830803884392
  outer loop
   vertex -0.081603564321994781 0.00010974014730891213 0.015000000596046448
   vertex -0.081571660935878754 0.0016097432235255837 0.015364661812782288
   vertex -0.081571660935878754 0.00010974014730891213 0.015364661812782288
  endloop
 endfacet
 facet normal 0.99619477787606681 0 -0.087154830803884392
  outer loop
   vertex -0.081603564321994781 0.0016097432235255837 0.015000000596046448
   vertex -0.081571660935878754 0.0016097432235255837 0.015364661812782288
   vertex -0.081603564321994781 0.00010974014730891213 0.015000000596046448
  endloop
 endfacet
 facet normal 0.99619477787606681 0 0.087154830803884392
  outer loop
   vertex 0.077431760728359222 0.00010974014730891213 0.014635339379310608
   vertex 0.077399857342243195 0.0016097432235255837 0.015000000596046448
   vertex 0.077399857342243195 0.00010974014730891213 0.015000000596046448
  endloop
 endfacet
 facet normal 0.99619477787606681 0 0.087154830803884392
  outer loop
   vertex 0.077431760728359222 0.0016097432235255837 0.014635339379310608
   vertex 0.077399857342243195 0.0016097432235255837 0.015000000596046448
   vertex 0.077431760728359222 0.00010974014730891213 0.014635339379310608
  endloop
 endfacet
 facet normal 0.96592598571764476 0 0.25881845010624005
  outer loop
   vertex 0.077526502311229706 0.00010974014730891213 0.014281758107244968
   vertex 0.077431760728359222 0.0016097432235255837 0.014635339379310608
   vertex 0.077431760728359222 0.00010974014730891213 0.014635339379310608
  endloop
 endfacet
 facet normal 0.96592598571764476 0 0.25881845010624005
  outer loop
   vertex 0.077526502311229706 0.0016097432235255837 0.014281758107244968
   vertex 0.077431760728359222 0.0016097432235255837 0.014635339379310608
   vertex 0.077526502311229706 0.00010974014730891213 0.014281758107244968
  endloop
 endfacet
 facet normal 0.9063049089588896 0 0.42262443374350561
  outer loop
   vertex 0.077681206166744232 0.00010974014730891213 0.013950000517070293
   vertex 0.077526502311229706 0.0016097432235255837 0.014281758107244968
   vertex 0.077526502311229706 0.00010974014730891213 0.014281758107244968
  endloop
 endfacet
 facet normal 0.9063049089588896 0 0.42262443374350561
  outer loop
   vertex 0.077681206166744232 0.0016097432235255837 0.013950000517070293
   vertex 0.077526502311229706 0.0016097432235255837 0.014281758107244968
   vertex 0.077681206166744232 0.00010974014730891213 0.013950000517070293
  endloop
 endfacet
 facet normal 0.81915565466790941 0 0.57357128016105274
  outer loop
   vertex 0.077891163527965546 0.00010974014730891213 0.013650146313011646
   vertex 0.077681206166744232 0.0016097432235255837 0.013950000517070293
   vertex 0.077681206166744232 0.00010974014730891213 0.013950000517070293
  endloop
 endfacet
 facet normal 0.81915565466790941 0 0.57357128016105274
  outer loop
   vertex 0.077891163527965546 0.0016097432235255837 0.013650146313011646
   vertex 0.077681206166744232 0.0016097432235255837 0.013950000517070293
   vertex 0.077891163527965546 0.00010974014730891213 0.013650146313011646
  endloop
 endfacet
 facet normal 0.70711568600442165 0 0.70709787625653087
  outer loop
   vertex 0.078149996697902679 0.00010974014730891213 0.01339130662381649
   vertex 0.077891163527965546 0.0016097432235255837 0.013650146313011646
   vertex 0.077891163527965546 0.00010974014730891213 0.013650146313011646
  endloop
 endfacet
 facet normal 0.70711568600442165 0 0.70709787625653087
  outer loop
   vertex 0.078149996697902679 0.0016097432235255837 0.01339130662381649
   vertex 0.077891163527965546 0.0016097432235255837 0.013650146313011646
   vertex 0.078149996697902679 0.00010974014730891213 0.01339130662381649
  endloop
 endfacet
 facet normal 0.57357230380827884 0 0.81915493791105443
  outer loop
   vertex 0.078449852764606476 0.00010974014730891213 0.013181347399950027
   vertex 0.078149996697902679 0.0016097432235255837 0.01339130662381649
   vertex 0.078149996697902679 0.00010974014730891213 0.01339130662381649
  endloop
 endfacet
 facet normal 0.57357230380827884 0 0.81915493791105443
  outer loop
   vertex 0.078449852764606476 0.0016097432235255837 0.013181347399950027
   vertex 0.078149996697902679 0.0016097432235255837 0.01339130662381649
   vertex 0.078449852764606476 0.00010974014730891213 0.013181347399950027
  endloop
 endfacet
 facet normal 0.42261830516957805 0 0.9063077667854299
  outer loop
   vertex 0.0787816122174263 0.00010974014730891213 0.01302664540708065
   vertex 0.078449852764606476 0.0016097432235255837 0.013181347399950027
   vertex 0.078449852764606476 0.00010974014730891213 0.013181347399950027
  endloop
 endfacet
 facet normal 0.42261830516957805 0 0.9063077667854299
  outer loop
   vertex 0.0787816122174263 0.0016097432235255837 0.01302664540708065
   vertex 0.078449852764606476 0.0016097432235255837 0.013181347399950027
   vertex 0.0787816122174263 0.00010974014730891213 0.01302664540708065
  endloop
 endfacet
 facet normal 0.258812725744681 0 0.96592751953374256
  outer loop
   vertex 0.079135201871395111 0.00010974014730891213 0.012931903824210167
   vertex 0.0787816122174263 0.0016097432235255837 0.01302664540708065
   vertex 0.0787816122174263 0.00010974014730891213 0.01302664540708065
  endloop
 endfacet
 facet normal 0.258812725744681 0 0.96592751953374256
  outer loop
   vertex 0.079135201871395111 0.0016097432235255837 0.012931903824210167
   vertex 0.0787816122174263 0.0016097432235255837 0.01302664540708065
   vertex 0.079135201871395111 0.00010974014730891213 0.012931903824210167
  endloop
 endfacet
 facet normal 0.087154830803884392 0 0.99619477787606681
  outer loop
   vertex 0.079499863088130951 0.00010974014730891213 0.012900000438094139
   vertex 0.079135201871395111 0.0016097432235255837 0.012931903824210167
   vertex 0.079135201871395111 0.00010974014730891213 0.012931903824210167
  endloop
 endfacet
 facet normal 0.087154830803884392 0 0.99619477787606681
  outer loop
   vertex 0.079499863088130951 0.0016097432235255837 0.012900000438094139
   vertex 0.079135201871395111 0.0016097432235255837 0.012931903824210167
   vertex 0.079499863088130951 0.00010974014730891213 0.012900000438094139
  endloop
 endfacet
 facet normal -0.087154830803884392 0 0.99619477787606681
  outer loop
   vertex 0.079864524304866791 0.00010974014730891213 0.012931903824210167
   vertex 0.079499863088130951 0.0016097432235255837 0.012900000438094139
   vertex 0.079499863088130951 0.00010974014730891213 0.012900000438094139
  endloop
 endfacet
 facet normal -0.087154830803884392 0 0.99619477787606681
  outer loop
   vertex 0.079864524304866791 0.0016097432235255837 0.012931903824210167
   vertex 0.079499863088130951 0.0016097432235255837 0.012900000438094139
   vertex 0.079864524304866791 0.00010974014730891213 0.012931903824210167
  endloop
 endfacet
 facet normal -0.25882290255623669 0 0.96592479267920472
  outer loop
   vertex 0.080218099057674408 0.00010974014730891213 0.01302664540708065
   vertex 0.079864524304866791 0.0016097432235255837 0.012931903824210167
   vertex 0.079864524304866791 0.00010974014730891213 0.012931903824210167
  endloop
 endfacet
 facet normal -0.25882290255623669 0 0.96592479267920472
  outer loop
   vertex 0.080218099057674408 0.0016097432235255837 0.01302664540708065
   vertex 0.079864524304866791 0.0016097432235255837 0.012931903824210167
   vertex 0.080218099057674408 0.00010974014730891213 0.01302664540708065
  endloop
 endfacet
 facet normal -0.42261830516957805 0 0.9063077667854299
  outer loop
   vertex 0.080549858510494232 0.00010974014730891213 0.013181347399950027
   vertex 0.080218099057674408 0.0016097432235255837 0.01302664540708065
   vertex 0.080218099057674408 0.00010974014730891213 0.01302664540708065
  endloop
 endfacet
 facet normal -0.42261830516957805 0 0.9063077667854299
  outer loop
   vertex 0.080549858510494232 0.0016097432235255837 0.013181347399950027
   vertex 0.080218099057674408 0.0016097432235255837 0.01302664540708065
   vertex 0.080549858510494232 0.00010974014730891213 0.013181347399950027
  endloop
 endfacet
 facet normal -0.5735914304394828 0 0.81914154511072634
  outer loop
   vertex 0.080849699676036835 0.00010974014730891213 0.01339130662381649
   vertex 0.080549858510494232 0.0016097432235255837 0.013181347399950027
   vertex 0.080549858510494232 0.00010974014730891213 0.013181347399950027
  endloop
 endfacet
 facet normal -0.5735914304394828 0 0.81914154511072634
  outer loop
   vertex 0.080849699676036835 0.0016097432235255837 0.01339130662381649
   vertex 0.080549858510494232 0.0016097432235255837 0.013181347399950027
   vertex 0.080849699676036835 0.00010974014730891213 0.01339130662381649
  endloop
 endfacet
 facet normal -0.70709533229977262 0 0.7071182298879547
  outer loop
   vertex 0.081108547747135162 0.00010974014730891213 0.013650146313011646
   vertex 0.080849699676036835 0.0016097432235255837 0.01339130662381649
   vertex 0.080849699676036835 0.00010974014730891213 0.01339130662381649
  endloop
 endfacet
 facet normal -0.70709533229977262 0 0.7071182298879547
  outer loop
   vertex 0.081108547747135162 0.0016097432235255837 0.013650146313011646
   vertex 0.080849699676036835 0.0016097432235255837 0.01339130662381649
   vertex 0.081108547747135162 0.00010974014730891213 0.013650146313011646
  endloop
 endfacet
 facet normal -0.81915565466790941 0 0.57357128016105274
  outer loop
   vertex 0.081318505108356476 0.00010974014730891213 0.013950000517070293
   vertex 0.081108547747135162 0.0016097432235255837 0.013650146313011646
   vertex 0.081108547747135162 0.00010974014730891213 0.013650146313011646
  endloop
 endfacet
 facet normal -0.81915565466790941 0 0.57357128016105274
  outer loop
   vertex 0.081318505108356476 0.0016097432235255837 0.013950000517070293
   vertex 0.081108547747135162 0.0016097432235255837 0.013650146313011646
   vertex 0.081318505108356476 0.00010974014730891213 0.013950000517070293
  endloop
 endfacet
 facet normal -0.9063049089588896 0 0.42262443374350561
  outer loop
   vertex 0.081473208963871002 0.00010974014730891213 0.014281758107244968
   vertex 0.081318505108356476 0.0016097432235255837 0.013950000517070293
   vertex 0.081318505108356476 0.00010974014730891213 0.013950000517070293
  endloop
 endfacet
 facet normal -0.9063049089588896 0 0.42262443374350561
  outer loop
   vertex 0.081473208963871002 0.0016097432235255837 0.014281758107244968
   vertex 0.081318505108356476 0.0016097432235255837 0.013950000517070293
   vertex 0.081473208963871002 0.00010974014730891213 0.014281758107244968
  endloop
 endfacet
 facet normal -0.96592598571764476 0 0.25881845010624005
  outer loop
   vertex 0.081567950546741486 0.00010974014730891213 0.014635339379310608
   vertex 0.081473208963871002 0.0016097432235255837 0.014281758107244968
   vertex 0.081473208963871002 0.00010974014730891213 0.014281758107244968
  endloop
 endfacet
 facet normal -0.96592598571764476 0 0.25881845010624005
  outer loop
   vertex 0.081567950546741486 0.0016097432235255837 0.014635339379310608
   vertex 0.081473208963871002 0.0016097432235255837 0.014281758107244968
   vertex 0.081567950546741486 0.00010974014730891213 0.014635339379310608
  endloop
 endfacet
 facet normal -0.99619477787606681 0 0.087154830803884392
  outer loop
   vertex 0.081599853932857513 0.00010974014730891213 0.015000000596046448
   vertex 0.081567950546741486 0.0016097432235255837 0.014635339379310608
   vertex 0.081567950546741486 0.00010974014730891213 0.014635339379310608
  endloop
 endfacet
 facet normal -0.99619477787606681 0 0.087154830803884392
  outer loop
   vertex 0.081599853932857513 0.0016097432235255837 0.015000000596046448
   vertex 0.081567950546741486 0.0016097432235255837 0.014635339379310608
   vertex 0.081599853932857513 0.00010974014730891213 0.015000000596046448
  endloop
 endfacet
 facet normal -0.99619477787606681 -0 -0.087154830803884392
  outer loop
   vertex 0.081567950546741486 0.00010974014730891213 0.015364661812782288
   vertex 0.081599853932857513 0.0016097432235255837 0.015000000596046448
   vertex 0.081599853932857513 0.00010974014730891213 0.015000000596046448
  endloop
 endfacet
 facet normal -0.99619477787606681 0 -0.087154830803884392
  outer loop
   vertex 0.081567950546741486 0.0016097432235255837 0.015364661812782288
   vertex 0.081599853932857513 0.0016097432235255837 0.015000000596046448
   vertex 0.081567950546741486 0.00010974014730891213 0.015364661812782288
  endloop
 endfacet
 facet normal -0.96592615614668154 -0 -0.25881781405401105
  outer loop
   vertex 0.081473208963871002 0.00010974014730891213 0.015718244016170502
   vertex 0.081567950546741486 0.0016097432235255837 0.015364661812782288
   vertex 0.081567950546741486 0.00010974014730891213 0.015364661812782288
  endloop
 endfacet
 facet normal -0.96592615614668154 0 -0.25881781405401105
  outer loop
   vertex 0.081473208963871002 0.0016097432235255837 0.015718244016170502
   vertex 0.081567950546741486 0.0016097432235255837 0.015364661812782288
   vertex 0.081473208963871002 0.00010974014730891213 0.015718244016170502
  endloop
 endfacet
 facet normal -0.90630400010138357 -0 -0.42262638275459274
  outer loop
   vertex 0.081318505108356476 0.00010974014730891213 0.016049999743700027
   vertex 0.081473208963871002 0.0016097432235255837 0.015718244016170502
   vertex 0.081473208963871002 0.00010974014730891213 0.015718244016170502
  endloop
 endfacet
 facet normal -0.90630400010138357 0 -0.42262638275459274
  outer loop
   vertex 0.081318505108356476 0.0016097432235255837 0.016049999743700027
   vertex 0.081473208963871002 0.0016097432235255837 0.015718244016170502
   vertex 0.081318505108356476 0.00010974014730891213 0.016049999743700027
  endloop
 endfacet
 facet normal -0.81915565466790941 -0 -0.57357128016105274
  outer loop
   vertex 0.081108547747135162 0.00010974014730891213 0.016349853947758675
   vertex 0.081318505108356476 0.0016097432235255837 0.016049999743700027
   vertex 0.081318505108356476 0.00010974014730891213 0.016049999743700027
  endloop
 endfacet
 facet normal -0.81915565466790941 0 -0.57357128016105274
  outer loop
   vertex 0.081108547747135162 0.0016097432235255837 0.016349853947758675
   vertex 0.081318505108356476 0.0016097432235255837 0.016049999743700027
   vertex 0.081108547747135162 0.00010974014730891213 0.016349853947758675
  endloop
 endfacet
 facet normal -0.70709406016691456 -0 -0.70711950197733053
  outer loop
   vertex 0.080849699676036835 0.00010974014730891213 0.016608692705631256
   vertex 0.081108547747135162 0.0016097432235255837 0.016349853947758675
   vertex 0.081108547747135162 0.00010974014730891213 0.016349853947758675
  endloop
 endfacet
 facet normal -0.70709406016691456 0 -0.70711950197733053
  outer loop
   vertex 0.080849699676036835 0.0016097432235255837 0.016608692705631256
   vertex 0.081108547747135162 0.0016097432235255837 0.016349853947758675
   vertex 0.080849699676036835 0.00010974014730891213 0.016608692705631256
  endloop
 endfacet
 facet normal -0.57359484483498668 -0 -0.81913915422150796
  outer loop
   vertex 0.080549858510494232 0.00010974014730891213 0.016818653792142868
   vertex 0.080849699676036835 0.0016097432235255837 0.016608692705631256
   vertex 0.080849699676036835 0.00010974014730891213 0.016608692705631256
  endloop
 endfacet
 facet normal -0.57359484483498668 0 -0.81913915422150796
  outer loop
   vertex 0.080549858510494232 0.0016097432235255837 0.016818653792142868
   vertex 0.080849699676036835 0.0016097432235255837 0.016608692705631256
   vertex 0.080549858510494232 0.00010974014730891213 0.016818653792142868
  endloop
 endfacet
 facet normal -0.42261412556375161 -0 -0.90630971575614572
  outer loop
   vertex 0.080218099057674408 0.00010974014730891213 0.016973353922367096
   vertex 0.080549858510494232 0.0016097432235255837 0.016818653792142868
   vertex 0.080549858510494232 0.00010974014730891213 0.016818653792142868
  endloop
 endfacet
 facet normal -0.42261412556375161 0 -0.90630971575614572
  outer loop
   vertex 0.080218099057674408 0.0016097432235255837 0.016973353922367096
   vertex 0.080549858510494232 0.0016097432235255837 0.016818653792142868
   vertex 0.080218099057674408 0.00010974014730891213 0.016973353922367096
  endloop
 endfacet
 facet normal -0.25882290255623669 -0 -0.96592479267920472
  outer loop
   vertex 0.079864524304866791 0.00010974014730891213 0.017068095505237579
   vertex 0.080218099057674408 0.0016097432235255837 0.016973353922367096
   vertex 0.080218099057674408 0.00010974014730891213 0.016973353922367096
  endloop
 endfacet
 facet normal -0.25882290255623669 0 -0.96592479267920472
  outer loop
   vertex 0.079864524304866791 0.0016097432235255837 0.017068095505237579
   vertex 0.080218099057674408 0.0016097432235255837 0.016973353922367096
   vertex 0.079864524304866791 0.00010974014730891213 0.017068095505237579
  endloop
 endfacet
 facet normal -0.087159880590681596 -0 -0.9961943360687302
  outer loop
   vertex 0.079499863088130951 0.00010974014730891213 0.017100000753998756
   vertex 0.079864524304866791 0.0016097432235255837 0.017068095505237579
   vertex 0.079864524304866791 0.00010974014730891213 0.017068095505237579
  endloop
 endfacet
 facet normal -0.087159880590681596 0 -0.9961943360687302
  outer loop
   vertex 0.079499863088130951 0.0016097432235255837 0.017100000753998756
   vertex 0.079864524304866791 0.0016097432235255837 0.017068095505237579
   vertex 0.079499863088130951 0.00010974014730891213 0.017100000753998756
  endloop
 endfacet
 facet normal 0.087159880590681596 0 -0.9961943360687302
  outer loop
   vertex 0.079135201871395111 0.00010974014730891213 0.017068095505237579
   vertex 0.079499863088130951 0.0016097432235255837 0.017100000753998756
   vertex 0.079499863088130951 0.00010974014730891213 0.017100000753998756
  endloop
 endfacet
 facet normal 0.087159880590681596 0 -0.9961943360687302
  outer loop
   vertex 0.079135201871395111 0.0016097432235255837 0.017068095505237579
   vertex 0.079499863088130951 0.0016097432235255837 0.017100000753998756
   vertex 0.079135201871395111 0.00010974014730891213 0.017068095505237579
  endloop
 endfacet
 facet normal 0.258812725744681 0 -0.96592751953374256
  outer loop
   vertex 0.0787816122174263 0.00010974014730891213 0.016973353922367096
   vertex 0.079135201871395111 0.0016097432235255837 0.017068095505237579
   vertex 0.079135201871395111 0.00010974014730891213 0.017068095505237579
  endloop
 endfacet
 facet normal 0.258812725744681 0 -0.96592751953374256
  outer loop
   vertex 0.0787816122174263 0.0016097432235255837 0.016973353922367096
   vertex 0.079135201871395111 0.0016097432235255837 0.017068095505237579
   vertex 0.0787816122174263 0.00010974014730891213 0.016973353922367096
  endloop
 endfacet
 facet normal 0.42261412556375161 0 -0.90630971575614572
  outer loop
   vertex 0.078449852764606476 0.00010974014730891213 0.016818653792142868
   vertex 0.0787816122174263 0.0016097432235255837 0.016973353922367096
   vertex 0.0787816122174263 0.00010974014730891213 0.016973353922367096
  endloop
 endfacet
 facet normal 0.42261412556375161 0 -0.90630971575614572
  outer loop
   vertex 0.078449852764606476 0.0016097432235255837 0.016818653792142868
   vertex 0.0787816122174263 0.0016097432235255837 0.016973353922367096
   vertex 0.078449852764606476 0.00010974014730891213 0.016818653792142868
  endloop
 endfacet
 facet normal 0.57357571820157605 0 -0.8191525471421951
  outer loop
   vertex 0.078149996697902679 0.00010974014730891213 0.016608692705631256
   vertex 0.078449852764606476 0.0016097432235255837 0.016818653792142868
   vertex 0.078449852764606476 0.00010974014730891213 0.016818653792142868
  endloop
 endfacet
 facet normal 0.57357571820157605 0 -0.8191525471421951
  outer loop
   vertex 0.078149996697902679 0.0016097432235255837 0.016608692705631256
   vertex 0.078449852764606476 0.0016097432235255837 0.016818653792142868
   vertex 0.078149996697902679 0.00010974014730891213 0.016608692705631256
  endloop
 endfacet
 facet normal 0.70711441390818019 0 -0.70709914838252419
  outer loop
   vertex 0.077891163527965546 0.00010974014730891213 0.016349853947758675
   vertex 0.078149996697902679 0.0016097432235255837 0.016608692705631256
   vertex 0.078149996697902679 0.00010974014730891213 0.016608692705631256
  endloop
 endfacet
 facet normal 0.70711441390818019 0 -0.70709914838252419
  outer loop
   vertex 0.077891163527965546 0.0016097432235255837 0.016349853947758675
   vertex 0.078149996697902679 0.0016097432235255837 0.016608692705631256
   vertex 0.077891163527965546 0.00010974014730891213 0.016349853947758675
  endloop
 endfacet
 facet normal 0.81915565466790941 0 -0.57357128016105274
  outer loop
   vertex 0.077681206166744232 0.00010974014730891213 0.016049999743700027
   vertex 0.077891163527965546 0.0016097432235255837 0.016349853947758675
   vertex 0.077891163527965546 0.00010974014730891213 0.016349853947758675
  endloop
 endfacet
 facet normal 0.81915565466790941 0 -0.57357128016105274
  outer loop
   vertex 0.077681206166744232 0.0016097432235255837 0.016049999743700027
   vertex 0.077891163527965546 0.0016097432235255837 0.016349853947758675
   vertex 0.077681206166744232 0.00010974014730891213 0.016049999743700027
  endloop
 endfacet
 facet normal 0.90630400010138357 0 -0.42262638275459274
  outer loop
   vertex 0.077526502311229706 0.00010974014730891213 0.015718244016170502
   vertex 0.077681206166744232 0.0016097432235255837 0.016049999743700027
   vertex 0.077681206166744232 0.00010974014730891213 0.016049999743700027
  endloop
 endfacet
 facet normal 0.90630400010138357 0 -0.42262638275459274
  outer loop
   vertex 0.077526502311229706 0.0016097432235255837 0.015718244016170502
   vertex 0.077681206166744232 0.0016097432235255837 0.016049999743700027
   vertex 0.077526502311229706 0.00010974014730891213 0.015718244016170502
  endloop
 endfacet
 facet normal 0.96592615614668154 0 -0.25881781405401105
  outer loop
   vertex 0.077431760728359222 0.00010974014730891213 0.015364661812782288
   vertex 0.077526502311229706 0.0016097432235255837 0.015718244016170502
   vertex 0.077526502311229706 0.00010974014730891213 0.015718244016170502
  endloop
 endfacet
 facet normal 0.96592615614668154 0 -0.25881781405401105
  outer loop
   vertex 0.077431760728359222 0.0016097432235255837 0.015364661812782288
   vertex 0.077526502311229706 0.0016097432235255837 0.015718244016170502
   vertex 0.077431760728359222 0.00010974014730891213 0.015364661812782288
  endloop
 endfacet
 facet normal 0.99619477787606681 0 -0.087154830803884392
  outer loop
   vertex 0.077399857342243195 0.00010974014730891213 0.015000000596046448
   vertex 0.077431760728359222 0.0016097432235255837 0.015364661812782288
   vertex 0.077431760728359222 0.00010974014730891213 0.015364661812782288
  endloop
 endfacet
 facet normal 0.99619477787606681 0 -0.087154830803884392
  outer loop
   vertex 0.077399857342243195 0.0016097432235255837 0.015000000596046448
   vertex 0.077431760728359222 0.0016097432235255837 0.015364661812782288
   vertex 0.077399857342243195 0.00010974014730891213 0.015000000596046448
  endloop
 endfacet
 facet normal 0.99619477787606681 0 0.087154830803884392
  outer loop
   vertex -0.03657165914773941 0.00010974014730891213 0.014635339379310608
   vertex -0.036603562533855438 0.0016097432235255837 0.015000000596046448
   vertex -0.036603562533855438 0.00010974014730891213 0.015000000596046448
  endloop
 endfacet
 facet normal 0.99619477787606681 0 0.087154830803884392
  outer loop
   vertex -0.03657165914773941 0.0016097432235255837 0.014635339379310608
   vertex -0.036603562533855438 0.0016097432235255837 0.015000000596046448
   vertex -0.03657165914773941 0.00010974014730891213 0.014635339379310608
  endloop
 endfacet
 facet normal 0.96592598571764476 0 0.25881845010624005
  outer loop
   vertex -0.036476917564868927 0.00010974014730891213 0.014281758107244968
   vertex -0.03657165914773941 0.0016097432235255837 0.014635339379310608
   vertex -0.03657165914773941 0.00010974014730891213 0.014635339379310608
  endloop
 endfacet
 facet normal 0.96592598571764476 0 0.25881845010624005
  outer loop
   vertex -0.036476917564868927 0.0016097432235255837 0.014281758107244968
   vertex -0.03657165914773941 0.0016097432235255837 0.014635339379310608
   vertex -0.036476917564868927 0.00010974014730891213 0.014281758107244968
  endloop
 endfacet
 facet normal 0.9063049089588896 0 0.42262443374350561
  outer loop
   vertex -0.036322213709354401 0.00010974014730891213 0.013950000517070293
   vertex -0.036476917564868927 0.0016097432235255837 0.014281758107244968
   vertex -0.036476917564868927 0.00010974014730891213 0.014281758107244968
  endloop
 endfacet
 facet normal 0.9063049089588896 0 0.42262443374350561
  outer loop
   vertex -0.036322213709354401 0.0016097432235255837 0.013950000517070293
   vertex -0.036476917564868927 0.0016097432235255837 0.014281758107244968
   vertex -0.036322213709354401 0.00010974014730891213 0.013950000517070293
  endloop
 endfacet
 facet normal 0.81915565466790941 0 0.57357128016105274
  outer loop
   vertex -0.036112256348133087 0.00010974014730891213 0.013650146313011646
   vertex -0.036322213709354401 0.0016097432235255837 0.013950000517070293
   vertex -0.036322213709354401 0.00010974014730891213 0.013950000517070293
  endloop
 endfacet
 facet normal 0.81915565466790941 0 0.57357128016105274
  outer loop
   vertex -0.036112256348133087 0.0016097432235255837 0.013650146313011646
   vertex -0.036322213709354401 0.0016097432235255837 0.013950000517070293
   vertex -0.036112256348133087 0.00010974014730891213 0.013650146313011646
  endloop
 endfacet
 facet normal 0.70711568600442165 0 0.70709787625653087
  outer loop
   vertex -0.035853423178195953 0.00010974014730891213 0.01339130662381649
   vertex -0.036112256348133087 0.0016097432235255837 0.013650146313011646
   vertex -0.036112256348133087 0.00010974014730891213 0.013650146313011646
  endloop
 endfacet
 facet normal 0.70711568600442165 0 0.70709787625653087
  outer loop
   vertex -0.035853423178195953 0.0016097432235255837 0.01339130662381649
   vertex -0.036112256348133087 0.0016097432235255837 0.013650146313011646
   vertex -0.035853423178195953 0.00010974014730891213 0.01339130662381649
  endloop
 endfacet
 facet normal 0.57357230380827884 0 0.81915493791105443
  outer loop
   vertex -0.035553567111492157 0.00010974014730891213 0.013181347399950027
   vertex -0.035853423178195953 0.0016097432235255837 0.01339130662381649
   vertex -0.035853423178195953 0.00010974014730891213 0.01339130662381649
  endloop
 endfacet
 facet normal 0.57357230380827884 0 0.81915493791105443
  outer loop
   vertex -0.035553567111492157 0.0016097432235255837 0.013181347399950027
   vertex -0.035853423178195953 0.0016097432235255837 0.01339130662381649
   vertex -0.035553567111492157 0.00010974014730891213 0.013181347399950027
  endloop
 endfacet
 facet normal 0.42261830516957805 0 0.9063077667854299
  outer loop
   vertex -0.035221807658672333 0.00010974014730891213 0.01302664540708065
   vertex -0.035553567111492157 0.0016097432235255837 0.013181347399950027
   vertex -0.035553567111492157 0.00010974014730891213 0.013181347399950027
  endloop
 endfacet
 facet normal 0.42261830516957805 0 0.9063077667854299
  outer loop
   vertex -0.035221807658672333 0.0016097432235255837 0.01302664540708065
   vertex -0.035553567111492157 0.0016097432235255837 0.013181347399950027
   vertex -0.035221807658672333 0.00010974014730891213 0.01302664540708065
  endloop
 endfacet
 facet normal 0.25881781405401105 0 0.96592615614668154
  outer loop
   vertex -0.034868225455284119 0.00010974014730891213 0.012931903824210167
   vertex -0.035221807658672333 0.0016097432235255837 0.01302664540708065
   vertex -0.035221807658672333 0.00010974014730891213 0.01302664540708065
  endloop
 endfacet
 facet normal 0.25881781405401105 0 0.96592615614668154
  outer loop
   vertex -0.034868225455284119 0.0016097432235255837 0.012931903824210167
   vertex -0.035221807658672333 0.0016097432235255837 0.01302664540708065
   vertex -0.034868225455284119 0.00010974014730891213 0.012931903824210167
  endloop
 endfacet
 facet normal 0.087154830803884392 0 0.99619477787606681
  outer loop
   vertex -0.034503564238548279 0.00010974014730891213 0.012900000438094139
   vertex -0.034868225455284119 0.0016097432235255837 0.012931903824210167
   vertex -0.034868225455284119 0.00010974014730891213 0.012931903824210167
  endloop
 endfacet
 facet normal 0.087154830803884392 0 0.99619477787606681
  outer loop
   vertex -0.034503564238548279 0.0016097432235255837 0.012900000438094139
   vertex -0.034868225455284119 0.0016097432235255837 0.012931903824210167
   vertex -0.034503564238548279 0.00010974014730891213 0.012900000438094139
  endloop
 endfacet
 facet normal -0.087154830803884392 0 0.99619477787606681
  outer loop
   vertex -0.034138903021812439 0.00010974014730891213 0.012931903824210167
   vertex -0.034503564238548279 0.0016097432235255837 0.012900000438094139
   vertex -0.034503564238548279 0.00010974014730891213 0.012900000438094139
  endloop
 endfacet
 facet normal -0.087154830803884392 0 0.99619477787606681
  outer loop
   vertex -0.034138903021812439 0.0016097432235255837 0.012931903824210167
   vertex -0.034503564238548279 0.0016097432235255837 0.012900000438094139
   vertex -0.034138903021812439 0.00010974014730891213 0.012931903824210167
  endloop
 endfacet
 facet normal -0.25881781405401105 0 0.96592615614668154
  outer loop
   vertex -0.033785320818424225 0.00010974014730891213 0.01302664540708065
   vertex -0.034138903021812439 0.0016097432235255837 0.012931903824210167
   vertex -0.034138903021812439 0.00010974014730891213 0.012931903824210167
  endloop
 endfacet
 facet normal -0.25881781405401105 0 0.96592615614668154
  outer loop
   vertex -0.033785320818424225 0.0016097432235255837 0.01302664540708065
   vertex -0.034138903021812439 0.0016097432235255837 0.012931903824210167
   vertex -0.033785320818424225 0.00010974014730891213 0.01302664540708065
  endloop
 endfacet
 facet normal -0.42261830516957805 0 0.9063077667854299
  outer loop
   vertex -0.033453561365604401 0.00010974014730891213 0.013181347399950027
   vertex -0.033785320818424225 0.0016097432235255837 0.01302664540708065
   vertex -0.033785320818424225 0.00010974014730891213 0.01302664540708065
  endloop
 endfacet
 facet normal -0.42261830516957805 0 0.9063077667854299
  outer loop
   vertex -0.033453561365604401 0.0016097432235255837 0.013181347399950027
   vertex -0.033785320818424225 0.0016097432235255837 0.01302664540708065
   vertex -0.033453561365604401 0.00010974014730891213 0.013181347399950027
  endloop
 endfacet
 facet normal -0.57357230380827884 0 0.81915493791105443
  outer loop
   vertex -0.033153705298900604 0.00010974014730891213 0.01339130662381649
   vertex -0.033453561365604401 0.0016097432235255837 0.013181347399950027
   vertex -0.033453561365604401 0.00010974014730891213 0.013181347399950027
  endloop
 endfacet
 facet normal -0.57357230380827884 0 0.81915493791105443
  outer loop
   vertex -0.033153705298900604 0.0016097432235255837 0.01339130662381649
   vertex -0.033453561365604401 0.0016097432235255837 0.013181347399950027
   vertex -0.033153705298900604 0.00010974014730891213 0.01339130662381649
  endloop
 endfacet
 facet normal -0.70711568600442165 0 0.70709787625653087
  outer loop
   vertex -0.03289487212896347 0.00010974014730891213 0.013650146313011646
   vertex -0.033153705298900604 0.0016097432235255837 0.01339130662381649
   vertex -0.033153705298900604 0.00010974014730891213 0.01339130662381649
  endloop
 endfacet
 facet normal -0.70711568600442165 0 0.70709787625653087
  outer loop
   vertex -0.03289487212896347 0.0016097432235255837 0.013650146313011646
   vertex -0.033153705298900604 0.0016097432235255837 0.01339130662381649
   vertex -0.03289487212896347 0.00010974014730891213 0.013650146313011646
  endloop
 endfacet
 facet normal -0.81915565466790941 0 0.57357128016105274
  outer loop
   vertex -0.032684914767742157 0.00010974014730891213 0.013950000517070293
   vertex -0.03289487212896347 0.0016097432235255837 0.013650146313011646
   vertex -0.03289487212896347 0.00010974014730891213 0.013650146313011646
  endloop
 endfacet
 facet normal -0.81915565466790941 0 0.57357128016105274
  outer loop
   vertex -0.032684914767742157 0.0016097432235255837 0.013950000517070293
   vertex -0.03289487212896347 0.0016097432235255837 0.013650146313011646
   vertex -0.032684914767742157 0.00010974014730891213 0.013950000517070293
  endloop
 endfacet
 facet normal -0.9063049089588896 0 0.42262443374350561
  outer loop
   vertex -0.032530210912227631 0.00010974014730891213 0.014281758107244968
   vertex -0.032684914767742157 0.0016097432235255837 0.013950000517070293
   vertex -0.032684914767742157 0.00010974014730891213 0.013950000517070293
  endloop
 endfacet
 facet normal -0.9063049089588896 0 0.42262443374350561
  outer loop
   vertex -0.032530210912227631 0.0016097432235255837 0.014281758107244968
   vertex -0.032684914767742157 0.0016097432235255837 0.013950000517070293
   vertex -0.032530210912227631 0.00010974014730891213 0.014281758107244968
  endloop
 endfacet
 facet normal -0.96592598571764476 0 0.25881845010624005
  outer loop
   vertex -0.032435469329357147 0.00010974014730891213 0.014635339379310608
   vertex -0.032530210912227631 0.0016097432235255837 0.014281758107244968
   vertex -0.032530210912227631 0.00010974014730891213 0.014281758107244968
  endloop
 endfacet
 facet normal -0.96592598571764476 0 0.25881845010624005
  outer loop
   vertex -0.032435469329357147 0.0016097432235255837 0.014635339379310608
   vertex -0.032530210912227631 0.0016097432235255837 0.014281758107244968
   vertex -0.032435469329357147 0.00010974014730891213 0.014635339379310608
  endloop
 endfacet
 facet normal -0.99619477787606681 0 0.087154830803884392
  outer loop
   vertex -0.032403565943241119 0.00010974014730891213 0.015000000596046448
   vertex -0.032435469329357147 0.0016097432235255837 0.014635339379310608
   vertex -0.032435469329357147 0.00010974014730891213 0.014635339379310608
  endloop
 endfacet
 facet normal -0.99619477787606681 0 0.087154830803884392
  outer loop
   vertex -0.032403565943241119 0.0016097432235255837 0.015000000596046448
   vertex -0.032435469329357147 0.0016097432235255837 0.014635339379310608
   vertex -0.032403565943241119 0.00010974014730891213 0.015000000596046448
  endloop
 endfacet
 facet normal -0.99619477787606681 -0 -0.087154830803884392
  outer loop
   vertex -0.032435469329357147 0.00010974014730891213 0.015364661812782288
   vertex -0.032403565943241119 0.0016097432235255837 0.015000000596046448
   vertex -0.032403565943241119 0.00010974014730891213 0.015000000596046448
  endloop
 endfacet
 facet normal -0.99619477787606681 0 -0.087154830803884392
  outer loop
   vertex -0.032435469329357147 0.0016097432235255837 0.015364661812782288
   vertex -0.032403565943241119 0.0016097432235255837 0.015000000596046448
   vertex -0.032435469329357147 0.00010974014730891213 0.015364661812782288
  endloop
 endfacet
 facet normal -0.96592615614668154 -0 -0.25881781405401105
  outer loop
   vertex -0.032530210912227631 0.00010974014730891213 0.015718244016170502
   vertex -0.032435469329357147 0.0016097432235255837 0.015364661812782288
   vertex -0.032435469329357147 0.00010974014730891213 0.015364661812782288
  endloop
 endfacet
 facet normal -0.96592615614668154 0 -0.25881781405401105
  outer loop
   vertex -0.032530210912227631 0.0016097432235255837 0.015718244016170502
   vertex -0.032435469329357147 0.0016097432235255837 0.015364661812782288
   vertex -0.032530210912227631 0.00010974014730891213 0.015718244016170502
  endloop
 endfacet
 facet normal -0.90630400010138357 -0 -0.42262638275459274
  outer loop
   vertex -0.032684914767742157 0.00010974014730891213 0.016049999743700027
   vertex -0.032530210912227631 0.0016097432235255837 0.015718244016170502
   vertex -0.032530210912227631 0.00010974014730891213 0.015718244016170502
  endloop
 endfacet
 facet normal -0.90630400010138357 0 -0.42262638275459274
  outer loop
   vertex -0.032684914767742157 0.0016097432235255837 0.016049999743700027
   vertex -0.032530210912227631 0.0016097432235255837 0.015718244016170502
   vertex -0.032684914767742157 0.00010974014730891213 0.016049999743700027
  endloop
 endfacet
 facet normal -0.81915565466790941 -0 -0.57357128016105274
  outer loop
   vertex -0.03289487212896347 0.00010974014730891213 0.016349853947758675
   vertex -0.032684914767742157 0.0016097432235255837 0.016049999743700027
   vertex -0.032684914767742157 0.00010974014730891213 0.016049999743700027
  endloop
 endfacet
 facet normal -0.81915565466790941 0 -0.57357128016105274
  outer loop
   vertex -0.03289487212896347 0.0016097432235255837 0.016349853947758675
   vertex -0.032684914767742157 0.0016097432235255837 0.016049999743700027
   vertex -0.03289487212896347 0.00010974014730891213 0.016349853947758675
  endloop
 endfacet
 facet normal -0.70711441390818019 -0 -0.70709914838252419
  outer loop
   vertex -0.033153705298900604 0.00010974014730891213 0.016608692705631256
   vertex -0.03289487212896347 0.0016097432235255837 0.016349853947758675
   vertex -0.03289487212896347 0.00010974014730891213 0.016349853947758675
  endloop
 endfacet
 facet normal -0.70711441390818019 0 -0.70709914838252419
  outer loop
   vertex -0.033153705298900604 0.0016097432235255837 0.016608692705631256
   vertex -0.03289487212896347 0.0016097432235255837 0.016349853947758675
   vertex -0.033153705298900604 0.00010974014730891213 0.016608692705631256
  endloop
 endfacet
 facet normal -0.57357571820157605 -0 -0.8191525471421951
  outer loop
   vertex -0.033453561365604401 0.00010974014730891213 0.016818653792142868
   vertex -0.033153705298900604 0.0016097432235255837 0.016608692705631256
   vertex -0.033153705298900604 0.00010974014730891213 0.016608692705631256
  endloop
 endfacet
 facet normal -0.57357571820157605 0 -0.8191525471421951
  outer loop
   vertex -0.033453561365604401 0.0016097432235255837 0.016818653792142868
   vertex -0.033153705298900604 0.0016097432235255837 0.016608692705631256
   vertex -0.033453561365604401 0.00010974014730891213 0.016818653792142868
  endloop
 endfacet
 facet normal -0.42261412556375161 -0 -0.90630971575614572
  outer loop
   vertex -0.033785320818424225 0.00010974014730891213 0.016973353922367096
   vertex -0.033453561365604401 0.0016097432235255837 0.016818653792142868
   vertex -0.033453561365604401 0.00010974014730891213 0.016818653792142868
  endloop
 endfacet
 facet normal -0.42261412556375161 0 -0.90630971575614572
  outer loop
   vertex -0.033785320818424225 0.0016097432235255837 0.016973353922367096
   vertex -0.033453561365604401 0.0016097432235255837 0.016818653792142868
   vertex -0.033785320818424225 0.00010974014730891213 0.016973353922367096
  endloop
 endfacet
 facet normal -0.25881781405401105 -0 -0.96592615614668154
  outer loop
   vertex -0.034138903021812439 0.00010974014730891213 0.017068095505237579
   vertex -0.033785320818424225 0.0016097432235255837 0.016973353922367096
   vertex -0.033785320818424225 0.00010974014730891213 0.016973353922367096
  endloop
 endfacet
 facet normal -0.25881781405401105 0 -0.96592615614668154
  outer loop
   vertex -0.034138903021812439 0.0016097432235255837 0.017068095505237579
   vertex -0.033785320818424225 0.0016097432235255837 0.016973353922367096
   vertex -0.034138903021812439 0.00010974014730891213 0.017068095505237579
  endloop
 endfacet
 facet normal -0.087159880590681596 -0 -0.9961943360687302
  outer loop
   vertex -0.034503564238548279 0.00010974014730891213 0.017100000753998756
   vertex -0.034138903021812439 0.0016097432235255837 0.017068095505237579
   vertex -0.034138903021812439 0.00010974014730891213 0.017068095505237579
  endloop
 endfacet
 facet normal -0.087159880590681596 0 -0.9961943360687302
  outer loop
   vertex -0.034503564238548279 0.0016097432235255837 0.017100000753998756
   vertex -0.034138903021812439 0.0016097432235255837 0.017068095505237579
   vertex -0.034503564238548279 0.00010974014730891213 0.017100000753998756
  endloop
 endfacet
 facet normal 0.087159880590681596 0 -0.9961943360687302
  outer loop
   vertex -0.034868225455284119 0.00010974014730891213 0.017068095505237579
   vertex -0.034503564238548279 0.0016097432235255837 0.017100000753998756
   vertex -0.034503564238548279 0.00010974014730891213 0.017100000753998756
  endloop
 endfacet
 facet normal 0.087159880590681596 0 -0.9961943360687302
  outer loop
   vertex -0.034868225455284119 0.0016097432235255837 0.017068095505237579
   vertex -0.034503564238548279 0.0016097432235255837 0.017100000753998756
   vertex -0.034868225455284119 0.00010974014730891213 0.017068095505237579
  endloop
 endfacet
 facet normal 0.25881781405401105 0 -0.96592615614668154
  outer loop
   vertex -0.035221807658672333 0.00010974014730891213 0.016973353922367096
   vertex -0.034868225455284119 0.0016097432235255837 0.017068095505237579
   vertex -0.034868225455284119 0.00010974014730891213 0.017068095505237579
  endloop
 endfacet
 facet normal 0.25881781405401105 0 -0.96592615614668154
  outer loop
   vertex -0.035221807658672333 0.0016097432235255837 0.016973353922367096
   vertex -0.034868225455284119 0.0016097432235255837 0.017068095505237579
   vertex -0.035221807658672333 0.00010974014730891213 0.016973353922367096
  endloop
 endfacet
 facet normal 0.42261412556375161 0 -0.90630971575614572
  outer loop
   vertex -0.035553567111492157 0.00010974014730891213 0.016818653792142868
   vertex -0.035221807658672333 0.0016097432235255837 0.016973353922367096
   vertex -0.035221807658672333 0.00010974014730891213 0.016973353922367096
  endloop
 endfacet
 facet normal 0.42261412556375161 0 -0.90630971575614572
  outer loop
   vertex -0.035553567111492157 0.0016097432235255837 0.016818653792142868
   vertex -0.035221807658672333 0.0016097432235255837 0.016973353922367096
   vertex -0.035553567111492157 0.00010974014730891213 0.016818653792142868
  endloop
 endfacet
 facet normal 0.57357571820157605 0 -0.8191525471421951
  outer loop
   vertex -0.035853423178195953 0.00010974014730891213 0.016608692705631256
   vertex -0.035553567111492157 0.0016097432235255837 0.016818653792142868
   vertex -0.035553567111492157 0.00010974014730891213 0.016818653792142868
  endloop
 endfacet
 facet normal 0.57357571820157605 0 -0.8191525471421951
  outer loop
   vertex -0.035853423178195953 0.0016097432235255837 0.016608692705631256
   vertex -0.035553567111492157 0.0016097432235255837 0.016818653792142868
   vertex -0.035853423178195953 0.00010974014730891213 0.016608692705631256
  endloop
 endfacet
 facet normal 0.70711441390818019 0 -0.70709914838252419
  outer loop
   vertex -0.036112256348133087 0.00010974014730891213 0.016349853947758675
   vertex -0.035853423178195953 0.0016097432235255837 0.016608692705631256
   vertex -0.035853423178195953 0.00010974014730891213 0.016608692705631256
  endloop
 endfacet
 facet normal 0.70711441390818019 0 -0.70709914838252419
  outer loop
   vertex -0.036112256348133087 0.0016097432235255837 0.016349853947758675
   vertex -0.035853423178195953 0.0016097432235255837 0.016608692705631256
   vertex -0.036112256348133087 0.00010974014730891213 0.016349853947758675
  endloop
 endfacet
 facet normal 0.81915565466790941 0 -0.57357128016105274
  outer loop
   vertex -0.036322213709354401 0.00010974014730891213 0.016049999743700027
   vertex -0.036112256348133087 0.0016097432235255837 0.016349853947758675
   vertex -0.036112256348133087 0.00010974014730891213 0.016349853947758675
  endloop
 endfacet
 facet normal 0.81915565466790941 0 -0.57357128016105274
  outer loop
   vertex -0.036322213709354401 0.0016097432235255837 0.016049999743700027
   vertex -0.036112256348133087 0.0016097432235255837 0.016349853947758675
   vertex -0.036322213709354401 0.00010974014730891213 0.016049999743700027
  endloop
 endfacet
 facet normal 0.90630400010138357 0 -0.42262638275459274
  outer loop
   vertex -0.036476917564868927 0.00010974014730891213 0.015718244016170502
   vertex -0.036322213709354401 0.0016097432235255837 0.016049999743700027
   vertex -0.036322213709354401 0.00010974014730891213 0.016049999743700027
  endloop
 endfacet
 facet normal 0.90630400010138357 0 -0.42262638275459274
  outer loop
   vertex -0.036476917564868927 0.0016097432235255837 0.015718244016170502
   vertex -0.036322213709354401 0.0016097432235255837 0.016049999743700027
   vertex -0.036476917564868927 0.00010974014730891213 0.015718244016170502
  endloop
 endfacet
 facet normal 0.96592615614668154 0 -0.25881781405401105
  outer loop
   vertex -0.03657165914773941 0.00010974014730891213 0.015364661812782288
   vertex -0.036476917564868927 0.0016097432235255837 0.015718244016170502
   vertex -0.036476917564868927 0.00010974014730891213 0.015718244016170502
  endloop
 endfacet
 facet normal 0.96592615614668154 0 -0.25881781405401105
  outer loop
   vertex -0.03657165914773941 0.0016097432235255837 0.015364661812782288
   vertex -0.036476917564868927 0.0016097432235255837 0.015718244016170502
   vertex -0.03657165914773941 0.00010974014730891213 0.015364661812782288
  endloop
 endfacet
 facet normal 0.99619477787606681 0 -0.087154830803884392
  outer loop
   vertex -0.036603562533855438 0.00010974014730891213 0.015000000596046448
   vertex -0.03657165914773941 0.0016097432235255837 0.015364661812782288
   vertex -0.03657165914773941 0.00010974014730891213 0.015364661812782288
  endloop
 endfacet
 facet normal 0.99619477787606681 0 -0.087154830803884392
  outer loop
   vertex -0.036603562533855438 0.0016097432235255837 0.015000000596046448
   vertex -0.03657165914773941 0.0016097432235255837 0.015364661812782288
   vertex -0.036603562533855438 0.00010974014730891213 0.015000000596046448
  endloop
 endfacet
 facet normal 0.99619477787606681 0 0.087154830803884392
  outer loop
   vertex 0.032431758940219879 0.00010974014730891213 0.014635339379310608
   vertex 0.032399855554103851 0.0016097432235255837 0.015000000596046448
   vertex 0.032399855554103851 0.00010974014730891213 0.015000000596046448
  endloop
 endfacet
 facet normal 0.99619477787606681 0 0.087154830803884392
  outer loop
   vertex 0.032431758940219879 0.0016097432235255837 0.014635339379310608
   vertex 0.032399855554103851 0.0016097432235255837 0.015000000596046448
   vertex 0.032431758940219879 0.00010974014730891213 0.014635339379310608
  endloop
 endfacet
 facet normal 0.96592598571764476 0 0.25881845010624005
  outer loop
   vertex 0.032526500523090363 0.00010974014730891213 0.014281758107244968
   vertex 0.032431758940219879 0.0016097432235255837 0.014635339379310608
   vertex 0.032431758940219879 0.00010974014730891213 0.014635339379310608
  endloop
 endfacet
 facet normal 0.96592598571764476 0 0.25881845010624005
  outer loop
   vertex 0.032526500523090363 0.0016097432235255837 0.014281758107244968
   vertex 0.032431758940219879 0.0016097432235255837 0.014635339379310608
   vertex 0.032526500523090363 0.00010974014730891213 0.014281758107244968
  endloop
 endfacet
 facet normal 0.9063049089588896 0 0.42262443374350561
  outer loop
   vertex 0.032681204378604889 0.00010974014730891213 0.013950000517070293
   vertex 0.032526500523090363 0.0016097432235255837 0.014281758107244968
   vertex 0.032526500523090363 0.00010974014730891213 0.014281758107244968
  endloop
 endfacet
 facet normal 0.9063049089588896 0 0.42262443374350561
  outer loop
   vertex 0.032681204378604889 0.0016097432235255837 0.013950000517070293
   vertex 0.032526500523090363 0.0016097432235255837 0.014281758107244968
   vertex 0.032681204378604889 0.00010974014730891213 0.013950000517070293
  endloop
 endfacet
 facet normal 0.81915565466790941 0 0.57357128016105274
  outer loop
   vertex 0.032891161739826202 0.00010974014730891213 0.013650146313011646
   vertex 0.032681204378604889 0.0016097432235255837 0.013950000517070293
   vertex 0.032681204378604889 0.00010974014730891213 0.013950000517070293
  endloop
 endfacet
 facet normal 0.81915565466790941 0 0.57357128016105274
  outer loop
   vertex 0.032891161739826202 0.0016097432235255837 0.013650146313011646
   vertex 0.032681204378604889 0.0016097432235255837 0.013950000517070293
   vertex 0.032891161739826202 0.00010974014730891213 0.013650146313011646
  endloop
 endfacet
 facet normal 0.70711568600442165 0 0.70709787625653087
  outer loop
   vertex 0.033149994909763336 0.00010974014730891213 0.01339130662381649
   vertex 0.032891161739826202 0.0016097432235255837 0.013650146313011646
   vertex 0.032891161739826202 0.00010974014730891213 0.013650146313011646
  endloop
 endfacet
 facet normal 0.70711568600442165 0 0.70709787625653087
  outer loop
   vertex 0.033149994909763336 0.0016097432235255837 0.01339130662381649
   vertex 0.032891161739826202 0.0016097432235255837 0.013650146313011646
   vertex 0.033149994909763336 0.00010974014730891213 0.01339130662381649
  endloop
 endfacet
 facet normal 0.57357230380827884 0 0.81915493791105443
  outer loop
   vertex 0.033449850976467133 0.00010974014730891213 0.013181347399950027
   vertex 0.033149994909763336 0.0016097432235255837 0.01339130662381649
   vertex 0.033149994909763336 0.00010974014730891213 0.01339130662381649
  endloop
 endfacet
 facet normal 0.57357230380827884 0 0.81915493791105443
  outer loop
   vertex 0.033449850976467133 0.0016097432235255837 0.013181347399950027
   vertex 0.033149994909763336 0.0016097432235255837 0.01339130662381649
   vertex 0.033449850976467133 0.00010974014730891213 0.013181347399950027
  endloop
 endfacet
 facet normal 0.42261830516957805 0 0.9063077667854299
  outer loop
   vertex 0.033781610429286957 0.00010974014730891213 0.01302664540708065
   vertex 0.033449850976467133 0.0016097432235255837 0.013181347399950027
   vertex 0.033449850976467133 0.00010974014730891213 0.013181347399950027
  endloop
 endfacet
 facet normal 0.42261830516957805 0 0.9063077667854299
  outer loop
   vertex 0.033781610429286957 0.0016097432235255837 0.01302664540708065
   vertex 0.033449850976467133 0.0016097432235255837 0.013181347399950027
   vertex 0.033781610429286957 0.00010974014730891213 0.01302664540708065
  endloop
 endfacet
 facet normal 0.25882290255623669 0 0.96592479267920472
  outer loop
   vertex 0.034135185182094574 0.00010974014730891213 0.012931903824210167
   vertex 0.033781610429286957 0.0016097432235255837 0.01302664540708065
   vertex 0.033781610429286957 0.00010974014730891213 0.01302664540708065
  endloop
 endfacet
 facet normal 0.25882290255623669 0 0.96592479267920472
  outer loop
   vertex 0.034135185182094574 0.0016097432235255837 0.012931903824210167
   vertex 0.033781610429286957 0.0016097432235255837 0.01302664540708065
   vertex 0.034135185182094574 0.00010974014730891213 0.012931903824210167
  endloop
 endfacet
 facet normal 0.087154830803884392 0 0.99619477787606681
  outer loop
   vertex 0.034499846398830414 0.00010974014730891213 0.012900000438094139
   vertex 0.034135185182094574 0.0016097432235255837 0.012931903824210167
   vertex 0.034135185182094574 0.00010974014730891213 0.012931903824210167
  endloop
 endfacet
 facet normal 0.087154830803884392 0 0.99619477787606681
  outer loop
   vertex 0.034499846398830414 0.0016097432235255837 0.012900000438094139
   vertex 0.034135185182094574 0.0016097432235255837 0.012931903824210167
   vertex 0.034499846398830414 0.00010974014730891213 0.012900000438094139
  endloop
 endfacet
 facet normal -0.087154830803884392 0 0.99619477787606681
  outer loop
   vertex 0.034864507615566254 0.00010974014730891213 0.012931903824210167
   vertex 0.034499846398830414 0.0016097432235255837 0.012900000438094139
   vertex 0.034499846398830414 0.00010974014730891213 0.012900000438094139
  endloop
 endfacet
 facet normal -0.087154830803884392 0 0.99619477787606681
  outer loop
   vertex 0.034864507615566254 0.0016097432235255837 0.012931903824210167
   vertex 0.034499846398830414 0.0016097432235255837 0.012900000438094139
   vertex 0.034864507615566254 0.00010974014730891213 0.012931903824210167
  endloop
 endfacet
 facet normal -0.258812725744681 0 0.96592751953374256
  outer loop
   vertex 0.035218097269535065 0.00010974014730891213 0.01302664540708065
   vertex 0.034864507615566254 0.0016097432235255837 0.012931903824210167
   vertex 0.034864507615566254 0.00010974014730891213 0.012931903824210167
  endloop
 endfacet
 facet normal -0.258812725744681 0 0.96592751953374256
  outer loop
   vertex 0.035218097269535065 0.0016097432235255837 0.01302664540708065
   vertex 0.034864507615566254 0.0016097432235255837 0.012931903824210167
   vertex 0.035218097269535065 0.00010974014730891213 0.01302664540708065
  endloop
 endfacet
 facet normal -0.42261830516957805 0 0.9063077667854299
  outer loop
   vertex 0.035549856722354889 0.00010974014730891213 0.013181347399950027
   vertex 0.035218097269535065 0.0016097432235255837 0.01302664540708065
   vertex 0.035218097269535065 0.00010974014730891213 0.01302664540708065
  endloop
 endfacet
 facet normal -0.42261830516957805 0 0.9063077667854299
  outer loop
   vertex 0.035549856722354889 0.0016097432235255837 0.013181347399950027
   vertex 0.035218097269535065 0.0016097432235255837 0.01302664540708065
   vertex 0.035549856722354889 0.00010974014730891213 0.013181347399950027
  endloop
 endfacet
 facet normal -0.57357230380827884 0 0.81915493791105443
  outer loop
   vertex 0.035849712789058685 0.00010974014730891213 0.01339130662381649
   vertex 0.035549856722354889 0.0016097432235255837 0.013181347399950027
   vertex 0.035549856722354889 0.00010974014730891213 0.013181347399950027
  endloop
 endfacet
 facet normal -0.57357230380827884 0 0.81915493791105443
  outer loop
   vertex 0.035849712789058685 0.0016097432235255837 0.01339130662381649
   vertex 0.035549856722354889 0.0016097432235255837 0.013181347399950027
   vertex 0.035849712789058685 0.00010974014730891213 0.01339130662381649
  endloop
 endfacet
 facet normal -0.70711568600442165 0 0.70709787625653087
  outer loop
   vertex 0.036108545958995819 0.00010974014730891213 0.013650146313011646
   vertex 0.035849712789058685 0.0016097432235255837 0.01339130662381649
   vertex 0.035849712789058685 0.00010974014730891213 0.01339130662381649
  endloop
 endfacet
 facet normal -0.70711568600442165 0 0.70709787625653087
  outer loop
   vertex 0.036108545958995819 0.0016097432235255837 0.013650146313011646
   vertex 0.035849712789058685 0.0016097432235255837 0.01339130662381649
   vertex 0.036108545958995819 0.00010974014730891213 0.013650146313011646
  endloop
 endfacet
 facet normal -0.81915565466790941 0 0.57357128016105274
  outer loop
   vertex 0.036318503320217133 0.00010974014730891213 0.013950000517070293
   vertex 0.036108545958995819 0.0016097432235255837 0.013650146313011646
   vertex 0.036108545958995819 0.00010974014730891213 0.013650146313011646
  endloop
 endfacet
 facet normal -0.81915565466790941 0 0.57357128016105274
  outer loop
   vertex 0.036318503320217133 0.0016097432235255837 0.013950000517070293
   vertex 0.036108545958995819 0.0016097432235255837 0.013650146313011646
   vertex 0.036318503320217133 0.00010974014730891213 0.013950000517070293
  endloop
 endfacet
 facet normal -0.9063049089588896 0 0.42262443374350561
  outer loop
   vertex 0.036473207175731659 0.00010974014730891213 0.014281758107244968
   vertex 0.036318503320217133 0.0016097432235255837 0.013950000517070293
   vertex 0.036318503320217133 0.00010974014730891213 0.013950000517070293
  endloop
 endfacet
 facet normal -0.9063049089588896 0 0.42262443374350561
  outer loop
   vertex 0.036473207175731659 0.0016097432235255837 0.014281758107244968
   vertex 0.036318503320217133 0.0016097432235255837 0.013950000517070293
   vertex 0.036473207175731659 0.00010974014730891213 0.014281758107244968
  endloop
 endfacet
 facet normal -0.96592598571764476 0 0.25881845010624005
  outer loop
   vertex 0.036567948758602142 0.00010974014730891213 0.014635339379310608
   vertex 0.036473207175731659 0.0016097432235255837 0.014281758107244968
   vertex 0.036473207175731659 0.00010974014730891213 0.014281758107244968
  endloop
 endfacet
 facet normal -0.96592598571764476 0 0.25881845010624005
  outer loop
   vertex 0.036567948758602142 0.0016097432235255837 0.014635339379310608
   vertex 0.036473207175731659 0.0016097432235255837 0.014281758107244968
   vertex 0.036567948758602142 0.00010974014730891213 0.014635339379310608
  endloop
 endfacet
 facet normal -0.99619477787606681 0 0.087154830803884392
  outer loop
   vertex 0.03659985214471817 0.00010974014730891213 0.015000000596046448
   vertex 0.036567948758602142 0.0016097432235255837 0.014635339379310608
   vertex 0.036567948758602142 0.00010974014730891213 0.014635339379310608
  endloop
 endfacet
 facet normal -0.99619477787606681 0 0.087154830803884392
  outer loop
   vertex 0.03659985214471817 0.0016097432235255837 0.015000000596046448
   vertex 0.036567948758602142 0.0016097432235255837 0.014635339379310608
   vertex 0.03659985214471817 0.00010974014730891213 0.015000000596046448
  endloop
 endfacet
 facet normal -0.99619477787606681 -0 -0.087154830803884392
  outer loop
   vertex 0.036567948758602142 0.00010974014730891213 0.015364661812782288
   vertex 0.03659985214471817 0.0016097432235255837 0.015000000596046448
   vertex 0.03659985214471817 0.00010974014730891213 0.015000000596046448
  endloop
 endfacet
 facet normal -0.99619477787606681 0 -0.087154830803884392
  outer loop
   vertex 0.036567948758602142 0.0016097432235255837 0.015364661812782288
   vertex 0.03659985214471817 0.0016097432235255837 0.015000000596046448
   vertex 0.036567948758602142 0.00010974014730891213 0.015364661812782288
  endloop
 endfacet
 facet normal -0.96592615614668154 -0 -0.25881781405401105
  outer loop
   vertex 0.036473207175731659 0.00010974014730891213 0.015718244016170502
   vertex 0.036567948758602142 0.0016097432235255837 0.015364661812782288
   vertex 0.036567948758602142 0.00010974014730891213 0.015364661812782288
  endloop
 endfacet
 facet normal -0.96592615614668154 0 -0.25881781405401105
  outer loop
   vertex 0.036473207175731659 0.0016097432235255837 0.015718244016170502
   vertex 0.036567948758602142 0.0016097432235255837 0.015364661812782288
   vertex 0.036473207175731659 0.00010974014730891213 0.015718244016170502
  endloop
 endfacet
 facet normal -0.90630400010138357 -0 -0.42262638275459274
  outer loop
   vertex 0.036318503320217133 0.00010974014730891213 0.016049999743700027
   vertex 0.036473207175731659 0.0016097432235255837 0.015718244016170502
   vertex 0.036473207175731659 0.00010974014730891213 0.015718244016170502
  endloop
 endfacet
 facet normal -0.90630400010138357 0 -0.42262638275459274
  outer loop
   vertex 0.036318503320217133 0.0016097432235255837 0.016049999743700027
   vertex 0.036473207175731659 0.0016097432235255837 0.015718244016170502
   vertex 0.036318503320217133 0.00010974014730891213 0.016049999743700027
  endloop
 endfacet
 facet normal -0.81915565466790941 -0 -0.57357128016105274
  outer loop
   vertex 0.036108545958995819 0.00010974014730891213 0.016349853947758675
   vertex 0.036318503320217133 0.0016097432235255837 0.016049999743700027
   vertex 0.036318503320217133 0.00010974014730891213 0.016049999743700027
  endloop
 endfacet
 facet normal -0.81915565466790941 0 -0.57357128016105274
  outer loop
   vertex 0.036108545958995819 0.0016097432235255837 0.016349853947758675
   vertex 0.036318503320217133 0.0016097432235255837 0.016049999743700027
   vertex 0.036108545958995819 0.00010974014730891213 0.016349853947758675
  endloop
 endfacet
 facet normal -0.70711441390818019 -0 -0.70709914838252419
  outer loop
   vertex 0.035849712789058685 0.00010974014730891213 0.016608692705631256
   vertex 0.036108545958995819 0.0016097432235255837 0.016349853947758675
   vertex 0.036108545958995819 0.00010974014730891213 0.016349853947758675
  endloop
 endfacet
 facet normal -0.70711441390818019 0 -0.70709914838252419
  outer loop
   vertex 0.035849712789058685 0.0016097432235255837 0.016608692705631256
   vertex 0.036108545958995819 0.0016097432235255837 0.016349853947758675
   vertex 0.035849712789058685 0.00010974014730891213 0.016608692705631256
  endloop
 endfacet
 facet normal -0.57357571820157605 -0 -0.8191525471421951
  outer loop
   vertex 0.035549856722354889 0.00010974014730891213 0.016818653792142868
   vertex 0.035849712789058685 0.0016097432235255837 0.016608692705631256
   vertex 0.035849712789058685 0.00010974014730891213 0.016608692705631256
  endloop
 endfacet
 facet normal -0.57357571820157605 0 -0.8191525471421951
  outer loop
   vertex 0.035549856722354889 0.0016097432235255837 0.016818653792142868
   vertex 0.035849712789058685 0.0016097432235255837 0.016608692705631256
   vertex 0.035549856722354889 0.00010974014730891213 0.016818653792142868
  endloop
 endfacet
 facet normal -0.42261412556375161 -0 -0.90630971575614572
  outer loop
   vertex 0.035218097269535065 0.00010974014730891213 0.016973353922367096
   vertex 0.035549856722354889 0.0016097432235255837 0.016818653792142868
   vertex 0.035549856722354889 0.00010974014730891213 0.016818653792142868
  endloop
 endfacet
 facet normal -0.42261412556375161 0 -0.90630971575614572
  outer loop
   vertex 0.035218097269535065 0.0016097432235255837 0.016973353922367096
   vertex 0.035549856722354889 0.0016097432235255837 0.016818653792142868
   vertex 0.035218097269535065 0.00010974014730891213 0.016973353922367096
  endloop
 endfacet
 facet normal -0.258812725744681 -0 -0.96592751953374256
  outer loop
   vertex 0.034864507615566254 0.00010974014730891213 0.017068095505237579
   vertex 0.035218097269535065 0.0016097432235255837 0.016973353922367096
   vertex 0.035218097269535065 0.00010974014730891213 0.016973353922367096
  endloop
 endfacet
 facet normal -0.258812725744681 0 -0.96592751953374256
  outer loop
   vertex 0.034864507615566254 0.0016097432235255837 0.017068095505237579
   vertex 0.035218097269535065 0.0016097432235255837 0.016973353922367096
   vertex 0.034864507615566254 0.00010974014730891213 0.017068095505237579
  endloop
 endfacet
 facet normal -0.087159880590681596 -0 -0.9961943360687302
  outer loop
   vertex 0.034499846398830414 0.00010974014730891213 0.017100000753998756
   vertex 0.034864507615566254 0.0016097432235255837 0.017068095505237579
   vertex 0.034864507615566254 0.00010974014730891213 0.017068095505237579
  endloop
 endfacet
 facet normal -0.087159880590681596 0 -0.9961943360687302
  outer loop
   vertex 0.034499846398830414 0.0016097432235255837 0.017100000753998756
   vertex 0.034864507615566254 0.0016097432235255837 0.017068095505237579
   vertex 0.034499846398830414 0.00010974014730891213 0.017100000753998756
  endloop
 endfacet
 facet normal 0.087159880590681596 0 -0.9961943360687302
  outer loop
   vertex 0.034135185182094574 0.00010974014730891213 0.017068095505237579
   vertex 0.034499846398830414 0.0016097432235255837 0.017100000753998756
   vertex 0.034499846398830414 0.00010974014730891213 0.017100000753998756
  endloop
 endfacet
 facet normal 0.087159880590681596 0 -0.9961943360687302
  outer loop
   vertex 0.034135185182094574 0.0016097432235255837 0.017068095505237579
   vertex 0.034499846398830414 0.0016097432235255837 0.017100000753998756
   vertex 0.034135185182094574 0.00010974014730891213 0.017068095505237579
  endloop
 endfacet
 facet normal 0.25882290255623669 0 -0.96592479267920472
  outer loop
   vertex 0.033781610429286957 0.00010974014730891213 0.016973353922367096
   vertex 0.034135185182094574 0.0016097432235255837 0.017068095505237579
   vertex 0.034135185182094574 0.00010974014730891213 0.017068095505237579
  endloop
 endfacet
 facet normal 0.25882290255623669 0 -0.96592479267920472
  outer loop
   vertex 0.033781610429286957 0.0016097432235255837 0.016973353922367096
   vertex 0.034135185182094574 0.0016097432235255837 0.017068095505237579
   vertex 0.033781610429286957 0.00010974014730891213 0.016973353922367096
  endloop
 endfacet
 facet normal 0.42261412556375161 0 -0.90630971575614572
  outer loop
   vertex 0.033449850976467133 0.00010974014730891213 0.016818653792142868
   vertex 0.033781610429286957 0.0016097432235255837 0.016973353922367096
   vertex 0.033781610429286957 0.00010974014730891213 0.016973353922367096
  endloop
 endfacet
 facet normal 0.42261412556375161 0 -0.90630971575614572
  outer loop
   vertex 0.033449850976467133 0.0016097432235255837 0.016818653792142868
   vertex 0.033781610429286957 0.0016097432235255837 0.016973353922367096
   vertex 0.033449850976467133 0.00010974014730891213 0.016818653792142868
  endloop
 endfacet
 facet normal 0.57357571820157605 0 -0.8191525471421951
  outer loop
   vertex 0.033149994909763336 0.00010974014730891213 0.016608692705631256
   vertex 0.033449850976467133 0.0016097432235255837 0.016818653792142868
   vertex 0.033449850976467133 0.00010974014730891213 0.016818653792142868
  endloop
 endfacet
 facet normal 0.57357571820157605 0 -0.8191525471421951
  outer loop
   vertex 0.033149994909763336 0.0016097432235255837 0.016608692705631256
   vertex 0.033449850976467133 0.0016097432235255837 0.016818653792142868
   vertex 0.033149994909763336 0.00010974014730891213 0.016608692705631256
  endloop
 endfacet
 facet normal 0.70711441390818019 0 -0.70709914838252419
  outer loop
   vertex 0.032891161739826202 0.00010974014730891213 0.016349853947758675
   vertex 0.033149994909763336 0.0016097432235255837 0.016608692705631256
   vertex 0.033149994909763336 0.00010974014730891213 0.016608692705631256
  endloop
 endfacet
 facet normal 0.70711441390818019 0 -0.70709914838252419
  outer loop
   vertex 0.032891161739826202 0.0016097432235255837 0.016349853947758675
   vertex 0.033149994909763336 0.0016097432235255837 0.016608692705631256
   vertex 0.032891161739826202 0.00010974014730891213 0.016349853947758675
  endloop
 endfacet
 facet normal 0.81915565466790941 0 -0.57357128016105274
  outer loop
   vertex 0.032681204378604889 0.00010974014730891213 0.016049999743700027
   vertex 0.032891161739826202 0.0016097432235255837 0.016349853947758675
   vertex 0.032891161739826202 0.00010974014730891213 0.016349853947758675
  endloop
 endfacet
 facet normal 0.81915565466790941 0 -0.57357128016105274
  outer loop
   vertex 0.032681204378604889 0.0016097432235255837 0.016049999743700027
   vertex 0.032891161739826202 0.0016097432235255837 0.016349853947758675
   vertex 0.032681204378604889 0.00010974014730891213 0.016049999743700027
  endloop
 endfacet
 facet normal 0.90630400010138357 0 -0.42262638275459274
  outer loop
   vertex 0.032526500523090363 0.00010974014730891213 0.015718244016170502
   vertex 0.032681204378604889 0.0016097432235255837 0.016049999743700027
   vertex 0.032681204378604889 0.00010974014730891213 0.016049999743700027
  endloop
 endfacet
 facet normal 0.90630400010138357 0 -0.42262638275459274
  outer loop
   vertex 0.032526500523090363 0.0016097432235255837 0.015718244016170502
   vertex 0.032681204378604889 0.0016097432235255837 0.016049999743700027
   vertex 0.032526500523090363 0.00010974014730891213 0.015718244016170502
  endloop
 endfacet
 facet normal 0.96592615614668154 0 -0.25881781405401105
  outer loop
   vertex 0.032431758940219879 0.00010974014730891213 0.015364661812782288
   vertex 0.032526500523090363 0.0016097432235255837 0.015718244016170502
   vertex 0.032526500523090363 0.00010974014730891213 0.015718244016170502
  endloop
 endfacet
 facet normal 0.96592615614668154 0 -0.25881781405401105
  outer loop
   vertex 0.032431758940219879 0.0016097432235255837 0.015364661812782288
   vertex 0.032526500523090363 0.0016097432235255837 0.015718244016170502
   vertex 0.032431758940219879 0.00010974014730891213 0.015364661812782288
  endloop
 endfacet
 facet normal 0.99619477787606681 0 -0.087154830803884392
  outer loop
   vertex 0.032399855554103851 0.00010974014730891213 0.015000000596046448
   vertex 0.032431758940219879 0.0016097432235255837 0.015364661812782288
   vertex 0.032431758940219879 0.00010974014730891213 0.015364661812782288
  endloop
 endfacet
 facet normal 0.99619477787606681 0 -0.087154830803884392
  outer loop
   vertex 0.032399855554103851 0.0016097432235255837 0.015000000596046448
   vertex 0.032431758940219879 0.0016097432235255837 0.015364661812782288
   vertex 0.032399855554103851 0.00010974014730891213 0.015000000596046448
  endloop
 endfacet
 facet normal 0.99619477787606681 0 0.087154830803884392
  outer loop
   vertex -0.086571663618087769 0.00010974014730891213 0.45963534712791443
   vertex -0.086603567004203796 0.0016097432235255837 0.46000000834465027
   vertex -0.086603567004203796 0.00010974014730891213 0.46000000834465027
  endloop
 endfacet
 facet normal 0.99619477787606681 0 0.087154830803884392
  outer loop
   vertex -0.086571663618087769 0.0016097432235255837 0.45963534712791443
   vertex -0.086603567004203796 0.0016097432235255837 0.46000000834465027
   vertex -0.086571663618087769 0.00010974014730891213 0.45963534712791443
  endloop
 endfacet
 facet normal 0.96592479267920472 0 0.25882290255623669
  outer loop
   vertex -0.086476922035217285 0.00010974014730891213 0.45928177237510681
   vertex -0.086571663618087769 0.0016097432235255837 0.45963534712791443
   vertex -0.086571663618087769 0.00010974014730891213 0.45963534712791443
  endloop
 endfacet
 facet normal 0.96592479267920472 0 0.25882290255623669
  outer loop
   vertex -0.086476922035217285 0.0016097432235255837 0.45928177237510681
   vertex -0.086571663618087769 0.0016097432235255837 0.45963534712791443
   vertex -0.086476922035217285 0.00010974014730891213 0.45928177237510681
  endloop
 endfacet
 facet normal 0.90630581780382169 0 0.42262248474844039
  outer loop
   vertex -0.086322218179702759 0.00010974014730891213 0.45895001292228699
   vertex -0.086476922035217285 0.0016097432235255837 0.45928177237510681
   vertex -0.086476922035217285 0.00010974014730891213 0.45928177237510681
  endloop
 endfacet
 facet normal 0.90630581780382169 0 0.42262248474844039
  outer loop
   vertex -0.086322218179702759 0.0016097432235255837 0.45895001292228699
   vertex -0.086476922035217285 0.0016097432235255837 0.45928177237510681
   vertex -0.086322218179702759 0.00010974014730891213 0.45895001292228699
  endloop
 endfacet
 facet normal 0.81917072001990054 0 0.57354976371896238
  outer loop
   vertex -0.086112260818481445 0.00010974014730891213 0.458650141954422
   vertex -0.086322218179702759 0.0016097432235255837 0.45895001292228699
   vertex -0.086322218179702759 0.00010974014730891213 0.45895001292228699
  endloop
 endfacet
 facet normal 0.81917072001990054 0 0.57354976371896238
  outer loop
   vertex -0.086112260818481445 0.0016097432235255837 0.458650141954422
   vertex -0.086322218179702759 0.0016097432235255837 0.45895001292228699
   vertex -0.086112260818481445 0.00010974014730891213 0.458650141954422
  endloop
 endfacet
 facet normal 0.70709660413282638 0 0.70711695809379738
  outer loop
   vertex -0.085853420197963715 0.00010974014730891213 0.45839130878448486
   vertex -0.086112260818481445 0.0016097432235255837 0.458650141954422
   vertex -0.086112260818481445 0.00010974014730891213 0.458650141954422
  endloop
 endfacet
 facet normal 0.70709660413282638 0 0.70711695809379738
  outer loop
   vertex -0.085853420197963715 0.0016097432235255837 0.45839130878448486
   vertex -0.086112260818481445 0.0016097432235255837 0.458650141954422
   vertex -0.085853420197963715 0.00010974014730891213 0.45839130878448486
  endloop
 endfacet
 facet normal 0.5735688893850861 0 0.81915732867963709
  outer loop
   vertex -0.085553564131259918 0.00010974014730891213 0.45818135142326355
   vertex -0.085853420197963715 0.0016097432235255837 0.45839130878448486
   vertex -0.085853420197963715 0.00010974014730891213 0.45839130878448486
  endloop
 endfacet
 facet normal 0.5735688893850861 0 0.81915732867963709
  outer loop
   vertex -0.085553564131259918 0.0016097432235255837 0.45818135142326355
   vertex -0.085853420197963715 0.0016097432235255837 0.45839130878448486
   vertex -0.085553564131259918 0.00010974014730891213 0.45818135142326355
  endloop
 endfacet
 facet normal 0.42262248474844039 0 0.90630581780382169
  outer loop
   vertex -0.085221804678440094 0.00010974014730891213 0.45802664756774902
   vertex -0.085553564131259918 0.0016097432235255837 0.45818135142326355
   vertex -0.085553564131259918 0.00010974014730891213 0.45818135142326355
  endloop
 endfacet
 facet normal 0.42262248474844039 0 0.90630581780382169
  outer loop
   vertex -0.085221804678440094 0.0016097432235255837 0.45802664756774902
   vertex -0.085553564131259918 0.0016097432235255837 0.45818135142326355
   vertex -0.085221804678440094 0.00010974014730891213 0.45802664756774902
  endloop
 endfacet
 facet normal 0.25881781405401105 0 0.96592615614668154
  outer loop
   vertex -0.08486822247505188 0.00010974014730891213 0.45793190598487854
   vertex -0.085221804678440094 0.0016097432235255837 0.45802664756774902
   vertex -0.085221804678440094 0.00010974014730891213 0.45802664756774902
  endloop
 endfacet
 facet normal 0.25881781405401105 0 0.96592615614668154
  outer loop
   vertex -0.08486822247505188 0.0016097432235255837 0.45793190598487854
   vertex -0.085221804678440094 0.0016097432235255837 0.45802664756774902
   vertex -0.08486822247505188 0.00010974014730891213 0.45793190598487854
  endloop
 endfacet
 facet normal 0.087114432267673458 0 0.99619831142733872
  outer loop
   vertex -0.08450356125831604 0.00010974014730891213 0.45790001749992371
   vertex -0.08486822247505188 0.0016097432235255837 0.45793190598487854
   vertex -0.08486822247505188 0.00010974014730891213 0.45793190598487854
  endloop
 endfacet
 facet normal 0.087114432267673458 0 0.99619831142733872
  outer loop
   vertex -0.08450356125831604 0.0016097432235255837 0.45790001749992371
   vertex -0.08486822247505188 0.0016097432235255837 0.45793190598487854
   vertex -0.08450356125831604 0.00010974014730891213 0.45790001749992371
  endloop
 endfacet
 facet normal -0.087114432267673458 0 0.99619831142733872
  outer loop
   vertex -0.0841389000415802 0.00010974014730891213 0.45793190598487854
   vertex -0.08450356125831604 0.0016097432235255837 0.45790001749992371
   vertex -0.08450356125831604 0.00010974014730891213 0.45790001749992371
  endloop
 endfacet
 facet normal -0.087114432267673458 0 0.99619831142733872
  outer loop
   vertex -0.0841389000415802 0.0016097432235255837 0.45793190598487854
   vertex -0.08450356125831604 0.0016097432235255837 0.45790001749992371
   vertex -0.0841389000415802 0.00010974014730891213 0.45793190598487854
  endloop
 endfacet
 facet normal -0.25882290255623669 0 0.96592479267920472
  outer loop
   vertex -0.083785325288772583 0.00010974014730891213 0.45802664756774902
   vertex -0.0841389000415802 0.0016097432235255837 0.45793190598487854
   vertex -0.0841389000415802 0.00010974014730891213 0.45793190598487854
  endloop
 endfacet
 facet normal -0.25882290255623669 0 0.96592479267920472
  outer loop
   vertex -0.083785325288772583 0.0016097432235255837 0.45802664756774902
   vertex -0.0841389000415802 0.0016097432235255837 0.45793190598487854
   vertex -0.083785325288772583 0.00010974014730891213 0.45802664756774902
  endloop
 endfacet
 facet normal -0.42262248474844039 0 0.90630581780382169
  outer loop
   vertex -0.083453565835952759 0.00010974014730891213 0.45818135142326355
   vertex -0.083785325288772583 0.0016097432235255837 0.45802664756774902
   vertex -0.083785325288772583 0.00010974014730891213 0.45802664756774902
  endloop
 endfacet
 facet normal -0.42262248474844039 0 0.90630581780382169
  outer loop
   vertex -0.083453565835952759 0.0016097432235255837 0.45818135142326355
   vertex -0.083785325288772583 0.0016097432235255837 0.45802664756774902
   vertex -0.083453565835952759 0.00010974014730891213 0.45818135142326355
  endloop
 endfacet
 facet normal -0.5735688893850861 0 0.81915732867963709
  outer loop
   vertex -0.083153709769248962 0.00010974014730891213 0.45839130878448486
   vertex -0.083453565835952759 0.0016097432235255837 0.45818135142326355
   vertex -0.083453565835952759 0.00010974014730891213 0.45818135142326355
  endloop
 endfacet
 facet normal -0.5735688893850861 0 0.81915732867963709
  outer loop
   vertex -0.083153709769248962 0.0016097432235255837 0.45839130878448486
   vertex -0.083453565835952759 0.0016097432235255837 0.45818135142326355
   vertex -0.083153709769248962 0.00010974014730891213 0.45839130878448486
  endloop
 endfacet
 facet normal -0.70709660413282638 0 0.70711695809379738
  outer loop
   vertex -0.082894869148731232 0.00010974014730891213 0.458650141954422
   vertex -0.083153709769248962 0.0016097432235255837 0.45839130878448486
   vertex -0.083153709769248962 0.00010974014730891213 0.45839130878448486
  endloop
 endfacet
 facet normal -0.70709660413282638 0 0.70711695809379738
  outer loop
   vertex -0.082894869148731232 0.0016097432235255837 0.458650141954422
   vertex -0.083153709769248962 0.0016097432235255837 0.45839130878448486
   vertex -0.082894869148731232 0.00010974014730891213 0.458650141954422
  endloop
 endfacet
 facet normal -0.81917072001990054 0 0.57354976371896238
  outer loop
   vertex -0.082684911787509918 0.00010974014730891213 0.45895001292228699
   vertex -0.082894869148731232 0.0016097432235255837 0.458650141954422
   vertex -0.082894869148731232 0.00010974014730891213 0.458650141954422
  endloop
 endfacet
 facet normal -0.81917072001990054 0 0.57354976371896238
  outer loop
   vertex -0.082684911787509918 0.0016097432235255837 0.45895001292228699
   vertex -0.082894869148731232 0.0016097432235255837 0.458650141954422
   vertex -0.082684911787509918 0.00010974014730891213 0.45895001292228699
  endloop
 endfacet
 facet normal -0.90630581780382169 0 0.42262248474844039
  outer loop
   vertex -0.082530207931995392 0.00010974014730891213 0.45928177237510681
   vertex -0.082684911787509918 0.0016097432235255837 0.45895001292228699
   vertex -0.082684911787509918 0.00010974014730891213 0.45895001292228699
  endloop
 endfacet
 facet normal -0.90630581780382169 0 0.42262248474844039
  outer loop
   vertex -0.082530207931995392 0.0016097432235255837 0.45928177237510681
   vertex -0.082684911787509918 0.0016097432235255837 0.45895001292228699
   vertex -0.082530207931995392 0.00010974014730891213 0.45928177237510681
  endloop
 endfacet
 facet normal -0.96592479267920472 0 0.25882290255623669
  outer loop
   vertex -0.082435466349124908 0.00010974014730891213 0.45963534712791443
   vertex -0.082530207931995392 0.0016097432235255837 0.45928177237510681
   vertex -0.082530207931995392 0.00010974014730891213 0.45928177237510681
  endloop
 endfacet
 facet normal -0.96592479267920472 0 0.25882290255623669
  outer loop
   vertex -0.082435466349124908 0.0016097432235255837 0.45963534712791443
   vertex -0.082530207931995392 0.0016097432235255837 0.45928177237510681
   vertex -0.082435466349124908 0.00010974014730891213 0.45963534712791443
  endloop
 endfacet
 facet normal -0.99619477787606681 0 0.087154830803884392
  outer loop
   vertex -0.082403562963008881 0.00010974014730891213 0.46000000834465027
   vertex -0.082435466349124908 0.0016097432235255837 0.45963534712791443
   vertex -0.082435466349124908 0.00010974014730891213 0.45963534712791443
  endloop
 endfacet
 facet normal -0.99619477787606681 0 0.087154830803884392
  outer loop
   vertex -0.082403562963008881 0.0016097432235255837 0.46000000834465027
   vertex -0.082435466349124908 0.0016097432235255837 0.45963534712791443
   vertex -0.082403562963008881 0.00010974014730891213 0.46000000834465027
  endloop
 endfacet
 facet normal -0.99619477787606681 -0 -0.087154830803884392
  outer loop
   vertex -0.082435466349124908 0.00010974014730891213 0.46036466956138611
   vertex -0.082403562963008881 0.0016097432235255837 0.46000000834465027
   vertex -0.082403562963008881 0.00010974014730891213 0.46000000834465027
  endloop
 endfacet
 facet normal -0.99619477787606681 0 -0.087154830803884392
  outer loop
   vertex -0.082435466349124908 0.0016097432235255837 0.46036466956138611
   vertex -0.082403562963008881 0.0016097432235255837 0.46000000834465027
   vertex -0.082435466349124908 0.00010974014730891213 0.46036466956138611
  endloop
 endfacet
 facet normal -0.96592479267920472 -0 -0.25882290255623669
  outer loop
   vertex -0.082530207931995392 0.00010974014730891213 0.46071824431419373
   vertex -0.082435466349124908 0.0016097432235255837 0.46036466956138611
   vertex -0.082435466349124908 0.00010974014730891213 0.46036466956138611
  endloop
 endfacet
 facet normal -0.96592479267920472 0 -0.25882290255623669
  outer loop
   vertex -0.082530207931995392 0.0016097432235255837 0.46071824431419373
   vertex -0.082435466349124908 0.0016097432235255837 0.46036466956138611
   vertex -0.082530207931995392 0.00010974014730891213 0.46071824431419373
  endloop
 endfacet
 facet normal -0.90630581780382169 -0 -0.42262248474844039
  outer loop
   vertex -0.082684911787509918 0.00010974014730891213 0.46105000376701355
   vertex -0.082530207931995392 0.0016097432235255837 0.46071824431419373
   vertex -0.082530207931995392 0.00010974014730891213 0.46071824431419373
  endloop
 endfacet
 facet normal -0.90630581780382169 0 -0.42262248474844039
  outer loop
   vertex -0.082684911787509918 0.0016097432235255837 0.46105000376701355
   vertex -0.082530207931995392 0.0016097432235255837 0.46071824431419373
   vertex -0.082684911787509918 0.00010974014730891213 0.46105000376701355
  endloop
 endfacet
 facet normal -0.81917072001990054 -0 -0.57354976371896238
  outer loop
   vertex -0.082894869148731232 0.00010974014730891213 0.46134987473487854
   vertex -0.082684911787509918 0.0016097432235255837 0.46105000376701355
   vertex -0.082684911787509918 0.00010974014730891213 0.46105000376701355
  endloop
 endfacet
 facet normal -0.81917072001990054 0 -0.57354976371896238
  outer loop
   vertex -0.082894869148731232 0.0016097432235255837 0.46134987473487854
   vertex -0.082684911787509918 0.0016097432235255837 0.46105000376701355
   vertex -0.082894869148731232 0.00010974014730891213 0.46134987473487854
  endloop
 endfacet
 facet normal -0.70709660413282638 -0 -0.70711695809379738
  outer loop
   vertex -0.083153709769248962 0.00010974014730891213 0.46160870790481567
   vertex -0.082894869148731232 0.0016097432235255837 0.46134987473487854
   vertex -0.082894869148731232 0.00010974014730891213 0.46134987473487854
  endloop
 endfacet
 facet normal -0.70709660413282638 0 -0.70711695809379738
  outer loop
   vertex -0.083153709769248962 0.0016097432235255837 0.46160870790481567
   vertex -0.082894869148731232 0.0016097432235255837 0.46134987473487854
   vertex -0.083153709769248962 0.00010974014730891213 0.46160870790481567
  endloop
 endfacet
 facet normal -0.5735688893850861 -0 -0.81915732867963709
  outer loop
   vertex -0.083453565835952759 0.00010974014730891213 0.46181866526603699
   vertex -0.083153709769248962 0.0016097432235255837 0.46160870790481567
   vertex -0.083153709769248962 0.00010974014730891213 0.46160870790481567
  endloop
 endfacet
 facet normal -0.5735688893850861 0 -0.81915732867963709
  outer loop
   vertex -0.083453565835952759 0.0016097432235255837 0.46181866526603699
   vertex -0.083153709769248962 0.0016097432235255837 0.46160870790481567
   vertex -0.083453565835952759 0.00010974014730891213 0.46181866526603699
  endloop
 endfacet
 facet normal -0.42262248474844039 -0 -0.90630581780382169
  outer loop
   vertex -0.083785325288772583 0.00010974014730891213 0.46197336912155151
   vertex -0.083453565835952759 0.0016097432235255837 0.46181866526603699
   vertex -0.083453565835952759 0.00010974014730891213 0.46181866526603699
  endloop
 endfacet
 facet normal -0.42262248474844039 0 -0.90630581780382169
  outer loop
   vertex -0.083785325288772583 0.0016097432235255837 0.46197336912155151
   vertex -0.083453565835952759 0.0016097432235255837 0.46181866526603699
   vertex -0.083785325288772583 0.00010974014730891213 0.46197336912155151
  endloop
 endfacet
 facet normal -0.25882290255623669 -0 -0.96592479267920472
  outer loop
   vertex -0.0841389000415802 0.00010974014730891213 0.462068110704422
   vertex -0.083785325288772583 0.0016097432235255837 0.46197336912155151
   vertex -0.083785325288772583 0.00010974014730891213 0.46197336912155151
  endloop
 endfacet
 facet normal -0.25882290255623669 0 -0.96592479267920472
  outer loop
   vertex -0.0841389000415802 0.0016097432235255837 0.462068110704422
   vertex -0.083785325288772583 0.0016097432235255837 0.46197336912155151
   vertex -0.0841389000415802 0.00010974014730891213 0.462068110704422
  endloop
 endfacet
 facet normal -0.087114432267673458 -0 -0.99619831142733872
  outer loop
   vertex -0.08450356125831604 0.00010974014730891213 0.46209999918937683
   vertex -0.0841389000415802 0.0016097432235255837 0.462068110704422
   vertex -0.0841389000415802 0.00010974014730891213 0.462068110704422
  endloop
 endfacet
 facet normal -0.087114432267673458 0 -0.99619831142733872
  outer loop
   vertex -0.08450356125831604 0.0016097432235255837 0.46209999918937683
   vertex -0.0841389000415802 0.0016097432235255837 0.462068110704422
   vertex -0.08450356125831604 0.00010974014730891213 0.46209999918937683
  endloop
 endfacet
 facet normal 0.087114432267673458 0 -0.99619831142733872
  outer loop
   vertex -0.08486822247505188 0.00010974014730891213 0.462068110704422
   vertex -0.08450356125831604 0.0016097432235255837 0.46209999918937683
   vertex -0.08450356125831604 0.00010974014730891213 0.46209999918937683
  endloop
 endfacet
 facet normal 0.087114432267673458 0 -0.99619831142733872
  outer loop
   vertex -0.08486822247505188 0.0016097432235255837 0.462068110704422
   vertex -0.08450356125831604 0.0016097432235255837 0.46209999918937683
   vertex -0.08486822247505188 0.00010974014730891213 0.462068110704422
  endloop
 endfacet
 facet normal 0.25881781405401105 0 -0.96592615614668154
  outer loop
   vertex -0.085221804678440094 0.00010974014730891213 0.46197336912155151
   vertex -0.08486822247505188 0.0016097432235255837 0.462068110704422
   vertex -0.08486822247505188 0.00010974014730891213 0.462068110704422
  endloop
 endfacet
 facet normal 0.25881781405401105 0 -0.96592615614668154
  outer loop
   vertex -0.085221804678440094 0.0016097432235255837 0.46197336912155151
   vertex -0.08486822247505188 0.0016097432235255837 0.462068110704422
   vertex -0.085221804678440094 0.00010974014730891213 0.46197336912155151
  endloop
 endfacet
 facet normal 0.42262248474844039 0 -0.90630581780382169
  outer loop
   vertex -0.085553564131259918 0.00010974014730891213 0.46181866526603699
   vertex -0.085221804678440094 0.0016097432235255837 0.46197336912155151
   vertex -0.085221804678440094 0.00010974014730891213 0.46197336912155151
  endloop
 endfacet
 facet normal 0.42262248474844039 0 -0.90630581780382169
  outer loop
   vertex -0.085553564131259918 0.0016097432235255837 0.46181866526603699
   vertex -0.085221804678440094 0.0016097432235255837 0.46197336912155151
   vertex -0.085553564131259918 0.00010974014730891213 0.46181866526603699
  endloop
 endfacet
 facet normal 0.5735688893850861 0 -0.81915732867963709
  outer loop
   vertex -0.085853420197963715 0.00010974014730891213 0.46160870790481567
   vertex -0.085553564131259918 0.0016097432235255837 0.46181866526603699
   vertex -0.085553564131259918 0.00010974014730891213 0.46181866526603699
  endloop
 endfacet
 facet normal 0.5735688893850861 0 -0.81915732867963709
  outer loop
   vertex -0.085853420197963715 0.0016097432235255837 0.46160870790481567
   vertex -0.085553564131259918 0.0016097432235255837 0.46181866526603699
   vertex -0.085853420197963715 0.00010974014730891213 0.46160870790481567
  endloop
 endfacet
 facet normal 0.70709660413282638 0 -0.70711695809379738
  outer loop
   vertex -0.086112260818481445 0.00010974014730891213 0.46134987473487854
   vertex -0.085853420197963715 0.0016097432235255837 0.46160870790481567
   vertex -0.085853420197963715 0.00010974014730891213 0.46160870790481567
  endloop
 endfacet
 facet normal 0.70709660413282638 0 -0.70711695809379738
  outer loop
   vertex -0.086112260818481445 0.0016097432235255837 0.46134987473487854
   vertex -0.085853420197963715 0.0016097432235255837 0.46160870790481567
   vertex -0.086112260818481445 0.00010974014730891213 0.46134987473487854
  endloop
 endfacet
 facet normal 0.81917072001990054 0 -0.57354976371896238
  outer loop
   vertex -0.086322218179702759 0.00010974014730891213 0.46105000376701355
   vertex -0.086112260818481445 0.0016097432235255837 0.46134987473487854
   vertex -0.086112260818481445 0.00010974014730891213 0.46134987473487854
  endloop
 endfacet
 facet normal 0.81917072001990054 0 -0.57354976371896238
  outer loop
   vertex -0.086322218179702759 0.0016097432235255837 0.46105000376701355
   vertex -0.086112260818481445 0.0016097432235255837 0.46134987473487854
   vertex -0.086322218179702759 0.00010974014730891213 0.46105000376701355
  endloop
 endfacet
 facet normal 0.90630581780382169 0 -0.42262248474844039
  outer loop
   vertex -0.086476922035217285 0.00010974014730891213 0.46071824431419373
   vertex -0.086322218179702759 0.0016097432235255837 0.46105000376701355
   vertex -0.086322218179702759 0.00010974014730891213 0.46105000376701355
  endloop
 endfacet
 facet normal 0.90630581780382169 0 -0.42262248474844039
  outer loop
   vertex -0.086476922035217285 0.0016097432235255837 0.46071824431419373
   vertex -0.086322218179702759 0.0016097432235255837 0.46105000376701355
   vertex -0.086476922035217285 0.00010974014730891213 0.46071824431419373
  endloop
 endfacet
 facet normal 0.96592479267920472 0 -0.25882290255623669
  outer loop
   vertex -0.086571663618087769 0.00010974014730891213 0.46036466956138611
   vertex -0.086476922035217285 0.0016097432235255837 0.46071824431419373
   vertex -0.086476922035217285 0.00010974014730891213 0.46071824431419373
  endloop
 endfacet
 facet normal 0.96592479267920472 0 -0.25882290255623669
  outer loop
   vertex -0.086571663618087769 0.0016097432235255837 0.46036466956138611
   vertex -0.086476922035217285 0.0016097432235255837 0.46071824431419373
   vertex -0.086571663618087769 0.00010974014730891213 0.46036466956138611
  endloop
 endfacet
 facet normal 0.99619477787606681 0 -0.087154830803884392
  outer loop
   vertex -0.086603567004203796 0.00010974014730891213 0.46000000834465027
   vertex -0.086571663618087769 0.0016097432235255837 0.46036466956138611
   vertex -0.086571663618087769 0.00010974014730891213 0.46036466956138611
  endloop
 endfacet
 facet normal 0.99619477787606681 0 -0.087154830803884392
  outer loop
   vertex -0.086603567004203796 0.0016097432235255837 0.46000000834465027
   vertex -0.086571663618087769 0.0016097432235255837 0.46036466956138611
   vertex -0.086603567004203796 0.00010974014730891213 0.46000000834465027
  endloop
 endfacet
 facet normal 0.99619477787606681 0 0.087154830803884392
  outer loop
   vertex 0.08243175595998764 0.00010974014730891213 0.45963534712791443
   vertex 0.082399852573871613 0.0016097432235255837 0.46000000834465027
   vertex 0.082399852573871613 0.00010974014730891213 0.46000000834465027
  endloop
 endfacet
 facet normal 0.99619477787606681 0 0.087154830803884392
  outer loop
   vertex 0.08243175595998764 0.0016097432235255837 0.45963534712791443
   vertex 0.082399852573871613 0.0016097432235255837 0.46000000834465027
   vertex 0.08243175595998764 0.00010974014730891213 0.45963534712791443
  endloop
 endfacet
 facet normal 0.96592479267920472 0 0.25882290255623669
  outer loop
   vertex 0.082526497542858124 0.00010974014730891213 0.45928177237510681
   vertex 0.08243175595998764 0.0016097432235255837 0.45963534712791443
   vertex 0.08243175595998764 0.00010974014730891213 0.45963534712791443
  endloop
 endfacet
 facet normal 0.96592479267920472 0 0.25882290255623669
  outer loop
   vertex 0.082526497542858124 0.0016097432235255837 0.45928177237510681
   vertex 0.08243175595998764 0.0016097432235255837 0.45963534712791443
   vertex 0.082526497542858124 0.00010974014730891213 0.45928177237510681
  endloop
 endfacet
 facet normal 0.90630581780382169 0 0.42262248474844039
  outer loop
   vertex 0.08268120139837265 0.00010974014730891213 0.45895001292228699
   vertex 0.082526497542858124 0.0016097432235255837 0.45928177237510681
   vertex 0.082526497542858124 0.00010974014730891213 0.45928177237510681
  endloop
 endfacet
 facet normal 0.90630581780382169 0 0.42262248474844039
  outer loop
   vertex 0.08268120139837265 0.0016097432235255837 0.45895001292228699
   vertex 0.082526497542858124 0.0016097432235255837 0.45928177237510681
   vertex 0.08268120139837265 0.00010974014730891213 0.45895001292228699
  endloop
 endfacet
 facet normal 0.81917072001990054 0 0.57354976371896238
  outer loop
   vertex 0.082891158759593964 0.00010974014730891213 0.458650141954422
   vertex 0.08268120139837265 0.0016097432235255837 0.45895001292228699
   vertex 0.08268120139837265 0.00010974014730891213 0.45895001292228699
  endloop
 endfacet
 facet normal 0.81917072001990054 0 0.57354976371896238
  outer loop
   vertex 0.082891158759593964 0.0016097432235255837 0.458650141954422
   vertex 0.08268120139837265 0.0016097432235255837 0.45895001292228699
   vertex 0.082891158759593964 0.00010974014730891213 0.458650141954422
  endloop
 endfacet
 facet normal 0.70710678118654746 0 0.70710678118654746
  outer loop
   vertex 0.083149991929531097 0.00010974014730891213 0.45839130878448486
   vertex 0.082891158759593964 0.0016097432235255837 0.458650141954422
   vertex 0.082891158759593964 0.00010974014730891213 0.458650141954422
  endloop
 endfacet
 facet normal 0.70710678118654746 0 0.70710678118654746
  outer loop
   vertex 0.083149991929531097 0.0016097432235255837 0.45839130878448486
   vertex 0.082891158759593964 0.0016097432235255837 0.458650141954422
   vertex 0.083149991929531097 0.00010974014730891213 0.45839130878448486
  endloop
 endfacet
 facet normal 0.57354976371896238 0 0.81917072001990054
  outer loop
   vertex 0.083449862897396088 0.00010974014730891213 0.45818135142326355
   vertex 0.083149991929531097 0.0016097432235255837 0.45839130878448486
   vertex 0.083149991929531097 0.00010974014730891213 0.45839130878448486
  endloop
 endfacet
 facet normal 0.57354976371896238 0 0.81917072001990054
  outer loop
   vertex 0.083449862897396088 0.0016097432235255837 0.45818135142326355
   vertex 0.083149991929531097 0.0016097432235255837 0.45839130878448486
   vertex 0.083449862897396088 0.00010974014730891213 0.45818135142326355
  endloop
 endfacet
 facet normal 0.42262248474844039 0 0.90630581780382169
  outer loop
   vertex 0.083781622350215912 0.00010974014730891213 0.45802664756774902
   vertex 0.083449862897396088 0.0016097432235255837 0.45818135142326355
   vertex 0.083449862897396088 0.00010974014730891213 0.45818135142326355
  endloop
 endfacet
 facet normal 0.42262248474844039 0 0.90630581780382169
  outer loop
   vertex 0.083781622350215912 0.0016097432235255837 0.45802664756774902
   vertex 0.083449862897396088 0.0016097432235255837 0.45818135142326355
   vertex 0.083781622350215912 0.00010974014730891213 0.45802664756774902
  endloop
 endfacet
 facet normal 0.25882290255623669 0 0.96592479267920472
  outer loop
   vertex 0.084135197103023529 0.00010974014730891213 0.45793190598487854
   vertex 0.083781622350215912 0.0016097432235255837 0.45802664756774902
   vertex 0.083781622350215912 0.00010974014730891213 0.45802664756774902
  endloop
 endfacet
 facet normal 0.25882290255623669 0 0.96592479267920472
  outer loop
   vertex 0.084135197103023529 0.0016097432235255837 0.45793190598487854
   vertex 0.083781622350215912 0.0016097432235255837 0.45802664756774902
   vertex 0.084135197103023529 0.00010974014730891213 0.45793190598487854
  endloop
 endfacet
 facet normal 0.087114432267673458 0 0.99619831142733872
  outer loop
   vertex 0.084499858319759369 0.00010974014730891213 0.45790001749992371
   vertex 0.084135197103023529 0.0016097432235255837 0.45793190598487854
   vertex 0.084135197103023529 0.00010974014730891213 0.45793190598487854
  endloop
 endfacet
 facet normal 0.087114432267673458 0 0.99619831142733872
  outer loop
   vertex 0.084499858319759369 0.0016097432235255837 0.45790001749992371
   vertex 0.084135197103023529 0.0016097432235255837 0.45793190598487854
   vertex 0.084499858319759369 0.00010974014730891213 0.45790001749992371
  endloop
 endfacet
 facet normal -0.087114432267673458 0 0.99619831142733872
  outer loop
   vertex 0.084864519536495209 0.00010974014730891213 0.45793190598487854
   vertex 0.084499858319759369 0.0016097432235255837 0.45790001749992371
   vertex 0.084499858319759369 0.00010974014730891213 0.45790001749992371
  endloop
 endfacet
 facet normal -0.087114432267673458 0 0.99619831142733872
  outer loop
   vertex 0.084864519536495209 0.0016097432235255837 0.45793190598487854
   vertex 0.084499858319759369 0.0016097432235255837 0.45790001749992371
   vertex 0.084864519536495209 0.00010974014730891213 0.45793190598487854
  endloop
 endfacet
 facet normal -0.25882290255623669 0 0.96592479267920472
  outer loop
   vertex 0.085218094289302826 0.00010974014730891213 0.45802664756774902
   vertex 0.084864519536495209 0.0016097432235255837 0.45793190598487854
   vertex 0.084864519536495209 0.00010974014730891213 0.45793190598487854
  endloop
 endfacet
 facet normal -0.25882290255623669 0 0.96592479267920472
  outer loop
   vertex 0.085218094289302826 0.0016097432235255837 0.45802664756774902
   vertex 0.084864519536495209 0.0016097432235255837 0.45793190598487854
   vertex 0.085218094289302826 0.00010974014730891213 0.45802664756774902
  endloop
 endfacet
 facet normal -0.42262248474844039 0 0.90630581780382169
  outer loop
   vertex 0.08554985374212265 0.00010974014730891213 0.45818135142326355
   vertex 0.085218094289302826 0.0016097432235255837 0.45802664756774902
   vertex 0.085218094289302826 0.00010974014730891213 0.45802664756774902
  endloop
 endfacet
 facet normal -0.42262248474844039 0 0.90630581780382169
  outer loop
   vertex 0.08554985374212265 0.0016097432235255837 0.45818135142326355
   vertex 0.085218094289302826 0.0016097432235255837 0.45802664756774902
   vertex 0.08554985374212265 0.00010974014730891213 0.45818135142326355
  endloop
 endfacet
 facet normal -0.5735688893850861 0 0.81915732867963709
  outer loop
   vertex 0.085849709808826447 0.00010974014730891213 0.45839130878448486
   vertex 0.08554985374212265 0.0016097432235255837 0.45818135142326355
   vertex 0.08554985374212265 0.00010974014730891213 0.45818135142326355
  endloop
 endfacet
 facet normal -0.5735688893850861 0 0.81915732867963709
  outer loop
   vertex 0.085849709808826447 0.0016097432235255837 0.45839130878448486
   vertex 0.08554985374212265 0.0016097432235255837 0.45818135142326355
   vertex 0.085849709808826447 0.00010974014730891213 0.45839130878448486
  endloop
 endfacet
 facet normal -0.70708642722558701 0 0.70712713456163923
  outer loop
   vertex 0.086108557879924774 0.00010974014730891213 0.458650141954422
   vertex 0.085849709808826447 0.0016097432235255837 0.45839130878448486
   vertex 0.085849709808826447 0.00010974014730891213 0.45839130878448486
  endloop
 endfacet
 facet normal -0.70708642722558701 0 0.70712713456163923
  outer loop
   vertex 0.086108557879924774 0.0016097432235255837 0.458650141954422
   vertex 0.085849709808826447 0.0016097432235255837 0.45839130878448486
   vertex 0.086108557879924774 0.00010974014730891213 0.458650141954422
  endloop
 endfacet
 facet normal -0.81917072001990054 0 0.57354976371896238
  outer loop
   vertex 0.086318515241146088 0.00010974014730891213 0.45895001292228699
   vertex 0.086108557879924774 0.0016097432235255837 0.458650141954422
   vertex 0.086108557879924774 0.00010974014730891213 0.458650141954422
  endloop
 endfacet
 facet normal -0.81917072001990054 0 0.57354976371896238
  outer loop
   vertex 0.086318515241146088 0.0016097432235255837 0.45895001292228699
   vertex 0.086108557879924774 0.0016097432235255837 0.458650141954422
   vertex 0.086318515241146088 0.00010974014730891213 0.45895001292228699
  endloop
 endfacet
 facet normal -0.90630581780382169 0 0.42262248474844039
  outer loop
   vertex 0.086473219096660614 0.00010974014730891213 0.45928177237510681
   vertex 0.086318515241146088 0.0016097432235255837 0.45895001292228699
   vertex 0.086318515241146088 0.00010974014730891213 0.45895001292228699
  endloop
 endfacet
 facet normal -0.90630581780382169 0 0.42262248474844039
  outer loop
   vertex 0.086473219096660614 0.0016097432235255837 0.45928177237510681
   vertex 0.086318515241146088 0.0016097432235255837 0.45895001292228699
   vertex 0.086473219096660614 0.00010974014730891213 0.45928177237510681
  endloop
 endfacet
 facet normal -0.96592479267920472 0 0.25882290255623669
  outer loop
   vertex 0.086567960679531097 0.00010974014730891213 0.45963534712791443
   vertex 0.086473219096660614 0.0016097432235255837 0.45928177237510681
   vertex 0.086473219096660614 0.00010974014730891213 0.45928177237510681
  endloop
 endfacet
 facet normal -0.96592479267920472 0 0.25882290255623669
  outer loop
   vertex 0.086567960679531097 0.0016097432235255837 0.45963534712791443
   vertex 0.086473219096660614 0.0016097432235255837 0.45928177237510681
   vertex 0.086567960679531097 0.00010974014730891213 0.45963534712791443
  endloop
 endfacet
 facet normal -0.99619831142733872 0 0.087114432267673458
  outer loop
   vertex 0.086599849164485931 0.00010974014730891213 0.46000000834465027
   vertex 0.086567960679531097 0.0016097432235255837 0.45963534712791443
   vertex 0.086567960679531097 0.00010974014730891213 0.45963534712791443
  endloop
 endfacet
 facet normal -0.99619831142733872 0 0.087114432267673458
  outer loop
   vertex 0.086599849164485931 0.0016097432235255837 0.46000000834465027
   vertex 0.086567960679531097 0.0016097432235255837 0.45963534712791443
   vertex 0.086599849164485931 0.00010974014730891213 0.46000000834465027
  endloop
 endfacet
 facet normal -0.99619831142733872 -0 -0.087114432267673458
  outer loop
   vertex 0.086567960679531097 0.00010974014730891213 0.46036466956138611
   vertex 0.086599849164485931 0.0016097432235255837 0.46000000834465027
   vertex 0.086599849164485931 0.00010974014730891213 0.46000000834465027
  endloop
 endfacet
 facet normal -0.99619831142733872 0 -0.087114432267673458
  outer loop
   vertex 0.086567960679531097 0.0016097432235255837 0.46036466956138611
   vertex 0.086599849164485931 0.0016097432235255837 0.46000000834465027
   vertex 0.086567960679531097 0.00010974014730891213 0.46036466956138611
  endloop
 endfacet
 facet normal -0.96592479267920472 -0 -0.25882290255623669
  outer loop
   vertex 0.086473219096660614 0.00010974014730891213 0.46071824431419373
   vertex 0.086567960679531097 0.0016097432235255837 0.46036466956138611
   vertex 0.086567960679531097 0.00010974014730891213 0.46036466956138611
  endloop
 endfacet
 facet normal -0.96592479267920472 0 -0.25882290255623669
  outer loop
   vertex 0.086473219096660614 0.0016097432235255837 0.46071824431419373
   vertex 0.086567960679531097 0.0016097432235255837 0.46036466956138611
   vertex 0.086473219096660614 0.00010974014730891213 0.46071824431419373
  endloop
 endfacet
 facet normal -0.90630581780382169 -0 -0.42262248474844039
  outer loop
   vertex 0.086318515241146088 0.00010974014730891213 0.46105000376701355
   vertex 0.086473219096660614 0.0016097432235255837 0.46071824431419373
   vertex 0.086473219096660614 0.00010974014730891213 0.46071824431419373
  endloop
 endfacet
 facet normal -0.90630581780382169 0 -0.42262248474844039
  outer loop
   vertex 0.086318515241146088 0.0016097432235255837 0.46105000376701355
   vertex 0.086473219096660614 0.0016097432235255837 0.46071824431419373
   vertex 0.086318515241146088 0.00010974014730891213 0.46105000376701355
  endloop
 endfacet
 facet normal -0.81917072001990054 -0 -0.57354976371896238
  outer loop
   vertex 0.086108557879924774 0.00010974014730891213 0.46134987473487854
   vertex 0.086318515241146088 0.0016097432235255837 0.46105000376701355
   vertex 0.086318515241146088 0.00010974014730891213 0.46105000376701355
  endloop
 endfacet
 facet normal -0.81917072001990054 0 -0.57354976371896238
  outer loop
   vertex 0.086108557879924774 0.0016097432235255837 0.46134987473487854
   vertex 0.086318515241146088 0.0016097432235255837 0.46105000376701355
   vertex 0.086108557879924774 0.00010974014730891213 0.46134987473487854
  endloop
 endfacet
 facet normal -0.70708642722558701 -0 -0.70712713456163923
  outer loop
   vertex 0.085849709808826447 0.00010974014730891213 0.46160870790481567
   vertex 0.086108557879924774 0.0016097432235255837 0.46134987473487854
   vertex 0.086108557879924774 0.00010974014730891213 0.46134987473487854
  endloop
 endfacet
 facet normal -0.70708642722558701 0 -0.70712713456163923
  outer loop
   vertex 0.085849709808826447 0.0016097432235255837 0.46160870790481567
   vertex 0.086108557879924774 0.0016097432235255837 0.46134987473487854
   vertex 0.085849709808826447 0.00010974014730891213 0.46160870790481567
  endloop
 endfacet
 facet normal -0.5735688893850861 -0 -0.81915732867963709
  outer loop
   vertex 0.08554985374212265 0.00010974014730891213 0.46181866526603699
   vertex 0.085849709808826447 0.0016097432235255837 0.46160870790481567
   vertex 0.085849709808826447 0.00010974014730891213 0.46160870790481567
  endloop
 endfacet
 facet normal -0.5735688893850861 0 -0.81915732867963709
  outer loop
   vertex 0.08554985374212265 0.0016097432235255837 0.46181866526603699
   vertex 0.085849709808826447 0.0016097432235255837 0.46160870790481567
   vertex 0.08554985374212265 0.00010974014730891213 0.46181866526603699
  endloop
 endfacet
 facet normal -0.42262248474844039 -0 -0.90630581780382169
  outer loop
   vertex 0.085218094289302826 0.00010974014730891213 0.46197336912155151
   vertex 0.08554985374212265 0.0016097432235255837 0.46181866526603699
   vertex 0.08554985374212265 0.00010974014730891213 0.46181866526603699
  endloop
 endfacet
 facet normal -0.42262248474844039 0 -0.90630581780382169
  outer loop
   vertex 0.085218094289302826 0.0016097432235255837 0.46197336912155151
   vertex 0.08554985374212265 0.0016097432235255837 0.46181866526603699
   vertex 0.085218094289302826 0.00010974014730891213 0.46197336912155151
  endloop
 endfacet
 facet normal -0.25882290255623669 -0 -0.96592479267920472
  outer loop
   vertex 0.084864519536495209 0.00010974014730891213 0.462068110704422
   vertex 0.085218094289302826 0.0016097432235255837 0.46197336912155151
   vertex 0.085218094289302826 0.00010974014730891213 0.46197336912155151
  endloop
 endfacet
 facet normal -0.25882290255623669 0 -0.96592479267920472
  outer loop
   vertex 0.084864519536495209 0.0016097432235255837 0.462068110704422
   vertex 0.085218094289302826 0.0016097432235255837 0.46197336912155151
   vertex 0.084864519536495209 0.00010974014730891213 0.462068110704422
  endloop
 endfacet
 facet normal -0.087114432267673458 -0 -0.99619831142733872
  outer loop
   vertex 0.084499858319759369 0.00010974014730891213 0.46209999918937683
   vertex 0.084864519536495209 0.0016097432235255837 0.462068110704422
   vertex 0.084864519536495209 0.00010974014730891213 0.462068110704422
  endloop
 endfacet
 facet normal -0.087114432267673458 0 -0.99619831142733872
  outer loop
   vertex 0.084499858319759369 0.0016097432235255837 0.46209999918937683
   vertex 0.084864519536495209 0.0016097432235255837 0.462068110704422
   vertex 0.084499858319759369 0.00010974014730891213 0.46209999918937683
  endloop
 endfacet
 facet normal 0.087114432267673458 0 -0.99619831142733872
  outer loop
   vertex 0.084135197103023529 0.00010974014730891213 0.462068110704422
   vertex 0.084499858319759369 0.0016097432235255837 0.46209999918937683
   vertex 0.084499858319759369 0.00010974014730891213 0.46209999918937683
  endloop
 endfacet
 facet normal 0.087114432267673458 0 -0.99619831142733872
  outer loop
   vertex 0.084135197103023529 0.0016097432235255837 0.462068110704422
   vertex 0.084499858319759369 0.0016097432235255837 0.46209999918937683
   vertex 0.084135197103023529 0.00010974014730891213 0.462068110704422
  endloop
 endfacet
 facet normal 0.25882290255623669 0 -0.96592479267920472
  outer loop
   vertex 0.083781622350215912 0.00010974014730891213 0.46197336912155151
   vertex 0.084135197103023529 0.0016097432235255837 0.462068110704422
   vertex 0.084135197103023529 0.00010974014730891213 0.462068110704422
  endloop
 endfacet
 facet normal 0.25882290255623669 0 -0.96592479267920472
  outer loop
   vertex 0.083781622350215912 0.0016097432235255837 0.46197336912155151
   vertex 0.084135197103023529 0.0016097432235255837 0.462068110704422
   vertex 0.083781622350215912 0.00010974014730891213 0.46197336912155151
  endloop
 endfacet
 facet normal 0.42262248474844039 0 -0.90630581780382169
  outer loop
   vertex 0.083449862897396088 0.00010974014730891213 0.46181866526603699
   vertex 0.083781622350215912 0.0016097432235255837 0.46197336912155151
   vertex 0.083781622350215912 0.00010974014730891213 0.46197336912155151
  endloop
 endfacet
 facet normal 0.42262248474844039 0 -0.90630581780382169
  outer loop
   vertex 0.083449862897396088 0.0016097432235255837 0.46181866526603699
   vertex 0.083781622350215912 0.0016097432235255837 0.46197336912155151
   vertex 0.083449862897396088 0.00010974014730891213 0.46181866526603699
  endloop
 endfacet
 facet normal 0.57354976371896238 0 -0.81917072001990054
  outer loop
   vertex 0.083149991929531097 0.00010974014730891213 0.46160870790481567
   vertex 0.083449862897396088 0.0016097432235255837 0.46181866526603699
   vertex 0.083449862897396088 0.00010974014730891213 0.46181866526603699
  endloop
 endfacet
 facet normal 0.57354976371896238 0 -0.81917072001990054
  outer loop
   vertex 0.083149991929531097 0.0016097432235255837 0.46160870790481567
   vertex 0.083449862897396088 0.0016097432235255837 0.46181866526603699
   vertex 0.083149991929531097 0.00010974014730891213 0.46160870790481567
  endloop
 endfacet
 facet normal 0.70710678118654746 0 -0.70710678118654746
  outer loop
   vertex 0.082891158759593964 0.00010974014730891213 0.46134987473487854
   vertex 0.083149991929531097 0.0016097432235255837 0.46160870790481567
   vertex 0.083149991929531097 0.00010974014730891213 0.46160870790481567
  endloop
 endfacet
 facet normal 0.70710678118654746 0 -0.70710678118654746
  outer loop
   vertex 0.082891158759593964 0.0016097432235255837 0.46134987473487854
   vertex 0.083149991929531097 0.0016097432235255837 0.46160870790481567
   vertex 0.082891158759593964 0.00010974014730891213 0.46134987473487854
  endloop
 endfacet
 facet normal 0.81917072001990054 0 -0.57354976371896238
  outer loop
   vertex 0.08268120139837265 0.00010974014730891213 0.46105000376701355
   vertex 0.082891158759593964 0.0016097432235255837 0.46134987473487854
   vertex 0.082891158759593964 0.00010974014730891213 0.46134987473487854
  endloop
 endfacet
 facet normal 0.81917072001990054 0 -0.57354976371896238
  outer loop
   vertex 0.08268120139837265 0.0016097432235255837 0.46105000376701355
   vertex 0.082891158759593964 0.0016097432235255837 0.46134987473487854
   vertex 0.08268120139837265 0.00010974014730891213 0.46105000376701355
  endloop
 endfacet
 facet normal 0.90630581780382169 0 -0.42262248474844039
  outer loop
   vertex 0.082526497542858124 0.00010974014730891213 0.46071824431419373
   vertex 0.08268120139837265 0.0016097432235255837 0.46105000376701355
   vertex 0.08268120139837265 0.00010974014730891213 0.46105000376701355
  endloop
 endfacet
 facet normal 0.90630581780382169 0 -0.42262248474844039
  outer loop
   vertex 0.082526497542858124 0.0016097432235255837 0.46071824431419373
   vertex 0.08268120139837265 0.0016097432235255837 0.46105000376701355
   vertex 0.082526497542858124 0.00010974014730891213 0.46071824431419373
  endloop
 endfacet
 facet normal 0.96592479267920472 0 -0.25882290255623669
  outer loop
   vertex 0.08243175595998764 0.00010974014730891213 0.46036466956138611
   vertex 0.082526497542858124 0.0016097432235255837 0.46071824431419373
   vertex 0.082526497542858124 0.00010974014730891213 0.46071824431419373
  endloop
 endfacet
 facet normal 0.96592479267920472 0 -0.25882290255623669
  outer loop
   vertex 0.08243175595998764 0.0016097432235255837 0.46036466956138611
   vertex 0.082526497542858124 0.0016097432235255837 0.46071824431419373
   vertex 0.08243175595998764 0.00010974014730891213 0.46036466956138611
  endloop
 endfacet
 facet normal 0.99619477787606681 0 -0.087154830803884392
  outer loop
   vertex 0.082399852573871613 0.00010974014730891213 0.46000000834465027
   vertex 0.08243175595998764 0.0016097432235255837 0.46036466956138611
   vertex 0.08243175595998764 0.00010974014730891213 0.46036466956138611
  endloop
 endfacet
 facet normal 0.99619477787606681 0 -0.087154830803884392
  outer loop
   vertex 0.082399852573871613 0.0016097432235255837 0.46000000834465027
   vertex 0.08243175595998764 0.0016097432235255837 0.46036466956138611
   vertex 0.082399852573871613 0.00010974014730891213 0.46000000834465027
  endloop
 endfacet
 facet normal 0.99619477787606681 0 0.087154830803884392
  outer loop
   vertex -0.086571663618087769 0.00010974014730891213 0.47963535785675049
   vertex -0.086603567004203796 0.0016097432235255837 0.48000001907348633
   vertex -0.086603567004203796 0.00010974014730891213 0.48000001907348633
  endloop
 endfacet
 facet normal 0.99619477787606681 0 0.087154830803884392
  outer loop
   vertex -0.086571663618087769 0.0016097432235255837 0.47963535785675049
   vertex -0.086603567004203796 0.0016097432235255837 0.48000001907348633
   vertex -0.086571663618087769 0.00010974014730891213 0.47963535785675049
  endloop
 endfacet
 facet normal 0.96593024606664224 0 0.25880254970466549
  outer loop
   vertex -0.086476922035217285 0.00010974014730891213 0.47928175330162048
   vertex -0.086571663618087769 0.0016097432235255837 0.47963535785675049
   vertex -0.086571663618087769 0.00010974014730891213 0.47963535785675049
  endloop
 endfacet
 facet normal 0.96593024606664224 0 0.25880254970466549
  outer loop
   vertex -0.086476922035217285 0.0016097432235255837 0.47928175330162048
   vertex -0.086571663618087769 0.0016097432235255837 0.47963535785675049
   vertex -0.086476922035217285 0.00010974014730891213 0.47928175330162048
  endloop
 endfacet
 facet normal 0.90630581780382169 0 0.42262248474844039
  outer loop
   vertex -0.086322218179702759 0.00010974014730891213 0.47894999384880066
   vertex -0.086476922035217285 0.0016097432235255837 0.47928175330162048
   vertex -0.086476922035217285 0.00010974014730891213 0.47928175330162048
  endloop
 endfacet
 facet normal 0.90630581780382169 0 0.42262248474844039
  outer loop
   vertex -0.086322218179702759 0.0016097432235255837 0.47894999384880066
   vertex -0.086476922035217285 0.0016097432235255837 0.47928175330162048
   vertex -0.086322218179702759 0.00010974014730891213 0.47894999384880066
  endloop
 endfacet
 facet normal 0.81914393599966928 0 0.57358801601408116
  outer loop
   vertex -0.086112260818481445 0.00010974014730891213 0.47865015268325806
   vertex -0.086322218179702759 0.0016097432235255837 0.47894999384880066
   vertex -0.086322218179702759 0.00010974014730891213 0.47894999384880066
  endloop
 endfacet
 facet normal 0.81914393599966928 0 0.57358801601408116
  outer loop
   vertex -0.086112260818481445 0.0016097432235255837 0.47865015268325806
   vertex -0.086322218179702759 0.0016097432235255837 0.47894999384880066
   vertex -0.086112260818481445 0.00010974014730891213 0.47865015268325806
  endloop
 endfacet
 facet normal 0.70709660413282638 0 0.70711695809379738
  outer loop
   vertex -0.085853420197963715 0.00010974014730891213 0.47839131951332092
   vertex -0.086112260818481445 0.0016097432235255837 0.47865015268325806
   vertex -0.086112260818481445 0.00010974014730891213 0.47865015268325806
  endloop
 endfacet
 facet normal 0.70709660413282638 0 0.70711695809379738
  outer loop
   vertex -0.085853420197963715 0.0016097432235255837 0.47839131951332092
   vertex -0.086112260818481445 0.0016097432235255837 0.47865015268325806
   vertex -0.085853420197963715 0.00010974014730891213 0.47839131951332092
  endloop
 endfacet
 facet normal 0.5735688893850861 0 0.81915732867963709
  outer loop
   vertex -0.085553564131259918 0.00010974014730891213 0.47818136215209961
   vertex -0.085853420197963715 0.0016097432235255837 0.47839131951332092
   vertex -0.085853420197963715 0.00010974014730891213 0.47839131951332092
  endloop
 endfacet
 facet normal 0.5735688893850861 0 0.81915732867963709
  outer loop
   vertex -0.085553564131259918 0.0016097432235255837 0.47818136215209961
   vertex -0.085853420197963715 0.0016097432235255837 0.47839131951332092
   vertex -0.085553564131259918 0.00010974014730891213 0.47818136215209961
  endloop
 endfacet
 facet normal 0.42262248474844039 0 0.90630581780382169
  outer loop
   vertex -0.085221804678440094 0.00010974014730891213 0.47802665829658508
   vertex -0.085553564131259918 0.0016097432235255837 0.47818136215209961
   vertex -0.085553564131259918 0.00010974014730891213 0.47818136215209961
  endloop
 endfacet
 facet normal 0.42262248474844039 0 0.90630581780382169
  outer loop
   vertex -0.085221804678440094 0.0016097432235255837 0.47802665829658508
   vertex -0.085553564131259918 0.0016097432235255837 0.47818136215209961
   vertex -0.085221804678440094 0.00010974014730891213 0.47802665829658508
  endloop
 endfacet
 facet normal 0.25881781405401105 0 0.96592615614668154
  outer loop
   vertex -0.08486822247505188 0.00010974014730891213 0.4779319167137146
   vertex -0.085221804678440094 0.0016097432235255837 0.47802665829658508
   vertex -0.085221804678440094 0.00010974014730891213 0.47802665829658508
  endloop
 endfacet
 facet normal 0.25881781405401105 0 0.96592615614668154
  outer loop
   vertex -0.08486822247505188 0.0016097432235255837 0.4779319167137146
   vertex -0.085221804678440094 0.0016097432235255837 0.47802665829658508
   vertex -0.08486822247505188 0.00010974014730891213 0.4779319167137146
  endloop
 endfacet
 facet normal 0.087195228910112818 0 0.99619124271161563
  outer loop
   vertex -0.08450356125831604 0.00010974014730891213 0.47789999842643738
   vertex -0.08486822247505188 0.0016097432235255837 0.4779319167137146
   vertex -0.08486822247505188 0.00010974014730891213 0.4779319167137146
  endloop
 endfacet
 facet normal 0.087195228910112818 0 0.99619124271161563
  outer loop
   vertex -0.08450356125831604 0.0016097432235255837 0.47789999842643738
   vertex -0.08486822247505188 0.0016097432235255837 0.4779319167137146
   vertex -0.08450356125831604 0.00010974014730891213 0.47789999842643738
  endloop
 endfacet
 facet normal -0.087195228910112818 0 0.99619124271161563
  outer loop
   vertex -0.0841389000415802 0.00010974014730891213 0.4779319167137146
   vertex -0.08450356125831604 0.0016097432235255837 0.47789999842643738
   vertex -0.08450356125831604 0.00010974014730891213 0.47789999842643738
  endloop
 endfacet
 facet normal -0.087195228910112818 0 0.99619124271161563
  outer loop
   vertex -0.0841389000415802 0.0016097432235255837 0.4779319167137146
   vertex -0.08450356125831604 0.0016097432235255837 0.47789999842643738
   vertex -0.0841389000415802 0.00010974014730891213 0.4779319167137146
  endloop
 endfacet
 facet normal -0.25882290255623669 0 0.96592479267920472
  outer loop
   vertex -0.083785325288772583 0.00010974014730891213 0.47802665829658508
   vertex -0.0841389000415802 0.0016097432235255837 0.4779319167137146
   vertex -0.0841389000415802 0.00010974014730891213 0.4779319167137146
  endloop
 endfacet
 facet normal -0.25882290255623669 0 0.96592479267920472
  outer loop
   vertex -0.083785325288772583 0.0016097432235255837 0.47802665829658508
   vertex -0.0841389000415802 0.0016097432235255837 0.4779319167137146
   vertex -0.083785325288772583 0.00010974014730891213 0.47802665829658508
  endloop
 endfacet
 facet normal -0.42262248474844039 0 0.90630581780382169
  outer loop
   vertex -0.083453565835952759 0.00010974014730891213 0.47818136215209961
   vertex -0.083785325288772583 0.0016097432235255837 0.47802665829658508
   vertex -0.083785325288772583 0.00010974014730891213 0.47802665829658508
  endloop
 endfacet
 facet normal -0.42262248474844039 0 0.90630581780382169
  outer loop
   vertex -0.083453565835952759 0.0016097432235255837 0.47818136215209961
   vertex -0.083785325288772583 0.0016097432235255837 0.47802665829658508
   vertex -0.083453565835952759 0.00010974014730891213 0.47818136215209961
  endloop
 endfacet
 facet normal -0.5735688893850861 0 0.81915732867963709
  outer loop
   vertex -0.083153709769248962 0.00010974014730891213 0.47839131951332092
   vertex -0.083453565835952759 0.0016097432235255837 0.47818136215209961
   vertex -0.083453565835952759 0.00010974014730891213 0.47818136215209961
  endloop
 endfacet
 facet normal -0.5735688893850861 0 0.81915732867963709
  outer loop
   vertex -0.083153709769248962 0.0016097432235255837 0.47839131951332092
   vertex -0.083453565835952759 0.0016097432235255837 0.47818136215209961
   vertex -0.083153709769248962 0.00010974014730891213 0.47839131951332092
  endloop
 endfacet
 facet normal -0.70709660413282638 0 0.70711695809379738
  outer loop
   vertex -0.082894869148731232 0.00010974014730891213 0.47865015268325806
   vertex -0.083153709769248962 0.0016097432235255837 0.47839131951332092
   vertex -0.083153709769248962 0.00010974014730891213 0.47839131951332092
  endloop
 endfacet
 facet normal -0.70709660413282638 0 0.70711695809379738
  outer loop
   vertex -0.082894869148731232 0.0016097432235255837 0.47865015268325806
   vertex -0.083153709769248962 0.0016097432235255837 0.47839131951332092
   vertex -0.082894869148731232 0.00010974014730891213 0.47865015268325806
  endloop
 endfacet
 facet normal -0.81914393599966928 0 0.57358801601408116
  outer loop
   vertex -0.082684911787509918 0.00010974014730891213 0.47894999384880066
   vertex -0.082894869148731232 0.0016097432235255837 0.47865015268325806
   vertex -0.082894869148731232 0.00010974014730891213 0.47865015268325806
  endloop
 endfacet
 facet normal -0.81914393599966928 0 0.57358801601408116
  outer loop
   vertex -0.082684911787509918 0.0016097432235255837 0.47894999384880066
   vertex -0.082894869148731232 0.0016097432235255837 0.47865015268325806
   vertex -0.082684911787509918 0.00010974014730891213 0.47894999384880066
  endloop
 endfacet
 facet normal -0.90630581780382169 0 0.42262248474844039
  outer loop
   vertex -0.082530207931995392 0.00010974014730891213 0.47928175330162048
   vertex -0.082684911787509918 0.0016097432235255837 0.47894999384880066
   vertex -0.082684911787509918 0.00010974014730891213 0.47894999384880066
  endloop
 endfacet
 facet normal -0.90630581780382169 0 0.42262248474844039
  outer loop
   vertex -0.082530207931995392 0.0016097432235255837 0.47928175330162048
   vertex -0.082684911787509918 0.0016097432235255837 0.47894999384880066
   vertex -0.082530207931995392 0.00010974014730891213 0.47928175330162048
  endloop
 endfacet
 facet normal -0.96593024606664224 0 0.25880254970466549
  outer loop
   vertex -0.082435466349124908 0.00010974014730891213 0.47963535785675049
   vertex -0.082530207931995392 0.0016097432235255837 0.47928175330162048
   vertex -0.082530207931995392 0.00010974014730891213 0.47928175330162048
  endloop
 endfacet
 facet normal -0.96593024606664224 0 0.25880254970466549
  outer loop
   vertex -0.082435466349124908 0.0016097432235255837 0.47963535785675049
   vertex -0.082530207931995392 0.0016097432235255837 0.47928175330162048
   vertex -0.082435466349124908 0.00010974014730891213 0.47963535785675049
  endloop
 endfacet
 facet normal -0.99619477787606681 0 0.087154830803884392
  outer loop
   vertex -0.082403562963008881 0.00010974014730891213 0.48000001907348633
   vertex -0.082435466349124908 0.0016097432235255837 0.47963535785675049
   vertex -0.082435466349124908 0.00010974014730891213 0.47963535785675049
  endloop
 endfacet
 facet normal -0.99619477787606681 0 0.087154830803884392
  outer loop
   vertex -0.082403562963008881 0.0016097432235255837 0.48000001907348633
   vertex -0.082435466349124908 0.0016097432235255837 0.47963535785675049
   vertex -0.082403562963008881 0.00010974014730891213 0.48000001907348633
  endloop
 endfacet
 facet normal -0.99619477787606681 -0 -0.087154830803884392
  outer loop
   vertex -0.082435466349124908 0.00010974014730891213 0.48036468029022217
   vertex -0.082403562963008881 0.0016097432235255837 0.48000001907348633
   vertex -0.082403562963008881 0.00010974014730891213 0.48000001907348633
  endloop
 endfacet
 facet normal -0.99619477787606681 0 -0.087154830803884392
  outer loop
   vertex -0.082435466349124908 0.0016097432235255837 0.48036468029022217
   vertex -0.082403562963008881 0.0016097432235255837 0.48000001907348633
   vertex -0.082435466349124908 0.00010974014730891213 0.48036468029022217
  endloop
 endfacet
 facet normal -0.96592479267920472 -0 -0.25882290255623669
  outer loop
   vertex -0.082530207931995392 0.00010974014730891213 0.48071825504302979
   vertex -0.082435466349124908 0.0016097432235255837 0.48036468029022217
   vertex -0.082435466349124908 0.00010974014730891213 0.48036468029022217
  endloop
 endfacet
 facet normal -0.96592479267920472 0 -0.25882290255623669
  outer loop
   vertex -0.082530207931995392 0.0016097432235255837 0.48071825504302979
   vertex -0.082435466349124908 0.0016097432235255837 0.48036468029022217
   vertex -0.082530207931995392 0.00010974014730891213 0.48071825504302979
  endloop
 endfacet
 facet normal -0.90630581780382169 -0 -0.42262248474844039
  outer loop
   vertex -0.082684911787509918 0.00010974014730891213 0.48105001449584961
   vertex -0.082530207931995392 0.0016097432235255837 0.48071825504302979
   vertex -0.082530207931995392 0.00010974014730891213 0.48071825504302979
  endloop
 endfacet
 facet normal -0.90630581780382169 0 -0.42262248474844039
  outer loop
   vertex -0.082684911787509918 0.0016097432235255837 0.48105001449584961
   vertex -0.082530207931995392 0.0016097432235255837 0.48071825504302979
   vertex -0.082684911787509918 0.00010974014730891213 0.48105001449584961
  endloop
 endfacet
 facet normal -0.81914393599966928 -0 -0.57358801601408116
  outer loop
   vertex -0.082894869148731232 0.00010974014730891213 0.48134985566139221
   vertex -0.082684911787509918 0.0016097432235255837 0.48105001449584961
   vertex -0.082684911787509918 0.00010974014730891213 0.48105001449584961
  endloop
 endfacet
 facet normal -0.81914393599966928 0 -0.57358801601408116
  outer loop
   vertex -0.082894869148731232 0.0016097432235255837 0.48134985566139221
   vertex -0.082684911787509918 0.0016097432235255837 0.48105001449584961
   vertex -0.082894869148731232 0.00010974014730891213 0.48134985566139221
  endloop
 endfacet
 facet normal -0.70709660413282638 -0 -0.70711695809379738
  outer loop
   vertex -0.083153709769248962 0.00010974014730891213 0.48160868883132935
   vertex -0.082894869148731232 0.0016097432235255837 0.48134985566139221
   vertex -0.082894869148731232 0.00010974014730891213 0.48134985566139221
  endloop
 endfacet
 facet normal -0.70709660413282638 0 -0.70711695809379738
  outer loop
   vertex -0.083153709769248962 0.0016097432235255837 0.48160868883132935
   vertex -0.082894869148731232 0.0016097432235255837 0.48134985566139221
   vertex -0.083153709769248962 0.00010974014730891213 0.48160868883132935
  endloop
 endfacet
 facet normal -0.5735688893850861 -0 -0.81915732867963709
  outer loop
   vertex -0.083453565835952759 0.00010974014730891213 0.48181864619255066
   vertex -0.083153709769248962 0.0016097432235255837 0.48160868883132935
   vertex -0.083153709769248962 0.00010974014730891213 0.48160868883132935
  endloop
 endfacet
 facet normal -0.5735688893850861 0 -0.81915732867963709
  outer loop
   vertex -0.083453565835952759 0.0016097432235255837 0.48181864619255066
   vertex -0.083153709769248962 0.0016097432235255837 0.48160868883132935
   vertex -0.083453565835952759 0.00010974014730891213 0.48181864619255066
  endloop
 endfacet
 facet normal -0.42262248474844039 -0 -0.90630581780382169
  outer loop
   vertex -0.083785325288772583 0.00010974014730891213 0.48197335004806519
   vertex -0.083453565835952759 0.0016097432235255837 0.48181864619255066
   vertex -0.083453565835952759 0.00010974014730891213 0.48181864619255066
  endloop
 endfacet
 facet normal -0.42262248474844039 0 -0.90630581780382169
  outer loop
   vertex -0.083785325288772583 0.0016097432235255837 0.48197335004806519
   vertex -0.083453565835952759 0.0016097432235255837 0.48181864619255066
   vertex -0.083785325288772583 0.00010974014730891213 0.48197335004806519
  endloop
 endfacet
 facet normal -0.25882290255623669 -0 -0.96592479267920472
  outer loop
   vertex -0.0841389000415802 0.00010974014730891213 0.48206809163093567
   vertex -0.083785325288772583 0.0016097432235255837 0.48197335004806519
   vertex -0.083785325288772583 0.00010974014730891213 0.48197335004806519
  endloop
 endfacet
 facet normal -0.25882290255623669 0 -0.96592479267920472
  outer loop
   vertex -0.0841389000415802 0.0016097432235255837 0.48206809163093567
   vertex -0.083785325288772583 0.0016097432235255837 0.48197335004806519
   vertex -0.0841389000415802 0.00010974014730891213 0.48206809163093567
  endloop
 endfacet
 facet normal -0.087195228910112818 -0 -0.99619124271161563
  outer loop
   vertex -0.08450356125831604 0.00010974014730891213 0.48210000991821289
   vertex -0.0841389000415802 0.0016097432235255837 0.48206809163093567
   vertex -0.0841389000415802 0.00010974014730891213 0.48206809163093567
  endloop
 endfacet
 facet normal -0.087195228910112818 0 -0.99619124271161563
  outer loop
   vertex -0.08450356125831604 0.0016097432235255837 0.48210000991821289
   vertex -0.0841389000415802 0.0016097432235255837 0.48206809163093567
   vertex -0.08450356125831604 0.00010974014730891213 0.48210000991821289
  endloop
 endfacet
 facet normal 0.087195228910112818 0 -0.99619124271161563
  outer loop
   vertex -0.08486822247505188 0.00010974014730891213 0.48206809163093567
   vertex -0.08450356125831604 0.0016097432235255837 0.48210000991821289
   vertex -0.08450356125831604 0.00010974014730891213 0.48210000991821289
  endloop
 endfacet
 facet normal 0.087195228910112818 0 -0.99619124271161563
  outer loop
   vertex -0.08486822247505188 0.0016097432235255837 0.48206809163093567
   vertex -0.08450356125831604 0.0016097432235255837 0.48210000991821289
   vertex -0.08486822247505188 0.00010974014730891213 0.48206809163093567
  endloop
 endfacet
 facet normal 0.25881781405401105 0 -0.96592615614668154
  outer loop
   vertex -0.085221804678440094 0.00010974014730891213 0.48197335004806519
   vertex -0.08486822247505188 0.0016097432235255837 0.48206809163093567
   vertex -0.08486822247505188 0.00010974014730891213 0.48206809163093567
  endloop
 endfacet
 facet normal 0.25881781405401105 0 -0.96592615614668154
  outer loop
   vertex -0.085221804678440094 0.0016097432235255837 0.48197335004806519
   vertex -0.08486822247505188 0.0016097432235255837 0.48206809163093567
   vertex -0.085221804678440094 0.00010974014730891213 0.48197335004806519
  endloop
 endfacet
 facet normal 0.42262248474844039 0 -0.90630581780382169
  outer loop
   vertex -0.085553564131259918 0.00010974014730891213 0.48181864619255066
   vertex -0.085221804678440094 0.0016097432235255837 0.48197335004806519
   vertex -0.085221804678440094 0.00010974014730891213 0.48197335004806519
  endloop
 endfacet
 facet normal 0.42262248474844039 0 -0.90630581780382169
  outer loop
   vertex -0.085553564131259918 0.0016097432235255837 0.48181864619255066
   vertex -0.085221804678440094 0.0016097432235255837 0.48197335004806519
   vertex -0.085553564131259918 0.00010974014730891213 0.48181864619255066
  endloop
 endfacet
 facet normal 0.5735688893850861 0 -0.81915732867963709
  outer loop
   vertex -0.085853420197963715 0.00010974014730891213 0.48160868883132935
   vertex -0.085553564131259918 0.0016097432235255837 0.48181864619255066
   vertex -0.085553564131259918 0.00010974014730891213 0.48181864619255066
  endloop
 endfacet
 facet normal 0.5735688893850861 0 -0.81915732867963709
  outer loop
   vertex -0.085853420197963715 0.0016097432235255837 0.48160868883132935
   vertex -0.085553564131259918 0.0016097432235255837 0.48181864619255066
   vertex -0.085853420197963715 0.00010974014730891213 0.48160868883132935
  endloop
 endfacet
 facet normal 0.70709660413282638 0 -0.70711695809379738
  outer loop
   vertex -0.086112260818481445 0.00010974014730891213 0.48134985566139221
   vertex -0.085853420197963715 0.0016097432235255837 0.48160868883132935
   vertex -0.085853420197963715 0.00010974014730891213 0.48160868883132935
  endloop
 endfacet
 facet normal 0.70709660413282638 0 -0.70711695809379738
  outer loop
   vertex -0.086112260818481445 0.0016097432235255837 0.48134985566139221
   vertex -0.085853420197963715 0.0016097432235255837 0.48160868883132935
   vertex -0.086112260818481445 0.00010974014730891213 0.48134985566139221
  endloop
 endfacet
 facet normal 0.81914393599966928 0 -0.57358801601408116
  outer loop
   vertex -0.086322218179702759 0.00010974014730891213 0.48105001449584961
   vertex -0.086112260818481445 0.0016097432235255837 0.48134985566139221
   vertex -0.086112260818481445 0.00010974014730891213 0.48134985566139221
  endloop
 endfacet
 facet normal 0.81914393599966928 0 -0.57358801601408116
  outer loop
   vertex -0.086322218179702759 0.0016097432235255837 0.48105001449584961
   vertex -0.086112260818481445 0.0016097432235255837 0.48134985566139221
   vertex -0.086322218179702759 0.00010974014730891213 0.48105001449584961
  endloop
 endfacet
 facet normal 0.90630581780382169 0 -0.42262248474844039
  outer loop
   vertex -0.086476922035217285 0.00010974014730891213 0.48071825504302979
   vertex -0.086322218179702759 0.0016097432235255837 0.48105001449584961
   vertex -0.086322218179702759 0.00010974014730891213 0.48105001449584961
  endloop
 endfacet
 facet normal 0.90630581780382169 0 -0.42262248474844039
  outer loop
   vertex -0.086476922035217285 0.0016097432235255837 0.48071825504302979
   vertex -0.086322218179702759 0.0016097432235255837 0.48105001449584961
   vertex -0.086476922035217285 0.00010974014730891213 0.48071825504302979
  endloop
 endfacet
 facet normal 0.96592479267920472 0 -0.25882290255623669
  outer loop
   vertex -0.086571663618087769 0.00010974014730891213 0.48036468029022217
   vertex -0.086476922035217285 0.0016097432235255837 0.48071825504302979
   vertex -0.086476922035217285 0.00010974014730891213 0.48071825504302979
  endloop
 endfacet
 facet normal 0.96592479267920472 0 -0.25882290255623669
  outer loop
   vertex -0.086571663618087769 0.0016097432235255837 0.48036468029022217
   vertex -0.086476922035217285 0.0016097432235255837 0.48071825504302979
   vertex -0.086571663618087769 0.00010974014730891213 0.48036468029022217
  endloop
 endfacet
 facet normal 0.99619477787606681 0 -0.087154830803884392
  outer loop
   vertex -0.086603567004203796 0.00010974014730891213 0.48000001907348633
   vertex -0.086571663618087769 0.0016097432235255837 0.48036468029022217
   vertex -0.086571663618087769 0.00010974014730891213 0.48036468029022217
  endloop
 endfacet
 facet normal 0.99619477787606681 0 -0.087154830803884392
  outer loop
   vertex -0.086603567004203796 0.0016097432235255837 0.48000001907348633
   vertex -0.086571663618087769 0.0016097432235255837 0.48036468029022217
   vertex -0.086603567004203796 0.00010974014730891213 0.48000001907348633
  endloop
 endfacet
 facet normal 0.99619477787606681 0 0.087154830803884392
  outer loop
   vertex 0.08243175595998764 0.00010974014730891213 0.47963535785675049
   vertex 0.082399852573871613 0.0016097432235255837 0.48000001907348633
   vertex 0.082399852573871613 0.00010974014730891213 0.48000001907348633
  endloop
 endfacet
 facet normal 0.99619477787606681 0 0.087154830803884392
  outer loop
   vertex 0.08243175595998764 0.0016097432235255837 0.47963535785675049
   vertex 0.082399852573871613 0.0016097432235255837 0.48000001907348633
   vertex 0.08243175595998764 0.00010974014730891213 0.47963535785675049
  endloop
 endfacet
 facet normal 0.96593024606664224 0 0.25880254970466549
  outer loop
   vertex 0.082526497542858124 0.00010974014730891213 0.47928175330162048
   vertex 0.08243175595998764 0.0016097432235255837 0.47963535785675049
   vertex 0.08243175595998764 0.00010974014730891213 0.47963535785675049
  endloop
 endfacet
 facet normal 0.96593024606664224 0 0.25880254970466549
  outer loop
   vertex 0.082526497542858124 0.0016097432235255837 0.47928175330162048
   vertex 0.08243175595998764 0.0016097432235255837 0.47963535785675049
   vertex 0.082526497542858124 0.00010974014730891213 0.47928175330162048
  endloop
 endfacet
 facet normal 0.90630581780382169 0 0.42262248474844039
  outer loop
   vertex 0.08268120139837265 0.00010974014730891213 0.47894999384880066
   vertex 0.082526497542858124 0.0016097432235255837 0.47928175330162048
   vertex 0.082526497542858124 0.00010974014730891213 0.47928175330162048
  endloop
 endfacet
 facet normal 0.90630581780382169 0 0.42262248474844039
  outer loop
   vertex 0.08268120139837265 0.0016097432235255837 0.47894999384880066
   vertex 0.082526497542858124 0.0016097432235255837 0.47928175330162048
   vertex 0.08268120139837265 0.00010974014730891213 0.47894999384880066
  endloop
 endfacet
 facet normal 0.81914393599966928 0 0.57358801601408116
  outer loop
   vertex 0.082891158759593964 0.00010974014730891213 0.47865015268325806
   vertex 0.08268120139837265 0.0016097432235255837 0.47894999384880066
   vertex 0.08268120139837265 0.00010974014730891213 0.47894999384880066
  endloop
 endfacet
 facet normal 0.81914393599966928 0 0.57358801601408116
  outer loop
   vertex 0.082891158759593964 0.0016097432235255837 0.47865015268325806
   vertex 0.08268120139837265 0.0016097432235255837 0.47894999384880066
   vertex 0.082891158759593964 0.00010974014730891213 0.47865015268325806
  endloop
 endfacet
 facet normal 0.70710678118654746 0 0.70710678118654746
  outer loop
   vertex 0.083149991929531097 0.00010974014730891213 0.47839131951332092
   vertex 0.082891158759593964 0.0016097432235255837 0.47865015268325806
   vertex 0.082891158759593964 0.00010974014730891213 0.47865015268325806
  endloop
 endfacet
 facet normal 0.70710678118654746 0 0.70710678118654746
  outer loop
   vertex 0.083149991929531097 0.0016097432235255837 0.47839131951332092
   vertex 0.082891158759593964 0.0016097432235255837 0.47865015268325806
   vertex 0.083149991929531097 0.00010974014730891213 0.47839131951332092
  endloop
 endfacet
 facet normal 0.57354976371896238 0 0.81917072001990054
  outer loop
   vertex 0.083449862897396088 0.00010974014730891213 0.47818136215209961
   vertex 0.083149991929531097 0.0016097432235255837 0.47839131951332092
   vertex 0.083149991929531097 0.00010974014730891213 0.47839131951332092
  endloop
 endfacet
 facet normal 0.57354976371896238 0 0.81917072001990054
  outer loop
   vertex 0.083449862897396088 0.0016097432235255837 0.47818136215209961
   vertex 0.083149991929531097 0.0016097432235255837 0.47839131951332092
   vertex 0.083449862897396088 0.00010974014730891213 0.47818136215209961
  endloop
 endfacet
 facet normal 0.42262248474844039 0 0.90630581780382169
  outer loop
   vertex 0.083781622350215912 0.00010974014730891213 0.47802665829658508
   vertex 0.083449862897396088 0.0016097432235255837 0.47818136215209961
   vertex 0.083449862897396088 0.00010974014730891213 0.47818136215209961
  endloop
 endfacet
 facet normal 0.42262248474844039 0 0.90630581780382169
  outer loop
   vertex 0.083781622350215912 0.0016097432235255837 0.47802665829658508
   vertex 0.083449862897396088 0.0016097432235255837 0.47818136215209961
   vertex 0.083781622350215912 0.00010974014730891213 0.47802665829658508
  endloop
 endfacet
 facet normal 0.25882290255623669 0 0.96592479267920472
  outer loop
   vertex 0.084135197103023529 0.00010974014730891213 0.4779319167137146
   vertex 0.083781622350215912 0.0016097432235255837 0.47802665829658508
   vertex 0.083781622350215912 0.00010974014730891213 0.47802665829658508
  endloop
 endfacet
 facet normal 0.25882290255623669 0 0.96592479267920472
  outer loop
   vertex 0.084135197103023529 0.0016097432235255837 0.4779319167137146
   vertex 0.083781622350215912 0.0016097432235255837 0.47802665829658508
   vertex 0.084135197103023529 0.00010974014730891213 0.4779319167137146
  endloop
 endfacet
 facet normal 0.087195228910112818 0 0.99619124271161563
  outer loop
   vertex 0.084499858319759369 0.00010974014730891213 0.47789999842643738
   vertex 0.084135197103023529 0.0016097432235255837 0.4779319167137146
   vertex 0.084135197103023529 0.00010974014730891213 0.4779319167137146
  endloop
 endfacet
 facet normal 0.087195228910112818 0 0.99619124271161563
  outer loop
   vertex 0.084499858319759369 0.0016097432235255837 0.47789999842643738
   vertex 0.084135197103023529 0.0016097432235255837 0.4779319167137146
   vertex 0.084499858319759369 0.00010974014730891213 0.47789999842643738
  endloop
 endfacet
 facet normal -0.087195228910112818 0 0.99619124271161563
  outer loop
   vertex 0.084864519536495209 0.00010974014730891213 0.4779319167137146
   vertex 0.084499858319759369 0.0016097432235255837 0.47789999842643738
   vertex 0.084499858319759369 0.00010974014730891213 0.47789999842643738
  endloop
 endfacet
 facet normal -0.087195228910112818 0 0.99619124271161563
  outer loop
   vertex 0.084864519536495209 0.0016097432235255837 0.4779319167137146
   vertex 0.084499858319759369 0.0016097432235255837 0.47789999842643738
   vertex 0.084864519536495209 0.00010974014730891213 0.4779319167137146
  endloop
 endfacet
 facet normal -0.25882290255623669 0 0.96592479267920472
  outer loop
   vertex 0.085218094289302826 0.00010974014730891213 0.47802665829658508
   vertex 0.084864519536495209 0.0016097432235255837 0.4779319167137146
   vertex 0.084864519536495209 0.00010974014730891213 0.4779319167137146
  endloop
 endfacet
 facet normal -0.25882290255623669 0 0.96592479267920472
  outer loop
   vertex 0.085218094289302826 0.0016097432235255837 0.47802665829658508
   vertex 0.084864519536495209 0.0016097432235255837 0.4779319167137146
   vertex 0.085218094289302826 0.00010974014730891213 0.47802665829658508
  endloop
 endfacet
 facet normal -0.42262248474844039 0 0.90630581780382169
  outer loop
   vertex 0.08554985374212265 0.00010974014730891213 0.47818136215209961
   vertex 0.085218094289302826 0.0016097432235255837 0.47802665829658508
   vertex 0.085218094289302826 0.00010974014730891213 0.47802665829658508
  endloop
 endfacet
 facet normal -0.42262248474844039 0 0.90630581780382169
  outer loop
   vertex 0.08554985374212265 0.0016097432235255837 0.47818136215209961
   vertex 0.085218094289302826 0.0016097432235255837 0.47802665829658508
   vertex 0.08554985374212265 0.00010974014730891213 0.47818136215209961
  endloop
 endfacet
 facet normal -0.5735688893850861 0 0.81915732867963709
  outer loop
   vertex 0.085849709808826447 0.00010974014730891213 0.47839131951332092
   vertex 0.08554985374212265 0.0016097432235255837 0.47818136215209961
   vertex 0.08554985374212265 0.00010974014730891213 0.47818136215209961
  endloop
 endfacet
 facet normal -0.5735688893850861 0 0.81915732867963709
  outer loop
   vertex 0.085849709808826447 0.0016097432235255837 0.47839131951332092
   vertex 0.08554985374212265 0.0016097432235255837 0.47818136215209961
   vertex 0.085849709808826447 0.00010974014730891213 0.47839131951332092
  endloop
 endfacet
 facet normal -0.70708642722558701 0 0.70712713456163923
  outer loop
   vertex 0.086108557879924774 0.00010974014730891213 0.47865015268325806
   vertex 0.085849709808826447 0.0016097432235255837 0.47839131951332092
   vertex 0.085849709808826447 0.00010974014730891213 0.47839131951332092
  endloop
 endfacet
 facet normal -0.70708642722558701 0 0.70712713456163923
  outer loop
   vertex 0.086108557879924774 0.0016097432235255837 0.47865015268325806
   vertex 0.085849709808826447 0.0016097432235255837 0.47839131951332092
   vertex 0.086108557879924774 0.00010974014730891213 0.47865015268325806
  endloop
 endfacet
 facet normal -0.81914393599966928 0 0.57358801601408116
  outer loop
   vertex 0.086318515241146088 0.00010974014730891213 0.47894999384880066
   vertex 0.086108557879924774 0.0016097432235255837 0.47865015268325806
   vertex 0.086108557879924774 0.00010974014730891213 0.47865015268325806
  endloop
 endfacet
 facet normal -0.81914393599966928 0 0.57358801601408116
  outer loop
   vertex 0.086318515241146088 0.0016097432235255837 0.47894999384880066
   vertex 0.086108557879924774 0.0016097432235255837 0.47865015268325806
   vertex 0.086318515241146088 0.00010974014730891213 0.47894999384880066
  endloop
 endfacet
 facet normal -0.90630581780382169 0 0.42262248474844039
  outer loop
   vertex 0.086473219096660614 0.00010974014730891213 0.47928175330162048
   vertex 0.086318515241146088 0.0016097432235255837 0.47894999384880066
   vertex 0.086318515241146088 0.00010974014730891213 0.47894999384880066
  endloop
 endfacet
 facet normal -0.90630581780382169 0 0.42262248474844039
  outer loop
   vertex 0.086473219096660614 0.0016097432235255837 0.47928175330162048
   vertex 0.086318515241146088 0.0016097432235255837 0.47894999384880066
   vertex 0.086473219096660614 0.00010974014730891213 0.47928175330162048
  endloop
 endfacet
 facet normal -0.96593024606664224 0 0.25880254970466549
  outer loop
   vertex 0.086567960679531097 0.00010974014730891213 0.47963535785675049
   vertex 0.086473219096660614 0.0016097432235255837 0.47928175330162048
   vertex 0.086473219096660614 0.00010974014730891213 0.47928175330162048
  endloop
 endfacet
 facet normal -0.96593024606664224 0 0.25880254970466549
  outer loop
   vertex 0.086567960679531097 0.0016097432235255837 0.47963535785675049
   vertex 0.086473219096660614 0.0016097432235255837 0.47928175330162048
   vertex 0.086567960679531097 0.00010974014730891213 0.47963535785675049
  endloop
 endfacet
 facet normal -0.99619831142733872 0 0.087114432267673458
  outer loop
   vertex 0.086599849164485931 0.00010974014730891213 0.48000001907348633
   vertex 0.086567960679531097 0.0016097432235255837 0.47963535785675049
   vertex 0.086567960679531097 0.00010974014730891213 0.47963535785675049
  endloop
 endfacet
 facet normal -0.99619831142733872 0 0.087114432267673458
  outer loop
   vertex 0.086599849164485931 0.0016097432235255837 0.48000001907348633
   vertex 0.086567960679531097 0.0016097432235255837 0.47963535785675049
   vertex 0.086599849164485931 0.00010974014730891213 0.48000001907348633
  endloop
 endfacet
 facet normal -0.99619831142733872 -0 -0.087114432267673458
  outer loop
   vertex 0.086567960679531097 0.00010974014730891213 0.48036468029022217
   vertex 0.086599849164485931 0.0016097432235255837 0.48000001907348633
   vertex 0.086599849164485931 0.00010974014730891213 0.48000001907348633
  endloop
 endfacet
 facet normal -0.99619831142733872 0 -0.087114432267673458
  outer loop
   vertex 0.086567960679531097 0.0016097432235255837 0.48036468029022217
   vertex 0.086599849164485931 0.0016097432235255837 0.48000001907348633
   vertex 0.086567960679531097 0.00010974014730891213 0.48036468029022217
  endloop
 endfacet
 facet normal -0.96592479267920472 -0 -0.25882290255623669
  outer loop
   vertex 0.086473219096660614 0.00010974014730891213 0.48071825504302979
   vertex 0.086567960679531097 0.0016097432235255837 0.48036468029022217
   vertex 0.086567960679531097 0.00010974014730891213 0.48036468029022217
  endloop
 endfacet
 facet normal -0.96592479267920472 0 -0.25882290255623669
  outer loop
   vertex 0.086473219096660614 0.0016097432235255837 0.48071825504302979
   vertex 0.086567960679531097 0.0016097432235255837 0.48036468029022217
   vertex 0.086473219096660614 0.00010974014730891213 0.48071825504302979
  endloop
 endfacet
 facet normal -0.90630581780382169 -0 -0.42262248474844039
  outer loop
   vertex 0.086318515241146088 0.00010974014730891213 0.48105001449584961
   vertex 0.086473219096660614 0.0016097432235255837 0.48071825504302979
   vertex 0.086473219096660614 0.00010974014730891213 0.48071825504302979
  endloop
 endfacet
 facet normal -0.90630581780382169 0 -0.42262248474844039
  outer loop
   vertex 0.086318515241146088 0.0016097432235255837 0.48105001449584961
   vertex 0.086473219096660614 0.0016097432235255837 0.48071825504302979
   vertex 0.086318515241146088 0.00010974014730891213 0.48105001449584961
  endloop
 endfacet
 facet normal -0.81914393599966928 -0 -0.57358801601408116
  outer loop
   vertex 0.086108557879924774 0.00010974014730891213 0.48134985566139221
   vertex 0.086318515241146088 0.0016097432235255837 0.48105001449584961
   vertex 0.086318515241146088 0.00010974014730891213 0.48105001449584961
  endloop
 endfacet
 facet normal -0.81914393599966928 0 -0.57358801601408116
  outer loop
   vertex 0.086108557879924774 0.0016097432235255837 0.48134985566139221
   vertex 0.086318515241146088 0.0016097432235255837 0.48105001449584961
   vertex 0.086108557879924774 0.00010974014730891213 0.48134985566139221
  endloop
 endfacet
 facet normal -0.70708642722558701 -0 -0.70712713456163923
  outer loop
   vertex 0.085849709808826447 0.00010974014730891213 0.48160868883132935
   vertex 0.086108557879924774 0.0016097432235255837 0.48134985566139221
   vertex 0.086108557879924774 0.00010974014730891213 0.48134985566139221
  endloop
 endfacet
 facet normal -0.70708642722558701 0 -0.70712713456163923
  outer loop
   vertex 0.085849709808826447 0.0016097432235255837 0.48160868883132935
   vertex 0.086108557879924774 0.0016097432235255837 0.48134985566139221
   vertex 0.085849709808826447 0.00010974014730891213 0.48160868883132935
  endloop
 endfacet
 facet normal -0.5735688893850861 -0 -0.81915732867963709
  outer loop
   vertex 0.08554985374212265 0.00010974014730891213 0.48181864619255066
   vertex 0.085849709808826447 0.0016097432235255837 0.48160868883132935
   vertex 0.085849709808826447 0.00010974014730891213 0.48160868883132935
  endloop
 endfacet
 facet normal -0.5735688893850861 0 -0.81915732867963709
  outer loop
   vertex 0.08554985374212265 0.0016097432235255837 0.48181864619255066
   vertex 0.085849709808826447 0.0016097432235255837 0.48160868883132935
   vertex 0.08554985374212265 0.00010974014730891213 0.48181864619255066
  endloop
 endfacet
 facet normal -0.42262248474844039 -0 -0.90630581780382169
  outer loop
   vertex 0.085218094289302826 0.00010974014730891213 0.48197335004806519
   vertex 0.08554985374212265 0.0016097432235255837 0.48181864619255066
   vertex 0.08554985374212265 0.00010974014730891213 0.48181864619255066
  endloop
 endfacet
 facet normal -0.42262248474844039 0 -0.90630581780382169
  outer loop
   vertex 0.085218094289302826 0.0016097432235255837 0.48197335004806519
   vertex 0.08554985374212265 0.0016097432235255837 0.48181864619255066
   vertex 0.085218094289302826 0.00010974014730891213 0.48197335004806519
  endloop
 endfacet
 facet normal -0.25882290255623669 -0 -0.96592479267920472
  outer loop
   vertex 0.084864519536495209 0.00010974014730891213 0.48206809163093567
   vertex 0.085218094289302826 0.0016097432235255837 0.48197335004806519
   vertex 0.085218094289302826 0.00010974014730891213 0.48197335004806519
  endloop
 endfacet
 facet normal -0.25882290255623669 0 -0.96592479267920472
  outer loop
   vertex 0.084864519536495209 0.0016097432235255837 0.48206809163093567
   vertex 0.085218094289302826 0.0016097432235255837 0.48197335004806519
   vertex 0.084864519536495209 0.00010974014730891213 0.48206809163093567
  endloop
 endfacet
 facet normal -0.087195228910112818 -0 -0.99619124271161563
  outer loop
   vertex 0.084499858319759369 0.00010974014730891213 0.48210000991821289
   vertex 0.084864519536495209 0.0016097432235255837 0.48206809163093567
   vertex 0.084864519536495209 0.00010974014730891213 0.48206809163093567
  endloop
 endfacet
 facet normal -0.087195228910112818 0 -0.99619124271161563
  outer loop
   vertex 0.084499858319759369 0.0016097432235255837 0.48210000991821289
   vertex 0.084864519536495209 0.0016097432235255837 0.48206809163093567
   vertex 0.084499858319759369 0.00010974014730891213 0.48210000991821289
  endloop
 endfacet
 facet normal 0.087195228910112818 0 -0.99619124271161563
  outer loop
   vertex 0.084135197103023529 0.00010974014730891213 0.48206809163093567
   vertex 0.084499858319759369 0.0016097432235255837 0.48210000991821289
   vertex 0.084499858319759369 0.00010974014730891213 0.48210000991821289
  endloop
 endfacet
 facet normal 0.087195228910112818 0 -0.99619124271161563
  outer loop
   vertex 0.084135197103023529 0.0016097432235255837 0.48206809163093567
   vertex 0.084499858319759369 0.0016097432235255837 0.48210000991821289
   vertex 0.084135197103023529 0.00010974014730891213 0.48206809163093567
  endloop
 endfacet
 facet normal 0.25882290255623669 0 -0.96592479267920472
  outer loop
   vertex 0.083781622350215912 0.00010974014730891213 0.48197335004806519
   vertex 0.084135197103023529 0.0016097432235255837 0.48206809163093567
   vertex 0.084135197103023529 0.00010974014730891213 0.48206809163093567
  endloop
 endfacet
 facet normal 0.25882290255623669 0 -0.96592479267920472
  outer loop
   vertex 0.083781622350215912 0.0016097432235255837 0.48197335004806519
   vertex 0.084135197103023529 0.0016097432235255837 0.48206809163093567
   vertex 0.083781622350215912 0.00010974014730891213 0.48197335004806519
  endloop
 endfacet
 facet normal 0.42262248474844039 0 -0.90630581780382169
  outer loop
   vertex 0.083449862897396088 0.00010974014730891213 0.48181864619255066
   vertex 0.083781622350215912 0.0016097432235255837 0.48197335004806519
   vertex 0.083781622350215912 0.00010974014730891213 0.48197335004806519
  endloop
 endfacet
 facet normal 0.42262248474844039 0 -0.90630581780382169
  outer loop
   vertex 0.083449862897396088 0.0016097432235255837 0.48181864619255066
   vertex 0.083781622350215912 0.0016097432235255837 0.48197335004806519
   vertex 0.083449862897396088 0.00010974014730891213 0.48181864619255066
  endloop
 endfacet
 facet normal 0.57354976371896238 0 -0.81917072001990054
  outer loop
   vertex 0.083149991929531097 0.00010974014730891213 0.48160868883132935
   vertex 0.083449862897396088 0.0016097432235255837 0.48181864619255066
   vertex 0.083449862897396088 0.00010974014730891213 0.48181864619255066
  endloop
 endfacet
 facet normal 0.57354976371896238 0 -0.81917072001990054
  outer loop
   vertex 0.083149991929531097 0.0016097432235255837 0.48160868883132935
   vertex 0.083449862897396088 0.0016097432235255837 0.48181864619255066
   vertex 0.083149991929531097 0.00010974014730891213 0.48160868883132935
  endloop
 endfacet
 facet normal 0.70710678118654746 0 -0.70710678118654746
  outer loop
   vertex 0.082891158759593964 0.00010974014730891213 0.48134985566139221
   vertex 0.083149991929531097 0.0016097432235255837 0.48160868883132935
   vertex 0.083149991929531097 0.00010974014730891213 0.48160868883132935
  endloop
 endfacet
 facet normal 0.70710678118654746 0 -0.70710678118654746
  outer loop
   vertex 0.082891158759593964 0.0016097432235255837 0.48134985566139221
   vertex 0.083149991929531097 0.0016097432235255837 0.48160868883132935
   vertex 0.082891158759593964 0.00010974014730891213 0.48134985566139221
  endloop
 endfacet
 facet normal 0.81914393599966928 0 -0.57358801601408116
  outer loop
   vertex 0.08268120139837265 0.00010974014730891213 0.48105001449584961
   vertex 0.082891158759593964 0.0016097432235255837 0.48134985566139221
   vertex 0.082891158759593964 0.00010974014730891213 0.48134985566139221
  endloop
 endfacet
 facet normal 0.81914393599966928 0 -0.57358801601408116
  outer loop
   vertex 0.08268120139837265 0.0016097432235255837 0.48105001449584961
   vertex 0.082891158759593964 0.0016097432235255837 0.48134985566139221
   vertex 0.08268120139837265 0.00010974014730891213 0.48105001449584961
  endloop
 endfacet
 facet normal 0.90630581780382169 0 -0.42262248474844039
  outer loop
   vertex 0.082526497542858124 0.00010974014730891213 0.48071825504302979
   vertex 0.08268120139837265 0.0016097432235255837 0.48105001449584961
   vertex 0.08268120139837265 0.00010974014730891213 0.48105001449584961
  endloop
 endfacet
 facet normal 0.90630581780382169 0 -0.42262248474844039
  outer loop
   vertex 0.082526497542858124 0.0016097432235255837 0.48071825504302979
   vertex 0.08268120139837265 0.0016097432235255837 0.48105001449584961
   vertex 0.082526497542858124 0.00010974014730891213 0.48071825504302979
  endloop
 endfacet
 facet normal 0.96592479267920472 0 -0.25882290255623669
  outer loop
   vertex 0.08243175595998764 0.00010974014730891213 0.48036468029022217
   vertex 0.082526497542858124 0.0016097432235255837 0.48071825504302979
   vertex 0.082526497542858124 0.00010974014730891213 0.48071825504302979
  endloop
 endfacet
 facet normal 0.96592479267920472 0 -0.25882290255623669
  outer loop
   vertex 0.08243175595998764 0.0016097432235255837 0.48036468029022217
   vertex 0.082526497542858124 0.0016097432235255837 0.48071825504302979
   vertex 0.08243175595998764 0.00010974014730891213 0.48036468029022217
  endloop
 endfacet
 facet normal 0.99619477787606681 0 -0.087154830803884392
  outer loop
   vertex 0.082399852573871613 0.00010974014730891213 0.48000001907348633
   vertex 0.08243175595998764 0.0016097432235255837 0.48036468029022217
   vertex 0.08243175595998764 0.00010974014730891213 0.48036468029022217
  endloop
 endfacet
 facet normal 0.99619477787606681 0 -0.087154830803884392
  outer loop
   vertex 0.082399852573871613 0.0016097432235255837 0.48000001907348633
   vertex 0.08243175595998764 0.0016097432235255837 0.48036468029022217
   vertex 0.082399852573871613 0.00010974014730891213 0.48000001907348633
  endloop
 endfacet
 facet normal 1 0 0
  outer loop
   vertex -0.019503563642501831 0.0016097432235255837 0
   vertex -0.019503563642501831 0.00010974014730891213 0.02500000037252903
   vertex -0.019503563642501831 0.00010974014730891213 0
  endloop
 endfacet
 facet normal 1 -0 0
  outer loop
   vertex -0.019503563642501831 0.0016097432235255837 0.02500000037252903
   vertex -0.019503563642501831 0.00010974014730891213 0.02500000037252903
   vertex -0.019503563642501831 0.0016097432235255837 0
  endloop
 endfacet
 facet normal 0 -0 -1
  outer loop
   vertex 0.017498143017292023 0.00010974014730891213 0.02500000037252903
   vertex 0.01949986070394516 0.0016097432235255837 0.02500000037252903
   vertex 0.01949986070394516 0.00010974014730891213 0.02500000037252903
  endloop
 endfacet
 facet normal -0 0 -1
  outer loop
   vertex 0.017498143017292023 0.0016097432235255837 0.02500000037252903
   vertex 0.01949986070394516 0.0016097432235255837 0.02500000037252903
   vertex 0.017498143017292023 0.00010974014730891213 0.02500000037252903
  endloop
 endfacet
 facet normal 0 -0 -1
  outer loop
   vertex -0.017003566026687622 0.00010974014730891213 0.02500000037252903
   vertex 0.017498143017292023 0.0016097432235255837 0.02500000037252903
   vertex 0.017498143017292023 0.00010974014730891213 0.02500000037252903
  endloop
 endfacet
 facet normal -0 0 -1
  outer loop
   vertex -0.017003566026687622 0.0016097432235255837 0.02500000037252903
   vertex 0.017498143017292023 0.0016097432235255837 0.02500000037252903
   vertex -0.017003566026687622 0.00010974014730891213 0.02500000037252903
  endloop
 endfacet
 facet normal 0 -0 -1
  outer loop
   vertex -0.019503563642501831 0.00010974014730891213 0.02500000037252903
   vertex -0.017003566026687622 0.0016097432235255837 0.02500000037252903
   vertex -0.017003566026687622 0.00010974014730891213 0.02500000037252903
  endloop
 endfacet
 facet normal -0 0 -1
  outer loop
   vertex -0.019503563642501831 0.0016097432235255837 0.02500000037252903
   vertex -0.017003566026687622 0.0016097432235255837 0.02500000037252903
   vertex -0.019503563642501831 0.00010974014730891213 0.02500000037252903
  endloop
 endfacet
 facet normal 0 1 -0
  outer loop
   vertex 0.10599630326032639 0.0016097432235255837 0.4699999988079071
   vertex 0.086599849164485931 0.0016097432235255837 0.46000000834465027
   vertex 0.086567960679531097 0.0016097432235255837 0.46036466956138611
  endloop
 endfacet
 facet normal -0 1 0
  outer loop
   vertex -0.10600000619888306 0.0016097432235255837 0.99605000019073486
   vertex -0.10600000619888306 0.0016097432235255837 1
   vertex -0.096301786601543427 0.0016097432235255837 1
  endloop
 endfacet
 facet normal 0 1 -0
  outer loop
   vertex -0.017003566026687622 0.0016097432235255837 0.23750001192092896
   vertex -0.017003566026687622 0.0016097432235255837 0.02500000037252903
   vertex -0.019503563642501831 0.0016097432235255837 0.02500000037252903
  endloop
 endfacet
 facet normal 0 1 -0
  outer loop
   vertex 0.08199986070394516 0.0016097432235255837 0.23750001192092896
   vertex 0.01949986070394516 0.0016097432235255837 0.02500000037252903
   vertex 0.017498143017292023 0.0016097432235255837 0.02500000037252903
  endloop
 endfacet
 facet normal -0 1 0
  outer loop
   vertex 0.08199986070394516 0.0016097432235255837 0
   vertex 0.080218099057674408 0.0016097432235255837 0.01302664540708065
   vertex 0.080549858510494232 0.0016097432235255837 0.013181347399950027
  endloop
 endfacet
 facet normal 0 1 0
  outer loop
   vertex 0.01949986070394516 0.0016097432235255837 0
   vertex 0.033781610429286957 0.0016097432235255837 0.01302664540708065
   vertex 0.034135185182094574 0.0016097432235255837 0.012931903824210167
  endloop
 endfacet
 facet normal 0 1 0
  outer loop
   vertex 0.034499846398830414 0.0016097432235255837 0.012900000438094139
   vertex 0.01949986070394516 0.0016097432235255837 0
   vertex 0.034135185182094574 0.0016097432235255837 0.012931903824210167
  endloop
 endfacet
 facet normal 0 1 -0
  outer loop
   vertex 0.08199986070394516 0.0016097432235255837 0.23750001192092896
   vertex 0.033449850976467133 0.0016097432235255837 0.016818653792142868
   vertex 0.01949986070394516 0.0016097432235255837 0.02500000037252903
  endloop
 endfacet
 facet normal 0 1 0
  outer loop
   vertex 0.033781610429286957 0.0016097432235255837 0.016973353922367096
   vertex 0.033449850976467133 0.0016097432235255837 0.016818653792142868
   vertex 0.08199986070394516 0.0016097432235255837 0.23750001192092896
  endloop
 endfacet
 facet normal 0 1 0
  outer loop
   vertex 0.034135185182094574 0.0016097432235255837 0.017068095505237579
   vertex 0.033781610429286957 0.0016097432235255837 0.016973353922367096
   vertex 0.08199986070394516 0.0016097432235255837 0.23750001192092896
  endloop
 endfacet
 facet normal 0 1 0
  outer loop
   vertex 0.035549856722354889 0.0016097432235255837 0.016818653792142868
   vertex 0.08199986070394516 0.0016097432235255837 0.23750001192092896
   vertex 0.035849712789058685 0.0016097432235255837 0.016608692705631256
  endloop
 endfacet
 facet normal 0 1 0
  outer loop
   vertex 0.035218097269535065 0.0016097432235255837 0.016973353922367096
   vertex 0.08199986070394516 0.0016097432235255837 0.23750001192092896
   vertex 0.035549856722354889 0.0016097432235255837 0.016818653792142868
  endloop
 endfacet
 facet normal -0 1 0
  outer loop
   vertex 0.081567950546741486 0.0016097432235255837 0.015364661812782288
   vertex 0.081473208963871002 0.0016097432235255837 0.015718244016170502
   vertex 0.08199986070394516 0.0016097432235255837 0.23750001192092896
  endloop
 endfacet
 facet normal -0 1 0
  outer loop
   vertex 0.08199986070394516 0.0016097432235255837 0
   vertex 0.081567950546741486 0.0016097432235255837 0.014635339379310608
   vertex 0.081599853932857513 0.0016097432235255837 0.015000000596046448
  endloop
 endfacet
 facet normal 0 1 0
  outer loop
   vertex 0.081473208963871002 0.0016097432235255837 0.014281758107244968
   vertex 0.081567950546741486 0.0016097432235255837 0.014635339379310608
   vertex 0.08199986070394516 0.0016097432235255837 0
  endloop
 endfacet
 facet normal 0 1 0
  outer loop
   vertex 0.081318505108356476 0.0016097432235255837 0.013950000517070293
   vertex 0.081473208963871002 0.0016097432235255837 0.014281758107244968
   vertex 0.08199986070394516 0.0016097432235255837 0
  endloop
 endfacet
 facet normal -0 1 0
  outer loop
   vertex 0.08199986070394516 0.0016097432235255837 0
   vertex 0.036318503320217133 0.0016097432235255837 0.013950000517070293
   vertex 0.036473207175731659 0.0016097432235255837 0.014281758107244968
  endloop
 endfacet
 facet normal 0 1 0
  outer loop
   vertex 0.036108545958995819 0.0016097432235255837 0.013650146313011646
   vertex 0.036318503320217133 0.0016097432235255837 0.013950000517070293
   vertex 0.08199986070394516 0.0016097432235255837 0
  endloop
 endfacet
 facet normal 0 1 0
  outer loop
   vertex 0.035849712789058685 0.0016097432235255837 0.01339130662381649
   vertex 0.036108545958995819 0.0016097432235255837 0.013650146313011646
   vertex 0.08199986070394516 0.0016097432235255837 0
  endloop
 endfacet
 facet normal 0 1 0
  outer loop
   vertex 0.032681204378604889 0.0016097432235255837 0.013950000517070293
   vertex 0.032891161739826202 0.0016097432235255837 0.013650146313011646
   vertex 0.01949986070394516 0.0016097432235255837 0
  endloop
 endfacet
 facet normal 0 1 0
  outer loop
   vertex 0.01949986070394516 0.0016097432235255837 0.02500000037252903
   vertex 0.032526500523090363 0.0016097432235255837 0.015718244016170502
   vertex 0.032431758940219879 0.0016097432235255837 0.015364661812782288
  endloop
 endfacet
 facet normal 0 1 -0
  outer loop
   vertex 0.032681204378604889 0.0016097432235255837 0.016049999743700027
   vertex 0.032526500523090363 0.0016097432235255837 0.015718244016170502
   vertex 0.01949986070394516 0.0016097432235255837 0.02500000037252903
  endloop
 endfacet
 facet normal -0 1 -0
  outer loop
   vertex 0.0787816122174263 0.0016097432235255837 0.01302664540708065
   vertex 0.036318503320217133 0.0016097432235255837 0.016049999743700027
   vertex 0.036108545958995819 0.0016097432235255837 0.016349853947758675
  endloop
 endfacet
 facet normal -0 1 0
  outer loop
   vertex 0.08199986070394516 0.0016097432235255837 0
   vertex 0.081108547747135162 0.0016097432235255837 0.013650146313011646
   vertex 0.081318505108356476 0.0016097432235255837 0.013950000517070293
  endloop
 endfacet
 facet normal 0 1 0
  outer loop
   vertex 0.080849699676036835 0.0016097432235255837 0.01339130662381649
   vertex 0.081108547747135162 0.0016097432235255837 0.013650146313011646
   vertex 0.08199986070394516 0.0016097432235255837 0
  endloop
 endfacet
 facet normal 0 1 0
  outer loop
   vertex 0.080549858510494232 0.0016097432235255837 0.013181347399950027
   vertex 0.080849699676036835 0.0016097432235255837 0.01339130662381649
   vertex 0.08199986070394516 0.0016097432235255837 0
  endloop
 endfacet
 facet normal -0 1 0
  outer loop
   vertex 0.08199986070394516 0.0016097432235255837 0
   vertex 0.035549856722354889 0.0016097432235255837 0.013181347399950027
   vertex 0.035849712789058685 0.0016097432235255837 0.01339130662381649
  endloop
 endfacet
 facet normal 0 1 0
  outer loop
   vertex 0.035218097269535065 0.0016097432235255837 0.01302664540708065
   vertex 0.035549856722354889 0.0016097432235255837 0.013181347399950027
   vertex 0.08199986070394516 0.0016097432235255837 0
  endloop
 endfacet
 facet normal 0 1 0
  outer loop
   vertex 0.01949986070394516 0.0016097432235255837 0
   vertex 0.035218097269535065 0.0016097432235255837 0.01302664540708065
   vertex 0.08199986070394516 0.0016097432235255837 0
  endloop
 endfacet
 facet normal 0 1 0
  outer loop
   vertex 0.034864507615566254 0.0016097432235255837 0.012931903824210167
   vertex 0.035218097269535065 0.0016097432235255837 0.01302664540708065
   vertex 0.01949986070394516 0.0016097432235255837 0
  endloop
 endfacet
 facet normal 0 1 0
  outer loop
   vertex 0.034499846398830414 0.0016097432235255837 0.012900000438094139
   vertex 0.034864507615566254 0.0016097432235255837 0.012931903824210167
   vertex 0.01949986070394516 0.0016097432235255837 0
  endloop
 endfacet
 facet normal 0 1 0
  outer loop
   vertex 0.01949986070394516 0.0016097432235255837 0
   vertex 0.033449850976467133 0.0016097432235255837 0.013181347399950027
   vertex 0.033781610429286957 0.0016097432235255837 0.01302664540708065
  endloop
 endfacet
 facet normal 0 1 0
  outer loop
   vertex 0.033149994909763336 0.0016097432235255837 0.01339130662381649
   vertex 0.033449850976467133 0.0016097432235255837 0.013181347399950027
   vertex 0.01949986070394516 0.0016097432235255837 0
  endloop
 endfacet
 facet normal 0 1 0
  outer loop
   vertex 0.032891161739826202 0.0016097432235255837 0.013650146313011646
   vertex 0.033149994909763336 0.0016097432235255837 0.01339130662381649
   vertex 0.01949986070394516 0.0016097432235255837 0
  endloop
 endfacet
 facet normal 0 1 0
  outer loop
   vertex 0.01949986070394516 0.0016097432235255837 0.02500000037252903
   vertex 0.032891161739826202 0.0016097432235255837 0.016349853947758675
   vertex 0.032681204378604889 0.0016097432235255837 0.016049999743700027
  endloop
 endfacet
 facet normal 0 1 -0
  outer loop
   vertex 0.033149994909763336 0.0016097432235255837 0.016608692705631256
   vertex 0.032891161739826202 0.0016097432235255837 0.016349853947758675
   vertex 0.01949986070394516 0.0016097432235255837 0.02500000037252903
  endloop
 endfacet
 facet normal 0 1 -0
  outer loop
   vertex 0.033449850976467133 0.0016097432235255837 0.016818653792142868
   vertex 0.033149994909763336 0.0016097432235255837 0.016608692705631256
   vertex 0.01949986070394516 0.0016097432235255837 0.02500000037252903
  endloop
 endfacet
 facet normal 0 1 -0
  outer loop
   vertex 0.08199986070394516 0.0016097432235255837 0.23750001192092896
   vertex 0.034499846398830414 0.0016097432235255837 0.017100000753998756
   vertex 0.034135185182094574 0.0016097432235255837 0.017068095505237579
  endloop
 endfacet
 facet normal -0 1 0
  outer loop
   vertex 0.034864507615566254 0.0016097432235255837 0.017068095505237579
   vertex 0.034499846398830414 0.0016097432235255837 0.017100000753998756
   vertex 0.08199986070394516 0.0016097432235255837 0.23750001192092896
  endloop
 endfacet
 facet normal -0 1 0
  outer loop
   vertex 0.035218097269535065 0.0016097432235255837 0.016973353922367096
   vertex 0.034864507615566254 0.0016097432235255837 0.017068095505237579
   vertex 0.08199986070394516 0.0016097432235255837 0.23750001192092896
  endloop
 endfacet
 facet normal 0 1 0
  outer loop
   vertex 0.035849712789058685 0.0016097432235255837 0.016608692705631256
   vertex 0.077526502311229706 0.0016097432235255837 0.015718244016170502
   vertex 0.077431760728359222 0.0016097432235255837 0.015364661812782288
  endloop
 endfacet
 facet normal 0 1 -0
  outer loop
   vertex 0.08199986070394516 0.0016097432235255837 0.23750001192092896
   vertex 0.0787816122174263 0.0016097432235255837 0.016973353922367096
   vertex 0.078449852764606476 0.0016097432235255837 0.016818653792142868
  endloop
 endfacet
 facet normal 0 1 0
  outer loop
   vertex 0.079135201871395111 0.0016097432235255837 0.017068095505237579
   vertex 0.0787816122174263 0.0016097432235255837 0.016973353922367096
   vertex 0.08199986070394516 0.0016097432235255837 0.23750001192092896
  endloop
 endfacet
 facet normal 0 1 0
  outer loop
   vertex 0.080549858510494232 0.0016097432235255837 0.016818653792142868
   vertex 0.08199986070394516 0.0016097432235255837 0.23750001192092896
   vertex 0.080849699676036835 0.0016097432235255837 0.016608692705631256
  endloop
 endfacet
 facet normal 0 1 0
  outer loop
   vertex 0.080218099057674408 0.0016097432235255837 0.016973353922367096
   vertex 0.08199986070394516 0.0016097432235255837 0.23750001192092896
   vertex 0.080549858510494232 0.0016097432235255837 0.016818653792142868
  endloop
 endfacet
 facet normal 0 1 -0
  outer loop
   vertex 0.08199986070394516 0.0016097432235255837 0.23750001192092896
   vertex 0.081108547747135162 0.0016097432235255837 0.016349853947758675
   vertex 0.080849699676036835 0.0016097432235255837 0.016608692705631256
  endloop
 endfacet
 facet normal -0 1 0
  outer loop
   vertex 0.081318505108356476 0.0016097432235255837 0.016049999743700027
   vertex 0.081108547747135162 0.0016097432235255837 0.016349853947758675
   vertex 0.08199986070394516 0.0016097432235255837 0.23750001192092896
  endloop
 endfacet
 facet normal -0 1 0
  outer loop
   vertex 0.081473208963871002 0.0016097432235255837 0.015718244016170502
   vertex 0.081318505108356476 0.0016097432235255837 0.016049999743700027
   vertex 0.08199986070394516 0.0016097432235255837 0.23750001192092896
  endloop
 endfacet
 facet normal -0 1 0
  outer loop
   vertex 0.08199986070394516 0.0016097432235255837 0
   vertex 0.079864524304866791 0.0016097432235255837 0.012931903824210167
   vertex 0.080218099057674408 0.0016097432235255837 0.01302664540708065
  endloop
 endfacet
 facet normal 0 1 0
  outer loop
   vertex 0.079499863088130951 0.0016097432235255837 0.012900000438094139
   vertex 0.079864524304866791 0.0016097432235255837 0.012931903824210167
   vertex 0.08199986070394516 0.0016097432235255837 0
  endloop
 endfacet
 facet normal 0 1 0
  outer loop
   vertex 0.036473207175731659 0.0016097432235255837 0.014281758107244968
   vertex 0.079499863088130951 0.0016097432235255837 0.012900000438094139
   vertex 0.08199986070394516 0.0016097432235255837 0
  endloop
 endfacet
 facet normal -0 1 -0
  outer loop
   vertex 0.0787816122174263 0.0016097432235255837 0.01302664540708065
   vertex 0.036473207175731659 0.0016097432235255837 0.015718244016170502
   vertex 0.036318503320217133 0.0016097432235255837 0.016049999743700027
  endloop
 endfacet
 facet normal 0 1 0
  outer loop
   vertex 0.036567948758602142 0.0016097432235255837 0.015364661812782288
   vertex 0.036473207175731659 0.0016097432235255837 0.015718244016170502
   vertex 0.0787816122174263 0.0016097432235255837 0.01302664540708065
  endloop
 endfacet
 facet normal 0 1 0
  outer loop
   vertex 0.079135201871395111 0.0016097432235255837 0.012931903824210167
   vertex 0.036567948758602142 0.0016097432235255837 0.015364661812782288
   vertex 0.0787816122174263 0.0016097432235255837 0.01302664540708065
  endloop
 endfacet
 facet normal 0 1 0
  outer loop
   vertex 0.03659985214471817 0.0016097432235255837 0.015000000596046448
   vertex 0.036567948758602142 0.0016097432235255837 0.015364661812782288
   vertex 0.079135201871395111 0.0016097432235255837 0.012931903824210167
  endloop
 endfacet
 facet normal 0 1 0
  outer loop
   vertex 0.079499863088130951 0.0016097432235255837 0.012900000438094139
   vertex 0.03659985214471817 0.0016097432235255837 0.015000000596046448
   vertex 0.079135201871395111 0.0016097432235255837 0.012931903824210167
  endloop
 endfacet
 facet normal 0 1 0
  outer loop
   vertex 0.036567948758602142 0.0016097432235255837 0.014635339379310608
   vertex 0.03659985214471817 0.0016097432235255837 0.015000000596046448
   vertex 0.079499863088130951 0.0016097432235255837 0.012900000438094139
  endloop
 endfacet
 facet normal 0 1 0
  outer loop
   vertex 0.036473207175731659 0.0016097432235255837 0.014281758107244968
   vertex 0.036567948758602142 0.0016097432235255837 0.014635339379310608
   vertex 0.079499863088130951 0.0016097432235255837 0.012900000438094139
  endloop
 endfacet
 facet normal 0 1 0
  outer loop
   vertex 0.035849712789058685 0.0016097432235255837 0.016608692705631256
   vertex 0.0787816122174263 0.0016097432235255837 0.01302664540708065
   vertex 0.036108545958995819 0.0016097432235255837 0.016349853947758675
  endloop
 endfacet
 facet normal 0 1 0
  outer loop
   vertex 0.078449852764606476 0.0016097432235255837 0.013181347399950027
   vertex 0.0787816122174263 0.0016097432235255837 0.01302664540708065
   vertex 0.035849712789058685 0.0016097432235255837 0.016608692705631256
  endloop
 endfacet
 facet normal 0 1 0
  outer loop
   vertex 0.078149996697902679 0.0016097432235255837 0.01339130662381649
   vertex 0.078449852764606476 0.0016097432235255837 0.013181347399950027
   vertex 0.035849712789058685 0.0016097432235255837 0.016608692705631256
  endloop
 endfacet
 facet normal 0 1 -0
  outer loop
   vertex 0.08199986070394516 0.0016097432235255837 0.23750001192092896
   vertex 0.079499863088130951 0.0016097432235255837 0.017100000753998756
   vertex 0.079135201871395111 0.0016097432235255837 0.017068095505237579
  endloop
 endfacet
 facet normal -0 1 0
  outer loop
   vertex 0.079864524304866791 0.0016097432235255837 0.017068095505237579
   vertex 0.079499863088130951 0.0016097432235255837 0.017100000753998756
   vertex 0.08199986070394516 0.0016097432235255837 0.23750001192092896
  endloop
 endfacet
 facet normal -0 1 0
  outer loop
   vertex 0.080218099057674408 0.0016097432235255837 0.016973353922367096
   vertex 0.079864524304866791 0.0016097432235255837 0.017068095505237579
   vertex 0.08199986070394516 0.0016097432235255837 0.23750001192092896
  endloop
 endfacet
 facet normal 0 1 0
  outer loop
   vertex 0.01949986070394516 0.0016097432235255837 0
   vertex 0.032526500523090363 0.0016097432235255837 0.014281758107244968
   vertex 0.032681204378604889 0.0016097432235255837 0.013950000517070293
  endloop
 endfacet
 facet normal 0 1 0
  outer loop
   vertex 0.032431758940219879 0.0016097432235255837 0.014635339379310608
   vertex 0.032526500523090363 0.0016097432235255837 0.014281758107244968
   vertex 0.01949986070394516 0.0016097432235255837 0
  endloop
 endfacet
 facet normal 0 1 0
  outer loop
   vertex 0.01949986070394516 0.0016097432235255837 0.02500000037252903
   vertex 0.032431758940219879 0.0016097432235255837 0.014635339379310608
   vertex 0.01949986070394516 0.0016097432235255837 0
  endloop
 endfacet
 facet normal 0 1 0
  outer loop
   vertex 0.032399855554103851 0.0016097432235255837 0.015000000596046448
   vertex 0.032431758940219879 0.0016097432235255837 0.014635339379310608
   vertex 0.01949986070394516 0.0016097432235255837 0.02500000037252903
  endloop
 endfacet
 facet normal 0 1 -0
  outer loop
   vertex 0.032431758940219879 0.0016097432235255837 0.015364661812782288
   vertex 0.032399855554103851 0.0016097432235255837 0.015000000596046448
   vertex 0.01949986070394516 0.0016097432235255837 0.02500000037252903
  endloop
 endfacet
 facet normal 0 1 0
  outer loop
   vertex 0.035849712789058685 0.0016097432235255837 0.016608692705631256
   vertex 0.077891163527965546 0.0016097432235255837 0.013650146313011646
   vertex 0.078149996697902679 0.0016097432235255837 0.01339130662381649
  endloop
 endfacet
 facet normal 0 1 0
  outer loop
   vertex 0.077681206166744232 0.0016097432235255837 0.013950000517070293
   vertex 0.077891163527965546 0.0016097432235255837 0.013650146313011646
   vertex 0.035849712789058685 0.0016097432235255837 0.016608692705631256
  endloop
 endfacet
 facet normal 0 1 0
  outer loop
   vertex 0.077526502311229706 0.0016097432235255837 0.014281758107244968
   vertex 0.077681206166744232 0.0016097432235255837 0.013950000517070293
   vertex 0.035849712789058685 0.0016097432235255837 0.016608692705631256
  endloop
 endfacet
 facet normal 0 1 0
  outer loop
   vertex 0.035849712789058685 0.0016097432235255837 0.016608692705631256
   vertex 0.077431760728359222 0.0016097432235255837 0.014635339379310608
   vertex 0.077526502311229706 0.0016097432235255837 0.014281758107244968
  endloop
 endfacet
 facet normal 0 1 0
  outer loop
   vertex 0.077399857342243195 0.0016097432235255837 0.015000000596046448
   vertex 0.077431760728359222 0.0016097432235255837 0.014635339379310608
   vertex 0.035849712789058685 0.0016097432235255837 0.016608692705631256
  endloop
 endfacet
 facet normal 0 1 -0
  outer loop
   vertex 0.077431760728359222 0.0016097432235255837 0.015364661812782288
   vertex 0.077399857342243195 0.0016097432235255837 0.015000000596046448
   vertex 0.035849712789058685 0.0016097432235255837 0.016608692705631256
  endloop
 endfacet
 facet normal 0 1 0
  outer loop
   vertex 0.035849712789058685 0.0016097432235255837 0.016608692705631256
   vertex 0.077681206166744232 0.0016097432235255837 0.016049999743700027
   vertex 0.077526502311229706 0.0016097432235255837 0.015718244016170502
  endloop
 endfacet
 facet normal 0 1 -0
  outer loop
   vertex 0.077891163527965546 0.0016097432235255837 0.016349853947758675
   vertex 0.077681206166744232 0.0016097432235255837 0.016049999743700027
   vertex 0.035849712789058685 0.0016097432235255837 0.016608692705631256
  endloop
 endfacet
 facet normal 0 1 -0
  outer loop
   vertex 0.08199986070394516 0.0016097432235255837 0.23750001192092896
   vertex 0.077891163527965546 0.0016097432235255837 0.016349853947758675
   vertex 0.035849712789058685 0.0016097432235255837 0.016608692705631256
  endloop
 endfacet
 facet normal 0 1 0
  outer loop
   vertex 0.078149996697902679 0.0016097432235255837 0.016608692705631256
   vertex 0.077891163527965546 0.0016097432235255837 0.016349853947758675
   vertex 0.08199986070394516 0.0016097432235255837 0.23750001192092896
  endloop
 endfacet
 facet normal 0 1 0
  outer loop
   vertex 0.078449852764606476 0.0016097432235255837 0.016818653792142868
   vertex 0.078149996697902679 0.0016097432235255837 0.016608692705631256
   vertex 0.08199986070394516 0.0016097432235255837 0.23750001192092896
  endloop
 endfacet
 facet normal 0 1 -0
  outer loop
   vertex 0.017498143017292023 0.0016097432235255837 0.23750001192092896
   vertex 0.017498143017292023 0.0016097432235255837 0.02500000037252903
   vertex -0.017003566026687622 0.0016097432235255837 0.02500000037252903
  endloop
 endfacet
 facet normal 0 1 0
  outer loop
   vertex -0.032403565943241119 0.0016097432235255837 0.015000000596046448
   vertex -0.019503563642501831 0.0016097432235255837 0.02500000037252903
   vertex -0.019503563642501831 0.0016097432235255837 0
  endloop
 endfacet
 facet normal 0 1 -0
  outer loop
   vertex -0.017003566026687622 0.0016097432235255837 0.23750001192092896
   vertex -0.019503563642501831 0.0016097432235255837 0.02500000037252903
   vertex -0.032403565943241119 0.0016097432235255837 0.015000000596046448
  endloop
 endfacet
 facet normal 0 1 0
  outer loop
   vertex -0.032435469329357147 0.0016097432235255837 0.015364661812782288
   vertex -0.017003566026687622 0.0016097432235255837 0.23750001192092896
   vertex -0.032403565943241119 0.0016097432235255837 0.015000000596046448
  endloop
 endfacet
 facet normal 0 1 0
  outer loop
   vertex -0.032530210912227631 0.0016097432235255837 0.015718244016170502
   vertex -0.017003566026687622 0.0016097432235255837 0.23750001192092896
   vertex -0.032435469329357147 0.0016097432235255837 0.015364661812782288
  endloop
 endfacet
 facet normal -0 1 0
  outer loop
   vertex -0.019503563642501831 0.0016097432235255837 0
   vertex -0.032435469329357147 0.0016097432235255837 0.014635339379310608
   vertex -0.032403565943241119 0.0016097432235255837 0.015000000596046448
  endloop
 endfacet
 facet normal 0 1 0
  outer loop
   vertex -0.032530210912227631 0.0016097432235255837 0.014281758107244968
   vertex -0.032435469329357147 0.0016097432235255837 0.014635339379310608
   vertex -0.019503563642501831 0.0016097432235255837 0
  endloop
 endfacet
 facet normal 0 1 0
  outer loop
   vertex -0.032684914767742157 0.0016097432235255837 0.013950000517070293
   vertex -0.032530210912227631 0.0016097432235255837 0.014281758107244968
   vertex -0.019503563642501831 0.0016097432235255837 0
  endloop
 endfacet
 facet normal 0 1 0
  outer loop
   vertex -0.079138904809951782 0.0016097432235255837 0.012931903824210167
   vertex -0.078785322606563568 0.0016097432235255837 0.01302664540708065
   vertex -0.082003563642501831 0.0016097432235255837 0
  endloop
 endfacet
 facet normal 0 1 0
  outer loop
   vertex -0.033453561365604401 0.0016097432235255837 0.016818653792142868
   vertex -0.017003566026687622 0.0016097432235255837 0.23750001192092896
   vertex -0.033153705298900604 0.0016097432235255837 0.016608692705631256
  endloop
 endfacet
 facet normal 0 1 0
  outer loop
   vertex -0.033785320818424225 0.0016097432235255837 0.016973353922367096
   vertex -0.017003566026687622 0.0016097432235255837 0.23750001192092896
   vertex -0.033453561365604401 0.0016097432235255837 0.016818653792142868
  endloop
 endfacet
 facet normal 0 1 -0
  outer loop
   vertex -0.017003566026687622 0.0016097432235255837 0.23750001192092896
   vertex -0.03289487212896347 0.0016097432235255837 0.016349853947758675
   vertex -0.033153705298900604 0.0016097432235255837 0.016608692705631256
  endloop
 endfacet
 facet normal -0 1 0
  outer loop
   vertex -0.032684914767742157 0.0016097432235255837 0.016049999743700027
   vertex -0.03289487212896347 0.0016097432235255837 0.016349853947758675
   vertex -0.017003566026687622 0.0016097432235255837 0.23750001192092896
  endloop
 endfacet
 facet normal -0 1 0
  outer loop
   vertex -0.032530210912227631 0.0016097432235255837 0.015718244016170502
   vertex -0.032684914767742157 0.0016097432235255837 0.016049999743700027
   vertex -0.017003566026687622 0.0016097432235255837 0.23750001192092896
  endloop
 endfacet
 facet normal -0 1 0
  outer loop
   vertex -0.019503563642501831 0.0016097432235255837 0
   vertex -0.03289487212896347 0.0016097432235255837 0.013650146313011646
   vertex -0.032684914767742157 0.0016097432235255837 0.013950000517070293
  endloop
 endfacet
 facet normal 0 1 0
  outer loop
   vertex -0.033153705298900604 0.0016097432235255837 0.01339130662381649
   vertex -0.03289487212896347 0.0016097432235255837 0.013650146313011646
   vertex -0.019503563642501831 0.0016097432235255837 0
  endloop
 endfacet
 facet normal 0 1 0
  outer loop
   vertex -0.033453561365604401 0.0016097432235255837 0.013181347399950027
   vertex -0.033153705298900604 0.0016097432235255837 0.01339130662381649
   vertex -0.019503563642501831 0.0016097432235255837 0
  endloop
 endfacet
 facet normal 0 1 -0
  outer loop
   vertex -0.017003566026687622 0.0016097432235255837 0.23750001192092896
   vertex -0.035553567111492157 0.0016097432235255837 0.016818653792142868
   vertex -0.035853423178195953 0.0016097432235255837 0.016608692705631256
  endloop
 endfacet
 facet normal 0 1 0
  outer loop
   vertex -0.035221807658672333 0.0016097432235255837 0.016973353922367096
   vertex -0.035553567111492157 0.0016097432235255837 0.016818653792142868
   vertex -0.017003566026687622 0.0016097432235255837 0.23750001192092896
  endloop
 endfacet
 facet normal 0 1 0
  outer loop
   vertex -0.034868225455284119 0.0016097432235255837 0.017068095505237579
   vertex -0.035221807658672333 0.0016097432235255837 0.016973353922367096
   vertex -0.017003566026687622 0.0016097432235255837 0.23750001192092896
  endloop
 endfacet
 facet normal -0 1 0
  outer loop
   vertex -0.019503563642501831 0.0016097432235255837 0
   vertex -0.033785320818424225 0.0016097432235255837 0.01302664540708065
   vertex -0.033453561365604401 0.0016097432235255837 0.013181347399950027
  endloop
 endfacet
 facet normal 0 1 0
  outer loop
   vertex -0.034138903021812439 0.0016097432235255837 0.012931903824210167
   vertex -0.033785320818424225 0.0016097432235255837 0.01302664540708065
   vertex -0.019503563642501831 0.0016097432235255837 0
  endloop
 endfacet
 facet normal 0 1 0
  outer loop
   vertex -0.034503564238548279 0.0016097432235255837 0.012900000438094139
   vertex -0.034138903021812439 0.0016097432235255837 0.012931903824210167
   vertex -0.019503563642501831 0.0016097432235255837 0
  endloop
 endfacet
 facet normal -0 1 0
  outer loop
   vertex -0.082003563642501831 0.0016097432235255837 0
   vertex -0.079503566026687622 0.0016097432235255837 0.012900000438094139
   vertex -0.079138904809951782 0.0016097432235255837 0.012931903824210167
  endloop
 endfacet
 facet normal 0 1 0
  outer loop
   vertex -0.079868227243423462 0.0016097432235255837 0.012931903824210167
   vertex -0.079503566026687622 0.0016097432235255837 0.012900000438094139
   vertex -0.082003563642501831 0.0016097432235255837 0
  endloop
 endfacet
 facet normal 0 1 0
  outer loop
   vertex -0.080221809446811676 0.0016097432235255837 0.01302664540708065
   vertex -0.079868227243423462 0.0016097432235255837 0.012931903824210167
   vertex -0.082003563642501831 0.0016097432235255837 0
  endloop
 endfacet
 facet normal 0 1 0
  outer loop
   vertex -0.082003563642501831 0.0016097432235255837 0.23750001192092896
   vertex -0.080553561449050903 0.0016097432235255837 0.016818653792142868
   vertex -0.0808534175157547 0.0016097432235255837 0.016608692705631256
  endloop
 endfacet
 facet normal 0 1 -0
  outer loop
   vertex -0.080221809446811676 0.0016097432235255837 0.016973353922367096
   vertex -0.080553561449050903 0.0016097432235255837 0.016818653792142868
   vertex -0.082003563642501831 0.0016097432235255837 0.23750001192092896
  endloop
 endfacet
 facet normal 0 1 -0
  outer loop
   vertex -0.079868227243423462 0.0016097432235255837 0.017068095505237579
   vertex -0.080221809446811676 0.0016097432235255837 0.016973353922367096
   vertex -0.082003563642501831 0.0016097432235255837 0.23750001192092896
  endloop
 endfacet
 facet normal 0 1 -0
  outer loop
   vertex -0.017003566026687622 0.0016097432235255837 0.23750001192092896
   vertex -0.034503564238548279 0.0016097432235255837 0.017100000753998756
   vertex -0.034868225455284119 0.0016097432235255837 0.017068095505237579
  endloop
 endfacet
 facet normal -0 1 0
  outer loop
   vertex -0.034138903021812439 0.0016097432235255837 0.017068095505237579
   vertex -0.034503564238548279 0.0016097432235255837 0.017100000753998756
   vertex -0.017003566026687622 0.0016097432235255837 0.23750001192092896
  endloop
 endfacet
 facet normal -0 1 0
  outer loop
   vertex -0.033785320818424225 0.0016097432235255837 0.016973353922367096
   vertex -0.034138903021812439 0.0016097432235255837 0.017068095505237579
   vertex -0.017003566026687622 0.0016097432235255837 0.23750001192092896
  endloop
 endfacet
 facet normal -0 1 0
  outer loop
   vertex -0.019503563642501831 0.0016097432235255837 0
   vertex -0.077894873917102814 0.0016097432235255837 0.013650146313011646
   vertex -0.077684909105300903 0.0016097432235255837 0.013950000517070293
  endloop
 endfacet
 facet normal 0 1 0
  outer loop
   vertex -0.078153707087039948 0.0016097432235255837 0.01339130662381649
   vertex -0.077894873917102814 0.0016097432235255837 0.013650146313011646
   vertex -0.019503563642501831 0.0016097432235255837 0
  endloop
 endfacet
 facet normal 0 1 0
  outer loop
   vertex -0.082003563642501831 0.0016097432235255837 0
   vertex -0.078153707087039948 0.0016097432235255837 0.01339130662381649
   vertex -0.019503563642501831 0.0016097432235255837 0
  endloop
 endfacet
 facet normal 0 1 0
  outer loop
   vertex -0.078453563153743744 0.0016097432235255837 0.013181347399950027
   vertex -0.078153707087039948 0.0016097432235255837 0.01339130662381649
   vertex -0.082003563642501831 0.0016097432235255837 0
  endloop
 endfacet
 facet normal 0 1 0
  outer loop
   vertex -0.078785322606563568 0.0016097432235255837 0.01302664540708065
   vertex -0.078453563153743744 0.0016097432235255837 0.013181347399950027
   vertex -0.082003563642501831 0.0016097432235255837 0
  endloop
 endfacet
 facet normal 0 1 0
  outer loop
   vertex -0.082003563642501831 0.0016097432235255837 0
   vertex -0.080553561449050903 0.0016097432235255837 0.013181347399950027
   vertex -0.080221809446811676 0.0016097432235255837 0.01302664540708065
  endloop
 endfacet
 facet normal 0 1 0
  outer loop
   vertex -0.0808534175157547 0.0016097432235255837 0.01339130662381649
   vertex -0.080553561449050903 0.0016097432235255837 0.013181347399950027
   vertex -0.082003563642501831 0.0016097432235255837 0
  endloop
 endfacet
 facet normal 0 1 0
  outer loop
   vertex -0.08111225813627243 0.0016097432235255837 0.013650146313011646
   vertex -0.0808534175157547 0.0016097432235255837 0.01339130662381649
   vertex -0.082003563642501831 0.0016097432235255837 0
  endloop
 endfacet
 facet normal 0 1 0
  outer loop
   vertex -0.082003563642501831 0.0016097432235255837 0.23750001192092896
   vertex -0.079503566026687622 0.0016097432235255837 0.017100000753998756
   vertex -0.079868227243423462 0.0016097432235255837 0.017068095505237579
  endloop
 endfacet
 facet normal -0 1 -0
  outer loop
   vertex -0.079138904809951782 0.0016097432235255837 0.017068095505237579
   vertex -0.079503566026687622 0.0016097432235255837 0.017100000753998756
   vertex -0.082003563642501831 0.0016097432235255837 0.23750001192092896
  endloop
 endfacet
 facet normal -0 1 -0
  outer loop
   vertex -0.078785322606563568 0.0016097432235255837 0.016973353922367096
   vertex -0.079138904809951782 0.0016097432235255837 0.017068095505237579
   vertex -0.082003563642501831 0.0016097432235255837 0.23750001192092896
  endloop
 endfacet
 facet normal -0 1 -0
  outer loop
   vertex -0.035221807658672333 0.0016097432235255837 0.01302664540708065
   vertex -0.077894873917102814 0.0016097432235255837 0.016349853947758675
   vertex -0.078153707087039948 0.0016097432235255837 0.016608692705631256
  endloop
 endfacet
 facet normal 0 1 0
  outer loop
   vertex -0.078453563153743744 0.0016097432235255837 0.016818653792142868
   vertex -0.035221807658672333 0.0016097432235255837 0.01302664540708065
   vertex -0.078153707087039948 0.0016097432235255837 0.016608692705631256
  endloop
 endfacet
 facet normal -0 1 -0
  outer loop
   vertex -0.035221807658672333 0.0016097432235255837 0.01302664540708065
   vertex -0.077684909105300903 0.0016097432235255837 0.016049999743700027
   vertex -0.077894873917102814 0.0016097432235255837 0.016349853947758675
  endloop
 endfacet
 facet normal 0 1 0
  outer loop
   vertex -0.077530212700366974 0.0016097432235255837 0.015718244016170502
   vertex -0.077684909105300903 0.0016097432235255837 0.016049999743700027
   vertex -0.035221807658672333 0.0016097432235255837 0.01302664540708065
  endloop
 endfacet
 facet normal 0 1 0
  outer loop
   vertex -0.034868225455284119 0.0016097432235255837 0.012931903824210167
   vertex -0.077530212700366974 0.0016097432235255837 0.015718244016170502
   vertex -0.035221807658672333 0.0016097432235255837 0.01302664540708065
  endloop
 endfacet
 facet normal 0 1 0
  outer loop
   vertex -0.078785322606563568 0.0016097432235255837 0.016973353922367096
   vertex -0.036112256348133087 0.0016097432235255837 0.013650146313011646
   vertex -0.035853423178195953 0.0016097432235255837 0.01339130662381649
  endloop
 endfacet
 facet normal 0 1 0
  outer loop
   vertex -0.036322213709354401 0.0016097432235255837 0.013950000517070293
   vertex -0.036112256348133087 0.0016097432235255837 0.013650146313011646
   vertex -0.078785322606563568 0.0016097432235255837 0.016973353922367096
  endloop
 endfacet
 facet normal 0 1 0
  outer loop
   vertex -0.036476917564868927 0.0016097432235255837 0.014281758107244968
   vertex -0.036322213709354401 0.0016097432235255837 0.013950000517070293
   vertex -0.078785322606563568 0.0016097432235255837 0.016973353922367096
  endloop
 endfacet
 facet normal -0 1 -0
  outer loop
   vertex -0.034868225455284119 0.0016097432235255837 0.012931903824210167
   vertex -0.07743547111749649 0.0016097432235255837 0.015364661812782288
   vertex -0.077530212700366974 0.0016097432235255837 0.015718244016170502
  endloop
 endfacet
 facet normal 0 1 0
  outer loop
   vertex -0.077403567731380463 0.0016097432235255837 0.015000000596046448
   vertex -0.07743547111749649 0.0016097432235255837 0.015364661812782288
   vertex -0.034868225455284119 0.0016097432235255837 0.012931903824210167
  endloop
 endfacet
 facet normal 0 1 0
  outer loop
   vertex -0.034503564238548279 0.0016097432235255837 0.012900000438094139
   vertex -0.077403567731380463 0.0016097432235255837 0.015000000596046448
   vertex -0.034868225455284119 0.0016097432235255837 0.012931903824210167
  endloop
 endfacet
 facet normal 0 1 0
  outer loop
   vertex -0.07743547111749649 0.0016097432235255837 0.014635339379310608
   vertex -0.077403567731380463 0.0016097432235255837 0.015000000596046448
   vertex -0.034503564238548279 0.0016097432235255837 0.012900000438094139
  endloop
 endfacet
 facet normal 0 1 0
  outer loop
   vertex -0.019503563642501831 0.0016097432235255837 0
   vertex -0.07743547111749649 0.0016097432235255837 0.014635339379310608
   vertex -0.034503564238548279 0.0016097432235255837 0.012900000438094139
  endloop
 endfacet
 facet normal 0 1 0
  outer loop
   vertex -0.077530212700366974 0.0016097432235255837 0.014281758107244968
   vertex -0.07743547111749649 0.0016097432235255837 0.014635339379310608
   vertex -0.019503563642501831 0.0016097432235255837 0
  endloop
 endfacet
 facet normal 0 1 0
  outer loop
   vertex -0.077684909105300903 0.0016097432235255837 0.013950000517070293
   vertex -0.077530212700366974 0.0016097432235255837 0.014281758107244968
   vertex -0.019503563642501831 0.0016097432235255837 0
  endloop
 endfacet
 facet normal 0 1 0
  outer loop
   vertex -0.078785322606563568 0.0016097432235255837 0.016973353922367096
   vertex -0.035221807658672333 0.0016097432235255837 0.01302664540708065
   vertex -0.078453563153743744 0.0016097432235255837 0.016818653792142868
  endloop
 endfacet
 facet normal 0 1 0
  outer loop
   vertex -0.035553567111492157 0.0016097432235255837 0.013181347399950027
   vertex -0.035221807658672333 0.0016097432235255837 0.01302664540708065
   vertex -0.078785322606563568 0.0016097432235255837 0.016973353922367096
  endloop
 endfacet
 facet normal 0 1 0
  outer loop
   vertex -0.035853423178195953 0.0016097432235255837 0.01339130662381649
   vertex -0.035553567111492157 0.0016097432235255837 0.013181347399950027
   vertex -0.078785322606563568 0.0016097432235255837 0.016973353922367096
  endloop
 endfacet
 facet normal 0 1 0
  outer loop
   vertex -0.078785322606563568 0.0016097432235255837 0.016973353922367096
   vertex -0.03657165914773941 0.0016097432235255837 0.014635339379310608
   vertex -0.036476917564868927 0.0016097432235255837 0.014281758107244968
  endloop
 endfacet
 facet normal 0 1 0
  outer loop
   vertex -0.036603562533855438 0.0016097432235255837 0.015000000596046448
   vertex -0.03657165914773941 0.0016097432235255837 0.014635339379310608
   vertex -0.078785322606563568 0.0016097432235255837 0.016973353922367096
  endloop
 endfacet
 facet normal 0 1 -0
  outer loop
   vertex -0.03657165914773941 0.0016097432235255837 0.015364661812782288
   vertex -0.036603562533855438 0.0016097432235255837 0.015000000596046448
   vertex -0.078785322606563568 0.0016097432235255837 0.016973353922367096
  endloop
 endfacet
 facet normal 0 1 0
  outer loop
   vertex -0.082003563642501831 0.0016097432235255837 0.23750001192092896
   vertex -0.08147691935300827 0.0016097432235255837 0.015718244016170502
   vertex -0.081571660935878754 0.0016097432235255837 0.015364661812782288
  endloop
 endfacet
 facet normal 0 1 0
  outer loop
   vertex -0.078785322606563568 0.0016097432235255837 0.016973353922367096
   vertex -0.036476917564868927 0.0016097432235255837 0.015718244016170502
   vertex -0.03657165914773941 0.0016097432235255837 0.015364661812782288
  endloop
 endfacet
 facet normal 0 1 -0
  outer loop
   vertex -0.036322213709354401 0.0016097432235255837 0.016049999743700027
   vertex -0.036476917564868927 0.0016097432235255837 0.015718244016170502
   vertex -0.078785322606563568 0.0016097432235255837 0.016973353922367096
  endloop
 endfacet
 facet normal 0 1 0
  outer loop
   vertex -0.082003563642501831 0.0016097432235255837 0.23750001192092896
   vertex -0.036322213709354401 0.0016097432235255837 0.016049999743700027
   vertex -0.078785322606563568 0.0016097432235255837 0.016973353922367096
  endloop
 endfacet
 facet normal 0 1 -0
  outer loop
   vertex -0.036112256348133087 0.0016097432235255837 0.016349853947758675
   vertex -0.036322213709354401 0.0016097432235255837 0.016049999743700027
   vertex -0.082003563642501831 0.0016097432235255837 0.23750001192092896
  endloop
 endfacet
 facet normal 0 1 -0
  outer loop
   vertex -0.035853423178195953 0.0016097432235255837 0.016608692705631256
   vertex -0.036112256348133087 0.0016097432235255837 0.016349853947758675
   vertex -0.082003563642501831 0.0016097432235255837 0.23750001192092896
  endloop
 endfacet
 facet normal 0 1 0
  outer loop
   vertex -0.081603564321994781 0.0016097432235255837 0.015000000596046448
   vertex -0.082003563642501831 0.0016097432235255837 0.23750001192092896
   vertex -0.081571660935878754 0.0016097432235255837 0.015364661812782288
  endloop
 endfacet
 facet normal 0 1 0
  outer loop
   vertex -0.082003563642501831 0.0016097432235255837 0
   vertex -0.081322215497493744 0.0016097432235255837 0.013950000517070293
   vertex -0.08111225813627243 0.0016097432235255837 0.013650146313011646
  endloop
 endfacet
 facet normal 0 1 0
  outer loop
   vertex -0.08147691935300827 0.0016097432235255837 0.014281758107244968
   vertex -0.081322215497493744 0.0016097432235255837 0.013950000517070293
   vertex -0.082003563642501831 0.0016097432235255837 0
  endloop
 endfacet
 facet normal 0 1 0
  outer loop
   vertex -0.081571660935878754 0.0016097432235255837 0.014635339379310608
   vertex -0.08147691935300827 0.0016097432235255837 0.014281758107244968
   vertex -0.082003563642501831 0.0016097432235255837 0
  endloop
 endfacet
 facet normal 0 1 0
  outer loop
   vertex -0.082003563642501831 0.0016097432235255837 0.23750001192092896
   vertex -0.081322215497493744 0.0016097432235255837 0.016049999743700027
   vertex -0.08147691935300827 0.0016097432235255837 0.015718244016170502
  endloop
 endfacet
 facet normal 0 1 -0
  outer loop
   vertex -0.08111225813627243 0.0016097432235255837 0.016349853947758675
   vertex -0.081322215497493744 0.0016097432235255837 0.016049999743700027
   vertex -0.082003563642501831 0.0016097432235255837 0.23750001192092896
  endloop
 endfacet
 facet normal 0 1 -0
  outer loop
   vertex -0.0808534175157547 0.0016097432235255837 0.016608692705631256
   vertex -0.08111225813627243 0.0016097432235255837 0.016349853947758675
   vertex -0.082003563642501831 0.0016097432235255837 0.23750001192092896
  endloop
 endfacet
 facet normal 0 1 0
  outer loop
   vertex 0.10599630326032639 0.0016097432235255837 1
   vertex 0.08199986070394516 0.0016097432235255837 0.99605000019073486
   vertex 0.08199986070394516 0.0016097432235255837 1
  endloop
 endfacet
 facet normal 0 1 0
  outer loop
   vertex 0.10599630326032639 0.0016097432235255837 0.99605000019073486
   vertex 0.08199986070394516 0.0016097432235255837 0.99605000019073486
   vertex 0.10599630326032639 0.0016097432235255837 1
  endloop
 endfacet
 facet normal 0 1 0
  outer loop
   vertex 0.017498143017292023 0.0016097432235255837 1
   vertex -0.017003566026687622 0.0016097432235255837 0.99605000019073486
   vertex -0.017003566026687622 0.0016097432235255837 1
  endloop
 endfacet
 facet normal 0 1 0
  outer loop
   vertex 0.017498143017292023 0.0016097432235255837 0.99605000019073486
   vertex -0.017003566026687622 0.0016097432235255837 0.99605000019073486
   vertex 0.017498143017292023 0.0016097432235255837 1
  endloop
 endfacet
 facet normal 0 1 0
  outer loop
   vertex -0.082003563642501831 0.0016097432235255837 1
   vertex -0.096301786601543427 0.0016097432235255837 0.99605000019073486
   vertex -0.096301786601543427 0.0016097432235255837 1
  endloop
 endfacet
 facet normal 0 1 0
  outer loop
   vertex -0.082003563642501831 0.0016097432235255837 0.99605000019073486
   vertex -0.096301786601543427 0.0016097432235255837 0.99605000019073486
   vertex -0.082003563642501831 0.0016097432235255837 1
  endloop
 endfacet
 facet normal 0 1 0
  outer loop
   vertex 0.08199986070394516 0.0016097432235255837 0.76499998569488525
   vertex 0.084135197103023529 0.0016097432235255837 0.98793190717697144
   vertex 0.084499858319759369 0.0016097432235255837 0.98789995908737183
  endloop
 endfacet
 facet normal -0 1 0
  outer loop
   vertex 0.10599630326032639 0.0016097432235255837 0.76499998569488525
   vertex 0.08554985374212265 0.0016097432235255837 0.98818129301071167
   vertex 0.085849709808826447 0.0016097432235255837 0.98839128017425537
  endloop
 endfacet
 facet normal 0 1 0
  outer loop
   vertex 0.085218094289302826 0.0016097432235255837 0.98802661895751953
   vertex 0.08554985374212265 0.0016097432235255837 0.98818129301071167
   vertex 0.10599630326032639 0.0016097432235255837 0.76499998569488525
  endloop
 endfacet
 facet normal 0 1 0
  outer loop
   vertex 0.08199986070394516 0.0016097432235255837 0.76499998569488525
   vertex 0.085218094289302826 0.0016097432235255837 0.98802661895751953
   vertex 0.10599630326032639 0.0016097432235255837 0.76499998569488525
  endloop
 endfacet
 facet normal 0 1 0
  outer loop
   vertex 0.084864519536495209 0.0016097432235255837 0.98793190717697144
   vertex 0.085218094289302826 0.0016097432235255837 0.98802661895751953
   vertex 0.08199986070394516 0.0016097432235255837 0.76499998569488525
  endloop
 endfacet
 facet normal 0 1 0
  outer loop
   vertex 0.084499858319759369 0.0016097432235255837 0.98789995908737183
   vertex 0.084864519536495209 0.0016097432235255837 0.98793190717697144
   vertex 0.08199986070394516 0.0016097432235255837 0.76499998569488525
  endloop
 endfacet
 facet normal 0 1 0
  outer loop
   vertex 0.10599630326032639 0.0016097432235255837 0.99605000019073486
   vertex 0.086473219096660614 0.0016097432235255837 0.98928171396255493
   vertex 0.086567960679531097 0.0016097432235255837 0.98963528871536255
  endloop
 endfacet
 facet normal -0 1 0
  outer loop
   vertex 0.086318515241146088 0.0016097432235255837 0.98894995450973511
   vertex 0.086473219096660614 0.0016097432235255837 0.98928171396255493
   vertex 0.10599630326032639 0.0016097432235255837 0.99605000019073486
  endloop
 endfacet
 facet normal -0 1 0
  outer loop
   vertex 0.10599630326032639 0.0016097432235255837 0.76499998569488525
   vertex 0.086318515241146088 0.0016097432235255837 0.98894995450973511
   vertex 0.10599630326032639 0.0016097432235255837 0.99605000019073486
  endloop
 endfacet
 facet normal 0 1 0
  outer loop
   vertex 0.086108557879924774 0.0016097432235255837 0.98865014314651489
   vertex 0.086318515241146088 0.0016097432235255837 0.98894995450973511
   vertex 0.10599630326032639 0.0016097432235255837 0.76499998569488525
  endloop
 endfacet
 facet normal 0 1 0
  outer loop
   vertex 0.085849709808826447 0.0016097432235255837 0.98839128017425537
   vertex 0.086108557879924774 0.0016097432235255837 0.98865014314651489
   vertex 0.10599630326032639 0.0016097432235255837 0.76499998569488525
  endloop
 endfacet
 facet normal 0 1 0
  outer loop
   vertex 0.08199986070394516 0.0016097432235255837 0.76499998569488525
   vertex 0.083781622350215912 0.0016097432235255837 0.98802661895751953
   vertex 0.084135197103023529 0.0016097432235255837 0.98793190717697144
  endloop
 endfacet
 facet normal 0 1 0
  outer loop
   vertex 0.083449862897396088 0.0016097432235255837 0.98818129301071167
   vertex 0.083781622350215912 0.0016097432235255837 0.98802661895751953
   vertex 0.08199986070394516 0.0016097432235255837 0.76499998569488525
  endloop
 endfacet
 facet normal 0 1 0
  outer loop
   vertex 0.083149991929531097 0.0016097432235255837 0.98839128017425537
   vertex 0.083449862897396088 0.0016097432235255837 0.98818129301071167
   vertex 0.08199986070394516 0.0016097432235255837 0.76499998569488525
  endloop
 endfacet
 facet normal 0 1 -0
  outer loop
   vertex 0.083449862897396088 0.0016097432235255837 0.99181860685348511
   vertex 0.083149991929531097 0.0016097432235255837 0.99160867929458618
   vertex 0.08199986070394516 0.0016097432235255837 0.99605000019073486
  endloop
 endfacet
 facet normal 0 1 0
  outer loop
   vertex 0.08199986070394516 0.0016097432235255837 0.99605000019073486
   vertex 0.083781622350215912 0.0016097432235255837 0.99197334051132202
   vertex 0.083449862897396088 0.0016097432235255837 0.99181860685348511
  endloop
 endfacet
 facet normal 0 1 -0
  outer loop
   vertex 0.084135197103023529 0.0016097432235255837 0.99206805229187012
   vertex 0.083781622350215912 0.0016097432235255837 0.99197334051132202
   vertex 0.08199986070394516 0.0016097432235255837 0.99605000019073486
  endloop
 endfacet
 facet normal 0 1 -0
  outer loop
   vertex 0.084499858319759369 0.0016097432235255837 0.99210000038146973
   vertex 0.084135197103023529 0.0016097432235255837 0.99206805229187012
   vertex 0.08199986070394516 0.0016097432235255837 0.99605000019073486
  endloop
 endfacet
 facet normal 0 1 -0
  outer loop
   vertex 0.10599630326032639 0.0016097432235255837 0.99605000019073486
   vertex 0.086108557879924774 0.0016097432235255837 0.99134981632232666
   vertex 0.085849709808826447 0.0016097432235255837 0.99160867929458618
  endloop
 endfacet
 facet normal -0 1 0
  outer loop
   vertex 0.086318515241146088 0.0016097432235255837 0.99105000495910645
   vertex 0.086108557879924774 0.0016097432235255837 0.99134981632232666
   vertex 0.10599630326032639 0.0016097432235255837 0.99605000019073486
  endloop
 endfacet
 facet normal -0 1 0
  outer loop
   vertex 0.086473219096660614 0.0016097432235255837 0.99071824550628662
   vertex 0.086318515241146088 0.0016097432235255837 0.99105000495910645
   vertex 0.10599630326032639 0.0016097432235255837 0.99605000019073486
  endloop
 endfacet
 facet normal 0 1 -0
  outer loop
   vertex 0.10599630326032639 0.0016097432235255837 0.99605000019073486
   vertex 0.086567960679531097 0.0016097432235255837 0.99036461114883423
   vertex 0.086473219096660614 0.0016097432235255837 0.99071824550628662
  endloop
 endfacet
 facet normal -0 1 0
  outer loop
   vertex 0.086599849164485931 0.0016097432235255837 0.98999994993209839
   vertex 0.086567960679531097 0.0016097432235255837 0.99036461114883423
   vertex 0.10599630326032639 0.0016097432235255837 0.99605000019073486
  endloop
 endfacet
 facet normal -0 1 0
  outer loop
   vertex 0.086567960679531097 0.0016097432235255837 0.98963528871536255
   vertex 0.086599849164485931 0.0016097432235255837 0.98999994993209839
   vertex 0.10599630326032639 0.0016097432235255837 0.99605000019073486
  endloop
 endfacet
 facet normal 0 1 0
  outer loop
   vertex 0.08199986070394516 0.0016097432235255837 0.76499998569488525
   vertex 0.082891158759593964 0.0016097432235255837 0.98865014314651489
   vertex 0.083149991929531097 0.0016097432235255837 0.98839128017425537
  endloop
 endfacet
 facet normal 0 1 0
  outer loop
   vertex 0.08268120139837265 0.0016097432235255837 0.98894995450973511
   vertex 0.082891158759593964 0.0016097432235255837 0.98865014314651489
   vertex 0.08199986070394516 0.0016097432235255837 0.76499998569488525
  endloop
 endfacet
 facet normal 0 1 0
  outer loop
   vertex 0.082526497542858124 0.0016097432235255837 0.98928171396255493
   vertex 0.08268120139837265 0.0016097432235255837 0.98894995450973511
   vertex 0.08199986070394516 0.0016097432235255837 0.76499998569488525
  endloop
 endfacet
 facet normal 0 1 0
  outer loop
   vertex 0.08199986070394516 0.0016097432235255837 0.99605000019073486
   vertex 0.08268120139837265 0.0016097432235255837 0.99105000495910645
   vertex 0.082526497542858124 0.0016097432235255837 0.99071824550628662
  endloop
 endfacet
 facet normal 0 1 -0
  outer loop
   vertex 0.082891158759593964 0.0016097432235255837 0.99134981632232666
   vertex 0.08268120139837265 0.0016097432235255837 0.99105000495910645
   vertex 0.08199986070394516 0.0016097432235255837 0.99605000019073486
  endloop
 endfacet
 facet normal 0 1 -0
  outer loop
   vertex 0.083149991929531097 0.0016097432235255837 0.99160867929458618
   vertex 0.082891158759593964 0.0016097432235255837 0.99134981632232666
   vertex 0.08199986070394516 0.0016097432235255837 0.99605000019073486
  endloop
 endfacet
 facet normal 0 1 0
  outer loop
   vertex 0.08199986070394516 0.0016097432235255837 0.99605000019073486
   vertex 0.084864519536495209 0.0016097432235255837 0.99206805229187012
   vertex 0.084499858319759369 0.0016097432235255837 0.99210000038146973
  endloop
 endfacet
 facet normal -0 1 -0
  outer loop
   vertex 0.085218094289302826 0.0016097432235255837 0.99197334051132202
   vertex 0.084864519536495209 0.0016097432235255837 0.99206805229187012
   vertex 0.08199986070394516 0.0016097432235255837 0.99605000019073486
  endloop
 endfacet
 facet normal 0 1 -0
  outer loop
   vertex 0.10599630326032639 0.0016097432235255837 0.99605000019073486
   vertex 0.085218094289302826 0.0016097432235255837 0.99197334051132202
   vertex 0.08199986070394516 0.0016097432235255837 0.99605000019073486
  endloop
 endfacet
 facet normal -0 1 0
  outer loop
   vertex 0.08554985374212265 0.0016097432235255837 0.99181860685348511
   vertex 0.085218094289302826 0.0016097432235255837 0.99197334051132202
   vertex 0.10599630326032639 0.0016097432235255837 0.99605000019073486
  endloop
 endfacet
 facet normal -0 1 0
  outer loop
   vertex 0.085849709808826447 0.0016097432235255837 0.99160867929458618
   vertex 0.08554985374212265 0.0016097432235255837 0.99181860685348511
   vertex 0.10599630326032639 0.0016097432235255837 0.99605000019073486
  endloop
 endfacet
 facet normal 0 1 0
  outer loop
   vertex 0.08199986070394516 0.0016097432235255837 0.76499998569488525
   vertex 0.08243175595998764 0.0016097432235255837 0.98963528871536255
   vertex 0.082526497542858124 0.0016097432235255837 0.98928171396255493
  endloop
 endfacet
 facet normal 0 1 0
  outer loop
   vertex 0.082399852573871613 0.0016097432235255837 0.98999994993209839
   vertex 0.08243175595998764 0.0016097432235255837 0.98963528871536255
   vertex 0.08199986070394516 0.0016097432235255837 0.76499998569488525
  endloop
 endfacet
 facet normal 0 1 0
  outer loop
   vertex 0.08199986070394516 0.0016097432235255837 0.99605000019073486
   vertex 0.082399852573871613 0.0016097432235255837 0.98999994993209839
   vertex 0.08199986070394516 0.0016097432235255837 0.76499998569488525
  endloop
 endfacet
 facet normal 0 1 -0
  outer loop
   vertex 0.08243175595998764 0.0016097432235255837 0.99036461114883423
   vertex 0.082399852573871613 0.0016097432235255837 0.98999994993209839
   vertex 0.08199986070394516 0.0016097432235255837 0.99605000019073486
  endloop
 endfacet
 facet normal 0 1 -0
  outer loop
   vertex 0.082526497542858124 0.0016097432235255837 0.99071824550628662
   vertex 0.08243175595998764 0.0016097432235255837 0.99036461114883423
   vertex 0.08199986070394516 0.0016097432235255837 0.99605000019073486
  endloop
 endfacet
 facet normal -0 1 0
  outer loop
   vertex 0.017498143017292023 0.0016097432235255837 0.76499998569488525
   vertex 0.0015464354073628783 0.0016097432235255837 0.98818129301071167
   vertex 0.0018462914740666747 0.0016097432235255837 0.98839128017425537
  endloop
 endfacet
 facet normal 0 1 0
  outer loop
   vertex 0.0012146759545430541 0.0016097432235255837 0.98802661895751953
   vertex 0.0015464354073628783 0.0016097432235255837 0.98818129301071167
   vertex 0.017498143017292023 0.0016097432235255837 0.76499998569488525
  endloop
 endfacet
 facet normal 0 1 0
  outer loop
   vertex 0.000861101143527776 0.0016097432235255837 0.98793190717697144
   vertex 0.0012146759545430541 0.0016097432235255837 0.98802661895751953
   vertex 0.017498143017292023 0.0016097432235255837 0.76499998569488525
  endloop
 endfacet
 facet normal 0 1 0
  outer loop
   vertex -0.017003566026687622 0.0016097432235255837 0.76499998569488525
   vertex 0.00013177871005609632 0.0016097432235255837 0.98793190717697144
   vertex 0.00049643992679193616 0.0016097432235255837 0.98789995908737183
  endloop
 endfacet
 facet normal 0 1 -0
  outer loop
   vertex 0.017498143017292023 0.0016097432235255837 0.99605000019073486
   vertex 0.0025964307133108377 0.0016097432235255837 0.98999994993209839
   vertex 0.0025645273271948099 0.0016097432235255837 0.99036461114883423
  endloop
 endfacet
 facet normal -0 1 0
  outer loop
   vertex 0.0025645273271948099 0.0016097432235255837 0.98963528871536255
   vertex 0.0025964307133108377 0.0016097432235255837 0.98999994993209839
   vertex 0.017498143017292023 0.0016097432235255837 0.99605000019073486
  endloop
 endfacet
 facet normal 0 1 0
  outer loop
   vertex 0.017498143017292023 0.0016097432235255837 0.99605000019073486
   vertex 0.0024697857443243265 0.0016097432235255837 0.98928171396255493
   vertex 0.0025645273271948099 0.0016097432235255837 0.98963528871536255
  endloop
 endfacet
 facet normal -0 1 0
  outer loop
   vertex 0.0023150818888098001 0.0016097432235255837 0.98894995450973511
   vertex 0.0024697857443243265 0.0016097432235255837 0.98928171396255493
   vertex 0.017498143017292023 0.0016097432235255837 0.99605000019073486
  endloop
 endfacet
 facet normal -0 1 0
  outer loop
   vertex 0.017498143017292023 0.0016097432235255837 0.76499998569488525
   vertex 0.0023150818888098001 0.0016097432235255837 0.98894995450973511
   vertex 0.017498143017292023 0.0016097432235255837 0.99605000019073486
  endloop
 endfacet
 facet normal 0 1 0
  outer loop
   vertex 0.0021051245275884867 0.0016097432235255837 0.98865014314651489
   vertex 0.0023150818888098001 0.0016097432235255837 0.98894995450973511
   vertex 0.017498143017292023 0.0016097432235255837 0.76499998569488525
  endloop
 endfacet
 facet normal 0 1 0
  outer loop
   vertex 0.0018462914740666747 0.0016097432235255837 0.98839128017425537
   vertex 0.0021051245275884867 0.0016097432235255837 0.98865014314651489
   vertex 0.017498143017292023 0.0016097432235255837 0.76499998569488525
  endloop
 endfacet
 facet normal 0 1 0
  outer loop
   vertex -0.017003566026687622 0.0016097432235255837 0.99605000019073486
   vertex 0.00013177871005609632 0.0016097432235255837 0.99206805229187012
   vertex -0.00022181094391271472 0.0016097432235255837 0.99197334051132202
  endloop
 endfacet
 facet normal 0 1 -0
  outer loop
   vertex 0.00049643992679193616 0.0016097432235255837 0.99210000038146973
   vertex 0.00013177871005609632 0.0016097432235255837 0.99206805229187012
   vertex -0.017003566026687622 0.0016097432235255837 0.99605000019073486
  endloop
 endfacet
 facet normal 0 1 -0
  outer loop
   vertex 0.017498143017292023 0.0016097432235255837 0.99605000019073486
   vertex 0.00049643992679193616 0.0016097432235255837 0.99210000038146973
   vertex -0.017003566026687622 0.0016097432235255837 0.99605000019073486
  endloop
 endfacet
 facet normal -0 1 0
  outer loop
   vertex 0.000861101143527776 0.0016097432235255837 0.99206805229187012
   vertex 0.00049643992679193616 0.0016097432235255837 0.99210000038146973
   vertex 0.017498143017292023 0.0016097432235255837 0.99605000019073486
  endloop
 endfacet
 facet normal -0 1 0
  outer loop
   vertex 0.0012146759545430541 0.0016097432235255837 0.99197334051132202
   vertex 0.000861101143527776 0.0016097432235255837 0.99206805229187012
   vertex 0.017498143017292023 0.0016097432235255837 0.99605000019073486
  endloop
 endfacet
 facet normal 0 1 -0
  outer loop
   vertex 0.017498143017292023 0.0016097432235255837 0.99605000019073486
   vertex 0.0015464354073628783 0.0016097432235255837 0.99181860685348511
   vertex 0.0012146759545430541 0.0016097432235255837 0.99197334051132202
  endloop
 endfacet
 facet normal -0 1 0
  outer loop
   vertex 0.0018462914740666747 0.0016097432235255837 0.99160867929458618
   vertex 0.0015464354073628783 0.0016097432235255837 0.99181860685348511
   vertex 0.017498143017292023 0.0016097432235255837 0.99605000019073486
  endloop
 endfacet
 facet normal -0 1 0
  outer loop
   vertex 0.0021051245275884867 0.0016097432235255837 0.99134981632232666
   vertex 0.0018462914740666747 0.0016097432235255837 0.99160867929458618
   vertex 0.017498143017292023 0.0016097432235255837 0.99605000019073486
  endloop
 endfacet
 facet normal 0 1 -0
  outer loop
   vertex 0.017498143017292023 0.0016097432235255837 0.99605000019073486
   vertex 0.0023150818888098001 0.0016097432235255837 0.99105000495910645
   vertex 0.0021051245275884867 0.0016097432235255837 0.99134981632232666
  endloop
 endfacet
 facet normal -0 1 0
  outer loop
   vertex 0.0024697857443243265 0.0016097432235255837 0.99071824550628662
   vertex 0.0023150818888098001 0.0016097432235255837 0.99105000495910645
   vertex 0.017498143017292023 0.0016097432235255837 0.99605000019073486
  endloop
 endfacet
 facet normal -0 1 0
  outer loop
   vertex 0.0025645273271948099 0.0016097432235255837 0.99036461114883423
   vertex 0.0024697857443243265 0.0016097432235255837 0.99071824550628662
   vertex 0.017498143017292023 0.0016097432235255837 0.99605000019073486
  endloop
 endfacet
 facet normal 0 1 0
  outer loop
   vertex -0.017003566026687622 0.0016097432235255837 0.99605000019073486
   vertex -0.00085341156227514148 0.0016097432235255837 0.99160867929458618
   vertex -0.0011122595751658082 0.0016097432235255837 0.99134981632232666
  endloop
 endfacet
 facet normal 0 1 -0
  outer loop
   vertex -0.00055357039673253894 0.0016097432235255837 0.99181860685348511
   vertex -0.00085341156227514148 0.0016097432235255837 0.99160867929458618
   vertex -0.017003566026687622 0.0016097432235255837 0.99605000019073486
  endloop
 endfacet
 facet normal 0 1 -0
  outer loop
   vertex -0.00022181094391271472 0.0016097432235255837 0.99197334051132202
   vertex -0.00055357039673253894 0.0016097432235255837 0.99181860685348511
   vertex -0.017003566026687622 0.0016097432235255837 0.99605000019073486
  endloop
 endfacet
 facet normal 0 1 0
  outer loop
   vertex -0.017003566026687622 0.0016097432235255837 0.76499998569488525
   vertex -0.00022181094391271472 0.0016097432235255837 0.98802661895751953
   vertex 0.00013177871005609632 0.0016097432235255837 0.98793190717697144
  endloop
 endfacet
 facet normal 0 1 0
  outer loop
   vertex -0.00055357039673253894 0.0016097432235255837 0.98818129301071167
   vertex -0.00022181094391271472 0.0016097432235255837 0.98802661895751953
   vertex -0.017003566026687622 0.0016097432235255837 0.76499998569488525
  endloop
 endfacet
 facet normal 0 1 0
  outer loop
   vertex -0.017003566026687622 0.0016097432235255837 0.99605000019073486
   vertex -0.00055357039673253894 0.0016097432235255837 0.98818129301071167
   vertex -0.017003566026687622 0.0016097432235255837 0.76499998569488525
  endloop
 endfacet
 facet normal 0 1 0
  outer loop
   vertex -0.00085341156227514148 0.0016097432235255837 0.98839128017425537
   vertex -0.00055357039673253894 0.0016097432235255837 0.98818129301071167
   vertex -0.017003566026687622 0.0016097432235255837 0.99605000019073486
  endloop
 endfacet
 facet normal 0 1 0
  outer loop
   vertex -0.017003566026687622 0.0016097432235255837 0.99605000019073486
   vertex -0.0011122595751658082 0.0016097432235255837 0.98865014314651489
   vertex -0.00085341156227514148 0.0016097432235255837 0.98839128017425537
  endloop
 endfacet
 facet normal 0 1 0
  outer loop
   vertex -0.0013222169363871217 0.0016097432235255837 0.98894995450973511
   vertex -0.0011122595751658082 0.0016097432235255837 0.98865014314651489
   vertex -0.017003566026687622 0.0016097432235255837 0.99605000019073486
  endloop
 endfacet
 facet normal 0 1 0
  outer loop
   vertex -0.001476920791901648 0.0016097432235255837 0.98928171396255493
   vertex -0.0013222169363871217 0.0016097432235255837 0.98894995450973511
   vertex -0.017003566026687622 0.0016097432235255837 0.99605000019073486
  endloop
 endfacet
 facet normal 0 1 0
  outer loop
   vertex -0.017003566026687622 0.0016097432235255837 0.99605000019073486
   vertex -0.0015716623747721314 0.0016097432235255837 0.98963528871536255
   vertex -0.001476920791901648 0.0016097432235255837 0.98928171396255493
  endloop
 endfacet
 facet normal 0 1 0
  outer loop
   vertex -0.0016035657608881593 0.0016097432235255837 0.98999994993209839
   vertex -0.0015716623747721314 0.0016097432235255837 0.98963528871536255
   vertex -0.017003566026687622 0.0016097432235255837 0.99605000019073486
  endloop
 endfacet
 facet normal 0 1 -0
  outer loop
   vertex -0.0015716623747721314 0.0016097432235255837 0.99036461114883423
   vertex -0.0016035657608881593 0.0016097432235255837 0.98999994993209839
   vertex -0.017003566026687622 0.0016097432235255837 0.99605000019073486
  endloop
 endfacet
 facet normal 0 1 0
  outer loop
   vertex -0.017003566026687622 0.0016097432235255837 0.99605000019073486
   vertex -0.001476920791901648 0.0016097432235255837 0.99071824550628662
   vertex -0.0015716623747721314 0.0016097432235255837 0.99036461114883423
  endloop
 endfacet
 facet normal 0 1 -0
  outer loop
   vertex -0.0013222169363871217 0.0016097432235255837 0.99105000495910645
   vertex -0.001476920791901648 0.0016097432235255837 0.99071824550628662
   vertex -0.017003566026687622 0.0016097432235255837 0.99605000019073486
  endloop
 endfacet
 facet normal 0 1 -0
  outer loop
   vertex -0.0011122595751658082 0.0016097432235255837 0.99134981632232666
   vertex -0.0013222169363871217 0.0016097432235255837 0.99105000495910645
   vertex -0.017003566026687622 0.0016097432235255837 0.99605000019073486
  endloop
 endfacet
 facet normal -0 1 0
  outer loop
   vertex -0.082003563642501831 0.0016097432235255837 0.76499998569488525
   vertex -0.083153709769248962 0.0016097432235255837 0.98839128017425537
   vertex -0.082894869148731232 0.0016097432235255837 0.98865014314651489
  endloop
 endfacet
 facet normal 0 1 0
  outer loop
   vertex -0.083453565835952759 0.0016097432235255837 0.98818129301071167
   vertex -0.083153709769248962 0.0016097432235255837 0.98839128017425537
   vertex -0.082003563642501831 0.0016097432235255837 0.76499998569488525
  endloop
 endfacet
 facet normal 0 1 0
  outer loop
   vertex -0.083785325288772583 0.0016097432235255837 0.98802661895751953
   vertex -0.083453565835952759 0.0016097432235255837 0.98818129301071167
   vertex -0.082003563642501831 0.0016097432235255837 0.76499998569488525
  endloop
 endfacet
 facet normal 0 1 -0
  outer loop
   vertex -0.082003563642501831 0.0016097432235255837 0.99605000019073486
   vertex -0.0841389000415802 0.0016097432235255837 0.99206805229187012
   vertex -0.08450356125831604 0.0016097432235255837 0.99210000038146973
  endloop
 endfacet
 facet normal -0 1 0
  outer loop
   vertex -0.083785325288772583 0.0016097432235255837 0.99197334051132202
   vertex -0.0841389000415802 0.0016097432235255837 0.99206805229187012
   vertex -0.082003563642501831 0.0016097432235255837 0.99605000019073486
  endloop
 endfacet
 facet normal -0 1 0
  outer loop
   vertex -0.083453565835952759 0.0016097432235255837 0.99181860685348511
   vertex -0.083785325288772583 0.0016097432235255837 0.99197334051132202
   vertex -0.082003563642501831 0.0016097432235255837 0.99605000019073486
  endloop
 endfacet
 facet normal 0 1 -0
  outer loop
   vertex -0.082003563642501831 0.0016097432235255837 0.99605000019073486
   vertex -0.083153709769248962 0.0016097432235255837 0.99160867929458618
   vertex -0.083453565835952759 0.0016097432235255837 0.99181860685348511
  endloop
 endfacet
 facet normal -0 1 0
  outer loop
   vertex -0.082894869148731232 0.0016097432235255837 0.99134981632232666
   vertex -0.083153709769248962 0.0016097432235255837 0.99160867929458618
   vertex -0.082003563642501831 0.0016097432235255837 0.99605000019073486
  endloop
 endfacet
 facet normal -0 1 0
  outer loop
   vertex -0.082684911787509918 0.0016097432235255837 0.99105000495910645
   vertex -0.082894869148731232 0.0016097432235255837 0.99134981632232666
   vertex -0.082003563642501831 0.0016097432235255837 0.99605000019073486
  endloop
 endfacet
 facet normal -0 1 0
  outer loop
   vertex -0.082003563642501831 0.0016097432235255837 0.76499998569488525
   vertex -0.0841389000415802 0.0016097432235255837 0.98793190717697144
   vertex -0.083785325288772583 0.0016097432235255837 0.98802661895751953
  endloop
 endfacet
 facet normal 0 1 0
  outer loop
   vertex -0.08450356125831604 0.0016097432235255837 0.98789995908737183
   vertex -0.0841389000415802 0.0016097432235255837 0.98793190717697144
   vertex -0.082003563642501831 0.0016097432235255837 0.76499998569488525
  endloop
 endfacet
 facet normal 0 1 0
  outer loop
   vertex -0.096301786601543427 0.0016097432235255837 0.76499998569488525
   vertex -0.08450356125831604 0.0016097432235255837 0.98789995908737183
   vertex -0.082003563642501831 0.0016097432235255837 0.76499998569488525
  endloop
 endfacet
 facet normal 0 1 0
  outer loop
   vertex -0.08486822247505188 0.0016097432235255837 0.98793190717697144
   vertex -0.08450356125831604 0.0016097432235255837 0.98789995908737183
   vertex -0.096301786601543427 0.0016097432235255837 0.76499998569488525
  endloop
 endfacet
 facet normal 0 1 0
  outer loop
   vertex -0.085221804678440094 0.0016097432235255837 0.98802661895751953
   vertex -0.08486822247505188 0.0016097432235255837 0.98793190717697144
   vertex -0.096301786601543427 0.0016097432235255837 0.76499998569488525
  endloop
 endfacet
 facet normal 0 1 0
  outer loop
   vertex -0.082403562963008881 0.0016097432235255837 0.98999994993209839
   vertex -0.082003563642501831 0.0016097432235255837 0.76499998569488525
   vertex -0.082435466349124908 0.0016097432235255837 0.98963528871536255
  endloop
 endfacet
 facet normal 0 1 -0
  outer loop
   vertex -0.082003563642501831 0.0016097432235255837 0.99605000019073486
   vertex -0.082003563642501831 0.0016097432235255837 0.76499998569488525
   vertex -0.082403562963008881 0.0016097432235255837 0.98999994993209839
  endloop
 endfacet
 facet normal -0 1 0
  outer loop
   vertex -0.082003563642501831 0.0016097432235255837 0.76499998569488525
   vertex -0.082530207931995392 0.0016097432235255837 0.98928171396255493
   vertex -0.082435466349124908 0.0016097432235255837 0.98963528871536255
  endloop
 endfacet
 facet normal 0 1 0
  outer loop
   vertex -0.082684911787509918 0.0016097432235255837 0.98894995450973511
   vertex -0.082530207931995392 0.0016097432235255837 0.98928171396255493
   vertex -0.082003563642501831 0.0016097432235255837 0.76499998569488525
  endloop
 endfacet
 facet normal 0 1 0
  outer loop
   vertex -0.082894869148731232 0.0016097432235255837 0.98865014314651489
   vertex -0.082684911787509918 0.0016097432235255837 0.98894995450973511
   vertex -0.082003563642501831 0.0016097432235255837 0.76499998569488525
  endloop
 endfacet
 facet normal 0 1 0
  outer loop
   vertex -0.096301786601543427 0.0016097432235255837 0.76499998569488525
   vertex -0.085553564131259918 0.0016097432235255837 0.98818129301071167
   vertex -0.085221804678440094 0.0016097432235255837 0.98802661895751953
  endloop
 endfacet
 facet normal 0 1 0
  outer loop
   vertex -0.085853420197963715 0.0016097432235255837 0.98839128017425537
   vertex -0.085553564131259918 0.0016097432235255837 0.98818129301071167
   vertex -0.096301786601543427 0.0016097432235255837 0.76499998569488525
  endloop
 endfacet
 facet normal 0 1 0
  outer loop
   vertex -0.096301786601543427 0.0016097432235255837 0.99605000019073486
   vertex -0.085853420197963715 0.0016097432235255837 0.98839128017425537
   vertex -0.096301786601543427 0.0016097432235255837 0.76499998569488525
  endloop
 endfacet
 facet normal 0 1 -0
  outer loop
   vertex -0.085853420197963715 0.0016097432235255837 0.99160867929458618
   vertex -0.086112260818481445 0.0016097432235255837 0.99134981632232666
   vertex -0.096301786601543427 0.0016097432235255837 0.99605000019073486
  endloop
 endfacet
 facet normal 0 1 0
  outer loop
   vertex -0.096301786601543427 0.0016097432235255837 0.99605000019073486
   vertex -0.085553564131259918 0.0016097432235255837 0.99181860685348511
   vertex -0.085853420197963715 0.0016097432235255837 0.99160867929458618
  endloop
 endfacet
 facet normal 0 1 -0
  outer loop
   vertex -0.085221804678440094 0.0016097432235255837 0.99197334051132202
   vertex -0.085553564131259918 0.0016097432235255837 0.99181860685348511
   vertex -0.096301786601543427 0.0016097432235255837 0.99605000019073486
  endloop
 endfacet
 facet normal 0 1 -0
  outer loop
   vertex -0.082003563642501831 0.0016097432235255837 0.99605000019073486
   vertex -0.085221804678440094 0.0016097432235255837 0.99197334051132202
   vertex -0.096301786601543427 0.0016097432235255837 0.99605000019073486
  endloop
 endfacet
 facet normal 0 1 0
  outer loop
   vertex -0.08486822247505188 0.0016097432235255837 0.99206805229187012
   vertex -0.085221804678440094 0.0016097432235255837 0.99197334051132202
   vertex -0.082003563642501831 0.0016097432235255837 0.99605000019073486
  endloop
 endfacet
 facet normal 0 1 0
  outer loop
   vertex -0.08450356125831604 0.0016097432235255837 0.99210000038146973
   vertex -0.08486822247505188 0.0016097432235255837 0.99206805229187012
   vertex -0.082003563642501831 0.0016097432235255837 0.99605000019073486
  endloop
 endfacet
 facet normal 0 1 -0
  outer loop
   vertex -0.082003563642501831 0.0016097432235255837 0.99605000019073486
   vertex -0.082530207931995392 0.0016097432235255837 0.99071824550628662
   vertex -0.082684911787509918 0.0016097432235255837 0.99105000495910645
  endloop
 endfacet
 facet normal -0 1 0
  outer loop
   vertex -0.082435466349124908 0.0016097432235255837 0.99036461114883423
   vertex -0.082530207931995392 0.0016097432235255837 0.99071824550628662
   vertex -0.082003563642501831 0.0016097432235255837 0.99605000019073486
  endloop
 endfacet
 facet normal -0 1 0
  outer loop
   vertex -0.082403562963008881 0.0016097432235255837 0.98999994993209839
   vertex -0.082435466349124908 0.0016097432235255837 0.99036461114883423
   vertex -0.082003563642501831 0.0016097432235255837 0.99605000019073486
  endloop
 endfacet
 facet normal 0 1 0
  outer loop
   vertex -0.096301786601543427 0.0016097432235255837 0.99605000019073486
   vertex -0.086112260818481445 0.0016097432235255837 0.98865014314651489
   vertex -0.085853420197963715 0.0016097432235255837 0.98839128017425537
  endloop
 endfacet
 facet normal 0 1 0
  outer loop
   vertex -0.086322218179702759 0.0016097432235255837 0.98894995450973511
   vertex -0.086112260818481445 0.0016097432235255837 0.98865014314651489
   vertex -0.096301786601543427 0.0016097432235255837 0.99605000019073486
  endloop
 endfacet
 facet normal 0 1 0
  outer loop
   vertex -0.086476922035217285 0.0016097432235255837 0.98928171396255493
   vertex -0.086322218179702759 0.0016097432235255837 0.98894995450973511
   vertex -0.096301786601543427 0.0016097432235255837 0.99605000019073486
  endloop
 endfacet
 facet normal 0 1 0
  outer loop
   vertex -0.096301786601543427 0.0016097432235255837 0.99605000019073486
   vertex -0.086571663618087769 0.0016097432235255837 0.98963528871536255
   vertex -0.086476922035217285 0.0016097432235255837 0.98928171396255493
  endloop
 endfacet
 facet normal 0 1 0
  outer loop
   vertex -0.086603567004203796 0.0016097432235255837 0.98999994993209839
   vertex -0.086571663618087769 0.0016097432235255837 0.98963528871536255
   vertex -0.096301786601543427 0.0016097432235255837 0.99605000019073486
  endloop
 endfacet
 facet normal 0 1 -0
  outer loop
   vertex -0.086571663618087769 0.0016097432235255837 0.99036461114883423
   vertex -0.086603567004203796 0.0016097432235255837 0.98999994993209839
   vertex -0.096301786601543427 0.0016097432235255837 0.99605000019073486
  endloop
 endfacet
 facet normal 0 1 0
  outer loop
   vertex -0.096301786601543427 0.0016097432235255837 0.99605000019073486
   vertex -0.086476922035217285 0.0016097432235255837 0.99071824550628662
   vertex -0.086571663618087769 0.0016097432235255837 0.99036461114883423
  endloop
 endfacet
 facet normal 0 1 -0
  outer loop
   vertex -0.086322218179702759 0.0016097432235255837 0.99105000495910645
   vertex -0.086476922035217285 0.0016097432235255837 0.99071824550628662
   vertex -0.096301786601543427 0.0016097432235255837 0.99605000019073486
  endloop
 endfacet
 facet normal 0 1 -0
  outer loop
   vertex -0.086112260818481445 0.0016097432235255837 0.99134981632232666
   vertex -0.086322218179702759 0.0016097432235255837 0.99105000495910645
   vertex -0.096301786601543427 0.0016097432235255837 0.99605000019073486
  endloop
 endfacet
 facet normal 0 1 -0
  outer loop
   vertex 0.10599630326032639 0.0016097432235255837 0.76499998569488525
   vertex 0.084864519536495209 0.0016097432235255837 0.54206806421279907
   vertex 0.084499858319759369 0.0016097432235255837 0.54209995269775391
  endloop
 endfacet
 facet normal -0 1 -0
  outer loop
   vertex 0.10599630326032639 0.0016097432235255837 0.52999997138977051
   vertex 0.086599849164485931 0.0016097432235255837 0.53999996185302734
   vertex 0.086567960679531097 0.0016097432235255837 0.54036462306976318
  endloop
 endfacet
 facet normal 0 1 0
  outer loop
   vertex 0.086567960679531097 0.0016097432235255837 0.5396353006362915
   vertex 0.086599849164485931 0.0016097432235255837 0.53999996185302734
   vertex 0.10599630326032639 0.0016097432235255837 0.52999997138977051
  endloop
 endfacet
 facet normal -0 1 0
  outer loop
   vertex 0.10599630326032639 0.0016097432235255837 0.52999997138977051
   vertex 0.086473219096660614 0.0016097432235255837 0.53928172588348389
   vertex 0.086567960679531097 0.0016097432235255837 0.5396353006362915
  endloop
 endfacet
 facet normal 0 1 0
  outer loop
   vertex 0.086318515241146088 0.0016097432235255837 0.53894996643066406
   vertex 0.086473219096660614 0.0016097432235255837 0.53928172588348389
   vertex 0.10599630326032639 0.0016097432235255837 0.52999997138977051
  endloop
 endfacet
 facet normal 0 1 0
  outer loop
   vertex 0.086108557879924774 0.0016097432235255837 0.53865009546279907
   vertex 0.086318515241146088 0.0016097432235255837 0.53894996643066406
   vertex 0.10599630326032639 0.0016097432235255837 0.52999997138977051
  endloop
 endfacet
 facet normal 0 1 0
  outer loop
   vertex 0.084499858319759369 0.0016097432235255837 0.53789997100830078
   vertex 0.08199986070394516 0.0016097432235255837 0.52999997138977051
   vertex 0.084135197103023529 0.0016097432235255837 0.53793185949325562
  endloop
 endfacet
 facet normal 0 1 0
  outer loop
   vertex 0.084864519536495209 0.0016097432235255837 0.53793185949325562
   vertex 0.08199986070394516 0.0016097432235255837 0.52999997138977051
   vertex 0.084499858319759369 0.0016097432235255837 0.53789997100830078
  endloop
 endfacet
 facet normal 0 1 0
  outer loop
   vertex 0.08199986070394516 0.0016097432235255837 0.52999997138977051
   vertex 0.083781622350215912 0.0016097432235255837 0.53802663087844849
   vertex 0.084135197103023529 0.0016097432235255837 0.53793185949325562
  endloop
 endfacet
 facet normal 0 1 0
  outer loop
   vertex 0.083449862897396088 0.0016097432235255837 0.53818130493164062
   vertex 0.083781622350215912 0.0016097432235255837 0.53802663087844849
   vertex 0.08199986070394516 0.0016097432235255837 0.52999997138977051
  endloop
 endfacet
 facet normal 0 1 0
  outer loop
   vertex 0.083149991929531097 0.0016097432235255837 0.53839129209518433
   vertex 0.083449862897396088 0.0016097432235255837 0.53818130493164062
   vertex 0.08199986070394516 0.0016097432235255837 0.52999997138977051
  endloop
 endfacet
 facet normal -0 1 0
  outer loop
   vertex 0.10599630326032639 0.0016097432235255837 0.52999997138977051
   vertex 0.085849709808826447 0.0016097432235255837 0.53839129209518433
   vertex 0.086108557879924774 0.0016097432235255837 0.53865009546279907
  endloop
 endfacet
 facet normal 0 1 0
  outer loop
   vertex 0.08554985374212265 0.0016097432235255837 0.53818130493164062
   vertex 0.085849709808826447 0.0016097432235255837 0.53839129209518433
   vertex 0.10599630326032639 0.0016097432235255837 0.52999997138977051
  endloop
 endfacet
 facet normal 0 1 0
  outer loop
   vertex 0.08199986070394516 0.0016097432235255837 0.52999997138977051
   vertex 0.08554985374212265 0.0016097432235255837 0.53818130493164062
   vertex 0.10599630326032639 0.0016097432235255837 0.52999997138977051
  endloop
 endfacet
 facet normal 0 1 0
  outer loop
   vertex 0.085218094289302826 0.0016097432235255837 0.53802663087844849
   vertex 0.08554985374212265 0.0016097432235255837 0.53818130493164062
   vertex 0.08199986070394516 0.0016097432235255837 0.52999997138977051
  endloop
 endfacet
 facet normal 0 1 0
  outer loop
   vertex 0.084864519536495209 0.0016097432235255837 0.53793185949325562
   vertex 0.085218094289302826 0.0016097432235255837 0.53802663087844849
   vertex 0.08199986070394516 0.0016097432235255837 0.52999997138977051
  endloop
 endfacet
 facet normal 0 1 0
  outer loop
   vertex 0.08199986070394516 0.0016097432235255837 0.76499998569488525
   vertex 0.083449862897396088 0.0016097432235255837 0.54181861877441406
   vertex 0.083149991929531097 0.0016097432235255837 0.54160869121551514
  endloop
 endfacet
 facet normal 0 1 -0
  outer loop
   vertex 0.083781622350215912 0.0016097432235255837 0.54197335243225098
   vertex 0.083449862897396088 0.0016097432235255837 0.54181861877441406
   vertex 0.08199986070394516 0.0016097432235255837 0.76499998569488525
  endloop
 endfacet
 facet normal 0 1 -0
  outer loop
   vertex 0.10599630326032639 0.0016097432235255837 0.76499998569488525
   vertex 0.083781622350215912 0.0016097432235255837 0.54197335243225098
   vertex 0.08199986070394516 0.0016097432235255837 0.76499998569488525
  endloop
 endfacet
 facet normal 0 1 0
  outer loop
   vertex 0.084135197103023529 0.0016097432235255837 0.54206806421279907
   vertex 0.083781622350215912 0.0016097432235255837 0.54197335243225098
   vertex 0.10599630326032639 0.0016097432235255837 0.76499998569488525
  endloop
 endfacet
 facet normal 0 1 0
  outer loop
   vertex 0.084499858319759369 0.0016097432235255837 0.54209995269775391
   vertex 0.084135197103023529 0.0016097432235255837 0.54206806421279907
   vertex 0.10599630326032639 0.0016097432235255837 0.76499998569488525
  endloop
 endfacet
 facet normal 0 1 -0
  outer loop
   vertex 0.10599630326032639 0.0016097432235255837 0.76499998569488525
   vertex 0.085218094289302826 0.0016097432235255837 0.54197335243225098
   vertex 0.084864519536495209 0.0016097432235255837 0.54206806421279907
  endloop
 endfacet
 facet normal -0 1 0
  outer loop
   vertex 0.08554985374212265 0.0016097432235255837 0.54181861877441406
   vertex 0.085218094289302826 0.0016097432235255837 0.54197335243225098
   vertex 0.10599630326032639 0.0016097432235255837 0.76499998569488525
  endloop
 endfacet
 facet normal -0 1 0
  outer loop
   vertex 0.085849709808826447 0.0016097432235255837 0.54160869121551514
   vertex 0.08554985374212265 0.0016097432235255837 0.54181861877441406
   vertex 0.10599630326032639 0.0016097432235255837 0.76499998569488525
  endloop
 endfacet
 facet normal 0 1 -0
  outer loop
   vertex 0.10599630326032639 0.0016097432235255837 0.76499998569488525
   vertex 0.086108557879924774 0.0016097432235255837 0.54134982824325562
   vertex 0.085849709808826447 0.0016097432235255837 0.54160869121551514
  endloop
 endfacet
 facet normal -0 1 0
  outer loop
   vertex 0.086318515241146088 0.0016097432235255837 0.54104995727539062
   vertex 0.086108557879924774 0.0016097432235255837 0.54134982824325562
   vertex 0.10599630326032639 0.0016097432235255837 0.76499998569488525
  endloop
 endfacet
 facet normal -0 1 0
  outer loop
   vertex 0.10599630326032639 0.0016097432235255837 0.52999997138977051
   vertex 0.086318515241146088 0.0016097432235255837 0.54104995727539062
   vertex 0.10599630326032639 0.0016097432235255837 0.76499998569488525
  endloop
 endfacet
 facet normal 0 1 0
  outer loop
   vertex 0.086473219096660614 0.0016097432235255837 0.5407181978225708
   vertex 0.086318515241146088 0.0016097432235255837 0.54104995727539062
   vertex 0.10599630326032639 0.0016097432235255837 0.52999997138977051
  endloop
 endfacet
 facet normal 0 1 0
  outer loop
   vertex 0.086567960679531097 0.0016097432235255837 0.54036462306976318
   vertex 0.086473219096660614 0.0016097432235255837 0.5407181978225708
   vertex 0.10599630326032639 0.0016097432235255837 0.52999997138977051
  endloop
 endfacet
 facet normal 0 1 0
  outer loop
   vertex 0.08199986070394516 0.0016097432235255837 0.52999997138977051
   vertex 0.082891158759593964 0.0016097432235255837 0.53865009546279907
   vertex 0.083149991929531097 0.0016097432235255837 0.53839129209518433
  endloop
 endfacet
 facet normal 0 1 0
  outer loop
   vertex 0.08268120139837265 0.0016097432235255837 0.53894996643066406
   vertex 0.082891158759593964 0.0016097432235255837 0.53865009546279907
   vertex 0.08199986070394516 0.0016097432235255837 0.52999997138977051
  endloop
 endfacet
 facet normal 0 1 0
  outer loop
   vertex 0.082526497542858124 0.0016097432235255837 0.53928172588348389
   vertex 0.08268120139837265 0.0016097432235255837 0.53894996643066406
   vertex 0.08199986070394516 0.0016097432235255837 0.52999997138977051
  endloop
 endfacet
 facet normal 0 1 0
  outer loop
   vertex 0.08199986070394516 0.0016097432235255837 0.76499998569488525
   vertex 0.08268120139837265 0.0016097432235255837 0.54104995727539062
   vertex 0.082526497542858124 0.0016097432235255837 0.5407181978225708
  endloop
 endfacet
 facet normal 0 1 -0
  outer loop
   vertex 0.082891158759593964 0.0016097432235255837 0.54134982824325562
   vertex 0.08268120139837265 0.0016097432235255837 0.54104995727539062
   vertex 0.08199986070394516 0.0016097432235255837 0.76499998569488525
  endloop
 endfacet
 facet normal 0 1 -0
  outer loop
   vertex 0.083149991929531097 0.0016097432235255837 0.54160869121551514
   vertex 0.082891158759593964 0.0016097432235255837 0.54134982824325562
   vertex 0.08199986070394516 0.0016097432235255837 0.76499998569488525
  endloop
 endfacet
 facet normal 0 1 0
  outer loop
   vertex 0.08199986070394516 0.0016097432235255837 0.52999997138977051
   vertex 0.08243175595998764 0.0016097432235255837 0.5396353006362915
   vertex 0.082526497542858124 0.0016097432235255837 0.53928172588348389
  endloop
 endfacet
 facet normal 0 1 0
  outer loop
   vertex 0.082399852573871613 0.0016097432235255837 0.53999996185302734
   vertex 0.08243175595998764 0.0016097432235255837 0.5396353006362915
   vertex 0.08199986070394516 0.0016097432235255837 0.52999997138977051
  endloop
 endfacet
 facet normal 0 1 0
  outer loop
   vertex 0.08199986070394516 0.0016097432235255837 0.76499998569488525
   vertex 0.082399852573871613 0.0016097432235255837 0.53999996185302734
   vertex 0.08199986070394516 0.0016097432235255837 0.52999997138977051
  endloop
 endfacet
 facet normal 0 1 -0
  outer loop
   vertex 0.08243175595998764 0.0016097432235255837 0.54036462306976318
   vertex 0.082399852573871613 0.0016097432235255837 0.53999996185302734
   vertex 0.08199986070394516 0.0016097432235255837 0.76499998569488525
  endloop
 endfacet
 facet normal 0 1 -0
  outer loop
   vertex 0.082526497542858124 0.0016097432235255837 0.5407181978225708
   vertex 0.08243175595998764 0.0016097432235255837 0.54036462306976318
   vertex 0.08199986070394516 0.0016097432235255837 0.76499998569488525
  endloop
 endfacet
 facet normal -0 1 0
  outer loop
   vertex -0.082003563642501831 0.0016097432235255837 0.52999997138977051
   vertex -0.082684911787509918 0.0016097432235255837 0.53894996643066406
   vertex -0.082530207931995392 0.0016097432235255837 0.53928172588348389
  endloop
 endfacet
 facet normal 0 1 0
  outer loop
   vertex -0.082894869148731232 0.0016097432235255837 0.53865009546279907
   vertex -0.082684911787509918 0.0016097432235255837 0.53894996643066406
   vertex -0.082003563642501831 0.0016097432235255837 0.52999997138977051
  endloop
 endfacet
 facet normal 0 1 0
  outer loop
   vertex -0.083153709769248962 0.0016097432235255837 0.53839129209518433
   vertex -0.082894869148731232 0.0016097432235255837 0.53865009546279907
   vertex -0.082003563642501831 0.0016097432235255837 0.52999997138977051
  endloop
 endfacet
 facet normal -0 1 0
  outer loop
   vertex -0.082003563642501831 0.0016097432235255837 0.52999997138977051
   vertex -0.083453565835952759 0.0016097432235255837 0.53818130493164062
   vertex -0.083153709769248962 0.0016097432235255837 0.53839129209518433
  endloop
 endfacet
 facet normal 0 1 0
  outer loop
   vertex -0.083785325288772583 0.0016097432235255837 0.53802663087844849
   vertex -0.083453565835952759 0.0016097432235255837 0.53818130493164062
   vertex -0.082003563642501831 0.0016097432235255837 0.52999997138977051
  endloop
 endfacet
 facet normal 0 1 0
  outer loop
   vertex -0.0841389000415802 0.0016097432235255837 0.53793185949325562
   vertex -0.083785325288772583 0.0016097432235255837 0.53802663087844849
   vertex -0.082003563642501831 0.0016097432235255837 0.52999997138977051
  endloop
 endfacet
 facet normal 0 1 0
  outer loop
   vertex -0.096301786601543427 0.0016097432235255837 0.76499998569488525
   vertex -0.085853420197963715 0.0016097432235255837 0.54160869121551514
   vertex -0.086112260818481445 0.0016097432235255837 0.54134982824325562
  endloop
 endfacet
 facet normal 0 1 -0
  outer loop
   vertex -0.082003563642501831 0.0016097432235255837 0.76499998569488525
   vertex -0.0841389000415802 0.0016097432235255837 0.54206806421279907
   vertex -0.08450356125831604 0.0016097432235255837 0.54209995269775391
  endloop
 endfacet
 facet normal -0 1 0
  outer loop
   vertex -0.082003563642501831 0.0016097432235255837 0.52999997138977051
   vertex -0.08450356125831604 0.0016097432235255837 0.53789997100830078
   vertex -0.0841389000415802 0.0016097432235255837 0.53793185949325562
  endloop
 endfacet
 facet normal 0 1 0
  outer loop
   vertex -0.08486822247505188 0.0016097432235255837 0.53793185949325562
   vertex -0.08450356125831604 0.0016097432235255837 0.53789997100830078
   vertex -0.082003563642501831 0.0016097432235255837 0.52999997138977051
  endloop
 endfacet
 facet normal 0 1 0
  outer loop
   vertex -0.096301786601543427 0.0016097432235255837 0.52999997138977051
   vertex -0.08486822247505188 0.0016097432235255837 0.53793185949325562
   vertex -0.082003563642501831 0.0016097432235255837 0.52999997138977051
  endloop
 endfacet
 facet normal 0 1 0
  outer loop
   vertex -0.085221804678440094 0.0016097432235255837 0.53802663087844849
   vertex -0.08486822247505188 0.0016097432235255837 0.53793185949325562
   vertex -0.096301786601543427 0.0016097432235255837 0.52999997138977051
  endloop
 endfacet
 facet normal 0 1 0
  outer loop
   vertex -0.085553564131259918 0.0016097432235255837 0.53818130493164062
   vertex -0.085221804678440094 0.0016097432235255837 0.53802663087844849
   vertex -0.096301786601543427 0.0016097432235255837 0.52999997138977051
  endloop
 endfacet
 facet normal 0 1 0
  outer loop
   vertex -0.096301786601543427 0.0016097432235255837 0.52999997138977051
   vertex -0.085853420197963715 0.0016097432235255837 0.53839129209518433
   vertex -0.085553564131259918 0.0016097432235255837 0.53818130493164062
  endloop
 endfacet
 facet normal 0 1 0
  outer loop
   vertex -0.086112260818481445 0.0016097432235255837 0.53865009546279907
   vertex -0.085853420197963715 0.0016097432235255837 0.53839129209518433
   vertex -0.096301786601543427 0.0016097432235255837 0.52999997138977051
  endloop
 endfacet
 facet normal 0 1 0
  outer loop
   vertex -0.086322218179702759 0.0016097432235255837 0.53894996643066406
   vertex -0.086112260818481445 0.0016097432235255837 0.53865009546279907
   vertex -0.096301786601543427 0.0016097432235255837 0.52999997138977051
  endloop
 endfacet
 facet normal 0 1 0
  outer loop
   vertex -0.096301786601543427 0.0016097432235255837 0.76499998569488525
   vertex -0.085553564131259918 0.0016097432235255837 0.54181861877441406
   vertex -0.085853420197963715 0.0016097432235255837 0.54160869121551514
  endloop
 endfacet
 facet normal 0 1 -0
  outer loop
   vertex -0.085221804678440094 0.0016097432235255837 0.54197335243225098
   vertex -0.085553564131259918 0.0016097432235255837 0.54181861877441406
   vertex -0.096301786601543427 0.0016097432235255837 0.76499998569488525
  endloop
 endfacet
 facet normal 0 1 -0
  outer loop
   vertex -0.082003563642501831 0.0016097432235255837 0.76499998569488525
   vertex -0.085221804678440094 0.0016097432235255837 0.54197335243225098
   vertex -0.096301786601543427 0.0016097432235255837 0.76499998569488525
  endloop
 endfacet
 facet normal 0 1 0
  outer loop
   vertex -0.08486822247505188 0.0016097432235255837 0.54206806421279907
   vertex -0.085221804678440094 0.0016097432235255837 0.54197335243225098
   vertex -0.082003563642501831 0.0016097432235255837 0.76499998569488525
  endloop
 endfacet
 facet normal 0 1 0
  outer loop
   vertex -0.08450356125831604 0.0016097432235255837 0.54209995269775391
   vertex -0.08486822247505188 0.0016097432235255837 0.54206806421279907
   vertex -0.082003563642501831 0.0016097432235255837 0.76499998569488525
  endloop
 endfacet
 facet normal 0 1 -0
  outer loop
   vertex -0.082003563642501831 0.0016097432235255837 0.76499998569488525
   vertex -0.082435466349124908 0.0016097432235255837 0.54036462306976318
   vertex -0.082530207931995392 0.0016097432235255837 0.5407181978225708
  endloop
 endfacet
 facet normal -0 1 0
  outer loop
   vertex -0.082403562963008881 0.0016097432235255837 0.53999996185302734
   vertex -0.082435466349124908 0.0016097432235255837 0.54036462306976318
   vertex -0.082003563642501831 0.0016097432235255837 0.76499998569488525
  endloop
 endfacet
 facet normal -0 1 0
  outer loop
   vertex -0.082003563642501831 0.0016097432235255837 0.52999997138977051
   vertex -0.082403562963008881 0.0016097432235255837 0.53999996185302734
   vertex -0.082003563642501831 0.0016097432235255837 0.76499998569488525
  endloop
 endfacet
 facet normal 0 1 0
  outer loop
   vertex -0.082435466349124908 0.0016097432235255837 0.5396353006362915
   vertex -0.082403562963008881 0.0016097432235255837 0.53999996185302734
   vertex -0.082003563642501831 0.0016097432235255837 0.52999997138977051
  endloop
 endfacet
 facet normal 0 1 0
  outer loop
   vertex -0.082530207931995392 0.0016097432235255837 0.53928172588348389
   vertex -0.082435466349124908 0.0016097432235255837 0.5396353006362915
   vertex -0.082003563642501831 0.0016097432235255837 0.52999997138977051
  endloop
 endfacet
 facet normal 0 1 0
  outer loop
   vertex -0.096301786601543427 0.0016097432235255837 0.52999997138977051
   vertex -0.086476922035217285 0.0016097432235255837 0.53928172588348389
   vertex -0.086322218179702759 0.0016097432235255837 0.53894996643066406
  endloop
 endfacet
 facet normal 0 1 0
  outer loop
   vertex -0.086571663618087769 0.0016097432235255837 0.5396353006362915
   vertex -0.086476922035217285 0.0016097432235255837 0.53928172588348389
   vertex -0.096301786601543427 0.0016097432235255837 0.52999997138977051
  endloop
 endfacet
 facet normal 0 1 0
  outer loop
   vertex -0.086603567004203796 0.0016097432235255837 0.53999996185302734
   vertex -0.086571663618087769 0.0016097432235255837 0.5396353006362915
   vertex -0.096301786601543427 0.0016097432235255837 0.52999997138977051
  endloop
 endfacet
 facet normal 0 1 -0
  outer loop
   vertex -0.082003563642501831 0.0016097432235255837 0.76499998569488525
   vertex -0.083785325288772583 0.0016097432235255837 0.54197335243225098
   vertex -0.0841389000415802 0.0016097432235255837 0.54206806421279907
  endloop
 endfacet
 facet normal -0 1 0
  outer loop
   vertex -0.083453565835952759 0.0016097432235255837 0.54181861877441406
   vertex -0.083785325288772583 0.0016097432235255837 0.54197335243225098
   vertex -0.082003563642501831 0.0016097432235255837 0.76499998569488525
  endloop
 endfacet
 facet normal -0 1 0
  outer loop
   vertex -0.083153709769248962 0.0016097432235255837 0.54160869121551514
   vertex -0.083453565835952759 0.0016097432235255837 0.54181861877441406
   vertex -0.082003563642501831 0.0016097432235255837 0.76499998569488525
  endloop
 endfacet
 facet normal 0 1 -0
  outer loop
   vertex -0.082003563642501831 0.0016097432235255837 0.76499998569488525
   vertex -0.082894869148731232 0.0016097432235255837 0.54134982824325562
   vertex -0.083153709769248962 0.0016097432235255837 0.54160869121551514
  endloop
 endfacet
 facet normal -0 1 0
  outer loop
   vertex -0.082684911787509918 0.0016097432235255837 0.54104995727539062
   vertex -0.082894869148731232 0.0016097432235255837 0.54134982824325562
   vertex -0.082003563642501831 0.0016097432235255837 0.76499998569488525
  endloop
 endfacet
 facet normal -0 1 0
  outer loop
   vertex -0.082530207931995392 0.0016097432235255837 0.5407181978225708
   vertex -0.082684911787509918 0.0016097432235255837 0.54104995727539062
   vertex -0.082003563642501831 0.0016097432235255837 0.76499998569488525
  endloop
 endfacet
 facet normal 0 1 0
  outer loop
   vertex -0.096301786601543427 0.0016097432235255837 0.52999997138977051
   vertex -0.086571663618087769 0.0016097432235255837 0.54036462306976318
   vertex -0.086603567004203796 0.0016097432235255837 0.53999996185302734
  endloop
 endfacet
 facet normal 0 1 -0
  outer loop
   vertex -0.086476922035217285 0.0016097432235255837 0.5407181978225708
   vertex -0.086571663618087769 0.0016097432235255837 0.54036462306976318
   vertex -0.096301786601543427 0.0016097432235255837 0.52999997138977051
  endloop
 endfacet
 facet normal 0 1 0
  outer loop
   vertex -0.096301786601543427 0.0016097432235255837 0.76499998569488525
   vertex -0.086476922035217285 0.0016097432235255837 0.5407181978225708
   vertex -0.096301786601543427 0.0016097432235255837 0.52999997138977051
  endloop
 endfacet
 facet normal 0 1 -0
  outer loop
   vertex -0.086322218179702759 0.0016097432235255837 0.54104995727539062
   vertex -0.086476922035217285 0.0016097432235255837 0.5407181978225708
   vertex -0.096301786601543427 0.0016097432235255837 0.76499998569488525
  endloop
 endfacet
 facet normal 0 1 -0
  outer loop
   vertex -0.086112260818481445 0.0016097432235255837 0.54134982824325562
   vertex -0.086322218179702759 0.0016097432235255837 0.54104995727539062
   vertex -0.096301786601543427 0.0016097432235255837 0.76499998569488525
  endloop
 endfacet
 facet normal 0 1 0
  outer loop
   vertex 0.08199986070394516 0.0016097432235255837 0.5
   vertex 0.084135197103023529 0.0016097432235255837 0.51793187856674194
   vertex 0.084499858319759369 0.0016097432235255837 0.51789999008178711
  endloop
 endfacet
 facet normal -0 1 0
  outer loop
   vertex 0.10599630326032639 0.0016097432235255837 0.5
   vertex 0.086318515241146088 0.0016097432235255837 0.51894998550415039
   vertex 0.086473219096660614 0.0016097432235255837 0.51928174495697021
  endloop
 endfacet
 facet normal 0 1 0
  outer loop
   vertex 0.086108557879924774 0.0016097432235255837 0.5186501145362854
   vertex 0.086318515241146088 0.0016097432235255837 0.51894998550415039
   vertex 0.10599630326032639 0.0016097432235255837 0.5
  endloop
 endfacet
 facet normal 0 1 0
  outer loop
   vertex 0.085849709808826447 0.0016097432235255837 0.51839131116867065
   vertex 0.086108557879924774 0.0016097432235255837 0.5186501145362854
   vertex 0.10599630326032639 0.0016097432235255837 0.5
  endloop
 endfacet
 facet normal -0 1 0
  outer loop
   vertex 0.10599630326032639 0.0016097432235255837 0.5
   vertex 0.08554985374212265 0.0016097432235255837 0.51818132400512695
   vertex 0.085849709808826447 0.0016097432235255837 0.51839131116867065
  endloop
 endfacet
 facet normal 0 1 0
  outer loop
   vertex 0.085218094289302826 0.0016097432235255837 0.51802664995193481
   vertex 0.08554985374212265 0.0016097432235255837 0.51818132400512695
   vertex 0.10599630326032639 0.0016097432235255837 0.5
  endloop
 endfacet
 facet normal 0 1 0
  outer loop
   vertex 0.08199986070394516 0.0016097432235255837 0.5
   vertex 0.085218094289302826 0.0016097432235255837 0.51802664995193481
   vertex 0.10599630326032639 0.0016097432235255837 0.5
  endloop
 endfacet
 facet normal 0 1 0
  outer loop
   vertex 0.084864519536495209 0.0016097432235255837 0.51793187856674194
   vertex 0.085218094289302826 0.0016097432235255837 0.51802664995193481
   vertex 0.08199986070394516 0.0016097432235255837 0.5
  endloop
 endfacet
 facet normal 0 1 0
  outer loop
   vertex 0.084499858319759369 0.0016097432235255837 0.51789999008178711
   vertex 0.084864519536495209 0.0016097432235255837 0.51793187856674194
   vertex 0.08199986070394516 0.0016097432235255837 0.5
  endloop
 endfacet
 facet normal 0 1 0
  outer loop
   vertex 0.08199986070394516 0.0016097432235255837 0.52999997138977051
   vertex 0.084135197103023529 0.0016097432235255837 0.5220680832862854
   vertex 0.083781622350215912 0.0016097432235255837 0.5219733715057373
  endloop
 endfacet
 facet normal 0 1 -0
  outer loop
   vertex 0.084499858319759369 0.0016097432235255837 0.52209997177124023
   vertex 0.084135197103023529 0.0016097432235255837 0.5220680832862854
   vertex 0.08199986070394516 0.0016097432235255837 0.52999997138977051
  endloop
 endfacet
 facet normal 0 1 -0
  outer loop
   vertex 0.10599630326032639 0.0016097432235255837 0.52999997138977051
   vertex 0.086108557879924774 0.0016097432235255837 0.52134984731674194
   vertex 0.085849709808826447 0.0016097432235255837 0.52160871028900146
  endloop
 endfacet
 facet normal -0 1 0
  outer loop
   vertex 0.086318515241146088 0.0016097432235255837 0.52104997634887695
   vertex 0.086108557879924774 0.0016097432235255837 0.52134984731674194
   vertex 0.10599630326032639 0.0016097432235255837 0.52999997138977051
  endloop
 endfacet
 facet normal -0 1 0
  outer loop
   vertex 0.086473219096660614 0.0016097432235255837 0.52071821689605713
   vertex 0.086318515241146088 0.0016097432235255837 0.52104997634887695
   vertex 0.10599630326032639 0.0016097432235255837 0.52999997138977051
  endloop
 endfacet
 facet normal 0 1 0
  outer loop
   vertex 0.08199986070394516 0.0016097432235255837 0.52999997138977051
   vertex 0.084864519536495209 0.0016097432235255837 0.5220680832862854
   vertex 0.084499858319759369 0.0016097432235255837 0.52209997177124023
  endloop
 endfacet
 facet normal -0 1 -0
  outer loop
   vertex 0.085218094289302826 0.0016097432235255837 0.5219733715057373
   vertex 0.084864519536495209 0.0016097432235255837 0.5220680832862854
   vertex 0.08199986070394516 0.0016097432235255837 0.52999997138977051
  endloop
 endfacet
 facet normal 0 1 -0
  outer loop
   vertex 0.10599630326032639 0.0016097432235255837 0.52999997138977051
   vertex 0.085218094289302826 0.0016097432235255837 0.5219733715057373
   vertex 0.08199986070394516 0.0016097432235255837 0.52999997138977051
  endloop
 endfacet
 facet normal -0 1 0
  outer loop
   vertex 0.08554985374212265 0.0016097432235255837 0.52181863784790039
   vertex 0.085218094289302826 0.0016097432235255837 0.5219733715057373
   vertex 0.10599630326032639 0.0016097432235255837 0.52999997138977051
  endloop
 endfacet
 facet normal -0 1 0
  outer loop
   vertex 0.085849709808826447 0.0016097432235255837 0.52160871028900146
   vertex 0.08554985374212265 0.0016097432235255837 0.52181863784790039
   vertex 0.10599630326032639 0.0016097432235255837 0.52999997138977051
  endloop
 endfacet
 facet normal 0 1 -0
  outer loop
   vertex 0.10599630326032639 0.0016097432235255837 0.52999997138977051
   vertex 0.086567960679531097 0.0016097432235255837 0.52036464214324951
   vertex 0.086473219096660614 0.0016097432235255837 0.52071821689605713
  endloop
 endfacet
 facet normal -0 1 0
  outer loop
   vertex 0.086599849164485931 0.0016097432235255837 0.51999998092651367
   vertex 0.086567960679531097 0.0016097432235255837 0.52036464214324951
   vertex 0.10599630326032639 0.0016097432235255837 0.52999997138977051
  endloop
 endfacet
 facet normal -0 1 0
  outer loop
   vertex 0.10599630326032639 0.0016097432235255837 0.5
   vertex 0.086599849164485931 0.0016097432235255837 0.51999998092651367
   vertex 0.10599630326032639 0.0016097432235255837 0.52999997138977051
  endloop
 endfacet
 facet normal 0 1 0
  outer loop
   vertex 0.086567960679531097 0.0016097432235255837 0.51963531970977783
   vertex 0.086599849164485931 0.0016097432235255837 0.51999998092651367
   vertex 0.10599630326032639 0.0016097432235255837 0.5
  endloop
 endfacet
 facet normal 0 1 0
  outer loop
   vertex 0.086473219096660614 0.0016097432235255837 0.51928174495697021
   vertex 0.086567960679531097 0.0016097432235255837 0.51963531970977783
   vertex 0.10599630326032639 0.0016097432235255837 0.5
  endloop
 endfacet
 facet normal 0 1 0
  outer loop
   vertex 0.08199986070394516 0.0016097432235255837 0.5
   vertex 0.083781622350215912 0.0016097432235255837 0.51802664995193481
   vertex 0.084135197103023529 0.0016097432235255837 0.51793187856674194
  endloop
 endfacet
 facet normal 0 1 0
  outer loop
   vertex 0.083449862897396088 0.0016097432235255837 0.51818132400512695
   vertex 0.083781622350215912 0.0016097432235255837 0.51802664995193481
   vertex 0.08199986070394516 0.0016097432235255837 0.5
  endloop
 endfacet
 facet normal 0 1 0
  outer loop
   vertex 0.083149991929531097 0.0016097432235255837 0.51839131116867065
   vertex 0.083449862897396088 0.0016097432235255837 0.51818132400512695
   vertex 0.08199986070394516 0.0016097432235255837 0.5
  endloop
 endfacet
 facet normal 0 1 0
  outer loop
   vertex 0.08199986070394516 0.0016097432235255837 0.52999997138977051
   vertex 0.08268120139837265 0.0016097432235255837 0.52104997634887695
   vertex 0.082526497542858124 0.0016097432235255837 0.52071821689605713
  endloop
 endfacet
 facet normal 0 1 -0
  outer loop
   vertex 0.082891158759593964 0.0016097432235255837 0.52134984731674194
   vertex 0.08268120139837265 0.0016097432235255837 0.52104997634887695
   vertex 0.08199986070394516 0.0016097432235255837 0.52999997138977051
  endloop
 endfacet
 facet normal 0 1 0
  outer loop
   vertex 0.08199986070394516 0.0016097432235255837 0.5
   vertex 0.082891158759593964 0.0016097432235255837 0.5186501145362854
   vertex 0.083149991929531097 0.0016097432235255837 0.51839131116867065
  endloop
 endfacet
 facet normal 0 1 0
  outer loop
   vertex 0.08268120139837265 0.0016097432235255837 0.51894998550415039
   vertex 0.082891158759593964 0.0016097432235255837 0.5186501145362854
   vertex 0.08199986070394516 0.0016097432235255837 0.5
  endloop
 endfacet
 facet normal 0 1 0
  outer loop
   vertex 0.082526497542858124 0.0016097432235255837 0.51928174495697021
   vertex 0.08268120139837265 0.0016097432235255837 0.51894998550415039
   vertex 0.08199986070394516 0.0016097432235255837 0.5
  endloop
 endfacet
 facet normal 0 1 0
  outer loop
   vertex 0.08199986070394516 0.0016097432235255837 0.52999997138977051
   vertex 0.083149991929531097 0.0016097432235255837 0.52160871028900146
   vertex 0.082891158759593964 0.0016097432235255837 0.52134984731674194
  endloop
 endfacet
 facet normal 0 1 -0
  outer loop
   vertex 0.083449862897396088 0.0016097432235255837 0.52181863784790039
   vertex 0.083149991929531097 0.0016097432235255837 0.52160871028900146
   vertex 0.08199986070394516 0.0016097432235255837 0.52999997138977051
  endloop
 endfacet
 facet normal 0 1 -0
  outer loop
   vertex 0.083781622350215912 0.0016097432235255837 0.5219733715057373
   vertex 0.083449862897396088 0.0016097432235255837 0.52181863784790039
   vertex 0.08199986070394516 0.0016097432235255837 0.52999997138977051
  endloop
 endfacet
 facet normal 0 1 0
  outer loop
   vertex 0.08199986070394516 0.0016097432235255837 0.5
   vertex 0.08243175595998764 0.0016097432235255837 0.51963531970977783
   vertex 0.082526497542858124 0.0016097432235255837 0.51928174495697021
  endloop
 endfacet
 facet normal 0 1 0
  outer loop
   vertex 0.082399852573871613 0.0016097432235255837 0.51999998092651367
   vertex 0.08243175595998764 0.0016097432235255837 0.51963531970977783
   vertex 0.08199986070394516 0.0016097432235255837 0.5
  endloop
 endfacet
 facet normal 0 1 0
  outer loop
   vertex 0.08199986070394516 0.0016097432235255837 0.52999997138977051
   vertex 0.082399852573871613 0.0016097432235255837 0.51999998092651367
   vertex 0.08199986070394516 0.0016097432235255837 0.5
  endloop
 endfacet
 facet normal 0 1 -0
  outer loop
   vertex 0.08243175595998764 0.0016097432235255837 0.52036464214324951
   vertex 0.082399852573871613 0.0016097432235255837 0.51999998092651367
   vertex 0.08199986070394516 0.0016097432235255837 0.52999997138977051
  endloop
 endfacet
 facet normal 0 1 -0
  outer loop
   vertex 0.082526497542858124 0.0016097432235255837 0.52071821689605713
   vertex 0.08243175595998764 0.0016097432235255837 0.52036464214324951
   vertex 0.08199986070394516 0.0016097432235255837 0.52999997138977051
  endloop
 endfacet
 facet normal 0 1 0
  outer loop
   vertex -0.082403562963008881 0.0016097432235255837 0.51999998092651367
   vertex -0.082003563642501831 0.0016097432235255837 0.5
   vertex -0.082435466349124908 0.0016097432235255837 0.51963531970977783
  endloop
 endfacet
 facet normal 0 1 -0
  outer loop
   vertex -0.082003563642501831 0.0016097432235255837 0.52999997138977051
   vertex -0.082003563642501831 0.0016097432235255837 0.5
   vertex -0.082403562963008881 0.0016097432235255837 0.51999998092651367
  endloop
 endfacet
 facet normal 0 1 0
  outer loop
   vertex -0.082435466349124908 0.0016097432235255837 0.52036464214324951
   vertex -0.082003563642501831 0.0016097432235255837 0.52999997138977051
   vertex -0.082403562963008881 0.0016097432235255837 0.51999998092651367
  endloop
 endfacet
 facet normal 0 1 0
  outer loop
   vertex -0.0841389000415802 0.0016097432235255837 0.51793187856674194
   vertex -0.083785325288772583 0.0016097432235255837 0.51802664995193481
   vertex -0.082003563642501831 0.0016097432235255837 0.5
  endloop
 endfacet
 facet normal 0 1 0
  outer loop
   vertex -0.0841389000415802 0.0016097432235255837 0.5220680832862854
   vertex -0.082003563642501831 0.0016097432235255837 0.52999997138977051
   vertex -0.083785325288772583 0.0016097432235255837 0.5219733715057373
  endloop
 endfacet
 facet normal 0 1 0
  outer loop
   vertex -0.08450356125831604 0.0016097432235255837 0.52209997177124023
   vertex -0.082003563642501831 0.0016097432235255837 0.52999997138977051
   vertex -0.0841389000415802 0.0016097432235255837 0.5220680832862854
  endloop
 endfacet
 facet normal -0 1 0
  outer loop
   vertex -0.082003563642501831 0.0016097432235255837 0.5
   vertex -0.082530207931995392 0.0016097432235255837 0.51928174495697021
   vertex -0.082435466349124908 0.0016097432235255837 0.51963531970977783
  endloop
 endfacet
 facet normal 0 1 0
  outer loop
   vertex -0.082684911787509918 0.0016097432235255837 0.51894998550415039
   vertex -0.082530207931995392 0.0016097432235255837 0.51928174495697021
   vertex -0.082003563642501831 0.0016097432235255837 0.5
  endloop
 endfacet
 facet normal 0 1 0
  outer loop
   vertex -0.082894869148731232 0.0016097432235255837 0.5186501145362854
   vertex -0.082684911787509918 0.0016097432235255837 0.51894998550415039
   vertex -0.082003563642501831 0.0016097432235255837 0.5
  endloop
 endfacet
 facet normal -0 1 0
  outer loop
   vertex -0.082003563642501831 0.0016097432235255837 0.5
   vertex -0.083153709769248962 0.0016097432235255837 0.51839131116867065
   vertex -0.082894869148731232 0.0016097432235255837 0.5186501145362854
  endloop
 endfacet
 facet normal 0 1 0
  outer loop
   vertex -0.083453565835952759 0.0016097432235255837 0.51818132400512695
   vertex -0.083153709769248962 0.0016097432235255837 0.51839131116867065
   vertex -0.082003563642501831 0.0016097432235255837 0.5
  endloop
 endfacet
 facet normal 0 1 0
  outer loop
   vertex -0.083785325288772583 0.0016097432235255837 0.51802664995193481
   vertex -0.083453565835952759 0.0016097432235255837 0.51818132400512695
   vertex -0.082003563642501831 0.0016097432235255837 0.5
  endloop
 endfacet
 facet normal 0 1 0
  outer loop
   vertex -0.08486822247505188 0.0016097432235255837 0.51793187856674194
   vertex -0.096301786601543427 0.0016097432235255837 0.5
   vertex -0.085221804678440094 0.0016097432235255837 0.51802664995193481
  endloop
 endfacet
 facet normal 0 1 0
  outer loop
   vertex -0.082003563642501831 0.0016097432235255837 0.5
   vertex -0.096301786601543427 0.0016097432235255837 0.5
   vertex -0.08486822247505188 0.0016097432235255837 0.51793187856674194
  endloop
 endfacet
 facet normal 0 1 0
  outer loop
   vertex -0.08450356125831604 0.0016097432235255837 0.51789999008178711
   vertex -0.082003563642501831 0.0016097432235255837 0.5
   vertex -0.08486822247505188 0.0016097432235255837 0.51793187856674194
  endloop
 endfacet
 facet normal 0 1 0
  outer loop
   vertex -0.0841389000415802 0.0016097432235255837 0.51793187856674194
   vertex -0.082003563642501831 0.0016097432235255837 0.5
   vertex -0.08450356125831604 0.0016097432235255837 0.51789999008178711
  endloop
 endfacet
 facet normal 0 1 0
  outer loop
   vertex -0.096301786601543427 0.0016097432235255837 0.52999997138977051
   vertex -0.085553564131259918 0.0016097432235255837 0.52181863784790039
   vertex -0.085853420197963715 0.0016097432235255837 0.52160871028900146
  endloop
 endfacet
 facet normal 0 1 -0
  outer loop
   vertex -0.085221804678440094 0.0016097432235255837 0.5219733715057373
   vertex -0.085553564131259918 0.0016097432235255837 0.52181863784790039
   vertex -0.096301786601543427 0.0016097432235255837 0.52999997138977051
  endloop
 endfacet
 facet normal 0 1 -0
  outer loop
   vertex -0.082003563642501831 0.0016097432235255837 0.52999997138977051
   vertex -0.085221804678440094 0.0016097432235255837 0.5219733715057373
   vertex -0.096301786601543427 0.0016097432235255837 0.52999997138977051
  endloop
 endfacet
 facet normal 0 1 0
  outer loop
   vertex -0.08486822247505188 0.0016097432235255837 0.5220680832862854
   vertex -0.085221804678440094 0.0016097432235255837 0.5219733715057373
   vertex -0.082003563642501831 0.0016097432235255837 0.52999997138977051
  endloop
 endfacet
 facet normal 0 1 0
  outer loop
   vertex -0.08450356125831604 0.0016097432235255837 0.52209997177124023
   vertex -0.08486822247505188 0.0016097432235255837 0.5220680832862854
   vertex -0.082003563642501831 0.0016097432235255837 0.52999997138977051
  endloop
 endfacet
 facet normal 0 1 -0
  outer loop
   vertex -0.082003563642501831 0.0016097432235255837 0.52999997138977051
   vertex -0.083453565835952759 0.0016097432235255837 0.52181863784790039
   vertex -0.083785325288772583 0.0016097432235255837 0.5219733715057373
  endloop
 endfacet
 facet normal -0 1 0
  outer loop
   vertex -0.083153709769248962 0.0016097432235255837 0.52160871028900146
   vertex -0.083453565835952759 0.0016097432235255837 0.52181863784790039
   vertex -0.082003563642501831 0.0016097432235255837 0.52999997138977051
  endloop
 endfacet
 facet normal -0 1 0
  outer loop
   vertex -0.082894869148731232 0.0016097432235255837 0.52134984731674194
   vertex -0.083153709769248962 0.0016097432235255837 0.52160871028900146
   vertex -0.082003563642501831 0.0016097432235255837 0.52999997138977051
  endloop
 endfacet
 facet normal 0 1 0
  outer loop
   vertex -0.096301786601543427 0.0016097432235255837 0.5
   vertex -0.085553564131259918 0.0016097432235255837 0.51818132400512695
   vertex -0.085221804678440094 0.0016097432235255837 0.51802664995193481
  endloop
 endfacet
 facet normal 0 1 0
  outer loop
   vertex -0.085853420197963715 0.0016097432235255837 0.51839131116867065
   vertex -0.085553564131259918 0.0016097432235255837 0.51818132400512695
   vertex -0.096301786601543427 0.0016097432235255837 0.5
  endloop
 endfacet
 facet normal 0 1 0
  outer loop
   vertex -0.086112260818481445 0.0016097432235255837 0.5186501145362854
   vertex -0.085853420197963715 0.0016097432235255837 0.51839131116867065
   vertex -0.096301786601543427 0.0016097432235255837 0.5
  endloop
 endfacet
 facet normal 0 1 -0
  outer loop
   vertex -0.082003563642501831 0.0016097432235255837 0.52999997138977051
   vertex -0.082684911787509918 0.0016097432235255837 0.52104997634887695
   vertex -0.082894869148731232 0.0016097432235255837 0.52134984731674194
  endloop
 endfacet
 facet normal -0 1 0
  outer loop
   vertex -0.082530207931995392 0.0016097432235255837 0.52071821689605713
   vertex -0.082684911787509918 0.0016097432235255837 0.52104997634887695
   vertex -0.082003563642501831 0.0016097432235255837 0.52999997138977051
  endloop
 endfacet
 facet normal -0 1 0
  outer loop
   vertex -0.082435466349124908 0.0016097432235255837 0.52036464214324951
   vertex -0.082530207931995392 0.0016097432235255837 0.52071821689605713
   vertex -0.082003563642501831 0.0016097432235255837 0.52999997138977051
  endloop
 endfacet
 facet normal 0 1 0
  outer loop
   vertex -0.086571663618087769 0.0016097432235255837 0.51963531970977783
   vertex -0.096301786601543427 0.0016097432235255837 0.5
   vertex -0.096301786601543427 0.0016097432235255837 0.52999997138977051
  endloop
 endfacet
 facet normal 0 1 0
  outer loop
   vertex -0.096301786601543427 0.0016097432235255837 0.52999997138977051
   vertex -0.086603567004203796 0.0016097432235255837 0.51999998092651367
   vertex -0.086571663618087769 0.0016097432235255837 0.51963531970977783
  endloop
 endfacet
 facet normal 0 1 -0
  outer loop
   vertex -0.086571663618087769 0.0016097432235255837 0.52036464214324951
   vertex -0.086603567004203796 0.0016097432235255837 0.51999998092651367
   vertex -0.096301786601543427 0.0016097432235255837 0.52999997138977051
  endloop
 endfacet
 facet normal 0 1 -0
  outer loop
   vertex -0.086476922035217285 0.0016097432235255837 0.52071821689605713
   vertex -0.086571663618087769 0.0016097432235255837 0.52036464214324951
   vertex -0.096301786601543427 0.0016097432235255837 0.52999997138977051
  endloop
 endfacet
 facet normal 0 1 0
  outer loop
   vertex -0.096301786601543427 0.0016097432235255837 0.5
   vertex -0.086322218179702759 0.0016097432235255837 0.51894998550415039
   vertex -0.086112260818481445 0.0016097432235255837 0.5186501145362854
  endloop
 endfacet
 facet normal 0 1 0
  outer loop
   vertex -0.086476922035217285 0.0016097432235255837 0.51928174495697021
   vertex -0.086322218179702759 0.0016097432235255837 0.51894998550415039
   vertex -0.096301786601543427 0.0016097432235255837 0.5
  endloop
 endfacet
 facet normal 0 1 0
  outer loop
   vertex -0.086571663618087769 0.0016097432235255837 0.51963531970977783
   vertex -0.086476922035217285 0.0016097432235255837 0.51928174495697021
   vertex -0.096301786601543427 0.0016097432235255837 0.5
  endloop
 endfacet
 facet normal 0 1 0
  outer loop
   vertex -0.096301786601543427 0.0016097432235255837 0.52999997138977051
   vertex -0.086322218179702759 0.0016097432235255837 0.52104997634887695
   vertex -0.086476922035217285 0.0016097432235255837 0.52071821689605713
  endloop
 endfacet
 facet normal 0 1 -0
  outer loop
   vertex -0.086112260818481445 0.0016097432235255837 0.52134984731674194
   vertex -0.086322218179702759 0.0016097432235255837 0.52104997634887695
   vertex -0.096301786601543427 0.0016097432235255837 0.52999997138977051
  endloop
 endfacet
 facet normal 0 1 -0
  outer loop
   vertex -0.085853420197963715 0.0016097432235255837 0.52160871028900146
   vertex -0.086112260818481445 0.0016097432235255837 0.52134984731674194
   vertex -0.096301786601543427 0.0016097432235255837 0.52999997138977051
  endloop
 endfacet
 facet normal -0 1 0
  outer loop
   vertex 0.08199986070394516 0.0016097432235255837 0.4699999988079071
   vertex 0.084499858319759369 0.0016097432235255837 0.47789999842643738
   vertex 0.084864519536495209 0.0016097432235255837 0.4779319167137146
  endloop
 endfacet
 facet normal 0 1 0
  outer loop
   vertex 0.08199986070394516 0.0016097432235255837 0.4699999988079071
   vertex 0.083149991929531097 0.0016097432235255837 0.47839131951332092
   vertex 0.083449862897396088 0.0016097432235255837 0.47818136215209961
  endloop
 endfacet
 facet normal -0 1 0
  outer loop
   vertex 0.10599630326032639 0.0016097432235255837 0.4699999988079071
   vertex 0.086473219096660614 0.0016097432235255837 0.47928175330162048
   vertex 0.086567960679531097 0.0016097432235255837 0.47963535785675049
  endloop
 endfacet
 facet normal 0 1 0
  outer loop
   vertex 0.086318515241146088 0.0016097432235255837 0.47894999384880066
   vertex 0.086473219096660614 0.0016097432235255837 0.47928175330162048
   vertex 0.10599630326032639 0.0016097432235255837 0.4699999988079071
  endloop
 endfacet
 facet normal 0 1 0
  outer loop
   vertex 0.086108557879924774 0.0016097432235255837 0.47865015268325806
   vertex 0.086318515241146088 0.0016097432235255837 0.47894999384880066
   vertex 0.10599630326032639 0.0016097432235255837 0.4699999988079071
  endloop
 endfacet
 facet normal 0 1 0
  outer loop
   vertex 0.085849709808826447 0.0016097432235255837 0.48160868883132935
   vertex 0.10599630326032639 0.0016097432235255837 0.5
   vertex 0.086108557879924774 0.0016097432235255837 0.48134985566139221
  endloop
 endfacet
 facet normal 0 1 0
  outer loop
   vertex 0.08554985374212265 0.0016097432235255837 0.48181864619255066
   vertex 0.10599630326032639 0.0016097432235255837 0.5
   vertex 0.085849709808826447 0.0016097432235255837 0.48160868883132935
  endloop
 endfacet
 facet normal -0 1 0
  outer loop
   vertex 0.10599630326032639 0.0016097432235255837 0.4699999988079071
   vertex 0.086567960679531097 0.0016097432235255837 0.48036468029022217
   vertex 0.10599630326032639 0.0016097432235255837 0.5
  endloop
 endfacet
 facet normal 0 1 0
  outer loop
   vertex 0.086599849164485931 0.0016097432235255837 0.48000001907348633
   vertex 0.086567960679531097 0.0016097432235255837 0.48036468029022217
   vertex 0.10599630326032639 0.0016097432235255837 0.4699999988079071
  endloop
 endfacet
 facet normal 0 1 0
  outer loop
   vertex 0.086567960679531097 0.0016097432235255837 0.47963535785675049
   vertex 0.086599849164485931 0.0016097432235255837 0.48000001907348633
   vertex 0.10599630326032639 0.0016097432235255837 0.4699999988079071
  endloop
 endfacet
 facet normal 0 1 0
  outer loop
   vertex 0.08199986070394516 0.0016097432235255837 0.5
   vertex 0.083449862897396088 0.0016097432235255837 0.48181864619255066
   vertex 0.083149991929531097 0.0016097432235255837 0.48160868883132935
  endloop
 endfacet
 facet normal 0 1 -0
  outer loop
   vertex 0.083781622350215912 0.0016097432235255837 0.48197335004806519
   vertex 0.083449862897396088 0.0016097432235255837 0.48181864619255066
   vertex 0.08199986070394516 0.0016097432235255837 0.5
  endloop
 endfacet
 facet normal 0 1 -0
  outer loop
   vertex 0.084135197103023529 0.0016097432235255837 0.48206809163093567
   vertex 0.083781622350215912 0.0016097432235255837 0.48197335004806519
   vertex 0.08199986070394516 0.0016097432235255837 0.5
  endloop
 endfacet
 facet normal 0 1 0
  outer loop
   vertex 0.08199986070394516 0.0016097432235255837 0.5
   vertex 0.084499858319759369 0.0016097432235255837 0.48210000991821289
   vertex 0.084135197103023529 0.0016097432235255837 0.48206809163093567
  endloop
 endfacet
 facet normal -0 1 -0
  outer loop
   vertex 0.084864519536495209 0.0016097432235255837 0.48206809163093567
   vertex 0.084499858319759369 0.0016097432235255837 0.48210000991821289
   vertex 0.08199986070394516 0.0016097432235255837 0.5
  endloop
 endfacet
 facet normal 0 1 -0
  outer loop
   vertex 0.10599630326032639 0.0016097432235255837 0.5
   vertex 0.084864519536495209 0.0016097432235255837 0.48206809163093567
   vertex 0.08199986070394516 0.0016097432235255837 0.5
  endloop
 endfacet
 facet normal -0 1 0
  outer loop
   vertex 0.085218094289302826 0.0016097432235255837 0.48197335004806519
   vertex 0.084864519536495209 0.0016097432235255837 0.48206809163093567
   vertex 0.10599630326032639 0.0016097432235255837 0.5
  endloop
 endfacet
 facet normal -0 1 0
  outer loop
   vertex 0.08554985374212265 0.0016097432235255837 0.48181864619255066
   vertex 0.085218094289302826 0.0016097432235255837 0.48197335004806519
   vertex 0.10599630326032639 0.0016097432235255837 0.5
  endloop
 endfacet
 facet normal 0 1 -0
  outer loop
   vertex 0.10599630326032639 0.0016097432235255837 0.5
   vertex 0.086318515241146088 0.0016097432235255837 0.48105001449584961
   vertex 0.086108557879924774 0.0016097432235255837 0.48134985566139221
  endloop
 endfacet
 facet normal -0 1 0
  outer loop
   vertex 0.086473219096660614 0.0016097432235255837 0.48071825504302979
   vertex 0.086318515241146088 0.0016097432235255837 0.48105001449584961
   vertex 0.10599630326032639 0.0016097432235255837 0.5
  endloop
 endfacet
 facet normal -0 1 0
  outer loop
   vertex 0.086567960679531097 0.0016097432235255837 0.48036468029022217
   vertex 0.086473219096660614 0.0016097432235255837 0.48071825504302979
   vertex 0.10599630326032639 0.0016097432235255837 0.5
  endloop
 endfacet
 facet normal -0 1 0
  outer loop
   vertex 0.10599630326032639 0.0016097432235255837 0.4699999988079071
   vertex 0.085849709808826447 0.0016097432235255837 0.47839131951332092
   vertex 0.086108557879924774 0.0016097432235255837 0.47865015268325806
  endloop
 endfacet
 facet normal 0 1 0
  outer loop
   vertex 0.08554985374212265 0.0016097432235255837 0.47818136215209961
   vertex 0.085849709808826447 0.0016097432235255837 0.47839131951332092
   vertex 0.10599630326032639 0.0016097432235255837 0.4699999988079071
  endloop
 endfacet
 facet normal 0 1 0
  outer loop
   vertex 0.08199986070394516 0.0016097432235255837 0.4699999988079071
   vertex 0.08554985374212265 0.0016097432235255837 0.47818136215209961
   vertex 0.10599630326032639 0.0016097432235255837 0.4699999988079071
  endloop
 endfacet
 facet normal 0 1 0
  outer loop
   vertex 0.085218094289302826 0.0016097432235255837 0.47802665829658508
   vertex 0.08554985374212265 0.0016097432235255837 0.47818136215209961
   vertex 0.08199986070394516 0.0016097432235255837 0.4699999988079071
  endloop
 endfacet
 facet normal 0 1 0
  outer loop
   vertex 0.084864519536495209 0.0016097432235255837 0.4779319167137146
   vertex 0.085218094289302826 0.0016097432235255837 0.47802665829658508
   vertex 0.08199986070394516 0.0016097432235255837 0.4699999988079071
  endloop
 endfacet
 facet normal 0 1 0
  outer loop
   vertex 0.08199986070394516 0.0016097432235255837 0.4699999988079071
   vertex 0.084135197103023529 0.0016097432235255837 0.4779319167137146
   vertex 0.084499858319759369 0.0016097432235255837 0.47789999842643738
  endloop
 endfacet
 facet normal 0 1 0
  outer loop
   vertex 0.083781622350215912 0.0016097432235255837 0.47802665829658508
   vertex 0.084135197103023529 0.0016097432235255837 0.4779319167137146
   vertex 0.08199986070394516 0.0016097432235255837 0.4699999988079071
  endloop
 endfacet
 facet normal 0 1 0
  outer loop
   vertex 0.083449862897396088 0.0016097432235255837 0.47818136215209961
   vertex 0.083781622350215912 0.0016097432235255837 0.47802665829658508
   vertex 0.08199986070394516 0.0016097432235255837 0.4699999988079071
  endloop
 endfacet
 facet normal 0 1 0
  outer loop
   vertex 0.08199986070394516 0.0016097432235255837 0.4699999988079071
   vertex 0.082891158759593964 0.0016097432235255837 0.47865015268325806
   vertex 0.083149991929531097 0.0016097432235255837 0.47839131951332092
  endloop
 endfacet
 facet normal 0 1 0
  outer loop
   vertex 0.08268120139837265 0.0016097432235255837 0.47894999384880066
   vertex 0.082891158759593964 0.0016097432235255837 0.47865015268325806
   vertex 0.08199986070394516 0.0016097432235255837 0.4699999988079071
  endloop
 endfacet
 facet normal 0 1 0
  outer loop
   vertex 0.082526497542858124 0.0016097432235255837 0.47928175330162048
   vertex 0.08268120139837265 0.0016097432235255837 0.47894999384880066
   vertex 0.08199986070394516 0.0016097432235255837 0.4699999988079071
  endloop
 endfacet
 facet normal 0 1 0
  outer loop
   vertex 0.08199986070394516 0.0016097432235255837 0.5
   vertex 0.08268120139837265 0.0016097432235255837 0.48105001449584961
   vertex 0.082526497542858124 0.0016097432235255837 0.48071825504302979
  endloop
 endfacet
 facet normal 0 1 -0
  outer loop
   vertex 0.082891158759593964 0.0016097432235255837 0.48134985566139221
   vertex 0.08268120139837265 0.0016097432235255837 0.48105001449584961
   vertex 0.08199986070394516 0.0016097432235255837 0.5
  endloop
 endfacet
 facet normal 0 1 -0
  outer loop
   vertex 0.083149991929531097 0.0016097432235255837 0.48160868883132935
   vertex 0.082891158759593964 0.0016097432235255837 0.48134985566139221
   vertex 0.08199986070394516 0.0016097432235255837 0.5
  endloop
 endfacet
 facet normal 0 1 0
  outer loop
   vertex 0.08199986070394516 0.0016097432235255837 0.4699999988079071
   vertex 0.08243175595998764 0.0016097432235255837 0.47963535785675049
   vertex 0.082526497542858124 0.0016097432235255837 0.47928175330162048
  endloop
 endfacet
 facet normal 0 1 0
  outer loop
   vertex 0.082399852573871613 0.0016097432235255837 0.48000001907348633
   vertex 0.08243175595998764 0.0016097432235255837 0.47963535785675049
   vertex 0.08199986070394516 0.0016097432235255837 0.4699999988079071
  endloop
 endfacet
 facet normal 0 1 0
  outer loop
   vertex 0.08199986070394516 0.0016097432235255837 0.5
   vertex 0.082399852573871613 0.0016097432235255837 0.48000001907348633
   vertex 0.08199986070394516 0.0016097432235255837 0.4699999988079071
  endloop
 endfacet
 facet normal 0 1 -0
  outer loop
   vertex 0.08243175595998764 0.0016097432235255837 0.48036468029022217
   vertex 0.082399852573871613 0.0016097432235255837 0.48000001907348633
   vertex 0.08199986070394516 0.0016097432235255837 0.5
  endloop
 endfacet
 facet normal 0 1 -0
  outer loop
   vertex 0.082526497542858124 0.0016097432235255837 0.48071825504302979
   vertex 0.08243175595998764 0.0016097432235255837 0.48036468029022217
   vertex 0.08199986070394516 0.0016097432235255837 0.5
  endloop
 endfacet
 facet normal -0 1 0
  outer loop
   vertex -0.082003563642501831 0.0016097432235255837 0.4699999988079071
   vertex -0.082530207931995392 0.0016097432235255837 0.47928175330162048
   vertex -0.082435466349124908 0.0016097432235255837 0.47963535785675049
  endloop
 endfacet
 facet normal 0 1 0
  outer loop
   vertex -0.096301786601543427 0.0016097432235255837 0.4699999988079071
   vertex -0.085853420197963715 0.0016097432235255837 0.47839131951332092
   vertex -0.085553564131259918 0.0016097432235255837 0.47818136215209961
  endloop
 endfacet
 facet normal -0 1 0
  outer loop
   vertex -0.082003563642501831 0.0016097432235255837 0.4699999988079071
   vertex -0.082684911787509918 0.0016097432235255837 0.47894999384880066
   vertex -0.082530207931995392 0.0016097432235255837 0.47928175330162048
  endloop
 endfacet
 facet normal 0 1 0
  outer loop
   vertex -0.082894869148731232 0.0016097432235255837 0.47865015268325806
   vertex -0.082684911787509918 0.0016097432235255837 0.47894999384880066
   vertex -0.082003563642501831 0.0016097432235255837 0.4699999988079071
  endloop
 endfacet
 facet normal 0 1 0
  outer loop
   vertex -0.083153709769248962 0.0016097432235255837 0.47839131951332092
   vertex -0.082894869148731232 0.0016097432235255837 0.47865015268325806
   vertex -0.082003563642501831 0.0016097432235255837 0.4699999988079071
  endloop
 endfacet
 facet normal 0 1 -0
  outer loop
   vertex -0.082003563642501831 0.0016097432235255837 0.5
   vertex -0.0841389000415802 0.0016097432235255837 0.48206809163093567
   vertex -0.08450356125831604 0.0016097432235255837 0.48210000991821289
  endloop
 endfacet
 facet normal -0 1 0
  outer loop
   vertex -0.083785325288772583 0.0016097432235255837 0.48197335004806519
   vertex -0.0841389000415802 0.0016097432235255837 0.48206809163093567
   vertex -0.082003563642501831 0.0016097432235255837 0.5
  endloop
 endfacet
 facet normal 0 1 -0
  outer loop
   vertex -0.082003563642501831 0.0016097432235255837 0.5
   vertex -0.083453565835952759 0.0016097432235255837 0.48181864619255066
   vertex -0.083785325288772583 0.0016097432235255837 0.48197335004806519
  endloop
 endfacet
 facet normal -0 1 0
  outer loop
   vertex -0.083153709769248962 0.0016097432235255837 0.48160868883132935
   vertex -0.083453565835952759 0.0016097432235255837 0.48181864619255066
   vertex -0.082003563642501831 0.0016097432235255837 0.5
  endloop
 endfacet
 facet normal -0 1 0
  outer loop
   vertex -0.082894869148731232 0.0016097432235255837 0.48134985566139221
   vertex -0.083153709769248962 0.0016097432235255837 0.48160868883132935
   vertex -0.082003563642501831 0.0016097432235255837 0.5
  endloop
 endfacet
 facet normal 0 1 0
  outer loop
   vertex -0.082403562963008881 0.0016097432235255837 0.48000001907348633
   vertex -0.082003563642501831 0.0016097432235255837 0.4699999988079071
   vertex -0.082435466349124908 0.0016097432235255837 0.47963535785675049
  endloop
 endfacet
 facet normal 0 1 -0
  outer loop
   vertex -0.082003563642501831 0.0016097432235255837 0.5
   vertex -0.082003563642501831 0.0016097432235255837 0.4699999988079071
   vertex -0.082403562963008881 0.0016097432235255837 0.48000001907348633
  endloop
 endfacet
 facet normal 0 1 0
  outer loop
   vertex -0.082435466349124908 0.0016097432235255837 0.48036468029022217
   vertex -0.082003563642501831 0.0016097432235255837 0.5
   vertex -0.082403562963008881 0.0016097432235255837 0.48000001907348633
  endloop
 endfacet
 facet normal 0 1 -0
  outer loop
   vertex -0.082003563642501831 0.0016097432235255837 0.5
   vertex -0.082684911787509918 0.0016097432235255837 0.48105001449584961
   vertex -0.082894869148731232 0.0016097432235255837 0.48134985566139221
  endloop
 endfacet
 facet normal -0 1 0
  outer loop
   vertex -0.082530207931995392 0.0016097432235255837 0.48071825504302979
   vertex -0.082684911787509918 0.0016097432235255837 0.48105001449584961
   vertex -0.082003563642501831 0.0016097432235255837 0.5
  endloop
 endfacet
 facet normal -0 1 0
  outer loop
   vertex -0.082435466349124908 0.0016097432235255837 0.48036468029022217
   vertex -0.082530207931995392 0.0016097432235255837 0.48071825504302979
   vertex -0.082003563642501831 0.0016097432235255837 0.5
  endloop
 endfacet
 facet normal -0 1 0
  outer loop
   vertex -0.082003563642501831 0.0016097432235255837 0.4699999988079071
   vertex -0.083453565835952759 0.0016097432235255837 0.47818136215209961
   vertex -0.083153709769248962 0.0016097432235255837 0.47839131951332092
  endloop
 endfacet
 facet normal 0 1 0
  outer loop
   vertex -0.083785325288772583 0.0016097432235255837 0.47802665829658508
   vertex -0.083453565835952759 0.0016097432235255837 0.47818136215209961
   vertex -0.082003563642501831 0.0016097432235255837 0.4699999988079071
  endloop
 endfacet
 facet normal 0 1 0
  outer loop
   vertex -0.0841389000415802 0.0016097432235255837 0.4779319167137146
   vertex -0.083785325288772583 0.0016097432235255837 0.47802665829658508
   vertex -0.082003563642501831 0.0016097432235255837 0.4699999988079071
  endloop
 endfacet
 facet normal 0 1 0
  outer loop
   vertex -0.096301786601543427 0.0016097432235255837 0.4699999988079071
   vertex -0.086112260818481445 0.0016097432235255837 0.47865015268325806
   vertex -0.085853420197963715 0.0016097432235255837 0.47839131951332092
  endloop
 endfacet
 facet normal 0 1 0
  outer loop
   vertex -0.086322218179702759 0.0016097432235255837 0.47894999384880066
   vertex -0.086112260818481445 0.0016097432235255837 0.47865015268325806
   vertex -0.096301786601543427 0.0016097432235255837 0.4699999988079071
  endloop
 endfacet
 facet normal 0 1 0
  outer loop
   vertex -0.086476922035217285 0.0016097432235255837 0.47928175330162048
   vertex -0.086322218179702759 0.0016097432235255837 0.47894999384880066
   vertex -0.096301786601543427 0.0016097432235255837 0.4699999988079071
  endloop
 endfacet
 facet normal 0 1 0
  outer loop
   vertex -0.096301786601543427 0.0016097432235255837 0.4699999988079071
   vertex -0.086571663618087769 0.0016097432235255837 0.47963535785675049
   vertex -0.086476922035217285 0.0016097432235255837 0.47928175330162048
  endloop
 endfacet
 facet normal 0 1 0
  outer loop
   vertex -0.086603567004203796 0.0016097432235255837 0.48000001907348633
   vertex -0.086571663618087769 0.0016097432235255837 0.47963535785675049
   vertex -0.096301786601543427 0.0016097432235255837 0.4699999988079071
  endloop
 endfacet
 facet normal 0 1 0
  outer loop
   vertex -0.096301786601543427 0.0016097432235255837 0.5
   vertex -0.086603567004203796 0.0016097432235255837 0.48000001907348633
   vertex -0.096301786601543427 0.0016097432235255837 0.4699999988079071
  endloop
 endfacet
 facet normal 0 1 -0
  outer loop
   vertex -0.086571663618087769 0.0016097432235255837 0.48036468029022217
   vertex -0.086603567004203796 0.0016097432235255837 0.48000001907348633
   vertex -0.096301786601543427 0.0016097432235255837 0.5
  endloop
 endfacet
 facet normal 0 1 -0
  outer loop
   vertex -0.086476922035217285 0.0016097432235255837 0.48071825504302979
   vertex -0.086571663618087769 0.0016097432235255837 0.48036468029022217
   vertex -0.096301786601543427 0.0016097432235255837 0.5
  endloop
 endfacet
 facet normal 0 1 0
  outer loop
   vertex -0.096301786601543427 0.0016097432235255837 0.5
   vertex -0.085553564131259918 0.0016097432235255837 0.48181864619255066
   vertex -0.085853420197963715 0.0016097432235255837 0.48160868883132935
  endloop
 endfacet
 facet normal 0 1 -0
  outer loop
   vertex -0.085221804678440094 0.0016097432235255837 0.48197335004806519
   vertex -0.085553564131259918 0.0016097432235255837 0.48181864619255066
   vertex -0.096301786601543427 0.0016097432235255837 0.5
  endloop
 endfacet
 facet normal 0 1 -0
  outer loop
   vertex -0.082003563642501831 0.0016097432235255837 0.5
   vertex -0.085221804678440094 0.0016097432235255837 0.48197335004806519
   vertex -0.096301786601543427 0.0016097432235255837 0.5
  endloop
 endfacet
 facet normal 0 1 0
  outer loop
   vertex -0.08486822247505188 0.0016097432235255837 0.48206809163093567
   vertex -0.085221804678440094 0.0016097432235255837 0.48197335004806519
   vertex -0.082003563642501831 0.0016097432235255837 0.5
  endloop
 endfacet
 facet normal 0 1 0
  outer loop
   vertex -0.08450356125831604 0.0016097432235255837 0.48210000991821289
   vertex -0.08486822247505188 0.0016097432235255837 0.48206809163093567
   vertex -0.082003563642501831 0.0016097432235255837 0.5
  endloop
 endfacet
 facet normal -0 1 0
  outer loop
   vertex -0.082003563642501831 0.0016097432235255837 0.4699999988079071
   vertex -0.08450356125831604 0.0016097432235255837 0.47789999842643738
   vertex -0.0841389000415802 0.0016097432235255837 0.4779319167137146
  endloop
 endfacet
 facet normal 0 1 0
  outer loop
   vertex -0.08486822247505188 0.0016097432235255837 0.4779319167137146
   vertex -0.08450356125831604 0.0016097432235255837 0.47789999842643738
   vertex -0.082003563642501831 0.0016097432235255837 0.4699999988079071
  endloop
 endfacet
 facet normal 0 1 0
  outer loop
   vertex -0.096301786601543427 0.0016097432235255837 0.4699999988079071
   vertex -0.08486822247505188 0.0016097432235255837 0.4779319167137146
   vertex -0.082003563642501831 0.0016097432235255837 0.4699999988079071
  endloop
 endfacet
 facet normal 0 1 0
  outer loop
   vertex -0.085221804678440094 0.0016097432235255837 0.47802665829658508
   vertex -0.08486822247505188 0.0016097432235255837 0.4779319167137146
   vertex -0.096301786601543427 0.0016097432235255837 0.4699999988079071
  endloop
 endfacet
 facet normal 0 1 0
  outer loop
   vertex -0.085553564131259918 0.0016097432235255837 0.47818136215209961
   vertex -0.085221804678440094 0.0016097432235255837 0.47802665829658508
   vertex -0.096301786601543427 0.0016097432235255837 0.4699999988079071
  endloop
 endfacet
 facet normal 0 1 0
  outer loop
   vertex -0.096301786601543427 0.0016097432235255837 0.5
   vertex -0.086322218179702759 0.0016097432235255837 0.48105001449584961
   vertex -0.086476922035217285 0.0016097432235255837 0.48071825504302979
  endloop
 endfacet
 facet normal 0 1 -0
  outer loop
   vertex -0.086112260818481445 0.0016097432235255837 0.48134985566139221
   vertex -0.086322218179702759 0.0016097432235255837 0.48105001449584961
   vertex -0.096301786601543427 0.0016097432235255837 0.5
  endloop
 endfacet
 facet normal 0 1 -0
  outer loop
   vertex -0.085853420197963715 0.0016097432235255837 0.48160868883132935
   vertex -0.086112260818481445 0.0016097432235255837 0.48134985566139221
   vertex -0.096301786601543427 0.0016097432235255837 0.5
  endloop
 endfacet
 facet normal 0 1 0
  outer loop
   vertex 0.084135197103023529 0.0016097432235255837 0.45793190598487854
   vertex 0.084499858319759369 0.0016097432235255837 0.45790001749992371
   vertex 0.08199986070394516 0.0016097432235255837 0.23750001192092896
  endloop
 endfacet
 facet normal 0 1 0
  outer loop
   vertex 0.08199986070394516 0.0016097432235255837 0.23750001192092896
   vertex 0.083781622350215912 0.0016097432235255837 0.45802664756774902
   vertex 0.084135197103023529 0.0016097432235255837 0.45793190598487854
  endloop
 endfacet
 facet normal 0 1 0
  outer loop
   vertex 0.083449862897396088 0.0016097432235255837 0.45818135142326355
   vertex 0.083781622350215912 0.0016097432235255837 0.45802664756774902
   vertex 0.08199986070394516 0.0016097432235255837 0.23750001192092896
  endloop
 endfacet
 facet normal 0 1 0
  outer loop
   vertex 0.083149991929531097 0.0016097432235255837 0.45839130878448486
   vertex 0.083449862897396088 0.0016097432235255837 0.45818135142326355
   vertex 0.08199986070394516 0.0016097432235255837 0.23750001192092896
  endloop
 endfacet
 facet normal 0 1 0
  outer loop
   vertex 0.10599630326032639 0.0016097432235255837 0.4699999988079071
   vertex 0.086567960679531097 0.0016097432235255837 0.45963534712791443
   vertex 0.086599849164485931 0.0016097432235255837 0.46000000834465027
  endloop
 endfacet
 facet normal -0 1 0
  outer loop
   vertex 0.086473219096660614 0.0016097432235255837 0.45928177237510681
   vertex 0.086567960679531097 0.0016097432235255837 0.45963534712791443
   vertex 0.10599630326032639 0.0016097432235255837 0.4699999988079071
  endloop
 endfacet
 facet normal -0 1 0
  outer loop
   vertex 0.10599630326032639 0.0016097432235255837 0.23750001192092896
   vertex 0.086473219096660614 0.0016097432235255837 0.45928177237510681
   vertex 0.10599630326032639 0.0016097432235255837 0.4699999988079071
  endloop
 endfacet
 facet normal -0 1 0
  outer loop
   vertex 0.10599630326032639 0.0016097432235255837 0.23750001192092896
   vertex 0.086318515241146088 0.0016097432235255837 0.45895001292228699
   vertex 0.086473219096660614 0.0016097432235255837 0.45928177237510681
  endloop
 endfacet
 facet normal 0 1 0
  outer loop
   vertex 0.086108557879924774 0.0016097432235255837 0.458650141954422
   vertex 0.086318515241146088 0.0016097432235255837 0.45895001292228699
   vertex 0.10599630326032639 0.0016097432235255837 0.23750001192092896
  endloop
 endfacet
 facet normal 0 1 0
  outer loop
   vertex 0.085849709808826447 0.0016097432235255837 0.45839130878448486
   vertex 0.086108557879924774 0.0016097432235255837 0.458650141954422
   vertex 0.10599630326032639 0.0016097432235255837 0.23750001192092896
  endloop
 endfacet
 facet normal 0 1 0
  outer loop
   vertex 0.08199986070394516 0.0016097432235255837 0.4699999988079071
   vertex 0.083449862897396088 0.0016097432235255837 0.46181866526603699
   vertex 0.083149991929531097 0.0016097432235255837 0.46160870790481567
  endloop
 endfacet
 facet normal 0 1 -0
  outer loop
   vertex 0.10599630326032639 0.0016097432235255837 0.4699999988079071
   vertex 0.086108557879924774 0.0016097432235255837 0.46134987473487854
   vertex 0.085849709808826447 0.0016097432235255837 0.46160870790481567
  endloop
 endfacet
 facet normal -0 1 0
  outer loop
   vertex 0.10599630326032639 0.0016097432235255837 0.23750001192092896
   vertex 0.08554985374212265 0.0016097432235255837 0.45818135142326355
   vertex 0.085849709808826447 0.0016097432235255837 0.45839130878448486
  endloop
 endfacet
 facet normal 0 1 0
  outer loop
   vertex 0.085218094289302826 0.0016097432235255837 0.45802664756774902
   vertex 0.08554985374212265 0.0016097432235255837 0.45818135142326355
   vertex 0.10599630326032639 0.0016097432235255837 0.23750001192092896
  endloop
 endfacet
 facet normal 0 1 0
  outer loop
   vertex 0.08199986070394516 0.0016097432235255837 0.23750001192092896
   vertex 0.085218094289302826 0.0016097432235255837 0.45802664756774902
   vertex 0.10599630326032639 0.0016097432235255837 0.23750001192092896
  endloop
 endfacet
 facet normal 0 1 0
  outer loop
   vertex 0.084864519536495209 0.0016097432235255837 0.45793190598487854
   vertex 0.085218094289302826 0.0016097432235255837 0.45802664756774902
   vertex 0.08199986070394516 0.0016097432235255837 0.23750001192092896
  endloop
 endfacet
 facet normal 0 1 0
  outer loop
   vertex 0.084499858319759369 0.0016097432235255837 0.45790001749992371
   vertex 0.084864519536495209 0.0016097432235255837 0.45793190598487854
   vertex 0.08199986070394516 0.0016097432235255837 0.23750001192092896
  endloop
 endfacet
 facet normal 0 1 0
  outer loop
   vertex 0.08199986070394516 0.0016097432235255837 0.4699999988079071
   vertex 0.083781622350215912 0.0016097432235255837 0.46197336912155151
   vertex 0.083449862897396088 0.0016097432235255837 0.46181866526603699
  endloop
 endfacet
 facet normal 0 1 -0
  outer loop
   vertex 0.084135197103023529 0.0016097432235255837 0.462068110704422
   vertex 0.083781622350215912 0.0016097432235255837 0.46197336912155151
   vertex 0.08199986070394516 0.0016097432235255837 0.4699999988079071
  endloop
 endfacet
 facet normal 0 1 -0
  outer loop
   vertex 0.084499858319759369 0.0016097432235255837 0.46209999918937683
   vertex 0.084135197103023529 0.0016097432235255837 0.462068110704422
   vertex 0.08199986070394516 0.0016097432235255837 0.4699999988079071
  endloop
 endfacet
 facet normal 0 1 0
  outer loop
   vertex 0.08199986070394516 0.0016097432235255837 0.23750001192092896
   vertex 0.082891158759593964 0.0016097432235255837 0.458650141954422
   vertex 0.083149991929531097 0.0016097432235255837 0.45839130878448486
  endloop
 endfacet
 facet normal 0 1 0
  outer loop
   vertex 0.08268120139837265 0.0016097432235255837 0.45895001292228699
   vertex 0.082891158759593964 0.0016097432235255837 0.458650141954422
   vertex 0.08199986070394516 0.0016097432235255837 0.23750001192092896
  endloop
 endfacet
 facet normal 0 1 0
  outer loop
   vertex 0.082526497542858124 0.0016097432235255837 0.45928177237510681
   vertex 0.08268120139837265 0.0016097432235255837 0.45895001292228699
   vertex 0.08199986070394516 0.0016097432235255837 0.23750001192092896
  endloop
 endfacet
 facet normal 0 1 0
  outer loop
   vertex 0.08199986070394516 0.0016097432235255837 0.4699999988079071
   vertex 0.08268120139837265 0.0016097432235255837 0.46105000376701355
   vertex 0.082526497542858124 0.0016097432235255837 0.46071824431419373
  endloop
 endfacet
 facet normal 0 1 -0
  outer loop
   vertex 0.082891158759593964 0.0016097432235255837 0.46134987473487854
   vertex 0.08268120139837265 0.0016097432235255837 0.46105000376701355
   vertex 0.08199986070394516 0.0016097432235255837 0.4699999988079071
  endloop
 endfacet
 facet normal 0 1 -0
  outer loop
   vertex 0.083149991929531097 0.0016097432235255837 0.46160870790481567
   vertex 0.082891158759593964 0.0016097432235255837 0.46134987473487854
   vertex 0.08199986070394516 0.0016097432235255837 0.4699999988079071
  endloop
 endfacet
 facet normal 0 1 0
  outer loop
   vertex 0.08199986070394516 0.0016097432235255837 0.4699999988079071
   vertex 0.084864519536495209 0.0016097432235255837 0.462068110704422
   vertex 0.084499858319759369 0.0016097432235255837 0.46209999918937683
  endloop
 endfacet
 facet normal -0 1 -0
  outer loop
   vertex 0.085218094289302826 0.0016097432235255837 0.46197336912155151
   vertex 0.084864519536495209 0.0016097432235255837 0.462068110704422
   vertex 0.08199986070394516 0.0016097432235255837 0.4699999988079071
  endloop
 endfacet
 facet normal 0 1 -0
  outer loop
   vertex 0.10599630326032639 0.0016097432235255837 0.4699999988079071
   vertex 0.085218094289302826 0.0016097432235255837 0.46197336912155151
   vertex 0.08199986070394516 0.0016097432235255837 0.4699999988079071
  endloop
 endfacet
 facet normal -0 1 0
  outer loop
   vertex 0.08554985374212265 0.0016097432235255837 0.46181866526603699
   vertex 0.085218094289302826 0.0016097432235255837 0.46197336912155151
   vertex 0.10599630326032639 0.0016097432235255837 0.4699999988079071
  endloop
 endfacet
 facet normal -0 1 0
  outer loop
   vertex 0.085849709808826447 0.0016097432235255837 0.46160870790481567
   vertex 0.08554985374212265 0.0016097432235255837 0.46181866526603699
   vertex 0.10599630326032639 0.0016097432235255837 0.4699999988079071
  endloop
 endfacet
 facet normal 0 1 -0
  outer loop
   vertex 0.10599630326032639 0.0016097432235255837 0.4699999988079071
   vertex 0.086318515241146088 0.0016097432235255837 0.46105000376701355
   vertex 0.086108557879924774 0.0016097432235255837 0.46134987473487854
  endloop
 endfacet
 facet normal -0 1 0
  outer loop
   vertex 0.086473219096660614 0.0016097432235255837 0.46071824431419373
   vertex 0.086318515241146088 0.0016097432235255837 0.46105000376701355
   vertex 0.10599630326032639 0.0016097432235255837 0.4699999988079071
  endloop
 endfacet
 facet normal -0 1 0
  outer loop
   vertex 0.086567960679531097 0.0016097432235255837 0.46036466956138611
   vertex 0.086473219096660614 0.0016097432235255837 0.46071824431419373
   vertex 0.10599630326032639 0.0016097432235255837 0.4699999988079071
  endloop
 endfacet
 facet normal 0 1 0
  outer loop
   vertex 0.08199986070394516 0.0016097432235255837 0.23750001192092896
   vertex 0.08243175595998764 0.0016097432235255837 0.45963534712791443
   vertex 0.082526497542858124 0.0016097432235255837 0.45928177237510681
  endloop
 endfacet
 facet normal 0 1 0
  outer loop
   vertex 0.082399852573871613 0.0016097432235255837 0.46000000834465027
   vertex 0.08243175595998764 0.0016097432235255837 0.45963534712791443
   vertex 0.08199986070394516 0.0016097432235255837 0.23750001192092896
  endloop
 endfacet
 facet normal 0 1 0
  outer loop
   vertex 0.08199986070394516 0.0016097432235255837 0.4699999988079071
   vertex 0.082399852573871613 0.0016097432235255837 0.46000000834465027
   vertex 0.08199986070394516 0.0016097432235255837 0.23750001192092896
  endloop
 endfacet
 facet normal 0 1 -0
  outer loop
   vertex 0.08243175595998764 0.0016097432235255837 0.46036466956138611
   vertex 0.082399852573871613 0.0016097432235255837 0.46000000834465027
   vertex 0.08199986070394516 0.0016097432235255837 0.4699999988079071
  endloop
 endfacet
 facet normal 0 1 -0
  outer loop
   vertex 0.082526497542858124 0.0016097432235255837 0.46071824431419373
   vertex 0.08243175595998764 0.0016097432235255837 0.46036466956138611
   vertex 0.08199986070394516 0.0016097432235255837 0.4699999988079071
  endloop
 endfacet
 facet normal 0 1 0
  outer loop
   vertex 0.017498143017292023 0.0016097432235255837 0.23750001192092896
   vertex 0.08199986070394516 0.0016097432235255837 0.23750001192092896
   vertex 0.017498143017292023 0.0016097432235255837 0.02500000037252903
  endloop
 endfacet
 facet normal 0 1 -0
  outer loop
   vertex 0.08199986070394516 0.0016097432235255837 0.4699999988079071
   vertex 0.08199986070394516 0.0016097432235255837 0.23750001192092896
   vertex 0.017498143017292023 0.0016097432235255837 0.23750001192092896
  endloop
 endfacet
 facet normal 0 1 0
  outer loop
   vertex 0.017498143017292023 0.0016097432235255837 0.4699999988079071
   vertex 0.08199986070394516 0.0016097432235255837 0.4699999988079071
   vertex 0.017498143017292023 0.0016097432235255837 0.23750001192092896
  endloop
 endfacet
 facet normal 0 1 -0
  outer loop
   vertex 0.08199986070394516 0.0016097432235255837 0.5
   vertex 0.08199986070394516 0.0016097432235255837 0.4699999988079071
   vertex 0.017498143017292023 0.0016097432235255837 0.4699999988079071
  endloop
 endfacet
 facet normal 0 1 0
  outer loop
   vertex 0.017498143017292023 0.0016097432235255837 0.5
   vertex 0.08199986070394516 0.0016097432235255837 0.5
   vertex 0.017498143017292023 0.0016097432235255837 0.4699999988079071
  endloop
 endfacet
 facet normal 0 1 -0
  outer loop
   vertex 0.08199986070394516 0.0016097432235255837 0.52999997138977051
   vertex 0.08199986070394516 0.0016097432235255837 0.5
   vertex 0.017498143017292023 0.0016097432235255837 0.5
  endloop
 endfacet
 facet normal 0 1 0
  outer loop
   vertex 0.017498143017292023 0.0016097432235255837 0.52999997138977051
   vertex 0.08199986070394516 0.0016097432235255837 0.52999997138977051
   vertex 0.017498143017292023 0.0016097432235255837 0.5
  endloop
 endfacet
 facet normal 0 1 -0
  outer loop
   vertex 0.08199986070394516 0.0016097432235255837 0.76499998569488525
   vertex 0.08199986070394516 0.0016097432235255837 0.52999997138977051
   vertex 0.017498143017292023 0.0016097432235255837 0.52999997138977051
  endloop
 endfacet
 facet normal 0 1 0
  outer loop
   vertex 0.017498143017292023 0.0016097432235255837 0.76499998569488525
   vertex 0.08199986070394516 0.0016097432235255837 0.76499998569488525
   vertex 0.017498143017292023 0.0016097432235255837 0.52999997138977051
  endloop
 endfacet
 facet normal 0 1 -0
  outer loop
   vertex 0.08199986070394516 0.0016097432235255837 0.99605000019073486
   vertex 0.08199986070394516 0.0016097432235255837 0.76499998569488525
   vertex 0.017498143017292023 0.0016097432235255837 0.76499998569488525
  endloop
 endfacet
 facet normal 0 1 0
  outer loop
   vertex 0.017498143017292023 0.0016097432235255837 0.99605000019073486
   vertex 0.08199986070394516 0.0016097432235255837 0.99605000019073486
   vertex 0.017498143017292023 0.0016097432235255837 0.76499998569488525
  endloop
 endfacet
 facet normal 0 1 -0
  outer loop
   vertex 0.08199986070394516 0.0016097432235255837 1
   vertex 0.08199986070394516 0.0016097432235255837 0.99605000019073486
   vertex 0.017498143017292023 0.0016097432235255837 0.99605000019073486
  endloop
 endfacet
 facet normal 0 1 0
  outer loop
   vertex 0.017498143017292023 0.0016097432235255837 1
   vertex 0.08199986070394516 0.0016097432235255837 1
   vertex 0.017498143017292023 0.0016097432235255837 0.99605000019073486
  endloop
 endfacet
 facet normal 0 1 0
  outer loop
   vertex -0.017003566026687622 0.0016097432235255837 0.23750001192092896
   vertex 0.017498143017292023 0.0016097432235255837 0.23750001192092896
   vertex -0.017003566026687622 0.0016097432235255837 0.02500000037252903
  endloop
 endfacet
 facet normal 0 1 -0
  outer loop
   vertex 0.017498143017292023 0.0016097432235255837 0.4699999988079071
   vertex 0.017498143017292023 0.0016097432235255837 0.23750001192092896
   vertex -0.017003566026687622 0.0016097432235255837 0.23750001192092896
  endloop
 endfacet
 facet normal 0 1 0
  outer loop
   vertex -0.017003566026687622 0.0016097432235255837 0.4699999988079071
   vertex 0.017498143017292023 0.0016097432235255837 0.4699999988079071
   vertex -0.017003566026687622 0.0016097432235255837 0.23750001192092896
  endloop
 endfacet
 facet normal 0 1 -0
  outer loop
   vertex 0.017498143017292023 0.0016097432235255837 0.5
   vertex 0.017498143017292023 0.0016097432235255837 0.4699999988079071
   vertex -0.017003566026687622 0.0016097432235255837 0.4699999988079071
  endloop
 endfacet
 facet normal 0 1 0
  outer loop
   vertex -0.017003566026687622 0.0016097432235255837 0.5
   vertex 0.017498143017292023 0.0016097432235255837 0.5
   vertex -0.017003566026687622 0.0016097432235255837 0.4699999988079071
  endloop
 endfacet
 facet normal 0 1 -0
  outer loop
   vertex 0.017498143017292023 0.0016097432235255837 0.52999997138977051
   vertex 0.017498143017292023 0.0016097432235255837 0.5
   vertex -0.017003566026687622 0.0016097432235255837 0.5
  endloop
 endfacet
 facet normal 0 1 0
  outer loop
   vertex -0.017003566026687622 0.0016097432235255837 0.52999997138977051
   vertex 0.017498143017292023 0.0016097432235255837 0.52999997138977051
   vertex -0.017003566026687622 0.0016097432235255837 0.5
  endloop
 endfacet
 facet normal 0 1 -0
  outer loop
   vertex 0.017498143017292023 0.0016097432235255837 0.76499998569488525
   vertex 0.017498143017292023 0.0016097432235255837 0.52999997138977051
   vertex -0.017003566026687622 0.0016097432235255837 0.52999997138977051
  endloop
 endfacet
 facet normal 0 1 0
  outer loop
   vertex -0.017003566026687622 0.0016097432235255837 0.76499998569488525
   vertex 0.017498143017292023 0.0016097432235255837 0.76499998569488525
   vertex -0.017003566026687622 0.0016097432235255837 0.52999997138977051
  endloop
 endfacet
 facet normal 0 1 0
  outer loop
   vertex 0.000861101143527776 0.0016097432235255837 0.98793190717697144
   vertex 0.017498143017292023 0.0016097432235255837 0.76499998569488525
   vertex -0.017003566026687622 0.0016097432235255837 0.76499998569488525
  endloop
 endfacet
 facet normal 0 1 0
  outer loop
   vertex 0.00049643992679193616 0.0016097432235255837 0.98789995908737183
   vertex 0.000861101143527776 0.0016097432235255837 0.98793190717697144
   vertex -0.017003566026687622 0.0016097432235255837 0.76499998569488525
  endloop
 endfacet
 facet normal 0 1 0
  outer loop
   vertex -0.082003563642501831 0.0016097432235255837 0.23750001192092896
   vertex -0.017003566026687622 0.0016097432235255837 0.23750001192092896
   vertex -0.035853423178195953 0.0016097432235255837 0.016608692705631256
  endloop
 endfacet
 facet normal 0 1 -0
  outer loop
   vertex -0.017003566026687622 0.0016097432235255837 0.4699999988079071
   vertex -0.017003566026687622 0.0016097432235255837 0.23750001192092896
   vertex -0.082003563642501831 0.0016097432235255837 0.23750001192092896
  endloop
 endfacet
 facet normal 0 1 0
  outer loop
   vertex -0.082003563642501831 0.0016097432235255837 0.4699999988079071
   vertex -0.017003566026687622 0.0016097432235255837 0.4699999988079071
   vertex -0.082003563642501831 0.0016097432235255837 0.23750001192092896
  endloop
 endfacet
 facet normal 0 1 -0
  outer loop
   vertex -0.017003566026687622 0.0016097432235255837 0.5
   vertex -0.017003566026687622 0.0016097432235255837 0.4699999988079071
   vertex -0.082003563642501831 0.0016097432235255837 0.4699999988079071
  endloop
 endfacet
 facet normal 0 1 0
  outer loop
   vertex -0.082003563642501831 0.0016097432235255837 0.5
   vertex -0.017003566026687622 0.0016097432235255837 0.5
   vertex -0.082003563642501831 0.0016097432235255837 0.4699999988079071
  endloop
 endfacet
 facet normal 0 1 -0
  outer loop
   vertex -0.017003566026687622 0.0016097432235255837 0.52999997138977051
   vertex -0.017003566026687622 0.0016097432235255837 0.5
   vertex -0.082003563642501831 0.0016097432235255837 0.5
  endloop
 endfacet
 facet normal 0 1 0
  outer loop
   vertex -0.082003563642501831 0.0016097432235255837 0.52999997138977051
   vertex -0.017003566026687622 0.0016097432235255837 0.52999997138977051
   vertex -0.082003563642501831 0.0016097432235255837 0.5
  endloop
 endfacet
 facet normal 0 1 -0
  outer loop
   vertex -0.017003566026687622 0.0016097432235255837 0.76499998569488525
   vertex -0.017003566026687622 0.0016097432235255837 0.52999997138977051
   vertex -0.082003563642501831 0.0016097432235255837 0.52999997138977051
  endloop
 endfacet
 facet normal 0 1 0
  outer loop
   vertex -0.082003563642501831 0.0016097432235255837 0.76499998569488525
   vertex -0.017003566026687622 0.0016097432235255837 0.76499998569488525
   vertex -0.082003563642501831 0.0016097432235255837 0.52999997138977051
  endloop
 endfacet
 facet normal 0 1 -0
  outer loop
   vertex -0.017003566026687622 0.0016097432235255837 0.99605000019073486
   vertex -0.017003566026687622 0.0016097432235255837 0.76499998569488525
   vertex -0.082003563642501831 0.0016097432235255837 0.76499998569488525
  endloop
 endfacet
 facet normal 0 1 0
  outer loop
   vertex -0.082003563642501831 0.0016097432235255837 0.99605000019073486
   vertex -0.017003566026687622 0.0016097432235255837 0.99605000019073486
   vertex -0.082003563642501831 0.0016097432235255837 0.76499998569488525
  endloop
 endfacet
 facet normal 0 1 -0
  outer loop
   vertex -0.017003566026687622 0.0016097432235255837 1
   vertex -0.017003566026687622 0.0016097432235255837 0.99605000019073486
   vertex -0.082003563642501831 0.0016097432235255837 0.99605000019073486
  endloop
 endfacet
 facet normal 0 1 0
  outer loop
   vertex -0.082003563642501831 0.0016097432235255837 1
   vertex -0.017003566026687622 0.0016097432235255837 1
   vertex -0.082003563642501831 0.0016097432235255837 0.99605000019073486
  endloop
 endfacet
 facet normal -0 1 0
  outer loop
   vertex -0.082003563642501831 0.0016097432235255837 0.23750001192092896
   vertex -0.082684911787509918 0.0016097432235255837 0.45895001292228699
   vertex -0.082530207931995392 0.0016097432235255837 0.45928177237510681
  endloop
 endfacet
 facet normal 0 1 0
  outer loop
   vertex -0.082894869148731232 0.0016097432235255837 0.458650141954422
   vertex -0.082684911787509918 0.0016097432235255837 0.45895001292228699
   vertex -0.082003563642501831 0.0016097432235255837 0.23750001192092896
  endloop
 endfacet
 facet normal -0 1 0
  outer loop
   vertex -0.082003563642501831 0.0016097432235255837 0.23750001192092896
   vertex -0.083153709769248962 0.0016097432235255837 0.45839130878448486
   vertex -0.082894869148731232 0.0016097432235255837 0.458650141954422
  endloop
 endfacet
 facet normal 0 1 0
  outer loop
   vertex -0.083453565835952759 0.0016097432235255837 0.45818135142326355
   vertex -0.083153709769248962 0.0016097432235255837 0.45839130878448486
   vertex -0.082003563642501831 0.0016097432235255837 0.23750001192092896
  endloop
 endfacet
 facet normal 0 1 0
  outer loop
   vertex -0.083785325288772583 0.0016097432235255837 0.45802664756774902
   vertex -0.083453565835952759 0.0016097432235255837 0.45818135142326355
   vertex -0.082003563642501831 0.0016097432235255837 0.23750001192092896
  endloop
 endfacet
 facet normal -0 1 0
  outer loop
   vertex -0.082003563642501831 0.0016097432235255837 0.23750001192092896
   vertex -0.0841389000415802 0.0016097432235255837 0.45793190598487854
   vertex -0.083785325288772583 0.0016097432235255837 0.45802664756774902
  endloop
 endfacet
 facet normal 0 1 0
  outer loop
   vertex -0.08450356125831604 0.0016097432235255837 0.45790001749992371
   vertex -0.0841389000415802 0.0016097432235255837 0.45793190598487854
   vertex -0.082003563642501831 0.0016097432235255837 0.23750001192092896
  endloop
 endfacet
 facet normal 0 1 0
  outer loop
   vertex -0.096301786601543427 0.0016097432235255837 0.23750001192092896
   vertex -0.08450356125831604 0.0016097432235255837 0.45790001749992371
   vertex -0.082003563642501831 0.0016097432235255837 0.23750001192092896
  endloop
 endfacet
 facet normal 0 1 0
  outer loop
   vertex -0.08486822247505188 0.0016097432235255837 0.45793190598487854
   vertex -0.08450356125831604 0.0016097432235255837 0.45790001749992371
   vertex -0.096301786601543427 0.0016097432235255837 0.23750001192092896
  endloop
 endfacet
 facet normal 0 1 0
  outer loop
   vertex -0.085221804678440094 0.0016097432235255837 0.45802664756774902
   vertex -0.08486822247505188 0.0016097432235255837 0.45793190598487854
   vertex -0.096301786601543427 0.0016097432235255837 0.23750001192092896
  endloop
 endfacet
 facet normal 0 1 0
  outer loop
   vertex -0.096301786601543427 0.0016097432235255837 0.23750001192092896
   vertex -0.085553564131259918 0.0016097432235255837 0.45818135142326355
   vertex -0.085221804678440094 0.0016097432235255837 0.45802664756774902
  endloop
 endfacet
 facet normal 0 1 0
  outer loop
   vertex -0.085853420197963715 0.0016097432235255837 0.45839130878448486
   vertex -0.085553564131259918 0.0016097432235255837 0.45818135142326355
   vertex -0.096301786601543427 0.0016097432235255837 0.23750001192092896
  endloop
 endfacet
 facet normal 0 1 0
  outer loop
   vertex -0.086112260818481445 0.0016097432235255837 0.458650141954422
   vertex -0.085853420197963715 0.0016097432235255837 0.45839130878448486
   vertex -0.096301786601543427 0.0016097432235255837 0.23750001192092896
  endloop
 endfacet
 facet normal 0 1 0
  outer loop
   vertex -0.086571663618087769 0.0016097432235255837 0.46036466956138611
   vertex -0.096301786601543427 0.0016097432235255837 0.4699999988079071
   vertex -0.086476922035217285 0.0016097432235255837 0.46071824431419373
  endloop
 endfacet
 facet normal 0 1 0
  outer loop
   vertex -0.086603567004203796 0.0016097432235255837 0.46000000834465027
   vertex -0.096301786601543427 0.0016097432235255837 0.4699999988079071
   vertex -0.086571663618087769 0.0016097432235255837 0.46036466956138611
  endloop
 endfacet
 facet normal 0 1 0
  outer loop
   vertex -0.096301786601543427 0.0016097432235255837 0.4699999988079071
   vertex -0.086322218179702759 0.0016097432235255837 0.46105000376701355
   vertex -0.086476922035217285 0.0016097432235255837 0.46071824431419373
  endloop
 endfacet
 facet normal 0 1 -0
  outer loop
   vertex -0.086112260818481445 0.0016097432235255837 0.46134987473487854
   vertex -0.086322218179702759 0.0016097432235255837 0.46105000376701355
   vertex -0.096301786601543427 0.0016097432235255837 0.4699999988079071
  endloop
 endfacet
 facet normal 0 1 -0
  outer loop
   vertex -0.085853420197963715 0.0016097432235255837 0.46160870790481567
   vertex -0.086112260818481445 0.0016097432235255837 0.46134987473487854
   vertex -0.096301786601543427 0.0016097432235255837 0.4699999988079071
  endloop
 endfacet
 facet normal 0 1 -0
  outer loop
   vertex -0.082003563642501831 0.0016097432235255837 0.4699999988079071
   vertex -0.082894869148731232 0.0016097432235255837 0.46134987473487854
   vertex -0.083153709769248962 0.0016097432235255837 0.46160870790481567
  endloop
 endfacet
 facet normal -0 1 0
  outer loop
   vertex -0.082684911787509918 0.0016097432235255837 0.46105000376701355
   vertex -0.082894869148731232 0.0016097432235255837 0.46134987473487854
   vertex -0.082003563642501831 0.0016097432235255837 0.4699999988079071
  endloop
 endfacet
 facet normal -0 1 0
  outer loop
   vertex -0.082530207931995392 0.0016097432235255837 0.46071824431419373
   vertex -0.082684911787509918 0.0016097432235255837 0.46105000376701355
   vertex -0.082003563642501831 0.0016097432235255837 0.4699999988079071
  endloop
 endfacet
 facet normal 0 1 -0
  outer loop
   vertex -0.082003563642501831 0.0016097432235255837 0.4699999988079071
   vertex -0.082435466349124908 0.0016097432235255837 0.46036466956138611
   vertex -0.082530207931995392 0.0016097432235255837 0.46071824431419373
  endloop
 endfacet
 facet normal -0 1 0
  outer loop
   vertex -0.082403562963008881 0.0016097432235255837 0.46000000834465027
   vertex -0.082435466349124908 0.0016097432235255837 0.46036466956138611
   vertex -0.082003563642501831 0.0016097432235255837 0.4699999988079071
  endloop
 endfacet
 facet normal -0 1 0
  outer loop
   vertex -0.082003563642501831 0.0016097432235255837 0.23750001192092896
   vertex -0.082403562963008881 0.0016097432235255837 0.46000000834465027
   vertex -0.082003563642501831 0.0016097432235255837 0.4699999988079071
  endloop
 endfacet
 facet normal 0 1 0
  outer loop
   vertex -0.082435466349124908 0.0016097432235255837 0.45963534712791443
   vertex -0.082403562963008881 0.0016097432235255837 0.46000000834465027
   vertex -0.082003563642501831 0.0016097432235255837 0.23750001192092896
  endloop
 endfacet
 facet normal 0 1 0
  outer loop
   vertex -0.082530207931995392 0.0016097432235255837 0.45928177237510681
   vertex -0.082435466349124908 0.0016097432235255837 0.45963534712791443
   vertex -0.082003563642501831 0.0016097432235255837 0.23750001192092896
  endloop
 endfacet
 facet normal 0 1 0
  outer loop
   vertex -0.096301786601543427 0.0016097432235255837 0.23750001192092896
   vertex -0.086322218179702759 0.0016097432235255837 0.45895001292228699
   vertex -0.086112260818481445 0.0016097432235255837 0.458650141954422
  endloop
 endfacet
 facet normal 0 1 0
  outer loop
   vertex -0.086476922035217285 0.0016097432235255837 0.45928177237510681
   vertex -0.086322218179702759 0.0016097432235255837 0.45895001292228699
   vertex -0.096301786601543427 0.0016097432235255837 0.23750001192092896
  endloop
 endfacet
 facet normal 0 1 0
  outer loop
   vertex -0.096301786601543427 0.0016097432235255837 0.4699999988079071
   vertex -0.086476922035217285 0.0016097432235255837 0.45928177237510681
   vertex -0.096301786601543427 0.0016097432235255837 0.23750001192092896
  endloop
 endfacet
 facet normal 0 1 0
  outer loop
   vertex -0.086571663618087769 0.0016097432235255837 0.45963534712791443
   vertex -0.086476922035217285 0.0016097432235255837 0.45928177237510681
   vertex -0.096301786601543427 0.0016097432235255837 0.4699999988079071
  endloop
 endfacet
 facet normal 0 1 0
  outer loop
   vertex -0.086603567004203796 0.0016097432235255837 0.46000000834465027
   vertex -0.086571663618087769 0.0016097432235255837 0.45963534712791443
   vertex -0.096301786601543427 0.0016097432235255837 0.4699999988079071
  endloop
 endfacet
 facet normal 0 1 -0
  outer loop
   vertex -0.082003563642501831 0.0016097432235255837 0.4699999988079071
   vertex -0.0841389000415802 0.0016097432235255837 0.462068110704422
   vertex -0.08450356125831604 0.0016097432235255837 0.46209999918937683
  endloop
 endfacet
 facet normal 0 1 0
  outer loop
   vertex -0.096301786601543427 0.0016097432235255837 0.4699999988079071
   vertex -0.085553564131259918 0.0016097432235255837 0.46181866526603699
   vertex -0.085853420197963715 0.0016097432235255837 0.46160870790481567
  endloop
 endfacet
 facet normal 0 1 -0
  outer loop
   vertex -0.085221804678440094 0.0016097432235255837 0.46197336912155151
   vertex -0.085553564131259918 0.0016097432235255837 0.46181866526603699
   vertex -0.096301786601543427 0.0016097432235255837 0.4699999988079071
  endloop
 endfacet
 facet normal 0 1 -0
  outer loop
   vertex -0.082003563642501831 0.0016097432235255837 0.4699999988079071
   vertex -0.085221804678440094 0.0016097432235255837 0.46197336912155151
   vertex -0.096301786601543427 0.0016097432235255837 0.4699999988079071
  endloop
 endfacet
 facet normal 0 1 0
  outer loop
   vertex -0.08486822247505188 0.0016097432235255837 0.462068110704422
   vertex -0.085221804678440094 0.0016097432235255837 0.46197336912155151
   vertex -0.082003563642501831 0.0016097432235255837 0.4699999988079071
  endloop
 endfacet
 facet normal 0 1 0
  outer loop
   vertex -0.08450356125831604 0.0016097432235255837 0.46209999918937683
   vertex -0.08486822247505188 0.0016097432235255837 0.462068110704422
   vertex -0.082003563642501831 0.0016097432235255837 0.4699999988079071
  endloop
 endfacet
 facet normal 0 1 -0
  outer loop
   vertex -0.082003563642501831 0.0016097432235255837 0.4699999988079071
   vertex -0.083785325288772583 0.0016097432235255837 0.46197336912155151
   vertex -0.0841389000415802 0.0016097432235255837 0.462068110704422
  endloop
 endfacet
 facet normal -0 1 0
  outer loop
   vertex -0.083453565835952759 0.0016097432235255837 0.46181866526603699
   vertex -0.083785325288772583 0.0016097432235255837 0.46197336912155151
   vertex -0.082003563642501831 0.0016097432235255837 0.4699999988079071
  endloop
 endfacet
 facet normal -0 1 0
  outer loop
   vertex -0.083153709769248962 0.0016097432235255837 0.46160870790481567
   vertex -0.083453565835952759 0.0016097432235255837 0.46181866526603699
   vertex -0.082003563642501831 0.0016097432235255837 0.4699999988079071
  endloop
 endfacet
 facet normal 0 1 -0
  outer loop
   vertex 0.08199986070394516 0.0016097432235255837 0.23750001192092896
   vertex 0.081599853932857513 0.0016097432235255837 0.015000000596046448
   vertex 0.081567950546741486 0.0016097432235255837 0.015364661812782288
  endloop
 endfacet
 facet normal -0 1 0
  outer loop
   vertex 0.08199986070394516 0.0016097432235255837 0
   vertex 0.081599853932857513 0.0016097432235255837 0.015000000596046448
   vertex 0.08199986070394516 0.0016097432235255837 0.23750001192092896
  endloop
 endfacet
 facet normal 0 1 0
  outer loop
   vertex 0.10599630326032639 0.0016097432235255837 0.23750001192092896
   vertex 0.08199986070394516 0.0016097432235255837 0
   vertex 0.08199986070394516 0.0016097432235255837 0.23750001192092896
  endloop
 endfacet
 facet normal 0 1 0
  outer loop
   vertex 0.10599630326032639 0.0016097432235255837 0
   vertex 0.08199986070394516 0.0016097432235255837 0
   vertex 0.10599630326032639 0.0016097432235255837 0.23750001192092896
  endloop
 endfacet
 facet normal 0 1 0
  outer loop
   vertex -0.082003563642501831 0.0016097432235255837 0.23750001192092896
   vertex -0.096301786601543427 0.0016097432235255837 0
   vertex -0.096301786601543427 0.0016097432235255837 0.23750001192092896
  endloop
 endfacet
 facet normal 0 1 0
  outer loop
   vertex -0.082003563642501831 0.0016097432235255837 0
   vertex -0.096301786601543427 0.0016097432235255837 0
   vertex -0.082003563642501831 0.0016097432235255837 0.23750001192092896
  endloop
 endfacet
 facet normal 0 1 0
  outer loop
   vertex -0.081603564321994781 0.0016097432235255837 0.015000000596046448
   vertex -0.082003563642501831 0.0016097432235255837 0
   vertex -0.082003563642501831 0.0016097432235255837 0.23750001192092896
  endloop
 endfacet
 facet normal 0 1 0
  outer loop
   vertex -0.081571660935878754 0.0016097432235255837 0.014635339379310608
   vertex -0.082003563642501831 0.0016097432235255837 0
   vertex -0.081603564321994781 0.0016097432235255837 0.015000000596046448
  endloop
 endfacet
 facet normal 0 1 0
  outer loop
   vertex -0.096301786601543427 0.0016097432235255837 0.99605000019073486
   vertex -0.10600000619888306 0.0016097432235255837 0.99605000019073486
   vertex -0.096301786601543427 0.0016097432235255837 1
  endloop
 endfacet
 facet normal -0 1 0
  outer loop
   vertex -0.10600000619888306 0.0016097432235255837 0.76499998569488525
   vertex -0.10600000619888306 0.0016097432235255837 0.99605000019073486
   vertex -0.096301786601543427 0.0016097432235255837 0.99605000019073486
  endloop
 endfacet
 facet normal 0 1 0
  outer loop
   vertex -0.096301786601543427 0.0016097432235255837 0.76499998569488525
   vertex -0.10600000619888306 0.0016097432235255837 0.76499998569488525
   vertex -0.096301786601543427 0.0016097432235255837 0.99605000019073486
  endloop
 endfacet
 facet normal -0 1 0
  outer loop
   vertex -0.10600000619888306 0.0016097432235255837 0.52999997138977051
   vertex -0.10600000619888306 0.0016097432235255837 0.76499998569488525
   vertex -0.096301786601543427 0.0016097432235255837 0.76499998569488525
  endloop
 endfacet
 facet normal 0 1 0
  outer loop
   vertex -0.096301786601543427 0.0016097432235255837 0.52999997138977051
   vertex -0.10600000619888306 0.0016097432235255837 0.52999997138977051
   vertex -0.096301786601543427 0.0016097432235255837 0.76499998569488525
  endloop
 endfacet
 facet normal -0 1 0
  outer loop
   vertex -0.10600000619888306 0.0016097432235255837 0.5
   vertex -0.10600000619888306 0.0016097432235255837 0.52999997138977051
   vertex -0.096301786601543427 0.0016097432235255837 0.52999997138977051
  endloop
 endfacet
 facet normal 0 1 0
  outer loop
   vertex -0.096301786601543427 0.0016097432235255837 0.5
   vertex -0.10600000619888306 0.0016097432235255837 0.5
   vertex -0.096301786601543427 0.0016097432235255837 0.52999997138977051
  endloop
 endfacet
 facet normal -0 1 0
  outer loop
   vertex -0.10600000619888306 0.0016097432235255837 0.4699999988079071
   vertex -0.10600000619888306 0.0016097432235255837 0.5
   vertex -0.096301786601543427 0.0016097432235255837 0.5
  endloop
 endfacet
 facet normal 0 1 0
  outer loop
   vertex -0.096301786601543427 0.0016097432235255837 0.4699999988079071
   vertex -0.10600000619888306 0.0016097432235255837 0.4699999988079071
   vertex -0.096301786601543427 0.0016097432235255837 0.5
  endloop
 endfacet
 facet normal -0 1 0
  outer loop
   vertex -0.10600000619888306 0.0016097432235255837 0.23750001192092896
   vertex -0.10600000619888306 0.0016097432235255837 0.4699999988079071
   vertex -0.096301786601543427 0.0016097432235255837 0.4699999988079071
  endloop
 endfacet
 facet normal 0 1 0
  outer loop
   vertex -0.096301786601543427 0.0016097432235255837 0.23750001192092896
   vertex -0.10600000619888306 0.0016097432235255837 0.23750001192092896
   vertex -0.096301786601543427 0.0016097432235255837 0.4699999988079071
  endloop
 endfacet
 facet normal -0 1 0
  outer loop
   vertex -0.10600000619888306 0.0016097432235255837 0
   vertex -0.10600000619888306 0.0016097432235255837 0.23750001192092896
   vertex -0.096301786601543427 0.0016097432235255837 0.23750001192092896
  endloop
 endfacet
 facet normal 0 1 0
  outer loop
   vertex -0.096301786601543427 0.0016097432235255837 0
   vertex -0.10600000619888306 0.0016097432235255837 0
   vertex -0.096301786601543427 0.0016097432235255837 0.23750001192092896
  endloop
 endfacet
 facet normal 0 0 -1
  outer loop
   vertex 0.13249629735946655 0.026609741151332855 0
   vertex 0.13099628686904907 0.037599999457597733 0
   vertex 0.13249629735946655 0.037599999457597733 0
  endloop
 endfacet
 facet normal 0 0 -1
  outer loop
   vertex 0.13099628686904907 0.026609741151332855 0
   vertex 0.13099628686904907 0.037599999457597733 0
   vertex 0.13249629735946655 0.026609741151332855 0
  endloop
 endfacet
 facet normal 0 0 -1
  outer loop
   vertex 0.13209372758865356 0.02200806513428688 0
   vertex 0.13099628686904907 0.026609741151332855 0
   vertex 0.13249629735946655 0.026609741151332855 0
  endloop
 endfacet
 facet normal 0 -0 -1
  outer loop
   vertex 0.13061648607254028 0.022268537431955338 0
   vertex 0.13099628686904907 0.026609741151332855 0
   vertex 0.13209372758865356 0.02200806513428688 0
  endloop
 endfacet
 facet normal 0 0 -1
  outer loop
   vertex 0.13089817762374878 0.017546206712722778 0
   vertex 0.13061648607254028 0.022268537431955338 0
   vertex 0.13209372758865356 0.02200806513428688 0
  endloop
 endfacet
 facet normal 0 -0 -1
  outer loop
   vertex 0.12948861718177795 0.01805923692882061 0
   vertex 0.13061648607254028 0.022268537431955338 0
   vertex 0.13089817762374878 0.017546206712722778 0
  endloop
 endfacet
 facet normal 0 -0 -1
  outer loop
   vertex 0.1289459764957428 0.013359741307795048 0
   vertex 0.12948861718177795 0.01805923692882061 0
   vertex 0.13089817762374878 0.017546206712722778 0
  endloop
 endfacet
 facet normal 0 0 -1
  outer loop
   vertex 0.12764692306518555 0.01410974282771349 0
   vertex 0.12948861718177795 0.01805923692882061 0
   vertex 0.1289459764957428 0.013359741307795048 0
  endloop
 endfacet
 facet normal 0 -0 -1
  outer loop
   vertex 0.12629646062850952 0.0095758708193898201 0
   vertex 0.12764692306518555 0.01410974282771349 0
   vertex 0.1289459764957428 0.013359741307795048 0
  endloop
 endfacet
 facet normal 0 0 -1
  outer loop
   vertex 0.12514740228652954 0.010540050454437733 0
   vertex 0.12764692306518555 0.01410974282771349 0
   vertex 0.12629646062850952 0.0095758708193898201 0
  endloop
 endfacet
 facet normal 0 -0 -1
  outer loop
   vertex 0.12303017824888229 0.0063095656223595142 0
   vertex 0.12514740228652954 0.010540050454437733 0
   vertex 0.12629646062850952 0.0095758708193898201 0
  endloop
 endfacet
 facet normal 0 0 -1
  outer loop
   vertex 0.12206598371267319 0.0074586314149200916 0
   vertex 0.12514740228652954 0.010540050454437733 0
   vertex 0.12303017824888229 0.0063095656223595142 0
  endloop
 endfacet
 facet normal 0 -0 -1
  outer loop
   vertex 0.11924629658460617 0.0036600683815777302 0
   vertex 0.12206598371267319 0.0074586314149200916 0
   vertex 0.12303017824888229 0.0063095656223595142 0
  endloop
 endfacet
 facet normal 0 0 -1
  outer loop
   vertex 0.11849629133939743 0.0049591069109737873 0
   vertex 0.12206598371267319 0.0074586314149200916 0
   vertex 0.11924629658460617 0.0036600683815777302 0
  endloop
 endfacet
 facet normal 0 -0 -1
  outer loop
   vertex 0.11505983024835587 0.0017078859964385629 0
   vertex 0.11849629133939743 0.0049591069109737873 0
   vertex 0.11924629658460617 0.0036600683815777302 0
  endloop
 endfacet
 facet normal 0 0 -1
  outer loop
   vertex 0.11454679816961288 0.0031174276955425739 0
   vertex 0.11849629133939743 0.0049591069109737873 0
   vertex 0.11505983024835587 0.0017078859964385629 0
  endloop
 endfacet
 facet normal 0 -0 -1
  outer loop
   vertex 0.11059796065092087 0.0005123359733261168 0
   vertex 0.11454679816961288 0.0031174276955425739 0
   vertex 0.11505983024835587 0.0017078859964385629 0
  endloop
 endfacet
 facet normal 0 0 -1
  outer loop
   vertex 0.11033748835325241 0.0019895476289093494 0
   vertex 0.11454679816961288 0.0031174276955425739 0
   vertex 0.11059796065092087 0.0005123359733261168 0
  endloop
 endfacet
 facet normal 0 -0 -1
  outer loop
   vertex 0.10599630326032639 0.00010974014730891213 0
   vertex 0.11033748835325241 0.0019895476289093494 0
   vertex 0.11059796065092087 0.0005123359733261168 0
  endloop
 endfacet
 facet normal 0 0 -1
  outer loop
   vertex 0.10599630326032639 0.0016097432235255837 0
   vertex 0.11033748835325241 0.0019895476289093494 0
   vertex 0.10599630326032639 0.00010974014730891213 0
  endloop
 endfacet
 facet normal 0 -0 -1
  outer loop
   vertex 0.08199986070394516 0.00010974014730891213 0
   vertex 0.10599630326032639 0.0016097432235255837 0
   vertex 0.10599630326032639 0.00010974014730891213 0
  endloop
 endfacet
 facet normal -0 0 -1
  outer loop
   vertex 0.08199986070394516 0.0016097432235255837 0
   vertex 0.10599630326032639 0.0016097432235255837 0
   vertex 0.08199986070394516 0.00010974014730891213 0
  endloop
 endfacet
 facet normal 0 -0 -1
  outer loop
   vertex 0.01949986070394516 0.00010974014730891213 0
   vertex 0.08199986070394516 0.0016097432235255837 0
   vertex 0.08199986070394516 0.00010974014730891213 0
  endloop
 endfacet
 facet normal -0 0 -1
  outer loop
   vertex 0.01949986070394516 0.0016097432235255837 0
   vertex 0.08199986070394516 0.0016097432235255837 0
   vertex 0.01949986070394516 0.00010974014730891213 0
  endloop
 endfacet
 facet normal 0 1 0
  outer loop
   vertex -0.13249999284744263 0.037599999457597733 0
   vertex -0.13099999725818634 0.037599999457597733 1
   vertex -0.13099999725818634 0.037599999457597733 0
  endloop
 endfacet
 facet normal 0 1 0
  outer loop
   vertex -0.13249999284744263 0.037599999457597733 1
   vertex -0.13099999725818634 0.037599999457597733 1
   vertex -0.13249999284744263 0.037599999457597733 0
  endloop
 endfacet
 facet normal -1 0 -0
  outer loop
   vertex -0.13249999284744263 0.026609741151332855 0
   vertex -0.13249999284744263 0.037599999457597733 1
   vertex -0.13249999284744263 0.037599999457597733 0
  endloop
 endfacet
 facet normal -1 -0 0
  outer loop
   vertex -0.13249999284744263 0.026609741151332855 1
   vertex -0.13249999284744263 0.037599999457597733 1
   vertex -0.13249999284744263 0.026609741151332855 0
  endloop
 endfacet
 facet normal -0.087155960893730247 -0.99619467900641301 -0
  outer loop
   vertex -0.10600000619888306 0.00010974014730891213 0.99605000019073486
   vertex -0.10600000619888306 0.00010974014730891213 1
   vertex -0.11060168594121933 0.0005123359733261168 1
  endloop
 endfacet
 facet normal -0.087155960893730261 -0.99619467900641323 0
  outer loop
   vertex -0.11060168594121933 0.0005123359733261168 1
   vertex -0.10600000619888306 0.00010974014730891213 0.76499998569488525
   vertex -0.10600000619888306 0.00010974014730891213 0.99605000019073486
  endloop
 endfacet
 facet normal -0.087155960893730247 -0.99619467900641301 -0
  outer loop
   vertex -0.10600000619888306 0.00010974014730891213 0.52999997138977051
   vertex -0.10600000619888306 0.00010974014730891213 0.76499998569488525
   vertex -0.11060168594121933 0.0005123359733261168 1
  endloop
 endfacet
 facet normal -0.087155960893730275 -0.99619467900641323 -0
  outer loop
   vertex -0.10600000619888306 0.00010974014730891213 0.5
   vertex -0.10600000619888306 0.00010974014730891213 0.52999997138977051
   vertex -0.11060168594121933 0.0005123359733261168 1
  endloop
 endfacet
 facet normal -0.087155960893730261 -0.99619467900641323 0
  outer loop
   vertex -0.11060168594121933 0.0005123359733261168 0
   vertex -0.10600000619888306 0.00010974014730891213 0.4699999988079071
   vertex -0.10600000619888306 0.00010974014730891213 0.5
  endloop
 endfacet
 facet normal -0.087155960893730261 -0.99619467900641312 -0
  outer loop
   vertex -0.10600000619888306 0.00010974014730891213 0.23750001192092896
   vertex -0.10600000619888306 0.00010974014730891213 0.4699999988079071
   vertex -0.11060168594121933 0.0005123359733261168 0
  endloop
 endfacet
 facet normal -0.087155960893730247 -0.99619467900641301 -0
  outer loop
   vertex -0.10600000619888306 0.00010974014730891213 0
   vertex -0.10600000619888306 0.00010974014730891213 0.23750001192092896
   vertex -0.11060168594121933 0.0005123359733261168 0
  endloop
 endfacet
 facet normal -0.087155960893730261 -0.99619467900641323 0
  outer loop
   vertex -0.11060168594121933 0.0005123359733261168 1
   vertex -0.11060168594121933 0.0005123359733261168 0
   vertex -0.10600000619888306 0.00010974014730891213 0.5
  endloop
 endfacet
 facet normal -0.25881897652929309 -0.96592584466320663 0
  outer loop
   vertex -0.11506354063749313 0.0017078859964385629 0
   vertex -0.11060168594121933 0.0005123359733261168 0
   vertex -0.11060168594121933 0.0005123359733261168 1
  endloop
 endfacet
 facet normal -0.25881897652929309 -0.96592584466320663 0
  outer loop
   vertex -0.11506354063749313 0.0017078859964385629 1
   vertex -0.11506354063749313 0.0017078859964385629 0
   vertex -0.11060168594121933 0.0005123359733261168 1
  endloop
 endfacet
 facet normal -0.42261845235213491 -0.90630769815305345 0
  outer loop
   vertex -0.11925000697374344 0.0036600683815777302 0
   vertex -0.11506354063749313 0.0017078859964385629 0
   vertex -0.11506354063749313 0.0017078859964385629 1
  endloop
 endfacet
 facet normal -0.42261845235213491 -0.90630769815305345 0
  outer loop
   vertex -0.11925000697374344 0.0036600683815777302 1
   vertex -0.11925000697374344 0.0036600683815777302 0
   vertex -0.11506354063749313 0.0017078859964385629 1
  endloop
 endfacet
 facet normal -0.57357719312697553 -0.81915151438826028 0
  outer loop
   vertex -0.12303387373685837 0.0063095656223595142 0
   vertex -0.11925000697374344 0.0036600683815777302 0
   vertex -0.11925000697374344 0.0036600683815777302 1
  endloop
 endfacet
 facet normal -0.57357719312697553 -0.81915151438826028 0
  outer loop
   vertex -0.12303387373685837 0.0063095656223595142 1
   vertex -0.12303387373685837 0.0063095656223595142 0
   vertex -0.11925000697374344 0.0036600683815777302 1
  endloop
 endfacet
 facet normal -0.70710763806172783 -0.70710592431032881 0
  outer loop
   vertex -0.12630017101764679 0.0095758708193898201 0
   vertex -0.12303387373685837 0.0063095656223595142 0
   vertex -0.12303387373685837 0.0063095656223595142 1
  endloop
 endfacet
 facet normal -0.70710763806172783 -0.70710592431032881 0
  outer loop
   vertex -0.12630017101764679 0.0095758708193898201 1
   vertex -0.12630017101764679 0.0095758708193898201 0
   vertex -0.12303387373685837 0.0063095656223595142 1
  endloop
 endfacet
 facet normal -0.81915140079229032 -0.57357735535848053 0
  outer loop
   vertex -0.12894967198371887 0.013359741307795048 0
   vertex -0.12630017101764679 0.0095758708193898201 0
   vertex -0.12630017101764679 0.0095758708193898201 1
  endloop
 endfacet
 facet normal -0.81915140079229032 -0.57357735535848053 0
  outer loop
   vertex -0.12894967198371887 0.013359741307795048 1
   vertex -0.12894967198371887 0.013359741307795048 0
   vertex -0.12630017101764679 0.0095758708193898201 1
  endloop
 endfacet
 facet normal -0.90630734359361032 -0.4226192127060644 0
  outer loop
   vertex -0.13090185821056366 0.017546206712722778 0
   vertex -0.12894967198371887 0.013359741307795048 0
   vertex -0.12894967198371887 0.013359741307795048 1
  endloop
 endfacet
 facet normal -0.90630734359361032 -0.4226192127060644 0
  outer loop
   vertex -0.13090185821056366 0.017546206712722778 1
   vertex -0.13090185821056366 0.017546206712722778 0
   vertex -0.12894967198371887 0.013359741307795048 1
  endloop
 endfacet
 facet normal -0.96592590183666449 -0.25881876315488922 0
  outer loop
   vertex -0.13209740817546844 0.02200806513428688 0
   vertex -0.13090185821056366 0.017546206712722778 0
   vertex -0.13090185821056366 0.017546206712722778 1
  endloop
 endfacet
 facet normal -0.96592590183666449 -0.25881876315488922 0
  outer loop
   vertex -0.13209740817546844 0.02200806513428688 1
   vertex -0.13209740817546844 0.02200806513428688 0
   vertex -0.13090185821056366 0.017546206712722778 1
  endloop
 endfacet
 facet normal -0.99619488253101141 -0.087153634571509916 0
  outer loop
   vertex -0.13249999284744263 0.026609741151332855 0
   vertex -0.13209740817546844 0.02200806513428688 0
   vertex -0.13209740817546844 0.02200806513428688 1
  endloop
 endfacet
 facet normal -0.99619488253101141 -0.087153634571509916 0
  outer loop
   vertex -0.13249999284744263 0.026609741151332855 1
   vertex -0.13249999284744263 0.026609741151332855 0
   vertex -0.13209740817546844 0.02200806513428688 1
  endloop
 endfacet
 facet normal 1 0 0
  outer loop
   vertex -0.13099999725818634 0.037599999457597733 0
   vertex -0.13099999725818634 0.026609741151332855 1
   vertex -0.13099999725818634 0.026609741151332855 0
  endloop
 endfacet
 facet normal 1 -0 0
  outer loop
   vertex -0.13099999725818634 0.037599999457597733 1
   vertex -0.13099999725818634 0.026609741151332855 1
   vertex -0.13099999725818634 0.037599999457597733 0
  endloop
 endfacet
 facet normal 0.99619480398640237 0.087154532357722372 -0
  outer loop
   vertex -0.13062019646167755 0.022268537431955338 1
   vertex -0.13099999725818634 0.026609741151332855 0
   vertex -0.13099999725818634 0.026609741151332855 1
  endloop
 endfacet
 facet normal 0.99619480398640237 0.087154532357722372 0
  outer loop
   vertex -0.13062019646167755 0.022268537431955338 0
   vertex -0.13099999725818634 0.026609741151332855 0
   vertex -0.13062019646167755 0.022268537431955338 1
  endloop
 endfacet
 facet normal 0.96592553248075874 0.25882014160757011 -0
  outer loop
   vertex -0.12949231266975403 0.01805923692882061 1
   vertex -0.13062019646167755 0.022268537431955338 0
   vertex -0.13062019646167755 0.022268537431955338 1
  endloop
 endfacet
 facet normal 0.96592553248075874 0.25882014160757011 0
  outer loop
   vertex -0.12949231266975403 0.01805923692882061 0
   vertex -0.13062019646167755 0.022268537431955338 0
   vertex -0.12949231266975403 0.01805923692882061 1
  endloop
 endfacet
 facet normal 0.90630779844113585 0.42261823728369968 -0
  outer loop
   vertex -0.12765063345432281 0.01410974282771349 1
   vertex -0.12949231266975403 0.01805923692882061 0
   vertex -0.12949231266975403 0.01805923692882061 1
  endloop
 endfacet
 facet normal 0.90630779844113585 0.42261823728369968 0
  outer loop
   vertex -0.12765063345432281 0.01410974282771349 0
   vertex -0.12949231266975403 0.01805923692882061 0
   vertex -0.12765063345432281 0.01410974282771349 1
  endloop
 endfacet
 facet normal 0.81915255428781586 0.57357570799655289 -0
  outer loop
   vertex -0.12515111267566681 0.010540050454437733 1
   vertex -0.12765063345432281 0.01410974282771349 0
   vertex -0.12765063345432281 0.01410974282771349 1
  endloop
 endfacet
 facet normal 0.81915255428781586 0.57357570799655289 0
  outer loop
   vertex -0.12515111267566681 0.010540050454437733 0
   vertex -0.12765063345432281 0.01410974282771349 0
   vertex -0.12515111267566681 0.010540050454437733 1
  endloop
 endfacet
 facet normal 0.7071068346152215 0.70710672775786954 -0
  outer loop
   vertex -0.12206969410181046 0.0074586314149200916 1
   vertex -0.12515111267566681 0.010540050454437733 0
   vertex -0.12515111267566681 0.010540050454437733 1
  endloop
 endfacet
 facet normal 0.7071068346152215 0.70710672775786954 0
  outer loop
   vertex -0.12206969410181046 0.0074586314149200916 0
   vertex -0.12515111267566681 0.010540050454437733 0
   vertex -0.12206969410181046 0.0074586314149200916 1
  endloop
 endfacet
 facet normal 0.57357628161535756 0.81915215263606567 -0
  outer loop
   vertex -0.1185000017285347 0.0049591069109737873 1
   vertex -0.12206969410181046 0.0074586314149200916 0
   vertex -0.12206969410181046 0.0074586314149200916 1
  endloop
 endfacet
 facet normal 0.57357628161535756 0.81915215263606567 0
  outer loop
   vertex -0.1185000017285347 0.0049591069109737873 0
   vertex -0.12206969410181046 0.0074586314149200916 0
   vertex -0.1185000017285347 0.0049591069109737873 1
  endloop
 endfacet
 facet normal 0.42261831914118592 0.90630776027036131 -0
  outer loop
   vertex -0.11455050855875015 0.0031174276955425739 1
   vertex -0.1185000017285347 0.0049591069109737873 0
   vertex -0.1185000017285347 0.0049591069109737873 1
  endloop
 endfacet
 facet normal 0.42261831914118592 0.90630776027036131 0
  outer loop
   vertex -0.11455050855875015 0.0031174276955425739 0
   vertex -0.1185000017285347 0.0049591069109737873 0
   vertex -0.11455050855875015 0.0031174276955425739 1
  endloop
 endfacet
 facet normal 0.25881923715737282 0.96592577482810527 -0
  outer loop
   vertex -0.11034120619297028 0.0019895476289093494 1
   vertex -0.11455050855875015 0.0031174276955425739 0
   vertex -0.11455050855875015 0.0031174276955425739 1
  endloop
 endfacet
 facet normal 0.25881923715737282 0.96592577482810527 0
  outer loop
   vertex -0.11034120619297028 0.0019895476289093494 0
   vertex -0.11455050855875015 0.0031174276955425739 0
   vertex -0.11034120619297028 0.0019895476289093494 1
  endloop
 endfacet
 facet normal 0.087155428433319471 0.99619472559063704 -0
  outer loop
   vertex -0.10600000619888306 0.0016097432235255837 0.23750001192092896
   vertex -0.10600000619888306 0.0016097432235255837 0
   vertex -0.11034120619297028 0.0019895476289093494 0
  endloop
 endfacet
 facet normal 0.087155428433319457 0.99619472559063682 0
  outer loop
   vertex -0.11034120619297028 0.0019895476289093494 0
   vertex -0.10600000619888306 0.0016097432235255837 0.4699999988079071
   vertex -0.10600000619888306 0.0016097432235255837 0.23750001192092896
  endloop
 endfacet
 facet normal 0.087155428433319471 0.99619472559063704 -0
  outer loop
   vertex -0.10600000619888306 0.0016097432235255837 0.5
   vertex -0.10600000619888306 0.0016097432235255837 0.4699999988079071
   vertex -0.11034120619297028 0.0019895476289093494 0
  endloop
 endfacet
 facet normal 0.087155428433319457 0.99619472559063693 0
  outer loop
   vertex -0.11034120619297028 0.0019895476289093494 1
   vertex -0.10600000619888306 0.0016097432235255837 0.5
   vertex -0.11034120619297028 0.0019895476289093494 0
  endloop
 endfacet
 facet normal 0.087155428433319471 0.99619472559063704 -0
  outer loop
   vertex -0.10600000619888306 0.0016097432235255837 0.52999997138977051
   vertex -0.10600000619888306 0.0016097432235255837 0.5
   vertex -0.11034120619297028 0.0019895476289093494 1
  endloop
 endfacet
 facet normal 0.087155428433319471 0.99619472559063715 0
  outer loop
   vertex -0.11034120619297028 0.0019895476289093494 1
   vertex -0.10600000619888306 0.0016097432235255837 0.76499998569488525
   vertex -0.10600000619888306 0.0016097432235255837 0.52999997138977051
  endloop
 endfacet
 facet normal 0.087155428433319457 0.99619472559063693 -0
  outer loop
   vertex -0.10600000619888306 0.0016097432235255837 0.99605000019073486
   vertex -0.10600000619888306 0.0016097432235255837 0.76499998569488525
   vertex -0.11034120619297028 0.0019895476289093494 1
  endloop
 endfacet
 facet normal 0.087155428433319471 0.99619472559063704 -0
  outer loop
   vertex -0.10600000619888306 0.0016097432235255837 1
   vertex -0.10600000619888306 0.0016097432235255837 0.99605000019073486
   vertex -0.11034120619297028 0.0019895476289093494 1
  endloop
 endfacet
 facet normal 0.087156381022669635 -0.99619464224971188 0
  outer loop
   vertex 0.11059796065092087 0.0005123359733261168 1
   vertex 0.10599630326032639 0.00010974014730891213 1
   vertex 0.10599630326032639 0.00010974014730891213 0.99605000019073486
  endloop
 endfacet
 facet normal 0.99619516260342611 -0.087150433191885895 0
  outer loop
   vertex 0.13209372758865356 0.02200806513428688 0
   vertex 0.13249629735946655 0.026609741151332855 0
   vertex 0.13249629735946655 0.026609741151332855 1
  endloop
 endfacet
 facet normal 0.99619516260342611 -0.087150433191885895 0
  outer loop
   vertex 0.13209372758865356 0.02200806513428688 1
   vertex 0.13209372758865356 0.02200806513428688 0
   vertex 0.13249629735946655 0.026609741151332855 1
  endloop
 endfacet
 facet normal 0.96592590183666449 -0.25881876315488922 0
  outer loop
   vertex 0.13089817762374878 0.017546206712722778 0
   vertex 0.13209372758865356 0.02200806513428688 0
   vertex 0.13209372758865356 0.02200806513428688 1
  endloop
 endfacet
 facet normal 0.96592590183666449 -0.25881876315488922 0
  outer loop
   vertex 0.13089817762374878 0.017546206712722778 1
   vertex 0.13089817762374878 0.017546206712722778 0
   vertex 0.13209372758865356 0.02200806513428688 1
  endloop
 endfacet
 facet normal 0.90630610800581457 -0.42262186241527172 0
  outer loop
   vertex 0.1289459764957428 0.013359741307795048 0
   vertex 0.13089817762374878 0.017546206712722778 0
   vertex 0.13089817762374878 0.017546206712722778 1
  endloop
 endfacet
 facet normal 0.90630610800581457 -0.42262186241527172 0
  outer loop
   vertex 0.1289459764957428 0.013359741307795048 1
   vertex 0.1289459764957428 0.013359741307795048 0
   vertex 0.13089817762374878 0.017546206712722778 1
  endloop
 endfacet
 facet normal 0.81914988512381015 -0.57357951994614365 0
  outer loop
   vertex 0.12629646062850952 0.0095758708193898201 0
   vertex 0.1289459764957428 0.013359741307795048 0
   vertex 0.1289459764957428 0.013359741307795048 1
  endloop
 endfacet
 facet normal 0.81914988512381015 -0.57357951994614365 0
  outer loop
   vertex 0.12629646062850952 0.0095758708193898201 1
   vertex 0.12629646062850952 0.0095758708193898201 0
   vertex 0.1289459764957428 0.013359741307795048 1
  endloop
 endfacet
 facet normal 0.7071092510060607 -0.70710431135840768 0
  outer loop
   vertex 0.12303017824888229 0.0063095656223595142 0
   vertex 0.12629646062850952 0.0095758708193898201 0
   vertex 0.12629646062850952 0.0095758708193898201 1
  endloop
 endfacet
 facet normal 0.7071092510060607 -0.70710431135840768 0
  outer loop
   vertex 0.12303017824888229 0.0063095656223595142 1
   vertex 0.12303017824888229 0.0063095656223595142 0
   vertex 0.12629646062850952 0.0095758708193898201 1
  endloop
 endfacet
 facet normal 0.57357567746009042 -0.81915257566963584 0
  outer loop
   vertex 0.11924629658460617 0.0036600683815777302 0
   vertex 0.12303017824888229 0.0063095656223595142 0
   vertex 0.12303017824888229 0.0063095656223595142 1
  endloop
 endfacet
 facet normal 0.57357567746009042 -0.81915257566963584 0
  outer loop
   vertex 0.11924629658460617 0.0036600683815777302 1
   vertex 0.11924629658460617 0.0036600683815777302 0
   vertex 0.12303017824888229 0.0063095656223595142 1
  endloop
 endfacet
 facet normal 0.42261845235213491 -0.90630769815305345 0
  outer loop
   vertex 0.11505983024835587 0.0017078859964385629 0
   vertex 0.11924629658460617 0.0036600683815777302 0
   vertex 0.11924629658460617 0.0036600683815777302 1
  endloop
 endfacet
 facet normal 0.42261845235213491 -0.90630769815305345 0
  outer loop
   vertex 0.11505983024835587 0.0017078859964385629 1
   vertex 0.11505983024835587 0.0017078859964385629 0
   vertex 0.11924629658460617 0.0036600683815777302 1
  endloop
 endfacet
 facet normal 0.25881817006141628 -0.96592606075520071 0
  outer loop
   vertex 0.11059796065092087 0.0005123359733261168 0
   vertex 0.11505983024835587 0.0017078859964385629 0
   vertex 0.11505983024835587 0.0017078859964385629 1
  endloop
 endfacet
 facet normal 0.25881817006141628 -0.96592606075520071 0
  outer loop
   vertex 0.11059796065092087 0.0005123359733261168 1
   vertex 0.11059796065092087 0.0005123359733261168 0
   vertex 0.11505983024835587 0.0017078859964385629 1
  endloop
 endfacet
 facet normal 0.087156381022669635 -0.99619464224971177 0
  outer loop
   vertex 0.10599630326032639 0.00010974014730891213 0.76499998569488525
   vertex 0.11059796065092087 0.0005123359733261168 1
   vertex 0.10599630326032639 0.00010974014730891213 0.99605000019073486
  endloop
 endfacet
 facet normal 0.087156381022669621 -0.99619464224971166 0
  outer loop
   vertex 0.10599630326032639 0.00010974014730891213 0.23750001192092896
   vertex 0.10599630326032639 0.00010974014730891213 0
   vertex 0.11059796065092087 0.0005123359733261168 0
  endloop
 endfacet
 facet normal 0.087156381022669635 -0.99619464224971177 0
  outer loop
   vertex 0.11059796065092087 0.0005123359733261168 0
   vertex 0.10599630326032639 0.00010974014730891213 0.4699999988079071
   vertex 0.10599630326032639 0.00010974014730891213 0.23750001192092896
  endloop
 endfacet
 facet normal 0.087156381022669635 -0.99619464224971177 0
  outer loop
   vertex 0.10599630326032639 0.00010974014730891213 0.5
   vertex 0.10599630326032639 0.00010974014730891213 0.4699999988079071
   vertex 0.11059796065092087 0.0005123359733261168 0
  endloop
 endfacet
 facet normal 0.087156381022669635 -0.99619464224971177 0
  outer loop
   vertex 0.11059796065092087 0.0005123359733261168 1
   vertex 0.10599630326032639 0.00010974014730891213 0.5
   vertex 0.11059796065092087 0.0005123359733261168 0
  endloop
 endfacet
 facet normal 0.087156381022669635 -0.99619464224971177 0
  outer loop
   vertex 0.10599630326032639 0.00010974014730891213 0.52999997138977051
   vertex 0.10599630326032639 0.00010974014730891213 0.5
   vertex 0.11059796065092087 0.0005123359733261168 1
  endloop
 endfacet
 facet normal 0.087156381022669635 -0.99619464224971177 0
  outer loop
   vertex 0.10599630326032639 0.00010974014730891213 0.76499998569488525
   vertex 0.10599630326032639 0.00010974014730891213 0.52999997138977051
   vertex 0.11059796065092087 0.0005123359733261168 1
  endloop
 endfacet
 facet normal 1 0 0
  outer loop
   vertex 0.13249629735946655 0.037599999457597733 0
   vertex 0.13249629735946655 0.026609741151332855 1
   vertex 0.13249629735946655 0.026609741151332855 0
  endloop
 endfacet
 facet normal 1 -0 0
  outer loop
   vertex 0.13249629735946655 0.037599999457597733 1
   vertex 0.13249629735946655 0.026609741151332855 1
   vertex 0.13249629735946655 0.037599999457597733 0
  endloop
 endfacet
 facet normal 0 1 0
  outer loop
   vertex 0.13099628686904907 0.037599999457597733 0
   vertex 0.13249629735946655 0.037599999457597733 1
   vertex 0.13249629735946655 0.037599999457597733 0
  endloop
 endfacet
 facet normal 0 1 0
  outer loop
   vertex 0.13099628686904907 0.037599999457597733 1
   vertex 0.13249629735946655 0.037599999457597733 1
   vertex 0.13099628686904907 0.037599999457597733 0
  endloop
 endfacet
 facet normal -0.08715572532273233 0.99619469961622886 0
  outer loop
   vertex 0.11033748835325241 0.0019895476289093494 1
   vertex 0.10599630326032639 0.0016097432235255837 0.99605000019073486
   vertex 0.10599630326032639 0.0016097432235255837 1
  endloop
 endfacet
 facet normal -0.08715572532273233 0.99619469961622886 0
  outer loop
   vertex 0.10599630326032639 0.0016097432235255837 0.76499998569488525
   vertex 0.10599630326032639 0.0016097432235255837 0.99605000019073486
   vertex 0.11033748835325241 0.0019895476289093494 1
  endloop
 endfacet
 facet normal -0.087155725322732344 0.99619469961622897 0
  outer loop
   vertex 0.10599630326032639 0.0016097432235255837 0.52999997138977051
   vertex 0.10599630326032639 0.0016097432235255837 0.76499998569488525
   vertex 0.11033748835325241 0.0019895476289093494 1
  endloop
 endfacet
 facet normal -0.087155725322732316 0.99619469961622886 0
  outer loop
   vertex 0.11033748835325241 0.0019895476289093494 0
   vertex 0.10599630326032639 0.0016097432235255837 0.4699999988079071
   vertex 0.10599630326032639 0.0016097432235255837 0.5
  endloop
 endfacet
 facet normal -0.087155725322732316 0.99619469961622875 0
  outer loop
   vertex 0.10599630326032639 0.0016097432235255837 0.23750001192092896
   vertex 0.10599630326032639 0.0016097432235255837 0.4699999988079071
   vertex 0.11033748835325241 0.0019895476289093494 0
  endloop
 endfacet
 facet normal -0.08715572532273233 0.99619469961622886 0
  outer loop
   vertex 0.10599630326032639 0.0016097432235255837 0
   vertex 0.10599630326032639 0.0016097432235255837 0.23750001192092896
   vertex 0.11033748835325241 0.0019895476289093494 0
  endloop
 endfacet
 facet normal -0.087155725322732344 0.99619469961622897 0
  outer loop
   vertex 0.11033748835325241 0.0019895476289093494 1
   vertex 0.10599630326032639 0.0016097432235255837 0.5
   vertex 0.10599630326032639 0.0016097432235255837 0.52999997138977051
  endloop
 endfacet
 facet normal -0.08715572532273233 0.99619469961622886 0
  outer loop
   vertex 0.11033748835325241 0.0019895476289093494 0
   vertex 0.10599630326032639 0.0016097432235255837 0.5
   vertex 0.11033748835325241 0.0019895476289093494 1
  endloop
 endfacet
 facet normal -0.25881880972898275 0.96592588935718704 0
  outer loop
   vertex 0.11454679816961288 0.0031174276955425739 1
   vertex 0.11033748835325241 0.0019895476289093494 0
   vertex 0.11033748835325241 0.0019895476289093494 1
  endloop
 endfacet
 facet normal -0.25881880972898275 0.96592588935718704 0
  outer loop
   vertex 0.11454679816961288 0.0031174276955425739 0
   vertex 0.11033748835325241 0.0019895476289093494 0
   vertex 0.11454679816961288 0.0031174276955425739 1
  endloop
 endfacet
 facet normal -0.42261831914118592 0.90630776027036131 0
  outer loop
   vertex 0.11849629133939743 0.0049591069109737873 1
   vertex 0.11454679816961288 0.0031174276955425739 0
   vertex 0.11454679816961288 0.0031174276955425739 1
  endloop
 endfacet
 facet normal -0.42261831914118592 0.90630776027036131 0
  outer loop
   vertex 0.11849629133939743 0.0049591069109737873 0
   vertex 0.11454679816961288 0.0031174276955425739 0
   vertex 0.11849629133939743 0.0049591069109737873 1
  endloop
 endfacet
 facet normal -0.57357628161535756 0.81915215263606567 0
  outer loop
   vertex 0.12206598371267319 0.0074586314149200916 1
   vertex 0.11849629133939743 0.0049591069109737873 0
   vertex 0.11849629133939743 0.0049591069109737873 1
  endloop
 endfacet
 facet normal -0.57357628161535756 0.81915215263606567 0
  outer loop
   vertex 0.12206598371267319 0.0074586314149200916 0
   vertex 0.11849629133939743 0.0049591069109737873 0
   vertex 0.12206598371267319 0.0074586314149200916 1
  endloop
 endfacet
 facet normal -0.7071068346152215 0.70710672775786954 0
  outer loop
   vertex 0.12514740228652954 0.010540050454437733 1
   vertex 0.12206598371267319 0.0074586314149200916 0
   vertex 0.12206598371267319 0.0074586314149200916 1
  endloop
 endfacet
 facet normal -0.7071068346152215 0.70710672775786954 0
  outer loop
   vertex 0.12514740228652954 0.010540050454437733 0
   vertex 0.12206598371267319 0.0074586314149200916 0
   vertex 0.12514740228652954 0.010540050454437733 1
  endloop
 endfacet
 facet normal -0.81915255428781586 0.57357570799655289 0
  outer loop
   vertex 0.12764692306518555 0.01410974282771349 1
   vertex 0.12514740228652954 0.010540050454437733 0
   vertex 0.12514740228652954 0.010540050454437733 1
  endloop
 endfacet
 facet normal -0.81915255428781586 0.57357570799655289 0
  outer loop
   vertex 0.12764692306518555 0.01410974282771349 0
   vertex 0.12514740228652954 0.010540050454437733 0
   vertex 0.12764692306518555 0.01410974282771349 1
  endloop
 endfacet
 facet normal -0.90630648871912278 0.4226210459804558 0
  outer loop
   vertex 0.12948861718177795 0.01805923692882061 1
   vertex 0.12764692306518555 0.01410974282771349 0
   vertex 0.12764692306518555 0.01410974282771349 1
  endloop
 endfacet
 facet normal -0.90630648871912278 0.4226210459804558 0
  outer loop
   vertex 0.12948861718177795 0.01805923692882061 0
   vertex 0.12764692306518555 0.01410974282771349 0
   vertex 0.12948861718177795 0.01805923692882061 1
  endloop
 endfacet
 facet normal -0.9659263873373245 0.25881695123284532 0
  outer loop
   vertex 0.13061648607254028 0.022268537431955338 1
   vertex 0.12948861718177795 0.01805923692882061 0
   vertex 0.12948861718177795 0.01805923692882061 1
  endloop
 endfacet
 facet normal -0.9659263873373245 0.25881695123284532 0
  outer loop
   vertex 0.13061648607254028 0.022268537431955338 0
   vertex 0.12948861718177795 0.01805923692882061 0
   vertex 0.13061648607254028 0.022268537431955338 1
  endloop
 endfacet
 facet normal -0.99619480398640237 0.087154532357722372 0
  outer loop
   vertex 0.13099628686904907 0.026609741151332855 1
   vertex 0.13061648607254028 0.022268537431955338 0
   vertex 0.13061648607254028 0.022268537431955338 1
  endloop
 endfacet
 facet normal -0.99619480398640237 0.087154532357722372 0
  outer loop
   vertex 0.13099628686904907 0.026609741151332855 0
   vertex 0.13061648607254028 0.022268537431955338 0
   vertex 0.13099628686904907 0.026609741151332855 1
  endloop
 endfacet
 facet normal -1 0 -0
  outer loop
   vertex 0.13099628686904907 0.026609741151332855 0
   vertex 0.13099628686904907 0.037599999457597733 1
   vertex 0.13099628686904907 0.037599999457597733 0
  endloop
 endfacet
 facet normal -1 -0 0
  outer loop
   vertex 0.13099628686904907 0.026609741151332855 1
   vertex 0.13099628686904907 0.037599999457597733 1
   vertex 0.13099628686904907 0.026609741151332855 0
  endloop
 endfacet
 facet normal 0.99619477787606681 0 0.087154830803884392
  outer loop
   vertex -0.086571663618087769 0.00010974014730891213 0.51963531970977783
   vertex -0.086603567004203796 0.0016097432235255837 0.51999998092651367
   vertex -0.086603567004203796 0.00010974014730891213 0.51999998092651367
  endloop
 endfacet
 facet normal 0.99619477787606681 0 0.087154830803884392
  outer loop
   vertex -0.086571663618087769 0.0016097432235255837 0.51963531970977783
   vertex -0.086603567004203796 0.0016097432235255837 0.51999998092651367
   vertex -0.086571663618087769 0.00010974014730891213 0.51963531970977783
  endloop
 endfacet
 facet normal 0.96592479267920472 0 0.25882290255623669
  outer loop
   vertex -0.086476922035217285 0.00010974014730891213 0.51928174495697021
   vertex -0.086571663618087769 0.0016097432235255837 0.51963531970977783
   vertex -0.086571663618087769 0.00010974014730891213 0.51963531970977783
  endloop
 endfacet
 facet normal 0.96592479267920472 0 0.25882290255623669
  outer loop
   vertex -0.086476922035217285 0.0016097432235255837 0.51928174495697021
   vertex -0.086571663618087769 0.0016097432235255837 0.51963531970977783
   vertex -0.086476922035217285 0.00010974014730891213 0.51928174495697021
  endloop
 endfacet
 facet normal 0.90630581780382169 0 0.42262248474844039
  outer loop
   vertex -0.086322218179702759 0.00010974014730891213 0.51894998550415039
   vertex -0.086476922035217285 0.0016097432235255837 0.51928174495697021
   vertex -0.086476922035217285 0.00010974014730891213 0.51928174495697021
  endloop
 endfacet
 facet normal 0.90630581780382169 0 0.42262248474844039
  outer loop
   vertex -0.086322218179702759 0.0016097432235255837 0.51894998550415039
   vertex -0.086476922035217285 0.0016097432235255837 0.51928174495697021
   vertex -0.086322218179702759 0.00010974014730891213 0.51894998550415039
  endloop
 endfacet
 facet normal 0.81917072001990054 0 0.57354976371896238
  outer loop
   vertex -0.086112260818481445 0.00010974014730891213 0.5186501145362854
   vertex -0.086322218179702759 0.0016097432235255837 0.51894998550415039
   vertex -0.086322218179702759 0.00010974014730891213 0.51894998550415039
  endloop
 endfacet
 facet normal 0.81917072001990054 0 0.57354976371896238
  outer loop
   vertex -0.086112260818481445 0.0016097432235255837 0.5186501145362854
   vertex -0.086322218179702759 0.0016097432235255837 0.51894998550415039
   vertex -0.086112260818481445 0.00010974014730891213 0.5186501145362854
  endloop
 endfacet
 facet normal 0.70705589152354598 0 0.70715766718734197
  outer loop
   vertex -0.085853420197963715 0.00010974014730891213 0.51839131116867065
   vertex -0.086112260818481445 0.0016097432235255837 0.5186501145362854
   vertex -0.086112260818481445 0.00010974014730891213 0.5186501145362854
  endloop
 endfacet
 facet normal 0.70705589152354598 0 0.70715766718734197
  outer loop
   vertex -0.085853420197963715 0.0016097432235255837 0.51839131116867065
   vertex -0.086112260818481445 0.0016097432235255837 0.5186501145362854
   vertex -0.085853420197963715 0.00010974014730891213 0.51839131116867065
  endloop
 endfacet
 facet normal 0.57362351656878763 0 0.81911907634925585
  outer loop
   vertex -0.085553564131259918 0.00010974014730891213 0.51818132400512695
   vertex -0.085853420197963715 0.0016097432235255837 0.51839131116867065
   vertex -0.085853420197963715 0.00010974014730891213 0.51839131116867065
  endloop
 endfacet
 facet normal 0.57362351656878763 0 0.81911907634925585
  outer loop
   vertex -0.085553564131259918 0.0016097432235255837 0.51818132400512695
   vertex -0.085853420197963715 0.0016097432235255837 0.51839131116867065
   vertex -0.085553564131259918 0.00010974014730891213 0.51818132400512695
  endloop
 endfacet
 facet normal 0.42255560825096944 0 0.90633700020227204
  outer loop
   vertex -0.085221804678440094 0.00010974014730891213 0.51802664995193481
   vertex -0.085553564131259918 0.0016097432235255837 0.51818132400512695
   vertex -0.085553564131259918 0.00010974014730891213 0.51818132400512695
  endloop
 endfacet
 facet normal 0.42255560825096944 0 0.90633700020227204
  outer loop
   vertex -0.085221804678440094 0.0016097432235255837 0.51802664995193481
   vertex -0.085553564131259918 0.0016097432235255837 0.51818132400512695
   vertex -0.085221804678440094 0.00010974014730891213 0.51802664995193481
  endloop
 endfacet
 facet normal 0.25889377279569376 0 0.9659057999658206
  outer loop
   vertex -0.08486822247505188 0.00010974014730891213 0.51793187856674194
   vertex -0.085221804678440094 0.0016097432235255837 0.51802664995193481
   vertex -0.085221804678440094 0.00010974014730891213 0.51802664995193481
  endloop
 endfacet
 facet normal 0.25889377279569376 0 0.9659057999658206
  outer loop
   vertex -0.08486822247505188 0.0016097432235255837 0.51793187856674194
   vertex -0.085221804678440094 0.0016097432235255837 0.51802664995193481
   vertex -0.08486822247505188 0.00010974014730891213 0.51793187856674194
  endloop
 endfacet
 facet normal 0.087114432267673458 0 0.99619831142733872
  outer loop
   vertex -0.08450356125831604 0.00010974014730891213 0.51789999008178711
   vertex -0.08486822247505188 0.0016097432235255837 0.51793187856674194
   vertex -0.08486822247505188 0.00010974014730891213 0.51793187856674194
  endloop
 endfacet
 facet normal 0.087114432267673458 0 0.99619831142733872
  outer loop
   vertex -0.08450356125831604 0.0016097432235255837 0.51789999008178711
   vertex -0.08486822247505188 0.0016097432235255837 0.51793187856674194
   vertex -0.08450356125831604 0.00010974014730891213 0.51789999008178711
  endloop
 endfacet
 facet normal -0.087114432267673458 0 0.99619831142733872
  outer loop
   vertex -0.0841389000415802 0.00010974014730891213 0.51793187856674194
   vertex -0.08450356125831604 0.0016097432235255837 0.51789999008178711
   vertex -0.08450356125831604 0.00010974014730891213 0.51789999008178711
  endloop
 endfacet
 facet normal -0.087114432267673458 0 0.99619831142733872
  outer loop
   vertex -0.0841389000415802 0.0016097432235255837 0.51793187856674194
   vertex -0.08450356125831604 0.0016097432235255837 0.51789999008178711
   vertex -0.0841389000415802 0.00010974014730891213 0.51793187856674194
  endloop
 endfacet
 facet normal -0.25889886257677064 0 0.96590443572666884
  outer loop
   vertex -0.083785325288772583 0.00010974014730891213 0.51802664995193481
   vertex -0.0841389000415802 0.0016097432235255837 0.51793187856674194
   vertex -0.0841389000415802 0.00010974014730891213 0.51793187856674194
  endloop
 endfacet
 facet normal -0.25889886257677064 0 0.96590443572666884
  outer loop
   vertex -0.083785325288772583 0.0016097432235255837 0.51802664995193481
   vertex -0.0841389000415802 0.0016097432235255837 0.51793187856674194
   vertex -0.083785325288772583 0.00010974014730891213 0.51802664995193481
  endloop
 endfacet
 facet normal -0.42255560825096944 0 0.90633700020227204
  outer loop
   vertex -0.083453565835952759 0.00010974014730891213 0.51818132400512695
   vertex -0.083785325288772583 0.0016097432235255837 0.51802664995193481
   vertex -0.083785325288772583 0.00010974014730891213 0.51802664995193481
  endloop
 endfacet
 facet normal -0.42255560825096944 0 0.90633700020227204
  outer loop
   vertex -0.083453565835952759 0.0016097432235255837 0.51818132400512695
   vertex -0.083785325288772583 0.0016097432235255837 0.51802664995193481
   vertex -0.083453565835952759 0.00010974014730891213 0.51818132400512695
  endloop
 endfacet
 facet normal -0.57362351656878763 0 0.81911907634925585
  outer loop
   vertex -0.083153709769248962 0.00010974014730891213 0.51839131116867065
   vertex -0.083453565835952759 0.0016097432235255837 0.51818132400512695
   vertex -0.083453565835952759 0.00010974014730891213 0.51818132400512695
  endloop
 endfacet
 facet normal -0.57362351656878763 0 0.81911907634925585
  outer loop
   vertex -0.083153709769248962 0.0016097432235255837 0.51839131116867065
   vertex -0.083453565835952759 0.0016097432235255837 0.51818132400512695
   vertex -0.083153709769248962 0.00010974014730891213 0.51839131116867065
  endloop
 endfacet
 facet normal -0.70705589152354598 0 0.70715766718734197
  outer loop
   vertex -0.082894869148731232 0.00010974014730891213 0.5186501145362854
   vertex -0.083153709769248962 0.0016097432235255837 0.51839131116867065
   vertex -0.083153709769248962 0.00010974014730891213 0.51839131116867065
  endloop
 endfacet
 facet normal -0.70705589152354598 0 0.70715766718734197
  outer loop
   vertex -0.082894869148731232 0.0016097432235255837 0.5186501145362854
   vertex -0.083153709769248962 0.0016097432235255837 0.51839131116867065
   vertex -0.082894869148731232 0.00010974014730891213 0.5186501145362854
  endloop
 endfacet
 facet normal -0.81917072001990054 0 0.57354976371896238
  outer loop
   vertex -0.082684911787509918 0.00010974014730891213 0.51894998550415039
   vertex -0.082894869148731232 0.0016097432235255837 0.5186501145362854
   vertex -0.082894869148731232 0.00010974014730891213 0.5186501145362854
  endloop
 endfacet
 facet normal -0.81917072001990054 0 0.57354976371896238
  outer loop
   vertex -0.082684911787509918 0.0016097432235255837 0.51894998550415039
   vertex -0.082894869148731232 0.0016097432235255837 0.5186501145362854
   vertex -0.082684911787509918 0.00010974014730891213 0.51894998550415039
  endloop
 endfacet
 facet normal -0.90630581780382169 0 0.42262248474844039
  outer loop
   vertex -0.082530207931995392 0.00010974014730891213 0.51928174495697021
   vertex -0.082684911787509918 0.0016097432235255837 0.51894998550415039
   vertex -0.082684911787509918 0.00010974014730891213 0.51894998550415039
  endloop
 endfacet
 facet normal -0.90630581780382169 0 0.42262248474844039
  outer loop
   vertex -0.082530207931995392 0.0016097432235255837 0.51928174495697021
   vertex -0.082684911787509918 0.0016097432235255837 0.51894998550415039
   vertex -0.082530207931995392 0.00010974014730891213 0.51928174495697021
  endloop
 endfacet
 facet normal -0.96592479267920472 0 0.25882290255623669
  outer loop
   vertex -0.082435466349124908 0.00010974014730891213 0.51963531970977783
   vertex -0.082530207931995392 0.0016097432235255837 0.51928174495697021
   vertex -0.082530207931995392 0.00010974014730891213 0.51928174495697021
  endloop
 endfacet
 facet normal -0.96592479267920472 0 0.25882290255623669
  outer loop
   vertex -0.082435466349124908 0.0016097432235255837 0.51963531970977783
   vertex -0.082530207931995392 0.0016097432235255837 0.51928174495697021
   vertex -0.082435466349124908 0.00010974014730891213 0.51963531970977783
  endloop
 endfacet
 facet normal -0.99619477787606681 0 0.087154830803884392
  outer loop
   vertex -0.082403562963008881 0.00010974014730891213 0.51999998092651367
   vertex -0.082435466349124908 0.0016097432235255837 0.51963531970977783
   vertex -0.082435466349124908 0.00010974014730891213 0.51963531970977783
  endloop
 endfacet
 facet normal -0.99619477787606681 0 0.087154830803884392
  outer loop
   vertex -0.082403562963008881 0.0016097432235255837 0.51999998092651367
   vertex -0.082435466349124908 0.0016097432235255837 0.51963531970977783
   vertex -0.082403562963008881 0.00010974014730891213 0.51999998092651367
  endloop
 endfacet
 facet normal -0.99619477787606681 -0 -0.087154830803884392
  outer loop
   vertex -0.082435466349124908 0.00010974014730891213 0.52036464214324951
   vertex -0.082403562963008881 0.0016097432235255837 0.51999998092651367
   vertex -0.082403562963008881 0.00010974014730891213 0.51999998092651367
  endloop
 endfacet
 facet normal -0.99619477787606681 0 -0.087154830803884392
  outer loop
   vertex -0.082435466349124908 0.0016097432235255837 0.52036464214324951
   vertex -0.082403562963008881 0.0016097432235255837 0.51999998092651367
   vertex -0.082435466349124908 0.00010974014730891213 0.52036464214324951
  endloop
 endfacet
 facet normal -0.96592479267920472 -0 -0.25882290255623669
  outer loop
   vertex -0.082530207931995392 0.00010974014730891213 0.52071821689605713
   vertex -0.082435466349124908 0.0016097432235255837 0.52036464214324951
   vertex -0.082435466349124908 0.00010974014730891213 0.52036464214324951
  endloop
 endfacet
 facet normal -0.96592479267920472 0 -0.25882290255623669
  outer loop
   vertex -0.082530207931995392 0.0016097432235255837 0.52071821689605713
   vertex -0.082435466349124908 0.0016097432235255837 0.52036464214324951
   vertex -0.082530207931995392 0.00010974014730891213 0.52071821689605713
  endloop
 endfacet
 facet normal -0.90630581780382169 -0 -0.42262248474844039
  outer loop
   vertex -0.082684911787509918 0.00010974014730891213 0.52104997634887695
   vertex -0.082530207931995392 0.0016097432235255837 0.52071821689605713
   vertex -0.082530207931995392 0.00010974014730891213 0.52071821689605713
  endloop
 endfacet
 facet normal -0.90630581780382169 0 -0.42262248474844039
  outer loop
   vertex -0.082684911787509918 0.0016097432235255837 0.52104997634887695
   vertex -0.082530207931995392 0.0016097432235255837 0.52071821689605713
   vertex -0.082684911787509918 0.00010974014730891213 0.52104997634887695
  endloop
 endfacet
 facet normal -0.81917072001990054 -0 -0.57354976371896238
  outer loop
   vertex -0.082894869148731232 0.00010974014730891213 0.52134984731674194
   vertex -0.082684911787509918 0.0016097432235255837 0.52104997634887695
   vertex -0.082684911787509918 0.00010974014730891213 0.52104997634887695
  endloop
 endfacet
 facet normal -0.81917072001990054 0 -0.57354976371896238
  outer loop
   vertex -0.082894869148731232 0.0016097432235255837 0.52134984731674194
   vertex -0.082684911787509918 0.0016097432235255837 0.52104997634887695
   vertex -0.082894869148731232 0.00010974014730891213 0.52134984731674194
  endloop
 endfacet
 facet normal -0.70713730971137734 -0 -0.70707625134362662
  outer loop
   vertex -0.083153709769248962 0.00010974014730891213 0.52160871028900146
   vertex -0.082894869148731232 0.0016097432235255837 0.52134984731674194
   vertex -0.082894869148731232 0.00010974014730891213 0.52134984731674194
  endloop
 endfacet
 facet normal -0.70713730971137734 0 -0.70707625134362662
  outer loop
   vertex -0.083153709769248962 0.0016097432235255837 0.52160871028900146
   vertex -0.082894869148731232 0.0016097432235255837 0.52134984731674194
   vertex -0.083153709769248962 0.00010974014730891213 0.52160871028900146
  endloop
 endfacet
 facet normal -0.57351425454805061 -0 -0.81919558093912703
  outer loop
   vertex -0.083453565835952759 0.00010974014730891213 0.52181863784790039
   vertex -0.083153709769248962 0.0016097432235255837 0.52160871028900146
   vertex -0.083153709769248962 0.00010974014730891213 0.52160871028900146
  endloop
 endfacet
 facet normal -0.57351425454805061 0 -0.81919558093912703
  outer loop
   vertex -0.083453565835952759 0.0016097432235255837 0.52181863784790039
   vertex -0.083153709769248962 0.0016097432235255837 0.52160871028900146
   vertex -0.083453565835952759 0.00010974014730891213 0.52181863784790039
  endloop
 endfacet
 facet normal -0.42268935434309174 -0 -0.90627463261696783
  outer loop
   vertex -0.083785325288772583 0.00010974014730891213 0.5219733715057373
   vertex -0.083453565835952759 0.0016097432235255837 0.52181863784790039
   vertex -0.083453565835952759 0.00010974014730891213 0.52181863784790039
  endloop
 endfacet
 facet normal -0.42268935434309174 0 -0.90627463261696783
  outer loop
   vertex -0.083785325288772583 0.0016097432235255837 0.5219733715057373
   vertex -0.083453565835952759 0.0016097432235255837 0.52181863784790039
   vertex -0.083785325288772583 0.00010974014730891213 0.5219733715057373
  endloop
 endfacet
 facet normal -0.2587469377335615 -0 -0.96594514451572489
  outer loop
   vertex -0.0841389000415802 0.00010974014730891213 0.5220680832862854
   vertex -0.083785325288772583 0.0016097432235255837 0.5219733715057373
   vertex -0.083785325288772583 0.00010974014730891213 0.5219733715057373
  endloop
 endfacet
 facet normal -0.2587469377335615 0 -0.96594514451572489
  outer loop
   vertex -0.0841389000415802 0.0016097432235255837 0.5220680832862854
   vertex -0.083785325288772583 0.0016097432235255837 0.5219733715057373
   vertex -0.0841389000415802 0.00010974014730891213 0.5220680832862854
  endloop
 endfacet
 facet normal -0.087114432267673458 -0 -0.99619831142733872
  outer loop
   vertex -0.08450356125831604 0.00010974014730891213 0.52209997177124023
   vertex -0.0841389000415802 0.0016097432235255837 0.5220680832862854
   vertex -0.0841389000415802 0.00010974014730891213 0.5220680832862854
  endloop
 endfacet
 facet normal -0.087114432267673458 0 -0.99619831142733872
  outer loop
   vertex -0.08450356125831604 0.0016097432235255837 0.52209997177124023
   vertex -0.0841389000415802 0.0016097432235255837 0.5220680832862854
   vertex -0.08450356125831604 0.00010974014730891213 0.52209997177124023
  endloop
 endfacet
 facet normal 0.087114432267673458 0 -0.99619831142733872
  outer loop
   vertex -0.08486822247505188 0.00010974014730891213 0.5220680832862854
   vertex -0.08450356125831604 0.0016097432235255837 0.52209997177124023
   vertex -0.08450356125831604 0.00010974014730891213 0.52209997177124023
  endloop
 endfacet
 facet normal 0.087114432267673458 0 -0.99619831142733872
  outer loop
   vertex -0.08486822247505188 0.0016097432235255837 0.5220680832862854
   vertex -0.08450356125831604 0.0016097432235255837 0.52209997177124023
   vertex -0.08486822247505188 0.00010974014730891213 0.5220680832862854
  endloop
 endfacet
 facet normal 0.25874185051045678 0 -0.96594650721166986
  outer loop
   vertex -0.085221804678440094 0.00010974014730891213 0.5219733715057373
   vertex -0.08486822247505188 0.0016097432235255837 0.5220680832862854
   vertex -0.08486822247505188 0.00010974014730891213 0.5220680832862854
  endloop
 endfacet
 facet normal 0.25874185051045678 0 -0.96594650721166986
  outer loop
   vertex -0.085221804678440094 0.0016097432235255837 0.5219733715057373
   vertex -0.08486822247505188 0.0016097432235255837 0.5220680832862854
   vertex -0.085221804678440094 0.00010974014730891213 0.5219733715057373
  endloop
 endfacet
 facet normal 0.42268935434309174 0 -0.90627463261696783
  outer loop
   vertex -0.085553564131259918 0.00010974014730891213 0.52181863784790039
   vertex -0.085221804678440094 0.0016097432235255837 0.5219733715057373
   vertex -0.085221804678440094 0.00010974014730891213 0.5219733715057373
  endloop
 endfacet
 facet normal 0.42268935434309174 0 -0.90627463261696783
  outer loop
   vertex -0.085553564131259918 0.0016097432235255837 0.52181863784790039
   vertex -0.085221804678440094 0.0016097432235255837 0.5219733715057373
   vertex -0.085553564131259918 0.00010974014730891213 0.52181863784790039
  endloop
 endfacet
 facet normal 0.57351425454805061 0 -0.81919558093912703
  outer loop
   vertex -0.085853420197963715 0.00010974014730891213 0.52160871028900146
   vertex -0.085553564131259918 0.0016097432235255837 0.52181863784790039
   vertex -0.085553564131259918 0.00010974014730891213 0.52181863784790039
  endloop
 endfacet
 facet normal 0.57351425454805061 0 -0.81919558093912703
  outer loop
   vertex -0.085853420197963715 0.0016097432235255837 0.52160871028900146
   vertex -0.085553564131259918 0.0016097432235255837 0.52181863784790039
   vertex -0.085853420197963715 0.00010974014730891213 0.52160871028900146
  endloop
 endfacet
 facet normal 0.70713730971137734 0 -0.70707625134362662
  outer loop
   vertex -0.086112260818481445 0.00010974014730891213 0.52134984731674194
   vertex -0.085853420197963715 0.0016097432235255837 0.52160871028900146
   vertex -0.085853420197963715 0.00010974014730891213 0.52160871028900146
  endloop
 endfacet
 facet normal 0.70713730971137734 0 -0.70707625134362662
  outer loop
   vertex -0.086112260818481445 0.0016097432235255837 0.52134984731674194
   vertex -0.085853420197963715 0.0016097432235255837 0.52160871028900146
   vertex -0.086112260818481445 0.00010974014730891213 0.52134984731674194
  endloop
 endfacet
 facet normal 0.81917072001990054 0 -0.57354976371896238
  outer loop
   vertex -0.086322218179702759 0.00010974014730891213 0.52104997634887695
   vertex -0.086112260818481445 0.0016097432235255837 0.52134984731674194
   vertex -0.086112260818481445 0.00010974014730891213 0.52134984731674194
  endloop
 endfacet
 facet normal 0.81917072001990054 0 -0.57354976371896238
  outer loop
   vertex -0.086322218179702759 0.0016097432235255837 0.52104997634887695
   vertex -0.086112260818481445 0.0016097432235255837 0.52134984731674194
   vertex -0.086322218179702759 0.00010974014730891213 0.52104997634887695
  endloop
 endfacet
 facet normal 0.90630581780382169 0 -0.42262248474844039
  outer loop
   vertex -0.086476922035217285 0.00010974014730891213 0.52071821689605713
   vertex -0.086322218179702759 0.0016097432235255837 0.52104997634887695
   vertex -0.086322218179702759 0.00010974014730891213 0.52104997634887695
  endloop
 endfacet
 facet normal 0.90630581780382169 0 -0.42262248474844039
  outer loop
   vertex -0.086476922035217285 0.0016097432235255837 0.52071821689605713
   vertex -0.086322218179702759 0.0016097432235255837 0.52104997634887695
   vertex -0.086476922035217285 0.00010974014730891213 0.52071821689605713
  endloop
 endfacet
 facet normal 0.96592479267920472 0 -0.25882290255623669
  outer loop
   vertex -0.086571663618087769 0.00010974014730891213 0.52036464214324951
   vertex -0.086476922035217285 0.0016097432235255837 0.52071821689605713
   vertex -0.086476922035217285 0.00010974014730891213 0.52071821689605713
  endloop
 endfacet
 facet normal 0.96592479267920472 0 -0.25882290255623669
  outer loop
   vertex -0.086571663618087769 0.0016097432235255837 0.52036464214324951
   vertex -0.086476922035217285 0.0016097432235255837 0.52071821689605713
   vertex -0.086571663618087769 0.00010974014730891213 0.52036464214324951
  endloop
 endfacet
 facet normal 0.99619477787606681 0 -0.087154830803884392
  outer loop
   vertex -0.086603567004203796 0.00010974014730891213 0.51999998092651367
   vertex -0.086571663618087769 0.0016097432235255837 0.52036464214324951
   vertex -0.086571663618087769 0.00010974014730891213 0.52036464214324951
  endloop
 endfacet
 facet normal 0.99619477787606681 0 -0.087154830803884392
  outer loop
   vertex -0.086603567004203796 0.0016097432235255837 0.51999998092651367
   vertex -0.086571663618087769 0.0016097432235255837 0.52036464214324951
   vertex -0.086603567004203796 0.00010974014730891213 0.51999998092651367
  endloop
 endfacet
 facet normal 0.99619477787606681 0 0.087154830803884392
  outer loop
   vertex 0.08243175595998764 0.00010974014730891213 0.51963531970977783
   vertex 0.082399852573871613 0.0016097432235255837 0.51999998092651367
   vertex 0.082399852573871613 0.00010974014730891213 0.51999998092651367
  endloop
 endfacet
 facet normal 0.99619477787606681 0 0.087154830803884392
  outer loop
   vertex 0.08243175595998764 0.0016097432235255837 0.51963531970977783
   vertex 0.082399852573871613 0.0016097432235255837 0.51999998092651367
   vertex 0.08243175595998764 0.00010974014730891213 0.51963531970977783
  endloop
 endfacet
 facet normal 0.96592479267920472 0 0.25882290255623669
  outer loop
   vertex 0.082526497542858124 0.00010974014730891213 0.51928174495697021
   vertex 0.08243175595998764 0.0016097432235255837 0.51963531970977783
   vertex 0.08243175595998764 0.00010974014730891213 0.51963531970977783
  endloop
 endfacet
 facet normal 0.96592479267920472 0 0.25882290255623669
  outer loop
   vertex 0.082526497542858124 0.0016097432235255837 0.51928174495697021
   vertex 0.08243175595998764 0.0016097432235255837 0.51963531970977783
   vertex 0.082526497542858124 0.00010974014730891213 0.51928174495697021
  endloop
 endfacet
 facet normal 0.90630581780382169 0 0.42262248474844039
  outer loop
   vertex 0.08268120139837265 0.00010974014730891213 0.51894998550415039
   vertex 0.082526497542858124 0.0016097432235255837 0.51928174495697021
   vertex 0.082526497542858124 0.00010974014730891213 0.51928174495697021
  endloop
 endfacet
 facet normal 0.90630581780382169 0 0.42262248474844039
  outer loop
   vertex 0.08268120139837265 0.0016097432235255837 0.51894998550415039
   vertex 0.082526497542858124 0.0016097432235255837 0.51928174495697021
   vertex 0.08268120139837265 0.00010974014730891213 0.51894998550415039
  endloop
 endfacet
 facet normal 0.81917072001990054 0 0.57354976371896238
  outer loop
   vertex 0.082891158759593964 0.00010974014730891213 0.5186501145362854
   vertex 0.08268120139837265 0.0016097432235255837 0.51894998550415039
   vertex 0.08268120139837265 0.00010974014730891213 0.51894998550415039
  endloop
 endfacet
 facet normal 0.81917072001990054 0 0.57354976371896238
  outer loop
   vertex 0.082891158759593964 0.0016097432235255837 0.5186501145362854
   vertex 0.08268120139837265 0.0016097432235255837 0.51894998550415039
   vertex 0.082891158759593964 0.00010974014730891213 0.5186501145362854
  endloop
 endfacet
 facet normal 0.70706606916308956 0 0.70714749086612538
  outer loop
   vertex 0.083149991929531097 0.00010974014730891213 0.51839131116867065
   vertex 0.082891158759593964 0.0016097432235255837 0.5186501145362854
   vertex 0.082891158759593964 0.00010974014730891213 0.5186501145362854
  endloop
 endfacet
 facet normal 0.70706606916308956 0 0.70714749086612538
  outer loop
   vertex 0.083149991929531097 0.0016097432235255837 0.51839131116867065
   vertex 0.082891158759593964 0.0016097432235255837 0.5186501145362854
   vertex 0.083149991929531097 0.00010974014730891213 0.51839131116867065
  endloop
 endfacet
 facet normal 0.57360439086738757 0 0.81913246961505159
  outer loop
   vertex 0.083449862897396088 0.00010974014730891213 0.51818132400512695
   vertex 0.083149991929531097 0.0016097432235255837 0.51839131116867065
   vertex 0.083149991929531097 0.00010974014730891213 0.51839131116867065
  endloop
 endfacet
 facet normal 0.57360439086738757 0 0.81913246961505159
  outer loop
   vertex 0.083449862897396088 0.0016097432235255837 0.51818132400512695
   vertex 0.083149991929531097 0.0016097432235255837 0.51839131116867065
   vertex 0.083449862897396088 0.00010974014730891213 0.51818132400512695
  endloop
 endfacet
 facet normal 0.42255560825096944 0 0.90633700020227204
  outer loop
   vertex 0.083781622350215912 0.00010974014730891213 0.51802664995193481
   vertex 0.083449862897396088 0.0016097432235255837 0.51818132400512695
   vertex 0.083449862897396088 0.00010974014730891213 0.51818132400512695
  endloop
 endfacet
 facet normal 0.42255560825096944 0 0.90633700020227204
  outer loop
   vertex 0.083781622350215912 0.0016097432235255837 0.51802664995193481
   vertex 0.083449862897396088 0.0016097432235255837 0.51818132400512695
   vertex 0.083781622350215912 0.00010974014730891213 0.51802664995193481
  endloop
 endfacet
 facet normal 0.25889886257677064 0 0.96590443572666884
  outer loop
   vertex 0.084135197103023529 0.00010974014730891213 0.51793187856674194
   vertex 0.083781622350215912 0.0016097432235255837 0.51802664995193481
   vertex 0.083781622350215912 0.00010974014730891213 0.51802664995193481
  endloop
 endfacet
 facet normal 0.25889886257677064 0 0.96590443572666884
  outer loop
   vertex 0.084135197103023529 0.0016097432235255837 0.51793187856674194
   vertex 0.083781622350215912 0.0016097432235255837 0.51802664995193481
   vertex 0.084135197103023529 0.00010974014730891213 0.51793187856674194
  endloop
 endfacet
 facet normal 0.087114432267673458 0 0.99619831142733872
  outer loop
   vertex 0.084499858319759369 0.00010974014730891213 0.51789999008178711
   vertex 0.084135197103023529 0.0016097432235255837 0.51793187856674194
   vertex 0.084135197103023529 0.00010974014730891213 0.51793187856674194
  endloop
 endfacet
 facet normal 0.087114432267673458 0 0.99619831142733872
  outer loop
   vertex 0.084499858319759369 0.0016097432235255837 0.51789999008178711
   vertex 0.084135197103023529 0.0016097432235255837 0.51793187856674194
   vertex 0.084499858319759369 0.00010974014730891213 0.51789999008178711
  endloop
 endfacet
 facet normal -0.087114432267673458 0 0.99619831142733872
  outer loop
   vertex 0.084864519536495209 0.00010974014730891213 0.51793187856674194
   vertex 0.084499858319759369 0.0016097432235255837 0.51789999008178711
   vertex 0.084499858319759369 0.00010974014730891213 0.51789999008178711
  endloop
 endfacet
 facet normal -0.087114432267673458 0 0.99619831142733872
  outer loop
   vertex 0.084864519536495209 0.0016097432235255837 0.51793187856674194
   vertex 0.084499858319759369 0.0016097432235255837 0.51789999008178711
   vertex 0.084864519536495209 0.00010974014730891213 0.51793187856674194
  endloop
 endfacet
 facet normal -0.25889886257677064 0 0.96590443572666884
  outer loop
   vertex 0.085218094289302826 0.00010974014730891213 0.51802664995193481
   vertex 0.084864519536495209 0.0016097432235255837 0.51793187856674194
   vertex 0.084864519536495209 0.00010974014730891213 0.51793187856674194
  endloop
 endfacet
 facet normal -0.25889886257677064 0 0.96590443572666884
  outer loop
   vertex 0.085218094289302826 0.0016097432235255837 0.51802664995193481
   vertex 0.084864519536495209 0.0016097432235255837 0.51793187856674194
   vertex 0.085218094289302826 0.00010974014730891213 0.51802664995193481
  endloop
 endfacet
 facet normal -0.42255560825096944 0 0.90633700020227204
  outer loop
   vertex 0.08554985374212265 0.00010974014730891213 0.51818132400512695
   vertex 0.085218094289302826 0.0016097432235255837 0.51802664995193481
   vertex 0.085218094289302826 0.00010974014730891213 0.51802664995193481
  endloop
 endfacet
 facet normal -0.42255560825096944 0 0.90633700020227204
  outer loop
   vertex 0.08554985374212265 0.0016097432235255837 0.51818132400512695
   vertex 0.085218094289302826 0.0016097432235255837 0.51802664995193481
   vertex 0.08554985374212265 0.00010974014730891213 0.51818132400512695
  endloop
 endfacet
 facet normal -0.57362351656878763 0 0.81911907634925585
  outer loop
   vertex 0.085849709808826447 0.00010974014730891213 0.51839131116867065
   vertex 0.08554985374212265 0.0016097432235255837 0.51818132400512695
   vertex 0.08554985374212265 0.00010974014730891213 0.51818132400512695
  endloop
 endfacet
 facet normal -0.57362351656878763 0 0.81911907634925585
  outer loop
   vertex 0.085849709808826447 0.0016097432235255837 0.51839131116867065
   vertex 0.08554985374212265 0.0016097432235255837 0.51818132400512695
   vertex 0.085849709808826447 0.00010974014730891213 0.51839131116867065
  endloop
 endfacet
 facet normal -0.70704571403054339 0 0.70716784306912539
  outer loop
   vertex 0.086108557879924774 0.00010974014730891213 0.5186501145362854
   vertex 0.085849709808826447 0.0016097432235255837 0.51839131116867065
   vertex 0.085849709808826447 0.00010974014730891213 0.51839131116867065
  endloop
 endfacet
 facet normal -0.70704571403054339 0 0.70716784306912539
  outer loop
   vertex 0.086108557879924774 0.0016097432235255837 0.5186501145362854
   vertex 0.085849709808826447 0.0016097432235255837 0.51839131116867065
   vertex 0.086108557879924774 0.00010974014730891213 0.5186501145362854
  endloop
 endfacet
 facet normal -0.81917072001990054 0 0.57354976371896238
  outer loop
   vertex 0.086318515241146088 0.00010974014730891213 0.51894998550415039
   vertex 0.086108557879924774 0.0016097432235255837 0.5186501145362854
   vertex 0.086108557879924774 0.00010974014730891213 0.5186501145362854
  endloop
 endfacet
 facet normal -0.81917072001990054 0 0.57354976371896238
  outer loop
   vertex 0.086318515241146088 0.0016097432235255837 0.51894998550415039
   vertex 0.086108557879924774 0.0016097432235255837 0.5186501145362854
   vertex 0.086318515241146088 0.00010974014730891213 0.51894998550415039
  endloop
 endfacet
 facet normal -0.90630581780382169 0 0.42262248474844039
  outer loop
   vertex 0.086473219096660614 0.00010974014730891213 0.51928174495697021
   vertex 0.086318515241146088 0.0016097432235255837 0.51894998550415039
   vertex 0.086318515241146088 0.00010974014730891213 0.51894998550415039
  endloop
 endfacet
 facet normal -0.90630581780382169 0 0.42262248474844039
  outer loop
   vertex 0.086473219096660614 0.0016097432235255837 0.51928174495697021
   vertex 0.086318515241146088 0.0016097432235255837 0.51894998550415039
   vertex 0.086473219096660614 0.00010974014730891213 0.51928174495697021
  endloop
 endfacet
 facet normal -0.96592479267920472 0 0.25882290255623669
  outer loop
   vertex 0.086567960679531097 0.00010974014730891213 0.51963531970977783
   vertex 0.086473219096660614 0.0016097432235255837 0.51928174495697021
   vertex 0.086473219096660614 0.00010974014730891213 0.51928174495697021
  endloop
 endfacet
 facet normal -0.96592479267920472 0 0.25882290255623669
  outer loop
   vertex 0.086567960679531097 0.0016097432235255837 0.51963531970977783
   vertex 0.086473219096660614 0.0016097432235255837 0.51928174495697021
   vertex 0.086567960679531097 0.00010974014730891213 0.51963531970977783
  endloop
 endfacet
 facet normal -0.99619831142733872 0 0.087114432267673458
  outer loop
   vertex 0.086599849164485931 0.00010974014730891213 0.51999998092651367
   vertex 0.086567960679531097 0.0016097432235255837 0.51963531970977783
   vertex 0.086567960679531097 0.00010974014730891213 0.51963531970977783
  endloop
 endfacet
 facet normal -0.99619831142733872 0 0.087114432267673458
  outer loop
   vertex 0.086599849164485931 0.0016097432235255837 0.51999998092651367
   vertex 0.086567960679531097 0.0016097432235255837 0.51963531970977783
   vertex 0.086599849164485931 0.00010974014730891213 0.51999998092651367
  endloop
 endfacet
 facet normal -0.99619831142733872 -0 -0.087114432267673458
  outer loop
   vertex 0.086567960679531097 0.00010974014730891213 0.52036464214324951
   vertex 0.086599849164485931 0.0016097432235255837 0.51999998092651367
   vertex 0.086599849164485931 0.00010974014730891213 0.51999998092651367
  endloop
 endfacet
 facet normal -0.99619831142733872 0 -0.087114432267673458
  outer loop
   vertex 0.086567960679531097 0.0016097432235255837 0.52036464214324951
   vertex 0.086599849164485931 0.0016097432235255837 0.51999998092651367
   vertex 0.086567960679531097 0.00010974014730891213 0.52036464214324951
  endloop
 endfacet
 facet normal -0.96592479267920472 -0 -0.25882290255623669
  outer loop
   vertex 0.086473219096660614 0.00010974014730891213 0.52071821689605713
   vertex 0.086567960679531097 0.0016097432235255837 0.52036464214324951
   vertex 0.086567960679531097 0.00010974014730891213 0.52036464214324951
  endloop
 endfacet
 facet normal -0.96592479267920472 0 -0.25882290255623669
  outer loop
   vertex 0.086473219096660614 0.0016097432235255837 0.52071821689605713
   vertex 0.086567960679531097 0.0016097432235255837 0.52036464214324951
   vertex 0.086473219096660614 0.00010974014730891213 0.52071821689605713
  endloop
 endfacet
 facet normal -0.90630581780382169 -0 -0.42262248474844039
  outer loop
   vertex 0.086318515241146088 0.00010974014730891213 0.52104997634887695
   vertex 0.086473219096660614 0.0016097432235255837 0.52071821689605713
   vertex 0.086473219096660614 0.00010974014730891213 0.52071821689605713
  endloop
 endfacet
 facet normal -0.90630581780382169 0 -0.42262248474844039
  outer loop
   vertex 0.086318515241146088 0.0016097432235255837 0.52104997634887695
   vertex 0.086473219096660614 0.0016097432235255837 0.52071821689605713
   vertex 0.086318515241146088 0.00010974014730891213 0.52104997634887695
  endloop
 endfacet
 facet normal -0.81917072001990054 -0 -0.57354976371896238
  outer loop
   vertex 0.086108557879924774 0.00010974014730891213 0.52134984731674194
   vertex 0.086318515241146088 0.0016097432235255837 0.52104997634887695
   vertex 0.086318515241146088 0.00010974014730891213 0.52104997634887695
  endloop
 endfacet
 facet normal -0.81917072001990054 0 -0.57354976371896238
  outer loop
   vertex 0.086108557879924774 0.0016097432235255837 0.52134984731674194
   vertex 0.086318515241146088 0.0016097432235255837 0.52104997634887695
   vertex 0.086108557879924774 0.00010974014730891213 0.52134984731674194
  endloop
 endfacet
 facet normal -0.70712713339000277 -0 -0.70708642839729097
  outer loop
   vertex 0.085849709808826447 0.00010974014730891213 0.52160871028900146
   vertex 0.086108557879924774 0.0016097432235255837 0.52134984731674194
   vertex 0.086108557879924774 0.00010974014730891213 0.52134984731674194
  endloop
 endfacet
 facet normal -0.70712713339000277 0 -0.70708642839729097
  outer loop
   vertex 0.085849709808826447 0.0016097432235255837 0.52160871028900146
   vertex 0.086108557879924774 0.0016097432235255837 0.52134984731674194
   vertex 0.085849709808826447 0.00010974014730891213 0.52160871028900146
  endloop
 endfacet
 facet normal -0.57351425454805061 -0 -0.81919558093912703
  outer loop
   vertex 0.08554985374212265 0.00010974014730891213 0.52181863784790039
   vertex 0.085849709808826447 0.0016097432235255837 0.52160871028900146
   vertex 0.085849709808826447 0.00010974014730891213 0.52160871028900146
  endloop
 endfacet
 facet normal -0.57351425454805061 0 -0.81919558093912703
  outer loop
   vertex 0.08554985374212265 0.0016097432235255837 0.52181863784790039
   vertex 0.085849709808826447 0.0016097432235255837 0.52160871028900146
   vertex 0.08554985374212265 0.00010974014730891213 0.52181863784790039
  endloop
 endfacet
 facet normal -0.42268935434309174 -0 -0.90627463261696783
  outer loop
   vertex 0.085218094289302826 0.00010974014730891213 0.5219733715057373
   vertex 0.08554985374212265 0.0016097432235255837 0.52181863784790039
   vertex 0.08554985374212265 0.00010974014730891213 0.52181863784790039
  endloop
 endfacet
 facet normal -0.42268935434309174 0 -0.90627463261696783
  outer loop
   vertex 0.085218094289302826 0.0016097432235255837 0.5219733715057373
   vertex 0.08554985374212265 0.0016097432235255837 0.52181863784790039
   vertex 0.085218094289302826 0.00010974014730891213 0.5219733715057373
  endloop
 endfacet
 facet normal -0.2587469377335615 -0 -0.96594514451572489
  outer loop
   vertex 0.084864519536495209 0.00010974014730891213 0.5220680832862854
   vertex 0.085218094289302826 0.0016097432235255837 0.5219733715057373
   vertex 0.085218094289302826 0.00010974014730891213 0.5219733715057373
  endloop
 endfacet
 facet normal -0.2587469377335615 0 -0.96594514451572489
  outer loop
   vertex 0.084864519536495209 0.0016097432235255837 0.5220680832862854
   vertex 0.085218094289302826 0.0016097432235255837 0.5219733715057373
   vertex 0.084864519536495209 0.00010974014730891213 0.5220680832862854
  endloop
 endfacet
 facet normal -0.087114432267673458 -0 -0.99619831142733872
  outer loop
   vertex 0.084499858319759369 0.00010974014730891213 0.52209997177124023
   vertex 0.084864519536495209 0.0016097432235255837 0.5220680832862854
   vertex 0.084864519536495209 0.00010974014730891213 0.5220680832862854
  endloop
 endfacet
 facet normal -0.087114432267673458 0 -0.99619831142733872
  outer loop
   vertex 0.084499858319759369 0.0016097432235255837 0.52209997177124023
   vertex 0.084864519536495209 0.0016097432235255837 0.5220680832862854
   vertex 0.084499858319759369 0.00010974014730891213 0.52209997177124023
  endloop
 endfacet
 facet normal 0.087114432267673458 0 -0.99619831142733872
  outer loop
   vertex 0.084135197103023529 0.00010974014730891213 0.5220680832862854
   vertex 0.084499858319759369 0.0016097432235255837 0.52209997177124023
   vertex 0.084499858319759369 0.00010974014730891213 0.52209997177124023
  endloop
 endfacet
 facet normal 0.087114432267673458 0 -0.99619831142733872
  outer loop
   vertex 0.084135197103023529 0.0016097432235255837 0.5220680832862854
   vertex 0.084499858319759369 0.0016097432235255837 0.52209997177124023
   vertex 0.084135197103023529 0.00010974014730891213 0.5220680832862854
  endloop
 endfacet
 facet normal 0.2587469377335615 0 -0.96594514451572489
  outer loop
   vertex 0.083781622350215912 0.00010974014730891213 0.5219733715057373
   vertex 0.084135197103023529 0.0016097432235255837 0.5220680832862854
   vertex 0.084135197103023529 0.00010974014730891213 0.5220680832862854
  endloop
 endfacet
 facet normal 0.2587469377335615 0 -0.96594514451572489
  outer loop
   vertex 0.083781622350215912 0.0016097432235255837 0.5219733715057373
   vertex 0.084135197103023529 0.0016097432235255837 0.5220680832862854
   vertex 0.083781622350215912 0.00010974014730891213 0.5219733715057373
  endloop
 endfacet
 facet normal 0.42268935434309174 0 -0.90627463261696783
  outer loop
   vertex 0.083449862897396088 0.00010974014730891213 0.52181863784790039
   vertex 0.083781622350215912 0.0016097432235255837 0.5219733715057373
   vertex 0.083781622350215912 0.00010974014730891213 0.5219733715057373
  endloop
 endfacet
 facet normal 0.42268935434309174 0 -0.90627463261696783
  outer loop
   vertex 0.083449862897396088 0.0016097432235255837 0.52181863784790039
   vertex 0.083781622350215912 0.0016097432235255837 0.5219733715057373
   vertex 0.083449862897396088 0.00010974014730891213 0.52181863784790039
  endloop
 endfacet
 facet normal 0.5734951289177187 0 -0.81920897035350448
  outer loop
   vertex 0.083149991929531097 0.00010974014730891213 0.52160871028900146
   vertex 0.083449862897396088 0.0016097432235255837 0.52181863784790039
   vertex 0.083449862897396088 0.00010974014730891213 0.52181863784790039
  endloop
 endfacet
 facet normal 0.5734951289177187 0 -0.81920897035350448
  outer loop
   vertex 0.083149991929531097 0.0016097432235255837 0.52160871028900146
   vertex 0.083449862897396088 0.0016097432235255837 0.52181863784790039
   vertex 0.083149991929531097 0.00010974014730891213 0.52160871028900146
  endloop
 endfacet
 facet normal 0.70714748617917511 0 -0.70706607385057973
  outer loop
   vertex 0.082891158759593964 0.00010974014730891213 0.52134984731674194
   vertex 0.083149991929531097 0.0016097432235255837 0.52160871028900146
   vertex 0.083149991929531097 0.00010974014730891213 0.52160871028900146
  endloop
 endfacet
 facet normal 0.70714748617917511 0 -0.70706607385057973
  outer loop
   vertex 0.082891158759593964 0.0016097432235255837 0.52134984731674194
   vertex 0.083149991929531097 0.0016097432235255837 0.52160871028900146
   vertex 0.082891158759593964 0.00010974014730891213 0.52134984731674194
  endloop
 endfacet
 facet normal 0.81917072001990054 0 -0.57354976371896238
  outer loop
   vertex 0.08268120139837265 0.00010974014730891213 0.52104997634887695
   vertex 0.082891158759593964 0.0016097432235255837 0.52134984731674194
   vertex 0.082891158759593964 0.00010974014730891213 0.52134984731674194
  endloop
 endfacet
 facet normal 0.81917072001990054 0 -0.57354976371896238
  outer loop
   vertex 0.08268120139837265 0.0016097432235255837 0.52104997634887695
   vertex 0.082891158759593964 0.0016097432235255837 0.52134984731674194
   vertex 0.08268120139837265 0.00010974014730891213 0.52104997634887695
  endloop
 endfacet
 facet normal 0.90630581780382169 0 -0.42262248474844039
  outer loop
   vertex 0.082526497542858124 0.00010974014730891213 0.52071821689605713
   vertex 0.08268120139837265 0.0016097432235255837 0.52104997634887695
   vertex 0.08268120139837265 0.00010974014730891213 0.52104997634887695
  endloop
 endfacet
 facet normal 0.90630581780382169 0 -0.42262248474844039
  outer loop
   vertex 0.082526497542858124 0.0016097432235255837 0.52071821689605713
   vertex 0.08268120139837265 0.0016097432235255837 0.52104997634887695
   vertex 0.082526497542858124 0.00010974014730891213 0.52071821689605713
  endloop
 endfacet
 facet normal 0.96592479267920472 0 -0.25882290255623669
  outer loop
   vertex 0.08243175595998764 0.00010974014730891213 0.52036464214324951
   vertex 0.082526497542858124 0.0016097432235255837 0.52071821689605713
   vertex 0.082526497542858124 0.00010974014730891213 0.52071821689605713
  endloop
 endfacet
 facet normal 0.96592479267920472 0 -0.25882290255623669
  outer loop
   vertex 0.08243175595998764 0.0016097432235255837 0.52036464214324951
   vertex 0.082526497542858124 0.0016097432235255837 0.52071821689605713
   vertex 0.08243175595998764 0.00010974014730891213 0.52036464214324951
  endloop
 endfacet
 facet normal 0.99619477787606681 0 -0.087154830803884392
  outer loop
   vertex 0.082399852573871613 0.00010974014730891213 0.51999998092651367
   vertex 0.08243175595998764 0.0016097432235255837 0.52036464214324951
   vertex 0.08243175595998764 0.00010974014730891213 0.52036464214324951
  endloop
 endfacet
 facet normal 0.99619477787606681 0 -0.087154830803884392
  outer loop
   vertex 0.082399852573871613 0.0016097432235255837 0.51999998092651367
   vertex 0.08243175595998764 0.0016097432235255837 0.52036464214324951
   vertex 0.082399852573871613 0.00010974014730891213 0.51999998092651367
  endloop
 endfacet
 facet normal 0.99619477787606681 0 0.087154830803884392
  outer loop
   vertex -0.086571663618087769 0.00010974014730891213 0.5396353006362915
   vertex -0.086603567004203796 0.0016097432235255837 0.53999996185302734
   vertex -0.086603567004203796 0.00010974014730891213 0.53999996185302734
  endloop
 endfacet
 facet normal 0.99619477787606681 0 0.087154830803884392
  outer loop
   vertex -0.086571663618087769 0.0016097432235255837 0.5396353006362915
   vertex -0.086603567004203796 0.0016097432235255837 0.53999996185302734
   vertex -0.086571663618087769 0.00010974014730891213 0.5396353006362915
  endloop
 endfacet
 facet normal 0.96592479267920472 0 0.25882290255623669
  outer loop
   vertex -0.086476922035217285 0.00010974014730891213 0.53928172588348389
   vertex -0.086571663618087769 0.0016097432235255837 0.5396353006362915
   vertex -0.086571663618087769 0.00010974014730891213 0.5396353006362915
  endloop
 endfacet
 facet normal 0.96592479267920472 0 0.25882290255623669
  outer loop
   vertex -0.086476922035217285 0.0016097432235255837 0.53928172588348389
   vertex -0.086571663618087769 0.0016097432235255837 0.5396353006362915
   vertex -0.086476922035217285 0.00010974014730891213 0.53928172588348389
  endloop
 endfacet
 facet normal 0.90630581780382169 0 0.42262248474844039
  outer loop
   vertex -0.086322218179702759 0.00010974014730891213 0.53894996643066406
   vertex -0.086476922035217285 0.0016097432235255837 0.53928172588348389
   vertex -0.086476922035217285 0.00010974014730891213 0.53928172588348389
  endloop
 endfacet
 facet normal 0.90630581780382169 0 0.42262248474844039
  outer loop
   vertex -0.086322218179702759 0.0016097432235255837 0.53894996643066406
   vertex -0.086476922035217285 0.0016097432235255837 0.53928172588348389
   vertex -0.086322218179702759 0.00010974014730891213 0.53894996643066406
  endloop
 endfacet
 facet normal 0.81917072001990054 0 0.57354976371896238
  outer loop
   vertex -0.086112260818481445 0.00010974014730891213 0.53865009546279907
   vertex -0.086322218179702759 0.0016097432235255837 0.53894996643066406
   vertex -0.086322218179702759 0.00010974014730891213 0.53894996643066406
  endloop
 endfacet
 facet normal 0.81917072001990054 0 0.57354976371896238
  outer loop
   vertex -0.086112260818481445 0.0016097432235255837 0.53865009546279907
   vertex -0.086322218179702759 0.0016097432235255837 0.53894996643066406
   vertex -0.086112260818481445 0.00010974014730891213 0.53865009546279907
  endloop
 endfacet
 facet normal 0.70705589152354598 0 0.70715766718734197
  outer loop
   vertex -0.085853420197963715 0.00010974014730891213 0.53839129209518433
   vertex -0.086112260818481445 0.0016097432235255837 0.53865009546279907
   vertex -0.086112260818481445 0.00010974014730891213 0.53865009546279907
  endloop
 endfacet
 facet normal 0.70705589152354598 0 0.70715766718734197
  outer loop
   vertex -0.085853420197963715 0.0016097432235255837 0.53839129209518433
   vertex -0.086112260818481445 0.0016097432235255837 0.53865009546279907
   vertex -0.085853420197963715 0.00010974014730891213 0.53839129209518433
  endloop
 endfacet
 facet normal 0.57362351656878763 0 0.81911907634925585
  outer loop
   vertex -0.085553564131259918 0.00010974014730891213 0.53818130493164062
   vertex -0.085853420197963715 0.0016097432235255837 0.53839129209518433
   vertex -0.085853420197963715 0.00010974014730891213 0.53839129209518433
  endloop
 endfacet
 facet normal 0.57362351656878763 0 0.81911907634925585
  outer loop
   vertex -0.085553564131259918 0.0016097432235255837 0.53818130493164062
   vertex -0.085853420197963715 0.0016097432235255837 0.53839129209518433
   vertex -0.085553564131259918 0.00010974014730891213 0.53818130493164062
  endloop
 endfacet
 facet normal 0.42255560825096944 0 0.90633700020227204
  outer loop
   vertex -0.085221804678440094 0.00010974014730891213 0.53802663087844849
   vertex -0.085553564131259918 0.0016097432235255837 0.53818130493164062
   vertex -0.085553564131259918 0.00010974014730891213 0.53818130493164062
  endloop
 endfacet
 facet normal 0.42255560825096944 0 0.90633700020227204
  outer loop
   vertex -0.085221804678440094 0.0016097432235255837 0.53802663087844849
   vertex -0.085553564131259918 0.0016097432235255837 0.53818130493164062
   vertex -0.085221804678440094 0.00010974014730891213 0.53802663087844849
  endloop
 endfacet
 facet normal 0.25889377279569376 0 0.9659057999658206
  outer loop
   vertex -0.08486822247505188 0.00010974014730891213 0.53793185949325562
   vertex -0.085221804678440094 0.0016097432235255837 0.53802663087844849
   vertex -0.085221804678440094 0.00010974014730891213 0.53802663087844849
  endloop
 endfacet
 facet normal 0.25889377279569376 0 0.9659057999658206
  outer loop
   vertex -0.08486822247505188 0.0016097432235255837 0.53793185949325562
   vertex -0.085221804678440094 0.0016097432235255837 0.53802663087844849
   vertex -0.08486822247505188 0.00010974014730891213 0.53793185949325562
  endloop
 endfacet
 facet normal 0.087114432267673458 0 0.99619831142733872
  outer loop
   vertex -0.08450356125831604 0.00010974014730891213 0.53789997100830078
   vertex -0.08486822247505188 0.0016097432235255837 0.53793185949325562
   vertex -0.08486822247505188 0.00010974014730891213 0.53793185949325562
  endloop
 endfacet
 facet normal 0.087114432267673458 0 0.99619831142733872
  outer loop
   vertex -0.08450356125831604 0.0016097432235255837 0.53789997100830078
   vertex -0.08486822247505188 0.0016097432235255837 0.53793185949325562
   vertex -0.08450356125831604 0.00010974014730891213 0.53789997100830078
  endloop
 endfacet
 facet normal -0.087114432267673458 0 0.99619831142733872
  outer loop
   vertex -0.0841389000415802 0.00010974014730891213 0.53793185949325562
   vertex -0.08450356125831604 0.0016097432235255837 0.53789997100830078
   vertex -0.08450356125831604 0.00010974014730891213 0.53789997100830078
  endloop
 endfacet
 facet normal -0.087114432267673458 0 0.99619831142733872
  outer loop
   vertex -0.0841389000415802 0.0016097432235255837 0.53793185949325562
   vertex -0.08450356125831604 0.0016097432235255837 0.53789997100830078
   vertex -0.0841389000415802 0.00010974014730891213 0.53793185949325562
  endloop
 endfacet
 facet normal -0.25889886257677064 0 0.96590443572666884
  outer loop
   vertex -0.083785325288772583 0.00010974014730891213 0.53802663087844849
   vertex -0.0841389000415802 0.0016097432235255837 0.53793185949325562
   vertex -0.0841389000415802 0.00010974014730891213 0.53793185949325562
  endloop
 endfacet
 facet normal -0.25889886257677064 0 0.96590443572666884
  outer loop
   vertex -0.083785325288772583 0.0016097432235255837 0.53802663087844849
   vertex -0.0841389000415802 0.0016097432235255837 0.53793185949325562
   vertex -0.083785325288772583 0.00010974014730891213 0.53802663087844849
  endloop
 endfacet
 facet normal -0.42255560825096944 0 0.90633700020227204
  outer loop
   vertex -0.083453565835952759 0.00010974014730891213 0.53818130493164062
   vertex -0.083785325288772583 0.0016097432235255837 0.53802663087844849
   vertex -0.083785325288772583 0.00010974014730891213 0.53802663087844849
  endloop
 endfacet
 facet normal -0.42255560825096944 0 0.90633700020227204
  outer loop
   vertex -0.083453565835952759 0.0016097432235255837 0.53818130493164062
   vertex -0.083785325288772583 0.0016097432235255837 0.53802663087844849
   vertex -0.083453565835952759 0.00010974014730891213 0.53818130493164062
  endloop
 endfacet
 facet normal -0.57362351656878763 0 0.81911907634925585
  outer loop
   vertex -0.083153709769248962 0.00010974014730891213 0.53839129209518433
   vertex -0.083453565835952759 0.0016097432235255837 0.53818130493164062
   vertex -0.083453565835952759 0.00010974014730891213 0.53818130493164062
  endloop
 endfacet
 facet normal -0.57362351656878763 0 0.81911907634925585
  outer loop
   vertex -0.083153709769248962 0.0016097432235255837 0.53839129209518433
   vertex -0.083453565835952759 0.0016097432235255837 0.53818130493164062
   vertex -0.083153709769248962 0.00010974014730891213 0.53839129209518433
  endloop
 endfacet
 facet normal -0.70705589152354598 0 0.70715766718734197
  outer loop
   vertex -0.082894869148731232 0.00010974014730891213 0.53865009546279907
   vertex -0.083153709769248962 0.0016097432235255837 0.53839129209518433
   vertex -0.083153709769248962 0.00010974014730891213 0.53839129209518433
  endloop
 endfacet
 facet normal -0.70705589152354598 0 0.70715766718734197
  outer loop
   vertex -0.082894869148731232 0.0016097432235255837 0.53865009546279907
   vertex -0.083153709769248962 0.0016097432235255837 0.53839129209518433
   vertex -0.082894869148731232 0.00010974014730891213 0.53865009546279907
  endloop
 endfacet
 facet normal -0.81917072001990054 0 0.57354976371896238
  outer loop
   vertex -0.082684911787509918 0.00010974014730891213 0.53894996643066406
   vertex -0.082894869148731232 0.0016097432235255837 0.53865009546279907
   vertex -0.082894869148731232 0.00010974014730891213 0.53865009546279907
  endloop
 endfacet
 facet normal -0.81917072001990054 0 0.57354976371896238
  outer loop
   vertex -0.082684911787509918 0.0016097432235255837 0.53894996643066406
   vertex -0.082894869148731232 0.0016097432235255837 0.53865009546279907
   vertex -0.082684911787509918 0.00010974014730891213 0.53894996643066406
  endloop
 endfacet
 facet normal -0.90630581780382169 0 0.42262248474844039
  outer loop
   vertex -0.082530207931995392 0.00010974014730891213 0.53928172588348389
   vertex -0.082684911787509918 0.0016097432235255837 0.53894996643066406
   vertex -0.082684911787509918 0.00010974014730891213 0.53894996643066406
  endloop
 endfacet
 facet normal -0.90630581780382169 0 0.42262248474844039
  outer loop
   vertex -0.082530207931995392 0.0016097432235255837 0.53928172588348389
   vertex -0.082684911787509918 0.0016097432235255837 0.53894996643066406
   vertex -0.082530207931995392 0.00010974014730891213 0.53928172588348389
  endloop
 endfacet
 facet normal -0.96592479267920472 0 0.25882290255623669
  outer loop
   vertex -0.082435466349124908 0.00010974014730891213 0.5396353006362915
   vertex -0.082530207931995392 0.0016097432235255837 0.53928172588348389
   vertex -0.082530207931995392 0.00010974014730891213 0.53928172588348389
  endloop
 endfacet
 facet normal -0.96592479267920472 0 0.25882290255623669
  outer loop
   vertex -0.082435466349124908 0.0016097432235255837 0.5396353006362915
   vertex -0.082530207931995392 0.0016097432235255837 0.53928172588348389
   vertex -0.082435466349124908 0.00010974014730891213 0.5396353006362915
  endloop
 endfacet
 facet normal -0.99619477787606681 0 0.087154830803884392
  outer loop
   vertex -0.082403562963008881 0.00010974014730891213 0.53999996185302734
   vertex -0.082435466349124908 0.0016097432235255837 0.5396353006362915
   vertex -0.082435466349124908 0.00010974014730891213 0.5396353006362915
  endloop
 endfacet
 facet normal -0.99619477787606681 0 0.087154830803884392
  outer loop
   vertex -0.082403562963008881 0.0016097432235255837 0.53999996185302734
   vertex -0.082435466349124908 0.0016097432235255837 0.5396353006362915
   vertex -0.082403562963008881 0.00010974014730891213 0.53999996185302734
  endloop
 endfacet
 facet normal -0.99619477787606681 -0 -0.087154830803884392
  outer loop
   vertex -0.082435466349124908 0.00010974014730891213 0.54036462306976318
   vertex -0.082403562963008881 0.0016097432235255837 0.53999996185302734
   vertex -0.082403562963008881 0.00010974014730891213 0.53999996185302734
  endloop
 endfacet
 facet normal -0.99619477787606681 0 -0.087154830803884392
  outer loop
   vertex -0.082435466349124908 0.0016097432235255837 0.54036462306976318
   vertex -0.082403562963008881 0.0016097432235255837 0.53999996185302734
   vertex -0.082435466349124908 0.00010974014730891213 0.54036462306976318
  endloop
 endfacet
 facet normal -0.96592479267920472 -0 -0.25882290255623669
  outer loop
   vertex -0.082530207931995392 0.00010974014730891213 0.5407181978225708
   vertex -0.082435466349124908 0.0016097432235255837 0.54036462306976318
   vertex -0.082435466349124908 0.00010974014730891213 0.54036462306976318
  endloop
 endfacet
 facet normal -0.96592479267920472 0 -0.25882290255623669
  outer loop
   vertex -0.082530207931995392 0.0016097432235255837 0.5407181978225708
   vertex -0.082435466349124908 0.0016097432235255837 0.54036462306976318
   vertex -0.082530207931995392 0.00010974014730891213 0.5407181978225708
  endloop
 endfacet
 facet normal -0.90630581780382169 -0 -0.42262248474844039
  outer loop
   vertex -0.082684911787509918 0.00010974014730891213 0.54104995727539062
   vertex -0.082530207931995392 0.0016097432235255837 0.5407181978225708
   vertex -0.082530207931995392 0.00010974014730891213 0.5407181978225708
  endloop
 endfacet
 facet normal -0.90630581780382169 0 -0.42262248474844039
  outer loop
   vertex -0.082684911787509918 0.0016097432235255837 0.54104995727539062
   vertex -0.082530207931995392 0.0016097432235255837 0.5407181978225708
   vertex -0.082684911787509918 0.00010974014730891213 0.54104995727539062
  endloop
 endfacet
 facet normal -0.81917072001990054 -0 -0.57354976371896238
  outer loop
   vertex -0.082894869148731232 0.00010974014730891213 0.54134982824325562
   vertex -0.082684911787509918 0.0016097432235255837 0.54104995727539062
   vertex -0.082684911787509918 0.00010974014730891213 0.54104995727539062
  endloop
 endfacet
 facet normal -0.81917072001990054 0 -0.57354976371896238
  outer loop
   vertex -0.082894869148731232 0.0016097432235255837 0.54134982824325562
   vertex -0.082684911787509918 0.0016097432235255837 0.54104995727539062
   vertex -0.082894869148731232 0.00010974014730891213 0.54134982824325562
  endloop
 endfacet
 facet normal -0.70713730971137734 -0 -0.70707625134362662
  outer loop
   vertex -0.083153709769248962 0.00010974014730891213 0.54160869121551514
   vertex -0.082894869148731232 0.0016097432235255837 0.54134982824325562
   vertex -0.082894869148731232 0.00010974014730891213 0.54134982824325562
  endloop
 endfacet
 facet normal -0.70713730971137734 0 -0.70707625134362662
  outer loop
   vertex -0.083153709769248962 0.0016097432235255837 0.54160869121551514
   vertex -0.082894869148731232 0.0016097432235255837 0.54134982824325562
   vertex -0.083153709769248962 0.00010974014730891213 0.54160869121551514
  endloop
 endfacet
 facet normal -0.57351425454805061 -0 -0.81919558093912703
  outer loop
   vertex -0.083453565835952759 0.00010974014730891213 0.54181861877441406
   vertex -0.083153709769248962 0.0016097432235255837 0.54160869121551514
   vertex -0.083153709769248962 0.00010974014730891213 0.54160869121551514
  endloop
 endfacet
 facet normal -0.57351425454805061 0 -0.81919558093912703
  outer loop
   vertex -0.083453565835952759 0.0016097432235255837 0.54181861877441406
   vertex -0.083153709769248962 0.0016097432235255837 0.54160869121551514
   vertex -0.083453565835952759 0.00010974014730891213 0.54181861877441406
  endloop
 endfacet
 facet normal -0.42268935434309174 -0 -0.90627463261696783
  outer loop
   vertex -0.083785325288772583 0.00010974014730891213 0.54197335243225098
   vertex -0.083453565835952759 0.0016097432235255837 0.54181861877441406
   vertex -0.083453565835952759 0.00010974014730891213 0.54181861877441406
  endloop
 endfacet
 facet normal -0.42268935434309174 0 -0.90627463261696783
  outer loop
   vertex -0.083785325288772583 0.0016097432235255837 0.54197335243225098
   vertex -0.083453565835952759 0.0016097432235255837 0.54181861877441406
   vertex -0.083785325288772583 0.00010974014730891213 0.54197335243225098
  endloop
 endfacet
 facet normal -0.2587469377335615 -0 -0.96594514451572489
  outer loop
   vertex -0.0841389000415802 0.00010974014730891213 0.54206806421279907
   vertex -0.083785325288772583 0.0016097432235255837 0.54197335243225098
   vertex -0.083785325288772583 0.00010974014730891213 0.54197335243225098
  endloop
 endfacet
 facet normal -0.2587469377335615 0 -0.96594514451572489
  outer loop
   vertex -0.0841389000415802 0.0016097432235255837 0.54206806421279907
   vertex -0.083785325288772583 0.0016097432235255837 0.54197335243225098
   vertex -0.0841389000415802 0.00010974014730891213 0.54206806421279907
  endloop
 endfacet
 facet normal -0.087114432267673458 -0 -0.99619831142733872
  outer loop
   vertex -0.08450356125831604 0.00010974014730891213 0.54209995269775391
   vertex -0.0841389000415802 0.0016097432235255837 0.54206806421279907
   vertex -0.0841389000415802 0.00010974014730891213 0.54206806421279907
  endloop
 endfacet
 facet normal -0.087114432267673458 0 -0.99619831142733872
  outer loop
   vertex -0.08450356125831604 0.0016097432235255837 0.54209995269775391
   vertex -0.0841389000415802 0.0016097432235255837 0.54206806421279907
   vertex -0.08450356125831604 0.00010974014730891213 0.54209995269775391
  endloop
 endfacet
 facet normal 0.087114432267673458 0 -0.99619831142733872
  outer loop
   vertex -0.08486822247505188 0.00010974014730891213 0.54206806421279907
   vertex -0.08450356125831604 0.0016097432235255837 0.54209995269775391
   vertex -0.08450356125831604 0.00010974014730891213 0.54209995269775391
  endloop
 endfacet
 facet normal 0.087114432267673458 0 -0.99619831142733872
  outer loop
   vertex -0.08486822247505188 0.0016097432235255837 0.54206806421279907
   vertex -0.08450356125831604 0.0016097432235255837 0.54209995269775391
   vertex -0.08486822247505188 0.00010974014730891213 0.54206806421279907
  endloop
 endfacet
 facet normal 0.25874185051045678 0 -0.96594650721166986
  outer loop
   vertex -0.085221804678440094 0.00010974014730891213 0.54197335243225098
   vertex -0.08486822247505188 0.0016097432235255837 0.54206806421279907
   vertex -0.08486822247505188 0.00010974014730891213 0.54206806421279907
  endloop
 endfacet
 facet normal 0.25874185051045678 0 -0.96594650721166986
  outer loop
   vertex -0.085221804678440094 0.0016097432235255837 0.54197335243225098
   vertex -0.08486822247505188 0.0016097432235255837 0.54206806421279907
   vertex -0.085221804678440094 0.00010974014730891213 0.54197335243225098
  endloop
 endfacet
 facet normal 0.42268935434309174 0 -0.90627463261696783
  outer loop
   vertex -0.085553564131259918 0.00010974014730891213 0.54181861877441406
   vertex -0.085221804678440094 0.0016097432235255837 0.54197335243225098
   vertex -0.085221804678440094 0.00010974014730891213 0.54197335243225098
  endloop
 endfacet
 facet normal 0.42268935434309174 0 -0.90627463261696783
  outer loop
   vertex -0.085553564131259918 0.0016097432235255837 0.54181861877441406
   vertex -0.085221804678440094 0.0016097432235255837 0.54197335243225098
   vertex -0.085553564131259918 0.00010974014730891213 0.54181861877441406
  endloop
 endfacet
 facet normal 0.57351425454805061 0 -0.81919558093912703
  outer loop
   vertex -0.085853420197963715 0.00010974014730891213 0.54160869121551514
   vertex -0.085553564131259918 0.0016097432235255837 0.54181861877441406
   vertex -0.085553564131259918 0.00010974014730891213 0.54181861877441406
  endloop
 endfacet
 facet normal 0.57351425454805061 0 -0.81919558093912703
  outer loop
   vertex -0.085853420197963715 0.0016097432235255837 0.54160869121551514
   vertex -0.085553564131259918 0.0016097432235255837 0.54181861877441406
   vertex -0.085853420197963715 0.00010974014730891213 0.54160869121551514
  endloop
 endfacet
 facet normal 0.70713730971137734 0 -0.70707625134362662
  outer loop
   vertex -0.086112260818481445 0.00010974014730891213 0.54134982824325562
   vertex -0.085853420197963715 0.0016097432235255837 0.54160869121551514
   vertex -0.085853420197963715 0.00010974014730891213 0.54160869121551514
  endloop
 endfacet
 facet normal 0.70713730971137734 0 -0.70707625134362662
  outer loop
   vertex -0.086112260818481445 0.0016097432235255837 0.54134982824325562
   vertex -0.085853420197963715 0.0016097432235255837 0.54160869121551514
   vertex -0.086112260818481445 0.00010974014730891213 0.54134982824325562
  endloop
 endfacet
 facet normal 0.81917072001990054 0 -0.57354976371896238
  outer loop
   vertex -0.086322218179702759 0.00010974014730891213 0.54104995727539062
   vertex -0.086112260818481445 0.0016097432235255837 0.54134982824325562
   vertex -0.086112260818481445 0.00010974014730891213 0.54134982824325562
  endloop
 endfacet
 facet normal 0.81917072001990054 0 -0.57354976371896238
  outer loop
   vertex -0.086322218179702759 0.0016097432235255837 0.54104995727539062
   vertex -0.086112260818481445 0.0016097432235255837 0.54134982824325562
   vertex -0.086322218179702759 0.00010974014730891213 0.54104995727539062
  endloop
 endfacet
 facet normal 0.90630581780382169 0 -0.42262248474844039
  outer loop
   vertex -0.086476922035217285 0.00010974014730891213 0.5407181978225708
   vertex -0.086322218179702759 0.0016097432235255837 0.54104995727539062
   vertex -0.086322218179702759 0.00010974014730891213 0.54104995727539062
  endloop
 endfacet
 facet normal 0.90630581780382169 0 -0.42262248474844039
  outer loop
   vertex -0.086476922035217285 0.0016097432235255837 0.5407181978225708
   vertex -0.086322218179702759 0.0016097432235255837 0.54104995727539062
   vertex -0.086476922035217285 0.00010974014730891213 0.5407181978225708
  endloop
 endfacet
 facet normal 0.96592479267920472 0 -0.25882290255623669
  outer loop
   vertex -0.086571663618087769 0.00010974014730891213 0.54036462306976318
   vertex -0.086476922035217285 0.0016097432235255837 0.5407181978225708
   vertex -0.086476922035217285 0.00010974014730891213 0.5407181978225708
  endloop
 endfacet
 facet normal 0.96592479267920472 0 -0.25882290255623669
  outer loop
   vertex -0.086571663618087769 0.0016097432235255837 0.54036462306976318
   vertex -0.086476922035217285 0.0016097432235255837 0.5407181978225708
   vertex -0.086571663618087769 0.00010974014730891213 0.54036462306976318
  endloop
 endfacet
 facet normal 0.99619477787606681 0 -0.087154830803884392
  outer loop
   vertex -0.086603567004203796 0.00010974014730891213 0.53999996185302734
   vertex -0.086571663618087769 0.0016097432235255837 0.54036462306976318
   vertex -0.086571663618087769 0.00010974014730891213 0.54036462306976318
  endloop
 endfacet
 facet normal 0.99619477787606681 0 -0.087154830803884392
  outer loop
   vertex -0.086603567004203796 0.0016097432235255837 0.53999996185302734
   vertex -0.086571663618087769 0.0016097432235255837 0.54036462306976318
   vertex -0.086603567004203796 0.00010974014730891213 0.53999996185302734
  endloop
 endfacet
 facet normal 0.99619477787606681 0 0.087154830803884392
  outer loop
   vertex 0.08243175595998764 0.00010974014730891213 0.5396353006362915
   vertex 0.082399852573871613 0.0016097432235255837 0.53999996185302734
   vertex 0.082399852573871613 0.00010974014730891213 0.53999996185302734
  endloop
 endfacet
 facet normal 0.99619477787606681 0 0.087154830803884392
  outer loop
   vertex 0.08243175595998764 0.0016097432235255837 0.5396353006362915
   vertex 0.082399852573871613 0.0016097432235255837 0.53999996185302734
   vertex 0.08243175595998764 0.00010974014730891213 0.5396353006362915
  endloop
 endfacet
 facet normal 0.96592479267920472 0 0.25882290255623669
  outer loop
   vertex 0.082526497542858124 0.00010974014730891213 0.53928172588348389
   vertex 0.08243175595998764 0.0016097432235255837 0.5396353006362915
   vertex 0.08243175595998764 0.00010974014730891213 0.5396353006362915
  endloop
 endfacet
 facet normal 0.96592479267920472 0 0.25882290255623669
  outer loop
   vertex 0.082526497542858124 0.0016097432235255837 0.53928172588348389
   vertex 0.08243175595998764 0.0016097432235255837 0.5396353006362915
   vertex 0.082526497542858124 0.00010974014730891213 0.53928172588348389
  endloop
 endfacet
 facet normal 0.90630581780382169 0 0.42262248474844039
  outer loop
   vertex 0.08268120139837265 0.00010974014730891213 0.53894996643066406
   vertex 0.082526497542858124 0.0016097432235255837 0.53928172588348389
   vertex 0.082526497542858124 0.00010974014730891213 0.53928172588348389
  endloop
 endfacet
 facet normal 0.90630581780382169 0 0.42262248474844039
  outer loop
   vertex 0.08268120139837265 0.0016097432235255837 0.53894996643066406
   vertex 0.082526497542858124 0.0016097432235255837 0.53928172588348389
   vertex 0.08268120139837265 0.00010974014730891213 0.53894996643066406
  endloop
 endfacet
 facet normal 0.81917072001990054 0 0.57354976371896238
  outer loop
   vertex 0.082891158759593964 0.00010974014730891213 0.53865009546279907
   vertex 0.08268120139837265 0.0016097432235255837 0.53894996643066406
   vertex 0.08268120139837265 0.00010974014730891213 0.53894996643066406
  endloop
 endfacet
 facet normal 0.81917072001990054 0 0.57354976371896238
  outer loop
   vertex 0.082891158759593964 0.0016097432235255837 0.53865009546279907
   vertex 0.08268120139837265 0.0016097432235255837 0.53894996643066406
   vertex 0.082891158759593964 0.00010974014730891213 0.53865009546279907
  endloop
 endfacet
 facet normal 0.70706606916308956 0 0.70714749086612538
  outer loop
   vertex 0.083149991929531097 0.00010974014730891213 0.53839129209518433
   vertex 0.082891158759593964 0.0016097432235255837 0.53865009546279907
   vertex 0.082891158759593964 0.00010974014730891213 0.53865009546279907
  endloop
 endfacet
 facet normal 0.70706606916308956 0 0.70714749086612538
  outer loop
   vertex 0.083149991929531097 0.0016097432235255837 0.53839129209518433
   vertex 0.082891158759593964 0.0016097432235255837 0.53865009546279907
   vertex 0.083149991929531097 0.00010974014730891213 0.53839129209518433
  endloop
 endfacet
 facet normal 0.57360439086738757 0 0.81913246961505159
  outer loop
   vertex 0.083449862897396088 0.00010974014730891213 0.53818130493164062
   vertex 0.083149991929531097 0.0016097432235255837 0.53839129209518433
   vertex 0.083149991929531097 0.00010974014730891213 0.53839129209518433
  endloop
 endfacet
 facet normal 0.57360439086738757 0 0.81913246961505159
  outer loop
   vertex 0.083449862897396088 0.0016097432235255837 0.53818130493164062
   vertex 0.083149991929531097 0.0016097432235255837 0.53839129209518433
   vertex 0.083449862897396088 0.00010974014730891213 0.53818130493164062
  endloop
 endfacet
 facet normal 0.42255560825096944 0 0.90633700020227204
  outer loop
   vertex 0.083781622350215912 0.00010974014730891213 0.53802663087844849
   vertex 0.083449862897396088 0.0016097432235255837 0.53818130493164062
   vertex 0.083449862897396088 0.00010974014730891213 0.53818130493164062
  endloop
 endfacet
 facet normal 0.42255560825096944 0 0.90633700020227204
  outer loop
   vertex 0.083781622350215912 0.0016097432235255837 0.53802663087844849
   vertex 0.083449862897396088 0.0016097432235255837 0.53818130493164062
   vertex 0.083781622350215912 0.00010974014730891213 0.53802663087844849
  endloop
 endfacet
 facet normal 0.25889886257677064 0 0.96590443572666884
  outer loop
   vertex 0.084135197103023529 0.00010974014730891213 0.53793185949325562
   vertex 0.083781622350215912 0.0016097432235255837 0.53802663087844849
   vertex 0.083781622350215912 0.00010974014730891213 0.53802663087844849
  endloop
 endfacet
 facet normal 0.25889886257677064 0 0.96590443572666884
  outer loop
   vertex 0.084135197103023529 0.0016097432235255837 0.53793185949325562
   vertex 0.083781622350215912 0.0016097432235255837 0.53802663087844849
   vertex 0.084135197103023529 0.00010974014730891213 0.53793185949325562
  endloop
 endfacet
 facet normal 0.087114432267673458 0 0.99619831142733872
  outer loop
   vertex 0.084499858319759369 0.00010974014730891213 0.53789997100830078
   vertex 0.084135197103023529 0.0016097432235255837 0.53793185949325562
   vertex 0.084135197103023529 0.00010974014730891213 0.53793185949325562
  endloop
 endfacet
 facet normal 0.087114432267673458 0 0.99619831142733872
  outer loop
   vertex 0.084499858319759369 0.0016097432235255837 0.53789997100830078
   vertex 0.084135197103023529 0.0016097432235255837 0.53793185949325562
   vertex 0.084499858319759369 0.00010974014730891213 0.53789997100830078
  endloop
 endfacet
 facet normal -0.087114432267673458 0 0.99619831142733872
  outer loop
   vertex 0.084864519536495209 0.00010974014730891213 0.53793185949325562
   vertex 0.084499858319759369 0.0016097432235255837 0.53789997100830078
   vertex 0.084499858319759369 0.00010974014730891213 0.53789997100830078
  endloop
 endfacet
 facet normal -0.087114432267673458 0 0.99619831142733872
  outer loop
   vertex 0.084864519536495209 0.0016097432235255837 0.53793185949325562
   vertex 0.084499858319759369 0.0016097432235255837 0.53789997100830078
   vertex 0.084864519536495209 0.00010974014730891213 0.53793185949325562
  endloop
 endfacet
 facet normal -0.25889886257677064 0 0.96590443572666884
  outer loop
   vertex 0.085218094289302826 0.00010974014730891213 0.53802663087844849
   vertex 0.084864519536495209 0.0016097432235255837 0.53793185949325562
   vertex 0.084864519536495209 0.00010974014730891213 0.53793185949325562
  endloop
 endfacet
 facet normal -0.25889886257677064 0 0.96590443572666884
  outer loop
   vertex 0.085218094289302826 0.0016097432235255837 0.53802663087844849
   vertex 0.084864519536495209 0.0016097432235255837 0.53793185949325562
   vertex 0.085218094289302826 0.00010974014730891213 0.53802663087844849
  endloop
 endfacet
 facet normal -0.42255560825096944 0 0.90633700020227204
  outer loop
   vertex 0.08554985374212265 0.00010974014730891213 0.53818130493164062
   vertex 0.085218094289302826 0.0016097432235255837 0.53802663087844849
   vertex 0.085218094289302826 0.00010974014730891213 0.53802663087844849
  endloop
 endfacet
 facet normal -0.42255560825096944 0 0.90633700020227204
  outer loop
   vertex 0.08554985374212265 0.0016097432235255837 0.53818130493164062
   vertex 0.085218094289302826 0.0016097432235255837 0.53802663087844849
   vertex 0.08554985374212265 0.00010974014730891213 0.53818130493164062
  endloop
 endfacet
 facet normal -0.57362351656878763 0 0.81911907634925585
  outer loop
   vertex 0.085849709808826447 0.00010974014730891213 0.53839129209518433
   vertex 0.08554985374212265 0.0016097432235255837 0.53818130493164062
   vertex 0.08554985374212265 0.00010974014730891213 0.53818130493164062
  endloop
 endfacet
 facet normal -0.57362351656878763 0 0.81911907634925585
  outer loop
   vertex 0.085849709808826447 0.0016097432235255837 0.53839129209518433
   vertex 0.08554985374212265 0.0016097432235255837 0.53818130493164062
   vertex 0.085849709808826447 0.00010974014730891213 0.53839129209518433
  endloop
 endfacet
 facet normal -0.70704571403054339 0 0.70716784306912539
  outer loop
   vertex 0.086108557879924774 0.00010974014730891213 0.53865009546279907
   vertex 0.085849709808826447 0.0016097432235255837 0.53839129209518433
   vertex 0.085849709808826447 0.00010974014730891213 0.53839129209518433
  endloop
 endfacet
 facet normal -0.70704571403054339 0 0.70716784306912539
  outer loop
   vertex 0.086108557879924774 0.0016097432235255837 0.53865009546279907
   vertex 0.085849709808826447 0.0016097432235255837 0.53839129209518433
   vertex 0.086108557879924774 0.00010974014730891213 0.53865009546279907
  endloop
 endfacet
 facet normal -0.81917072001990054 0 0.57354976371896238
  outer loop
   vertex 0.086318515241146088 0.00010974014730891213 0.53894996643066406
   vertex 0.086108557879924774 0.0016097432235255837 0.53865009546279907
   vertex 0.086108557879924774 0.00010974014730891213 0.53865009546279907
  endloop
 endfacet
 facet normal -0.81917072001990054 0 0.57354976371896238
  outer loop
   vertex 0.086318515241146088 0.0016097432235255837 0.53894996643066406
   vertex 0.086108557879924774 0.0016097432235255837 0.53865009546279907
   vertex 0.086318515241146088 0.00010974014730891213 0.53894996643066406
  endloop
 endfacet
 facet normal -0.90630581780382169 0 0.42262248474844039
  outer loop
   vertex 0.086473219096660614 0.00010974014730891213 0.53928172588348389
   vertex 0.086318515241146088 0.0016097432235255837 0.53894996643066406
   vertex 0.086318515241146088 0.00010974014730891213 0.53894996643066406
  endloop
 endfacet
 facet normal -0.90630581780382169 0 0.42262248474844039
  outer loop
   vertex 0.086473219096660614 0.0016097432235255837 0.53928172588348389
   vertex 0.086318515241146088 0.0016097432235255837 0.53894996643066406
   vertex 0.086473219096660614 0.00010974014730891213 0.53928172588348389
  endloop
 endfacet
 facet normal -0.96592479267920472 0 0.25882290255623669
  outer loop
   vertex 0.086567960679531097 0.00010974014730891213 0.5396353006362915
   vertex 0.086473219096660614 0.0016097432235255837 0.53928172588348389
   vertex 0.086473219096660614 0.00010974014730891213 0.53928172588348389
  endloop
 endfacet
 facet normal -0.96592479267920472 0 0.25882290255623669
  outer loop
   vertex 0.086567960679531097 0.0016097432235255837 0.5396353006362915
   vertex 0.086473219096660614 0.0016097432235255837 0.53928172588348389
   vertex 0.086567960679531097 0.00010974014730891213 0.5396353006362915
  endloop
 endfacet
 facet normal -0.99619831142733872 0 0.087114432267673458
  outer loop
   vertex 0.086599849164485931 0.00010974014730891213 0.53999996185302734
   vertex 0.086567960679531097 0.0016097432235255837 0.5396353006362915
   vertex 0.086567960679531097 0.00010974014730891213 0.5396353006362915
  endloop
 endfacet
 facet normal -0.99619831142733872 0 0.087114432267673458
  outer loop
   vertex 0.086599849164485931 0.0016097432235255837 0.53999996185302734
   vertex 0.086567960679531097 0.0016097432235255837 0.5396353006362915
   vertex 0.086599849164485931 0.00010974014730891213 0.53999996185302734
  endloop
 endfacet
 facet normal -0.99619831142733872 -0 -0.087114432267673458
  outer loop
   vertex 0.086567960679531097 0.00010974014730891213 0.54036462306976318
   vertex 0.086599849164485931 0.0016097432235255837 0.53999996185302734
   vertex 0.086599849164485931 0.00010974014730891213 0.53999996185302734
  endloop
 endfacet
 facet normal -0.99619831142733872 0 -0.087114432267673458
  outer loop
   vertex 0.086567960679531097 0.0016097432235255837 0.54036462306976318
   vertex 0.086599849164485931 0.0016097432235255837 0.53999996185302734
   vertex 0.086567960679531097 0.00010974014730891213 0.54036462306976318
  endloop
 endfacet
 facet normal -0.96592479267920472 -0 -0.25882290255623669
  outer loop
   vertex 0.086473219096660614 0.00010974014730891213 0.5407181978225708
   vertex 0.086567960679531097 0.0016097432235255837 0.54036462306976318
   vertex 0.086567960679531097 0.00010974014730891213 0.54036462306976318
  endloop
 endfacet
 facet normal -0.96592479267920472 0 -0.25882290255623669
  outer loop
   vertex 0.086473219096660614 0.0016097432235255837 0.5407181978225708
   vertex 0.086567960679531097 0.0016097432235255837 0.54036462306976318
   vertex 0.086473219096660614 0.00010974014730891213 0.5407181978225708
  endloop
 endfacet
 facet normal -0.90630581780382169 -0 -0.42262248474844039
  outer loop
   vertex 0.086318515241146088 0.00010974014730891213 0.54104995727539062
   vertex 0.086473219096660614 0.0016097432235255837 0.5407181978225708
   vertex 0.086473219096660614 0.00010974014730891213 0.5407181978225708
  endloop
 endfacet
 facet normal -0.90630581780382169 0 -0.42262248474844039
  outer loop
   vertex 0.086318515241146088 0.0016097432235255837 0.54104995727539062
   vertex 0.086473219096660614 0.0016097432235255837 0.5407181978225708
   vertex 0.086318515241146088 0.00010974014730891213 0.54104995727539062
  endloop
 endfacet
 facet normal -0.81917072001990054 -0 -0.57354976371896238
  outer loop
   vertex 0.086108557879924774 0.00010974014730891213 0.54134982824325562
   vertex 0.086318515241146088 0.0016097432235255837 0.54104995727539062
   vertex 0.086318515241146088 0.00010974014730891213 0.54104995727539062
  endloop
 endfacet
 facet normal -0.81917072001990054 0 -0.57354976371896238
  outer loop
   vertex 0.086108557879924774 0.0016097432235255837 0.54134982824325562
   vertex 0.086318515241146088 0.0016097432235255837 0.54104995727539062
   vertex 0.086108557879924774 0.00010974014730891213 0.54134982824325562
  endloop
 endfacet
 facet normal -0.70712713339000277 -0 -0.70708642839729097
  outer loop
   vertex 0.085849709808826447 0.00010974014730891213 0.54160869121551514
   vertex 0.086108557879924774 0.0016097432235255837 0.54134982824325562
   vertex 0.086108557879924774 0.00010974014730891213 0.54134982824325562
  endloop
 endfacet
 facet normal -0.70712713339000277 0 -0.70708642839729097
  outer loop
   vertex 0.085849709808826447 0.0016097432235255837 0.54160869121551514
   vertex 0.086108557879924774 0.0016097432235255837 0.54134982824325562
   vertex 0.085849709808826447 0.00010974014730891213 0.54160869121551514
  endloop
 endfacet
 facet normal -0.57351425454805061 -0 -0.81919558093912703
  outer loop
   vertex 0.08554985374212265 0.00010974014730891213 0.54181861877441406
   vertex 0.085849709808826447 0.0016097432235255837 0.54160869121551514
   vertex 0.085849709808826447 0.00010974014730891213 0.54160869121551514
  endloop
 endfacet
 facet normal -0.57351425454805061 0 -0.81919558093912703
  outer loop
   vertex 0.08554985374212265 0.0016097432235255837 0.54181861877441406
   vertex 0.085849709808826447 0.0016097432235255837 0.54160869121551514
   vertex 0.08554985374212265 0.00010974014730891213 0.54181861877441406
  endloop
 endfacet
 facet normal -0.42268935434309174 -0 -0.90627463261696783
  outer loop
   vertex 0.085218094289302826 0.00010974014730891213 0.54197335243225098
   vertex 0.08554985374212265 0.0016097432235255837 0.54181861877441406
   vertex 0.08554985374212265 0.00010974014730891213 0.54181861877441406
  endloop
 endfacet
 facet normal -0.42268935434309174 0 -0.90627463261696783
  outer loop
   vertex 0.085218094289302826 0.0016097432235255837 0.54197335243225098
   vertex 0.08554985374212265 0.0016097432235255837 0.54181861877441406
   vertex 0.085218094289302826 0.00010974014730891213 0.54197335243225098
  endloop
 endfacet
 facet normal -0.2587469377335615 -0 -0.96594514451572489
  outer loop
   vertex 0.084864519536495209 0.00010974014730891213 0.54206806421279907
   vertex 0.085218094289302826 0.0016097432235255837 0.54197335243225098
   vertex 0.085218094289302826 0.00010974014730891213 0.54197335243225098
  endloop
 endfacet
 facet normal -0.2587469377335615 0 -0.96594514451572489
  outer loop
   vertex 0.084864519536495209 0.0016097432235255837 0.54206806421279907
   vertex 0.085218094289302826 0.0016097432235255837 0.54197335243225098
   vertex 0.084864519536495209 0.00010974014730891213 0.54206806421279907
  endloop
 endfacet
 facet normal -0.087114432267673458 -0 -0.99619831142733872
  outer loop
   vertex 0.084499858319759369 0.00010974014730891213 0.54209995269775391
   vertex 0.084864519536495209 0.0016097432235255837 0.54206806421279907
   vertex 0.084864519536495209 0.00010974014730891213 0.54206806421279907
  endloop
 endfacet
 facet normal -0.087114432267673458 0 -0.99619831142733872
  outer loop
   vertex 0.084499858319759369 0.0016097432235255837 0.54209995269775391
   vertex 0.084864519536495209 0.0016097432235255837 0.54206806421279907
   vertex 0.084499858319759369 0.00010974014730891213 0.54209995269775391
  endloop
 endfacet
 facet normal 0.087114432267673458 0 -0.99619831142733872
  outer loop
   vertex 0.084135197103023529 0.00010974014730891213 0.54206806421279907
   vertex 0.084499858319759369 0.0016097432235255837 0.54209995269775391
   vertex 0.084499858319759369 0.00010974014730891213 0.54209995269775391
  endloop
 endfacet
 facet normal 0.087114432267673458 0 -0.99619831142733872
  outer loop
   vertex 0.084135197103023529 0.0016097432235255837 0.54206806421279907
   vertex 0.084499858319759369 0.0016097432235255837 0.54209995269775391
   vertex 0.084135197103023529 0.00010974014730891213 0.54206806421279907
  endloop
 endfacet
 facet normal 0.2587469377335615 0 -0.96594514451572489
  outer loop
   vertex 0.083781622350215912 0.00010974014730891213 0.54197335243225098
   vertex 0.084135197103023529 0.0016097432235255837 0.54206806421279907
   vertex 0.084135197103023529 0.00010974014730891213 0.54206806421279907
  endloop
 endfacet
 facet normal 0.2587469377335615 0 -0.96594514451572489
  outer loop
   vertex 0.083781622350215912 0.0016097432235255837 0.54197335243225098
   vertex 0.084135197103023529 0.0016097432235255837 0.54206806421279907
   vertex 0.083781622350215912 0.00010974014730891213 0.54197335243225098
  endloop
 endfacet
 facet normal 0.42268935434309174 0 -0.90627463261696783
  outer loop
   vertex 0.083449862897396088 0.00010974014730891213 0.54181861877441406
   vertex 0.083781622350215912 0.0016097432235255837 0.54197335243225098
   vertex 0.083781622350215912 0.00010974014730891213 0.54197335243225098
  endloop
 endfacet
 facet normal 0.42268935434309174 0 -0.90627463261696783
  outer loop
   vertex 0.083449862897396088 0.0016097432235255837 0.54181861877441406
   vertex 0.083781622350215912 0.0016097432235255837 0.54197335243225098
   vertex 0.083449862897396088 0.00010974014730891213 0.54181861877441406
  endloop
 endfacet
 facet normal 0.5734951289177187 0 -0.81920897035350448
  outer loop
   vertex 0.083149991929531097 0.00010974014730891213 0.54160869121551514
   vertex 0.083449862897396088 0.0016097432235255837 0.54181861877441406
   vertex 0.083449862897396088 0.00010974014730891213 0.54181861877441406
  endloop
 endfacet
 facet normal 0.5734951289177187 0 -0.81920897035350448
  outer loop
   vertex 0.083149991929531097 0.0016097432235255837 0.54160869121551514
   vertex 0.083449862897396088 0.0016097432235255837 0.54181861877441406
   vertex 0.083149991929531097 0.00010974014730891213 0.54160869121551514
  endloop
 endfacet
 facet normal 0.70714748617917511 0 -0.70706607385057973
  outer loop
   vertex 0.082891158759593964 0.00010974014730891213 0.54134982824325562
   vertex 0.083149991929531097 0.0016097432235255837 0.54160869121551514
   vertex 0.083149991929531097 0.00010974014730891213 0.54160869121551514
  endloop
 endfacet
 facet normal 0.70714748617917511 0 -0.70706607385057973
  outer loop
   vertex 0.082891158759593964 0.0016097432235255837 0.54134982824325562
   vertex 0.083149991929531097 0.0016097432235255837 0.54160869121551514
   vertex 0.082891158759593964 0.00010974014730891213 0.54134982824325562
  endloop
 endfacet
 facet normal 0.81917072001990054 0 -0.57354976371896238
  outer loop
   vertex 0.08268120139837265 0.00010974014730891213 0.54104995727539062
   vertex 0.082891158759593964 0.0016097432235255837 0.54134982824325562
   vertex 0.082891158759593964 0.00010974014730891213 0.54134982824325562
  endloop
 endfacet
 facet normal 0.81917072001990054 0 -0.57354976371896238
  outer loop
   vertex 0.08268120139837265 0.0016097432235255837 0.54104995727539062
   vertex 0.082891158759593964 0.0016097432235255837 0.54134982824325562
   vertex 0.08268120139837265 0.00010974014730891213 0.54104995727539062
  endloop
 endfacet
 facet normal 0.90630581780382169 0 -0.42262248474844039
  outer loop
   vertex 0.082526497542858124 0.00010974014730891213 0.5407181978225708
   vertex 0.08268120139837265 0.0016097432235255837 0.54104995727539062
   vertex 0.08268120139837265 0.00010974014730891213 0.54104995727539062
  endloop
 endfacet
 facet normal 0.90630581780382169 0 -0.42262248474844039
  outer loop
   vertex 0.082526497542858124 0.0016097432235255837 0.5407181978225708
   vertex 0.08268120139837265 0.0016097432235255837 0.54104995727539062
   vertex 0.082526497542858124 0.00010974014730891213 0.5407181978225708
  endloop
 endfacet
 facet normal 0.96592479267920472 0 -0.25882290255623669
  outer loop
   vertex 0.08243175595998764 0.00010974014730891213 0.54036462306976318
   vertex 0.082526497542858124 0.0016097432235255837 0.5407181978225708
   vertex 0.082526497542858124 0.00010974014730891213 0.5407181978225708
  endloop
 endfacet
 facet normal 0.96592479267920472 0 -0.25882290255623669
  outer loop
   vertex 0.08243175595998764 0.0016097432235255837 0.54036462306976318
   vertex 0.082526497542858124 0.0016097432235255837 0.5407181978225708
   vertex 0.08243175595998764 0.00010974014730891213 0.54036462306976318
  endloop
 endfacet
 facet normal 0.99619477787606681 0 -0.087154830803884392
  outer loop
   vertex 0.082399852573871613 0.00010974014730891213 0.53999996185302734
   vertex 0.08243175595998764 0.0016097432235255837 0.54036462306976318
   vertex 0.08243175595998764 0.00010974014730891213 0.54036462306976318
  endloop
 endfacet
 facet normal 0.99619477787606681 0 -0.087154830803884392
  outer loop
   vertex 0.082399852573871613 0.0016097432235255837 0.53999996185302734
   vertex 0.08243175595998764 0.0016097432235255837 0.54036462306976318
   vertex 0.082399852573871613 0.00010974014730891213 0.53999996185302734
  endloop
 endfacet
 facet normal 0.99619477787606681 0 0.087154830803884392
  outer loop
   vertex 0.08243175595998764 0.00010974014730891213 0.98963528871536255
   vertex 0.082399852573871613 0.0016097432235255837 0.98999994993209839
   vertex 0.082399852573871613 0.00010974014730891213 0.98999994993209839
  endloop
 endfacet
 facet normal 0.99619477787606681 0 0.087154830803884392
  outer loop
   vertex 0.08243175595998764 0.0016097432235255837 0.98963528871536255
   vertex 0.082399852573871613 0.0016097432235255837 0.98999994993209839
   vertex 0.08243175595998764 0.00010974014730891213 0.98963528871536255
  endloop
 endfacet
 facet normal 0.96592479267920472 0 0.25882290255623669
  outer loop
   vertex 0.082526497542858124 0.00010974014730891213 0.98928171396255493
   vertex 0.08243175595998764 0.0016097432235255837 0.98963528871536255
   vertex 0.08243175595998764 0.00010974014730891213 0.98963528871536255
  endloop
 endfacet
 facet normal 0.96592479267920472 0 0.25882290255623669
  outer loop
   vertex 0.082526497542858124 0.0016097432235255837 0.98928171396255493
   vertex 0.08243175595998764 0.0016097432235255837 0.98963528871536255
   vertex 0.082526497542858124 0.00010974014730891213 0.98928171396255493
  endloop
 endfacet
 facet normal 0.90630581780382169 0 0.42262248474844039
  outer loop
   vertex 0.08268120139837265 0.00010974014730891213 0.98894995450973511
   vertex 0.082526497542858124 0.0016097432235255837 0.98928171396255493
   vertex 0.082526497542858124 0.00010974014730891213 0.98928171396255493
  endloop
 endfacet
 facet normal 0.90630581780382169 0 0.42262248474844039
  outer loop
   vertex 0.08268120139837265 0.0016097432235255837 0.98894995450973511
   vertex 0.082526497542858124 0.0016097432235255837 0.98928171396255493
   vertex 0.08268120139837265 0.00010974014730891213 0.98894995450973511
  endloop
 endfacet
 facet normal 0.81911714661999369 0 0.57362627216082063
  outer loop
   vertex 0.082891158759593964 0.00010974014730891213 0.98865014314651489
   vertex 0.08268120139837265 0.0016097432235255837 0.98894995450973511
   vertex 0.08268120139837265 0.00010974014730891213 0.98894995450973511
  endloop
 endfacet
 facet normal 0.81911714661999369 0 0.57362627216082063
  outer loop
   vertex 0.082891158759593964 0.0016097432235255837 0.98865014314651489
   vertex 0.08268120139837265 0.0016097432235255837 0.98894995450973511
   vertex 0.082891158759593964 0.00010974014730891213 0.98865014314651489
  endloop
 endfacet
 facet normal 0.70714748617917511 0 0.70706607385057973
  outer loop
   vertex 0.083149991929531097 0.00010974014730891213 0.98839128017425537
   vertex 0.082891158759593964 0.0016097432235255837 0.98865014314651489
   vertex 0.082891158759593964 0.00010974014730891213 0.98865014314651489
  endloop
 endfacet
 facet normal 0.70714748617917511 0 0.70706607385057973
  outer loop
   vertex 0.083149991929531097 0.0016097432235255837 0.98839128017425537
   vertex 0.082891158759593964 0.0016097432235255837 0.98865014314651489
   vertex 0.083149991929531097 0.00010974014730891213 0.98839128017425537
  endloop
 endfacet
 facet normal 0.57360439086738757 0 0.81913246961505159
  outer loop
   vertex 0.083449862897396088 0.00010974014730891213 0.98818129301071167
   vertex 0.083149991929531097 0.0016097432235255837 0.98839128017425537
   vertex 0.083149991929531097 0.00010974014730891213 0.98839128017425537
  endloop
 endfacet
 facet normal 0.57360439086738757 0 0.81913246961505159
  outer loop
   vertex 0.083449862897396088 0.0016097432235255837 0.98818129301071167
   vertex 0.083149991929531097 0.0016097432235255837 0.98839128017425537
   vertex 0.083449862897396088 0.00010974014730891213 0.98818129301071167
  endloop
 endfacet
 facet normal 0.42255560825096944 0 0.90633700020227204
  outer loop
   vertex 0.083781622350215912 0.00010974014730891213 0.98802661895751953
   vertex 0.083449862897396088 0.0016097432235255837 0.98818129301071167
   vertex 0.083449862897396088 0.00010974014730891213 0.98818129301071167
  endloop
 endfacet
 facet normal 0.42255560825096944 0 0.90633700020227204
  outer loop
   vertex 0.083781622350215912 0.0016097432235255837 0.98802661895751953
   vertex 0.083449862897396088 0.0016097432235255837 0.98818129301071167
   vertex 0.083781622350215912 0.00010974014730891213 0.98802661895751953
  endloop
 endfacet
 facet normal 0.2587469377335615 0 0.96594514451572489
  outer loop
   vertex 0.084135197103023529 0.00010974014730891213 0.98793190717697144
   vertex 0.083781622350215912 0.0016097432235255837 0.98802661895751953
   vertex 0.083781622350215912 0.00010974014730891213 0.98802661895751953
  endloop
 endfacet
 facet normal 0.2587469377335615 0 0.96594514451572489
  outer loop
   vertex 0.084135197103023529 0.0016097432235255837 0.98793190717697144
   vertex 0.083781622350215912 0.0016097432235255837 0.98802661895751953
   vertex 0.084135197103023529 0.00010974014730891213 0.98793190717697144
  endloop
 endfacet
 facet normal 0.087276023831849167 0 0.99618416754338279
  outer loop
   vertex 0.084499858319759369 0.00010974014730891213 0.98789995908737183
   vertex 0.084135197103023529 0.0016097432235255837 0.98793190717697144
   vertex 0.084135197103023529 0.00010974014730891213 0.98793190717697144
  endloop
 endfacet
 facet normal 0.087276023831849167 0 0.99618416754338279
  outer loop
   vertex 0.084499858319759369 0.0016097432235255837 0.98789995908737183
   vertex 0.084135197103023529 0.0016097432235255837 0.98793190717697144
   vertex 0.084499858319759369 0.00010974014730891213 0.98789995908737183
  endloop
 endfacet
 facet normal -0.087276023831849167 0 0.99618416754338279
  outer loop
   vertex 0.084864519536495209 0.00010974014730891213 0.98793190717697144
   vertex 0.084499858319759369 0.0016097432235255837 0.98789995908737183
   vertex 0.084499858319759369 0.00010974014730891213 0.98789995908737183
  endloop
 endfacet
 facet normal -0.087276023831849167 0 0.99618416754338279
  outer loop
   vertex 0.084864519536495209 0.0016097432235255837 0.98793190717697144
   vertex 0.084499858319759369 0.0016097432235255837 0.98789995908737183
   vertex 0.084864519536495209 0.00010974014730891213 0.98793190717697144
  endloop
 endfacet
 facet normal -0.2587469377335615 0 0.96594514451572489
  outer loop
   vertex 0.085218094289302826 0.00010974014730891213 0.98802661895751953
   vertex 0.084864519536495209 0.0016097432235255837 0.98793190717697144
   vertex 0.084864519536495209 0.00010974014730891213 0.98793190717697144
  endloop
 endfacet
 facet normal -0.2587469377335615 0 0.96594514451572489
  outer loop
   vertex 0.085218094289302826 0.0016097432235255837 0.98802661895751953
   vertex 0.084864519536495209 0.0016097432235255837 0.98793190717697144
   vertex 0.085218094289302826 0.00010974014730891213 0.98802661895751953
  endloop
 endfacet
 facet normal -0.42255560825096944 0 0.90633700020227204
  outer loop
   vertex 0.08554985374212265 0.00010974014730891213 0.98818129301071167
   vertex 0.085218094289302826 0.0016097432235255837 0.98802661895751953
   vertex 0.085218094289302826 0.00010974014730891213 0.98802661895751953
  endloop
 endfacet
 facet normal -0.42255560825096944 0 0.90633700020227204
  outer loop
   vertex 0.08554985374212265 0.0016097432235255837 0.98818129301071167
   vertex 0.085218094289302826 0.0016097432235255837 0.98802661895751953
   vertex 0.08554985374212265 0.00010974014730891213 0.98818129301071167
  endloop
 endfacet
 facet normal -0.57362351656878763 0 0.81911907634925585
  outer loop
   vertex 0.085849709808826447 0.00010974014730891213 0.98839128017425537
   vertex 0.08554985374212265 0.0016097432235255837 0.98818129301071167
   vertex 0.08554985374212265 0.00010974014730891213 0.98818129301071167
  endloop
 endfacet
 facet normal -0.57362351656878763 0 0.81911907634925585
  outer loop
   vertex 0.085849709808826447 0.0016097432235255837 0.98839128017425537
   vertex 0.08554985374212265 0.0016097432235255837 0.98818129301071167
   vertex 0.085849709808826447 0.00010974014730891213 0.98839128017425537
  endloop
 endfacet
 facet normal -0.70712713339000277 0 0.70708642839729097
  outer loop
   vertex 0.086108557879924774 0.00010974014730891213 0.98865014314651489
   vertex 0.085849709808826447 0.0016097432235255837 0.98839128017425537
   vertex 0.085849709808826447 0.00010974014730891213 0.98839128017425537
  endloop
 endfacet
 facet normal -0.70712713339000277 0 0.70708642839729097
  outer loop
   vertex 0.086108557879924774 0.0016097432235255837 0.98865014314651489
   vertex 0.085849709808826447 0.0016097432235255837 0.98839128017425537
   vertex 0.086108557879924774 0.00010974014730891213 0.98865014314651489
  endloop
 endfacet
 facet normal -0.81911714661999369 0 0.57362627216082063
  outer loop
   vertex 0.086318515241146088 0.00010974014730891213 0.98894995450973511
   vertex 0.086108557879924774 0.0016097432235255837 0.98865014314651489
   vertex 0.086108557879924774 0.00010974014730891213 0.98865014314651489
  endloop
 endfacet
 facet normal -0.81911714661999369 0 0.57362627216082063
  outer loop
   vertex 0.086318515241146088 0.0016097432235255837 0.98894995450973511
   vertex 0.086108557879924774 0.0016097432235255837 0.98865014314651489
   vertex 0.086318515241146088 0.00010974014730891213 0.98894995450973511
  endloop
 endfacet
 facet normal -0.90630581780382169 0 0.42262248474844039
  outer loop
   vertex 0.086473219096660614 0.00010974014730891213 0.98928171396255493
   vertex 0.086318515241146088 0.0016097432235255837 0.98894995450973511
   vertex 0.086318515241146088 0.00010974014730891213 0.98894995450973511
  endloop
 endfacet
 facet normal -0.90630581780382169 0 0.42262248474844039
  outer loop
   vertex 0.086473219096660614 0.0016097432235255837 0.98928171396255493
   vertex 0.086318515241146088 0.0016097432235255837 0.98894995450973511
   vertex 0.086473219096660614 0.00010974014730891213 0.98928171396255493
  endloop
 endfacet
 facet normal -0.96592479267920472 0 0.25882290255623669
  outer loop
   vertex 0.086567960679531097 0.00010974014730891213 0.98963528871536255
   vertex 0.086473219096660614 0.0016097432235255837 0.98928171396255493
   vertex 0.086473219096660614 0.00010974014730891213 0.98928171396255493
  endloop
 endfacet
 facet normal -0.96592479267920472 0 0.25882290255623669
  outer loop
   vertex 0.086567960679531097 0.0016097432235255837 0.98963528871536255
   vertex 0.086473219096660614 0.0016097432235255837 0.98928171396255493
   vertex 0.086567960679531097 0.00010974014730891213 0.98963528871536255
  endloop
 endfacet
 facet normal -0.99619831142733872 0 0.087114432267673458
  outer loop
   vertex 0.086599849164485931 0.00010974014730891213 0.98999994993209839
   vertex 0.086567960679531097 0.0016097432235255837 0.98963528871536255
   vertex 0.086567960679531097 0.00010974014730891213 0.98963528871536255
  endloop
 endfacet
 facet normal -0.99619831142733872 0 0.087114432267673458
  outer loop
   vertex 0.086599849164485931 0.0016097432235255837 0.98999994993209839
   vertex 0.086567960679531097 0.0016097432235255837 0.98963528871536255
   vertex 0.086599849164485931 0.00010974014730891213 0.98999994993209839
  endloop
 endfacet
 facet normal -0.99619831142733872 -0 -0.087114432267673458
  outer loop
   vertex 0.086567960679531097 0.00010974014730891213 0.99036461114883423
   vertex 0.086599849164485931 0.0016097432235255837 0.98999994993209839
   vertex 0.086599849164485931 0.00010974014730891213 0.98999994993209839
  endloop
 endfacet
 facet normal -0.99619831142733872 0 -0.087114432267673458
  outer loop
   vertex 0.086567960679531097 0.0016097432235255837 0.99036461114883423
   vertex 0.086599849164485931 0.0016097432235255837 0.98999994993209839
   vertex 0.086567960679531097 0.00010974014730891213 0.99036461114883423
  endloop
 endfacet
 facet normal -0.96593569816772684 -0 -0.25878219993891821
  outer loop
   vertex 0.086473219096660614 0.00010974014730891213 0.99071824550628662
   vertex 0.086567960679531097 0.0016097432235255837 0.99036461114883423
   vertex 0.086567960679531097 0.00010974014730891213 0.99036461114883423
  endloop
 endfacet
 facet normal -0.96593569816772684 0 -0.25878219993891821
  outer loop
   vertex 0.086473219096660614 0.0016097432235255837 0.99071824550628662
   vertex 0.086567960679531097 0.0016097432235255837 0.99036461114883423
   vertex 0.086473219096660614 0.00010974014730891213 0.99071824550628662
  endloop
 endfacet
 facet normal -0.90630581780382169 -0 -0.42262248474844039
  outer loop
   vertex 0.086318515241146088 0.00010974014730891213 0.99105000495910645
   vertex 0.086473219096660614 0.0016097432235255837 0.99071824550628662
   vertex 0.086473219096660614 0.00010974014730891213 0.99071824550628662
  endloop
 endfacet
 facet normal -0.90630581780382169 0 -0.42262248474844039
  outer loop
   vertex 0.086318515241146088 0.0016097432235255837 0.99105000495910645
   vertex 0.086473219096660614 0.0016097432235255837 0.99071824550628662
   vertex 0.086318515241146088 0.00010974014730891213 0.99105000495910645
  endloop
 endfacet
 facet normal -0.81911714661999369 -0 -0.57362627216082063
  outer loop
   vertex 0.086108557879924774 0.00010974014730891213 0.99134981632232666
   vertex 0.086318515241146088 0.0016097432235255837 0.99105000495910645
   vertex 0.086318515241146088 0.00010974014730891213 0.99105000495910645
  endloop
 endfacet
 facet normal -0.81911714661999369 0 -0.57362627216082063
  outer loop
   vertex 0.086108557879924774 0.0016097432235255837 0.99134981632232666
   vertex 0.086318515241146088 0.0016097432235255837 0.99105000495910645
   vertex 0.086108557879924774 0.00010974014730891213 0.99134981632232666
  endloop
 endfacet
 facet normal -0.70712713339000277 -0 -0.70708642839729097
  outer loop
   vertex 0.085849709808826447 0.00010974014730891213 0.99160867929458618
   vertex 0.086108557879924774 0.0016097432235255837 0.99134981632232666
   vertex 0.086108557879924774 0.00010974014730891213 0.99134981632232666
  endloop
 endfacet
 facet normal -0.70712713339000277 0 -0.70708642839729097
  outer loop
   vertex 0.085849709808826447 0.0016097432235255837 0.99160867929458618
   vertex 0.086108557879924774 0.0016097432235255837 0.99134981632232666
   vertex 0.085849709808826447 0.00010974014730891213 0.99160867929458618
  endloop
 endfacet
 facet normal -0.57351425454805061 -0 -0.81919558093912703
  outer loop
   vertex 0.08554985374212265 0.00010974014730891213 0.99181860685348511
   vertex 0.085849709808826447 0.0016097432235255837 0.99160867929458618
   vertex 0.085849709808826447 0.00010974014730891213 0.99160867929458618
  endloop
 endfacet
 facet normal -0.57351425454805061 0 -0.81919558093912703
  outer loop
   vertex 0.08554985374212265 0.0016097432235255837 0.99181860685348511
   vertex 0.085849709808826447 0.0016097432235255837 0.99160867929458618
   vertex 0.08554985374212265 0.00010974014730891213 0.99181860685348511
  endloop
 endfacet
 facet normal -0.42268935434309174 -0 -0.90627463261696783
  outer loop
   vertex 0.085218094289302826 0.00010974014730891213 0.99197334051132202
   vertex 0.08554985374212265 0.0016097432235255837 0.99181860685348511
   vertex 0.08554985374212265 0.00010974014730891213 0.99181860685348511
  endloop
 endfacet
 facet normal -0.42268935434309174 0 -0.90627463261696783
  outer loop
   vertex 0.085218094289302826 0.0016097432235255837 0.99197334051132202
   vertex 0.08554985374212265 0.0016097432235255837 0.99181860685348511
   vertex 0.085218094289302826 0.00010974014730891213 0.99197334051132202
  endloop
 endfacet
 facet normal -0.2587469377335615 -0 -0.96594514451572489
  outer loop
   vertex 0.084864519536495209 0.00010974014730891213 0.99206805229187012
   vertex 0.085218094289302826 0.0016097432235255837 0.99197334051132202
   vertex 0.085218094289302826 0.00010974014730891213 0.99197334051132202
  endloop
 endfacet
 facet normal -0.2587469377335615 0 -0.96594514451572489
  outer loop
   vertex 0.084864519536495209 0.0016097432235255837 0.99206805229187012
   vertex 0.085218094289302826 0.0016097432235255837 0.99197334051132202
   vertex 0.084864519536495209 0.00010974014730891213 0.99206805229187012
  endloop
 endfacet
 facet normal -0.087276023831849167 -0 -0.99618416754338279
  outer loop
   vertex 0.084499858319759369 0.00010974014730891213 0.99210000038146973
   vertex 0.084864519536495209 0.0016097432235255837 0.99206805229187012
   vertex 0.084864519536495209 0.00010974014730891213 0.99206805229187012
  endloop
 endfacet
 facet normal -0.087276023831849167 0 -0.99618416754338279
  outer loop
   vertex 0.084499858319759369 0.0016097432235255837 0.99210000038146973
   vertex 0.084864519536495209 0.0016097432235255837 0.99206805229187012
   vertex 0.084499858319759369 0.00010974014730891213 0.99210000038146973
  endloop
 endfacet
 facet normal 0.087276023831849167 0 -0.99618416754338279
  outer loop
   vertex 0.084135197103023529 0.00010974014730891213 0.99206805229187012
   vertex 0.084499858319759369 0.0016097432235255837 0.99210000038146973
   vertex 0.084499858319759369 0.00010974014730891213 0.99210000038146973
  endloop
 endfacet
 facet normal 0.087276023831849167 0 -0.99618416754338279
  outer loop
   vertex 0.084135197103023529 0.0016097432235255837 0.99206805229187012
   vertex 0.084499858319759369 0.0016097432235255837 0.99210000038146973
   vertex 0.084135197103023529 0.00010974014730891213 0.99206805229187012
  endloop
 endfacet
 facet normal 0.2587469377335615 0 -0.96594514451572489
  outer loop
   vertex 0.083781622350215912 0.00010974014730891213 0.99197334051132202
   vertex 0.084135197103023529 0.0016097432235255837 0.99206805229187012
   vertex 0.084135197103023529 0.00010974014730891213 0.99206805229187012
  endloop
 endfacet
 facet normal 0.2587469377335615 0 -0.96594514451572489
  outer loop
   vertex 0.083781622350215912 0.0016097432235255837 0.99197334051132202
   vertex 0.084135197103023529 0.0016097432235255837 0.99206805229187012
   vertex 0.083781622350215912 0.00010974014730891213 0.99197334051132202
  endloop
 endfacet
 facet normal 0.42268935434309174 0 -0.90627463261696783
  outer loop
   vertex 0.083449862897396088 0.00010974014730891213 0.99181860685348511
   vertex 0.083781622350215912 0.0016097432235255837 0.99197334051132202
   vertex 0.083781622350215912 0.00010974014730891213 0.99197334051132202
  endloop
 endfacet
 facet normal 0.42268935434309174 0 -0.90627463261696783
  outer loop
   vertex 0.083449862897396088 0.0016097432235255837 0.99181860685348511
   vertex 0.083781622350215912 0.0016097432235255837 0.99197334051132202
   vertex 0.083449862897396088 0.00010974014730891213 0.99181860685348511
  endloop
 endfacet
 facet normal 0.5734951289177187 0 -0.81920897035350448
  outer loop
   vertex 0.083149991929531097 0.00010974014730891213 0.99160867929458618
   vertex 0.083449862897396088 0.0016097432235255837 0.99181860685348511
   vertex 0.083449862897396088 0.00010974014730891213 0.99181860685348511
  endloop
 endfacet
 facet normal 0.5734951289177187 0 -0.81920897035350448
  outer loop
   vertex 0.083149991929531097 0.0016097432235255837 0.99160867929458618
   vertex 0.083449862897396088 0.0016097432235255837 0.99181860685348511
   vertex 0.083149991929531097 0.00010974014730891213 0.99160867929458618
  endloop
 endfacet
 facet normal 0.70714748617917511 0 -0.70706607385057973
  outer loop
   vertex 0.082891158759593964 0.00010974014730891213 0.99134981632232666
   vertex 0.083149991929531097 0.0016097432235255837 0.99160867929458618
   vertex 0.083149991929531097 0.00010974014730891213 0.99160867929458618
  endloop
 endfacet
 facet normal 0.70714748617917511 0 -0.70706607385057973
  outer loop
   vertex 0.082891158759593964 0.0016097432235255837 0.99134981632232666
   vertex 0.083149991929531097 0.0016097432235255837 0.99160867929458618
   vertex 0.082891158759593964 0.00010974014730891213 0.99134981632232666
  endloop
 endfacet
 facet normal 0.81911714661999369 0 -0.57362627216082063
  outer loop
   vertex 0.08268120139837265 0.00010974014730891213 0.99105000495910645
   vertex 0.082891158759593964 0.0016097432235255837 0.99134981632232666
   vertex 0.082891158759593964 0.00010974014730891213 0.99134981632232666
  endloop
 endfacet
 facet normal 0.81911714661999369 0 -0.57362627216082063
  outer loop
   vertex 0.08268120139837265 0.0016097432235255837 0.99105000495910645
   vertex 0.082891158759593964 0.0016097432235255837 0.99134981632232666
   vertex 0.08268120139837265 0.00010974014730891213 0.99105000495910645
  endloop
 endfacet
 facet normal 0.90630581780382169 0 -0.42262248474844039
  outer loop
   vertex 0.082526497542858124 0.00010974014730891213 0.99071824550628662
   vertex 0.08268120139837265 0.0016097432235255837 0.99105000495910645
   vertex 0.08268120139837265 0.00010974014730891213 0.99105000495910645
  endloop
 endfacet
 facet normal 0.90630581780382169 0 -0.42262248474844039
  outer loop
   vertex 0.082526497542858124 0.0016097432235255837 0.99071824550628662
   vertex 0.08268120139837265 0.0016097432235255837 0.99105000495910645
   vertex 0.082526497542858124 0.00010974014730891213 0.99071824550628662
  endloop
 endfacet
 facet normal 0.96593569816772684 0 -0.25878219993891821
  outer loop
   vertex 0.08243175595998764 0.00010974014730891213 0.99036461114883423
   vertex 0.082526497542858124 0.0016097432235255837 0.99071824550628662
   vertex 0.082526497542858124 0.00010974014730891213 0.99071824550628662
  endloop
 endfacet
 facet normal 0.96593569816772684 0 -0.25878219993891821
  outer loop
   vertex 0.08243175595998764 0.0016097432235255837 0.99036461114883423
   vertex 0.082526497542858124 0.0016097432235255837 0.99071824550628662
   vertex 0.08243175595998764 0.00010974014730891213 0.99036461114883423
  endloop
 endfacet
 facet normal 0.99619477787606681 0 -0.087154830803884392
  outer loop
   vertex 0.082399852573871613 0.00010974014730891213 0.98999994993209839
   vertex 0.08243175595998764 0.0016097432235255837 0.99036461114883423
   vertex 0.08243175595998764 0.00010974014730891213 0.99036461114883423
  endloop
 endfacet
 facet normal 0.99619477787606681 0 -0.087154830803884392
  outer loop
   vertex 0.082399852573871613 0.0016097432235255837 0.98999994993209839
   vertex 0.08243175595998764 0.0016097432235255837 0.99036461114883423
   vertex 0.082399852573871613 0.00010974014730891213 0.98999994993209839
  endloop
 endfacet
 facet normal 0.99619477787606681 0 0.087154830803884392
  outer loop
   vertex -0.0015716623747721314 0.00010974014730891213 0.98963528871536255
   vertex -0.0016035657608881593 0.0016097432235255837 0.98999994993209839
   vertex -0.0016035657608881593 0.00010974014730891213 0.98999994993209839
  endloop
 endfacet
 facet normal 0.99619477787606681 0 0.087154830803884392
  outer loop
   vertex -0.0015716623747721314 0.0016097432235255837 0.98963528871536255
   vertex -0.0016035657608881593 0.0016097432235255837 0.98999994993209839
   vertex -0.0015716623747721314 0.00010974014730891213 0.98963528871536255
  endloop
 endfacet
 facet normal 0.96592479267920472 0 0.25882290255623669
  outer loop
   vertex -0.001476920791901648 0.00010974014730891213 0.98928171396255493
   vertex -0.0015716623747721314 0.0016097432235255837 0.98963528871536255
   vertex -0.0015716623747721314 0.00010974014730891213 0.98963528871536255
  endloop
 endfacet
 facet normal 0.96592479267920472 0 0.25882290255623669
  outer loop
   vertex -0.001476920791901648 0.0016097432235255837 0.98928171396255493
   vertex -0.0015716623747721314 0.0016097432235255837 0.98963528871536255
   vertex -0.001476920791901648 0.00010974014730891213 0.98928171396255493
  endloop
 endfacet
 facet normal 0.90630581780382169 0 0.42262248474844039
  outer loop
   vertex -0.0013222169363871217 0.00010974014730891213 0.98894995450973511
   vertex -0.001476920791901648 0.0016097432235255837 0.98928171396255493
   vertex -0.001476920791901648 0.00010974014730891213 0.98928171396255493
  endloop
 endfacet
 facet normal 0.90630581780382169 0 0.42262248474844039
  outer loop
   vertex -0.0013222169363871217 0.0016097432235255837 0.98894995450973511
   vertex -0.001476920791901648 0.0016097432235255837 0.98928171396255493
   vertex -0.0013222169363871217 0.00010974014730891213 0.98894995450973511
  endloop
 endfacet
 facet normal 0.81911714661999369 0 0.57362627216082063
  outer loop
   vertex -0.0011122595751658082 0.00010974014730891213 0.98865014314651489
   vertex -0.0013222169363871217 0.0016097432235255837 0.98894995450973511
   vertex -0.0013222169363871217 0.00010974014730891213 0.98894995450973511
  endloop
 endfacet
 facet normal 0.81911714661999369 0 0.57362627216082063
  outer loop
   vertex -0.0011122595751658082 0.0016097432235255837 0.98865014314651489
   vertex -0.0013222169363871217 0.0016097432235255837 0.98894995450973511
   vertex -0.0011122595751658082 0.00010974014730891213 0.98865014314651489
  endloop
 endfacet
 facet normal 0.70712721289194591 0 0.70708634889076205
  outer loop
   vertex -0.00085341156227514148 0.00010974014730891213 0.98839128017425537
   vertex -0.0011122595751658082 0.0016097432235255837 0.98865014314651489
   vertex -0.0011122595751658082 0.00010974014730891213 0.98865014314651489
  endloop
 endfacet
 facet normal 0.70712721289194591 0 0.70708634889076205
  outer loop
   vertex -0.00085341156227514148 0.0016097432235255837 0.98839128017425537
   vertex -0.0011122595751658082 0.0016097432235255837 0.98865014314651489
   vertex -0.00085341156227514148 0.00010974014730891213 0.98839128017425537
  endloop
 endfacet
 facet normal 0.57364264323288217 0 0.81910568174368825
  outer loop
   vertex -0.00055357039673253894 0.00010974014730891213 0.98818129301071167
   vertex -0.00085341156227514148 0.0016097432235255837 0.98839128017425537
   vertex -0.00085341156227514148 0.00010974014730891213 0.98839128017425537
  endloop
 endfacet
 facet normal 0.57364264323288217 0 0.81910568174368825
  outer loop
   vertex -0.00055357039673253894 0.0016097432235255837 0.98818129301071167
   vertex -0.00085341156227514148 0.0016097432235255837 0.98839128017425537
   vertex -0.00055357039673253894 0.00010974014730891213 0.98818129301071167
  endloop
 endfacet
 facet normal 0.42255560825096944 0 0.90633700020227204
  outer loop
   vertex -0.00022181094391271472 0.00010974014730891213 0.98802661895751953
   vertex -0.00055357039673253894 0.0016097432235255837 0.98818129301071167
   vertex -0.00055357039673253894 0.00010974014730891213 0.98818129301071167
  endloop
 endfacet
 facet normal 0.42255560825096944 0 0.90633700020227204
  outer loop
   vertex -0.00022181094391271472 0.0016097432235255837 0.98802661895751953
   vertex -0.00055357039673253894 0.0016097432235255837 0.98818129301071167
   vertex -0.00022181094391271472 0.00010974014730891213 0.98802661895751953
  endloop
 endfacet
 facet normal 0.2587367634802118 0 0.96594786982724123
  outer loop
   vertex 0.00013177871005609632 0.00010974014730891213 0.98793190717697144
   vertex -0.00022181094391271472 0.0016097432235255837 0.98802661895751953
   vertex -0.00022181094391271472 0.00010974014730891213 0.98802661895751953
  endloop
 endfacet
 facet normal 0.2587367634802118 0 0.96594786982724123
  outer loop
   vertex 0.00013177871005609632 0.0016097432235255837 0.98793190717697144
   vertex -0.00022181094391271472 0.0016097432235255837 0.98802661895751953
   vertex 0.00013177871005609632 0.00010974014730891213 0.98793190717697144
  endloop
 endfacet
 facet normal 0.087276023831849167 0 0.99618416754338279
  outer loop
   vertex 0.00049643992679193616 0.00010974014730891213 0.98789995908737183
   vertex 0.00013177871005609632 0.0016097432235255837 0.98793190717697144
   vertex 0.00013177871005609632 0.00010974014730891213 0.98793190717697144
  endloop
 endfacet
 facet normal 0.087276023831849167 0 0.99618416754338279
  outer loop
   vertex 0.00049643992679193616 0.0016097432235255837 0.98789995908737183
   vertex 0.00013177871005609632 0.0016097432235255837 0.98793190717697144
   vertex 0.00049643992679193616 0.00010974014730891213 0.98789995908737183
  endloop
 endfacet
 facet normal -0.087276023831849167 0 0.99618416754338279
  outer loop
   vertex 0.000861101143527776 0.00010974014730891213 0.98793190717697144
   vertex 0.00049643992679193616 0.0016097432235255837 0.98789995908737183
   vertex 0.00049643992679193616 0.00010974014730891213 0.98789995908737183
  endloop
 endfacet
 facet normal -0.087276023831849167 0 0.99618416754338279
  outer loop
   vertex 0.000861101143527776 0.0016097432235255837 0.98793190717697144
   vertex 0.00049643992679193616 0.0016097432235255837 0.98789995908737183
   vertex 0.000861101143527776 0.00010974014730891213 0.98793190717697144
  endloop
 endfacet
 facet normal -0.25874689798888345 0 0.96594515516209833
  outer loop
   vertex 0.0012146759545430541 0.00010974014730891213 0.98802661895751953
   vertex 0.000861101143527776 0.0016097432235255837 0.98793190717697144
   vertex 0.000861101143527776 0.00010974014730891213 0.98793190717697144
  endloop
 endfacet
 facet normal -0.25874689798888345 0 0.96594515516209833
  outer loop
   vertex 0.0012146759545430541 0.0016097432235255837 0.98802661895751953
   vertex 0.000861101143527776 0.0016097432235255837 0.98793190717697144
   vertex 0.0012146759545430541 0.00010974014730891213 0.98802661895751953
  endloop
 endfacet
 facet normal -0.42255560825096944 0 0.90633700020227204
  outer loop
   vertex 0.0015464354073628783 0.00010974014730891213 0.98818129301071167
   vertex 0.0012146759545430541 0.0016097432235255837 0.98802661895751953
   vertex 0.0012146759545430541 0.00010974014730891213 0.98802661895751953
  endloop
 endfacet
 facet normal -0.42255560825096944 0 0.90633700020227204
  outer loop
   vertex 0.0015464354073628783 0.0016097432235255837 0.98818129301071167
   vertex 0.0012146759545430541 0.0016097432235255837 0.98802661895751953
   vertex 0.0015464354073628783 0.00010974014730891213 0.98818129301071167
  endloop
 endfacet
 facet normal -0.57362351656878763 0 0.81911907634925585
  outer loop
   vertex 0.0018462914740666747 0.00010974014730891213 0.98839128017425537
   vertex 0.0015464354073628783 0.0016097432235255837 0.98818129301071167
   vertex 0.0015464354073628783 0.00010974014730891213 0.98818129301071167
  endloop
 endfacet
 facet normal -0.57362351656878763 0 0.81911907634925585
  outer loop
   vertex 0.0018462914740666747 0.0016097432235255837 0.98839128017425537
   vertex 0.0015464354073628783 0.0016097432235255837 0.98818129301071167
   vertex 0.0018462914740666747 0.00010974014730891213 0.98839128017425537
  endloop
 endfacet
 facet normal -0.70714764518764617 0 0.70706591482376446
  outer loop
   vertex 0.0021051245275884867 0.00010974014730891213 0.98865014314651489
   vertex 0.0018462914740666747 0.0016097432235255837 0.98839128017425537
   vertex 0.0018462914740666747 0.00010974014730891213 0.98839128017425537
  endloop
 endfacet
 facet normal -0.70714764518764617 0 0.70706591482376446
  outer loop
   vertex 0.0021051245275884867 0.0016097432235255837 0.98865014314651489
   vertex 0.0018462914740666747 0.0016097432235255837 0.98839128017425537
   vertex 0.0021051245275884867 0.00010974014730891213 0.98865014314651489
  endloop
 endfacet
 facet normal -0.81911714661999369 0 0.57362627216082063
  outer loop
   vertex 0.0023150818888098001 0.00010974014730891213 0.98894995450973511
   vertex 0.0021051245275884867 0.0016097432235255837 0.98865014314651489
   vertex 0.0021051245275884867 0.00010974014730891213 0.98865014314651489
  endloop
 endfacet
 facet normal -0.81911714661999369 0 0.57362627216082063
  outer loop
   vertex 0.0023150818888098001 0.0016097432235255837 0.98894995450973511
   vertex 0.0021051245275884867 0.0016097432235255837 0.98865014314651489
   vertex 0.0023150818888098001 0.00010974014730891213 0.98894995450973511
  endloop
 endfacet
 facet normal -0.90630581780382169 0 0.42262248474844039
  outer loop
   vertex 0.0024697857443243265 0.00010974014730891213 0.98928171396255493
   vertex 0.0023150818888098001 0.0016097432235255837 0.98894995450973511
   vertex 0.0023150818888098001 0.00010974014730891213 0.98894995450973511
  endloop
 endfacet
 facet normal -0.90630581780382169 0 0.42262248474844039
  outer loop
   vertex 0.0024697857443243265 0.0016097432235255837 0.98928171396255493
   vertex 0.0023150818888098001 0.0016097432235255837 0.98894995450973511
   vertex 0.0024697857443243265 0.00010974014730891213 0.98928171396255493
  endloop
 endfacet
 facet normal -0.96592479267920472 0 0.25882290255623669
  outer loop
   vertex 0.0025645273271948099 0.00010974014730891213 0.98963528871536255
   vertex 0.0024697857443243265 0.0016097432235255837 0.98928171396255493
   vertex 0.0024697857443243265 0.00010974014730891213 0.98928171396255493
  endloop
 endfacet
 facet normal -0.96592479267920472 0 0.25882290255623669
  outer loop
   vertex 0.0025645273271948099 0.0016097432235255837 0.98963528871536255
   vertex 0.0024697857443243265 0.0016097432235255837 0.98928171396255493
   vertex 0.0025645273271948099 0.00010974014730891213 0.98963528871536255
  endloop
 endfacet
 facet normal -0.99619477787606681 0 0.087154830803884392
  outer loop
   vertex 0.0025964307133108377 0.00010974014730891213 0.98999994993209839
   vertex 0.0025645273271948099 0.0016097432235255837 0.98963528871536255
   vertex 0.0025645273271948099 0.00010974014730891213 0.98963528871536255
  endloop
 endfacet
 facet normal -0.99619477787606681 0 0.087154830803884392
  outer loop
   vertex 0.0025964307133108377 0.0016097432235255837 0.98999994993209839
   vertex 0.0025645273271948099 0.0016097432235255837 0.98963528871536255
   vertex 0.0025964307133108377 0.00010974014730891213 0.98999994993209839
  endloop
 endfacet
 facet normal -0.99619477787606681 -0 -0.087154830803884392
  outer loop
   vertex 0.0025645273271948099 0.00010974014730891213 0.99036461114883423
   vertex 0.0025964307133108377 0.0016097432235255837 0.98999994993209839
   vertex 0.0025964307133108377 0.00010974014730891213 0.98999994993209839
  endloop
 endfacet
 facet normal -0.99619477787606681 0 -0.087154830803884392
  outer loop
   vertex 0.0025645273271948099 0.0016097432235255837 0.99036461114883423
   vertex 0.0025964307133108377 0.0016097432235255837 0.98999994993209839
   vertex 0.0025645273271948099 0.00010974014730891213 0.99036461114883423
  endloop
 endfacet
 facet normal -0.96593569816772684 -0 -0.25878219993891821
  outer loop
   vertex 0.0024697857443243265 0.00010974014730891213 0.99071824550628662
   vertex 0.0025645273271948099 0.0016097432235255837 0.99036461114883423
   vertex 0.0025645273271948099 0.00010974014730891213 0.99036461114883423
  endloop
 endfacet
 facet normal -0.96593569816772684 0 -0.25878219993891821
  outer loop
   vertex 0.0024697857443243265 0.0016097432235255837 0.99071824550628662
   vertex 0.0025645273271948099 0.0016097432235255837 0.99036461114883423
   vertex 0.0024697857443243265 0.00010974014730891213 0.99071824550628662
  endloop
 endfacet
 facet normal -0.90630581780382169 -0 -0.42262248474844039
  outer loop
   vertex 0.0023150818888098001 0.00010974014730891213 0.99105000495910645
   vertex 0.0024697857443243265 0.0016097432235255837 0.99071824550628662
   vertex 0.0024697857443243265 0.00010974014730891213 0.99071824550628662
  endloop
 endfacet
 facet normal -0.90630581780382169 0 -0.42262248474844039
  outer loop
   vertex 0.0023150818888098001 0.0016097432235255837 0.99105000495910645
   vertex 0.0024697857443243265 0.0016097432235255837 0.99071824550628662
   vertex 0.0023150818888098001 0.00010974014730891213 0.99105000495910645
  endloop
 endfacet
 facet normal -0.81911714661999369 -0 -0.57362627216082063
  outer loop
   vertex 0.0021051245275884867 0.00010974014730891213 0.99134981632232666
   vertex 0.0023150818888098001 0.0016097432235255837 0.99105000495910645
   vertex 0.0023150818888098001 0.00010974014730891213 0.99105000495910645
  endloop
 endfacet
 facet normal -0.81911714661999369 0 -0.57362627216082063
  outer loop
   vertex 0.0021051245275884867 0.0016097432235255837 0.99134981632232666
   vertex 0.0023150818888098001 0.0016097432235255837 0.99105000495910645
   vertex 0.0021051245275884867 0.00010974014730891213 0.99134981632232666
  endloop
 endfacet
 facet normal -0.70714764518764617 -0 -0.70706591482376446
  outer loop
   vertex 0.0018462914740666747 0.00010974014730891213 0.99160867929458618
   vertex 0.0021051245275884867 0.0016097432235255837 0.99134981632232666
   vertex 0.0021051245275884867 0.00010974014730891213 0.99134981632232666
  endloop
 endfacet
 facet normal -0.70714764518764617 0 -0.70706591482376446
  outer loop
   vertex 0.0018462914740666747 0.0016097432235255837 0.99160867929458618
   vertex 0.0021051245275884867 0.0016097432235255837 0.99134981632232666
   vertex 0.0018462914740666747 0.00010974014730891213 0.99160867929458618
  endloop
 endfacet
 facet normal -0.57351425454805061 -0 -0.81919558093912703
  outer loop
   vertex 0.0015464354073628783 0.00010974014730891213 0.99181860685348511
   vertex 0.0018462914740666747 0.0016097432235255837 0.99160867929458618
   vertex 0.0018462914740666747 0.00010974014730891213 0.99160867929458618
  endloop
 endfacet
 facet normal -0.57351425454805061 0 -0.81919558093912703
  outer loop
   vertex 0.0015464354073628783 0.0016097432235255837 0.99181860685348511
   vertex 0.0018462914740666747 0.0016097432235255837 0.99160867929458618
   vertex 0.0015464354073628783 0.00010974014730891213 0.99181860685348511
  endloop
 endfacet
 facet normal -0.42268935434309174 -0 -0.90627463261696783
  outer loop
   vertex 0.0012146759545430541 0.00010974014730891213 0.99197334051132202
   vertex 0.0015464354073628783 0.0016097432235255837 0.99181860685348511
   vertex 0.0015464354073628783 0.00010974014730891213 0.99181860685348511
  endloop
 endfacet
 facet normal -0.42268935434309174 0 -0.90627463261696783
  outer loop
   vertex 0.0012146759545430541 0.0016097432235255837 0.99197334051132202
   vertex 0.0015464354073628783 0.0016097432235255837 0.99181860685348511
   vertex 0.0012146759545430541 0.00010974014730891213 0.99197334051132202
  endloop
 endfacet
 facet normal -0.25874689798888345 -0 -0.96594515516209833
  outer loop
   vertex 0.000861101143527776 0.00010974014730891213 0.99206805229187012
   vertex 0.0012146759545430541 0.0016097432235255837 0.99197334051132202
   vertex 0.0012146759545430541 0.00010974014730891213 0.99197334051132202
  endloop
 endfacet
 facet normal -0.25874689798888345 0 -0.96594515516209833
  outer loop
   vertex 0.000861101143527776 0.0016097432235255837 0.99206805229187012
   vertex 0.0012146759545430541 0.0016097432235255837 0.99197334051132202
   vertex 0.000861101143527776 0.00010974014730891213 0.99206805229187012
  endloop
 endfacet
 facet normal -0.087276023831849167 -0 -0.99618416754338279
  outer loop
   vertex 0.00049643992679193616 0.00010974014730891213 0.99210000038146973
   vertex 0.000861101143527776 0.0016097432235255837 0.99206805229187012
   vertex 0.000861101143527776 0.00010974014730891213 0.99206805229187012
  endloop
 endfacet
 facet normal -0.087276023831849167 0 -0.99618416754338279
  outer loop
   vertex 0.00049643992679193616 0.0016097432235255837 0.99210000038146973
   vertex 0.000861101143527776 0.0016097432235255837 0.99206805229187012
   vertex 0.00049643992679193616 0.00010974014730891213 0.99210000038146973
  endloop
 endfacet
 facet normal 0.087276023831849167 0 -0.99618416754338279
  outer loop
   vertex 0.00013177871005609632 0.00010974014730891213 0.99206805229187012
   vertex 0.00049643992679193616 0.0016097432235255837 0.99210000038146973
   vertex 0.00049643992679193616 0.00010974014730891213 0.99210000038146973
  endloop
 endfacet
 facet normal 0.087276023831849167 0 -0.99618416754338279
  outer loop
   vertex 0.00013177871005609632 0.0016097432235255837 0.99206805229187012
   vertex 0.00049643992679193616 0.0016097432235255837 0.99210000038146973
   vertex 0.00013177871005609632 0.00010974014730891213 0.99206805229187012
  endloop
 endfacet
 facet normal 0.2587367634802118 0 -0.96594786982724123
  outer loop
   vertex -0.00022181094391271472 0.00010974014730891213 0.99197334051132202
   vertex 0.00013177871005609632 0.0016097432235255837 0.99206805229187012
   vertex 0.00013177871005609632 0.00010974014730891213 0.99206805229187012
  endloop
 endfacet
 facet normal 0.2587367634802118 0 -0.96594786982724123
  outer loop
   vertex -0.00022181094391271472 0.0016097432235255837 0.99197334051132202
   vertex 0.00013177871005609632 0.0016097432235255837 0.99206805229187012
   vertex -0.00022181094391271472 0.00010974014730891213 0.99197334051132202
  endloop
 endfacet
 facet normal 0.42268935434309174 0 -0.90627463261696783
  outer loop
   vertex -0.00055357039673253894 0.00010974014730891213 0.99181860685348511
   vertex -0.00022181094391271472 0.0016097432235255837 0.99197334051132202
   vertex -0.00022181094391271472 0.00010974014730891213 0.99197334051132202
  endloop
 endfacet
 facet normal 0.42268935434309174 0 -0.90627463261696783
  outer loop
   vertex -0.00055357039673253894 0.0016097432235255837 0.99181860685348511
   vertex -0.00022181094391271472 0.0016097432235255837 0.99197334051132202
   vertex -0.00055357039673253894 0.00010974014730891213 0.99181860685348511
  endloop
 endfacet
 facet normal 0.57353338114143071 0 -0.81918219018511274
  outer loop
   vertex -0.00085341156227514148 0.00010974014730891213 0.99160867929458618
   vertex -0.00055357039673253894 0.0016097432235255837 0.99181860685348511
   vertex -0.00055357039673253894 0.00010974014730891213 0.99181860685348511
  endloop
 endfacet
 facet normal 0.57353338114143071 0 -0.81918219018511274
  outer loop
   vertex -0.00085341156227514148 0.0016097432235255837 0.99160867929458618
   vertex -0.00055357039673253894 0.0016097432235255837 0.99181860685348511
   vertex -0.00085341156227514148 0.00010974014730891213 0.99160867929458618
  endloop
 endfacet
 facet normal 0.70712721289194591 0 -0.70708634889076205
  outer loop
   vertex -0.0011122595751658082 0.00010974014730891213 0.99134981632232666
   vertex -0.00085341156227514148 0.0016097432235255837 0.99160867929458618
   vertex -0.00085341156227514148 0.00010974014730891213 0.99160867929458618
  endloop
 endfacet
 facet normal 0.70712721289194591 0 -0.70708634889076205
  outer loop
   vertex -0.0011122595751658082 0.0016097432235255837 0.99134981632232666
   vertex -0.00085341156227514148 0.0016097432235255837 0.99160867929458618
   vertex -0.0011122595751658082 0.00010974014730891213 0.99134981632232666
  endloop
 endfacet
 facet normal 0.81911714661999369 0 -0.57362627216082063
  outer loop
   vertex -0.0013222169363871217 0.00010974014730891213 0.99105000495910645
   vertex -0.0011122595751658082 0.0016097432235255837 0.99134981632232666
   vertex -0.0011122595751658082 0.00010974014730891213 0.99134981632232666
  endloop
 endfacet
 facet normal 0.81911714661999369 0 -0.57362627216082063
  outer loop
   vertex -0.0013222169363871217 0.0016097432235255837 0.99105000495910645
   vertex -0.0011122595751658082 0.0016097432235255837 0.99134981632232666
   vertex -0.0013222169363871217 0.00010974014730891213 0.99105000495910645
  endloop
 endfacet
 facet normal 0.90630581780382169 0 -0.42262248474844039
  outer loop
   vertex -0.001476920791901648 0.00010974014730891213 0.99071824550628662
   vertex -0.0013222169363871217 0.0016097432235255837 0.99105000495910645
   vertex -0.0013222169363871217 0.00010974014730891213 0.99105000495910645
  endloop
 endfacet
 facet normal 0.90630581780382169 0 -0.42262248474844039
  outer loop
   vertex -0.001476920791901648 0.0016097432235255837 0.99071824550628662
   vertex -0.0013222169363871217 0.0016097432235255837 0.99105000495910645
   vertex -0.001476920791901648 0.00010974014730891213 0.99071824550628662
  endloop
 endfacet
 facet normal 0.96593569816772684 0 -0.25878219993891821
  outer loop
   vertex -0.0015716623747721314 0.00010974014730891213 0.99036461114883423
   vertex -0.001476920791901648 0.0016097432235255837 0.99071824550628662
   vertex -0.001476920791901648 0.00010974014730891213 0.99071824550628662
  endloop
 endfacet
 facet normal 0.96593569816772684 0 -0.25878219993891821
  outer loop
   vertex -0.0015716623747721314 0.0016097432235255837 0.99036461114883423
   vertex -0.001476920791901648 0.0016097432235255837 0.99071824550628662
   vertex -0.0015716623747721314 0.00010974014730891213 0.99036461114883423
  endloop
 endfacet
 facet normal 0.99619477787606681 0 -0.087154830803884392
  outer loop
   vertex -0.0016035657608881593 0.00010974014730891213 0.98999994993209839
   vertex -0.0015716623747721314 0.0016097432235255837 0.99036461114883423
   vertex -0.0015716623747721314 0.00010974014730891213 0.99036461114883423
  endloop
 endfacet
 facet normal 0.99619477787606681 0 -0.087154830803884392
  outer loop
   vertex -0.0016035657608881593 0.0016097432235255837 0.98999994993209839
   vertex -0.0015716623747721314 0.0016097432235255837 0.99036461114883423
   vertex -0.0016035657608881593 0.00010974014730891213 0.98999994993209839
  endloop
 endfacet
 facet normal 0.99619477787606681 0 0.087154830803884392
  outer loop
   vertex -0.086571663618087769 0.00010974014730891213 0.98963528871536255
   vertex -0.086603567004203796 0.0016097432235255837 0.98999994993209839
   vertex -0.086603567004203796 0.00010974014730891213 0.98999994993209839
  endloop
 endfacet
 facet normal 0.99619477787606681 0 0.087154830803884392
  outer loop
   vertex -0.086571663618087769 0.0016097432235255837 0.98963528871536255
   vertex -0.086603567004203796 0.0016097432235255837 0.98999994993209839
   vertex -0.086571663618087769 0.00010974014730891213 0.98963528871536255
  endloop
 endfacet
 facet normal 0.96592479267920472 0 0.25882290255623669
  outer loop
   vertex -0.086476922035217285 0.00010974014730891213 0.98928171396255493
   vertex -0.086571663618087769 0.0016097432235255837 0.98963528871536255
   vertex -0.086571663618087769 0.00010974014730891213 0.98963528871536255
  endloop
 endfacet
 facet normal 0.96592479267920472 0 0.25882290255623669
  outer loop
   vertex -0.086476922035217285 0.0016097432235255837 0.98928171396255493
   vertex -0.086571663618087769 0.0016097432235255837 0.98963528871536255
   vertex -0.086476922035217285 0.00010974014730891213 0.98928171396255493
  endloop
 endfacet
 facet normal 0.90630581780382169 0 0.42262248474844039
  outer loop
   vertex -0.086322218179702759 0.00010974014730891213 0.98894995450973511
   vertex -0.086476922035217285 0.0016097432235255837 0.98928171396255493
   vertex -0.086476922035217285 0.00010974014730891213 0.98928171396255493
  endloop
 endfacet
 facet normal 0.90630581780382169 0 0.42262248474844039
  outer loop
   vertex -0.086322218179702759 0.0016097432235255837 0.98894995450973511
   vertex -0.086476922035217285 0.0016097432235255837 0.98928171396255493
   vertex -0.086322218179702759 0.00010974014730891213 0.98894995450973511
  endloop
 endfacet
 facet normal 0.81911714661999369 0 0.57362627216082063
  outer loop
   vertex -0.086112260818481445 0.00010974014730891213 0.98865014314651489
   vertex -0.086322218179702759 0.0016097432235255837 0.98894995450973511
   vertex -0.086322218179702759 0.00010974014730891213 0.98894995450973511
  endloop
 endfacet
 facet normal 0.81911714661999369 0 0.57362627216082063
  outer loop
   vertex -0.086112260818481445 0.0016097432235255837 0.98865014314651489
   vertex -0.086322218179702759 0.0016097432235255837 0.98894995450973511
   vertex -0.086112260818481445 0.00010974014730891213 0.98865014314651489
  endloop
 endfacet
 facet normal 0.70713730971137734 0 0.70707625134362662
  outer loop
   vertex -0.085853420197963715 0.00010974014730891213 0.98839128017425537
   vertex -0.086112260818481445 0.0016097432235255837 0.98865014314651489
   vertex -0.086112260818481445 0.00010974014730891213 0.98865014314651489
  endloop
 endfacet
 facet normal 0.70713730971137734 0 0.70707625134362662
  outer loop
   vertex -0.085853420197963715 0.0016097432235255837 0.98839128017425537
   vertex -0.086112260818481445 0.0016097432235255837 0.98865014314651489
   vertex -0.085853420197963715 0.00010974014730891213 0.98839128017425537
  endloop
 endfacet
 facet normal 0.57362351656878763 0 0.81911907634925585
  outer loop
   vertex -0.085553564131259918 0.00010974014730891213 0.98818129301071167
   vertex -0.085853420197963715 0.0016097432235255837 0.98839128017425537
   vertex -0.085853420197963715 0.00010974014730891213 0.98839128017425537
  endloop
 endfacet
 facet normal 0.57362351656878763 0 0.81911907634925585
  outer loop
   vertex -0.085553564131259918 0.0016097432235255837 0.98818129301071167
   vertex -0.085853420197963715 0.0016097432235255837 0.98839128017425537
   vertex -0.085553564131259918 0.00010974014730891213 0.98818129301071167
  endloop
 endfacet
 facet normal 0.42255560825096944 0 0.90633700020227204
  outer loop
   vertex -0.085221804678440094 0.00010974014730891213 0.98802661895751953
   vertex -0.085553564131259918 0.0016097432235255837 0.98818129301071167
   vertex -0.085553564131259918 0.00010974014730891213 0.98818129301071167
  endloop
 endfacet
 facet normal 0.42255560825096944 0 0.90633700020227204
  outer loop
   vertex -0.085221804678440094 0.0016097432235255837 0.98802661895751953
   vertex -0.085553564131259918 0.0016097432235255837 0.98818129301071167
   vertex -0.085221804678440094 0.00010974014730891213 0.98802661895751953
  endloop
 endfacet
 facet normal 0.25874185051045678 0 0.96594650721166986
  outer loop
   vertex -0.08486822247505188 0.00010974014730891213 0.98793190717697144
   vertex -0.085221804678440094 0.0016097432235255837 0.98802661895751953
   vertex -0.085221804678440094 0.00010974014730891213 0.98802661895751953
  endloop
 endfacet
 facet normal 0.25874185051045678 0 0.96594650721166986
  outer loop
   vertex -0.08486822247505188 0.0016097432235255837 0.98793190717697144
   vertex -0.085221804678440094 0.0016097432235255837 0.98802661895751953
   vertex -0.08486822247505188 0.00010974014730891213 0.98793190717697144
  endloop
 endfacet
 facet normal 0.087276023831849167 0 0.99618416754338279
  outer loop
   vertex -0.08450356125831604 0.00010974014730891213 0.98789995908737183
   vertex -0.08486822247505188 0.0016097432235255837 0.98793190717697144
   vertex -0.08486822247505188 0.00010974014730891213 0.98793190717697144
  endloop
 endfacet
 facet normal 0.087276023831849167 0 0.99618416754338279
  outer loop
   vertex -0.08450356125831604 0.0016097432235255837 0.98789995908737183
   vertex -0.08486822247505188 0.0016097432235255837 0.98793190717697144
   vertex -0.08450356125831604 0.00010974014730891213 0.98789995908737183
  endloop
 endfacet
 facet normal -0.087276023831849167 0 0.99618416754338279
  outer loop
   vertex -0.0841389000415802 0.00010974014730891213 0.98793190717697144
   vertex -0.08450356125831604 0.0016097432235255837 0.98789995908737183
   vertex -0.08450356125831604 0.00010974014730891213 0.98789995908737183
  endloop
 endfacet
 facet normal -0.087276023831849167 0 0.99618416754338279
  outer loop
   vertex -0.0841389000415802 0.0016097432235255837 0.98793190717697144
   vertex -0.08450356125831604 0.0016097432235255837 0.98789995908737183
   vertex -0.0841389000415802 0.00010974014730891213 0.98793190717697144
  endloop
 endfacet
 facet normal -0.2587469377335615 0 0.96594514451572489
  outer loop
   vertex -0.083785325288772583 0.00010974014730891213 0.98802661895751953
   vertex -0.0841389000415802 0.0016097432235255837 0.98793190717697144
   vertex -0.0841389000415802 0.00010974014730891213 0.98793190717697144
  endloop
 endfacet
 facet normal -0.2587469377335615 0 0.96594514451572489
  outer loop
   vertex -0.083785325288772583 0.0016097432235255837 0.98802661895751953
   vertex -0.0841389000415802 0.0016097432235255837 0.98793190717697144
   vertex -0.083785325288772583 0.00010974014730891213 0.98802661895751953
  endloop
 endfacet
 facet normal -0.42255560825096944 0 0.90633700020227204
  outer loop
   vertex -0.083453565835952759 0.00010974014730891213 0.98818129301071167
   vertex -0.083785325288772583 0.0016097432235255837 0.98802661895751953
   vertex -0.083785325288772583 0.00010974014730891213 0.98802661895751953
  endloop
 endfacet
 facet normal -0.42255560825096944 0 0.90633700020227204
  outer loop
   vertex -0.083453565835952759 0.0016097432235255837 0.98818129301071167
   vertex -0.083785325288772583 0.0016097432235255837 0.98802661895751953
   vertex -0.083453565835952759 0.00010974014730891213 0.98818129301071167
  endloop
 endfacet
 facet normal -0.57362351656878763 0 0.81911907634925585
  outer loop
   vertex -0.083153709769248962 0.00010974014730891213 0.98839128017425537
   vertex -0.083453565835952759 0.0016097432235255837 0.98818129301071167
   vertex -0.083453565835952759 0.00010974014730891213 0.98818129301071167
  endloop
 endfacet
 facet normal -0.57362351656878763 0 0.81911907634925585
  outer loop
   vertex -0.083153709769248962 0.0016097432235255837 0.98839128017425537
   vertex -0.083453565835952759 0.0016097432235255837 0.98818129301071167
   vertex -0.083153709769248962 0.00010974014730891213 0.98839128017425537
  endloop
 endfacet
 facet normal -0.70713730971137734 0 0.70707625134362662
  outer loop
   vertex -0.082894869148731232 0.00010974014730891213 0.98865014314651489
   vertex -0.083153709769248962 0.0016097432235255837 0.98839128017425537
   vertex -0.083153709769248962 0.00010974014730891213 0.98839128017425537
  endloop
 endfacet
 facet normal -0.70713730971137734 0 0.70707625134362662
  outer loop
   vertex -0.082894869148731232 0.0016097432235255837 0.98865014314651489
   vertex -0.083153709769248962 0.0016097432235255837 0.98839128017425537
   vertex -0.082894869148731232 0.00010974014730891213 0.98865014314651489
  endloop
 endfacet
 facet normal -0.81911714661999369 0 0.57362627216082063
  outer loop
   vertex -0.082684911787509918 0.00010974014730891213 0.98894995450973511
   vertex -0.082894869148731232 0.0016097432235255837 0.98865014314651489
   vertex -0.082894869148731232 0.00010974014730891213 0.98865014314651489
  endloop
 endfacet
 facet normal -0.81911714661999369 0 0.57362627216082063
  outer loop
   vertex -0.082684911787509918 0.0016097432235255837 0.98894995450973511
   vertex -0.082894869148731232 0.0016097432235255837 0.98865014314651489
   vertex -0.082684911787509918 0.00010974014730891213 0.98894995450973511
  endloop
 endfacet
 facet normal -0.90630581780382169 0 0.42262248474844039
  outer loop
   vertex -0.082530207931995392 0.00010974014730891213 0.98928171396255493
   vertex -0.082684911787509918 0.0016097432235255837 0.98894995450973511
   vertex -0.082684911787509918 0.00010974014730891213 0.98894995450973511
  endloop
 endfacet
 facet normal -0.90630581780382169 0 0.42262248474844039
  outer loop
   vertex -0.082530207931995392 0.0016097432235255837 0.98928171396255493
   vertex -0.082684911787509918 0.0016097432235255837 0.98894995450973511
   vertex -0.082530207931995392 0.00010974014730891213 0.98928171396255493
  endloop
 endfacet
 facet normal -0.96592479267920472 0 0.25882290255623669
  outer loop
   vertex -0.082435466349124908 0.00010974014730891213 0.98963528871536255
   vertex -0.082530207931995392 0.0016097432235255837 0.98928171396255493
   vertex -0.082530207931995392 0.00010974014730891213 0.98928171396255493
  endloop
 endfacet
 facet normal -0.96592479267920472 0 0.25882290255623669
  outer loop
   vertex -0.082435466349124908 0.0016097432235255837 0.98963528871536255
   vertex -0.082530207931995392 0.0016097432235255837 0.98928171396255493
   vertex -0.082435466349124908 0.00010974014730891213 0.98963528871536255
  endloop
 endfacet
 facet normal -0.99619477787606681 0 0.087154830803884392
  outer loop
   vertex -0.082403562963008881 0.00010974014730891213 0.98999994993209839
   vertex -0.082435466349124908 0.0016097432235255837 0.98963528871536255
   vertex -0.082435466349124908 0.00010974014730891213 0.98963528871536255
  endloop
 endfacet
 facet normal -0.99619477787606681 0 0.087154830803884392
  outer loop
   vertex -0.082403562963008881 0.0016097432235255837 0.98999994993209839
   vertex -0.082435466349124908 0.0016097432235255837 0.98963528871536255
   vertex -0.082403562963008881 0.00010974014730891213 0.98999994993209839
  endloop
 endfacet
 facet normal -0.99619477787606681 -0 -0.087154830803884392
  outer loop
   vertex -0.082435466349124908 0.00010974014730891213 0.99036461114883423
   vertex -0.082403562963008881 0.0016097432235255837 0.98999994993209839
   vertex -0.082403562963008881 0.00010974014730891213 0.98999994993209839
  endloop
 endfacet
 facet normal -0.99619477787606681 0 -0.087154830803884392
  outer loop
   vertex -0.082435466349124908 0.0016097432235255837 0.99036461114883423
   vertex -0.082403562963008881 0.0016097432235255837 0.98999994993209839
   vertex -0.082435466349124908 0.00010974014730891213 0.99036461114883423
  endloop
 endfacet
 facet normal -0.96593569816772684 -0 -0.25878219993891821
  outer loop
   vertex -0.082530207931995392 0.00010974014730891213 0.99071824550628662
   vertex -0.082435466349124908 0.0016097432235255837 0.99036461114883423
   vertex -0.082435466349124908 0.00010974014730891213 0.99036461114883423
  endloop
 endfacet
 facet normal -0.96593569816772684 0 -0.25878219993891821
  outer loop
   vertex -0.082530207931995392 0.0016097432235255837 0.99071824550628662
   vertex -0.082435466349124908 0.0016097432235255837 0.99036461114883423
   vertex -0.082530207931995392 0.00010974014730891213 0.99071824550628662
  endloop
 endfacet
 facet normal -0.90630581780382169 -0 -0.42262248474844039
  outer loop
   vertex -0.082684911787509918 0.00010974014730891213 0.99105000495910645
   vertex -0.082530207931995392 0.0016097432235255837 0.99071824550628662
   vertex -0.082530207931995392 0.00010974014730891213 0.99071824550628662
  endloop
 endfacet
 facet normal -0.90630581780382169 0 -0.42262248474844039
  outer loop
   vertex -0.082684911787509918 0.0016097432235255837 0.99105000495910645
   vertex -0.082530207931995392 0.0016097432235255837 0.99071824550628662
   vertex -0.082684911787509918 0.00010974014730891213 0.99105000495910645
  endloop
 endfacet
 facet normal -0.81911714661999369 -0 -0.57362627216082063
  outer loop
   vertex -0.082894869148731232 0.00010974014730891213 0.99134981632232666
   vertex -0.082684911787509918 0.0016097432235255837 0.99105000495910645
   vertex -0.082684911787509918 0.00010974014730891213 0.99105000495910645
  endloop
 endfacet
 facet normal -0.81911714661999369 0 -0.57362627216082063
  outer loop
   vertex -0.082894869148731232 0.0016097432235255837 0.99134981632232666
   vertex -0.082684911787509918 0.0016097432235255837 0.99105000495910645
   vertex -0.082894869148731232 0.00010974014730891213 0.99134981632232666
  endloop
 endfacet
 facet normal -0.70713730971137734 -0 -0.70707625134362662
  outer loop
   vertex -0.083153709769248962 0.00010974014730891213 0.99160867929458618
   vertex -0.082894869148731232 0.0016097432235255837 0.99134981632232666
   vertex -0.082894869148731232 0.00010974014730891213 0.99134981632232666
  endloop
 endfacet
 facet normal -0.70713730971137734 0 -0.70707625134362662
  outer loop
   vertex -0.083153709769248962 0.0016097432235255837 0.99160867929458618
   vertex -0.082894869148731232 0.0016097432235255837 0.99134981632232666
   vertex -0.083153709769248962 0.00010974014730891213 0.99160867929458618
  endloop
 endfacet
 facet normal -0.57351425454805061 -0 -0.81919558093912703
  outer loop
   vertex -0.083453565835952759 0.00010974014730891213 0.99181860685348511
   vertex -0.083153709769248962 0.0016097432235255837 0.99160867929458618
   vertex -0.083153709769248962 0.00010974014730891213 0.99160867929458618
  endloop
 endfacet
 facet normal -0.57351425454805061 0 -0.81919558093912703
  outer loop
   vertex -0.083453565835952759 0.0016097432235255837 0.99181860685348511
   vertex -0.083153709769248962 0.0016097432235255837 0.99160867929458618
   vertex -0.083453565835952759 0.00010974014730891213 0.99181860685348511
  endloop
 endfacet
 facet normal -0.42268935434309174 -0 -0.90627463261696783
  outer loop
   vertex -0.083785325288772583 0.00010974014730891213 0.99197334051132202
   vertex -0.083453565835952759 0.0016097432235255837 0.99181860685348511
   vertex -0.083453565835952759 0.00010974014730891213 0.99181860685348511
  endloop
 endfacet
 facet normal -0.42268935434309174 0 -0.90627463261696783
  outer loop
   vertex -0.083785325288772583 0.0016097432235255837 0.99197334051132202
   vertex -0.083453565835952759 0.0016097432235255837 0.99181860685348511
   vertex -0.083785325288772583 0.00010974014730891213 0.99197334051132202
  endloop
 endfacet
 facet normal -0.2587469377335615 -0 -0.96594514451572489
  outer loop
   vertex -0.0841389000415802 0.00010974014730891213 0.99206805229187012
   vertex -0.083785325288772583 0.0016097432235255837 0.99197334051132202
   vertex -0.083785325288772583 0.00010974014730891213 0.99197334051132202
  endloop
 endfacet
 facet normal -0.2587469377335615 0 -0.96594514451572489
  outer loop
   vertex -0.0841389000415802 0.0016097432235255837 0.99206805229187012
   vertex -0.083785325288772583 0.0016097432235255837 0.99197334051132202
   vertex -0.0841389000415802 0.00010974014730891213 0.99206805229187012
  endloop
 endfacet
 facet normal -0.087276023831849167 -0 -0.99618416754338279
  outer loop
   vertex -0.08450356125831604 0.00010974014730891213 0.99210000038146973
   vertex -0.0841389000415802 0.0016097432235255837 0.99206805229187012
   vertex -0.0841389000415802 0.00010974014730891213 0.99206805229187012
  endloop
 endfacet
 facet normal -0.087276023831849167 0 -0.99618416754338279
  outer loop
   vertex -0.08450356125831604 0.0016097432235255837 0.99210000038146973
   vertex -0.0841389000415802 0.0016097432235255837 0.99206805229187012
   vertex -0.08450356125831604 0.00010974014730891213 0.99210000038146973
  endloop
 endfacet
 facet normal 0.087276023831849167 0 -0.99618416754338279
  outer loop
   vertex -0.08486822247505188 0.00010974014730891213 0.99206805229187012
   vertex -0.08450356125831604 0.0016097432235255837 0.99210000038146973
   vertex -0.08450356125831604 0.00010974014730891213 0.99210000038146973
  endloop
 endfacet
 facet normal 0.087276023831849167 0 -0.99618416754338279
  outer loop
   vertex -0.08486822247505188 0.0016097432235255837 0.99206805229187012
   vertex -0.08450356125831604 0.0016097432235255837 0.99210000038146973
   vertex -0.08486822247505188 0.00010974014730891213 0.99206805229187012
  endloop
 endfacet
 facet normal 0.25874185051045678 0 -0.96594650721166986
  outer loop
   vertex -0.085221804678440094 0.00010974014730891213 0.99197334051132202
   vertex -0.08486822247505188 0.0016097432235255837 0.99206805229187012
   vertex -0.08486822247505188 0.00010974014730891213 0.99206805229187012
  endloop
 endfacet
 facet normal 0.25874185051045678 0 -0.96594650721166986
  outer loop
   vertex -0.085221804678440094 0.0016097432235255837 0.99197334051132202
   vertex -0.08486822247505188 0.0016097432235255837 0.99206805229187012
   vertex -0.085221804678440094 0.00010974014730891213 0.99197334051132202
  endloop
 endfacet
 facet normal 0.42268935434309174 0 -0.90627463261696783
  outer loop
   vertex -0.085553564131259918 0.00010974014730891213 0.99181860685348511
   vertex -0.085221804678440094 0.0016097432235255837 0.99197334051132202
   vertex -0.085221804678440094 0.00010974014730891213 0.99197334051132202
  endloop
 endfacet
 facet normal 0.42268935434309174 0 -0.90627463261696783
  outer loop
   vertex -0.085553564131259918 0.0016097432235255837 0.99181860685348511
   vertex -0.085221804678440094 0.0016097432235255837 0.99197334051132202
   vertex -0.085553564131259918 0.00010974014730891213 0.99181860685348511
  endloop
 endfacet
 facet normal 0.57351425454805061 0 -0.81919558093912703
  outer loop
   vertex -0.085853420197963715 0.00010974014730891213 0.99160867929458618
   vertex -0.085553564131259918 0.0016097432235255837 0.99181860685348511
   vertex -0.085553564131259918 0.00010974014730891213 0.99181860685348511
  endloop
 endfacet
 facet normal 0.57351425454805061 0 -0.81919558093912703
  outer loop
   vertex -0.085853420197963715 0.0016097432235255837 0.99160867929458618
   vertex -0.085553564131259918 0.0016097432235255837 0.99181860685348511
   vertex -0.085853420197963715 0.00010974014730891213 0.99160867929458618
  endloop
 endfacet
 facet normal 0.70713730971137734 0 -0.70707625134362662
  outer loop
   vertex -0.086112260818481445 0.00010974014730891213 0.99134981632232666
   vertex -0.085853420197963715 0.0016097432235255837 0.99160867929458618
   vertex -0.085853420197963715 0.00010974014730891213 0.99160867929458618
  endloop
 endfacet
 facet normal 0.70713730971137734 0 -0.70707625134362662
  outer loop
   vertex -0.086112260818481445 0.0016097432235255837 0.99134981632232666
   vertex -0.085853420197963715 0.0016097432235255837 0.99160867929458618
   vertex -0.086112260818481445 0.00010974014730891213 0.99134981632232666
  endloop
 endfacet
 facet normal 0.81911714661999369 0 -0.57362627216082063
  outer loop
   vertex -0.086322218179702759 0.00010974014730891213 0.99105000495910645
   vertex -0.086112260818481445 0.0016097432235255837 0.99134981632232666
   vertex -0.086112260818481445 0.00010974014730891213 0.99134981632232666
  endloop
 endfacet
 facet normal 0.81911714661999369 0 -0.57362627216082063
  outer loop
   vertex -0.086322218179702759 0.0016097432235255837 0.99105000495910645
   vertex -0.086112260818481445 0.0016097432235255837 0.99134981632232666
   vertex -0.086322218179702759 0.00010974014730891213 0.99105000495910645
  endloop
 endfacet
 facet normal 0.90630581780382169 0 -0.42262248474844039
  outer loop
   vertex -0.086476922035217285 0.00010974014730891213 0.99071824550628662
   vertex -0.086322218179702759 0.0016097432235255837 0.99105000495910645
   vertex -0.086322218179702759 0.00010974014730891213 0.99105000495910645
  endloop
 endfacet
 facet normal 0.90630581780382169 0 -0.42262248474844039
  outer loop
   vertex -0.086476922035217285 0.0016097432235255837 0.99071824550628662
   vertex -0.086322218179702759 0.0016097432235255837 0.99105000495910645
   vertex -0.086476922035217285 0.00010974014730891213 0.99071824550628662
  endloop
 endfacet
 facet normal 0.96593569816772684 0 -0.25878219993891821
  outer loop
   vertex -0.086571663618087769 0.00010974014730891213 0.99036461114883423
   vertex -0.086476922035217285 0.0016097432235255837 0.99071824550628662
   vertex -0.086476922035217285 0.00010974014730891213 0.99071824550628662
  endloop
 endfacet
 facet normal 0.96593569816772684 0 -0.25878219993891821
  outer loop
   vertex -0.086571663618087769 0.0016097432235255837 0.99036461114883423
   vertex -0.086476922035217285 0.0016097432235255837 0.99071824550628662
   vertex -0.086571663618087769 0.00010974014730891213 0.99036461114883423
  endloop
 endfacet
 facet normal 0.99619477787606681 0 -0.087154830803884392
  outer loop
   vertex -0.086603567004203796 0.00010974014730891213 0.98999994993209839
   vertex -0.086571663618087769 0.0016097432235255837 0.99036461114883423
   vertex -0.086571663618087769 0.00010974014730891213 0.99036461114883423
  endloop
 endfacet
 facet normal 0.99619477787606681 0 -0.087154830803884392
  outer loop
   vertex -0.086603567004203796 0.0016097432235255837 0.98999994993209839
   vertex -0.086571663618087769 0.0016097432235255837 0.99036461114883423
   vertex -0.086603567004203796 0.00010974014730891213 0.98999994993209839
  endloop
 endfacet
 facet normal 0 0 1
  outer loop
   vertex -0.13249999284744263 0.026609741151332855 1
   vertex -0.13099999725818634 0.037599999457597733 1
   vertex -0.13249999284744263 0.037599999457597733 1
  endloop
 endfacet
 facet normal 0 0 1
  outer loop
   vertex -0.13099999725818634 0.026609741151332855 1
   vertex -0.13099999725818634 0.037599999457597733 1
   vertex -0.13249999284744263 0.026609741151332855 1
  endloop
 endfacet
 facet normal 0 0 1
  outer loop
   vertex -0.13209740817546844 0.02200806513428688 1
   vertex -0.13099999725818634 0.026609741151332855 1
   vertex -0.13249999284744263 0.026609741151332855 1
  endloop
 endfacet
 facet normal 0 0 1
  outer loop
   vertex -0.13062019646167755 0.022268537431955338 1
   vertex -0.13099999725818634 0.026609741151332855 1
   vertex -0.13209740817546844 0.02200806513428688 1
  endloop
 endfacet
 facet normal 0 0 1
  outer loop
   vertex -0.13090185821056366 0.017546206712722778 1
   vertex -0.13062019646167755 0.022268537431955338 1
   vertex -0.13209740817546844 0.02200806513428688 1
  endloop
 endfacet
 facet normal 0 0 1
  outer loop
   vertex -0.12949231266975403 0.01805923692882061 1
   vertex -0.13062019646167755 0.022268537431955338 1
   vertex -0.13090185821056366 0.017546206712722778 1
  endloop
 endfacet
 facet normal 0 0 1
  outer loop
   vertex -0.12894967198371887 0.013359741307795048 1
   vertex -0.12949231266975403 0.01805923692882061 1
   vertex -0.13090185821056366 0.017546206712722778 1
  endloop
 endfacet
 facet normal 0 0 1
  outer loop
   vertex -0.12765063345432281 0.01410974282771349 1
   vertex -0.12949231266975403 0.01805923692882061 1
   vertex -0.12894967198371887 0.013359741307795048 1
  endloop
 endfacet
 facet normal 0 0 1
  outer loop
   vertex -0.12630017101764679 0.0095758708193898201 1
   vertex -0.12765063345432281 0.01410974282771349 1
   vertex -0.12894967198371887 0.013359741307795048 1
  endloop
 endfacet
 facet normal 0 0 1
  outer loop
   vertex -0.12515111267566681 0.010540050454437733 1
   vertex -0.12765063345432281 0.01410974282771349 1
   vertex -0.12630017101764679 0.0095758708193898201 1
  endloop
 endfacet
 facet normal 0 0 1
  outer loop
   vertex -0.12303387373685837 0.0063095656223595142 1
   vertex -0.12515111267566681 0.010540050454437733 1
   vertex -0.12630017101764679 0.0095758708193898201 1
  endloop
 endfacet
 facet normal 0 0 1
  outer loop
   vertex -0.12206969410181046 0.0074586314149200916 1
   vertex -0.12515111267566681 0.010540050454437733 1
   vertex -0.12303387373685837 0.0063095656223595142 1
  endloop
 endfacet
 facet normal 0 0 1
  outer loop
   vertex -0.11925000697374344 0.0036600683815777302 1
   vertex -0.12206969410181046 0.0074586314149200916 1
   vertex -0.12303387373685837 0.0063095656223595142 1
  endloop
 endfacet
 facet normal 0 0 1
  outer loop
   vertex -0.1185000017285347 0.0049591069109737873 1
   vertex -0.12206969410181046 0.0074586314149200916 1
   vertex -0.11925000697374344 0.0036600683815777302 1
  endloop
 endfacet
 facet normal 0 0 1
  outer loop
   vertex -0.11506354063749313 0.0017078859964385629 1
   vertex -0.1185000017285347 0.0049591069109737873 1
   vertex -0.11925000697374344 0.0036600683815777302 1
  endloop
 endfacet
 facet normal 0 0 1
  outer loop
   vertex -0.11455050855875015 0.0031174276955425739 1
   vertex -0.1185000017285347 0.0049591069109737873 1
   vertex -0.11506354063749313 0.0017078859964385629 1
  endloop
 endfacet
 facet normal 0 0 1
  outer loop
   vertex -0.11060168594121933 0.0005123359733261168 1
   vertex -0.11455050855875015 0.0031174276955425739 1
   vertex -0.11506354063749313 0.0017078859964385629 1
  endloop
 endfacet
 facet normal 0 0 1
  outer loop
   vertex -0.11034120619297028 0.0019895476289093494 1
   vertex -0.11455050855875015 0.0031174276955425739 1
   vertex -0.11060168594121933 0.0005123359733261168 1
  endloop
 endfacet
 facet normal 0 0 1
  outer loop
   vertex -0.10600000619888306 0.00010974014730891213 1
   vertex -0.11034120619297028 0.0019895476289093494 1
   vertex -0.11060168594121933 0.0005123359733261168 1
  endloop
 endfacet
 facet normal 0 0 1
  outer loop
   vertex -0.10600000619888306 0.0016097432235255837 1
   vertex -0.11034120619297028 0.0019895476289093494 1
   vertex -0.10600000619888306 0.00010974014730891213 1
  endloop
 endfacet
 facet normal 0 0 1
  outer loop
   vertex -0.096301786601543427 0.00010974014730891213 1
   vertex -0.10600000619888306 0.0016097432235255837 1
   vertex -0.10600000619888306 0.00010974014730891213 1
  endloop
 endfacet
 facet normal -0 0 1
  outer loop
   vertex -0.096301786601543427 0.0016097432235255837 1
   vertex -0.10600000619888306 0.0016097432235255837 1
   vertex -0.096301786601543427 0.00010974014730891213 1
  endloop
 endfacet
 facet normal 0 0 1
  outer loop
   vertex -0.082003563642501831 0.00010974014730891213 1
   vertex -0.096301786601543427 0.0016097432235255837 1
   vertex -0.096301786601543427 0.00010974014730891213 1
  endloop
 endfacet
 facet normal -0 0 1
  outer loop
   vertex -0.082003563642501831 0.0016097432235255837 1
   vertex -0.096301786601543427 0.0016097432235255837 1
   vertex -0.082003563642501831 0.00010974014730891213 1
  endloop
 endfacet
 facet normal 0 0 1
  outer loop
   vertex -0.017003566026687622 0.00010974014730891213 1
   vertex -0.082003563642501831 0.0016097432235255837 1
   vertex -0.082003563642501831 0.00010974014730891213 1
  endloop
 endfacet
 facet normal -0 0 1
  outer loop
   vertex -0.017003566026687622 0.0016097432235255837 1
   vertex -0.082003563642501831 0.0016097432235255837 1
   vertex -0.017003566026687622 0.00010974014730891213 1
  endloop
 endfacet
 facet normal 0 0 1
  outer loop
   vertex 0.017498143017292023 0.00010974014730891213 1
   vertex -0.017003566026687622 0.0016097432235255837 1
   vertex -0.017003566026687622 0.00010974014730891213 1
  endloop
 endfacet
 facet normal -0 0 1
  outer loop
   vertex 0.017498143017292023 0.0016097432235255837 1
   vertex -0.017003566026687622 0.0016097432235255837 1
   vertex 0.017498143017292023 0.00010974014730891213 1
  endloop
 endfacet
 facet normal 0 0 1
  outer loop
   vertex 0.08199986070394516 0.00010974014730891213 1
   vertex 0.017498143017292023 0.0016097432235255837 1
   vertex 0.017498143017292023 0.00010974014730891213 1
  endloop
 endfacet
 facet normal -0 0 1
  outer loop
   vertex 0.08199986070394516 0.0016097432235255837 1
   vertex 0.017498143017292023 0.0016097432235255837 1
   vertex 0.08199986070394516 0.00010974014730891213 1
  endloop
 endfacet
 facet normal 0 0 1
  outer loop
   vertex 0.10599630326032639 0.00010974014730891213 1
   vertex 0.08199986070394516 0.0016097432235255837 1
   vertex 0.08199986070394516 0.00010974014730891213 1
  endloop
 endfacet
 facet normal -0 0 1
  outer loop
   vertex 0.10599630326032639 0.0016097432235255837 1
   vertex 0.08199986070394516 0.0016097432235255837 1
   vertex 0.10599630326032639 0.00010974014730891213 1
  endloop
 endfacet
 facet normal 0 0 1
  outer loop
   vertex 0.11059796065092087 0.0005123359733261168 1
   vertex 0.10599630326032639 0.0016097432235255837 1
   vertex 0.10599630326032639 0.00010974014730891213 1
  endloop
 endfacet
 facet normal -0 0 1
  outer loop
   vertex 0.11033748835325241 0.0019895476289093494 1
   vertex 0.10599630326032639 0.0016097432235255837 1
   vertex 0.11059796065092087 0.0005123359733261168 1
  endloop
 endfacet
 facet normal 0 0 1
  outer loop
   vertex 0.11505983024835587 0.0017078859964385629 1
   vertex 0.11033748835325241 0.0019895476289093494 1
   vertex 0.11059796065092087 0.0005123359733261168 1
  endloop
 endfacet
 facet normal -0 0 1
  outer loop
   vertex 0.11454679816961288 0.0031174276955425739 1
   vertex 0.11033748835325241 0.0019895476289093494 1
   vertex 0.11505983024835587 0.0017078859964385629 1
  endloop
 endfacet
 facet normal -0 0 1
  outer loop
   vertex 0.11924629658460617 0.0036600683815777302 1
   vertex 0.11454679816961288 0.0031174276955425739 1
   vertex 0.11505983024835587 0.0017078859964385629 1
  endloop
 endfacet
 facet normal 0 0 1
  outer loop
   vertex 0.11849629133939743 0.0049591069109737873 1
   vertex 0.11454679816961288 0.0031174276955425739 1
   vertex 0.11924629658460617 0.0036600683815777302 1
  endloop
 endfacet
 facet normal -0 0 1
  outer loop
   vertex 0.12303017824888229 0.0063095656223595142 1
   vertex 0.11849629133939743 0.0049591069109737873 1
   vertex 0.11924629658460617 0.0036600683815777302 1
  endloop
 endfacet
 facet normal 0 0 1
  outer loop
   vertex 0.12206598371267319 0.0074586314149200916 1
   vertex 0.11849629133939743 0.0049591069109737873 1
   vertex 0.12303017824888229 0.0063095656223595142 1
  endloop
 endfacet
 facet normal -0 0 1
  outer loop
   vertex 0.12629646062850952 0.0095758708193898201 1
   vertex 0.12206598371267319 0.0074586314149200916 1
   vertex 0.12303017824888229 0.0063095656223595142 1
  endloop
 endfacet
 facet normal 0 0 1
  outer loop
   vertex 0.12514740228652954 0.010540050454437733 1
   vertex 0.12206598371267319 0.0074586314149200916 1
   vertex 0.12629646062850952 0.0095758708193898201 1
  endloop
 endfacet
 facet normal -0 0 1
  outer loop
   vertex 0.1289459764957428 0.013359741307795048 1
   vertex 0.12514740228652954 0.010540050454437733 1
   vertex 0.12629646062850952 0.0095758708193898201 1
  endloop
 endfacet
 facet normal 0 0 1
  outer loop
   vertex 0.12764692306518555 0.01410974282771349 1
   vertex 0.12514740228652954 0.010540050454437733 1
   vertex 0.1289459764957428 0.013359741307795048 1
  endloop
 endfacet
 facet normal -0 0 1
  outer loop
   vertex 0.13089817762374878 0.017546206712722778 1
   vertex 0.12764692306518555 0.01410974282771349 1
   vertex 0.1289459764957428 0.013359741307795048 1
  endloop
 endfacet
 facet normal 0 0 1
  outer loop
   vertex 0.12948861718177795 0.01805923692882061 1
   vertex 0.12764692306518555 0.01410974282771349 1
   vertex 0.13089817762374878 0.017546206712722778 1
  endloop
 endfacet
 facet normal -0 0 1
  outer loop
   vertex 0.13209372758865356 0.02200806513428688 1
   vertex 0.12948861718177795 0.01805923692882061 1
   vertex 0.13089817762374878 0.017546206712722778 1
  endloop
 endfacet
 facet normal 0 0 1
  outer loop
   vertex 0.13061648607254028 0.022268537431955338 1
   vertex 0.12948861718177795 0.01805923692882061 1
   vertex 0.13209372758865356 0.02200806513428688 1
  endloop
 endfacet
 facet normal -0 0 1
  outer loop
   vertex 0.13249629735946655 0.026609741151332855 1
   vertex 0.13061648607254028 0.022268537431955338 1
   vertex 0.13209372758865356 0.02200806513428688 1
  endloop
 endfacet
 facet normal 0 0 1
  outer loop
   vertex 0.13099628686904907 0.026609741151332855 1
   vertex 0.13061648607254028 0.022268537431955338 1
   vertex 0.13249629735946655 0.026609741151332855 1
  endloop
 endfacet
 facet normal 0 0 1
  outer loop
   vertex 0.13249629735946655 0.037599999457597733 1
   vertex 0.13099628686904907 0.026609741151332855 1
   vertex 0.13249629735946655 0.026609741151332855 1
  endloop
 endfacet
 facet normal 0 0 1
  outer loop
   vertex 0.13099628686904907 0.037599999457597733 1
   vertex 0.13099628686904907 0.026609741151332855 1
   vertex 0.13249629735946655 0.037599999457597733 1
  endloop
 endfacet
endsolid
