solid ASCII
  facet normal 1.305235e-01 6.412207e-03 9.914245e-01
    outer loop
      vertex   3.000000e-01 1.649537e-01 1.200000e-02
      vertex   3.015529e-01 1.649537e-01 1.179556e-02
      vertex   2.995184e-01 1.747577e-01 1.200000e-02
    endloop
  endfacet
  facet normal 1.305235e-01 6.412207e-03 9.914245e-01
    outer loop
      vertex   2.995184e-01 1.747577e-01 1.200000e-02
      vertex   3.015529e-01 1.649537e-01 1.179556e-02
      vertex   3.010638e-01 1.749099e-01 1.179556e-02
    endloop
  endfacet
  facet normal 1.292665e-01 1.917487e-02 9.914245e-01
    outer loop
      vertex   2.995184e-01 1.747577e-01 1.200000e-02
      vertex   3.010638e-01 1.749099e-01 1.179556e-02
      vertex   2.980781e-01 1.844673e-01 1.200000e-02
    endloop
  endfacet
  facet normal 1.292665e-01 1.917487e-02 9.914245e-01
    outer loop
      vertex   2.980781e-01 1.844673e-01 1.200000e-02
      vertex   3.010638e-01 1.749099e-01 1.179556e-02
      vertex   2.996012e-01 1.847703e-01 1.179556e-02
    endloop
  endfacet
  facet normal 1.267645e-01 3.175287e-02 9.914245e-01
    outer loop
      vertex   2.980781e-01 1.844673e-01 1.200000e-02
      vertex   2.996012e-01 1.847703e-01 1.179556e-02
      vertex   2.956930e-01 1.939889e-01 1.200000e-02
    endloop
  endfacet
  facet normal 1.267645e-01 3.175287e-02 9.914245e-01
    outer loop
      vertex   2.956930e-01 1.939889e-01 1.200000e-02
      vertex   2.996012e-01 1.847703e-01 1.179556e-02
      vertex   2.971791e-01 1.944397e-01 1.179556e-02
    endloop
  endfacet
  facet normal 1.230418e-01 4.402507e-02 9.914245e-01
    outer loop
      vertex   2.956930e-01 1.939889e-01 1.200000e-02
      vertex   2.971791e-01 1.944397e-01 1.179556e-02
      vertex   2.923862e-01 2.032310e-01 1.200000e-02
    endloop
  endfacet
  facet normal 1.230418e-01 4.402507e-02 9.914245e-01
    outer loop
      vertex   2.923862e-01 2.032310e-01 1.200000e-02
      vertex   2.971791e-01 1.944397e-01 1.179556e-02
      vertex   2.938209e-01 2.038252e-01 1.179556e-02
    endloop
  endfacet
  facet normal 1.181341e-01 5.587328e-02 9.914245e-01
    outer loop
      vertex   2.923862e-01 2.032310e-01 1.200000e-02
      vertex   2.938209e-01 2.038252e-01 1.179556e-02
      vertex   2.881894e-01 2.121043e-01 1.200000e-02
    endloop
  endfacet
  facet normal 1.181341e-01 5.587328e-02 9.914245e-01
    outer loop
      vertex   2.881894e-01 2.121043e-01 1.200000e-02
      vertex   2.938209e-01 2.038252e-01 1.179556e-02
      vertex   2.895589e-01 2.128364e-01 1.179556e-02
    endloop
  endfacet
  facet normal 1.120887e-01 6.718340e-02 9.914245e-01
    outer loop
      vertex   2.881894e-01 2.121043e-01 1.200000e-02
      vertex   2.895589e-01 2.128364e-01 1.179556e-02
      vertex   2.831431e-01 2.205236e-01 1.200000e-02
    endloop
  endfacet
  facet normal 1.120887e-01 6.718340e-02 9.914245e-01
    outer loop
      vertex   2.831431e-01 2.205236e-01 1.200000e-02
      vertex   2.895589e-01 2.128364e-01 1.179556e-02
      vertex   2.844343e-01 2.213864e-01 1.179556e-02
    endloop
  endfacet
  facet normal 1.049639e-01 7.784651e-02 9.914245e-01
    outer loop
      vertex   2.831431e-01 2.205236e-01 1.200000e-02
      vertex   2.844343e-01 2.213864e-01 1.179556e-02
      vertex   2.772958e-01 2.284078e-01 1.200000e-02
    endloop
  endfacet
  facet normal 1.049639e-01 7.784651e-02 9.914245e-01
    outer loop
      vertex   2.772958e-01 2.284078e-01 1.200000e-02
      vertex   2.844343e-01 2.213864e-01 1.179556e-02
      vertex   2.784962e-01 2.293929e-01 1.179556e-02
    endloop
  endfacet
  facet normal 9.682815e-02 8.775992e-02 9.914245e-01
    outer loop
      vertex   2.772958e-01 2.284078e-01 1.200000e-02
      vertex   2.784962e-01 2.293929e-01 1.179556e-02
      vertex   2.707039e-01 2.356808e-01 1.200000e-02
    endloop
  endfacet
  facet normal 9.682815e-02 8.775992e-02 9.914245e-01
    outer loop
      vertex   2.707039e-01 2.356808e-01 1.200000e-02
      vertex   2.784962e-01 2.293929e-01 1.179556e-02
      vertex   2.718020e-01 2.367789e-01 1.179556e-02
    endloop
  endfacet
  facet normal 8.775992e-02 9.682815e-02 9.914245e-01
    outer loop
      vertex   2.707039e-01 2.356808e-01 1.200000e-02
      vertex   2.718020e-01 2.367789e-01 1.179556e-02
      vertex   2.634309e-01 2.422727e-01 1.200000e-02
    endloop
  endfacet
  facet normal 8.775992e-02 9.682815e-02 9.914245e-01
    outer loop
      vertex   2.634309e-01 2.422727e-01 1.200000e-02
      vertex   2.718020e-01 2.367789e-01 1.179556e-02
      vertex   2.644160e-01 2.434731e-01 1.179556e-02
    endloop
  endfacet
  facet normal 7.784651e-02 1.049639e-01 9.914245e-01
    outer loop
      vertex   2.634309e-01 2.422727e-01 1.200000e-02
      vertex   2.644160e-01 2.434731e-01 1.179556e-02
      vertex   2.555467e-01 2.481200e-01 1.200000e-02
    endloop
  endfacet
  facet normal 7.784651e-02 1.049639e-01 9.914245e-01
    outer loop
      vertex   2.555467e-01 2.481200e-01 1.200000e-02
      vertex   2.644160e-01 2.434731e-01 1.179556e-02
      vertex   2.564095e-01 2.494112e-01 1.179556e-02
    endloop
  endfacet
  facet normal 6.718340e-02 1.120887e-01 9.914245e-01
    outer loop
      vertex   2.555467e-01 2.481200e-01 1.200000e-02
      vertex   2.564095e-01 2.494112e-01 1.179556e-02
      vertex   2.471274e-01 2.531663e-01 1.200000e-02
    endloop
  endfacet
  facet normal 6.718340e-02 1.120887e-01 9.914245e-01
    outer loop
      vertex   2.471274e-01 2.531663e-01 1.200000e-02
      vertex   2.564095e-01 2.494112e-01 1.179556e-02
      vertex   2.478595e-01 2.545359e-01 1.179556e-02
    endloop
  endfacet
  facet normal 5.587328e-02 1.181341e-01 9.914245e-01
    outer loop
      vertex   2.471274e-01 2.531663e-01 1.200000e-02
      vertex   2.478595e-01 2.545359e-01 1.179556e-02
      vertex   2.382540e-01 2.573631e-01 1.200000e-02
    endloop
  endfacet
  facet normal 5.587328e-02 1.181341e-01 9.914245e-01
    outer loop
      vertex   2.382540e-01 2.573631e-01 1.200000e-02
      vertex   2.478595e-01 2.545359e-01 1.179556e-02
      vertex   2.388483e-01 2.587978e-01 1.179556e-02
    endloop
  endfacet
  facet normal 4.402507e-02 1.230418e-01 9.914245e-01
    outer loop
      vertex   2.382540e-01 2.573631e-01 1.200000e-02
      vertex   2.388483e-01 2.587978e-01 1.179556e-02
      vertex   2.290120e-01 2.606700e-01 1.200000e-02
    endloop
  endfacet
  facet normal 4.402507e-02 1.230418e-01 9.914245e-01
    outer loop
      vertex   2.290120e-01 2.606700e-01 1.200000e-02
      vertex   2.388483e-01 2.587978e-01 1.179556e-02
      vertex   2.294628e-01 2.621560e-01 1.179556e-02
    endloop
  endfacet
  facet normal 3.175287e-02 1.267645e-01 9.914245e-01
    outer loop
      vertex   2.290120e-01 2.606700e-01 1.200000e-02
      vertex   2.294628e-01 2.621560e-01 1.179556e-02
      vertex   2.194904e-01 2.630550e-01 1.200000e-02
    endloop
  endfacet
  facet normal 3.175287e-02 1.267645e-01 9.914245e-01
    outer loop
      vertex   2.194904e-01 2.630550e-01 1.200000e-02
      vertex   2.294628e-01 2.621560e-01 1.179556e-02
      vertex   2.197933e-01 2.645781e-01 1.179556e-02
    endloop
  endfacet
  facet normal 1.917487e-02 1.292665e-01 9.914245e-01
    outer loop
      vertex   2.194904e-01 2.630550e-01 1.200000e-02
      vertex   2.197933e-01 2.645781e-01 1.179556e-02
      vertex   2.097808e-01 2.644953e-01 1.200000e-02
    endloop
  endfacet
  facet normal 1.917487e-02 1.292665e-01 9.914245e-01
    outer loop
      vertex   2.097808e-01 2.644953e-01 1.200000e-02
      vertex   2.197933e-01 2.645781e-01 1.179556e-02
      vertex   2.099330e-01 2.660407e-01 1.179556e-02
    endloop
  endfacet
  facet normal 6.412207e-03 1.305235e-01 9.914245e-01
    outer loop
      vertex   2.097808e-01 2.644953e-01 1.200000e-02
      vertex   2.099330e-01 2.660407e-01 1.179556e-02
      vertex   1.999768e-01 2.649769e-01 1.200000e-02
    endloop
  endfacet
  facet normal 6.412207e-03 1.305235e-01 9.914245e-01
    outer loop
      vertex   1.999768e-01 2.649769e-01 1.200000e-02
      vertex   2.099330e-01 2.660407e-01 1.179556e-02
      vertex   1.999768e-01 2.665298e-01 1.179556e-02
    endloop
  endfacet
  facet normal 1.879671e-02 3.826157e-01 9.237163e-01
    outer loop
      vertex   1.999768e-01 2.665298e-01 1.179556e-02
      vertex   2.099330e-01 2.660407e-01 1.179556e-02
      vertex   2.100749e-01 2.674808e-01 1.119615e-02
    endloop
  endfacet
  facet normal 1.879671e-02 3.826157e-01 9.237163e-01
    outer loop
      vertex   1.999768e-01 2.665298e-01 1.179556e-02
      vertex   2.100749e-01 2.674808e-01 1.119615e-02
      vertex   1.999768e-01 2.679769e-01 1.119615e-02
    endloop
  endfacet
  facet normal 2.989316e-02 6.084893e-01 7.929989e-01
    outer loop
      vertex   1.999768e-01 2.679769e-01 1.119615e-02
      vertex   2.100749e-01 2.674808e-01 1.119615e-02
      vertex   2.101967e-01 2.687175e-01 1.024264e-02
    endloop
  endfacet
  facet normal 2.989316e-02 6.084893e-01 7.929989e-01
    outer loop
      vertex   1.999768e-01 2.679769e-01 1.119615e-02
      vertex   2.101967e-01 2.687175e-01 1.024264e-02
      vertex   1.999768e-01 2.692196e-01 1.024264e-02
    endloop
  endfacet
  facet normal 3.894538e-02 7.927513e-01 6.082998e-01
    outer loop
      vertex   1.999768e-01 2.692196e-01 1.024264e-02
      vertex   2.101967e-01 2.687175e-01 1.024264e-02
      vertex   2.102901e-01 2.696664e-01 9.000001e-03
    endloop
  endfacet
  facet normal 3.894538e-02 7.927513e-01 6.082998e-01
    outer loop
      vertex   1.999768e-01 2.692196e-01 1.024264e-02
      vertex   2.102901e-01 2.696664e-01 9.000001e-03
      vertex   1.999768e-01 2.701731e-01 9.000001e-03
    endloop
  endfacet
  facet normal 4.534061e-02 9.229293e-01 3.822901e-01
    outer loop
      vertex   1.999768e-01 2.701731e-01 9.000001e-03
      vertex   2.102901e-01 2.696664e-01 9.000001e-03
      vertex   2.103489e-01 2.702629e-01 7.552916e-03
    endloop
  endfacet
  facet normal 4.534061e-02 9.229293e-01 3.822901e-01
    outer loop
      vertex   1.999768e-01 2.701731e-01 9.000001e-03
      vertex   2.103489e-01 2.702629e-01 7.552916e-03
      vertex   1.999768e-01 2.707725e-01 7.552916e-03
    endloop
  endfacet
  facet normal 4.864889e-02 9.902709e-01 1.303720e-01
    outer loop
      vertex   1.999768e-01 2.707725e-01 7.552916e-03
      vertex   2.103489e-01 2.702629e-01 7.552916e-03
      vertex   2.103689e-01 2.704664e-01 6.000002e-03
    endloop
  endfacet
  facet normal 4.864889e-02 9.902709e-01 1.303720e-01
    outer loop
      vertex   1.999768e-01 2.707725e-01 7.552916e-03
      vertex   2.103689e-01 2.704664e-01 6.000002e-03
      vertex   1.999768e-01 2.709769e-01 6.000002e-03
    endloop
  endfacet
  facet normal 4.864889e-02 9.902710e-01 -1.303712e-01
    outer loop
      vertex   1.999768e-01 2.709769e-01 6.000002e-03
      vertex   2.103689e-01 2.704664e-01 6.000002e-03
      vertex   2.103489e-01 2.702629e-01 4.447088e-03
    endloop
  endfacet
  facet normal 4.864889e-02 9.902710e-01 -1.303712e-01
    outer loop
      vertex   1.999768e-01 2.709769e-01 6.000002e-03
      vertex   2.103489e-01 2.702629e-01 4.447088e-03
      vertex   1.999768e-01 2.707725e-01 4.447088e-03
    endloop
  endfacet
  facet normal 4.534062e-02 9.229296e-01 -3.822894e-01
    outer loop
      vertex   1.999768e-01 2.707725e-01 4.447088e-03
      vertex   2.103489e-01 2.702629e-01 4.447088e-03
      vertex   2.102901e-01 2.696664e-01 3.000003e-03
    endloop
  endfacet
  facet normal 4.534062e-02 9.229296e-01 -3.822894e-01
    outer loop
      vertex   1.999768e-01 2.707725e-01 4.447088e-03
      vertex   2.102901e-01 2.696664e-01 3.000003e-03
      vertex   1.999768e-01 2.701731e-01 3.000003e-03
    endloop
  endfacet
  facet normal 3.894540e-02 7.927518e-01 -6.082992e-01
    outer loop
      vertex   1.999768e-01 2.701731e-01 3.000003e-03
      vertex   2.102901e-01 2.696664e-01 3.000003e-03
      vertex   2.101967e-01 2.687175e-01 1.757362e-03
    endloop
  endfacet
  facet normal 3.894540e-02 7.927518e-01 -6.082992e-01
    outer loop
      vertex   1.999768e-01 2.701731e-01 3.000003e-03
      vertex   2.101967e-01 2.687175e-01 1.757362e-03
      vertex   1.999768e-01 2.692196e-01 1.757362e-03
    endloop
  endfacet
  facet normal 2.989319e-02 6.084898e-01 -7.929984e-01
    outer loop
      vertex   1.999768e-01 2.692196e-01 1.757362e-03
      vertex   2.101967e-01 2.687175e-01 1.757362e-03
      vertex   2.100749e-01 2.674808e-01 8.038494e-04
    endloop
  endfacet
  facet normal 2.989319e-02 6.084898e-01 -7.929984e-01
    outer loop
      vertex   1.999768e-01 2.692196e-01 1.757362e-03
      vertex   2.100749e-01 2.674808e-01 8.038494e-04
      vertex   1.999768e-01 2.679769e-01 8.038494e-04
    endloop
  endfacet
  facet normal 1.879674e-02 3.826164e-01 -9.237161e-01
    outer loop
      vertex   1.999768e-01 2.679769e-01 8.038494e-04
      vertex   2.100749e-01 2.674808e-01 8.038494e-04
      vertex   2.099330e-01 2.660407e-01 2.044461e-04
    endloop
  endfacet
  facet normal 1.879674e-02 3.826164e-01 -9.237161e-01
    outer loop
      vertex   1.999768e-01 2.679769e-01 8.038494e-04
      vertex   2.099330e-01 2.660407e-01 2.044461e-04
      vertex   1.999768e-01 2.665298e-01 2.044461e-04
    endloop
  endfacet
  facet normal 6.412244e-03 1.305242e-01 -9.914244e-01
    outer loop
      vertex   1.999768e-01 2.665298e-01 2.044461e-04
      vertex   2.099330e-01 2.660407e-01 2.044461e-04
      vertex   2.097808e-01 2.644953e-01 1.332268e-17
    endloop
  endfacet
  facet normal 6.412244e-03 1.305242e-01 -9.914244e-01
    outer loop
      vertex   1.999768e-01 2.665298e-01 2.044461e-04
      vertex   2.097808e-01 2.644953e-01 1.332268e-17
      vertex   1.999768e-01 2.649769e-01 1.332268e-17
    endloop
  endfacet
  facet normal 3.826157e-01 1.879671e-02 9.237163e-01
    outer loop
      vertex   3.015529e-01 1.649537e-01 1.179556e-02
      vertex   3.030000e-01 1.649537e-01 1.119615e-02
      vertex   3.010638e-01 1.749099e-01 1.179556e-02
    endloop
  endfacet
  facet normal 3.826157e-01 1.879671e-02 9.237163e-01
    outer loop
      vertex   3.010638e-01 1.749099e-01 1.179556e-02
      vertex   3.030000e-01 1.649537e-01 1.119615e-02
      vertex   3.025039e-01 1.750518e-01 1.119615e-02
    endloop
  endfacet
  facet normal 3.789309e-01 5.620909e-02 9.237163e-01
    outer loop
      vertex   3.010638e-01 1.749099e-01 1.179556e-02
      vertex   3.025039e-01 1.750518e-01 1.119615e-02
      vertex   2.996012e-01 1.847703e-01 1.179556e-02
    endloop
  endfacet
  facet normal 3.789309e-01 5.620909e-02 9.237163e-01
    outer loop
      vertex   2.996012e-01 1.847703e-01 1.179556e-02
      vertex   3.025039e-01 1.750518e-01 1.119615e-02
      vertex   3.010204e-01 1.850526e-01 1.119615e-02
    endloop
  endfacet
  facet normal 3.715968e-01 9.308016e-02 9.237163e-01
    outer loop
      vertex   2.996012e-01 1.847703e-01 1.179556e-02
      vertex   3.010204e-01 1.850526e-01 1.119615e-02
      vertex   2.971791e-01 1.944397e-01 1.179556e-02
    endloop
  endfacet
  facet normal 3.715968e-01 9.308016e-02 9.237163e-01
    outer loop
      vertex   2.971791e-01 1.944397e-01 1.179556e-02
      vertex   3.010204e-01 1.850526e-01 1.119615e-02
      vertex   2.985639e-01 1.948598e-01 1.119615e-02
    endloop
  endfacet
  facet normal 3.606840e-01 1.290548e-01 9.237163e-01
    outer loop
      vertex   2.971791e-01 1.944397e-01 1.179556e-02
      vertex   2.985639e-01 1.948598e-01 1.119615e-02
      vertex   2.938209e-01 2.038252e-01 1.179556e-02
    endloop
  endfacet
  facet normal 3.606840e-01 1.290548e-01 9.237163e-01
    outer loop
      vertex   2.938209e-01 2.038252e-01 1.179556e-02
      vertex   2.985639e-01 1.948598e-01 1.119615e-02
      vertex   2.951578e-01 2.043790e-01 1.119615e-02
    endloop
  endfacet
  facet normal 3.462977e-01 1.637866e-01 9.237163e-01
    outer loop
      vertex   2.938209e-01 2.038252e-01 1.179556e-02
      vertex   2.951578e-01 2.043790e-01 1.119615e-02
      vertex   2.895589e-01 2.128364e-01 1.179556e-02
    endloop
  endfacet
  facet normal 3.462977e-01 1.637866e-01 9.237163e-01
    outer loop
      vertex   2.895589e-01 2.128364e-01 1.179556e-02
      vertex   2.951578e-01 2.043790e-01 1.119615e-02
      vertex   2.908352e-01 2.135185e-01 1.119615e-02
    endloop
  endfacet
  facet normal 3.285762e-01 1.969410e-01 9.237163e-01
    outer loop
      vertex   2.895589e-01 2.128364e-01 1.179556e-02
      vertex   2.908352e-01 2.135185e-01 1.119615e-02
      vertex   2.844343e-01 2.213864e-01 1.179556e-02
    endloop
  endfacet
  facet normal 3.285762e-01 1.969410e-01 9.237163e-01
    outer loop
      vertex   2.844343e-01 2.213864e-01 1.179556e-02
      vertex   2.908352e-01 2.135185e-01 1.119615e-02
      vertex   2.856375e-01 2.221904e-01 1.119615e-02
    endloop
  endfacet
  facet normal 3.076905e-01 2.281988e-01 9.237163e-01
    outer loop
      vertex   2.844343e-01 2.213864e-01 1.179556e-02
      vertex   2.856375e-01 2.221904e-01 1.119615e-02
      vertex   2.784962e-01 2.293929e-01 1.179556e-02
    endloop
  endfacet
  facet normal 3.076905e-01 2.281988e-01 9.237163e-01
    outer loop
      vertex   2.784962e-01 2.293929e-01 1.179556e-02
      vertex   2.856375e-01 2.221904e-01 1.119615e-02
      vertex   2.796148e-01 2.303110e-01 1.119615e-02
    endloop
  endfacet
  facet normal 2.838415e-01 2.572589e-01 9.237163e-01
    outer loop
      vertex   2.784962e-01 2.293929e-01 1.179556e-02
      vertex   2.796148e-01 2.303110e-01 1.119615e-02
      vertex   2.718020e-01 2.367789e-01 1.179556e-02
    endloop
  endfacet
  facet normal 2.838415e-01 2.572589e-01 9.237163e-01
    outer loop
      vertex   2.718020e-01 2.367789e-01 1.179556e-02
      vertex   2.796148e-01 2.303110e-01 1.119615e-02
      vertex   2.728252e-01 2.378021e-01 1.119615e-02
    endloop
  endfacet
  facet normal 2.572589e-01 2.838415e-01 9.237163e-01
    outer loop
      vertex   2.718020e-01 2.367789e-01 1.179556e-02
      vertex   2.728252e-01 2.378021e-01 1.119615e-02
      vertex   2.644160e-01 2.434731e-01 1.179556e-02
    endloop
  endfacet
  facet normal 2.572589e-01 2.838415e-01 9.237163e-01
    outer loop
      vertex   2.644160e-01 2.434731e-01 1.179556e-02
      vertex   2.728252e-01 2.378021e-01 1.119615e-02
      vertex   2.653340e-01 2.445917e-01 1.119615e-02
    endloop
  endfacet
  facet normal 2.281988e-01 3.076905e-01 9.237163e-01
    outer loop
      vertex   2.644160e-01 2.434731e-01 1.179556e-02
      vertex   2.653340e-01 2.445917e-01 1.119615e-02
      vertex   2.564095e-01 2.494112e-01 1.179556e-02
    endloop
  endfacet
  facet normal 2.281988e-01 3.076905e-01 9.237163e-01
    outer loop
      vertex   2.564095e-01 2.494112e-01 1.179556e-02
      vertex   2.653340e-01 2.445917e-01 1.119615e-02
      vertex   2.572134e-01 2.506144e-01 1.119615e-02
    endloop
  endfacet
  facet normal 1.969410e-01 3.285762e-01 9.237163e-01
    outer loop
      vertex   2.564095e-01 2.494112e-01 1.179556e-02
      vertex   2.572134e-01 2.506144e-01 1.119615e-02
      vertex   2.478595e-01 2.545359e-01 1.179556e-02
    endloop
  endfacet
  facet normal 1.969410e-01 3.285762e-01 9.237163e-01
    outer loop
      vertex   2.478595e-01 2.545359e-01 1.179556e-02
      vertex   2.572134e-01 2.506144e-01 1.119615e-02
      vertex   2.485416e-01 2.558121e-01 1.119615e-02
    endloop
  endfacet
  facet normal 1.637866e-01 3.462977e-01 9.237163e-01
    outer loop
      vertex   2.478595e-01 2.545359e-01 1.179556e-02
      vertex   2.485416e-01 2.558121e-01 1.119615e-02
      vertex   2.388483e-01 2.587978e-01 1.179556e-02
    endloop
  endfacet
  facet normal 1.637866e-01 3.462977e-01 9.237163e-01
    outer loop
      vertex   2.388483e-01 2.587978e-01 1.179556e-02
      vertex   2.485416e-01 2.558121e-01 1.119615e-02
      vertex   2.394021e-01 2.601347e-01 1.119615e-02
    endloop
  endfacet
  facet normal 1.290548e-01 3.606840e-01 9.237163e-01
    outer loop
      vertex   2.388483e-01 2.587978e-01 1.179556e-02
      vertex   2.394021e-01 2.601347e-01 1.119615e-02
      vertex   2.294628e-01 2.621560e-01 1.179556e-02
    endloop
  endfacet
  facet normal 1.290548e-01 3.606840e-01 9.237163e-01
    outer loop
      vertex   2.294628e-01 2.621560e-01 1.179556e-02
      vertex   2.394021e-01 2.601347e-01 1.119615e-02
      vertex   2.298829e-01 2.635408e-01 1.119615e-02
    endloop
  endfacet
  facet normal 9.308016e-02 3.715968e-01 9.237163e-01
    outer loop
      vertex   2.294628e-01 2.621560e-01 1.179556e-02
      vertex   2.298829e-01 2.635408e-01 1.119615e-02
      vertex   2.197933e-01 2.645781e-01 1.179556e-02
    endloop
  endfacet
  facet normal 9.308016e-02 3.715968e-01 9.237163e-01
    outer loop
      vertex   2.197933e-01 2.645781e-01 1.179556e-02
      vertex   2.298829e-01 2.635408e-01 1.119615e-02
      vertex   2.200757e-01 2.659974e-01 1.119615e-02
    endloop
  endfacet
  facet normal 5.620909e-02 3.789309e-01 9.237163e-01
    outer loop
      vertex   2.197933e-01 2.645781e-01 1.179556e-02
      vertex   2.200757e-01 2.659974e-01 1.119615e-02
      vertex   2.099330e-01 2.660407e-01 1.179556e-02
    endloop
  endfacet
  facet normal 5.620909e-02 3.789309e-01 9.237163e-01
    outer loop
      vertex   2.099330e-01 2.660407e-01 1.179556e-02
      vertex   2.200757e-01 2.659974e-01 1.119615e-02
      vertex   2.100749e-01 2.674808e-01 1.119615e-02
    endloop
  endfacet
  facet normal 6.084893e-01 2.989316e-02 7.929989e-01
    outer loop
      vertex   3.030000e-01 1.649537e-01 1.119615e-02
      vertex   3.042426e-01 1.649537e-01 1.024264e-02
      vertex   3.025039e-01 1.750518e-01 1.119615e-02
    endloop
  endfacet
  facet normal 6.084893e-01 2.989316e-02 7.929989e-01
    outer loop
      vertex   3.025039e-01 1.750518e-01 1.119615e-02
      vertex   3.042426e-01 1.649537e-01 1.024264e-02
      vertex   3.037406e-01 1.751736e-01 1.024264e-02
    endloop
  endfacet
  facet normal 6.026292e-01 8.939159e-02 7.929989e-01
    outer loop
      vertex   3.025039e-01 1.750518e-01 1.119615e-02
      vertex   3.037406e-01 1.751736e-01 1.024264e-02
      vertex   3.010204e-01 1.850526e-01 1.119615e-02
    endloop
  endfacet
  facet normal 6.026292e-01 8.939159e-02 7.929989e-01
    outer loop
      vertex   3.010204e-01 1.850526e-01 1.119615e-02
      vertex   3.037406e-01 1.751736e-01 1.024264e-02
      vertex   3.022392e-01 1.852950e-01 1.024264e-02
    endloop
  endfacet
  facet normal 5.909654e-01 1.480291e-01 7.929989e-01
    outer loop
      vertex   3.010204e-01 1.850526e-01 1.119615e-02
      vertex   3.022392e-01 1.852950e-01 1.024264e-02
      vertex   2.985639e-01 1.948598e-01 1.119615e-02
    endloop
  endfacet
  facet normal 5.909654e-01 1.480291e-01 7.929989e-01
    outer loop
      vertex   2.985639e-01 1.948598e-01 1.119615e-02
      vertex   3.022392e-01 1.852950e-01 1.024264e-02
      vertex   2.997530e-01 1.952205e-01 1.024264e-02
    endloop
  endfacet
  facet normal 5.736104e-01 2.052411e-01 7.929989e-01
    outer loop
      vertex   2.985639e-01 1.948598e-01 1.119615e-02
      vertex   2.997530e-01 1.952205e-01 1.024264e-02
      vertex   2.951578e-01 2.043790e-01 1.119615e-02
    endloop
  endfacet
  facet normal 5.736104e-01 2.052411e-01 7.929989e-01
    outer loop
      vertex   2.951578e-01 2.043790e-01 1.119615e-02
      vertex   2.997530e-01 1.952205e-01 1.024264e-02
      vertex   2.963059e-01 2.048545e-01 1.024264e-02
    endloop
  endfacet
  facet normal 5.507311e-01 2.604764e-01 7.929989e-01
    outer loop
      vertex   2.951578e-01 2.043790e-01 1.119615e-02
      vertex   2.963059e-01 2.048545e-01 1.024264e-02
      vertex   2.908352e-01 2.135185e-01 1.119615e-02
    endloop
  endfacet
  facet normal 5.507311e-01 2.604764e-01 7.929989e-01
    outer loop
      vertex   2.908352e-01 2.135185e-01 1.119615e-02
      vertex   2.963059e-01 2.048545e-01 1.024264e-02
      vertex   2.919311e-01 2.141043e-01 1.024264e-02
    endloop
  endfacet
  facet normal 5.225481e-01 3.132033e-01 7.929989e-01
    outer loop
      vertex   2.908352e-01 2.135185e-01 1.119615e-02
      vertex   2.919311e-01 2.141043e-01 1.024264e-02
      vertex   2.856375e-01 2.221904e-01 1.119615e-02
    endloop
  endfacet
  facet normal 5.225481e-01 3.132033e-01 7.929989e-01
    outer loop
      vertex   2.856375e-01 2.221904e-01 1.119615e-02
      vertex   2.919311e-01 2.141043e-01 1.024264e-02
      vertex   2.866707e-01 2.228807e-01 1.024264e-02
    endloop
  endfacet
  facet normal 4.893326e-01 3.629138e-01 7.929989e-01
    outer loop
      vertex   2.856375e-01 2.221904e-01 1.119615e-02
      vertex   2.866707e-01 2.228807e-01 1.024264e-02
      vertex   2.796148e-01 2.303110e-01 1.119615e-02
    endloop
  endfacet
  facet normal 4.893326e-01 3.629138e-01 7.929989e-01
    outer loop
      vertex   2.796148e-01 2.303110e-01 1.119615e-02
      vertex   2.866707e-01 2.228807e-01 1.024264e-02
      vertex   2.805754e-01 2.310993e-01 1.024264e-02
    endloop
  endfacet
  facet normal 4.514045e-01 4.091292e-01 7.929989e-01
    outer loop
      vertex   2.796148e-01 2.303110e-01 1.119615e-02
      vertex   2.805754e-01 2.310993e-01 1.024264e-02
      vertex   2.728252e-01 2.378021e-01 1.119615e-02
    endloop
  endfacet
  facet normal 4.514045e-01 4.091292e-01 7.929989e-01
    outer loop
      vertex   2.728252e-01 2.378021e-01 1.119615e-02
      vertex   2.805754e-01 2.310993e-01 1.024264e-02
      vertex   2.737039e-01 2.386808e-01 1.024264e-02
    endloop
  endfacet
  facet normal 4.091292e-01 4.514045e-01 7.929989e-01
    outer loop
      vertex   2.728252e-01 2.378021e-01 1.119615e-02
      vertex   2.737039e-01 2.386808e-01 1.024264e-02
      vertex   2.653340e-01 2.445917e-01 1.119615e-02
    endloop
  endfacet
  facet normal 4.091292e-01 4.514045e-01 7.929989e-01
    outer loop
      vertex   2.653340e-01 2.445917e-01 1.119615e-02
      vertex   2.737039e-01 2.386808e-01 1.024264e-02
      vertex   2.661224e-01 2.455523e-01 1.024264e-02
    endloop
  endfacet
  facet normal 3.629138e-01 4.893326e-01 7.929989e-01
    outer loop
      vertex   2.653340e-01 2.445917e-01 1.119615e-02
      vertex   2.661224e-01 2.455523e-01 1.024264e-02
      vertex   2.572134e-01 2.506144e-01 1.119615e-02
    endloop
  endfacet
  facet normal 3.629138e-01 4.893326e-01 7.929989e-01
    outer loop
      vertex   2.572134e-01 2.506144e-01 1.119615e-02
      vertex   2.661224e-01 2.455523e-01 1.024264e-02
      vertex   2.579038e-01 2.516476e-01 1.024264e-02
    endloop
  endfacet
  facet normal 3.132033e-01 5.225481e-01 7.929989e-01
    outer loop
      vertex   2.572134e-01 2.506144e-01 1.119615e-02
      vertex   2.579038e-01 2.516476e-01 1.024264e-02
      vertex   2.485416e-01 2.558121e-01 1.119615e-02
    endloop
  endfacet
  facet normal 3.132033e-01 5.225481e-01 7.929989e-01
    outer loop
      vertex   2.485416e-01 2.558121e-01 1.119615e-02
      vertex   2.579038e-01 2.516476e-01 1.024264e-02
      vertex   2.491274e-01 2.569080e-01 1.024264e-02
    endloop
  endfacet
  facet normal 2.604764e-01 5.507311e-01 7.929989e-01
    outer loop
      vertex   2.485416e-01 2.558121e-01 1.119615e-02
      vertex   2.491274e-01 2.569080e-01 1.024264e-02
      vertex   2.394021e-01 2.601347e-01 1.119615e-02
    endloop
  endfacet
  facet normal 2.604764e-01 5.507311e-01 7.929989e-01
    outer loop
      vertex   2.394021e-01 2.601347e-01 1.119615e-02
      vertex   2.491274e-01 2.569080e-01 1.024264e-02
      vertex   2.398776e-01 2.612828e-01 1.024264e-02
    endloop
  endfacet
  facet normal 2.052411e-01 5.736104e-01 7.929989e-01
    outer loop
      vertex   2.394021e-01 2.601347e-01 1.119615e-02
      vertex   2.398776e-01 2.612828e-01 1.024264e-02
      vertex   2.298829e-01 2.635408e-01 1.119615e-02
    endloop
  endfacet
  facet normal 2.052411e-01 5.736104e-01 7.929989e-01
    outer loop
      vertex   2.298829e-01 2.635408e-01 1.119615e-02
      vertex   2.398776e-01 2.612828e-01 1.024264e-02
      vertex   2.302436e-01 2.647299e-01 1.024264e-02
    endloop
  endfacet
  facet normal 1.480291e-01 5.909654e-01 7.929989e-01
    outer loop
      vertex   2.298829e-01 2.635408e-01 1.119615e-02
      vertex   2.302436e-01 2.647299e-01 1.024264e-02
      vertex   2.200757e-01 2.659974e-01 1.119615e-02
    endloop
  endfacet
  facet normal 1.480291e-01 5.909654e-01 7.929989e-01
    outer loop
      vertex   2.200757e-01 2.659974e-01 1.119615e-02
      vertex   2.302436e-01 2.647299e-01 1.024264e-02
      vertex   2.203181e-01 2.672161e-01 1.024264e-02
    endloop
  endfacet
  facet normal 8.939159e-02 6.026292e-01 7.929989e-01
    outer loop
      vertex   2.200757e-01 2.659974e-01 1.119615e-02
      vertex   2.203181e-01 2.672161e-01 1.024264e-02
      vertex   2.100749e-01 2.674808e-01 1.119615e-02
    endloop
  endfacet
  facet normal 8.939159e-02 6.026292e-01 7.929989e-01
    outer loop
      vertex   2.100749e-01 2.674808e-01 1.119615e-02
      vertex   2.203181e-01 2.672161e-01 1.024264e-02
      vertex   2.101967e-01 2.687175e-01 1.024264e-02
    endloop
  endfacet
  facet normal 7.927513e-01 3.894538e-02 6.082998e-01
    outer loop
      vertex   3.042426e-01 1.649537e-01 1.024264e-02
      vertex   3.051962e-01 1.649537e-01 9.000001e-03
      vertex   3.037406e-01 1.751736e-01 1.024264e-02
    endloop
  endfacet
  facet normal 7.927513e-01 3.894538e-02 6.082998e-01
    outer loop
      vertex   3.037406e-01 1.751736e-01 1.024264e-02
      vertex   3.051962e-01 1.649537e-01 9.000001e-03
      vertex   3.046895e-01 1.752670e-01 9.000001e-03
    endloop
  endfacet
  facet normal 7.851167e-01 1.164611e-01 6.082998e-01
    outer loop
      vertex   3.037406e-01 1.751736e-01 1.024264e-02
      vertex   3.046895e-01 1.752670e-01 9.000001e-03
      vertex   3.022392e-01 1.852950e-01 1.024264e-02
    endloop
  endfacet
  facet normal 7.851167e-01 1.164611e-01 6.082998e-01
    outer loop
      vertex   3.022392e-01 1.852950e-01 1.024264e-02
      vertex   3.046895e-01 1.752670e-01 9.000001e-03
      vertex   3.031744e-01 1.854810e-01 9.000001e-03
    endloop
  endfacet
  facet normal 7.699210e-01 1.928552e-01 6.082998e-01
    outer loop
      vertex   3.022392e-01 1.852950e-01 1.024264e-02
      vertex   3.031744e-01 1.854810e-01 9.000001e-03
      vertex   2.997530e-01 1.952205e-01 1.024264e-02
    endloop
  endfacet
  facet normal 7.699210e-01 1.928552e-01 6.082998e-01
    outer loop
      vertex   2.997530e-01 1.952205e-01 1.024264e-02
      vertex   3.031744e-01 1.854810e-01 9.000001e-03
      vertex   3.006654e-01 1.954973e-01 9.000001e-03
    endloop
  endfacet
  facet normal 7.473105e-01 2.673920e-01 6.082998e-01
    outer loop
      vertex   2.997530e-01 1.952205e-01 1.024264e-02
      vertex   3.006654e-01 1.954973e-01 9.000001e-03
      vertex   2.963059e-01 2.048545e-01 1.024264e-02
    endloop
  endfacet
  facet normal 7.473105e-01 2.673920e-01 6.082998e-01
    outer loop
      vertex   2.963059e-01 2.048545e-01 1.024264e-02
      vertex   3.006654e-01 1.954973e-01 9.000001e-03
      vertex   2.971868e-01 2.052194e-01 9.000001e-03
    endloop
  endfacet
  facet normal 7.175030e-01 3.393536e-01 6.082998e-01
    outer loop
      vertex   2.963059e-01 2.048545e-01 1.024264e-02
      vertex   2.971868e-01 2.052194e-01 9.000001e-03
      vertex   2.919311e-01 2.141043e-01 1.024264e-02
    endloop
  endfacet
  facet normal 7.175030e-01 3.393536e-01 6.082998e-01
    outer loop
      vertex   2.919311e-01 2.141043e-01 1.024264e-02
      vertex   2.971868e-01 2.052194e-01 9.000001e-03
      vertex   2.927720e-01 2.145538e-01 9.000001e-03
    endloop
  endfacet
  facet normal 6.807855e-01 4.080471e-01 6.082998e-01
    outer loop
      vertex   2.919311e-01 2.141043e-01 1.024264e-02
      vertex   2.927720e-01 2.145538e-01 9.000001e-03
      vertex   2.866707e-01 2.228807e-01 1.024264e-02
    endloop
  endfacet
  facet normal 6.807855e-01 4.080471e-01 6.082998e-01
    outer loop
      vertex   2.866707e-01 2.228807e-01 1.024264e-02
      vertex   2.927720e-01 2.145538e-01 9.000001e-03
      vertex   2.874635e-01 2.234105e-01 9.000001e-03
    endloop
  endfacet
  facet normal 6.375117e-01 4.728109e-01 6.082998e-01
    outer loop
      vertex   2.866707e-01 2.228807e-01 1.024264e-02
      vertex   2.874635e-01 2.234105e-01 9.000001e-03
      vertex   2.805754e-01 2.310993e-01 1.024264e-02
    endloop
  endfacet
  facet normal 6.375117e-01 4.728109e-01 6.082998e-01
    outer loop
      vertex   2.805754e-01 2.310993e-01 1.024264e-02
      vertex   2.874635e-01 2.234105e-01 9.000001e-03
      vertex   2.813125e-01 2.317042e-01 9.000001e-03
    endloop
  endfacet
  facet normal 5.880984e-01 5.330213e-01 6.082998e-01
    outer loop
      vertex   2.805754e-01 2.310993e-01 1.024264e-02
      vertex   2.813125e-01 2.317042e-01 9.000001e-03
      vertex   2.737039e-01 2.386808e-01 1.024264e-02
    endloop
  endfacet
  facet normal 5.880984e-01 5.330213e-01 6.082998e-01
    outer loop
      vertex   2.737039e-01 2.386808e-01 1.024264e-02
      vertex   2.813125e-01 2.317042e-01 9.000001e-03
      vertex   2.743781e-01 2.393550e-01 9.000001e-03
    endloop
  endfacet
  facet normal 5.330213e-01 5.880984e-01 6.082998e-01
    outer loop
      vertex   2.737039e-01 2.386808e-01 1.024264e-02
      vertex   2.743781e-01 2.393550e-01 9.000001e-03
      vertex   2.661224e-01 2.455523e-01 1.024264e-02
    endloop
  endfacet
  facet normal 5.330213e-01 5.880984e-01 6.082998e-01
    outer loop
      vertex   2.661224e-01 2.455523e-01 1.024264e-02
      vertex   2.743781e-01 2.393550e-01 9.000001e-03
      vertex   2.667273e-01 2.462894e-01 9.000001e-03
    endloop
  endfacet
  facet normal 4.728109e-01 6.375117e-01 6.082998e-01
    outer loop
      vertex   2.661224e-01 2.455523e-01 1.024264e-02
      vertex   2.667273e-01 2.462894e-01 9.000001e-03
      vertex   2.579038e-01 2.516476e-01 1.024264e-02
    endloop
  endfacet
  facet normal 4.728109e-01 6.375117e-01 6.082998e-01
    outer loop
      vertex   2.579038e-01 2.516476e-01 1.024264e-02
      vertex   2.667273e-01 2.462894e-01 9.000001e-03
      vertex   2.584336e-01 2.524404e-01 9.000001e-03
    endloop
  endfacet
  facet normal 4.080471e-01 6.807855e-01 6.082998e-01
    outer loop
      vertex   2.579038e-01 2.516476e-01 1.024264e-02
      vertex   2.584336e-01 2.524404e-01 9.000001e-03
      vertex   2.491274e-01 2.569080e-01 1.024264e-02
    endloop
  endfacet
  facet normal 4.080471e-01 6.807855e-01 6.082998e-01
    outer loop
      vertex   2.491274e-01 2.569080e-01 1.024264e-02
      vertex   2.584336e-01 2.524404e-01 9.000001e-03
      vertex   2.495769e-01 2.577489e-01 9.000001e-03
    endloop
  endfacet
  facet normal 3.393536e-01 7.175030e-01 6.082998e-01
    outer loop
      vertex   2.491274e-01 2.569080e-01 1.024264e-02
      vertex   2.495769e-01 2.577489e-01 9.000001e-03
      vertex   2.398776e-01 2.612828e-01 1.024264e-02
    endloop
  endfacet
  facet normal 3.393536e-01 7.175030e-01 6.082998e-01
    outer loop
      vertex   2.398776e-01 2.612828e-01 1.024264e-02
      vertex   2.495769e-01 2.577489e-01 9.000001e-03
      vertex   2.402425e-01 2.621637e-01 9.000001e-03
    endloop
  endfacet
  facet normal 2.673920e-01 7.473105e-01 6.082998e-01
    outer loop
      vertex   2.398776e-01 2.612828e-01 1.024264e-02
      vertex   2.402425e-01 2.621637e-01 9.000001e-03
      vertex   2.302436e-01 2.647299e-01 1.024264e-02
    endloop
  endfacet
  facet normal 2.673920e-01 7.473105e-01 6.082998e-01
    outer loop
      vertex   2.302436e-01 2.647299e-01 1.024264e-02
      vertex   2.402425e-01 2.621637e-01 9.000001e-03
      vertex   2.305204e-01 2.656424e-01 9.000001e-03
    endloop
  endfacet
  facet normal 1.928552e-01 7.699210e-01 6.082998e-01
    outer loop
      vertex   2.302436e-01 2.647299e-01 1.024264e-02
      vertex   2.305204e-01 2.656424e-01 9.000001e-03
      vertex   2.203181e-01 2.672161e-01 1.024264e-02
    endloop
  endfacet
  facet normal 1.928552e-01 7.699210e-01 6.082998e-01
    outer loop
      vertex   2.203181e-01 2.672161e-01 1.024264e-02
      vertex   2.305204e-01 2.656424e-01 9.000001e-03
      vertex   2.205041e-01 2.681513e-01 9.000001e-03
    endloop
  endfacet
  facet normal 1.164611e-01 7.851167e-01 6.082998e-01
    outer loop
      vertex   2.203181e-01 2.672161e-01 1.024264e-02
      vertex   2.205041e-01 2.681513e-01 9.000001e-03
      vertex   2.101967e-01 2.687175e-01 1.024264e-02
    endloop
  endfacet
  facet normal 1.164611e-01 7.851167e-01 6.082998e-01
    outer loop
      vertex   2.101967e-01 2.687175e-01 1.024264e-02
      vertex   2.205041e-01 2.681513e-01 9.000001e-03
      vertex   2.102901e-01 2.696664e-01 9.000001e-03
    endloop
  endfacet
  facet normal 9.229293e-01 4.534061e-02 3.822901e-01
    outer loop
      vertex   3.051962e-01 1.649537e-01 9.000001e-03
      vertex   3.057956e-01 1.649537e-01 7.552916e-03
      vertex   3.046895e-01 1.752670e-01 9.000001e-03
    endloop
  endfacet
  facet normal 9.229293e-01 4.534061e-02 3.822901e-01
    outer loop
      vertex   3.046895e-01 1.752670e-01 9.000001e-03
      vertex   3.057956e-01 1.649537e-01 7.552916e-03
      vertex   3.052860e-01 1.753258e-01 7.552916e-03
    endloop
  endfacet
  facet normal 9.140410e-01 1.355852e-01 3.822901e-01
    outer loop
      vertex   3.046895e-01 1.752670e-01 9.000001e-03
      vertex   3.052860e-01 1.753258e-01 7.552916e-03
      vertex   3.031744e-01 1.854810e-01 9.000001e-03
    endloop
  endfacet
  facet normal 9.140410e-01 1.355852e-01 3.822901e-01
    outer loop
      vertex   3.031744e-01 1.854810e-01 9.000001e-03
      vertex   3.052860e-01 1.753258e-01 7.552916e-03
      vertex   3.037623e-01 1.855980e-01 7.552916e-03
    endloop
  endfacet
  facet normal 8.963500e-01 2.245240e-01 3.822901e-01
    outer loop
      vertex   3.031744e-01 1.854810e-01 9.000001e-03
      vertex   3.037623e-01 1.855980e-01 7.552916e-03
      vertex   3.006654e-01 1.954973e-01 9.000001e-03
    endloop
  endfacet
  facet normal 8.963500e-01 2.245240e-01 3.822901e-01
    outer loop
      vertex   3.006654e-01 1.954973e-01 9.000001e-03
      vertex   3.037623e-01 1.855980e-01 7.552916e-03
      vertex   3.012390e-01 1.956713e-01 7.552916e-03
    endloop
  endfacet
  facet normal 8.700266e-01 3.113005e-01 3.822901e-01
    outer loop
      vertex   3.006654e-01 1.954973e-01 9.000001e-03
      vertex   3.012390e-01 1.956713e-01 7.552916e-03
      vertex   2.971868e-01 2.052194e-01 9.000001e-03
    endloop
  endfacet
  facet normal 8.700266e-01 3.113005e-01 3.822901e-01
    outer loop
      vertex   2.971868e-01 2.052194e-01 9.000001e-03
      vertex   3.012390e-01 1.956713e-01 7.552916e-03
      vertex   2.977406e-01 2.054488e-01 7.552916e-03
    endloop
  endfacet
  facet normal 8.353244e-01 3.950790e-01 3.822901e-01
    outer loop
      vertex   2.971868e-01 2.052194e-01 9.000001e-03
      vertex   2.977406e-01 2.054488e-01 7.552916e-03
      vertex   2.927720e-01 2.145538e-01 9.000001e-03
    endloop
  endfacet
  facet normal 8.353244e-01 3.950790e-01 3.822901e-01
    outer loop
      vertex   2.927720e-01 2.145538e-01 9.000001e-03
      vertex   2.977406e-01 2.054488e-01 7.552916e-03
      vertex   2.933006e-01 2.148363e-01 7.552916e-03
    endloop
  endfacet
  facet normal 7.925776e-01 4.750527e-01 3.822901e-01
    outer loop
      vertex   2.927720e-01 2.145538e-01 9.000001e-03
      vertex   2.933006e-01 2.148363e-01 7.552916e-03
      vertex   2.874635e-01 2.234105e-01 9.000001e-03
    endloop
  endfacet
  facet normal 7.925776e-01 4.750527e-01 3.822901e-01
    outer loop
      vertex   2.874635e-01 2.234105e-01 9.000001e-03
      vertex   2.933006e-01 2.148363e-01 7.552916e-03
      vertex   2.879619e-01 2.237435e-01 7.552916e-03
    endloop
  endfacet
  facet normal 7.421978e-01 5.504514e-01 3.822901e-01
    outer loop
      vertex   2.874635e-01 2.234105e-01 9.000001e-03
      vertex   2.879619e-01 2.237435e-01 7.552916e-03
      vertex   2.813125e-01 2.317042e-01 9.000001e-03
    endloop
  endfacet
  facet normal 7.421978e-01 5.504514e-01 3.822901e-01
    outer loop
      vertex   2.813125e-01 2.317042e-01 9.000001e-03
      vertex   2.879619e-01 2.237435e-01 7.552916e-03
      vertex   2.817758e-01 2.320844e-01 7.552916e-03
    endloop
  endfacet
  facet normal 6.846702e-01 6.205489e-01 3.822901e-01
    outer loop
      vertex   2.813125e-01 2.317042e-01 9.000001e-03
      vertex   2.817758e-01 2.320844e-01 7.552916e-03
      vertex   2.743781e-01 2.393550e-01 9.000001e-03
    endloop
  endfacet
  facet normal 6.846702e-01 6.205489e-01 3.822901e-01
    outer loop
      vertex   2.743781e-01 2.393550e-01 9.000001e-03
      vertex   2.817758e-01 2.320844e-01 7.552916e-03
      vertex   2.748020e-01 2.397789e-01 7.552916e-03
    endloop
  endfacet
  facet normal 6.205489e-01 6.846702e-01 3.822901e-01
    outer loop
      vertex   2.743781e-01 2.393550e-01 9.000001e-03
      vertex   2.748020e-01 2.397789e-01 7.552916e-03
      vertex   2.667273e-01 2.462894e-01 9.000001e-03
    endloop
  endfacet
  facet normal 6.205489e-01 6.846702e-01 3.822901e-01
    outer loop
      vertex   2.667273e-01 2.462894e-01 9.000001e-03
      vertex   2.748020e-01 2.397789e-01 7.552916e-03
      vertex   2.671075e-01 2.467527e-01 7.552916e-03
    endloop
  endfacet
  facet normal 5.504514e-01 7.421978e-01 3.822901e-01
    outer loop
      vertex   2.667273e-01 2.462894e-01 9.000001e-03
      vertex   2.671075e-01 2.467527e-01 7.552916e-03
      vertex   2.584336e-01 2.524404e-01 9.000001e-03
    endloop
  endfacet
  facet normal 5.504514e-01 7.421978e-01 3.822901e-01
    outer loop
      vertex   2.584336e-01 2.524404e-01 9.000001e-03
      vertex   2.671075e-01 2.467527e-01 7.552916e-03
      vertex   2.587666e-01 2.529388e-01 7.552916e-03
    endloop
  endfacet
  facet normal 4.750527e-01 7.925776e-01 3.822901e-01
    outer loop
      vertex   2.584336e-01 2.524404e-01 9.000001e-03
      vertex   2.587666e-01 2.529388e-01 7.552916e-03
      vertex   2.495769e-01 2.577489e-01 9.000001e-03
    endloop
  endfacet
  facet normal 4.750527e-01 7.925776e-01 3.822901e-01
    outer loop
      vertex   2.495769e-01 2.577489e-01 9.000001e-03
      vertex   2.587666e-01 2.529388e-01 7.552916e-03
      vertex   2.498594e-01 2.582775e-01 7.552916e-03
    endloop
  endfacet
  facet normal 3.950790e-01 8.353244e-01 3.822901e-01
    outer loop
      vertex   2.495769e-01 2.577489e-01 9.000001e-03
      vertex   2.498594e-01 2.582775e-01 7.552916e-03
      vertex   2.402425e-01 2.621637e-01 9.000001e-03
    endloop
  endfacet
  facet normal 3.950790e-01 8.353244e-01 3.822901e-01
    outer loop
      vertex   2.402425e-01 2.621637e-01 9.000001e-03
      vertex   2.498594e-01 2.582775e-01 7.552916e-03
      vertex   2.404719e-01 2.627175e-01 7.552916e-03
    endloop
  endfacet
  facet normal 3.113005e-01 8.700266e-01 3.822901e-01
    outer loop
      vertex   2.402425e-01 2.621637e-01 9.000001e-03
      vertex   2.404719e-01 2.627175e-01 7.552916e-03
      vertex   2.305204e-01 2.656424e-01 9.000001e-03
    endloop
  endfacet
  facet normal 3.113005e-01 8.700266e-01 3.822901e-01
    outer loop
      vertex   2.305204e-01 2.656424e-01 9.000001e-03
      vertex   2.404719e-01 2.627175e-01 7.552916e-03
      vertex   2.306944e-01 2.662160e-01 7.552916e-03
    endloop
  endfacet
  facet normal 2.245240e-01 8.963500e-01 3.822901e-01
    outer loop
      vertex   2.305204e-01 2.656424e-01 9.000001e-03
      vertex   2.306944e-01 2.662160e-01 7.552916e-03
      vertex   2.205041e-01 2.681513e-01 9.000001e-03
    endloop
  endfacet
  facet normal 2.245240e-01 8.963500e-01 3.822901e-01
    outer loop
      vertex   2.205041e-01 2.681513e-01 9.000001e-03
      vertex   2.306944e-01 2.662160e-01 7.552916e-03
      vertex   2.206210e-01 2.687392e-01 7.552916e-03
    endloop
  endfacet
  facet normal 1.355852e-01 9.140410e-01 3.822901e-01
    outer loop
      vertex   2.205041e-01 2.681513e-01 9.000001e-03
      vertex   2.206210e-01 2.687392e-01 7.552916e-03
      vertex   2.102901e-01 2.696664e-01 9.000001e-03
    endloop
  endfacet
  facet normal 1.355852e-01 9.140410e-01 3.822901e-01
    outer loop
      vertex   2.102901e-01 2.696664e-01 9.000001e-03
      vertex   2.206210e-01 2.687392e-01 7.552916e-03
      vertex   2.103489e-01 2.702629e-01 7.552916e-03
    endloop
  endfacet
  facet normal 9.902709e-01 4.864889e-02 1.303720e-01
    outer loop
      vertex   3.057956e-01 1.649537e-01 7.552916e-03
      vertex   3.060000e-01 1.649537e-01 6.000002e-03
      vertex   3.052860e-01 1.753258e-01 7.552916e-03
    endloop
  endfacet
  facet normal 9.902709e-01 4.864889e-02 1.303720e-01
    outer loop
      vertex   3.052860e-01 1.753258e-01 7.552916e-03
      vertex   3.060000e-01 1.649537e-01 6.000002e-03
      vertex   3.054895e-01 1.753458e-01 6.000002e-03
    endloop
  endfacet
  facet normal 9.807340e-01 1.454782e-01 1.303720e-01
    outer loop
      vertex   3.052860e-01 1.753258e-01 7.552916e-03
      vertex   3.054895e-01 1.753458e-01 6.000002e-03
      vertex   3.037623e-01 1.855980e-01 7.552916e-03
    endloop
  endfacet
  facet normal 9.807340e-01 1.454782e-01 1.303720e-01
    outer loop
      vertex   3.037623e-01 1.855980e-01 7.552916e-03
      vertex   3.054895e-01 1.753458e-01 6.000002e-03
      vertex   3.039628e-01 1.856378e-01 6.000002e-03
    endloop
  endfacet
  facet normal 9.617522e-01 2.409064e-01 1.303720e-01
    outer loop
      vertex   3.037623e-01 1.855980e-01 7.552916e-03
      vertex   3.039628e-01 1.856378e-01 6.000002e-03
      vertex   3.012390e-01 1.956713e-01 7.552916e-03
    endloop
  endfacet
  facet normal 9.617522e-01 2.409064e-01 1.303720e-01
    outer loop
      vertex   3.012390e-01 1.956713e-01 7.552916e-03
      vertex   3.039628e-01 1.856378e-01 6.000002e-03
      vertex   3.014347e-01 1.957306e-01 6.000002e-03
    endloop
  endfacet
  facet normal 9.335081e-01 3.340145e-01 1.303720e-01
    outer loop
      vertex   3.012390e-01 1.956713e-01 7.552916e-03
      vertex   3.014347e-01 1.957306e-01 6.000002e-03
      vertex   2.977406e-01 2.054488e-01 7.552916e-03
    endloop
  endfacet
  facet normal 9.335081e-01 3.340145e-01 1.303720e-01
    outer loop
      vertex   2.977406e-01 2.054488e-01 7.552916e-03
      vertex   3.014347e-01 1.957306e-01 6.000002e-03
      vertex   2.979295e-01 2.055271e-01 6.000002e-03
    endloop
  endfacet
  facet normal 8.962739e-01 4.239060e-01 1.303720e-01
    outer loop
      vertex   2.977406e-01 2.054488e-01 7.552916e-03
      vertex   2.979295e-01 2.055271e-01 6.000002e-03
      vertex   2.933006e-01 2.148363e-01 7.552916e-03
    endloop
  endfacet
  facet normal 8.962739e-01 4.239060e-01 1.303720e-01
    outer loop
      vertex   2.933006e-01 2.148363e-01 7.552916e-03
      vertex   2.979295e-01 2.055271e-01 6.000002e-03
      vertex   2.934809e-01 2.149327e-01 6.000002e-03
    endloop
  endfacet
  facet normal 8.504080e-01 5.097150e-01 1.303720e-01
    outer loop
      vertex   2.933006e-01 2.148363e-01 7.552916e-03
      vertex   2.934809e-01 2.149327e-01 6.000002e-03
      vertex   2.879619e-01 2.237435e-01 7.552916e-03
    endloop
  endfacet
  facet normal 8.504080e-01 5.097150e-01 1.303720e-01
    outer loop
      vertex   2.879619e-01 2.237435e-01 7.552916e-03
      vertex   2.934809e-01 2.149327e-01 6.000002e-03
      vertex   2.881319e-01 2.238571e-01 6.000002e-03
    endloop
  endfacet
  facet normal 7.963523e-01 5.906151e-01 1.303720e-01
    outer loop
      vertex   2.879619e-01 2.237435e-01 7.552916e-03
      vertex   2.881319e-01 2.238571e-01 6.000002e-03
      vertex   2.817758e-01 2.320844e-01 7.552916e-03
    endloop
  endfacet
  facet normal 7.963523e-01 5.906151e-01 1.303720e-01
    outer loop
      vertex   2.817758e-01 2.320844e-01 7.552916e-03
      vertex   2.881319e-01 2.238571e-01 6.000002e-03
      vertex   2.819338e-01 2.322141e-01 6.000002e-03
    endloop
  endfacet
  facet normal 7.346272e-01 6.658273e-01 1.303720e-01
    outer loop
      vertex   2.817758e-01 2.320844e-01 7.552916e-03
      vertex   2.819338e-01 2.322141e-01 6.000002e-03
      vertex   2.748020e-01 2.397789e-01 7.552916e-03
    endloop
  endfacet
  facet normal 7.346272e-01 6.658273e-01 1.303720e-01
    outer loop
      vertex   2.748020e-01 2.397789e-01 7.552916e-03
      vertex   2.819338e-01 2.322141e-01 6.000002e-03
      vertex   2.749465e-01 2.399235e-01 6.000002e-03
    endloop
  endfacet
  facet normal 6.658273e-01 7.346272e-01 1.303720e-01
    outer loop
      vertex   2.748020e-01 2.397789e-01 7.552916e-03
      vertex   2.749465e-01 2.399235e-01 6.000002e-03
      vertex   2.671075e-01 2.467527e-01 7.552916e-03
    endloop
  endfacet
  facet normal 6.658273e-01 7.346272e-01 1.303720e-01
    outer loop
      vertex   2.671075e-01 2.467527e-01 7.552916e-03
      vertex   2.749465e-01 2.399235e-01 6.000002e-03
      vertex   2.672372e-01 2.469108e-01 6.000002e-03
    endloop
  endfacet
  facet normal 5.906151e-01 7.963523e-01 1.303720e-01
    outer loop
      vertex   2.671075e-01 2.467527e-01 7.552916e-03
      vertex   2.672372e-01 2.469108e-01 6.000002e-03
      vertex   2.587666e-01 2.529388e-01 7.552916e-03
    endloop
  endfacet
  facet normal 5.906151e-01 7.963523e-01 1.303720e-01
    outer loop
      vertex   2.587666e-01 2.529388e-01 7.552916e-03
      vertex   2.672372e-01 2.469108e-01 6.000002e-03
      vertex   2.588801e-01 2.531088e-01 6.000002e-03
    endloop
  endfacet
  facet normal 5.097150e-01 8.504080e-01 1.303720e-01
    outer loop
      vertex   2.587666e-01 2.529388e-01 7.552916e-03
      vertex   2.588801e-01 2.531088e-01 6.000002e-03
      vertex   2.498594e-01 2.582775e-01 7.552916e-03
    endloop
  endfacet
  facet normal 5.097150e-01 8.504080e-01 1.303720e-01
    outer loop
      vertex   2.498594e-01 2.582775e-01 7.552916e-03
      vertex   2.588801e-01 2.531088e-01 6.000002e-03
      vertex   2.499558e-01 2.584578e-01 6.000002e-03
    endloop
  endfacet
  facet normal 4.239060e-01 8.962739e-01 1.303720e-01
    outer loop
      vertex   2.498594e-01 2.582775e-01 7.552916e-03
      vertex   2.499558e-01 2.584578e-01 6.000002e-03
      vertex   2.404719e-01 2.627175e-01 7.552916e-03
    endloop
  endfacet
  facet normal 4.239060e-01 8.962739e-01 1.303720e-01
    outer loop
      vertex   2.404719e-01 2.627175e-01 7.552916e-03
      vertex   2.499558e-01 2.584578e-01 6.000002e-03
      vertex   2.405501e-01 2.629064e-01 6.000002e-03
    endloop
  endfacet
  facet normal 3.340145e-01 9.335081e-01 1.303720e-01
    outer loop
      vertex   2.404719e-01 2.627175e-01 7.552916e-03
      vertex   2.405501e-01 2.629064e-01 6.000002e-03
      vertex   2.306944e-01 2.662160e-01 7.552916e-03
    endloop
  endfacet
  facet normal 3.340145e-01 9.335081e-01 1.303720e-01
    outer loop
      vertex   2.306944e-01 2.662160e-01 7.552916e-03
      vertex   2.405501e-01 2.629064e-01 6.000002e-03
      vertex   2.307537e-01 2.664116e-01 6.000002e-03
    endloop
  endfacet
  facet normal 2.409064e-01 9.617522e-01 1.303720e-01
    outer loop
      vertex   2.306944e-01 2.662160e-01 7.552916e-03
      vertex   2.307537e-01 2.664116e-01 6.000002e-03
      vertex   2.206210e-01 2.687392e-01 7.552916e-03
    endloop
  endfacet
  facet normal 2.409064e-01 9.617522e-01 1.303720e-01
    outer loop
      vertex   2.206210e-01 2.687392e-01 7.552916e-03
      vertex   2.307537e-01 2.664116e-01 6.000002e-03
      vertex   2.206609e-01 2.689397e-01 6.000002e-03
    endloop
  endfacet
  facet normal 1.454782e-01 9.807340e-01 1.303720e-01
    outer loop
      vertex   2.206210e-01 2.687392e-01 7.552916e-03
      vertex   2.206609e-01 2.689397e-01 6.000002e-03
      vertex   2.103489e-01 2.702629e-01 7.552916e-03
    endloop
  endfacet
  facet normal 1.454782e-01 9.807340e-01 1.303720e-01
    outer loop
      vertex   2.103489e-01 2.702629e-01 7.552916e-03
      vertex   2.206609e-01 2.689397e-01 6.000002e-03
      vertex   2.103689e-01 2.704664e-01 6.000002e-03
    endloop
  endfacet
  facet normal 9.902710e-01 4.864889e-02 -1.303712e-01
    outer loop
      vertex   3.060000e-01 1.649537e-01 6.000002e-03
      vertex   3.057956e-01 1.649537e-01 4.447088e-03
      vertex   3.054895e-01 1.753458e-01 6.000002e-03
    endloop
  endfacet
  facet normal 9.902710e-01 4.864889e-02 -1.303712e-01
    outer loop
      vertex   3.054895e-01 1.753458e-01 6.000002e-03
      vertex   3.057956e-01 1.649537e-01 4.447088e-03
      vertex   3.052860e-01 1.753258e-01 4.447088e-03
    endloop
  endfacet
  facet normal 9.807341e-01 1.454782e-01 -1.303712e-01
    outer loop
      vertex   3.054895e-01 1.753458e-01 6.000002e-03
      vertex   3.052860e-01 1.753258e-01 4.447088e-03
      vertex   3.039628e-01 1.856378e-01 6.000002e-03
    endloop
  endfacet
  facet normal 9.807341e-01 1.454782e-01 -1.303712e-01
    outer loop
      vertex   3.039628e-01 1.856378e-01 6.000002e-03
      vertex   3.052860e-01 1.753258e-01 4.447088e-03
      vertex   3.037623e-01 1.855980e-01 4.447088e-03
    endloop
  endfacet
  facet normal 9.617523e-01 2.409064e-01 -1.303712e-01
    outer loop
      vertex   3.039628e-01 1.856378e-01 6.000002e-03
      vertex   3.037623e-01 1.855980e-01 4.447088e-03
      vertex   3.014347e-01 1.957306e-01 6.000002e-03
    endloop
  endfacet
  facet normal 9.617523e-01 2.409064e-01 -1.303712e-01
    outer loop
      vertex   3.014347e-01 1.957306e-01 6.000002e-03
      vertex   3.037623e-01 1.855980e-01 4.447088e-03
      vertex   3.012390e-01 1.956713e-01 4.447088e-03
    endloop
  endfacet
  facet normal 9.335082e-01 3.340146e-01 -1.303712e-01
    outer loop
      vertex   3.014347e-01 1.957306e-01 6.000002e-03
      vertex   3.012390e-01 1.956713e-01 4.447088e-03
      vertex   2.979295e-01 2.055271e-01 6.000002e-03
    endloop
  endfacet
  facet normal 9.335082e-01 3.340146e-01 -1.303712e-01
    outer loop
      vertex   2.979295e-01 2.055271e-01 6.000002e-03
      vertex   3.012390e-01 1.956713e-01 4.447088e-03
      vertex   2.977406e-01 2.054488e-01 4.447088e-03
    endloop
  endfacet
  facet normal 8.962740e-01 4.239060e-01 -1.303712e-01
    outer loop
      vertex   2.979295e-01 2.055271e-01 6.000002e-03
      vertex   2.977406e-01 2.054488e-01 4.447088e-03
      vertex   2.934809e-01 2.149327e-01 6.000002e-03
    endloop
  endfacet
  facet normal 8.962740e-01 4.239060e-01 -1.303712e-01
    outer loop
      vertex   2.934809e-01 2.149327e-01 6.000002e-03
      vertex   2.977406e-01 2.054488e-01 4.447088e-03
      vertex   2.933006e-01 2.148363e-01 4.447088e-03
    endloop
  endfacet
  facet normal 8.504081e-01 5.097150e-01 -1.303712e-01
    outer loop
      vertex   2.934809e-01 2.149327e-01 6.000002e-03
      vertex   2.933006e-01 2.148363e-01 4.447088e-03
      vertex   2.881319e-01 2.238571e-01 6.000002e-03
    endloop
  endfacet
  facet normal 8.504081e-01 5.097150e-01 -1.303712e-01
    outer loop
      vertex   2.881319e-01 2.238571e-01 6.000002e-03
      vertex   2.933006e-01 2.148363e-01 4.447088e-03
      vertex   2.879619e-01 2.237435e-01 4.447088e-03
    endloop
  endfacet
  facet normal 7.963524e-01 5.906152e-01 -1.303712e-01
    outer loop
      vertex   2.881319e-01 2.238571e-01 6.000002e-03
      vertex   2.879619e-01 2.237435e-01 4.447088e-03
      vertex   2.819338e-01 2.322141e-01 6.000002e-03
    endloop
  endfacet
  facet normal 7.963524e-01 5.906152e-01 -1.303712e-01
    outer loop
      vertex   2.819338e-01 2.322141e-01 6.000002e-03
      vertex   2.879619e-01 2.237435e-01 4.447088e-03
      vertex   2.817758e-01 2.320844e-01 4.447088e-03
    endloop
  endfacet
  facet normal 7.346273e-01 6.658274e-01 -1.303712e-01
    outer loop
      vertex   2.819338e-01 2.322141e-01 6.000002e-03
      vertex   2.817758e-01 2.320844e-01 4.447088e-03
      vertex   2.749465e-01 2.399235e-01 6.000002e-03
    endloop
  endfacet
  facet normal 7.346273e-01 6.658274e-01 -1.303712e-01
    outer loop
      vertex   2.749465e-01 2.399235e-01 6.000002e-03
      vertex   2.817758e-01 2.320844e-01 4.447088e-03
      vertex   2.748020e-01 2.397789e-01 4.447088e-03
    endloop
  endfacet
  facet normal 6.658274e-01 7.346273e-01 -1.303712e-01
    outer loop
      vertex   2.749465e-01 2.399235e-01 6.000002e-03
      vertex   2.748020e-01 2.397789e-01 4.447088e-03
      vertex   2.672372e-01 2.469108e-01 6.000002e-03
    endloop
  endfacet
  facet normal 6.658274e-01 7.346273e-01 -1.303712e-01
    outer loop
      vertex   2.672372e-01 2.469108e-01 6.000002e-03
      vertex   2.748020e-01 2.397789e-01 4.447088e-03
      vertex   2.671075e-01 2.467527e-01 4.447088e-03
    endloop
  endfacet
  facet normal 5.906152e-01 7.963524e-01 -1.303712e-01
    outer loop
      vertex   2.672372e-01 2.469108e-01 6.000002e-03
      vertex   2.671075e-01 2.467527e-01 4.447088e-03
      vertex   2.588801e-01 2.531088e-01 6.000002e-03
    endloop
  endfacet
  facet normal 5.906152e-01 7.963524e-01 -1.303712e-01
    outer loop
      vertex   2.588801e-01 2.531088e-01 6.000002e-03
      vertex   2.671075e-01 2.467527e-01 4.447088e-03
      vertex   2.587666e-01 2.529388e-01 4.447088e-03
    endloop
  endfacet
  facet normal 5.097150e-01 8.504081e-01 -1.303712e-01
    outer loop
      vertex   2.588801e-01 2.531088e-01 6.000002e-03
      vertex   2.587666e-01 2.529388e-01 4.447088e-03
      vertex   2.499558e-01 2.584578e-01 6.000002e-03
    endloop
  endfacet
  facet normal 5.097150e-01 8.504081e-01 -1.303712e-01
    outer loop
      vertex   2.499558e-01 2.584578e-01 6.000002e-03
      vertex   2.587666e-01 2.529388e-01 4.447088e-03
      vertex   2.498594e-01 2.582775e-01 4.447088e-03
    endloop
  endfacet
  facet normal 4.239060e-01 8.962740e-01 -1.303712e-01
    outer loop
      vertex   2.499558e-01 2.584578e-01 6.000002e-03
      vertex   2.498594e-01 2.582775e-01 4.447088e-03
      vertex   2.405501e-01 2.629064e-01 6.000002e-03
    endloop
  endfacet
  facet normal 4.239060e-01 8.962740e-01 -1.303712e-01
    outer loop
      vertex   2.405501e-01 2.629064e-01 6.000002e-03
      vertex   2.498594e-01 2.582775e-01 4.447088e-03
      vertex   2.404719e-01 2.627175e-01 4.447088e-03
    endloop
  endfacet
  facet normal 3.340146e-01 9.335082e-01 -1.303712e-01
    outer loop
      vertex   2.405501e-01 2.629064e-01 6.000002e-03
      vertex   2.404719e-01 2.627175e-01 4.447088e-03
      vertex   2.307537e-01 2.664116e-01 6.000002e-03
    endloop
  endfacet
  facet normal 3.340146e-01 9.335082e-01 -1.303712e-01
    outer loop
      vertex   2.307537e-01 2.664116e-01 6.000002e-03
      vertex   2.404719e-01 2.627175e-01 4.447088e-03
      vertex   2.306944e-01 2.662160e-01 4.447088e-03
    endloop
  endfacet
  facet normal 2.409064e-01 9.617523e-01 -1.303712e-01
    outer loop
      vertex   2.307537e-01 2.664116e-01 6.000002e-03
      vertex   2.306944e-01 2.662160e-01 4.447088e-03
      vertex   2.206609e-01 2.689397e-01 6.000002e-03
    endloop
  endfacet
  facet normal 2.409064e-01 9.617523e-01 -1.303712e-01
    outer loop
      vertex   2.206609e-01 2.689397e-01 6.000002e-03
      vertex   2.306944e-01 2.662160e-01 4.447088e-03
      vertex   2.206210e-01 2.687392e-01 4.447088e-03
    endloop
  endfacet
  facet normal 1.454782e-01 9.807341e-01 -1.303712e-01
    outer loop
      vertex   2.206609e-01 2.689397e-01 6.000002e-03
      vertex   2.206210e-01 2.687392e-01 4.447088e-03
      vertex   2.103689e-01 2.704664e-01 6.000002e-03
    endloop
  endfacet
  facet normal 1.454782e-01 9.807341e-01 -1.303712e-01
    outer loop
      vertex   2.103689e-01 2.704664e-01 6.000002e-03
      vertex   2.206210e-01 2.687392e-01 4.447088e-03
      vertex   2.103489e-01 2.702629e-01 4.447088e-03
    endloop
  endfacet
  facet normal 9.229296e-01 4.534062e-02 -3.822894e-01
    outer loop
      vertex   3.057956e-01 1.649537e-01 4.447088e-03
      vertex   3.051962e-01 1.649537e-01 3.000003e-03
      vertex   3.052860e-01 1.753258e-01 4.447088e-03
    endloop
  endfacet
  facet normal 9.229296e-01 4.534062e-02 -3.822894e-01
    outer loop
      vertex   3.052860e-01 1.753258e-01 4.447088e-03
      vertex   3.051962e-01 1.649537e-01 3.000003e-03
      vertex   3.046895e-01 1.752670e-01 3.000003e-03
    endloop
  endfacet
  facet normal 9.140413e-01 1.355852e-01 -3.822894e-01
    outer loop
      vertex   3.052860e-01 1.753258e-01 4.447088e-03
      vertex   3.046895e-01 1.752670e-01 3.000003e-03
      vertex   3.037623e-01 1.855980e-01 4.447088e-03
    endloop
  endfacet
  facet normal 9.140413e-01 1.355852e-01 -3.822894e-01
    outer loop
      vertex   3.037623e-01 1.855980e-01 4.447088e-03
      vertex   3.046895e-01 1.752670e-01 3.000003e-03
      vertex   3.031744e-01 1.854810e-01 3.000003e-03
    endloop
  endfacet
  facet normal 8.963502e-01 2.245240e-01 -3.822894e-01
    outer loop
      vertex   3.037623e-01 1.855980e-01 4.447088e-03
      vertex   3.031744e-01 1.854810e-01 3.000003e-03
      vertex   3.012390e-01 1.956713e-01 4.447088e-03
    endloop
  endfacet
  facet normal 8.963502e-01 2.245240e-01 -3.822894e-01
    outer loop
      vertex   3.012390e-01 1.956713e-01 4.447088e-03
      vertex   3.031744e-01 1.854810e-01 3.000003e-03
      vertex   3.006654e-01 1.954973e-01 3.000003e-03
    endloop
  endfacet
  facet normal 8.700269e-01 3.113006e-01 -3.822894e-01
    outer loop
      vertex   3.012390e-01 1.956713e-01 4.447088e-03
      vertex   3.006654e-01 1.954973e-01 3.000003e-03
      vertex   2.977406e-01 2.054488e-01 4.447088e-03
    endloop
  endfacet
  facet normal 8.700269e-01 3.113006e-01 -3.822894e-01
    outer loop
      vertex   2.977406e-01 2.054488e-01 4.447088e-03
      vertex   3.006654e-01 1.954973e-01 3.000003e-03
      vertex   2.971868e-01 2.052194e-01 3.000003e-03
    endloop
  endfacet
  facet normal 8.353246e-01 3.950791e-01 -3.822894e-01
    outer loop
      vertex   2.977406e-01 2.054488e-01 4.447088e-03
      vertex   2.971868e-01 2.052194e-01 3.000003e-03
      vertex   2.933006e-01 2.148363e-01 4.447088e-03
    endloop
  endfacet
  facet normal 8.353246e-01 3.950791e-01 -3.822894e-01
    outer loop
      vertex   2.933006e-01 2.148363e-01 4.447088e-03
      vertex   2.971868e-01 2.052194e-01 3.000003e-03
      vertex   2.927720e-01 2.145538e-01 3.000003e-03
    endloop
  endfacet
  facet normal 7.925778e-01 4.750529e-01 -3.822894e-01
    outer loop
      vertex   2.933006e-01 2.148363e-01 4.447088e-03
      vertex   2.927720e-01 2.145538e-01 3.000003e-03
      vertex   2.879619e-01 2.237435e-01 4.447088e-03
    endloop
  endfacet
  facet normal 7.925778e-01 4.750529e-01 -3.822894e-01
    outer loop
      vertex   2.879619e-01 2.237435e-01 4.447088e-03
      vertex   2.927720e-01 2.145538e-01 3.000003e-03
      vertex   2.874635e-01 2.234105e-01 3.000003e-03
    endloop
  endfacet
  facet normal 7.421980e-01 5.504516e-01 -3.822894e-01
    outer loop
      vertex   2.879619e-01 2.237435e-01 4.447088e-03
      vertex   2.874635e-01 2.234105e-01 3.000003e-03
      vertex   2.817758e-01 2.320844e-01 4.447088e-03
    endloop
  endfacet
  facet normal 7.421980e-01 5.504516e-01 -3.822894e-01
    outer loop
      vertex   2.817758e-01 2.320844e-01 4.447088e-03
      vertex   2.874635e-01 2.234105e-01 3.000003e-03
      vertex   2.813125e-01 2.317042e-01 3.000003e-03
    endloop
  endfacet
  facet normal 6.846704e-01 6.205491e-01 -3.822894e-01
    outer loop
      vertex   2.817758e-01 2.320844e-01 4.447088e-03
      vertex   2.813125e-01 2.317042e-01 3.000003e-03
      vertex   2.748020e-01 2.397789e-01 4.447088e-03
    endloop
  endfacet
  facet normal 6.846704e-01 6.205491e-01 -3.822894e-01
    outer loop
      vertex   2.748020e-01 2.397789e-01 4.447088e-03
      vertex   2.813125e-01 2.317042e-01 3.000003e-03
      vertex   2.743781e-01 2.393550e-01 3.000003e-03
    endloop
  endfacet
  facet normal 6.205491e-01 6.846704e-01 -3.822894e-01
    outer loop
      vertex   2.748020e-01 2.397789e-01 4.447088e-03
      vertex   2.743781e-01 2.393550e-01 3.000003e-03
      vertex   2.671075e-01 2.467527e-01 4.447088e-03
    endloop
  endfacet
  facet normal 6.205491e-01 6.846704e-01 -3.822894e-01
    outer loop
      vertex   2.671075e-01 2.467527e-01 4.447088e-03
      vertex   2.743781e-01 2.393550e-01 3.000003e-03
      vertex   2.667273e-01 2.462894e-01 3.000003e-03
    endloop
  endfacet
  facet normal 5.504516e-01 7.421980e-01 -3.822894e-01
    outer loop
      vertex   2.671075e-01 2.467527e-01 4.447088e-03
      vertex   2.667273e-01 2.462894e-01 3.000003e-03
      vertex   2.587666e-01 2.529388e-01 4.447088e-03
    endloop
  endfacet
  facet normal 5.504516e-01 7.421980e-01 -3.822894e-01
    outer loop
      vertex   2.587666e-01 2.529388e-01 4.447088e-03
      vertex   2.667273e-01 2.462894e-01 3.000003e-03
      vertex   2.584336e-01 2.524404e-01 3.000003e-03
    endloop
  endfacet
  facet normal 4.750529e-01 7.925778e-01 -3.822894e-01
    outer loop
      vertex   2.587666e-01 2.529388e-01 4.447088e-03
      vertex   2.584336e-01 2.524404e-01 3.000003e-03
      vertex   2.498594e-01 2.582775e-01 4.447088e-03
    endloop
  endfacet
  facet normal 4.750529e-01 7.925778e-01 -3.822894e-01
    outer loop
      vertex   2.498594e-01 2.582775e-01 4.447088e-03
      vertex   2.584336e-01 2.524404e-01 3.000003e-03
      vertex   2.495769e-01 2.577489e-01 3.000003e-03
    endloop
  endfacet
  facet normal 3.950791e-01 8.353246e-01 -3.822894e-01
    outer loop
      vertex   2.498594e-01 2.582775e-01 4.447088e-03
      vertex   2.495769e-01 2.577489e-01 3.000003e-03
      vertex   2.404719e-01 2.627175e-01 4.447088e-03
    endloop
  endfacet
  facet normal 3.950791e-01 8.353246e-01 -3.822894e-01
    outer loop
      vertex   2.404719e-01 2.627175e-01 4.447088e-03
      vertex   2.495769e-01 2.577489e-01 3.000003e-03
      vertex   2.402425e-01 2.621637e-01 3.000003e-03
    endloop
  endfacet
  facet normal 3.113006e-01 8.700269e-01 -3.822894e-01
    outer loop
      vertex   2.404719e-01 2.627175e-01 4.447088e-03
      vertex   2.402425e-01 2.621637e-01 3.000003e-03
      vertex   2.306944e-01 2.662160e-01 4.447088e-03
    endloop
  endfacet
  facet normal 3.113006e-01 8.700269e-01 -3.822894e-01
    outer loop
      vertex   2.306944e-01 2.662160e-01 4.447088e-03
      vertex   2.402425e-01 2.621637e-01 3.000003e-03
      vertex   2.305204e-01 2.656424e-01 3.000003e-03
    endloop
  endfacet
  facet normal 2.245240e-01 8.963502e-01 -3.822894e-01
    outer loop
      vertex   2.306944e-01 2.662160e-01 4.447088e-03
      vertex   2.305204e-01 2.656424e-01 3.000003e-03
      vertex   2.206210e-01 2.687392e-01 4.447088e-03
    endloop
  endfacet
  facet normal 2.245240e-01 8.963502e-01 -3.822894e-01
    outer loop
      vertex   2.206210e-01 2.687392e-01 4.447088e-03
      vertex   2.305204e-01 2.656424e-01 3.000003e-03
      vertex   2.205041e-01 2.681513e-01 3.000003e-03
    endloop
  endfacet
  facet normal 1.355852e-01 9.140413e-01 -3.822894e-01
    outer loop
      vertex   2.206210e-01 2.687392e-01 4.447088e-03
      vertex   2.205041e-01 2.681513e-01 3.000003e-03
      vertex   2.103489e-01 2.702629e-01 4.447088e-03
    endloop
  endfacet
  facet normal 1.355852e-01 9.140413e-01 -3.822894e-01
    outer loop
      vertex   2.103489e-01 2.702629e-01 4.447088e-03
      vertex   2.205041e-01 2.681513e-01 3.000003e-03
      vertex   2.102901e-01 2.696664e-01 3.000003e-03
    endloop
  endfacet
  facet normal 7.927518e-01 3.894540e-02 -6.082992e-01
    outer loop
      vertex   3.051962e-01 1.649537e-01 3.000003e-03
      vertex   3.042426e-01 1.649537e-01 1.757362e-03
      vertex   3.046895e-01 1.752670e-01 3.000003e-03
    endloop
  endfacet
  facet normal 7.927518e-01 3.894540e-02 -6.082992e-01
    outer loop
      vertex   3.046895e-01 1.752670e-01 3.000003e-03
      vertex   3.042426e-01 1.649537e-01 1.757362e-03
      vertex   3.037406e-01 1.751736e-01 1.757362e-03
    endloop
  endfacet
  facet normal 7.851171e-01 1.164611e-01 -6.082992e-01
    outer loop
      vertex   3.046895e-01 1.752670e-01 3.000003e-03
      vertex   3.037406e-01 1.751736e-01 1.757362e-03
      vertex   3.031744e-01 1.854810e-01 3.000003e-03
    endloop
  endfacet
  facet normal 7.851171e-01 1.164611e-01 -6.082992e-01
    outer loop
      vertex   3.031744e-01 1.854810e-01 3.000003e-03
      vertex   3.037406e-01 1.751736e-01 1.757362e-03
      vertex   3.022392e-01 1.852950e-01 1.757362e-03
    endloop
  endfacet
  facet normal 7.699214e-01 1.928553e-01 -6.082992e-01
    outer loop
      vertex   3.031744e-01 1.854810e-01 3.000003e-03
      vertex   3.022392e-01 1.852950e-01 1.757362e-03
      vertex   3.006654e-01 1.954973e-01 3.000003e-03
    endloop
  endfacet
  facet normal 7.699214e-01 1.928553e-01 -6.082992e-01
    outer loop
      vertex   3.006654e-01 1.954973e-01 3.000003e-03
      vertex   3.022392e-01 1.852950e-01 1.757362e-03
      vertex   2.997530e-01 1.952205e-01 1.757362e-03
    endloop
  endfacet
  facet normal 7.473109e-01 2.673921e-01 -6.082992e-01
    outer loop
      vertex   3.006654e-01 1.954973e-01 3.000003e-03
      vertex   2.997530e-01 1.952205e-01 1.757362e-03
      vertex   2.971868e-01 2.052194e-01 3.000003e-03
    endloop
  endfacet
  facet normal 7.473109e-01 2.673921e-01 -6.082992e-01
    outer loop
      vertex   2.971868e-01 2.052194e-01 3.000003e-03
      vertex   2.997530e-01 1.952205e-01 1.757362e-03
      vertex   2.963059e-01 2.048545e-01 1.757362e-03
    endloop
  endfacet
  facet normal 7.175034e-01 3.393538e-01 -6.082992e-01
    outer loop
      vertex   2.971868e-01 2.052194e-01 3.000003e-03
      vertex   2.963059e-01 2.048545e-01 1.757362e-03
      vertex   2.927720e-01 2.145538e-01 3.000003e-03
    endloop
  endfacet
  facet normal 7.175034e-01 3.393538e-01 -6.082992e-01
    outer loop
      vertex   2.927720e-01 2.145538e-01 3.000003e-03
      vertex   2.963059e-01 2.048545e-01 1.757362e-03
      vertex   2.919311e-01 2.141043e-01 1.757362e-03
    endloop
  endfacet
  facet normal 6.807859e-01 4.080474e-01 -6.082992e-01
    outer loop
      vertex   2.927720e-01 2.145538e-01 3.000003e-03
      vertex   2.919311e-01 2.141043e-01 1.757362e-03
      vertex   2.874635e-01 2.234105e-01 3.000003e-03
    endloop
  endfacet
  facet normal 6.807859e-01 4.080474e-01 -6.082992e-01
    outer loop
      vertex   2.874635e-01 2.234105e-01 3.000003e-03
      vertex   2.919311e-01 2.141043e-01 1.757362e-03
      vertex   2.866707e-01 2.228807e-01 1.757362e-03
    endloop
  endfacet
  facet normal 6.375121e-01 4.728112e-01 -6.082992e-01
    outer loop
      vertex   2.874635e-01 2.234105e-01 3.000003e-03
      vertex   2.866707e-01 2.228807e-01 1.757362e-03
      vertex   2.813125e-01 2.317042e-01 3.000003e-03
    endloop
  endfacet
  facet normal 6.375121e-01 4.728112e-01 -6.082992e-01
    outer loop
      vertex   2.813125e-01 2.317042e-01 3.000003e-03
      vertex   2.866707e-01 2.228807e-01 1.757362e-03
      vertex   2.805754e-01 2.310993e-01 1.757362e-03
    endloop
  endfacet
  facet normal 5.880987e-01 5.330216e-01 -6.082992e-01
    outer loop
      vertex   2.813125e-01 2.317042e-01 3.000003e-03
      vertex   2.805754e-01 2.310993e-01 1.757362e-03
      vertex   2.743781e-01 2.393550e-01 3.000003e-03
    endloop
  endfacet
  facet normal 5.880987e-01 5.330216e-01 -6.082992e-01
    outer loop
      vertex   2.743781e-01 2.393550e-01 3.000003e-03
      vertex   2.805754e-01 2.310993e-01 1.757362e-03
      vertex   2.737039e-01 2.386808e-01 1.757362e-03
    endloop
  endfacet
  facet normal 5.330216e-01 5.880987e-01 -6.082992e-01
    outer loop
      vertex   2.743781e-01 2.393550e-01 3.000003e-03
      vertex   2.737039e-01 2.386808e-01 1.757362e-03
      vertex   2.667273e-01 2.462894e-01 3.000003e-03
    endloop
  endfacet
  facet normal 5.330216e-01 5.880987e-01 -6.082992e-01
    outer loop
      vertex   2.667273e-01 2.462894e-01 3.000003e-03
      vertex   2.737039e-01 2.386808e-01 1.757362e-03
      vertex   2.661224e-01 2.455523e-01 1.757362e-03
    endloop
  endfacet
  facet normal 4.728112e-01 6.375121e-01 -6.082992e-01
    outer loop
      vertex   2.667273e-01 2.462894e-01 3.000003e-03
      vertex   2.661224e-01 2.455523e-01 1.757362e-03
      vertex   2.584336e-01 2.524404e-01 3.000003e-03
    endloop
  endfacet
  facet normal 4.728112e-01 6.375121e-01 -6.082992e-01
    outer loop
      vertex   2.584336e-01 2.524404e-01 3.000003e-03
      vertex   2.661224e-01 2.455523e-01 1.757362e-03
      vertex   2.579038e-01 2.516476e-01 1.757362e-03
    endloop
  endfacet
  facet normal 4.080474e-01 6.807859e-01 -6.082992e-01
    outer loop
      vertex   2.584336e-01 2.524404e-01 3.000003e-03
      vertex   2.579038e-01 2.516476e-01 1.757362e-03
      vertex   2.495769e-01 2.577489e-01 3.000003e-03
    endloop
  endfacet
  facet normal 4.080474e-01 6.807859e-01 -6.082992e-01
    outer loop
      vertex   2.495769e-01 2.577489e-01 3.000003e-03
      vertex   2.579038e-01 2.516476e-01 1.757362e-03
      vertex   2.491274e-01 2.569080e-01 1.757362e-03
    endloop
  endfacet
  facet normal 3.393538e-01 7.175034e-01 -6.082992e-01
    outer loop
      vertex   2.495769e-01 2.577489e-01 3.000003e-03
      vertex   2.491274e-01 2.569080e-01 1.757362e-03
      vertex   2.402425e-01 2.621637e-01 3.000003e-03
    endloop
  endfacet
  facet normal 3.393538e-01 7.175034e-01 -6.082992e-01
    outer loop
      vertex   2.402425e-01 2.621637e-01 3.000003e-03
      vertex   2.491274e-01 2.569080e-01 1.757362e-03
      vertex   2.398776e-01 2.612828e-01 1.757362e-03
    endloop
  endfacet
  facet normal 2.673921e-01 7.473109e-01 -6.082992e-01
    outer loop
      vertex   2.402425e-01 2.621637e-01 3.000003e-03
      vertex   2.398776e-01 2.612828e-01 1.757362e-03
      vertex   2.305204e-01 2.656424e-01 3.000003e-03
    endloop
  endfacet
  facet normal 2.673921e-01 7.473109e-01 -6.082992e-01
    outer loop
      vertex   2.305204e-01 2.656424e-01 3.000003e-03
      vertex   2.398776e-01 2.612828e-01 1.757362e-03
      vertex   2.302436e-01 2.647299e-01 1.757362e-03
    endloop
  endfacet
  facet normal 1.928553e-01 7.699214e-01 -6.082992e-01
    outer loop
      vertex   2.305204e-01 2.656424e-01 3.000003e-03
      vertex   2.302436e-01 2.647299e-01 1.757362e-03
      vertex   2.205041e-01 2.681513e-01 3.000003e-03
    endloop
  endfacet
  facet normal 1.928553e-01 7.699214e-01 -6.082992e-01
    outer loop
      vertex   2.205041e-01 2.681513e-01 3.000003e-03
      vertex   2.302436e-01 2.647299e-01 1.757362e-03
      vertex   2.203181e-01 2.672161e-01 1.757362e-03
    endloop
  endfacet
  facet normal 1.164611e-01 7.851171e-01 -6.082992e-01
    outer loop
      vertex   2.205041e-01 2.681513e-01 3.000003e-03
      vertex   2.203181e-01 2.672161e-01 1.757362e-03
      vertex   2.102901e-01 2.696664e-01 3.000003e-03
    endloop
  endfacet
  facet normal 1.164611e-01 7.851171e-01 -6.082992e-01
    outer loop
      vertex   2.102901e-01 2.696664e-01 3.000003e-03
      vertex   2.203181e-01 2.672161e-01 1.757362e-03
      vertex   2.101967e-01 2.687175e-01 1.757362e-03
    endloop
  endfacet
  facet normal 6.084898e-01 2.989319e-02 -7.929984e-01
    outer loop
      vertex   3.042426e-01 1.649537e-01 1.757362e-03
      vertex   3.030000e-01 1.649537e-01 8.038494e-04
      vertex   3.037406e-01 1.751736e-01 1.757362e-03
    endloop
  endfacet
  facet normal 6.084898e-01 2.989319e-02 -7.929984e-01
    outer loop
      vertex   3.037406e-01 1.751736e-01 1.757362e-03
      vertex   3.030000e-01 1.649537e-01 8.038494e-04
      vertex   3.025039e-01 1.750518e-01 8.038494e-04
    endloop
  endfacet
  facet normal 6.026298e-01 8.939168e-02 -7.929984e-01
    outer loop
      vertex   3.037406e-01 1.751736e-01 1.757362e-03
      vertex   3.025039e-01 1.750518e-01 8.038494e-04
      vertex   3.022392e-01 1.852950e-01 1.757362e-03
    endloop
  endfacet
  facet normal 6.026298e-01 8.939168e-02 -7.929984e-01
    outer loop
      vertex   3.022392e-01 1.852950e-01 1.757362e-03
      vertex   3.025039e-01 1.750518e-01 8.038494e-04
      vertex   3.010204e-01 1.850526e-01 8.038494e-04
    endloop
  endfacet
  facet normal 5.909660e-01 1.480293e-01 -7.929984e-01
    outer loop
      vertex   3.022392e-01 1.852950e-01 1.757362e-03
      vertex   3.010204e-01 1.850526e-01 8.038494e-04
      vertex   2.997530e-01 1.952205e-01 1.757362e-03
    endloop
  endfacet
  facet normal 5.909660e-01 1.480293e-01 -7.929984e-01
    outer loop
      vertex   2.997530e-01 1.952205e-01 1.757362e-03
      vertex   3.010204e-01 1.850526e-01 8.038494e-04
      vertex   2.985639e-01 1.948598e-01 8.038494e-04
    endloop
  endfacet
  facet normal 5.736109e-01 2.052413e-01 -7.929984e-01
    outer loop
      vertex   2.997530e-01 1.952205e-01 1.757362e-03
      vertex   2.985639e-01 1.948598e-01 8.038494e-04
      vertex   2.963059e-01 2.048545e-01 1.757362e-03
    endloop
  endfacet
  facet normal 5.736109e-01 2.052413e-01 -7.929984e-01
    outer loop
      vertex   2.963059e-01 2.048545e-01 1.757362e-03
      vertex   2.985639e-01 1.948598e-01 8.038494e-04
      vertex   2.951578e-01 2.043790e-01 8.038494e-04
    endloop
  endfacet
  facet normal 5.507317e-01 2.604767e-01 -7.929984e-01
    outer loop
      vertex   2.963059e-01 2.048545e-01 1.757362e-03
      vertex   2.951578e-01 2.043790e-01 8.038494e-04
      vertex   2.919311e-01 2.141043e-01 1.757362e-03
    endloop
  endfacet
  facet normal 5.507317e-01 2.604767e-01 -7.929984e-01
    outer loop
      vertex   2.919311e-01 2.141043e-01 1.757362e-03
      vertex   2.951578e-01 2.043790e-01 8.038494e-04
      vertex   2.908352e-01 2.135185e-01 8.038494e-04
    endloop
  endfacet
  facet normal 5.225486e-01 3.132036e-01 -7.929984e-01
    outer loop
      vertex   2.919311e-01 2.141043e-01 1.757362e-03
      vertex   2.908352e-01 2.135185e-01 8.038494e-04
      vertex   2.866707e-01 2.228807e-01 1.757362e-03
    endloop
  endfacet
  facet normal 5.225486e-01 3.132036e-01 -7.929984e-01
    outer loop
      vertex   2.866707e-01 2.228807e-01 1.757362e-03
      vertex   2.908352e-01 2.135185e-01 8.038494e-04
      vertex   2.856375e-01 2.221904e-01 8.038494e-04
    endloop
  endfacet
  facet normal 4.893330e-01 3.629141e-01 -7.929984e-01
    outer loop
      vertex   2.866707e-01 2.228807e-01 1.757362e-03
      vertex   2.856375e-01 2.221904e-01 8.038494e-04
      vertex   2.805754e-01 2.310993e-01 1.757362e-03
    endloop
  endfacet
  facet normal 4.893330e-01 3.629141e-01 -7.929984e-01
    outer loop
      vertex   2.805754e-01 2.310993e-01 1.757362e-03
      vertex   2.856375e-01 2.221904e-01 8.038494e-04
      vertex   2.796148e-01 2.303110e-01 8.038494e-04
    endloop
  endfacet
  facet normal 4.514050e-01 4.091296e-01 -7.929984e-01
    outer loop
      vertex   2.805754e-01 2.310993e-01 1.757362e-03
      vertex   2.796148e-01 2.303110e-01 8.038494e-04
      vertex   2.737039e-01 2.386808e-01 1.757362e-03
    endloop
  endfacet
  facet normal 4.514050e-01 4.091296e-01 -7.929984e-01
    outer loop
      vertex   2.737039e-01 2.386808e-01 1.757362e-03
      vertex   2.796148e-01 2.303110e-01 8.038494e-04
      vertex   2.728252e-01 2.378021e-01 8.038494e-04
    endloop
  endfacet
  facet normal 4.091296e-01 4.514050e-01 -7.929984e-01
    outer loop
      vertex   2.737039e-01 2.386808e-01 1.757362e-03
      vertex   2.728252e-01 2.378021e-01 8.038494e-04
      vertex   2.661224e-01 2.455523e-01 1.757362e-03
    endloop
  endfacet
  facet normal 4.091296e-01 4.514050e-01 -7.929984e-01
    outer loop
      vertex   2.661224e-01 2.455523e-01 1.757362e-03
      vertex   2.728252e-01 2.378021e-01 8.038494e-04
      vertex   2.653340e-01 2.445917e-01 8.038494e-04
    endloop
  endfacet
  facet normal 3.629141e-01 4.893330e-01 -7.929984e-01
    outer loop
      vertex   2.661224e-01 2.455523e-01 1.757362e-03
      vertex   2.653340e-01 2.445917e-01 8.038494e-04
      vertex   2.579038e-01 2.516476e-01 1.757362e-03
    endloop
  endfacet
  facet normal 3.629141e-01 4.893330e-01 -7.929984e-01
    outer loop
      vertex   2.579038e-01 2.516476e-01 1.757362e-03
      vertex   2.653340e-01 2.445917e-01 8.038494e-04
      vertex   2.572134e-01 2.506144e-01 8.038494e-04
    endloop
  endfacet
  facet normal 3.132036e-01 5.225486e-01 -7.929984e-01
    outer loop
      vertex   2.579038e-01 2.516476e-01 1.757362e-03
      vertex   2.572134e-01 2.506144e-01 8.038494e-04
      vertex   2.491274e-01 2.569080e-01 1.757362e-03
    endloop
  endfacet
  facet normal 3.132036e-01 5.225486e-01 -7.929984e-01
    outer loop
      vertex   2.491274e-01 2.569080e-01 1.757362e-03
      vertex   2.572134e-01 2.506144e-01 8.038494e-04
      vertex   2.485416e-01 2.558121e-01 8.038494e-04
    endloop
  endfacet
  facet normal 2.604767e-01 5.507317e-01 -7.929984e-01
    outer loop
      vertex   2.491274e-01 2.569080e-01 1.757362e-03
      vertex   2.485416e-01 2.558121e-01 8.038494e-04
      vertex   2.398776e-01 2.612828e-01 1.757362e-03
    endloop
  endfacet
  facet normal 2.604767e-01 5.507317e-01 -7.929984e-01
    outer loop
      vertex   2.398776e-01 2.612828e-01 1.757362e-03
      vertex   2.485416e-01 2.558121e-01 8.038494e-04
      vertex   2.394021e-01 2.601348e-01 8.038494e-04
    endloop
  endfacet
  facet normal 2.052413e-01 5.736109e-01 -7.929984e-01
    outer loop
      vertex   2.398776e-01 2.612828e-01 1.757362e-03
      vertex   2.394021e-01 2.601348e-01 8.038494e-04
      vertex   2.302436e-01 2.647299e-01 1.757362e-03
    endloop
  endfacet
  facet normal 2.052413e-01 5.736109e-01 -7.929984e-01
    outer loop
      vertex   2.302436e-01 2.647299e-01 1.757362e-03
      vertex   2.394021e-01 2.601348e-01 8.038494e-04
      vertex   2.298829e-01 2.635408e-01 8.038494e-04
    endloop
  endfacet
  facet normal 1.480293e-01 5.909660e-01 -7.929984e-01
    outer loop
      vertex   2.302436e-01 2.647299e-01 1.757362e-03
      vertex   2.298829e-01 2.635408e-01 8.038494e-04
      vertex   2.203181e-01 2.672161e-01 1.757362e-03
    endloop
  endfacet
  facet normal 1.480293e-01 5.909660e-01 -7.929984e-01
    outer loop
      vertex   2.203181e-01 2.672161e-01 1.757362e-03
      vertex   2.298829e-01 2.635408e-01 8.038494e-04
      vertex   2.200757e-01 2.659974e-01 8.038494e-04
    endloop
  endfacet
  facet normal 8.939168e-02 6.026298e-01 -7.929984e-01
    outer loop
      vertex   2.203181e-01 2.672161e-01 1.757362e-03
      vertex   2.200757e-01 2.659974e-01 8.038494e-04
      vertex   2.101967e-01 2.687175e-01 1.757362e-03
    endloop
  endfacet
  facet normal 8.939168e-02 6.026298e-01 -7.929984e-01
    outer loop
      vertex   2.101967e-01 2.687175e-01 1.757362e-03
      vertex   2.200757e-01 2.659974e-01 8.038494e-04
      vertex   2.100749e-01 2.674808e-01 8.038494e-04
    endloop
  endfacet
  facet normal 3.826164e-01 1.879674e-02 -9.237161e-01
    outer loop
      vertex   3.030000e-01 1.649537e-01 8.038494e-04
      vertex   3.015529e-01 1.649537e-01 2.044461e-04
      vertex   3.025039e-01 1.750518e-01 8.038494e-04
    endloop
  endfacet
  facet normal 3.826164e-01 1.879674e-02 -9.237161e-01
    outer loop
      vertex   3.025039e-01 1.750518e-01 8.038494e-04
      vertex   3.015529e-01 1.649537e-01 2.044461e-04
      vertex   3.010638e-01 1.749099e-01 2.044461e-04
    endloop
  endfacet
  facet normal 3.789316e-01 5.620920e-02 -9.237161e-01
    outer loop
      vertex   3.025039e-01 1.750518e-01 8.038494e-04
      vertex   3.010638e-01 1.749099e-01 2.044461e-04
      vertex   3.010204e-01 1.850526e-01 8.038494e-04
    endloop
  endfacet
  facet normal 3.789316e-01 5.620920e-02 -9.237161e-01
    outer loop
      vertex   3.010204e-01 1.850526e-01 8.038494e-04
      vertex   3.010638e-01 1.749099e-01 2.044461e-04
      vertex   2.996012e-01 1.847703e-01 2.044461e-04
    endloop
  endfacet
  facet normal 3.715975e-01 9.308033e-02 -9.237161e-01
    outer loop
      vertex   3.010204e-01 1.850526e-01 8.038494e-04
      vertex   2.996012e-01 1.847703e-01 2.044461e-04
      vertex   2.985639e-01 1.948598e-01 8.038494e-04
    endloop
  endfacet
  facet normal 3.715975e-01 9.308033e-02 -9.237161e-01
    outer loop
      vertex   2.985639e-01 1.948598e-01 8.038494e-04
      vertex   2.996012e-01 1.847703e-01 2.044461e-04
      vertex   2.971791e-01 1.944397e-01 2.044461e-04
    endloop
  endfacet
  facet normal 3.606847e-01 1.290550e-01 -9.237161e-01
    outer loop
      vertex   2.985639e-01 1.948598e-01 8.038494e-04
      vertex   2.971791e-01 1.944397e-01 2.044461e-04
      vertex   2.951578e-01 2.043790e-01 8.038494e-04
    endloop
  endfacet
  facet normal 3.606847e-01 1.290550e-01 -9.237161e-01
    outer loop
      vertex   2.951578e-01 2.043790e-01 8.038494e-04
      vertex   2.971791e-01 1.944397e-01 2.044461e-04
      vertex   2.938209e-01 2.038252e-01 2.044461e-04
    endloop
  endfacet
  facet normal 3.462983e-01 1.637869e-01 -9.237161e-01
    outer loop
      vertex   2.951578e-01 2.043790e-01 8.038494e-04
      vertex   2.938209e-01 2.038252e-01 2.044461e-04
      vertex   2.908352e-01 2.135185e-01 8.038494e-04
    endloop
  endfacet
  facet normal 3.462983e-01 1.637869e-01 -9.237161e-01
    outer loop
      vertex   2.908352e-01 2.135185e-01 8.038494e-04
      vertex   2.938209e-01 2.038252e-01 2.044461e-04
      vertex   2.895589e-01 2.128364e-01 2.044461e-04
    endloop
  endfacet
  facet normal 3.285768e-01 1.969414e-01 -9.237161e-01
    outer loop
      vertex   2.908352e-01 2.135185e-01 8.038494e-04
      vertex   2.895589e-01 2.128364e-01 2.044461e-04
      vertex   2.856375e-01 2.221904e-01 8.038494e-04
    endloop
  endfacet
  facet normal 3.285768e-01 1.969414e-01 -9.237161e-01
    outer loop
      vertex   2.856375e-01 2.221904e-01 8.038494e-04
      vertex   2.895589e-01 2.128364e-01 2.044461e-04
      vertex   2.844343e-01 2.213864e-01 2.044461e-04
    endloop
  endfacet
  facet normal 3.076910e-01 2.281992e-01 -9.237161e-01
    outer loop
      vertex   2.856375e-01 2.221904e-01 8.038494e-04
      vertex   2.844343e-01 2.213864e-01 2.044461e-04
      vertex   2.796148e-01 2.303110e-01 8.038494e-04
    endloop
  endfacet
  facet normal 3.076910e-01 2.281992e-01 -9.237161e-01
    outer loop
      vertex   2.796148e-01 2.303110e-01 8.038494e-04
      vertex   2.844343e-01 2.213864e-01 2.044461e-04
      vertex   2.784962e-01 2.293929e-01 2.044461e-04
    endloop
  endfacet
  facet normal 2.838420e-01 2.572594e-01 -9.237161e-01
    outer loop
      vertex   2.796148e-01 2.303110e-01 8.038494e-04
      vertex   2.784962e-01 2.293929e-01 2.044461e-04
      vertex   2.728252e-01 2.378021e-01 8.038494e-04
    endloop
  endfacet
  facet normal 2.838420e-01 2.572594e-01 -9.237161e-01
    outer loop
      vertex   2.728252e-01 2.378021e-01 8.038494e-04
      vertex   2.784962e-01 2.293929e-01 2.044461e-04
      vertex   2.718020e-01 2.367789e-01 2.044461e-04
    endloop
  endfacet
  facet normal 2.572594e-01 2.838420e-01 -9.237161e-01
    outer loop
      vertex   2.728252e-01 2.378021e-01 8.038494e-04
      vertex   2.718020e-01 2.367789e-01 2.044461e-04
      vertex   2.653340e-01 2.445917e-01 8.038494e-04
    endloop
  endfacet
  facet normal 2.572594e-01 2.838420e-01 -9.237161e-01
    outer loop
      vertex   2.653340e-01 2.445917e-01 8.038494e-04
      vertex   2.718020e-01 2.367789e-01 2.044461e-04
      vertex   2.644160e-01 2.434731e-01 2.044461e-04
    endloop
  endfacet
  facet normal 2.281992e-01 3.076910e-01 -9.237161e-01
    outer loop
      vertex   2.653340e-01 2.445917e-01 8.038494e-04
      vertex   2.644160e-01 2.434731e-01 2.044461e-04
      vertex   2.572134e-01 2.506144e-01 8.038494e-04
    endloop
  endfacet
  facet normal 2.281992e-01 3.076910e-01 -9.237161e-01
    outer loop
      vertex   2.572134e-01 2.506144e-01 8.038494e-04
      vertex   2.644160e-01 2.434731e-01 2.044461e-04
      vertex   2.564095e-01 2.494112e-01 2.044461e-04
    endloop
  endfacet
  facet normal 1.969414e-01 3.285768e-01 -9.237161e-01
    outer loop
      vertex   2.572134e-01 2.506144e-01 8.038494e-04
      vertex   2.564095e-01 2.494112e-01 2.044461e-04
      vertex   2.485416e-01 2.558121e-01 8.038494e-04
    endloop
  endfacet
  facet normal 1.969414e-01 3.285768e-01 -9.237161e-01
    outer loop
      vertex   2.485416e-01 2.558121e-01 8.038494e-04
      vertex   2.564095e-01 2.494112e-01 2.044461e-04
      vertex   2.478595e-01 2.545359e-01 2.044461e-04
    endloop
  endfacet
  facet normal 1.637869e-01 3.462983e-01 -9.237161e-01
    outer loop
      vertex   2.485416e-01 2.558121e-01 8.038494e-04
      vertex   2.478595e-01 2.545359e-01 2.044461e-04
      vertex   2.394021e-01 2.601348e-01 8.038494e-04
    endloop
  endfacet
  facet normal 1.637869e-01 3.462983e-01 -9.237161e-01
    outer loop
      vertex   2.394021e-01 2.601348e-01 8.038494e-04
      vertex   2.478595e-01 2.545359e-01 2.044461e-04
      vertex   2.388483e-01 2.587978e-01 2.044461e-04
    endloop
  endfacet
  facet normal 1.290550e-01 3.606847e-01 -9.237161e-01
    outer loop
      vertex   2.394021e-01 2.601348e-01 8.038494e-04
      vertex   2.388483e-01 2.587978e-01 2.044461e-04
      vertex   2.298829e-01 2.635408e-01 8.038494e-04
    endloop
  endfacet
  facet normal 1.290550e-01 3.606847e-01 -9.237161e-01
    outer loop
      vertex   2.298829e-01 2.635408e-01 8.038494e-04
      vertex   2.388483e-01 2.587978e-01 2.044461e-04
      vertex   2.294628e-01 2.621560e-01 2.044461e-04
    endloop
  endfacet
  facet normal 9.308033e-02 3.715975e-01 -9.237161e-01
    outer loop
      vertex   2.298829e-01 2.635408e-01 8.038494e-04
      vertex   2.294628e-01 2.621560e-01 2.044461e-04
      vertex   2.200757e-01 2.659974e-01 8.038494e-04
    endloop
  endfacet
  facet normal 9.308033e-02 3.715975e-01 -9.237161e-01
    outer loop
      vertex   2.200757e-01 2.659974e-01 8.038494e-04
      vertex   2.294628e-01 2.621560e-01 2.044461e-04
      vertex   2.197933e-01 2.645781e-01 2.044461e-04
    endloop
  endfacet
  facet normal 5.620920e-02 3.789316e-01 -9.237161e-01
    outer loop
      vertex   2.200757e-01 2.659974e-01 8.038494e-04
      vertex   2.197933e-01 2.645781e-01 2.044461e-04
      vertex   2.100749e-01 2.674808e-01 8.038494e-04
    endloop
  endfacet
  facet normal 5.620920e-02 3.789316e-01 -9.237161e-01
    outer loop
      vertex   2.100749e-01 2.674808e-01 8.038494e-04
      vertex   2.197933e-01 2.645781e-01 2.044461e-04
      vertex   2.099330e-01 2.660407e-01 2.044461e-04
    endloop
  endfacet
  facet normal 1.305242e-01 6.412244e-03 -9.914244e-01
    outer loop
      vertex   3.015529e-01 1.649537e-01 2.044461e-04
      vertex   3.000000e-01 1.649537e-01 1.332268e-17
      vertex   3.010638e-01 1.749099e-01 2.044461e-04
    endloop
  endfacet
  facet normal 1.305242e-01 6.412244e-03 -9.914244e-01
    outer loop
      vertex   3.010638e-01 1.749099e-01 2.044461e-04
      vertex   3.000000e-01 1.649537e-01 1.332268e-17
      vertex   2.995184e-01 1.747577e-01 1.332268e-17
    endloop
  endfacet
  facet normal 1.292672e-01 1.917498e-02 -9.914244e-01
    outer loop
      vertex   3.010638e-01 1.749099e-01 2.044461e-04
      vertex   2.995184e-01 1.747577e-01 1.332268e-17
      vertex   2.996012e-01 1.847703e-01 2.044461e-04
    endloop
  endfacet
  facet normal 1.292672e-01 1.917498e-02 -9.914244e-01
    outer loop
      vertex   2.996012e-01 1.847703e-01 2.044461e-04
      vertex   2.995184e-01 1.747577e-01 1.332268e-17
      vertex   2.980781e-01 1.844673e-01 1.332268e-17
    endloop
  endfacet
  facet normal 1.267653e-01 3.175305e-02 -9.914244e-01
    outer loop
      vertex   2.996012e-01 1.847703e-01 2.044461e-04
      vertex   2.980781e-01 1.844673e-01 1.332268e-17
      vertex   2.971791e-01 1.944397e-01 2.044461e-04
    endloop
  endfacet
  facet normal 1.267653e-01 3.175305e-02 -9.914244e-01
    outer loop
      vertex   2.971791e-01 1.944397e-01 2.044461e-04
      vertex   2.980781e-01 1.844673e-01 1.332268e-17
      vertex   2.956930e-01 1.939889e-01 1.332268e-17
    endloop
  endfacet
  facet normal 1.230425e-01 4.402531e-02 -9.914244e-01
    outer loop
      vertex   2.971791e-01 1.944397e-01 2.044461e-04
      vertex   2.956930e-01 1.939889e-01 1.332268e-17
      vertex   2.938209e-01 2.038252e-01 2.044461e-04
    endloop
  endfacet
  facet normal 1.230425e-01 4.402531e-02 -9.914244e-01
    outer loop
      vertex   2.938209e-01 2.038252e-01 2.044461e-04
      vertex   2.956930e-01 1.939889e-01 1.332268e-17
      vertex   2.923862e-01 2.032310e-01 1.332268e-17
    endloop
  endfacet
  facet normal 1.181348e-01 5.587360e-02 -9.914244e-01
    outer loop
      vertex   2.938209e-01 2.038252e-01 2.044461e-04
      vertex   2.923862e-01 2.032310e-01 1.332268e-17
      vertex   2.895589e-01 2.128364e-01 2.044461e-04
    endloop
  endfacet
  facet normal 1.181348e-01 5.587360e-02 -9.914244e-01
    outer loop
      vertex   2.895589e-01 2.128364e-01 2.044461e-04
      vertex   2.923862e-01 2.032310e-01 1.332268e-17
      vertex   2.881894e-01 2.121043e-01 1.332268e-17
    endloop
  endfacet
  facet normal 1.120894e-01 6.718378e-02 -9.914244e-01
    outer loop
      vertex   2.895589e-01 2.128364e-01 2.044461e-04
      vertex   2.881894e-01 2.121043e-01 1.332268e-17
      vertex   2.844343e-01 2.213864e-01 2.044461e-04
    endloop
  endfacet
  facet normal 1.120894e-01 6.718378e-02 -9.914244e-01
    outer loop
      vertex   2.844343e-01 2.213864e-01 2.044461e-04
      vertex   2.881894e-01 2.121043e-01 1.332268e-17
      vertex   2.831431e-01 2.205236e-01 1.332268e-17
    endloop
  endfacet
  facet normal 1.049645e-01 7.784696e-02 -9.914244e-01
    outer loop
      vertex   2.844343e-01 2.213864e-01 2.044461e-04
      vertex   2.831431e-01 2.205236e-01 1.332268e-17
      vertex   2.784962e-01 2.293929e-01 2.044461e-04
    endloop
  endfacet
  facet normal 1.049645e-01 7.784696e-02 -9.914244e-01
    outer loop
      vertex   2.784962e-01 2.293929e-01 2.044461e-04
      vertex   2.831431e-01 2.205236e-01 1.332268e-17
      vertex   2.772958e-01 2.284078e-01 1.332268e-17
    endloop
  endfacet
  facet normal 9.682870e-02 8.776042e-02 -9.914244e-01
    outer loop
      vertex   2.784962e-01 2.293929e-01 2.044461e-04
      vertex   2.772958e-01 2.284078e-01 1.332268e-17
      vertex   2.718020e-01 2.367789e-01 2.044461e-04
    endloop
  endfacet
  facet normal 9.682870e-02 8.776042e-02 -9.914244e-01
    outer loop
      vertex   2.718020e-01 2.367789e-01 2.044461e-04
      vertex   2.772958e-01 2.284078e-01 1.332268e-17
      vertex   2.707039e-01 2.356808e-01 1.332268e-17
    endloop
  endfacet
  facet normal 8.776042e-02 9.682870e-02 -9.914244e-01
    outer loop
      vertex   2.718020e-01 2.367789e-01 2.044461e-04
      vertex   2.707039e-01 2.356808e-01 1.332268e-17
      vertex   2.644160e-01 2.434731e-01 2.044461e-04
    endloop
  endfacet
  facet normal 8.776042e-02 9.682870e-02 -9.914244e-01
    outer loop
      vertex   2.644160e-01 2.434731e-01 2.044461e-04
      vertex   2.707039e-01 2.356808e-01 1.332268e-17
      vertex   2.634309e-01 2.422727e-01 1.332268e-17
    endloop
  endfacet
  facet normal 7.784696e-02 1.049645e-01 -9.914244e-01
    outer loop
      vertex   2.644160e-01 2.434731e-01 2.044461e-04
      vertex   2.634309e-01 2.422727e-01 1.332268e-17
      vertex   2.564095e-01 2.494112e-01 2.044461e-04
    endloop
  endfacet
  facet normal 7.784696e-02 1.049645e-01 -9.914244e-01
    outer loop
      vertex   2.564095e-01 2.494112e-01 2.044461e-04
      vertex   2.634309e-01 2.422727e-01 1.332268e-17
      vertex   2.555467e-01 2.481200e-01 1.332268e-17
    endloop
  endfacet
  facet normal 6.718378e-02 1.120894e-01 -9.914244e-01
    outer loop
      vertex   2.564095e-01 2.494112e-01 2.044461e-04
      vertex   2.555467e-01 2.481200e-01 1.332268e-17
      vertex   2.478595e-01 2.545359e-01 2.044461e-04
    endloop
  endfacet
  facet normal 6.718378e-02 1.120894e-01 -9.914244e-01
    outer loop
      vertex   2.478595e-01 2.545359e-01 2.044461e-04
      vertex   2.555467e-01 2.481200e-01 1.332268e-17
      vertex   2.471274e-01 2.531663e-01 1.332268e-17
    endloop
  endfacet
  facet normal 5.587360e-02 1.181348e-01 -9.914244e-01
    outer loop
      vertex   2.478595e-01 2.545359e-01 2.044461e-04
      vertex   2.471274e-01 2.531663e-01 1.332268e-17
      vertex   2.388483e-01 2.587978e-01 2.044461e-04
    endloop
  endfacet
  facet normal 5.587360e-02 1.181348e-01 -9.914244e-01
    outer loop
      vertex   2.388483e-01 2.587978e-01 2.044461e-04
      vertex   2.471274e-01 2.531663e-01 1.332268e-17
      vertex   2.382540e-01 2.573631e-01 1.332268e-17
    endloop
  endfacet
  facet normal 4.402531e-02 1.230425e-01 -9.914244e-01
    outer loop
      vertex   2.388483e-01 2.587978e-01 2.044461e-04
      vertex   2.382540e-01 2.573631e-01 1.332268e-17
      vertex   2.294628e-01 2.621560e-01 2.044461e-04
    endloop
  endfacet
  facet normal 4.402531e-02 1.230425e-01 -9.914244e-01
    outer loop
      vertex   2.294628e-01 2.621560e-01 2.044461e-04
      vertex   2.382540e-01 2.573631e-01 1.332268e-17
      vertex   2.290120e-01 2.606700e-01 1.332268e-17
    endloop
  endfacet
  facet normal 3.175305e-02 1.267653e-01 -9.914244e-01
    outer loop
      vertex   2.294628e-01 2.621560e-01 2.044461e-04
      vertex   2.290120e-01 2.606700e-01 1.332268e-17
      vertex   2.197933e-01 2.645781e-01 2.044461e-04
    endloop
  endfacet
  facet normal 3.175305e-02 1.267653e-01 -9.914244e-01
    outer loop
      vertex   2.197933e-01 2.645781e-01 2.044461e-04
      vertex   2.290120e-01 2.606700e-01 1.332268e-17
      vertex   2.194904e-01 2.630550e-01 1.332268e-17
    endloop
  endfacet
  facet normal 1.917498e-02 1.292672e-01 -9.914244e-01
    outer loop
      vertex   2.197933e-01 2.645781e-01 2.044461e-04
      vertex   2.194904e-01 2.630550e-01 1.332268e-17
      vertex   2.099330e-01 2.660407e-01 2.044461e-04
    endloop
  endfacet
  facet normal 1.917498e-02 1.292672e-01 -9.914244e-01
    outer loop
      vertex   2.099330e-01 2.660407e-01 2.044461e-04
      vertex   2.194904e-01 2.630550e-01 1.332268e-17
      vertex   2.097808e-01 2.644953e-01 1.332268e-17
    endloop
  endfacet
  facet normal -9.987955e-01 -4.906767e-02 -3.720803e-07
    outer loop
      vertex   3.000000e-01 1.649537e-01 1.332268e-17
      vertex   3.000000e-01 1.649537e-01 1.200000e-02
      vertex   2.995184e-01 1.747577e-01 1.332268e-17
    endloop
  endfacet
  facet normal -9.987955e-01 -4.906767e-02 -3.720803e-07
    outer loop
      vertex   2.995184e-01 1.747577e-01 1.332268e-17
      vertex   3.000000e-01 1.649537e-01 1.200000e-02
      vertex   2.995184e-01 1.747577e-01 1.200000e-02
    endloop
  endfacet
  facet normal -9.891765e-01 -1.467305e-01 -3.720803e-07
    outer loop
      vertex   2.995184e-01 1.747577e-01 1.332268e-17
      vertex   2.995184e-01 1.747577e-01 1.200000e-02
      vertex   2.980781e-01 1.844673e-01 1.332268e-17
    endloop
  endfacet
  facet normal -9.891765e-01 -1.467305e-01 -3.720803e-07
    outer loop
      vertex   2.980781e-01 1.844673e-01 1.332268e-17
      vertex   2.995184e-01 1.747577e-01 1.200000e-02
      vertex   2.980781e-01 1.844673e-01 1.200000e-02
    endloop
  endfacet
  facet normal -9.700313e-01 -2.429802e-01 -3.720803e-07
    outer loop
      vertex   2.980781e-01 1.844673e-01 1.332268e-17
      vertex   2.980781e-01 1.844673e-01 1.200000e-02
      vertex   2.956930e-01 1.939889e-01 1.332268e-17
    endloop
  endfacet
  facet normal -9.700313e-01 -2.429802e-01 -3.720803e-07
    outer loop
      vertex   2.956930e-01 1.939889e-01 1.332268e-17
      vertex   2.980781e-01 1.844673e-01 1.200000e-02
      vertex   2.956930e-01 1.939889e-01 1.200000e-02
    endloop
  endfacet
  facet normal -9.415441e-01 -3.368899e-01 -3.720803e-07
    outer loop
      vertex   2.956930e-01 1.939889e-01 1.332268e-17
      vertex   2.956930e-01 1.939889e-01 1.200000e-02
      vertex   2.923862e-01 2.032310e-01 1.332268e-17
    endloop
  endfacet
  facet normal -9.415441e-01 -3.368899e-01 -3.720803e-07
    outer loop
      vertex   2.923862e-01 2.032310e-01 1.332268e-17
      vertex   2.956930e-01 1.939889e-01 1.200000e-02
      vertex   2.923862e-01 2.032310e-01 1.200000e-02
    endloop
  endfacet
  facet normal -9.039893e-01 -4.275551e-01 -3.720803e-07
    outer loop
      vertex   2.923862e-01 2.032310e-01 1.332268e-17
      vertex   2.923862e-01 2.032310e-01 1.200000e-02
      vertex   2.881894e-01 2.121043e-01 1.332268e-17
    endloop
  endfacet
  facet normal -9.039893e-01 -4.275551e-01 -3.720803e-07
    outer loop
      vertex   2.881894e-01 2.121043e-01 1.332268e-17
      vertex   2.923862e-01 2.032310e-01 1.200000e-02
      vertex   2.881894e-01 2.121043e-01 1.200000e-02
    endloop
  endfacet
  facet normal -8.577286e-01 -5.141027e-01 -3.720803e-07
    outer loop
      vertex   2.881894e-01 2.121043e-01 1.332268e-17
      vertex   2.881894e-01 2.121043e-01 1.200000e-02
      vertex   2.831431e-01 2.205236e-01 1.332268e-17
    endloop
  endfacet
  facet normal -8.577286e-01 -5.141027e-01 -3.720803e-07
    outer loop
      vertex   2.831431e-01 2.205236e-01 1.332268e-17
      vertex   2.881894e-01 2.121043e-01 1.200000e-02
      vertex   2.831431e-01 2.205236e-01 1.200000e-02
    endloop
  endfacet
  facet normal -8.032075e-01 -5.956993e-01 -3.720803e-07
    outer loop
      vertex   2.831431e-01 2.205236e-01 1.332268e-17
      vertex   2.831431e-01 2.205236e-01 1.200000e-02
      vertex   2.772958e-01 2.284078e-01 1.332268e-17
    endloop
  endfacet
  facet normal -8.032075e-01 -5.956993e-01 -3.720803e-07
    outer loop
      vertex   2.772958e-01 2.284078e-01 1.332268e-17
      vertex   2.831431e-01 2.205236e-01 1.200000e-02
      vertex   2.772958e-01 2.284078e-01 1.200000e-02
    endloop
  endfacet
  facet normal -7.409511e-01 -6.715590e-01 -3.720803e-07
    outer loop
      vertex   2.772958e-01 2.284078e-01 1.332268e-17
      vertex   2.772958e-01 2.284078e-01 1.200000e-02
      vertex   2.707039e-01 2.356808e-01 1.332268e-17
    endloop
  endfacet
  facet normal -7.409511e-01 -6.715590e-01 -3.720803e-07
    outer loop
      vertex   2.707039e-01 2.356808e-01 1.332268e-17
      vertex   2.772958e-01 2.284078e-01 1.200000e-02
      vertex   2.707039e-01 2.356808e-01 1.200000e-02
    endloop
  endfacet
  facet normal -6.715590e-01 -7.409511e-01 -3.720803e-07
    outer loop
      vertex   2.707039e-01 2.356808e-01 1.332268e-17
      vertex   2.707039e-01 2.356808e-01 1.200000e-02
      vertex   2.634309e-01 2.422727e-01 1.332268e-17
    endloop
  endfacet
  facet normal -6.715590e-01 -7.409511e-01 -3.720803e-07
    outer loop
      vertex   2.634309e-01 2.422727e-01 1.332268e-17
      vertex   2.707039e-01 2.356808e-01 1.200000e-02
      vertex   2.634309e-01 2.422727e-01 1.200000e-02
    endloop
  endfacet
  facet normal -5.956993e-01 -8.032075e-01 -3.720803e-07
    outer loop
      vertex   2.634309e-01 2.422727e-01 1.332268e-17
      vertex   2.634309e-01 2.422727e-01 1.200000e-02
      vertex   2.555467e-01 2.481200e-01 1.332268e-17
    endloop
  endfacet
  facet normal -5.956993e-01 -8.032075e-01 -3.720803e-07
    outer loop
      vertex   2.555467e-01 2.481200e-01 1.332268e-17
      vertex   2.634309e-01 2.422727e-01 1.200000e-02
      vertex   2.555467e-01 2.481200e-01 1.200000e-02
    endloop
  endfacet
  facet normal -5.141027e-01 -8.577286e-01 -3.720803e-07
    outer loop
      vertex   2.555467e-01 2.481200e-01 1.332268e-17
      vertex   2.555467e-01 2.481200e-01 1.200000e-02
      vertex   2.471274e-01 2.531663e-01 1.332268e-17
    endloop
  endfacet
  facet normal -5.141027e-01 -8.577286e-01 -3.720803e-07
    outer loop
      vertex   2.471274e-01 2.531663e-01 1.332268e-17
      vertex   2.555467e-01 2.481200e-01 1.200000e-02
      vertex   2.471274e-01 2.531663e-01 1.200000e-02
    endloop
  endfacet
  facet normal -4.275551e-01 -9.039893e-01 -3.720803e-07
    outer loop
      vertex   2.471274e-01 2.531663e-01 1.332268e-17
      vertex   2.471274e-01 2.531663e-01 1.200000e-02
      vertex   2.382540e-01 2.573631e-01 1.332268e-17
    endloop
  endfacet
  facet normal -4.275551e-01 -9.039893e-01 -3.720803e-07
    outer loop
      vertex   2.382540e-01 2.573631e-01 1.332268e-17
      vertex   2.471274e-01 2.531663e-01 1.200000e-02
      vertex   2.382540e-01 2.573631e-01 1.200000e-02
    endloop
  endfacet
  facet normal -3.368899e-01 -9.415441e-01 -3.720803e-07
    outer loop
      vertex   2.382540e-01 2.573631e-01 1.332268e-17
      vertex   2.382540e-01 2.573631e-01 1.200000e-02
      vertex   2.290120e-01 2.606700e-01 1.332268e-17
    endloop
  endfacet
  facet normal -3.368899e-01 -9.415441e-01 -3.720803e-07
    outer loop
      vertex   2.290120e-01 2.606700e-01 1.332268e-17
      vertex   2.382540e-01 2.573631e-01 1.200000e-02
      vertex   2.290120e-01 2.606700e-01 1.200000e-02
    endloop
  endfacet
  facet normal -2.429802e-01 -9.700313e-01 -3.720803e-07
    outer loop
      vertex   2.290120e-01 2.606700e-01 1.332268e-17
      vertex   2.290120e-01 2.606700e-01 1.200000e-02
      vertex   2.194904e-01 2.630550e-01 1.332268e-17
    endloop
  endfacet
  facet normal -2.429802e-01 -9.700313e-01 -3.720803e-07
    outer loop
      vertex   2.194904e-01 2.630550e-01 1.332268e-17
      vertex   2.290120e-01 2.606700e-01 1.200000e-02
      vertex   2.194904e-01 2.630550e-01 1.200000e-02
    endloop
  endfacet
  facet normal -1.467305e-01 -9.891765e-01 -3.720803e-07
    outer loop
      vertex   2.194904e-01 2.630550e-01 1.332268e-17
      vertex   2.194904e-01 2.630550e-01 1.200000e-02
      vertex   2.097808e-01 2.644953e-01 1.332268e-17
    endloop
  endfacet
  facet normal -1.467305e-01 -9.891765e-01 -3.720803e-07
    outer loop
      vertex   2.097808e-01 2.644953e-01 1.332268e-17
      vertex   2.194904e-01 2.630550e-01 1.200000e-02
      vertex   2.097808e-01 2.644953e-01 1.200000e-02
    endloop
  endfacet
  facet normal -4.906767e-02 -9.987955e-01 -3.720803e-07
    outer loop
      vertex   2.097808e-01 2.644953e-01 1.332268e-17
      vertex   2.097808e-01 2.644953e-01 1.200000e-02
      vertex   1.999768e-01 2.649769e-01 1.332268e-17
    endloop
  endfacet
  facet normal -4.906767e-02 -9.987955e-01 -3.720803e-07
    outer loop
      vertex   1.999768e-01 2.649769e-01 1.332268e-17
      vertex   2.097808e-01 2.644953e-01 1.200000e-02
      vertex   1.999768e-01 2.649769e-01 1.200000e-02
    endloop
  endfacet
  facet normal 3.165329e-16 1.305269e-01 -9.914448e-01
    outer loop
      vertex   -2.000232e-01 2.665298e-01 2.044461e-04
      vertex   -1.666898e-01 2.665298e-01 2.044461e-04
      vertex   -2.000232e-01 2.649769e-01 1.332268e-17
    endloop
  endfacet
  facet normal 0.000000e+00 1.305269e-01 -9.914448e-01
    outer loop
      vertex   -2.000232e-01 2.649769e-01 1.332268e-17
      vertex   -1.666898e-01 2.665298e-01 2.044461e-04
      vertex   -1.333565e-01 2.665298e-01 2.044461e-04
    endloop
  endfacet
  facet normal 0.000000e+00 1.305269e-01 -9.914448e-01
    outer loop
      vertex   -2.000232e-01 2.649769e-01 1.332268e-17
      vertex   -1.333565e-01 2.665298e-01 2.044461e-04
      vertex   -1.000232e-01 2.665298e-01 2.044461e-04
    endloop
  endfacet
  facet normal 0.000000e+00 3.826840e-01 -9.238793e-01
    outer loop
      vertex   -1.000232e-01 2.665298e-01 2.044461e-04
      vertex   -1.333565e-01 2.665298e-01 2.044461e-04
      vertex   -1.000232e-01 2.679769e-01 8.038494e-04
    endloop
  endfacet
  facet normal 6.367697e-16 3.826840e-01 -9.238793e-01
    outer loop
      vertex   -1.000232e-01 2.665298e-01 2.044461e-04
      vertex   -1.000232e-01 2.679769e-01 8.038494e-04
      vertex   -6.668984e-02 2.679769e-01 8.038494e-04
    endloop
  endfacet
  facet normal 1.013792e-15 6.087619e-01 -7.933530e-01
    outer loop
      vertex   -6.668984e-02 2.679769e-01 8.038494e-04
      vertex   -1.000232e-01 2.679769e-01 8.038494e-04
      vertex   -6.668984e-02 2.692196e-01 1.757362e-03
    endloop
  endfacet
  facet normal 1.013965e-15 6.087619e-01 -7.933530e-01
    outer loop
      vertex   -6.668984e-02 2.679769e-01 8.038494e-04
      vertex   -6.668984e-02 2.692196e-01 1.757362e-03
      vertex   -3.335651e-02 2.692196e-01 1.757362e-03
    endloop
  endfacet
  facet normal 1.321199e-15 7.933537e-01 -6.087610e-01
    outer loop
      vertex   -3.335651e-02 2.692196e-01 1.757362e-03
      vertex   -6.668984e-02 2.692196e-01 1.757362e-03
      vertex   -3.335651e-02 2.701731e-01 3.000003e-03
    endloop
  endfacet
  facet normal 0.000000e+00 7.933537e-01 -6.087610e-01
    outer loop
      vertex   -3.335651e-02 2.692196e-01 1.757362e-03
      vertex   -3.335651e-02 2.701731e-01 3.000003e-03
      vertex   -2.317404e-05 2.701731e-01 3.000003e-03
    endloop
  endfacet
  facet normal 0.000000e+00 9.238797e-01 -3.826830e-01
    outer loop
      vertex   -2.317404e-05 2.701731e-01 3.000003e-03
      vertex   -3.335651e-02 2.701731e-01 3.000003e-03
      vertex   -2.317404e-05 2.707725e-01 4.447088e-03
    endloop
  endfacet
  facet normal 0.000000e+00 9.238797e-01 -3.826830e-01
    outer loop
      vertex   -2.317404e-05 2.701731e-01 3.000003e-03
      vertex   -2.317404e-05 2.707725e-01 4.447088e-03
      vertex   3.331016e-02 2.707725e-01 4.447088e-03
    endloop
  endfacet
  facet normal 0.000000e+00 9.914449e-01 -1.305258e-01
    outer loop
      vertex   3.331016e-02 2.707725e-01 4.447088e-03
      vertex   -2.317404e-05 2.707725e-01 4.447088e-03
      vertex   3.331016e-02 2.709769e-01 6.000002e-03
    endloop
  endfacet
  facet normal 1.651748e-15 9.914449e-01 -1.305258e-01
    outer loop
      vertex   3.331016e-02 2.707725e-01 4.447088e-03
      vertex   3.331016e-02 2.709769e-01 6.000002e-03
      vertex   6.664349e-02 2.709769e-01 6.000002e-03
    endloop
  endfacet
  facet normal 1.651087e-15 9.914448e-01 1.305265e-01
    outer loop
      vertex   6.664349e-02 2.709769e-01 6.000002e-03
      vertex   3.331016e-02 2.709769e-01 6.000002e-03
      vertex   6.664349e-02 2.707725e-01 7.552916e-03
    endloop
  endfacet
  facet normal 0.000000e+00 9.914448e-01 1.305265e-01
    outer loop
      vertex   6.664349e-02 2.709769e-01 6.000002e-03
      vertex   6.664349e-02 2.707725e-01 7.552916e-03
      vertex   9.997683e-02 2.707725e-01 7.552916e-03
    endloop
  endfacet
  facet normal 0.000000e+00 9.238794e-01 3.826837e-01
    outer loop
      vertex   9.997683e-02 2.707725e-01 7.552916e-03
      vertex   6.664349e-02 2.707725e-01 7.552916e-03
      vertex   9.997683e-02 2.701731e-01 9.000001e-03
    endloop
  endfacet
  facet normal 0.000000e+00 9.238794e-01 3.826837e-01
    outer loop
      vertex   9.997683e-02 2.707725e-01 7.552916e-03
      vertex   9.997683e-02 2.701731e-01 9.000001e-03
      vertex   1.333102e-01 2.701731e-01 9.000001e-03
    endloop
  endfacet
  facet normal 0.000000e+00 7.933532e-01 6.087616e-01
    outer loop
      vertex   1.333102e-01 2.701731e-01 9.000001e-03
      vertex   9.997683e-02 2.701731e-01 9.000001e-03
      vertex   1.333102e-01 2.692196e-01 1.024264e-02
    endloop
  endfacet
  facet normal 1.322210e-15 7.933532e-01 6.087616e-01
    outer loop
      vertex   1.333102e-01 2.701731e-01 9.000001e-03
      vertex   1.333102e-01 2.692196e-01 1.024264e-02
      vertex   1.666435e-01 2.692196e-01 1.024264e-02
    endloop
  endfacet
  facet normal 1.013791e-15 6.087613e-01 7.933534e-01
    outer loop
      vertex   1.666435e-01 2.692196e-01 1.024264e-02
      vertex   1.333102e-01 2.692196e-01 1.024264e-02
      vertex   1.666435e-01 2.679769e-01 1.119615e-02
    endloop
  endfacet
  facet normal 9.328474e-16 6.087613e-01 7.933534e-01
    outer loop
      vertex   1.666435e-01 2.692196e-01 1.024264e-02
      vertex   1.666435e-01 2.679769e-01 1.119615e-02
      vertex   1.999768e-01 2.679769e-01 1.119615e-02
    endloop
  endfacet
  facet normal 5.411353e-16 3.826833e-01 9.238796e-01
    outer loop
      vertex   1.999768e-01 2.679769e-01 1.119615e-02
      vertex   1.666435e-01 2.679769e-01 1.119615e-02
      vertex   1.999768e-01 2.665298e-01 1.179556e-02
    endloop
  endfacet
  facet normal 0.000000e+00 3.826833e-01 9.238796e-01
    outer loop
      vertex   1.999768e-01 2.665298e-01 1.179556e-02
      vertex   1.666435e-01 2.679769e-01 1.119615e-02
      vertex   1.666435e-01 2.665298e-01 1.179556e-02
    endloop
  endfacet
  facet normal 0.000000e+00 1.305262e-01 9.914449e-01
    outer loop
      vertex   1.999768e-01 2.665298e-01 1.179556e-02
      vertex   1.666435e-01 2.665298e-01 1.179556e-02
      vertex   1.999768e-01 2.649769e-01 1.200000e-02
    endloop
  endfacet
  facet normal 2.169884e-16 1.305262e-01 9.914449e-01
    outer loop
      vertex   1.999768e-01 2.649769e-01 1.200000e-02
      vertex   1.666435e-01 2.665298e-01 1.179556e-02
      vertex   1.333102e-01 2.665298e-01 1.179556e-02
    endloop
  endfacet
  facet normal 0.000000e+00 1.305262e-01 9.914449e-01
    outer loop
      vertex   1.999768e-01 2.649769e-01 1.200000e-02
      vertex   1.333102e-01 2.665298e-01 1.179556e-02
      vertex   9.997683e-02 2.665298e-01 1.179556e-02
    endloop
  endfacet
  facet normal -0.000000e+00 3.826833e-01 9.238796e-01
    outer loop
      vertex   9.997683e-02 2.665298e-01 1.179556e-02
      vertex   1.333102e-01 2.665298e-01 1.179556e-02
      vertex   9.997683e-02 2.679769e-01 1.119615e-02
    endloop
  endfacet
  facet normal 6.387977e-16 3.826833e-01 9.238796e-01
    outer loop
      vertex   9.997683e-02 2.665298e-01 1.179556e-02
      vertex   9.997683e-02 2.679769e-01 1.119615e-02
      vertex   6.664349e-02 2.679769e-01 1.119615e-02
    endloop
  endfacet
  facet normal 1.013791e-15 6.087613e-01 7.933534e-01
    outer loop
      vertex   6.664349e-02 2.679769e-01 1.119615e-02
      vertex   9.997683e-02 2.679769e-01 1.119615e-02
      vertex   6.664349e-02 2.692196e-01 1.024264e-02
    endloop
  endfacet
  facet normal 1.013965e-15 6.087613e-01 7.933534e-01
    outer loop
      vertex   6.664349e-02 2.679769e-01 1.119615e-02
      vertex   6.664349e-02 2.692196e-01 1.024264e-02
      vertex   3.331016e-02 2.692196e-01 1.024264e-02
    endloop
  endfacet
  facet normal 1.321198e-15 7.933532e-01 6.087616e-01
    outer loop
      vertex   3.331016e-02 2.692196e-01 1.024264e-02
      vertex   6.664349e-02 2.692196e-01 1.024264e-02
      vertex   3.331016e-02 2.701731e-01 9.000001e-03
    endloop
  endfacet
  facet normal 0.000000e+00 7.933532e-01 6.087616e-01
    outer loop
      vertex   3.331016e-02 2.692196e-01 1.024264e-02
      vertex   3.331016e-02 2.701731e-01 9.000001e-03
      vertex   -2.317404e-05 2.701731e-01 9.000001e-03
    endloop
  endfacet
  facet normal -0.000000e+00 9.238794e-01 3.826837e-01
    outer loop
      vertex   -2.317404e-05 2.701731e-01 9.000001e-03
      vertex   3.331016e-02 2.701731e-01 9.000001e-03
      vertex   -2.317404e-05 2.707725e-01 7.552916e-03
    endloop
  endfacet
  facet normal 1.539198e-15 9.238794e-01 3.826837e-01
    outer loop
      vertex   -2.317404e-05 2.701731e-01 9.000001e-03
      vertex   -2.317404e-05 2.707725e-01 7.552916e-03
      vertex   -3.335651e-02 2.707725e-01 7.552916e-03
    endloop
  endfacet
  facet normal 1.651087e-15 9.914448e-01 1.305265e-01
    outer loop
      vertex   -3.335651e-02 2.707725e-01 7.552916e-03
      vertex   -2.317404e-05 2.707725e-01 7.552916e-03
      vertex   -3.335651e-02 2.709769e-01 6.000002e-03
    endloop
  endfacet
  facet normal 1.651748e-15 9.914448e-01 1.305265e-01
    outer loop
      vertex   -3.335651e-02 2.707725e-01 7.552916e-03
      vertex   -3.335651e-02 2.709769e-01 6.000002e-03
      vertex   -6.668984e-02 2.709769e-01 6.000002e-03
    endloop
  endfacet
  facet normal 1.651087e-15 9.914449e-01 -1.305258e-01
    outer loop
      vertex   -6.668984e-02 2.709769e-01 6.000002e-03
      vertex   -3.335651e-02 2.709769e-01 6.000002e-03
      vertex   -6.668984e-02 2.707725e-01 4.447088e-03
    endloop
  endfacet
  facet normal 1.651748e-15 9.914449e-01 -1.305258e-01
    outer loop
      vertex   -6.668984e-02 2.709769e-01 6.000002e-03
      vertex   -6.668984e-02 2.707725e-01 4.447088e-03
      vertex   -1.000232e-01 2.707725e-01 4.447088e-03
    endloop
  endfacet
  facet normal 1.538569e-15 9.238797e-01 -3.826830e-01
    outer loop
      vertex   -1.000232e-01 2.707725e-01 4.447088e-03
      vertex   -6.668984e-02 2.707725e-01 4.447088e-03
      vertex   -1.000232e-01 2.701731e-01 3.000003e-03
    endloop
  endfacet
  facet normal 1.539198e-15 9.238797e-01 -3.826830e-01
    outer loop
      vertex   -1.000232e-01 2.707725e-01 4.447088e-03
      vertex   -1.000232e-01 2.701731e-01 3.000003e-03
      vertex   -1.333565e-01 2.701731e-01 3.000003e-03
    endloop
  endfacet
  facet normal 1.321199e-15 7.933537e-01 -6.087610e-01
    outer loop
      vertex   -1.333565e-01 2.701731e-01 3.000003e-03
      vertex   -1.000232e-01 2.701731e-01 3.000003e-03
      vertex   -1.333565e-01 2.692196e-01 1.757362e-03
    endloop
  endfacet
  facet normal 0.000000e+00 7.933537e-01 -6.087610e-01
    outer loop
      vertex   -1.333565e-01 2.701731e-01 3.000003e-03
      vertex   -1.333565e-01 2.692196e-01 1.757362e-03
      vertex   -1.666898e-01 2.692196e-01 1.757362e-03
    endloop
  endfacet
  facet normal 0.000000e+00 6.087619e-01 -7.933530e-01
    outer loop
      vertex   -1.666898e-01 2.692196e-01 1.757362e-03
      vertex   -1.333565e-01 2.692196e-01 1.757362e-03
      vertex   -1.666898e-01 2.679769e-01 8.038494e-04
    endloop
  endfacet
  facet normal 1.147808e-15 6.087619e-01 -7.933530e-01
    outer loop
      vertex   -1.666898e-01 2.692196e-01 1.757362e-03
      vertex   -1.666898e-01 2.679769e-01 8.038494e-04
      vertex   -2.000232e-01 2.679769e-01 8.038494e-04
    endloop
  endfacet
  facet normal 7.905527e-16 3.826840e-01 -9.238793e-01
    outer loop
      vertex   -2.000232e-01 2.679769e-01 8.038494e-04
      vertex   -1.666898e-01 2.679769e-01 8.038494e-04
      vertex   -2.000232e-01 2.665298e-01 2.044461e-04
    endloop
  endfacet
  facet normal 7.297012e-16 3.826840e-01 -9.238793e-01
    outer loop
      vertex   -2.000232e-01 2.665298e-01 2.044461e-04
      vertex   -1.666898e-01 2.679769e-01 8.038494e-04
      vertex   -1.666898e-01 2.665298e-01 2.044461e-04
    endloop
  endfacet
  facet normal 1.107249e-15 6.087619e-01 -7.933530e-01
    outer loop
      vertex   -2.000232e-01 2.679769e-01 8.038494e-04
      vertex   -2.000232e-01 2.692196e-01 1.757362e-03
      vertex   -1.666898e-01 2.692196e-01 1.757362e-03
    endloop
  endfacet
  facet normal 1.392481e-15 7.933537e-01 -6.087610e-01
    outer loop
      vertex   -1.666898e-01 2.692196e-01 1.757362e-03
      vertex   -2.000232e-01 2.692196e-01 1.757362e-03
      vertex   -1.666898e-01 2.701731e-01 3.000003e-03
    endloop
  endfacet
  facet normal 0.000000e+00 7.933537e-01 -6.087610e-01
    outer loop
      vertex   -1.666898e-01 2.692196e-01 1.757362e-03
      vertex   -1.666898e-01 2.701731e-01 3.000003e-03
      vertex   -1.333565e-01 2.701731e-01 3.000003e-03
    endloop
  endfacet
  facet normal 0.000000e+00 9.238797e-01 -3.826830e-01
    outer loop
      vertex   -1.333565e-01 2.701731e-01 3.000003e-03
      vertex   -1.666898e-01 2.701731e-01 3.000003e-03
      vertex   -1.333565e-01 2.707725e-01 4.447088e-03
    endloop
  endfacet
  facet normal 0.000000e+00 9.238797e-01 -3.826830e-01
    outer loop
      vertex   -1.333565e-01 2.701731e-01 3.000003e-03
      vertex   -1.333565e-01 2.707725e-01 4.447088e-03
      vertex   -1.000232e-01 2.707725e-01 4.447088e-03
    endloop
  endfacet
  facet normal 0.000000e+00 9.914449e-01 -1.305258e-01
    outer loop
      vertex   -1.000232e-01 2.707725e-01 4.447088e-03
      vertex   -1.333565e-01 2.707725e-01 4.447088e-03
      vertex   -1.000232e-01 2.709769e-01 6.000002e-03
    endloop
  endfacet
  facet normal 1.651748e-15 9.914449e-01 -1.305258e-01
    outer loop
      vertex   -1.000232e-01 2.707725e-01 4.447088e-03
      vertex   -1.000232e-01 2.709769e-01 6.000002e-03
      vertex   -6.668984e-02 2.709769e-01 6.000002e-03
    endloop
  endfacet
  facet normal 1.651087e-15 9.914448e-01 1.305265e-01
    outer loop
      vertex   -6.668984e-02 2.709769e-01 6.000002e-03
      vertex   -1.000232e-01 2.709769e-01 6.000002e-03
      vertex   -6.668984e-02 2.707725e-01 7.552916e-03
    endloop
  endfacet
  facet normal 0.000000e+00 9.914448e-01 1.305265e-01
    outer loop
      vertex   -6.668984e-02 2.709769e-01 6.000002e-03
      vertex   -6.668984e-02 2.707725e-01 7.552916e-03
      vertex   -3.335651e-02 2.707725e-01 7.552916e-03
    endloop
  endfacet
  facet normal 0.000000e+00 9.238794e-01 3.826837e-01
    outer loop
      vertex   -3.335651e-02 2.707725e-01 7.552916e-03
      vertex   -6.668984e-02 2.707725e-01 7.552916e-03
      vertex   -3.335651e-02 2.701731e-01 9.000001e-03
    endloop
  endfacet
  facet normal 0.000000e+00 9.238794e-01 3.826837e-01
    outer loop
      vertex   -3.335651e-02 2.707725e-01 7.552916e-03
      vertex   -3.335651e-02 2.701731e-01 9.000001e-03
      vertex   -2.317404e-05 2.701731e-01 9.000001e-03
    endloop
  endfacet
  facet normal 0.000000e+00 7.933532e-01 6.087616e-01
    outer loop
      vertex   -2.317404e-05 2.701731e-01 9.000001e-03
      vertex   -3.335651e-02 2.701731e-01 9.000001e-03
      vertex   -2.317404e-05 2.692196e-01 1.024264e-02
    endloop
  endfacet
  facet normal 0.000000e+00 7.933532e-01 6.087616e-01
    outer loop
      vertex   -2.317404e-05 2.701731e-01 9.000001e-03
      vertex   -2.317404e-05 2.692196e-01 1.024264e-02
      vertex   3.331016e-02 2.692196e-01 1.024264e-02
    endloop
  endfacet
  facet normal 0.000000e+00 6.087613e-01 7.933534e-01
    outer loop
      vertex   3.331016e-02 2.692196e-01 1.024264e-02
      vertex   -2.317404e-05 2.692196e-01 1.024264e-02
      vertex   3.331016e-02 2.679769e-01 1.119615e-02
    endloop
  endfacet
  facet normal 1.013965e-15 6.087613e-01 7.933534e-01
    outer loop
      vertex   3.331016e-02 2.692196e-01 1.024264e-02
      vertex   3.331016e-02 2.679769e-01 1.119615e-02
      vertex   6.664349e-02 2.679769e-01 1.119615e-02
    endloop
  endfacet
  facet normal 6.372958e-16 3.826833e-01 9.238796e-01
    outer loop
      vertex   6.664349e-02 2.679769e-01 1.119615e-02
      vertex   3.331016e-02 2.679769e-01 1.119615e-02
      vertex   6.664349e-02 2.665298e-01 1.179556e-02
    endloop
  endfacet
  facet normal 6.387977e-16 3.826833e-01 9.238796e-01
    outer loop
      vertex   6.664349e-02 2.679769e-01 1.119615e-02
      vertex   6.664349e-02 2.665298e-01 1.179556e-02
      vertex   9.997683e-02 2.665298e-01 1.179556e-02
    endloop
  endfacet
  facet normal 2.173697e-16 1.305262e-01 9.914449e-01
    outer loop
      vertex   9.997683e-02 2.665298e-01 1.179556e-02
      vertex   6.664349e-02 2.665298e-01 1.179556e-02
      vertex   1.999768e-01 2.649769e-01 1.200000e-02
    endloop
  endfacet
  facet normal 1.318154e-15 7.933537e-01 -6.087610e-01
    outer loop
      vertex   -2.000232e-01 2.692196e-01 1.757362e-03
      vertex   -2.000232e-01 2.701731e-01 3.000003e-03
      vertex   -1.666898e-01 2.701731e-01 3.000003e-03
    endloop
  endfacet
  facet normal 1.538569e-15 9.238797e-01 -3.826830e-01
    outer loop
      vertex   -1.666898e-01 2.701731e-01 3.000003e-03
      vertex   -2.000232e-01 2.701731e-01 3.000003e-03
      vertex   -1.666898e-01 2.707725e-01 4.447088e-03
    endloop
  endfacet
  facet normal 0.000000e+00 9.238797e-01 -3.826830e-01
    outer loop
      vertex   -1.666898e-01 2.701731e-01 3.000003e-03
      vertex   -1.666898e-01 2.707725e-01 4.447088e-03
      vertex   -1.333565e-01 2.707725e-01 4.447088e-03
    endloop
  endfacet
  facet normal 0.000000e+00 9.914449e-01 -1.305258e-01
    outer loop
      vertex   -1.333565e-01 2.707725e-01 4.447088e-03
      vertex   -1.666898e-01 2.707725e-01 4.447088e-03
      vertex   -1.333565e-01 2.709769e-01 6.000002e-03
    endloop
  endfacet
  facet normal 0.000000e+00 9.914449e-01 -1.305258e-01
    outer loop
      vertex   -1.333565e-01 2.707725e-01 4.447088e-03
      vertex   -1.333565e-01 2.709769e-01 6.000002e-03
      vertex   -1.000232e-01 2.709769e-01 6.000002e-03
    endloop
  endfacet
  facet normal 0.000000e+00 9.914448e-01 1.305265e-01
    outer loop
      vertex   -1.000232e-01 2.709769e-01 6.000002e-03
      vertex   -1.333565e-01 2.709769e-01 6.000002e-03
      vertex   -1.000232e-01 2.707725e-01 7.552916e-03
    endloop
  endfacet
  facet normal 1.650734e-15 9.914448e-01 1.305265e-01
    outer loop
      vertex   -1.000232e-01 2.709769e-01 6.000002e-03
      vertex   -1.000232e-01 2.707725e-01 7.552916e-03
      vertex   -6.668984e-02 2.707725e-01 7.552916e-03
    endloop
  endfacet
  facet normal 1.538568e-15 9.238794e-01 3.826837e-01
    outer loop
      vertex   -6.668984e-02 2.707725e-01 7.552916e-03
      vertex   -1.000232e-01 2.707725e-01 7.552916e-03
      vertex   -6.668984e-02 2.701731e-01 9.000001e-03
    endloop
  endfacet
  facet normal 1.539198e-15 9.238794e-01 3.826837e-01
    outer loop
      vertex   -6.668984e-02 2.707725e-01 7.552916e-03
      vertex   -6.668984e-02 2.701731e-01 9.000001e-03
      vertex   -3.335651e-02 2.701731e-01 9.000001e-03
    endloop
  endfacet
  facet normal 1.321198e-15 7.933532e-01 6.087616e-01
    outer loop
      vertex   -3.335651e-02 2.701731e-01 9.000001e-03
      vertex   -6.668984e-02 2.701731e-01 9.000001e-03
      vertex   -3.335651e-02 2.692196e-01 1.024264e-02
    endloop
  endfacet
  facet normal 0.000000e+00 7.933532e-01 6.087616e-01
    outer loop
      vertex   -3.335651e-02 2.701731e-01 9.000001e-03
      vertex   -3.335651e-02 2.692196e-01 1.024264e-02
      vertex   -2.317404e-05 2.692196e-01 1.024264e-02
    endloop
  endfacet
  facet normal 0.000000e+00 6.087613e-01 7.933534e-01
    outer loop
      vertex   -2.317404e-05 2.692196e-01 1.024264e-02
      vertex   -3.335651e-02 2.692196e-01 1.024264e-02
      vertex   -2.317404e-05 2.679769e-01 1.119615e-02
    endloop
  endfacet
  facet normal 0.000000e+00 6.087613e-01 7.933534e-01
    outer loop
      vertex   -2.317404e-05 2.692196e-01 1.024264e-02
      vertex   -2.317404e-05 2.679769e-01 1.119615e-02
      vertex   3.331016e-02 2.679769e-01 1.119615e-02
    endloop
  endfacet
  facet normal 0.000000e+00 3.826833e-01 9.238796e-01
    outer loop
      vertex   3.331016e-02 2.679769e-01 1.119615e-02
      vertex   -2.317404e-05 2.679769e-01 1.119615e-02
      vertex   3.331016e-02 2.665298e-01 1.179556e-02
    endloop
  endfacet
  facet normal 0.000000e+00 3.826833e-01 9.238796e-01
    outer loop
      vertex   3.331016e-02 2.679769e-01 1.119615e-02
      vertex   3.331016e-02 2.665298e-01 1.179556e-02
      vertex   6.664349e-02 2.665298e-01 1.179556e-02
    endloop
  endfacet
  facet normal 0.000000e+00 1.305262e-01 9.914449e-01
    outer loop
      vertex   6.664349e-02 2.665298e-01 1.179556e-02
      vertex   3.331016e-02 2.665298e-01 1.179556e-02
      vertex   1.999768e-01 2.649769e-01 1.200000e-02
    endloop
  endfacet
  facet normal 1.567589e-15 9.238797e-01 -3.826830e-01
    outer loop
      vertex   -2.000232e-01 2.701731e-01 3.000003e-03
      vertex   -2.000232e-01 2.707725e-01 4.447088e-03
      vertex   -1.666898e-01 2.707725e-01 4.447088e-03
    endloop
  endfacet
  facet normal 1.661277e-15 9.914449e-01 -1.305258e-01
    outer loop
      vertex   -1.666898e-01 2.707725e-01 4.447088e-03
      vertex   -2.000232e-01 2.707725e-01 4.447088e-03
      vertex   -1.666898e-01 2.709769e-01 6.000002e-03
    endloop
  endfacet
  facet normal 0.000000e+00 9.914449e-01 -1.305258e-01
    outer loop
      vertex   -1.666898e-01 2.707725e-01 4.447088e-03
      vertex   -1.666898e-01 2.709769e-01 6.000002e-03
      vertex   -1.333565e-01 2.709769e-01 6.000002e-03
    endloop
  endfacet
  facet normal 0.000000e+00 9.914448e-01 1.305265e-01
    outer loop
      vertex   -1.333565e-01 2.709769e-01 6.000002e-03
      vertex   -1.666898e-01 2.709769e-01 6.000002e-03
      vertex   -1.333565e-01 2.707725e-01 7.552916e-03
    endloop
  endfacet
  facet normal 1.651748e-15 9.914448e-01 1.305265e-01
    outer loop
      vertex   -1.333565e-01 2.709769e-01 6.000002e-03
      vertex   -1.333565e-01 2.707725e-01 7.552916e-03
      vertex   -1.000232e-01 2.707725e-01 7.552916e-03
    endloop
  endfacet
  facet normal 1.538568e-15 9.238794e-01 3.826837e-01
    outer loop
      vertex   -1.000232e-01 2.707725e-01 7.552916e-03
      vertex   -1.333565e-01 2.707725e-01 7.552916e-03
      vertex   -1.000232e-01 2.701731e-01 9.000001e-03
    endloop
  endfacet
  facet normal 1.539198e-15 9.238794e-01 3.826837e-01
    outer loop
      vertex   -1.000232e-01 2.707725e-01 7.552916e-03
      vertex   -1.000232e-01 2.701731e-01 9.000001e-03
      vertex   -6.668984e-02 2.701731e-01 9.000001e-03
    endloop
  endfacet
  facet normal 1.321198e-15 7.933532e-01 6.087616e-01
    outer loop
      vertex   -6.668984e-02 2.701731e-01 9.000001e-03
      vertex   -1.000232e-01 2.701731e-01 9.000001e-03
      vertex   -6.668984e-02 2.692196e-01 1.024264e-02
    endloop
  endfacet
  facet normal 1.322210e-15 7.933532e-01 6.087616e-01
    outer loop
      vertex   -6.668984e-02 2.701731e-01 9.000001e-03
      vertex   -6.668984e-02 2.692196e-01 1.024264e-02
      vertex   -3.335651e-02 2.692196e-01 1.024264e-02
    endloop
  endfacet
  facet normal 1.013791e-15 6.087613e-01 7.933534e-01
    outer loop
      vertex   -3.335651e-02 2.692196e-01 1.024264e-02
      vertex   -6.668984e-02 2.692196e-01 1.024264e-02
      vertex   -3.335651e-02 2.679769e-01 1.119615e-02
    endloop
  endfacet
  facet normal 0.000000e+00 6.087613e-01 7.933534e-01
    outer loop
      vertex   -3.335651e-02 2.692196e-01 1.024264e-02
      vertex   -3.335651e-02 2.679769e-01 1.119615e-02
      vertex   -2.317404e-05 2.679769e-01 1.119615e-02
    endloop
  endfacet
  facet normal 0.000000e+00 3.826833e-01 9.238796e-01
    outer loop
      vertex   -2.317404e-05 2.679769e-01 1.119615e-02
      vertex   -3.335651e-02 2.679769e-01 1.119615e-02
      vertex   -2.317404e-05 2.665298e-01 1.179556e-02
    endloop
  endfacet
  facet normal 6.387977e-16 3.826833e-01 9.238796e-01
    outer loop
      vertex   -2.317404e-05 2.679769e-01 1.119615e-02
      vertex   -2.317404e-05 2.665298e-01 1.179556e-02
      vertex   3.331016e-02 2.665298e-01 1.179556e-02
    endloop
  endfacet
  facet normal 2.173697e-16 1.305262e-01 9.914449e-01
    outer loop
      vertex   3.331016e-02 2.665298e-01 1.179556e-02
      vertex   -2.317404e-05 2.665298e-01 1.179556e-02
      vertex   1.999768e-01 2.649769e-01 1.200000e-02
    endloop
  endfacet
  facet normal 1.651748e-15 9.914449e-01 -1.305258e-01
    outer loop
      vertex   -2.000232e-01 2.707725e-01 4.447088e-03
      vertex   -2.000232e-01 2.709769e-01 6.000002e-03
      vertex   -1.666898e-01 2.709769e-01 6.000002e-03
    endloop
  endfacet
  facet normal 1.651087e-15 9.914448e-01 1.305265e-01
    outer loop
      vertex   -1.666898e-01 2.709769e-01 6.000002e-03
      vertex   -2.000232e-01 2.709769e-01 6.000002e-03
      vertex   -1.666898e-01 2.707725e-01 7.552916e-03
    endloop
  endfacet
  facet normal 0.000000e+00 9.914448e-01 1.305265e-01
    outer loop
      vertex   -1.666898e-01 2.709769e-01 6.000002e-03
      vertex   -1.666898e-01 2.707725e-01 7.552916e-03
      vertex   -1.333565e-01 2.707725e-01 7.552916e-03
    endloop
  endfacet
  facet normal 0.000000e+00 9.238794e-01 3.826837e-01
    outer loop
      vertex   -1.333565e-01 2.707725e-01 7.552916e-03
      vertex   -1.666898e-01 2.707725e-01 7.552916e-03
      vertex   -1.333565e-01 2.701731e-01 9.000001e-03
    endloop
  endfacet
  facet normal 0.000000e+00 9.238794e-01 3.826837e-01
    outer loop
      vertex   -1.333565e-01 2.707725e-01 7.552916e-03
      vertex   -1.333565e-01 2.701731e-01 9.000001e-03
      vertex   -1.000232e-01 2.701731e-01 9.000001e-03
    endloop
  endfacet
  facet normal 0.000000e+00 7.933532e-01 6.087616e-01
    outer loop
      vertex   -1.000232e-01 2.701731e-01 9.000001e-03
      vertex   -1.333565e-01 2.701731e-01 9.000001e-03
      vertex   -1.000232e-01 2.692196e-01 1.024264e-02
    endloop
  endfacet
  facet normal 1.322210e-15 7.933532e-01 6.087616e-01
    outer loop
      vertex   -1.000232e-01 2.701731e-01 9.000001e-03
      vertex   -1.000232e-01 2.692196e-01 1.024264e-02
      vertex   -6.668984e-02 2.692196e-01 1.024264e-02
    endloop
  endfacet
  facet normal 1.013791e-15 6.087613e-01 7.933534e-01
    outer loop
      vertex   -6.668984e-02 2.692196e-01 1.024264e-02
      vertex   -1.000232e-01 2.692196e-01 1.024264e-02
      vertex   -6.668984e-02 2.679769e-01 1.119615e-02
    endloop
  endfacet
  facet normal 1.013965e-15 6.087613e-01 7.933534e-01
    outer loop
      vertex   -6.668984e-02 2.692196e-01 1.024264e-02
      vertex   -6.668984e-02 2.679769e-01 1.119615e-02
      vertex   -3.335651e-02 2.679769e-01 1.119615e-02
    endloop
  endfacet
  facet normal 6.372958e-16 3.826833e-01 9.238796e-01
    outer loop
      vertex   -3.335651e-02 2.679769e-01 1.119615e-02
      vertex   -6.668984e-02 2.679769e-01 1.119615e-02
      vertex   -3.335651e-02 2.665298e-01 1.179556e-02
    endloop
  endfacet
  facet normal 0.000000e+00 3.826833e-01 9.238796e-01
    outer loop
      vertex   -3.335651e-02 2.679769e-01 1.119615e-02
      vertex   -3.335651e-02 2.665298e-01 1.179556e-02
      vertex   -2.317404e-05 2.665298e-01 1.179556e-02
    endloop
  endfacet
  facet normal 0.000000e+00 1.305262e-01 9.914449e-01
    outer loop
      vertex   -2.317404e-05 2.665298e-01 1.179556e-02
      vertex   -3.335651e-02 2.665298e-01 1.179556e-02
      vertex   -2.000232e-01 2.649769e-01 1.200000e-02
    endloop
  endfacet
  facet normal 1.086632e-16 1.305262e-01 9.914449e-01
    outer loop
      vertex   -2.317404e-05 2.665298e-01 1.179556e-02
      vertex   -2.000232e-01 2.649769e-01 1.200000e-02
      vertex   1.999768e-01 2.649769e-01 1.200000e-02
    endloop
  endfacet
  facet normal -4.055858e-18 9.914448e-01 1.305265e-01
    outer loop
      vertex   -2.000232e-01 2.709769e-01 6.000002e-03
      vertex   -2.000232e-01 2.707725e-01 7.552916e-03
      vertex   -1.666898e-01 2.707725e-01 7.552916e-03
    endloop
  endfacet
  facet normal -9.957756e-18 9.238794e-01 3.826837e-01
    outer loop
      vertex   -1.666898e-01 2.707725e-01 7.552916e-03
      vertex   -2.000232e-01 2.707725e-01 7.552916e-03
      vertex   -1.666898e-01 2.701731e-01 9.000001e-03
    endloop
  endfacet
  facet normal 0.000000e+00 9.238794e-01 3.826837e-01
    outer loop
      vertex   -1.666898e-01 2.707725e-01 7.552916e-03
      vertex   -1.666898e-01 2.701731e-01 9.000001e-03
      vertex   -1.333565e-01 2.701731e-01 9.000001e-03
    endloop
  endfacet
  facet normal 0.000000e+00 7.933532e-01 6.087616e-01
    outer loop
      vertex   -1.333565e-01 2.701731e-01 9.000001e-03
      vertex   -1.666898e-01 2.701731e-01 9.000001e-03
      vertex   -1.333565e-01 2.692196e-01 1.024264e-02
    endloop
  endfacet
  facet normal 0.000000e+00 7.933532e-01 6.087616e-01
    outer loop
      vertex   -1.333565e-01 2.701731e-01 9.000001e-03
      vertex   -1.333565e-01 2.692196e-01 1.024264e-02
      vertex   -1.000232e-01 2.692196e-01 1.024264e-02
    endloop
  endfacet
  facet normal 0.000000e+00 6.087613e-01 7.933534e-01
    outer loop
      vertex   -1.000232e-01 2.692196e-01 1.024264e-02
      vertex   -1.333565e-01 2.692196e-01 1.024264e-02
      vertex   -1.000232e-01 2.679769e-01 1.119615e-02
    endloop
  endfacet
  facet normal 1.013965e-15 6.087613e-01 7.933534e-01
    outer loop
      vertex   -1.000232e-01 2.692196e-01 1.024264e-02
      vertex   -1.000232e-01 2.679769e-01 1.119615e-02
      vertex   -6.668984e-02 2.679769e-01 1.119615e-02
    endloop
  endfacet
  facet normal 6.372958e-16 3.826833e-01 9.238796e-01
    outer loop
      vertex   -6.668984e-02 2.679769e-01 1.119615e-02
      vertex   -1.000232e-01 2.679769e-01 1.119615e-02
      vertex   -6.668984e-02 2.665298e-01 1.179556e-02
    endloop
  endfacet
  facet normal 6.387977e-16 3.826833e-01 9.238796e-01
    outer loop
      vertex   -6.668984e-02 2.679769e-01 1.119615e-02
      vertex   -6.668984e-02 2.665298e-01 1.179556e-02
      vertex   -3.335651e-02 2.665298e-01 1.179556e-02
    endloop
  endfacet
  facet normal 2.173697e-16 1.305262e-01 9.914449e-01
    outer loop
      vertex   -3.335651e-02 2.665298e-01 1.179556e-02
      vertex   -6.668984e-02 2.665298e-01 1.179556e-02
      vertex   -2.000232e-01 2.649769e-01 1.200000e-02
    endloop
  endfacet
  facet normal 1.618287e-15 9.238794e-01 3.826837e-01
    outer loop
      vertex   -2.000232e-01 2.707725e-01 7.552916e-03
      vertex   -2.000232e-01 2.701731e-01 9.000001e-03
      vertex   -1.666898e-01 2.701731e-01 9.000001e-03
    endloop
  endfacet
  facet normal 1.447922e-15 7.933532e-01 6.087616e-01
    outer loop
      vertex   -1.666898e-01 2.701731e-01 9.000001e-03
      vertex   -2.000232e-01 2.701731e-01 9.000001e-03
      vertex   -1.666898e-01 2.692196e-01 1.024264e-02
    endloop
  endfacet
  facet normal 0.000000e+00 7.933532e-01 6.087616e-01
    outer loop
      vertex   -1.666898e-01 2.701731e-01 9.000001e-03
      vertex   -1.666898e-01 2.692196e-01 1.024264e-02
      vertex   -1.333565e-01 2.692196e-01 1.024264e-02
    endloop
  endfacet
  facet normal 0.000000e+00 6.087613e-01 7.933534e-01
    outer loop
      vertex   -1.333565e-01 2.692196e-01 1.024264e-02
      vertex   -1.666898e-01 2.692196e-01 1.024264e-02
      vertex   -1.333565e-01 2.679769e-01 1.119615e-02
    endloop
  endfacet
  facet normal 0.000000e+00 6.087613e-01 7.933534e-01
    outer loop
      vertex   -1.333565e-01 2.692196e-01 1.024264e-02
      vertex   -1.333565e-01 2.679769e-01 1.119615e-02
      vertex   -1.000232e-01 2.679769e-01 1.119615e-02
    endloop
  endfacet
  facet normal 0.000000e+00 3.826833e-01 9.238796e-01
    outer loop
      vertex   -1.000232e-01 2.679769e-01 1.119615e-02
      vertex   -1.333565e-01 2.679769e-01 1.119615e-02
      vertex   -1.000232e-01 2.665298e-01 1.179556e-02
    endloop
  endfacet
  facet normal 0.000000e+00 3.826833e-01 9.238796e-01
    outer loop
      vertex   -1.000232e-01 2.679769e-01 1.119615e-02
      vertex   -1.000232e-01 2.665298e-01 1.179556e-02
      vertex   -6.668984e-02 2.665298e-01 1.179556e-02
    endloop
  endfacet
  facet normal 0.000000e+00 1.305262e-01 9.914449e-01
    outer loop
      vertex   -6.668984e-02 2.665298e-01 1.179556e-02
      vertex   -1.000232e-01 2.665298e-01 1.179556e-02
      vertex   -2.000232e-01 2.649769e-01 1.200000e-02
    endloop
  endfacet
  facet normal 1.383048e-15 7.933532e-01 6.087616e-01
    outer loop
      vertex   -2.000232e-01 2.701731e-01 9.000001e-03
      vertex   -2.000232e-01 2.692196e-01 1.024264e-02
      vertex   -1.666898e-01 2.692196e-01 1.024264e-02
    endloop
  endfacet
  facet normal 1.096366e-15 6.087613e-01 7.933534e-01
    outer loop
      vertex   -1.666898e-01 2.692196e-01 1.024264e-02
      vertex   -2.000232e-01 2.692196e-01 1.024264e-02
      vertex   -1.666898e-01 2.679769e-01 1.119615e-02
    endloop
  endfacet
  facet normal 0.000000e+00 6.087613e-01 7.933534e-01
    outer loop
      vertex   -1.666898e-01 2.692196e-01 1.024264e-02
      vertex   -1.666898e-01 2.679769e-01 1.119615e-02
      vertex   -1.333565e-01 2.679769e-01 1.119615e-02
    endloop
  endfacet
  facet normal 0.000000e+00 3.826833e-01 9.238796e-01
    outer loop
      vertex   -1.333565e-01 2.679769e-01 1.119615e-02
      vertex   -1.666898e-01 2.679769e-01 1.119615e-02
      vertex   -1.333565e-01 2.665298e-01 1.179556e-02
    endloop
  endfacet
  facet normal 6.387977e-16 3.826833e-01 9.238796e-01
    outer loop
      vertex   -1.333565e-01 2.679769e-01 1.119615e-02
      vertex   -1.333565e-01 2.665298e-01 1.179556e-02
      vertex   -1.000232e-01 2.665298e-01 1.179556e-02
    endloop
  endfacet
  facet normal 2.173697e-16 1.305262e-01 9.914449e-01
    outer loop
      vertex   -1.000232e-01 2.665298e-01 1.179556e-02
      vertex   -1.333565e-01 2.665298e-01 1.179556e-02
      vertex   -2.000232e-01 2.649769e-01 1.200000e-02
    endloop
  endfacet
  facet normal 1.099138e-15 6.087613e-01 7.933534e-01
    outer loop
      vertex   -2.000232e-01 2.692196e-01 1.024264e-02
      vertex   -2.000232e-01 2.679769e-01 1.119615e-02
      vertex   -1.666898e-01 2.679769e-01 1.119615e-02
    endloop
  endfacet
  facet normal 7.334563e-16 3.826833e-01 9.238796e-01
    outer loop
      vertex   -1.666898e-01 2.679769e-01 1.119615e-02
      vertex   -2.000232e-01 2.679769e-01 1.119615e-02
      vertex   -1.666898e-01 2.665298e-01 1.179556e-02
    endloop
  endfacet
  facet normal 0.000000e+00 3.826833e-01 9.238796e-01
    outer loop
      vertex   -1.666898e-01 2.679769e-01 1.119615e-02
      vertex   -1.666898e-01 2.665298e-01 1.179556e-02
      vertex   -1.333565e-01 2.665298e-01 1.179556e-02
    endloop
  endfacet
  facet normal 0.000000e+00 1.305262e-01 9.914449e-01
    outer loop
      vertex   -1.333565e-01 2.665298e-01 1.179556e-02
      vertex   -1.666898e-01 2.665298e-01 1.179556e-02
      vertex   -2.000232e-01 2.649769e-01 1.200000e-02
    endloop
  endfacet
  facet normal 6.367697e-16 3.826833e-01 9.238796e-01
    outer loop
      vertex   -2.000232e-01 2.679769e-01 1.119615e-02
      vertex   -2.000232e-01 2.665298e-01 1.179556e-02
      vertex   -1.666898e-01 2.665298e-01 1.179556e-02
    endloop
  endfacet
  facet normal 2.173697e-16 1.305262e-01 9.914449e-01
    outer loop
      vertex   -1.666898e-01 2.665298e-01 1.179556e-02
      vertex   -2.000232e-01 2.665298e-01 1.179556e-02
      vertex   -2.000232e-01 2.649769e-01 1.200000e-02
    endloop
  endfacet
  facet normal 9.328474e-16 6.087613e-01 7.933534e-01
    outer loop
      vertex   1.999768e-01 2.679769e-01 1.119615e-02
      vertex   1.999768e-01 2.692196e-01 1.024264e-02
      vertex   1.666435e-01 2.692196e-01 1.024264e-02
    endloop
  endfacet
  facet normal 1.257837e-15 7.933532e-01 6.087616e-01
    outer loop
      vertex   1.666435e-01 2.692196e-01 1.024264e-02
      vertex   1.999768e-01 2.692196e-01 1.024264e-02
      vertex   1.666435e-01 2.701731e-01 9.000001e-03
    endloop
  endfacet
  facet normal 0.000000e+00 7.933532e-01 6.087616e-01
    outer loop
      vertex   1.666435e-01 2.692196e-01 1.024264e-02
      vertex   1.666435e-01 2.701731e-01 9.000001e-03
      vertex   1.333102e-01 2.701731e-01 9.000001e-03
    endloop
  endfacet
  facet normal -0.000000e+00 9.238794e-01 3.826837e-01
    outer loop
      vertex   1.333102e-01 2.701731e-01 9.000001e-03
      vertex   1.666435e-01 2.701731e-01 9.000001e-03
      vertex   1.333102e-01 2.707725e-01 7.552916e-03
    endloop
  endfacet
  facet normal 0.000000e+00 9.238794e-01 3.826837e-01
    outer loop
      vertex   1.333102e-01 2.701731e-01 9.000001e-03
      vertex   1.333102e-01 2.707725e-01 7.552916e-03
      vertex   9.997683e-02 2.707725e-01 7.552916e-03
    endloop
  endfacet
  facet normal -0.000000e+00 9.914448e-01 1.305265e-01
    outer loop
      vertex   9.997683e-02 2.707725e-01 7.552916e-03
      vertex   1.333102e-01 2.707725e-01 7.552916e-03
      vertex   9.997683e-02 2.709769e-01 6.000002e-03
    endloop
  endfacet
  facet normal 1.651748e-15 9.914448e-01 1.305265e-01
    outer loop
      vertex   9.997683e-02 2.707725e-01 7.552916e-03
      vertex   9.997683e-02 2.709769e-01 6.000002e-03
      vertex   6.664349e-02 2.709769e-01 6.000002e-03
    endloop
  endfacet
  facet normal 1.651087e-15 9.914449e-01 -1.305258e-01
    outer loop
      vertex   6.664349e-02 2.709769e-01 6.000002e-03
      vertex   9.997683e-02 2.709769e-01 6.000002e-03
      vertex   6.664349e-02 2.707725e-01 4.447088e-03
    endloop
  endfacet
  facet normal 1.651748e-15 9.914449e-01 -1.305258e-01
    outer loop
      vertex   6.664349e-02 2.709769e-01 6.000002e-03
      vertex   6.664349e-02 2.707725e-01 4.447088e-03
      vertex   3.331016e-02 2.707725e-01 4.447088e-03
    endloop
  endfacet
  facet normal 1.538569e-15 9.238797e-01 -3.826830e-01
    outer loop
      vertex   3.331016e-02 2.707725e-01 4.447088e-03
      vertex   6.664349e-02 2.707725e-01 4.447088e-03
      vertex   3.331016e-02 2.701731e-01 3.000003e-03
    endloop
  endfacet
  facet normal 1.539198e-15 9.238797e-01 -3.826830e-01
    outer loop
      vertex   3.331016e-02 2.707725e-01 4.447088e-03
      vertex   3.331016e-02 2.701731e-01 3.000003e-03
      vertex   -2.317404e-05 2.701731e-01 3.000003e-03
    endloop
  endfacet
  facet normal 1.321199e-15 7.933537e-01 -6.087610e-01
    outer loop
      vertex   -2.317404e-05 2.701731e-01 3.000003e-03
      vertex   3.331016e-02 2.701731e-01 3.000003e-03
      vertex   -2.317404e-05 2.692196e-01 1.757362e-03
    endloop
  endfacet
  facet normal 0.000000e+00 7.933537e-01 -6.087610e-01
    outer loop
      vertex   -2.317404e-05 2.701731e-01 3.000003e-03
      vertex   -2.317404e-05 2.692196e-01 1.757362e-03
      vertex   -3.335651e-02 2.692196e-01 1.757362e-03
    endloop
  endfacet
  facet normal 0.000000e+00 6.087619e-01 -7.933530e-01
    outer loop
      vertex   -3.335651e-02 2.692196e-01 1.757362e-03
      vertex   -2.317404e-05 2.692196e-01 1.757362e-03
      vertex   -3.335651e-02 2.679769e-01 8.038494e-04
    endloop
  endfacet
  facet normal 1.013965e-15 6.087619e-01 -7.933530e-01
    outer loop
      vertex   -3.335651e-02 2.692196e-01 1.757362e-03
      vertex   -3.335651e-02 2.679769e-01 8.038494e-04
      vertex   -6.668984e-02 2.679769e-01 8.038494e-04
    endloop
  endfacet
  facet normal 6.372969e-16 3.826840e-01 -9.238793e-01
    outer loop
      vertex   -6.668984e-02 2.679769e-01 8.038494e-04
      vertex   -3.335651e-02 2.679769e-01 8.038494e-04
      vertex   -6.668984e-02 2.665298e-01 2.044461e-04
    endloop
  endfacet
  facet normal 6.367697e-16 3.826840e-01 -9.238793e-01
    outer loop
      vertex   -6.668984e-02 2.679769e-01 8.038494e-04
      vertex   -6.668984e-02 2.665298e-01 2.044461e-04
      vertex   -1.000232e-01 2.665298e-01 2.044461e-04
    endloop
  endfacet
  facet normal 2.173710e-16 1.305269e-01 -9.914448e-01
    outer loop
      vertex   -1.000232e-01 2.665298e-01 2.044461e-04
      vertex   -6.668984e-02 2.665298e-01 2.044461e-04
      vertex   -2.000232e-01 2.649769e-01 1.332268e-17
    endloop
  endfacet
  facet normal 1.192422e-15 7.933532e-01 6.087616e-01
    outer loop
      vertex   1.999768e-01 2.692196e-01 1.024264e-02
      vertex   1.999768e-01 2.701731e-01 9.000001e-03
      vertex   1.666435e-01 2.701731e-01 9.000001e-03
    endloop
  endfacet
  facet normal 1.458906e-15 9.238794e-01 3.826837e-01
    outer loop
      vertex   1.666435e-01 2.701731e-01 9.000001e-03
      vertex   1.999768e-01 2.701731e-01 9.000001e-03
      vertex   1.666435e-01 2.707725e-01 7.552916e-03
    endloop
  endfacet
  facet normal 1.539198e-15 9.238794e-01 3.826837e-01
    outer loop
      vertex   1.666435e-01 2.701731e-01 9.000001e-03
      vertex   1.666435e-01 2.707725e-01 7.552916e-03
      vertex   1.333102e-01 2.707725e-01 7.552916e-03
    endloop
  endfacet
  facet normal 1.651087e-15 9.914448e-01 1.305265e-01
    outer loop
      vertex   1.333102e-01 2.707725e-01 7.552916e-03
      vertex   1.666435e-01 2.707725e-01 7.552916e-03
      vertex   1.333102e-01 2.709769e-01 6.000002e-03
    endloop
  endfacet
  facet normal 0.000000e+00 9.914448e-01 1.305265e-01
    outer loop
      vertex   1.333102e-01 2.707725e-01 7.552916e-03
      vertex   1.333102e-01 2.709769e-01 6.000002e-03
      vertex   9.997683e-02 2.709769e-01 6.000002e-03
    endloop
  endfacet
  facet normal 0.000000e+00 9.914449e-01 -1.305258e-01
    outer loop
      vertex   9.997683e-02 2.709769e-01 6.000002e-03
      vertex   1.333102e-01 2.709769e-01 6.000002e-03
      vertex   9.997683e-02 2.707725e-01 4.447088e-03
    endloop
  endfacet
  facet normal 1.651748e-15 9.914449e-01 -1.305258e-01
    outer loop
      vertex   9.997683e-02 2.709769e-01 6.000002e-03
      vertex   9.997683e-02 2.707725e-01 4.447088e-03
      vertex   6.664349e-02 2.707725e-01 4.447088e-03
    endloop
  endfacet
  facet normal 1.538569e-15 9.238797e-01 -3.826830e-01
    outer loop
      vertex   6.664349e-02 2.707725e-01 4.447088e-03
      vertex   9.997683e-02 2.707725e-01 4.447088e-03
      vertex   6.664349e-02 2.701731e-01 3.000003e-03
    endloop
  endfacet
  facet normal 0.000000e+00 9.238797e-01 -3.826830e-01
    outer loop
      vertex   6.664349e-02 2.707725e-01 4.447088e-03
      vertex   6.664349e-02 2.701731e-01 3.000003e-03
      vertex   3.331016e-02 2.701731e-01 3.000003e-03
    endloop
  endfacet
  facet normal 0.000000e+00 7.933537e-01 -6.087610e-01
    outer loop
      vertex   3.331016e-02 2.701731e-01 3.000003e-03
      vertex   6.664349e-02 2.701731e-01 3.000003e-03
      vertex   3.331016e-02 2.692196e-01 1.757362e-03
    endloop
  endfacet
  facet normal 0.000000e+00 7.933537e-01 -6.087610e-01
    outer loop
      vertex   3.331016e-02 2.701731e-01 3.000003e-03
      vertex   3.331016e-02 2.692196e-01 1.757362e-03
      vertex   -2.317404e-05 2.692196e-01 1.757362e-03
    endloop
  endfacet
  facet normal 0.000000e+00 6.087619e-01 -7.933530e-01
    outer loop
      vertex   -2.317404e-05 2.692196e-01 1.757362e-03
      vertex   3.331016e-02 2.692196e-01 1.757362e-03
      vertex   -2.317404e-05 2.679769e-01 8.038494e-04
    endloop
  endfacet
  facet normal 0.000000e+00 6.087619e-01 -7.933530e-01
    outer loop
      vertex   -2.317404e-05 2.692196e-01 1.757362e-03
      vertex   -2.317404e-05 2.679769e-01 8.038494e-04
      vertex   -3.335651e-02 2.679769e-01 8.038494e-04
    endloop
  endfacet
  facet normal 0.000000e+00 3.826840e-01 -9.238793e-01
    outer loop
      vertex   -3.335651e-02 2.679769e-01 8.038494e-04
      vertex   -2.317404e-05 2.679769e-01 8.038494e-04
      vertex   -3.335651e-02 2.665298e-01 2.044461e-04
    endloop
  endfacet
  facet normal 6.367697e-16 3.826840e-01 -9.238793e-01
    outer loop
      vertex   -3.335651e-02 2.679769e-01 8.038494e-04
      vertex   -3.335651e-02 2.665298e-01 2.044461e-04
      vertex   -6.668984e-02 2.665298e-01 2.044461e-04
    endloop
  endfacet
  facet normal 2.173710e-16 1.305269e-01 -9.914448e-01
    outer loop
      vertex   -6.668984e-02 2.665298e-01 2.044461e-04
      vertex   -3.335651e-02 2.665298e-01 2.044461e-04
      vertex   -2.000232e-01 2.649769e-01 1.332268e-17
    endloop
  endfacet
  facet normal 1.549338e-15 9.238794e-01 3.826837e-01
    outer loop
      vertex   1.999768e-01 2.701731e-01 9.000001e-03
      vertex   1.999768e-01 2.707725e-01 7.552916e-03
      vertex   1.666435e-01 2.707725e-01 7.552916e-03
    endloop
  endfacet
  facet normal 1.654484e-15 9.914448e-01 1.305265e-01
    outer loop
      vertex   1.666435e-01 2.707725e-01 7.552916e-03
      vertex   1.999768e-01 2.707725e-01 7.552916e-03
      vertex   1.666435e-01 2.709769e-01 6.000002e-03
    endloop
  endfacet
  facet normal 0.000000e+00 9.914448e-01 1.305265e-01
    outer loop
      vertex   1.666435e-01 2.707725e-01 7.552916e-03
      vertex   1.666435e-01 2.709769e-01 6.000002e-03
      vertex   1.333102e-01 2.709769e-01 6.000002e-03
    endloop
  endfacet
  facet normal 0.000000e+00 9.914449e-01 -1.305258e-01
    outer loop
      vertex   1.333102e-01 2.709769e-01 6.000002e-03
      vertex   1.666435e-01 2.709769e-01 6.000002e-03
      vertex   1.333102e-01 2.707725e-01 4.447088e-03
    endloop
  endfacet
  facet normal 0.000000e+00 9.914449e-01 -1.305258e-01
    outer loop
      vertex   1.333102e-01 2.709769e-01 6.000002e-03
      vertex   1.333102e-01 2.707725e-01 4.447088e-03
      vertex   9.997683e-02 2.707725e-01 4.447088e-03
    endloop
  endfacet
  facet normal 0.000000e+00 9.238797e-01 -3.826830e-01
    outer loop
      vertex   9.997683e-02 2.707725e-01 4.447088e-03
      vertex   1.333102e-01 2.707725e-01 4.447088e-03
      vertex   9.997683e-02 2.701731e-01 3.000003e-03
    endloop
  endfacet
  facet normal 1.537170e-15 9.238797e-01 -3.826830e-01
    outer loop
      vertex   9.997683e-02 2.707725e-01 4.447088e-03
      vertex   9.997683e-02 2.701731e-01 3.000003e-03
      vertex   6.664349e-02 2.701731e-01 3.000003e-03
    endloop
  endfacet
  facet normal 1.321199e-15 7.933537e-01 -6.087610e-01
    outer loop
      vertex   6.664349e-02 2.701731e-01 3.000003e-03
      vertex   9.997683e-02 2.701731e-01 3.000003e-03
      vertex   6.664349e-02 2.692196e-01 1.757362e-03
    endloop
  endfacet
  facet normal 1.322210e-15 7.933537e-01 -6.087610e-01
    outer loop
      vertex   6.664349e-02 2.701731e-01 3.000003e-03
      vertex   6.664349e-02 2.692196e-01 1.757362e-03
      vertex   3.331016e-02 2.692196e-01 1.757362e-03
    endloop
  endfacet
  facet normal 1.013792e-15 6.087619e-01 -7.933530e-01
    outer loop
      vertex   3.331016e-02 2.692196e-01 1.757362e-03
      vertex   6.664349e-02 2.692196e-01 1.757362e-03
      vertex   3.331016e-02 2.679769e-01 8.038494e-04
    endloop
  endfacet
  facet normal 0.000000e+00 6.087619e-01 -7.933530e-01
    outer loop
      vertex   3.331016e-02 2.692196e-01 1.757362e-03
      vertex   3.331016e-02 2.679769e-01 8.038494e-04
      vertex   -2.317404e-05 2.679769e-01 8.038494e-04
    endloop
  endfacet
  facet normal 0.000000e+00 3.826840e-01 -9.238793e-01
    outer loop
      vertex   -2.317404e-05 2.679769e-01 8.038494e-04
      vertex   3.331016e-02 2.679769e-01 8.038494e-04
      vertex   -2.317404e-05 2.665298e-01 2.044461e-04
    endloop
  endfacet
  facet normal 0.000000e+00 3.826840e-01 -9.238793e-01
    outer loop
      vertex   -2.317404e-05 2.679769e-01 8.038494e-04
      vertex   -2.317404e-05 2.665298e-01 2.044461e-04
      vertex   -3.335651e-02 2.665298e-01 2.044461e-04
    endloop
  endfacet
  facet normal 0.000000e+00 1.305269e-01 -9.914448e-01
    outer loop
      vertex   -3.335651e-02 2.665298e-01 2.044461e-04
      vertex   -2.317404e-05 2.665298e-01 2.044461e-04
      vertex   -2.000232e-01 2.649769e-01 1.332268e-17
    endloop
  endfacet
  facet normal 1.651748e-15 9.914448e-01 1.305265e-01
    outer loop
      vertex   1.999768e-01 2.707725e-01 7.552916e-03
      vertex   1.999768e-01 2.709769e-01 6.000002e-03
      vertex   1.666435e-01 2.709769e-01 6.000002e-03
    endloop
  endfacet
  facet normal 1.651087e-15 9.914449e-01 -1.305258e-01
    outer loop
      vertex   1.666435e-01 2.709769e-01 6.000002e-03
      vertex   1.999768e-01 2.709769e-01 6.000002e-03
      vertex   1.666435e-01 2.707725e-01 4.447088e-03
    endloop
  endfacet
  facet normal 0.000000e+00 9.914449e-01 -1.305258e-01
    outer loop
      vertex   1.666435e-01 2.709769e-01 6.000002e-03
      vertex   1.666435e-01 2.707725e-01 4.447088e-03
      vertex   1.333102e-01 2.707725e-01 4.447088e-03
    endloop
  endfacet
  facet normal 0.000000e+00 9.238797e-01 -3.826830e-01
    outer loop
      vertex   1.333102e-01 2.707725e-01 4.447088e-03
      vertex   1.666435e-01 2.707725e-01 4.447088e-03
      vertex   1.333102e-01 2.701731e-01 3.000003e-03
    endloop
  endfacet
  facet normal 0.000000e+00 9.238797e-01 -3.826830e-01
    outer loop
      vertex   1.333102e-01 2.707725e-01 4.447088e-03
      vertex   1.333102e-01 2.701731e-01 3.000003e-03
      vertex   9.997683e-02 2.701731e-01 3.000003e-03
    endloop
  endfacet
  facet normal 0.000000e+00 7.933537e-01 -6.087610e-01
    outer loop
      vertex   9.997683e-02 2.701731e-01 3.000003e-03
      vertex   1.333102e-01 2.701731e-01 3.000003e-03
      vertex   9.997683e-02 2.692196e-01 1.757362e-03
    endloop
  endfacet
  facet normal 1.322210e-15 7.933537e-01 -6.087610e-01
    outer loop
      vertex   9.997683e-02 2.701731e-01 3.000003e-03
      vertex   9.997683e-02 2.692196e-01 1.757362e-03
      vertex   6.664349e-02 2.692196e-01 1.757362e-03
    endloop
  endfacet
  facet normal 1.013792e-15 6.087619e-01 -7.933530e-01
    outer loop
      vertex   6.664349e-02 2.692196e-01 1.757362e-03
      vertex   9.997683e-02 2.692196e-01 1.757362e-03
      vertex   6.664349e-02 2.679769e-01 8.038494e-04
    endloop
  endfacet
  facet normal 1.013965e-15 6.087619e-01 -7.933530e-01
    outer loop
      vertex   6.664349e-02 2.692196e-01 1.757362e-03
      vertex   6.664349e-02 2.679769e-01 8.038494e-04
      vertex   3.331016e-02 2.679769e-01 8.038494e-04
    endloop
  endfacet
  facet normal 6.372969e-16 3.826840e-01 -9.238793e-01
    outer loop
      vertex   3.331016e-02 2.679769e-01 8.038494e-04
      vertex   6.664349e-02 2.679769e-01 8.038494e-04
      vertex   3.331016e-02 2.665298e-01 2.044461e-04
    endloop
  endfacet
  facet normal 0.000000e+00 3.826840e-01 -9.238793e-01
    outer loop
      vertex   3.331016e-02 2.679769e-01 8.038494e-04
      vertex   3.331016e-02 2.665298e-01 2.044461e-04
      vertex   -2.317404e-05 2.665298e-01 2.044461e-04
    endloop
  endfacet
  facet normal 0.000000e+00 1.305269e-01 -9.914448e-01
    outer loop
      vertex   -2.317404e-05 2.665298e-01 2.044461e-04
      vertex   3.331016e-02 2.665298e-01 2.044461e-04
      vertex   1.999768e-01 2.649769e-01 1.332268e-17
    endloop
  endfacet
  facet normal 1.086632e-16 1.305269e-01 -9.914448e-01
    outer loop
      vertex   -2.317404e-05 2.665298e-01 2.044461e-04
      vertex   1.999768e-01 2.649769e-01 1.332268e-17
      vertex   -2.000232e-01 2.649769e-01 1.332268e-17
    endloop
  endfacet
  facet normal 1.641609e-15 9.914449e-01 -1.305258e-01
    outer loop
      vertex   1.999768e-01 2.709769e-01 6.000002e-03
      vertex   1.999768e-01 2.707725e-01 4.447088e-03
      vertex   1.666435e-01 2.707725e-01 4.447088e-03
    endloop
  endfacet
  facet normal 1.508696e-15 9.238797e-01 -3.826830e-01
    outer loop
      vertex   1.666435e-01 2.707725e-01 4.447088e-03
      vertex   1.999768e-01 2.707725e-01 4.447088e-03
      vertex   1.666435e-01 2.701731e-01 3.000003e-03
    endloop
  endfacet
  facet normal 0.000000e+00 9.238797e-01 -3.826830e-01
    outer loop
      vertex   1.666435e-01 2.707725e-01 4.447088e-03
      vertex   1.666435e-01 2.701731e-01 3.000003e-03
      vertex   1.333102e-01 2.701731e-01 3.000003e-03
    endloop
  endfacet
  facet normal 0.000000e+00 7.933537e-01 -6.087610e-01
    outer loop
      vertex   1.333102e-01 2.701731e-01 3.000003e-03
      vertex   1.666435e-01 2.701731e-01 3.000003e-03
      vertex   1.333102e-01 2.692196e-01 1.757362e-03
    endloop
  endfacet
  facet normal 0.000000e+00 7.933537e-01 -6.087610e-01
    outer loop
      vertex   1.333102e-01 2.701731e-01 3.000003e-03
      vertex   1.333102e-01 2.692196e-01 1.757362e-03
      vertex   9.997683e-02 2.692196e-01 1.757362e-03
    endloop
  endfacet
  facet normal 0.000000e+00 6.087619e-01 -7.933530e-01
    outer loop
      vertex   9.997683e-02 2.692196e-01 1.757362e-03
      vertex   1.333102e-01 2.692196e-01 1.757362e-03
      vertex   9.997683e-02 2.679769e-01 8.038494e-04
    endloop
  endfacet
  facet normal 0.000000e+00 6.087619e-01 -7.933530e-01
    outer loop
      vertex   9.997683e-02 2.692196e-01 1.757362e-03
      vertex   9.997683e-02 2.679769e-01 8.038494e-04
      vertex   6.664349e-02 2.679769e-01 8.038494e-04
    endloop
  endfacet
  facet normal 0.000000e+00 3.826840e-01 -9.238793e-01
    outer loop
      vertex   6.664349e-02 2.679769e-01 8.038494e-04
      vertex   9.997683e-02 2.679769e-01 8.038494e-04
      vertex   6.664349e-02 2.665298e-01 2.044461e-04
    endloop
  endfacet
  facet normal 6.367697e-16 3.826840e-01 -9.238793e-01
    outer loop
      vertex   6.664349e-02 2.679769e-01 8.038494e-04
      vertex   6.664349e-02 2.665298e-01 2.044461e-04
      vertex   3.331016e-02 2.665298e-01 2.044461e-04
    endloop
  endfacet
  facet normal 2.173710e-16 1.305269e-01 -9.914448e-01
    outer loop
      vertex   3.331016e-02 2.665298e-01 2.044461e-04
      vertex   6.664349e-02 2.665298e-01 2.044461e-04
      vertex   1.999768e-01 2.649769e-01 1.332268e-17
    endloop
  endfacet
  facet normal 1.539198e-15 9.238797e-01 -3.826830e-01
    outer loop
      vertex   1.999768e-01 2.707725e-01 4.447088e-03
      vertex   1.999768e-01 2.701731e-01 3.000003e-03
      vertex   1.666435e-01 2.701731e-01 3.000003e-03
    endloop
  endfacet
  facet normal 1.321199e-15 7.933537e-01 -6.087610e-01
    outer loop
      vertex   1.666435e-01 2.701731e-01 3.000003e-03
      vertex   1.999768e-01 2.701731e-01 3.000003e-03
      vertex   1.666435e-01 2.692196e-01 1.757362e-03
    endloop
  endfacet
  facet normal 0.000000e+00 7.933537e-01 -6.087610e-01
    outer loop
      vertex   1.666435e-01 2.701731e-01 3.000003e-03
      vertex   1.666435e-01 2.692196e-01 1.757362e-03
      vertex   1.333102e-01 2.692196e-01 1.757362e-03
    endloop
  endfacet
  facet normal 0.000000e+00 6.087619e-01 -7.933530e-01
    outer loop
      vertex   1.333102e-01 2.692196e-01 1.757362e-03
      vertex   1.666435e-01 2.692196e-01 1.757362e-03
      vertex   1.333102e-01 2.679769e-01 8.038494e-04
    endloop
  endfacet
  facet normal 0.000000e+00 6.087619e-01 -7.933530e-01
    outer loop
      vertex   1.333102e-01 2.692196e-01 1.757362e-03
      vertex   1.333102e-01 2.679769e-01 8.038494e-04
      vertex   9.997683e-02 2.679769e-01 8.038494e-04
    endloop
  endfacet
  facet normal 0.000000e+00 3.826840e-01 -9.238793e-01
    outer loop
      vertex   9.997683e-02 2.679769e-01 8.038494e-04
      vertex   1.333102e-01 2.679769e-01 8.038494e-04
      vertex   9.997683e-02 2.665298e-01 2.044461e-04
    endloop
  endfacet
  facet normal 0.000000e+00 3.826840e-01 -9.238793e-01
    outer loop
      vertex   9.997683e-02 2.679769e-01 8.038494e-04
      vertex   9.997683e-02 2.665298e-01 2.044461e-04
      vertex   6.664349e-02 2.665298e-01 2.044461e-04
    endloop
  endfacet
  facet normal 0.000000e+00 1.305269e-01 -9.914448e-01
    outer loop
      vertex   6.664349e-02 2.665298e-01 2.044461e-04
      vertex   9.997683e-02 2.665298e-01 2.044461e-04
      vertex   1.999768e-01 2.649769e-01 1.332268e-17
    endloop
  endfacet
  facet normal 1.249204e-15 7.933537e-01 -6.087610e-01
    outer loop
      vertex   1.999768e-01 2.701731e-01 3.000003e-03
      vertex   1.999768e-01 2.692196e-01 1.757362e-03
      vertex   1.666435e-01 2.692196e-01 1.757362e-03
    endloop
  endfacet
  facet normal 9.208955e-16 6.087619e-01 -7.933530e-01
    outer loop
      vertex   1.666435e-01 2.692196e-01 1.757362e-03
      vertex   1.999768e-01 2.692196e-01 1.757362e-03
      vertex   1.666435e-01 2.679769e-01 8.038494e-04
    endloop
  endfacet
  facet normal 1.013965e-15 6.087619e-01 -7.933530e-01
    outer loop
      vertex   1.666435e-01 2.692196e-01 1.757362e-03
      vertex   1.666435e-01 2.679769e-01 8.038494e-04
      vertex   1.333102e-01 2.679769e-01 8.038494e-04
    endloop
  endfacet
  facet normal 6.372969e-16 3.826840e-01 -9.238793e-01
    outer loop
      vertex   1.333102e-01 2.679769e-01 8.038494e-04
      vertex   1.666435e-01 2.679769e-01 8.038494e-04
      vertex   1.333102e-01 2.665298e-01 2.044461e-04
    endloop
  endfacet
  facet normal 0.000000e+00 3.826840e-01 -9.238793e-01
    outer loop
      vertex   1.333102e-01 2.679769e-01 8.038494e-04
      vertex   1.333102e-01 2.665298e-01 2.044461e-04
      vertex   9.997683e-02 2.665298e-01 2.044461e-04
    endloop
  endfacet
  facet normal 0.000000e+00 1.305269e-01 -9.914448e-01
    outer loop
      vertex   9.997683e-02 2.665298e-01 2.044461e-04
      vertex   1.333102e-01 2.665298e-01 2.044461e-04
      vertex   1.999768e-01 2.649769e-01 1.332268e-17
    endloop
  endfacet
  facet normal 8.801212e-16 6.087619e-01 -7.933530e-01
    outer loop
      vertex   1.999768e-01 2.692196e-01 1.757362e-03
      vertex   1.999768e-01 2.679769e-01 8.038494e-04
      vertex   1.666435e-01 2.679769e-01 8.038494e-04
    endloop
  endfacet
  facet normal 4.840411e-16 3.826840e-01 -9.238793e-01
    outer loop
      vertex   1.666435e-01 2.679769e-01 8.038494e-04
      vertex   1.999768e-01 2.679769e-01 8.038494e-04
      vertex   1.666435e-01 2.665298e-01 2.044461e-04
    endloop
  endfacet
  facet normal 6.367697e-16 3.826840e-01 -9.238793e-01
    outer loop
      vertex   1.666435e-01 2.679769e-01 8.038494e-04
      vertex   1.666435e-01 2.665298e-01 2.044461e-04
      vertex   1.333102e-01 2.665298e-01 2.044461e-04
    endloop
  endfacet
  facet normal 2.173710e-16 1.305269e-01 -9.914448e-01
    outer loop
      vertex   1.333102e-01 2.665298e-01 2.044461e-04
      vertex   1.666435e-01 2.665298e-01 2.044461e-04
      vertex   1.999768e-01 2.649769e-01 1.332268e-17
    endloop
  endfacet
  facet normal 5.475408e-16 3.826840e-01 -9.238793e-01
    outer loop
      vertex   1.999768e-01 2.679769e-01 8.038494e-04
      vertex   1.999768e-01 2.665298e-01 2.044461e-04
      vertex   1.666435e-01 2.665298e-01 2.044461e-04
    endloop
  endfacet
  facet normal 1.182090e-16 1.305269e-01 -9.914448e-01
    outer loop
      vertex   1.666435e-01 2.665298e-01 2.044461e-04
      vertex   1.999768e-01 2.665298e-01 2.044461e-04
      vertex   1.999768e-01 2.649769e-01 1.332268e-17
    endloop
  endfacet
  facet normal 0.000000e+00 3.826840e-01 -9.238793e-01
    outer loop
      vertex   -1.333565e-01 2.665298e-01 2.044461e-04
      vertex   -1.666898e-01 2.665298e-01 2.044461e-04
      vertex   -1.333565e-01 2.679769e-01 8.038494e-04
    endloop
  endfacet
  facet normal 0.000000e+00 3.826840e-01 -9.238793e-01
    outer loop
      vertex   -1.333565e-01 2.679769e-01 8.038494e-04
      vertex   -1.666898e-01 2.665298e-01 2.044461e-04
      vertex   -1.666898e-01 2.679769e-01 8.038494e-04
    endloop
  endfacet
  facet normal 0.000000e+00 6.087619e-01 -7.933530e-01
    outer loop
      vertex   -1.333565e-01 2.679769e-01 8.038494e-04
      vertex   -1.666898e-01 2.679769e-01 8.038494e-04
      vertex   -1.333565e-01 2.692196e-01 1.757362e-03
    endloop
  endfacet
  facet normal 0.000000e+00 3.826840e-01 -9.238793e-01
    outer loop
      vertex   -1.333565e-01 2.665298e-01 2.044461e-04
      vertex   -1.333565e-01 2.679769e-01 8.038494e-04
      vertex   -1.000232e-01 2.679769e-01 8.038494e-04
    endloop
  endfacet
  facet normal 0.000000e+00 6.087619e-01 -7.933530e-01
    outer loop
      vertex   -1.000232e-01 2.679769e-01 8.038494e-04
      vertex   -1.333565e-01 2.679769e-01 8.038494e-04
      vertex   -1.000232e-01 2.692196e-01 1.757362e-03
    endloop
  endfacet
  facet normal 1.013965e-15 6.087619e-01 -7.933530e-01
    outer loop
      vertex   -1.000232e-01 2.679769e-01 8.038494e-04
      vertex   -1.000232e-01 2.692196e-01 1.757362e-03
      vertex   -6.668984e-02 2.692196e-01 1.757362e-03
    endloop
  endfacet
  facet normal 1.321199e-15 7.933537e-01 -6.087610e-01
    outer loop
      vertex   -6.668984e-02 2.692196e-01 1.757362e-03
      vertex   -1.000232e-01 2.692196e-01 1.757362e-03
      vertex   -6.668984e-02 2.701731e-01 3.000003e-03
    endloop
  endfacet
  facet normal 1.322210e-15 7.933537e-01 -6.087610e-01
    outer loop
      vertex   -6.668984e-02 2.692196e-01 1.757362e-03
      vertex   -6.668984e-02 2.701731e-01 3.000003e-03
      vertex   -3.335651e-02 2.701731e-01 3.000003e-03
    endloop
  endfacet
  facet normal 1.538569e-15 9.238797e-01 -3.826830e-01
    outer loop
      vertex   -3.335651e-02 2.701731e-01 3.000003e-03
      vertex   -6.668984e-02 2.701731e-01 3.000003e-03
      vertex   -3.335651e-02 2.707725e-01 4.447088e-03
    endloop
  endfacet
  facet normal 0.000000e+00 9.238797e-01 -3.826830e-01
    outer loop
      vertex   -3.335651e-02 2.701731e-01 3.000003e-03
      vertex   -3.335651e-02 2.707725e-01 4.447088e-03
      vertex   -2.317404e-05 2.707725e-01 4.447088e-03
    endloop
  endfacet
  facet normal 0.000000e+00 9.914449e-01 -1.305258e-01
    outer loop
      vertex   -2.317404e-05 2.707725e-01 4.447088e-03
      vertex   -3.335651e-02 2.707725e-01 4.447088e-03
      vertex   -2.317404e-05 2.709769e-01 6.000002e-03
    endloop
  endfacet
  facet normal 0.000000e+00 9.914449e-01 -1.305258e-01
    outer loop
      vertex   -2.317404e-05 2.707725e-01 4.447088e-03
      vertex   -2.317404e-05 2.709769e-01 6.000002e-03
      vertex   3.331016e-02 2.709769e-01 6.000002e-03
    endloop
  endfacet
  facet normal 0.000000e+00 9.914448e-01 1.305265e-01
    outer loop
      vertex   3.331016e-02 2.709769e-01 6.000002e-03
      vertex   -2.317404e-05 2.709769e-01 6.000002e-03
      vertex   3.331016e-02 2.707725e-01 7.552916e-03
    endloop
  endfacet
  facet normal 1.650734e-15 9.914448e-01 1.305265e-01
    outer loop
      vertex   3.331016e-02 2.709769e-01 6.000002e-03
      vertex   3.331016e-02 2.707725e-01 7.552916e-03
      vertex   6.664349e-02 2.707725e-01 7.552916e-03
    endloop
  endfacet
  facet normal 1.538568e-15 9.238794e-01 3.826837e-01
    outer loop
      vertex   6.664349e-02 2.707725e-01 7.552916e-03
      vertex   3.331016e-02 2.707725e-01 7.552916e-03
      vertex   6.664349e-02 2.701731e-01 9.000001e-03
    endloop
  endfacet
  facet normal 1.539198e-15 9.238794e-01 3.826837e-01
    outer loop
      vertex   6.664349e-02 2.707725e-01 7.552916e-03
      vertex   6.664349e-02 2.701731e-01 9.000001e-03
      vertex   9.997683e-02 2.701731e-01 9.000001e-03
    endloop
  endfacet
  facet normal 1.321198e-15 7.933532e-01 6.087616e-01
    outer loop
      vertex   9.997683e-02 2.701731e-01 9.000001e-03
      vertex   6.664349e-02 2.701731e-01 9.000001e-03
      vertex   9.997683e-02 2.692196e-01 1.024264e-02
    endloop
  endfacet
  facet normal 0.000000e+00 7.933532e-01 6.087616e-01
    outer loop
      vertex   9.997683e-02 2.701731e-01 9.000001e-03
      vertex   9.997683e-02 2.692196e-01 1.024264e-02
      vertex   1.333102e-01 2.692196e-01 1.024264e-02
    endloop
  endfacet
  facet normal 0.000000e+00 6.087613e-01 7.933534e-01
    outer loop
      vertex   1.333102e-01 2.692196e-01 1.024264e-02
      vertex   9.997683e-02 2.692196e-01 1.024264e-02
      vertex   1.333102e-01 2.679769e-01 1.119615e-02
    endloop
  endfacet
  facet normal 0.000000e+00 6.087613e-01 7.933534e-01
    outer loop
      vertex   1.333102e-01 2.692196e-01 1.024264e-02
      vertex   1.333102e-01 2.679769e-01 1.119615e-02
      vertex   1.666435e-01 2.679769e-01 1.119615e-02
    endloop
  endfacet
  facet normal 0.000000e+00 3.826833e-01 9.238796e-01
    outer loop
      vertex   1.666435e-01 2.679769e-01 1.119615e-02
      vertex   1.333102e-01 2.679769e-01 1.119615e-02
      vertex   1.666435e-01 2.665298e-01 1.179556e-02
    endloop
  endfacet
  facet normal 0.000000e+00 6.087619e-01 -7.933530e-01
    outer loop
      vertex   -1.000232e-01 2.692196e-01 1.757362e-03
      vertex   -1.333565e-01 2.679769e-01 8.038494e-04
      vertex   -1.333565e-01 2.692196e-01 1.757362e-03
    endloop
  endfacet
  facet normal 0.000000e+00 7.933537e-01 -6.087610e-01
    outer loop
      vertex   -6.668984e-02 2.701731e-01 3.000003e-03
      vertex   -1.000232e-01 2.692196e-01 1.757362e-03
      vertex   -1.000232e-01 2.701731e-01 3.000003e-03
    endloop
  endfacet
  facet normal 0.000000e+00 7.933537e-01 -6.087610e-01
    outer loop
      vertex   -1.000232e-01 2.701731e-01 3.000003e-03
      vertex   -1.000232e-01 2.692196e-01 1.757362e-03
      vertex   -1.333565e-01 2.692196e-01 1.757362e-03
    endloop
  endfacet
  facet normal 1.538569e-15 9.238797e-01 -3.826830e-01
    outer loop
      vertex   -3.335651e-02 2.707725e-01 4.447088e-03
      vertex   -6.668984e-02 2.701731e-01 3.000003e-03
      vertex   -6.668984e-02 2.707725e-01 4.447088e-03
    endloop
  endfacet
  facet normal 0.000000e+00 9.238797e-01 -3.826830e-01
    outer loop
      vertex   -6.668984e-02 2.707725e-01 4.447088e-03
      vertex   -6.668984e-02 2.701731e-01 3.000003e-03
      vertex   -1.000232e-01 2.701731e-01 3.000003e-03
    endloop
  endfacet
  facet normal 0.000000e+00 9.914449e-01 -1.305258e-01
    outer loop
      vertex   -2.317404e-05 2.709769e-01 6.000002e-03
      vertex   -3.335651e-02 2.707725e-01 4.447088e-03
      vertex   -3.335651e-02 2.709769e-01 6.000002e-03
    endloop
  endfacet
  facet normal 1.651748e-15 9.914449e-01 -1.305258e-01
    outer loop
      vertex   -3.335651e-02 2.709769e-01 6.000002e-03
      vertex   -3.335651e-02 2.707725e-01 4.447088e-03
      vertex   -6.668984e-02 2.707725e-01 4.447088e-03
    endloop
  endfacet
  facet normal 0.000000e+00 9.914448e-01 1.305265e-01
    outer loop
      vertex   3.331016e-02 2.707725e-01 7.552916e-03
      vertex   -2.317404e-05 2.709769e-01 6.000002e-03
      vertex   -2.317404e-05 2.707725e-01 7.552916e-03
    endloop
  endfacet
  facet normal 0.000000e+00 9.914448e-01 1.305265e-01
    outer loop
      vertex   -2.317404e-05 2.707725e-01 7.552916e-03
      vertex   -2.317404e-05 2.709769e-01 6.000002e-03
      vertex   -3.335651e-02 2.709769e-01 6.000002e-03
    endloop
  endfacet
  facet normal 1.538568e-15 9.238794e-01 3.826837e-01
    outer loop
      vertex   6.664349e-02 2.701731e-01 9.000001e-03
      vertex   3.331016e-02 2.707725e-01 7.552916e-03
      vertex   3.331016e-02 2.701731e-01 9.000001e-03
    endloop
  endfacet
  facet normal 0.000000e+00 9.238794e-01 3.826837e-01
    outer loop
      vertex   3.331016e-02 2.701731e-01 9.000001e-03
      vertex   3.331016e-02 2.707725e-01 7.552916e-03
      vertex   -2.317404e-05 2.707725e-01 7.552916e-03
    endloop
  endfacet
  facet normal 0.000000e+00 7.933532e-01 6.087616e-01
    outer loop
      vertex   9.997683e-02 2.692196e-01 1.024264e-02
      vertex   6.664349e-02 2.701731e-01 9.000001e-03
      vertex   6.664349e-02 2.692196e-01 1.024264e-02
    endloop
  endfacet
  facet normal 1.322210e-15 7.933532e-01 6.087616e-01
    outer loop
      vertex   6.664349e-02 2.692196e-01 1.024264e-02
      vertex   6.664349e-02 2.701731e-01 9.000001e-03
      vertex   3.331016e-02 2.701731e-01 9.000001e-03
    endloop
  endfacet
  facet normal 0.000000e+00 6.087613e-01 7.933534e-01
    outer loop
      vertex   1.333102e-01 2.679769e-01 1.119615e-02
      vertex   9.997683e-02 2.692196e-01 1.024264e-02
      vertex   9.997683e-02 2.679769e-01 1.119615e-02
    endloop
  endfacet
  facet normal 0.000000e+00 6.087613e-01 7.933534e-01
    outer loop
      vertex   9.997683e-02 2.679769e-01 1.119615e-02
      vertex   9.997683e-02 2.692196e-01 1.024264e-02
      vertex   6.664349e-02 2.692196e-01 1.024264e-02
    endloop
  endfacet
  facet normal 6.372958e-16 3.826833e-01 9.238796e-01
    outer loop
      vertex   1.666435e-01 2.665298e-01 1.179556e-02
      vertex   1.333102e-01 2.679769e-01 1.119615e-02
      vertex   1.333102e-01 2.665298e-01 1.179556e-02
    endloop
  endfacet
  facet normal 0.000000e+00 3.826833e-01 9.238796e-01
    outer loop
      vertex   1.333102e-01 2.665298e-01 1.179556e-02
      vertex   1.333102e-01 2.679769e-01 1.119615e-02
      vertex   9.997683e-02 2.679769e-01 1.119615e-02
    endloop
  endfacet
  facet normal -8.326673e-16 -1.000000e+00 -3.725290e-07
    outer loop
      vertex   -2.000232e-01 2.649769e-01 1.200000e-02
      vertex   -2.000232e-01 2.649769e-01 1.332268e-17
      vertex   1.999768e-01 2.649769e-01 1.200000e-02
    endloop
  endfacet
  facet normal -8.326673e-16 -1.000000e+00 -3.725290e-07
    outer loop
      vertex   1.999768e-01 2.649769e-01 1.200000e-02
      vertex   -2.000232e-01 2.649769e-01 1.332268e-17
      vertex   1.999768e-01 2.649769e-01 1.332268e-17
    endloop
  endfacet
  facet normal -1.305242e-01 6.412244e-03 -9.914244e-01
    outer loop
      vertex   -3.000464e-01 1.649537e-01 1.332268e-17
      vertex   -3.015993e-01 1.649537e-01 2.044461e-04
      vertex   -2.995647e-01 1.747577e-01 1.332268e-17
    endloop
  endfacet
  facet normal -1.305242e-01 6.412244e-03 -9.914244e-01
    outer loop
      vertex   -2.995647e-01 1.747577e-01 1.332268e-17
      vertex   -3.015993e-01 1.649537e-01 2.044461e-04
      vertex   -3.011101e-01 1.749099e-01 2.044461e-04
    endloop
  endfacet
  facet normal -1.292672e-01 1.917498e-02 -9.914244e-01
    outer loop
      vertex   -2.995647e-01 1.747577e-01 1.332268e-17
      vertex   -3.011101e-01 1.749099e-01 2.044461e-04
      vertex   -2.981244e-01 1.844673e-01 1.332268e-17
    endloop
  endfacet
  facet normal -1.292672e-01 1.917498e-02 -9.914244e-01
    outer loop
      vertex   -2.981244e-01 1.844673e-01 1.332268e-17
      vertex   -3.011101e-01 1.749099e-01 2.044461e-04
      vertex   -2.996475e-01 1.847703e-01 2.044461e-04
    endloop
  endfacet
  facet normal -1.267653e-01 3.175305e-02 -9.914244e-01
    outer loop
      vertex   -2.981244e-01 1.844673e-01 1.332268e-17
      vertex   -2.996475e-01 1.847703e-01 2.044461e-04
      vertex   -2.957394e-01 1.939889e-01 1.332268e-17
    endloop
  endfacet
  facet normal -1.267653e-01 3.175305e-02 -9.914244e-01
    outer loop
      vertex   -2.957394e-01 1.939889e-01 1.332268e-17
      vertex   -2.996475e-01 1.847703e-01 2.044461e-04
      vertex   -2.972254e-01 1.944397e-01 2.044461e-04
    endloop
  endfacet
  facet normal -1.230425e-01 4.402531e-02 -9.914244e-01
    outer loop
      vertex   -2.957394e-01 1.939889e-01 1.332268e-17
      vertex   -2.972254e-01 1.944397e-01 2.044461e-04
      vertex   -2.924325e-01 2.032310e-01 1.332268e-17
    endloop
  endfacet
  facet normal -1.230425e-01 4.402531e-02 -9.914244e-01
    outer loop
      vertex   -2.924325e-01 2.032310e-01 1.332268e-17
      vertex   -2.972254e-01 1.944397e-01 2.044461e-04
      vertex   -2.938672e-01 2.038252e-01 2.044461e-04
    endloop
  endfacet
  facet normal -1.181348e-01 5.587360e-02 -9.914244e-01
    outer loop
      vertex   -2.924325e-01 2.032310e-01 1.332268e-17
      vertex   -2.938672e-01 2.038252e-01 2.044461e-04
      vertex   -2.882357e-01 2.121043e-01 1.332268e-17
    endloop
  endfacet
  facet normal -1.181348e-01 5.587360e-02 -9.914244e-01
    outer loop
      vertex   -2.882357e-01 2.121043e-01 1.332268e-17
      vertex   -2.938672e-01 2.038252e-01 2.044461e-04
      vertex   -2.896053e-01 2.128364e-01 2.044461e-04
    endloop
  endfacet
  facet normal -1.120894e-01 6.718378e-02 -9.914244e-01
    outer loop
      vertex   -2.882357e-01 2.121043e-01 1.332268e-17
      vertex   -2.896053e-01 2.128364e-01 2.044461e-04
      vertex   -2.831894e-01 2.205236e-01 1.332268e-17
    endloop
  endfacet
  facet normal -1.120894e-01 6.718378e-02 -9.914244e-01
    outer loop
      vertex   -2.831894e-01 2.205236e-01 1.332268e-17
      vertex   -2.896053e-01 2.128364e-01 2.044461e-04
      vertex   -2.844806e-01 2.213864e-01 2.044461e-04
    endloop
  endfacet
  facet normal -1.049645e-01 7.784696e-02 -9.914244e-01
    outer loop
      vertex   -2.831894e-01 2.205236e-01 1.332268e-17
      vertex   -2.844806e-01 2.213864e-01 2.044461e-04
      vertex   -2.773421e-01 2.284078e-01 1.332268e-17
    endloop
  endfacet
  facet normal -1.049645e-01 7.784696e-02 -9.914244e-01
    outer loop
      vertex   -2.773421e-01 2.284078e-01 1.332268e-17
      vertex   -2.844806e-01 2.213864e-01 2.044461e-04
      vertex   -2.785426e-01 2.293929e-01 2.044461e-04
    endloop
  endfacet
  facet normal -9.682870e-02 8.776042e-02 -9.914244e-01
    outer loop
      vertex   -2.773421e-01 2.284078e-01 1.332268e-17
      vertex   -2.785426e-01 2.293929e-01 2.044461e-04
      vertex   -2.707502e-01 2.356808e-01 1.332268e-17
    endloop
  endfacet
  facet normal -9.682870e-02 8.776042e-02 -9.914244e-01
    outer loop
      vertex   -2.707502e-01 2.356808e-01 1.332268e-17
      vertex   -2.785426e-01 2.293929e-01 2.044461e-04
      vertex   -2.718483e-01 2.367789e-01 2.044461e-04
    endloop
  endfacet
  facet normal -8.776042e-02 9.682870e-02 -9.914244e-01
    outer loop
      vertex   -2.707502e-01 2.356808e-01 1.332268e-17
      vertex   -2.718483e-01 2.367789e-01 2.044461e-04
      vertex   -2.634772e-01 2.422727e-01 1.332268e-17
    endloop
  endfacet
  facet normal -8.776042e-02 9.682870e-02 -9.914244e-01
    outer loop
      vertex   -2.634772e-01 2.422727e-01 1.332268e-17
      vertex   -2.718483e-01 2.367789e-01 2.044461e-04
      vertex   -2.644624e-01 2.434731e-01 2.044461e-04
    endloop
  endfacet
  facet normal -7.784696e-02 1.049645e-01 -9.914244e-01
    outer loop
      vertex   -2.634772e-01 2.422727e-01 1.332268e-17
      vertex   -2.644624e-01 2.434731e-01 2.044461e-04
      vertex   -2.555931e-01 2.481200e-01 1.332268e-17
    endloop
  endfacet
  facet normal -7.784696e-02 1.049645e-01 -9.914244e-01
    outer loop
      vertex   -2.555931e-01 2.481200e-01 1.332268e-17
      vertex   -2.644624e-01 2.434731e-01 2.044461e-04
      vertex   -2.564558e-01 2.494112e-01 2.044461e-04
    endloop
  endfacet
  facet normal -6.718378e-02 1.120894e-01 -9.914244e-01
    outer loop
      vertex   -2.555931e-01 2.481200e-01 1.332268e-17
      vertex   -2.564558e-01 2.494112e-01 2.044461e-04
      vertex   -2.471738e-01 2.531663e-01 1.332268e-17
    endloop
  endfacet
  facet normal -6.718378e-02 1.120894e-01 -9.914244e-01
    outer loop
      vertex   -2.471738e-01 2.531663e-01 1.332268e-17
      vertex   -2.564558e-01 2.494112e-01 2.044461e-04
      vertex   -2.479058e-01 2.545359e-01 2.044461e-04
    endloop
  endfacet
  facet normal -5.587360e-02 1.181348e-01 -9.914244e-01
    outer loop
      vertex   -2.471738e-01 2.531663e-01 1.332268e-17
      vertex   -2.479058e-01 2.545359e-01 2.044461e-04
      vertex   -2.383004e-01 2.573631e-01 1.332268e-17
    endloop
  endfacet
  facet normal -5.587360e-02 1.181348e-01 -9.914244e-01
    outer loop
      vertex   -2.383004e-01 2.573631e-01 1.332268e-17
      vertex   -2.479058e-01 2.545359e-01 2.044461e-04
      vertex   -2.388947e-01 2.587978e-01 2.044461e-04
    endloop
  endfacet
  facet normal -4.402531e-02 1.230425e-01 -9.914244e-01
    outer loop
      vertex   -2.383004e-01 2.573631e-01 1.332268e-17
      vertex   -2.388947e-01 2.587978e-01 2.044461e-04
      vertex   -2.290584e-01 2.606700e-01 1.332268e-17
    endloop
  endfacet
  facet normal -4.402531e-02 1.230425e-01 -9.914244e-01
    outer loop
      vertex   -2.290584e-01 2.606700e-01 1.332268e-17
      vertex   -2.388947e-01 2.587978e-01 2.044461e-04
      vertex   -2.295092e-01 2.621560e-01 2.044461e-04
    endloop
  endfacet
  facet normal -3.175305e-02 1.267653e-01 -9.914244e-01
    outer loop
      vertex   -2.290584e-01 2.606700e-01 1.332268e-17
      vertex   -2.295092e-01 2.621560e-01 2.044461e-04
      vertex   -2.195367e-01 2.630550e-01 1.332268e-17
    endloop
  endfacet
  facet normal -3.175305e-02 1.267653e-01 -9.914244e-01
    outer loop
      vertex   -2.195367e-01 2.630550e-01 1.332268e-17
      vertex   -2.295092e-01 2.621560e-01 2.044461e-04
      vertex   -2.198397e-01 2.645781e-01 2.044461e-04
    endloop
  endfacet
  facet normal -1.917498e-02 1.292672e-01 -9.914244e-01
    outer loop
      vertex   -2.195367e-01 2.630550e-01 1.332268e-17
      vertex   -2.198397e-01 2.645781e-01 2.044461e-04
      vertex   -2.098272e-01 2.644953e-01 1.332268e-17
    endloop
  endfacet
  facet normal -1.917498e-02 1.292672e-01 -9.914244e-01
    outer loop
      vertex   -2.098272e-01 2.644953e-01 1.332268e-17
      vertex   -2.198397e-01 2.645781e-01 2.044461e-04
      vertex   -2.099794e-01 2.660407e-01 2.044461e-04
    endloop
  endfacet
  facet normal -6.412244e-03 1.305242e-01 -9.914244e-01
    outer loop
      vertex   -2.098272e-01 2.644953e-01 1.332268e-17
      vertex   -2.099794e-01 2.660407e-01 2.044461e-04
      vertex   -2.000232e-01 2.649769e-01 1.332268e-17
    endloop
  endfacet
  facet normal -6.412244e-03 1.305242e-01 -9.914244e-01
    outer loop
      vertex   -2.000232e-01 2.649769e-01 1.332268e-17
      vertex   -2.099794e-01 2.660407e-01 2.044461e-04
      vertex   -2.000232e-01 2.665298e-01 2.044461e-04
    endloop
  endfacet
  facet normal -1.879674e-02 3.826164e-01 -9.237161e-01
    outer loop
      vertex   -2.000232e-01 2.665298e-01 2.044461e-04
      vertex   -2.099794e-01 2.660407e-01 2.044461e-04
      vertex   -2.101212e-01 2.674808e-01 8.038494e-04
    endloop
  endfacet
  facet normal -1.879674e-02 3.826164e-01 -9.237161e-01
    outer loop
      vertex   -2.000232e-01 2.665298e-01 2.044461e-04
      vertex   -2.101212e-01 2.674808e-01 8.038494e-04
      vertex   -2.000232e-01 2.679769e-01 8.038494e-04
    endloop
  endfacet
  facet normal -2.989319e-02 6.084898e-01 -7.929984e-01
    outer loop
      vertex   -2.000232e-01 2.679769e-01 8.038494e-04
      vertex   -2.101212e-01 2.674808e-01 8.038494e-04
      vertex   -2.102430e-01 2.687175e-01 1.757362e-03
    endloop
  endfacet
  facet normal -2.989319e-02 6.084898e-01 -7.929984e-01
    outer loop
      vertex   -2.000232e-01 2.679769e-01 8.038494e-04
      vertex   -2.102430e-01 2.687175e-01 1.757362e-03
      vertex   -2.000232e-01 2.692196e-01 1.757362e-03
    endloop
  endfacet
  facet normal -3.894540e-02 7.927518e-01 -6.082992e-01
    outer loop
      vertex   -2.000232e-01 2.692196e-01 1.757362e-03
      vertex   -2.102430e-01 2.687175e-01 1.757362e-03
      vertex   -2.103365e-01 2.696664e-01 3.000003e-03
    endloop
  endfacet
  facet normal -3.894540e-02 7.927518e-01 -6.082992e-01
    outer loop
      vertex   -2.000232e-01 2.692196e-01 1.757362e-03
      vertex   -2.103365e-01 2.696664e-01 3.000003e-03
      vertex   -2.000232e-01 2.701731e-01 3.000003e-03
    endloop
  endfacet
  facet normal -4.534062e-02 9.229296e-01 -3.822894e-01
    outer loop
      vertex   -2.000232e-01 2.701731e-01 3.000003e-03
      vertex   -2.103365e-01 2.696664e-01 3.000003e-03
      vertex   -2.103952e-01 2.702629e-01 4.447088e-03
    endloop
  endfacet
  facet normal -4.534062e-02 9.229296e-01 -3.822894e-01
    outer loop
      vertex   -2.000232e-01 2.701731e-01 3.000003e-03
      vertex   -2.103952e-01 2.702629e-01 4.447088e-03
      vertex   -2.000232e-01 2.707725e-01 4.447088e-03
    endloop
  endfacet
  facet normal -4.864889e-02 9.902710e-01 -1.303712e-01
    outer loop
      vertex   -2.000232e-01 2.707725e-01 4.447088e-03
      vertex   -2.103952e-01 2.702629e-01 4.447088e-03
      vertex   -2.104153e-01 2.704664e-01 6.000002e-03
    endloop
  endfacet
  facet normal -4.864889e-02 9.902710e-01 -1.303712e-01
    outer loop
      vertex   -2.000232e-01 2.707725e-01 4.447088e-03
      vertex   -2.104153e-01 2.704664e-01 6.000002e-03
      vertex   -2.000232e-01 2.709769e-01 6.000002e-03
    endloop
  endfacet
  facet normal -4.864889e-02 9.902709e-01 1.303720e-01
    outer loop
      vertex   -2.000232e-01 2.709769e-01 6.000002e-03
      vertex   -2.104153e-01 2.704664e-01 6.000002e-03
      vertex   -2.103952e-01 2.702629e-01 7.552916e-03
    endloop
  endfacet
  facet normal -4.864889e-02 9.902709e-01 1.303720e-01
    outer loop
      vertex   -2.000232e-01 2.709769e-01 6.000002e-03
      vertex   -2.103952e-01 2.702629e-01 7.552916e-03
      vertex   -2.000232e-01 2.707725e-01 7.552916e-03
    endloop
  endfacet
  facet normal -4.534061e-02 9.229293e-01 3.822901e-01
    outer loop
      vertex   -2.000232e-01 2.707725e-01 7.552916e-03
      vertex   -2.103952e-01 2.702629e-01 7.552916e-03
      vertex   -2.103365e-01 2.696664e-01 9.000001e-03
    endloop
  endfacet
  facet normal -4.534061e-02 9.229293e-01 3.822901e-01
    outer loop
      vertex   -2.000232e-01 2.707725e-01 7.552916e-03
      vertex   -2.103365e-01 2.696664e-01 9.000001e-03
      vertex   -2.000232e-01 2.701731e-01 9.000001e-03
    endloop
  endfacet
  facet normal -3.894538e-02 7.927513e-01 6.082998e-01
    outer loop
      vertex   -2.000232e-01 2.701731e-01 9.000001e-03
      vertex   -2.103365e-01 2.696664e-01 9.000001e-03
      vertex   -2.102430e-01 2.687175e-01 1.024264e-02
    endloop
  endfacet
  facet normal -3.894538e-02 7.927513e-01 6.082998e-01
    outer loop
      vertex   -2.000232e-01 2.701731e-01 9.000001e-03
      vertex   -2.102430e-01 2.687175e-01 1.024264e-02
      vertex   -2.000232e-01 2.692196e-01 1.024264e-02
    endloop
  endfacet
  facet normal -2.989316e-02 6.084893e-01 7.929989e-01
    outer loop
      vertex   -2.000232e-01 2.692196e-01 1.024264e-02
      vertex   -2.102430e-01 2.687175e-01 1.024264e-02
      vertex   -2.101212e-01 2.674808e-01 1.119615e-02
    endloop
  endfacet
  facet normal -2.989316e-02 6.084893e-01 7.929989e-01
    outer loop
      vertex   -2.000232e-01 2.692196e-01 1.024264e-02
      vertex   -2.101212e-01 2.674808e-01 1.119615e-02
      vertex   -2.000232e-01 2.679769e-01 1.119615e-02
    endloop
  endfacet
  facet normal -1.879671e-02 3.826157e-01 9.237163e-01
    outer loop
      vertex   -2.000232e-01 2.679769e-01 1.119615e-02
      vertex   -2.101212e-01 2.674808e-01 1.119615e-02
      vertex   -2.099794e-01 2.660407e-01 1.179556e-02
    endloop
  endfacet
  facet normal -1.879671e-02 3.826157e-01 9.237163e-01
    outer loop
      vertex   -2.000232e-01 2.679769e-01 1.119615e-02
      vertex   -2.099794e-01 2.660407e-01 1.179556e-02
      vertex   -2.000232e-01 2.665298e-01 1.179556e-02
    endloop
  endfacet
  facet normal -6.412207e-03 1.305235e-01 9.914245e-01
    outer loop
      vertex   -2.000232e-01 2.665298e-01 1.179556e-02
      vertex   -2.099794e-01 2.660407e-01 1.179556e-02
      vertex   -2.098272e-01 2.644953e-01 1.200000e-02
    endloop
  endfacet
  facet normal -6.412207e-03 1.305235e-01 9.914245e-01
    outer loop
      vertex   -2.000232e-01 2.665298e-01 1.179556e-02
      vertex   -2.098272e-01 2.644953e-01 1.200000e-02
      vertex   -2.000232e-01 2.649769e-01 1.200000e-02
    endloop
  endfacet
  facet normal -3.826164e-01 1.879674e-02 -9.237161e-01
    outer loop
      vertex   -3.015993e-01 1.649537e-01 2.044461e-04
      vertex   -3.030464e-01 1.649537e-01 8.038494e-04
      vertex   -3.011101e-01 1.749099e-01 2.044461e-04
    endloop
  endfacet
  facet normal -3.826164e-01 1.879674e-02 -9.237161e-01
    outer loop
      vertex   -3.011101e-01 1.749099e-01 2.044461e-04
      vertex   -3.030464e-01 1.649537e-01 8.038494e-04
      vertex   -3.025503e-01 1.750518e-01 8.038494e-04
    endloop
  endfacet
  facet normal -3.789316e-01 5.620920e-02 -9.237161e-01
    outer loop
      vertex   -3.011101e-01 1.749099e-01 2.044461e-04
      vertex   -3.025503e-01 1.750518e-01 8.038494e-04
      vertex   -2.996475e-01 1.847703e-01 2.044461e-04
    endloop
  endfacet
  facet normal -3.789316e-01 5.620920e-02 -9.237161e-01
    outer loop
      vertex   -2.996475e-01 1.847703e-01 2.044461e-04
      vertex   -3.025503e-01 1.750518e-01 8.038494e-04
      vertex   -3.010668e-01 1.850526e-01 8.038494e-04
    endloop
  endfacet
  facet normal -3.715975e-01 9.308033e-02 -9.237161e-01
    outer loop
      vertex   -2.996475e-01 1.847703e-01 2.044461e-04
      vertex   -3.010668e-01 1.850526e-01 8.038494e-04
      vertex   -2.972254e-01 1.944397e-01 2.044461e-04
    endloop
  endfacet
  facet normal -3.715975e-01 9.308033e-02 -9.237161e-01
    outer loop
      vertex   -2.972254e-01 1.944397e-01 2.044461e-04
      vertex   -3.010668e-01 1.850526e-01 8.038494e-04
      vertex   -2.986102e-01 1.948598e-01 8.038494e-04
    endloop
  endfacet
  facet normal -3.606847e-01 1.290550e-01 -9.237161e-01
    outer loop
      vertex   -2.972254e-01 1.944397e-01 2.044461e-04
      vertex   -2.986102e-01 1.948598e-01 8.038494e-04
      vertex   -2.938672e-01 2.038252e-01 2.044461e-04
    endloop
  endfacet
  facet normal -3.606847e-01 1.290550e-01 -9.237161e-01
    outer loop
      vertex   -2.938672e-01 2.038252e-01 2.044461e-04
      vertex   -2.986102e-01 1.948598e-01 8.038494e-04
      vertex   -2.952042e-01 2.043790e-01 8.038494e-04
    endloop
  endfacet
  facet normal -3.462983e-01 1.637869e-01 -9.237161e-01
    outer loop
      vertex   -2.938672e-01 2.038252e-01 2.044461e-04
      vertex   -2.952042e-01 2.043790e-01 8.038494e-04
      vertex   -2.896053e-01 2.128364e-01 2.044461e-04
    endloop
  endfacet
  facet normal -3.462983e-01 1.637869e-01 -9.237161e-01
    outer loop
      vertex   -2.896053e-01 2.128364e-01 2.044461e-04
      vertex   -2.952042e-01 2.043790e-01 8.038494e-04
      vertex   -2.908815e-01 2.135185e-01 8.038494e-04
    endloop
  endfacet
  facet normal -3.285768e-01 1.969414e-01 -9.237161e-01
    outer loop
      vertex   -2.896053e-01 2.128364e-01 2.044461e-04
      vertex   -2.908815e-01 2.135185e-01 8.038494e-04
      vertex   -2.844806e-01 2.213864e-01 2.044461e-04
    endloop
  endfacet
  facet normal -3.285768e-01 1.969414e-01 -9.237161e-01
    outer loop
      vertex   -2.844806e-01 2.213864e-01 2.044461e-04
      vertex   -2.908815e-01 2.135185e-01 8.038494e-04
      vertex   -2.856838e-01 2.221904e-01 8.038494e-04
    endloop
  endfacet
  facet normal -3.076910e-01 2.281992e-01 -9.237161e-01
    outer loop
      vertex   -2.844806e-01 2.213864e-01 2.044461e-04
      vertex   -2.856838e-01 2.221904e-01 8.038494e-04
      vertex   -2.785426e-01 2.293929e-01 2.044461e-04
    endloop
  endfacet
  facet normal -3.076910e-01 2.281992e-01 -9.237161e-01
    outer loop
      vertex   -2.785426e-01 2.293929e-01 2.044461e-04
      vertex   -2.856838e-01 2.221904e-01 8.038494e-04
      vertex   -2.796612e-01 2.303110e-01 8.038494e-04
    endloop
  endfacet
  facet normal -2.838420e-01 2.572594e-01 -9.237161e-01
    outer loop
      vertex   -2.785426e-01 2.293929e-01 2.044461e-04
      vertex   -2.796612e-01 2.303110e-01 8.038494e-04
      vertex   -2.718483e-01 2.367789e-01 2.044461e-04
    endloop
  endfacet
  facet normal -2.838420e-01 2.572594e-01 -9.237161e-01
    outer loop
      vertex   -2.718483e-01 2.367789e-01 2.044461e-04
      vertex   -2.796612e-01 2.303110e-01 8.038494e-04
      vertex   -2.728716e-01 2.378021e-01 8.038494e-04
    endloop
  endfacet
  facet normal -2.572594e-01 2.838420e-01 -9.237161e-01
    outer loop
      vertex   -2.718483e-01 2.367789e-01 2.044461e-04
      vertex   -2.728716e-01 2.378021e-01 8.038494e-04
      vertex   -2.644624e-01 2.434731e-01 2.044461e-04
    endloop
  endfacet
  facet normal -2.572594e-01 2.838420e-01 -9.237161e-01
    outer loop
      vertex   -2.644624e-01 2.434731e-01 2.044461e-04
      vertex   -2.728716e-01 2.378021e-01 8.038494e-04
      vertex   -2.653804e-01 2.445917e-01 8.038494e-04
    endloop
  endfacet
  facet normal -2.281992e-01 3.076910e-01 -9.237161e-01
    outer loop
      vertex   -2.644624e-01 2.434731e-01 2.044461e-04
      vertex   -2.653804e-01 2.445917e-01 8.038494e-04
      vertex   -2.564558e-01 2.494112e-01 2.044461e-04
    endloop
  endfacet
  facet normal -2.281992e-01 3.076910e-01 -9.237161e-01
    outer loop
      vertex   -2.564558e-01 2.494112e-01 2.044461e-04
      vertex   -2.653804e-01 2.445917e-01 8.038494e-04
      vertex   -2.572598e-01 2.506144e-01 8.038494e-04
    endloop
  endfacet
  facet normal -1.969414e-01 3.285768e-01 -9.237161e-01
    outer loop
      vertex   -2.564558e-01 2.494112e-01 2.044461e-04
      vertex   -2.572598e-01 2.506144e-01 8.038494e-04
      vertex   -2.479058e-01 2.545359e-01 2.044461e-04
    endloop
  endfacet
  facet normal -1.969414e-01 3.285768e-01 -9.237161e-01
    outer loop
      vertex   -2.479058e-01 2.545359e-01 2.044461e-04
      vertex   -2.572598e-01 2.506144e-01 8.038494e-04
      vertex   -2.485880e-01 2.558121e-01 8.038494e-04
    endloop
  endfacet
  facet normal -1.637869e-01 3.462983e-01 -9.237161e-01
    outer loop
      vertex   -2.479058e-01 2.545359e-01 2.044461e-04
      vertex   -2.485880e-01 2.558121e-01 8.038494e-04
      vertex   -2.388947e-01 2.587978e-01 2.044461e-04
    endloop
  endfacet
  facet normal -1.637869e-01 3.462983e-01 -9.237161e-01
    outer loop
      vertex   -2.388947e-01 2.587978e-01 2.044461e-04
      vertex   -2.485880e-01 2.558121e-01 8.038494e-04
      vertex   -2.394484e-01 2.601348e-01 8.038494e-04
    endloop
  endfacet
  facet normal -1.290550e-01 3.606847e-01 -9.237161e-01
    outer loop
      vertex   -2.388947e-01 2.587978e-01 2.044461e-04
      vertex   -2.394484e-01 2.601348e-01 8.038494e-04
      vertex   -2.295092e-01 2.621560e-01 2.044461e-04
    endloop
  endfacet
  facet normal -1.290550e-01 3.606847e-01 -9.237161e-01
    outer loop
      vertex   -2.295092e-01 2.621560e-01 2.044461e-04
      vertex   -2.394484e-01 2.601348e-01 8.038494e-04
      vertex   -2.299292e-01 2.635408e-01 8.038494e-04
    endloop
  endfacet
  facet normal -9.308033e-02 3.715975e-01 -9.237161e-01
    outer loop
      vertex   -2.295092e-01 2.621560e-01 2.044461e-04
      vertex   -2.299292e-01 2.635408e-01 8.038494e-04
      vertex   -2.198397e-01 2.645781e-01 2.044461e-04
    endloop
  endfacet
  facet normal -9.308033e-02 3.715975e-01 -9.237161e-01
    outer loop
      vertex   -2.198397e-01 2.645781e-01 2.044461e-04
      vertex   -2.299292e-01 2.635408e-01 8.038494e-04
      vertex   -2.201220e-01 2.659974e-01 8.038494e-04
    endloop
  endfacet
  facet normal -5.620920e-02 3.789316e-01 -9.237161e-01
    outer loop
      vertex   -2.198397e-01 2.645781e-01 2.044461e-04
      vertex   -2.201220e-01 2.659974e-01 8.038494e-04
      vertex   -2.099794e-01 2.660407e-01 2.044461e-04
    endloop
  endfacet
  facet normal -5.620920e-02 3.789316e-01 -9.237161e-01
    outer loop
      vertex   -2.099794e-01 2.660407e-01 2.044461e-04
      vertex   -2.201220e-01 2.659974e-01 8.038494e-04
      vertex   -2.101212e-01 2.674808e-01 8.038494e-04
    endloop
  endfacet
  facet normal -6.084898e-01 2.989319e-02 -7.929984e-01
    outer loop
      vertex   -3.030464e-01 1.649537e-01 8.038494e-04
      vertex   -3.042890e-01 1.649537e-01 1.757362e-03
      vertex   -3.025503e-01 1.750518e-01 8.038494e-04
    endloop
  endfacet
  facet normal -6.084898e-01 2.989319e-02 -7.929984e-01
    outer loop
      vertex   -3.025503e-01 1.750518e-01 8.038494e-04
      vertex   -3.042890e-01 1.649537e-01 1.757362e-03
      vertex   -3.037869e-01 1.751736e-01 1.757362e-03
    endloop
  endfacet
  facet normal -6.026298e-01 8.939168e-02 -7.929984e-01
    outer loop
      vertex   -3.025503e-01 1.750518e-01 8.038494e-04
      vertex   -3.037869e-01 1.751736e-01 1.757362e-03
      vertex   -3.010668e-01 1.850526e-01 8.038494e-04
    endloop
  endfacet
  facet normal -6.026298e-01 8.939168e-02 -7.929984e-01
    outer loop
      vertex   -3.010668e-01 1.850526e-01 8.038494e-04
      vertex   -3.037869e-01 1.751736e-01 1.757362e-03
      vertex   -3.022856e-01 1.852950e-01 1.757362e-03
    endloop
  endfacet
  facet normal -5.909660e-01 1.480293e-01 -7.929984e-01
    outer loop
      vertex   -3.010668e-01 1.850526e-01 8.038494e-04
      vertex   -3.022856e-01 1.852950e-01 1.757362e-03
      vertex   -2.986102e-01 1.948598e-01 8.038494e-04
    endloop
  endfacet
  facet normal -5.909660e-01 1.480293e-01 -7.929984e-01
    outer loop
      vertex   -2.986102e-01 1.948598e-01 8.038494e-04
      vertex   -3.022856e-01 1.852950e-01 1.757362e-03
      vertex   -2.997993e-01 1.952205e-01 1.757362e-03
    endloop
  endfacet
  facet normal -5.736109e-01 2.052413e-01 -7.929984e-01
    outer loop
      vertex   -2.986102e-01 1.948598e-01 8.038494e-04
      vertex   -2.997993e-01 1.952205e-01 1.757362e-03
      vertex   -2.952042e-01 2.043790e-01 8.038494e-04
    endloop
  endfacet
  facet normal -5.736109e-01 2.052413e-01 -7.929984e-01
    outer loop
      vertex   -2.952042e-01 2.043790e-01 8.038494e-04
      vertex   -2.997993e-01 1.952205e-01 1.757362e-03
      vertex   -2.963522e-01 2.048545e-01 1.757362e-03
    endloop
  endfacet
  facet normal -5.507317e-01 2.604767e-01 -7.929984e-01
    outer loop
      vertex   -2.952042e-01 2.043790e-01 8.038494e-04
      vertex   -2.963522e-01 2.048545e-01 1.757362e-03
      vertex   -2.908815e-01 2.135185e-01 8.038494e-04
    endloop
  endfacet
  facet normal -5.507317e-01 2.604767e-01 -7.929984e-01
    outer loop
      vertex   -2.908815e-01 2.135185e-01 8.038494e-04
      vertex   -2.963522e-01 2.048545e-01 1.757362e-03
      vertex   -2.919774e-01 2.141043e-01 1.757362e-03
    endloop
  endfacet
  facet normal -5.225486e-01 3.132036e-01 -7.929984e-01
    outer loop
      vertex   -2.908815e-01 2.135185e-01 8.038494e-04
      vertex   -2.919774e-01 2.141043e-01 1.757362e-03
      vertex   -2.856838e-01 2.221904e-01 8.038494e-04
    endloop
  endfacet
  facet normal -5.225486e-01 3.132036e-01 -7.929984e-01
    outer loop
      vertex   -2.856838e-01 2.221904e-01 8.038494e-04
      vertex   -2.919774e-01 2.141043e-01 1.757362e-03
      vertex   -2.867170e-01 2.228807e-01 1.757362e-03
    endloop
  endfacet
  facet normal -4.893330e-01 3.629141e-01 -7.929984e-01
    outer loop
      vertex   -2.856838e-01 2.221904e-01 8.038494e-04
      vertex   -2.867170e-01 2.228807e-01 1.757362e-03
      vertex   -2.796612e-01 2.303110e-01 8.038494e-04
    endloop
  endfacet
  facet normal -4.893330e-01 3.629141e-01 -7.929984e-01
    outer loop
      vertex   -2.796612e-01 2.303110e-01 8.038494e-04
      vertex   -2.867170e-01 2.228807e-01 1.757362e-03
      vertex   -2.806217e-01 2.310993e-01 1.757362e-03
    endloop
  endfacet
  facet normal -4.514050e-01 4.091296e-01 -7.929984e-01
    outer loop
      vertex   -2.796612e-01 2.303110e-01 8.038494e-04
      vertex   -2.806217e-01 2.310993e-01 1.757362e-03
      vertex   -2.728716e-01 2.378021e-01 8.038494e-04
    endloop
  endfacet
  facet normal -4.514050e-01 4.091296e-01 -7.929984e-01
    outer loop
      vertex   -2.728716e-01 2.378021e-01 8.038494e-04
      vertex   -2.806217e-01 2.310993e-01 1.757362e-03
      vertex   -2.737502e-01 2.386808e-01 1.757362e-03
    endloop
  endfacet
  facet normal -4.091296e-01 4.514050e-01 -7.929984e-01
    outer loop
      vertex   -2.728716e-01 2.378021e-01 8.038494e-04
      vertex   -2.737502e-01 2.386808e-01 1.757362e-03
      vertex   -2.653804e-01 2.445917e-01 8.038494e-04
    endloop
  endfacet
  facet normal -4.091296e-01 4.514050e-01 -7.929984e-01
    outer loop
      vertex   -2.653804e-01 2.445917e-01 8.038494e-04
      vertex   -2.737502e-01 2.386808e-01 1.757362e-03
      vertex   -2.661687e-01 2.455523e-01 1.757362e-03
    endloop
  endfacet
  facet normal -3.629141e-01 4.893330e-01 -7.929984e-01
    outer loop
      vertex   -2.653804e-01 2.445917e-01 8.038494e-04
      vertex   -2.661687e-01 2.455523e-01 1.757362e-03
      vertex   -2.572598e-01 2.506144e-01 8.038494e-04
    endloop
  endfacet
  facet normal -3.629141e-01 4.893330e-01 -7.929984e-01
    outer loop
      vertex   -2.572598e-01 2.506144e-01 8.038494e-04
      vertex   -2.661687e-01 2.455523e-01 1.757362e-03
      vertex   -2.579502e-01 2.516476e-01 1.757362e-03
    endloop
  endfacet
  facet normal -3.132036e-01 5.225486e-01 -7.929984e-01
    outer loop
      vertex   -2.572598e-01 2.506144e-01 8.038494e-04
      vertex   -2.579502e-01 2.516476e-01 1.757362e-03
      vertex   -2.485880e-01 2.558121e-01 8.038494e-04
    endloop
  endfacet
  facet normal -3.132036e-01 5.225486e-01 -7.929984e-01
    outer loop
      vertex   -2.485880e-01 2.558121e-01 8.038494e-04
      vertex   -2.579502e-01 2.516476e-01 1.757362e-03
      vertex   -2.491737e-01 2.569080e-01 1.757362e-03
    endloop
  endfacet
  facet normal -2.604767e-01 5.507317e-01 -7.929984e-01
    outer loop
      vertex   -2.485880e-01 2.558121e-01 8.038494e-04
      vertex   -2.491737e-01 2.569080e-01 1.757362e-03
      vertex   -2.394484e-01 2.601348e-01 8.038494e-04
    endloop
  endfacet
  facet normal -2.604767e-01 5.507317e-01 -7.929984e-01
    outer loop
      vertex   -2.394484e-01 2.601348e-01 8.038494e-04
      vertex   -2.491737e-01 2.569080e-01 1.757362e-03
      vertex   -2.399240e-01 2.612828e-01 1.757362e-03
    endloop
  endfacet
  facet normal -2.052413e-01 5.736109e-01 -7.929984e-01
    outer loop
      vertex   -2.394484e-01 2.601348e-01 8.038494e-04
      vertex   -2.399240e-01 2.612828e-01 1.757362e-03
      vertex   -2.299292e-01 2.635408e-01 8.038494e-04
    endloop
  endfacet
  facet normal -2.052413e-01 5.736109e-01 -7.929984e-01
    outer loop
      vertex   -2.299292e-01 2.635408e-01 8.038494e-04
      vertex   -2.399240e-01 2.612828e-01 1.757362e-03
      vertex   -2.302899e-01 2.647299e-01 1.757362e-03
    endloop
  endfacet
  facet normal -1.480293e-01 5.909660e-01 -7.929984e-01
    outer loop
      vertex   -2.299292e-01 2.635408e-01 8.038494e-04
      vertex   -2.302899e-01 2.647299e-01 1.757362e-03
      vertex   -2.201220e-01 2.659974e-01 8.038494e-04
    endloop
  endfacet
  facet normal -1.480293e-01 5.909660e-01 -7.929984e-01
    outer loop
      vertex   -2.201220e-01 2.659974e-01 8.038494e-04
      vertex   -2.302899e-01 2.647299e-01 1.757362e-03
      vertex   -2.203644e-01 2.672161e-01 1.757362e-03
    endloop
  endfacet
  facet normal -8.939168e-02 6.026298e-01 -7.929984e-01
    outer loop
      vertex   -2.201220e-01 2.659974e-01 8.038494e-04
      vertex   -2.203644e-01 2.672161e-01 1.757362e-03
      vertex   -2.101212e-01 2.674808e-01 8.038494e-04
    endloop
  endfacet
  facet normal -8.939168e-02 6.026298e-01 -7.929984e-01
    outer loop
      vertex   -2.101212e-01 2.674808e-01 8.038494e-04
      vertex   -2.203644e-01 2.672161e-01 1.757362e-03
      vertex   -2.102430e-01 2.687175e-01 1.757362e-03
    endloop
  endfacet
  facet normal -7.927518e-01 3.894540e-02 -6.082992e-01
    outer loop
      vertex   -3.042890e-01 1.649537e-01 1.757362e-03
      vertex   -3.052425e-01 1.649537e-01 3.000003e-03
      vertex   -3.037869e-01 1.751736e-01 1.757362e-03
    endloop
  endfacet
  facet normal -7.927518e-01 3.894540e-02 -6.082992e-01
    outer loop
      vertex   -3.037869e-01 1.751736e-01 1.757362e-03
      vertex   -3.052425e-01 1.649537e-01 3.000003e-03
      vertex   -3.047358e-01 1.752670e-01 3.000003e-03
    endloop
  endfacet
  facet normal -7.851171e-01 1.164611e-01 -6.082992e-01
    outer loop
      vertex   -3.037869e-01 1.751736e-01 1.757362e-03
      vertex   -3.047358e-01 1.752670e-01 3.000003e-03
      vertex   -3.022856e-01 1.852950e-01 1.757362e-03
    endloop
  endfacet
  facet normal -7.851171e-01 1.164611e-01 -6.082992e-01
    outer loop
      vertex   -3.022856e-01 1.852950e-01 1.757362e-03
      vertex   -3.047358e-01 1.752670e-01 3.000003e-03
      vertex   -3.032207e-01 1.854810e-01 3.000003e-03
    endloop
  endfacet
  facet normal -7.699214e-01 1.928553e-01 -6.082992e-01
    outer loop
      vertex   -3.022856e-01 1.852950e-01 1.757362e-03
      vertex   -3.032207e-01 1.854810e-01 3.000003e-03
      vertex   -2.997993e-01 1.952205e-01 1.757362e-03
    endloop
  endfacet
  facet normal -7.699214e-01 1.928553e-01 -6.082992e-01
    outer loop
      vertex   -2.997993e-01 1.952205e-01 1.757362e-03
      vertex   -3.032207e-01 1.854810e-01 3.000003e-03
      vertex   -3.007118e-01 1.954973e-01 3.000003e-03
    endloop
  endfacet
  facet normal -7.473109e-01 2.673921e-01 -6.082992e-01
    outer loop
      vertex   -2.997993e-01 1.952205e-01 1.757362e-03
      vertex   -3.007118e-01 1.954973e-01 3.000003e-03
      vertex   -2.963522e-01 2.048545e-01 1.757362e-03
    endloop
  endfacet
  facet normal -7.473109e-01 2.673921e-01 -6.082992e-01
    outer loop
      vertex   -2.963522e-01 2.048545e-01 1.757362e-03
      vertex   -3.007118e-01 1.954973e-01 3.000003e-03
      vertex   -2.972332e-01 2.052194e-01 3.000003e-03
    endloop
  endfacet
  facet normal -7.175034e-01 3.393538e-01 -6.082992e-01
    outer loop
      vertex   -2.963522e-01 2.048545e-01 1.757362e-03
      vertex   -2.972332e-01 2.052194e-01 3.000003e-03
      vertex   -2.919774e-01 2.141043e-01 1.757362e-03
    endloop
  endfacet
  facet normal -7.175034e-01 3.393538e-01 -6.082992e-01
    outer loop
      vertex   -2.919774e-01 2.141043e-01 1.757362e-03
      vertex   -2.972332e-01 2.052194e-01 3.000003e-03
      vertex   -2.928183e-01 2.145538e-01 3.000003e-03
    endloop
  endfacet
  facet normal -6.807859e-01 4.080474e-01 -6.082992e-01
    outer loop
      vertex   -2.919774e-01 2.141043e-01 1.757362e-03
      vertex   -2.928183e-01 2.145538e-01 3.000003e-03
      vertex   -2.867170e-01 2.228807e-01 1.757362e-03
    endloop
  endfacet
  facet normal -6.807859e-01 4.080474e-01 -6.082992e-01
    outer loop
      vertex   -2.867170e-01 2.228807e-01 1.757362e-03
      vertex   -2.928183e-01 2.145538e-01 3.000003e-03
      vertex   -2.875098e-01 2.234105e-01 3.000003e-03
    endloop
  endfacet
  facet normal -6.375121e-01 4.728112e-01 -6.082992e-01
    outer loop
      vertex   -2.867170e-01 2.228807e-01 1.757362e-03
      vertex   -2.875098e-01 2.234105e-01 3.000003e-03
      vertex   -2.806217e-01 2.310993e-01 1.757362e-03
    endloop
  endfacet
  facet normal -6.375121e-01 4.728112e-01 -6.082992e-01
    outer loop
      vertex   -2.806217e-01 2.310993e-01 1.757362e-03
      vertex   -2.875098e-01 2.234105e-01 3.000003e-03
      vertex   -2.813588e-01 2.317042e-01 3.000003e-03
    endloop
  endfacet
  facet normal -5.880987e-01 5.330216e-01 -6.082992e-01
    outer loop
      vertex   -2.806217e-01 2.310993e-01 1.757362e-03
      vertex   -2.813588e-01 2.317042e-01 3.000003e-03
      vertex   -2.737502e-01 2.386808e-01 1.757362e-03
    endloop
  endfacet
  facet normal -5.880987e-01 5.330216e-01 -6.082992e-01
    outer loop
      vertex   -2.737502e-01 2.386808e-01 1.757362e-03
      vertex   -2.813588e-01 2.317042e-01 3.000003e-03
      vertex   -2.744245e-01 2.393550e-01 3.000003e-03
    endloop
  endfacet
  facet normal -5.330216e-01 5.880987e-01 -6.082992e-01
    outer loop
      vertex   -2.737502e-01 2.386808e-01 1.757362e-03
      vertex   -2.744245e-01 2.393550e-01 3.000003e-03
      vertex   -2.661687e-01 2.455523e-01 1.757362e-03
    endloop
  endfacet
  facet normal -5.330216e-01 5.880987e-01 -6.082992e-01
    outer loop
      vertex   -2.661687e-01 2.455523e-01 1.757362e-03
      vertex   -2.744245e-01 2.393550e-01 3.000003e-03
      vertex   -2.667736e-01 2.462894e-01 3.000003e-03
    endloop
  endfacet
  facet normal -4.728112e-01 6.375121e-01 -6.082992e-01
    outer loop
      vertex   -2.661687e-01 2.455523e-01 1.757362e-03
      vertex   -2.667736e-01 2.462894e-01 3.000003e-03
      vertex   -2.579502e-01 2.516476e-01 1.757362e-03
    endloop
  endfacet
  facet normal -4.728112e-01 6.375121e-01 -6.082992e-01
    outer loop
      vertex   -2.579502e-01 2.516476e-01 1.757362e-03
      vertex   -2.667736e-01 2.462894e-01 3.000003e-03
      vertex   -2.584799e-01 2.524404e-01 3.000003e-03
    endloop
  endfacet
  facet normal -4.080474e-01 6.807859e-01 -6.082992e-01
    outer loop
      vertex   -2.579502e-01 2.516476e-01 1.757362e-03
      vertex   -2.584799e-01 2.524404e-01 3.000003e-03
      vertex   -2.491737e-01 2.569080e-01 1.757362e-03
    endloop
  endfacet
  facet normal -4.080474e-01 6.807859e-01 -6.082992e-01
    outer loop
      vertex   -2.491737e-01 2.569080e-01 1.757362e-03
      vertex   -2.584799e-01 2.524404e-01 3.000003e-03
      vertex   -2.496232e-01 2.577489e-01 3.000003e-03
    endloop
  endfacet
  facet normal -3.393538e-01 7.175034e-01 -6.082992e-01
    outer loop
      vertex   -2.491737e-01 2.569080e-01 1.757362e-03
      vertex   -2.496232e-01 2.577489e-01 3.000003e-03
      vertex   -2.399240e-01 2.612828e-01 1.757362e-03
    endloop
  endfacet
  facet normal -3.393538e-01 7.175034e-01 -6.082992e-01
    outer loop
      vertex   -2.399240e-01 2.612828e-01 1.757362e-03
      vertex   -2.496232e-01 2.577489e-01 3.000003e-03
      vertex   -2.402889e-01 2.621637e-01 3.000003e-03
    endloop
  endfacet
  facet normal -2.673921e-01 7.473109e-01 -6.082992e-01
    outer loop
      vertex   -2.399240e-01 2.612828e-01 1.757362e-03
      vertex   -2.402889e-01 2.621637e-01 3.000003e-03
      vertex   -2.302899e-01 2.647299e-01 1.757362e-03
    endloop
  endfacet
  facet normal -2.673921e-01 7.473109e-01 -6.082992e-01
    outer loop
      vertex   -2.302899e-01 2.647299e-01 1.757362e-03
      vertex   -2.402889e-01 2.621637e-01 3.000003e-03
      vertex   -2.305667e-01 2.656424e-01 3.000003e-03
    endloop
  endfacet
  facet normal -1.928553e-01 7.699214e-01 -6.082992e-01
    outer loop
      vertex   -2.302899e-01 2.647299e-01 1.757362e-03
      vertex   -2.305667e-01 2.656424e-01 3.000003e-03
      vertex   -2.203644e-01 2.672161e-01 1.757362e-03
    endloop
  endfacet
  facet normal -1.928553e-01 7.699214e-01 -6.082992e-01
    outer loop
      vertex   -2.203644e-01 2.672161e-01 1.757362e-03
      vertex   -2.305667e-01 2.656424e-01 3.000003e-03
      vertex   -2.205504e-01 2.681513e-01 3.000003e-03
    endloop
  endfacet
  facet normal -1.164611e-01 7.851171e-01 -6.082992e-01
    outer loop
      vertex   -2.203644e-01 2.672161e-01 1.757362e-03
      vertex   -2.205504e-01 2.681513e-01 3.000003e-03
      vertex   -2.102430e-01 2.687175e-01 1.757362e-03
    endloop
  endfacet
  facet normal -1.164611e-01 7.851171e-01 -6.082992e-01
    outer loop
      vertex   -2.102430e-01 2.687175e-01 1.757362e-03
      vertex   -2.205504e-01 2.681513e-01 3.000003e-03
      vertex   -2.103365e-01 2.696664e-01 3.000003e-03
    endloop
  endfacet
  facet normal -9.229296e-01 4.534062e-02 -3.822894e-01
    outer loop
      vertex   -3.052425e-01 1.649537e-01 3.000003e-03
      vertex   -3.058419e-01 1.649537e-01 4.447088e-03
      vertex   -3.047358e-01 1.752670e-01 3.000003e-03
    endloop
  endfacet
  facet normal -9.229296e-01 4.534062e-02 -3.822894e-01
    outer loop
      vertex   -3.047358e-01 1.752670e-01 3.000003e-03
      vertex   -3.058419e-01 1.649537e-01 4.447088e-03
      vertex   -3.053324e-01 1.753258e-01 4.447088e-03
    endloop
  endfacet
  facet normal -9.140413e-01 1.355852e-01 -3.822894e-01
    outer loop
      vertex   -3.047358e-01 1.752670e-01 3.000003e-03
      vertex   -3.053324e-01 1.753258e-01 4.447088e-03
      vertex   -3.032207e-01 1.854810e-01 3.000003e-03
    endloop
  endfacet
  facet normal -9.140413e-01 1.355852e-01 -3.822894e-01
    outer loop
      vertex   -3.032207e-01 1.854810e-01 3.000003e-03
      vertex   -3.053324e-01 1.753258e-01 4.447088e-03
      vertex   -3.038086e-01 1.855980e-01 4.447088e-03
    endloop
  endfacet
  facet normal -8.963502e-01 2.245240e-01 -3.822894e-01
    outer loop
      vertex   -3.032207e-01 1.854810e-01 3.000003e-03
      vertex   -3.038086e-01 1.855980e-01 4.447088e-03
      vertex   -3.007118e-01 1.954973e-01 3.000003e-03
    endloop
  endfacet
  facet normal -8.963502e-01 2.245240e-01 -3.822894e-01
    outer loop
      vertex   -3.007118e-01 1.954973e-01 3.000003e-03
      vertex   -3.038086e-01 1.855980e-01 4.447088e-03
      vertex   -3.012854e-01 1.956713e-01 4.447088e-03
    endloop
  endfacet
  facet normal -8.700269e-01 3.113006e-01 -3.822894e-01
    outer loop
      vertex   -3.007118e-01 1.954973e-01 3.000003e-03
      vertex   -3.012854e-01 1.956713e-01 4.447088e-03
      vertex   -2.972332e-01 2.052194e-01 3.000003e-03
    endloop
  endfacet
  facet normal -8.700269e-01 3.113006e-01 -3.822894e-01
    outer loop
      vertex   -2.972332e-01 2.052194e-01 3.000003e-03
      vertex   -3.012854e-01 1.956713e-01 4.447088e-03
      vertex   -2.977869e-01 2.054488e-01 4.447088e-03
    endloop
  endfacet
  facet normal -8.353246e-01 3.950791e-01 -3.822894e-01
    outer loop
      vertex   -2.972332e-01 2.052194e-01 3.000003e-03
      vertex   -2.977869e-01 2.054488e-01 4.447088e-03
      vertex   -2.928183e-01 2.145538e-01 3.000003e-03
    endloop
  endfacet
  facet normal -8.353246e-01 3.950791e-01 -3.822894e-01
    outer loop
      vertex   -2.928183e-01 2.145538e-01 3.000003e-03
      vertex   -2.977869e-01 2.054488e-01 4.447088e-03
      vertex   -2.933470e-01 2.148363e-01 4.447088e-03
    endloop
  endfacet
  facet normal -7.925778e-01 4.750529e-01 -3.822894e-01
    outer loop
      vertex   -2.928183e-01 2.145538e-01 3.000003e-03
      vertex   -2.933470e-01 2.148363e-01 4.447088e-03
      vertex   -2.875098e-01 2.234105e-01 3.000003e-03
    endloop
  endfacet
  facet normal -7.925778e-01 4.750529e-01 -3.822894e-01
    outer loop
      vertex   -2.875098e-01 2.234105e-01 3.000003e-03
      vertex   -2.933470e-01 2.148363e-01 4.447088e-03
      vertex   -2.880082e-01 2.237435e-01 4.447088e-03
    endloop
  endfacet
  facet normal -7.421980e-01 5.504516e-01 -3.822894e-01
    outer loop
      vertex   -2.875098e-01 2.234105e-01 3.000003e-03
      vertex   -2.880082e-01 2.237435e-01 4.447088e-03
      vertex   -2.813588e-01 2.317042e-01 3.000003e-03
    endloop
  endfacet
  facet normal -7.421980e-01 5.504516e-01 -3.822894e-01
    outer loop
      vertex   -2.813588e-01 2.317042e-01 3.000003e-03
      vertex   -2.880082e-01 2.237435e-01 4.447088e-03
      vertex   -2.818222e-01 2.320844e-01 4.447088e-03
    endloop
  endfacet
  facet normal -6.846704e-01 6.205491e-01 -3.822894e-01
    outer loop
      vertex   -2.813588e-01 2.317042e-01 3.000003e-03
      vertex   -2.818222e-01 2.320844e-01 4.447088e-03
      vertex   -2.744245e-01 2.393550e-01 3.000003e-03
    endloop
  endfacet
  facet normal -6.846704e-01 6.205491e-01 -3.822894e-01
    outer loop
      vertex   -2.744245e-01 2.393550e-01 3.000003e-03
      vertex   -2.818222e-01 2.320844e-01 4.447088e-03
      vertex   -2.748483e-01 2.397789e-01 4.447088e-03
    endloop
  endfacet
  facet normal -6.205491e-01 6.846704e-01 -3.822894e-01
    outer loop
      vertex   -2.744245e-01 2.393550e-01 3.000003e-03
      vertex   -2.748483e-01 2.397789e-01 4.447088e-03
      vertex   -2.667736e-01 2.462894e-01 3.000003e-03
    endloop
  endfacet
  facet normal -6.205491e-01 6.846704e-01 -3.822894e-01
    outer loop
      vertex   -2.667736e-01 2.462894e-01 3.000003e-03
      vertex   -2.748483e-01 2.397789e-01 4.447088e-03
      vertex   -2.671539e-01 2.467527e-01 4.447088e-03
    endloop
  endfacet
  facet normal -5.504516e-01 7.421980e-01 -3.822894e-01
    outer loop
      vertex   -2.667736e-01 2.462894e-01 3.000003e-03
      vertex   -2.671539e-01 2.467527e-01 4.447088e-03
      vertex   -2.584799e-01 2.524404e-01 3.000003e-03
    endloop
  endfacet
  facet normal -5.504516e-01 7.421980e-01 -3.822894e-01
    outer loop
      vertex   -2.584799e-01 2.524404e-01 3.000003e-03
      vertex   -2.671539e-01 2.467527e-01 4.447088e-03
      vertex   -2.588129e-01 2.529388e-01 4.447088e-03
    endloop
  endfacet
  facet normal -4.750529e-01 7.925778e-01 -3.822894e-01
    outer loop
      vertex   -2.584799e-01 2.524404e-01 3.000003e-03
      vertex   -2.588129e-01 2.529388e-01 4.447088e-03
      vertex   -2.496232e-01 2.577489e-01 3.000003e-03
    endloop
  endfacet
  facet normal -4.750529e-01 7.925778e-01 -3.822894e-01
    outer loop
      vertex   -2.496232e-01 2.577489e-01 3.000003e-03
      vertex   -2.588129e-01 2.529388e-01 4.447088e-03
      vertex   -2.499058e-01 2.582775e-01 4.447088e-03
    endloop
  endfacet
  facet normal -3.950791e-01 8.353246e-01 -3.822894e-01
    outer loop
      vertex   -2.496232e-01 2.577489e-01 3.000003e-03
      vertex   -2.499058e-01 2.582775e-01 4.447088e-03
      vertex   -2.402889e-01 2.621637e-01 3.000003e-03
    endloop
  endfacet
  facet normal -3.950791e-01 8.353246e-01 -3.822894e-01
    outer loop
      vertex   -2.402889e-01 2.621637e-01 3.000003e-03
      vertex   -2.499058e-01 2.582775e-01 4.447088e-03
      vertex   -2.405182e-01 2.627175e-01 4.447088e-03
    endloop
  endfacet
  facet normal -3.113006e-01 8.700269e-01 -3.822894e-01
    outer loop
      vertex   -2.402889e-01 2.621637e-01 3.000003e-03
      vertex   -2.405182e-01 2.627175e-01 4.447088e-03
      vertex   -2.305667e-01 2.656424e-01 3.000003e-03
    endloop
  endfacet
  facet normal -3.113006e-01 8.700269e-01 -3.822894e-01
    outer loop
      vertex   -2.305667e-01 2.656424e-01 3.000003e-03
      vertex   -2.405182e-01 2.627175e-01 4.447088e-03
      vertex   -2.307407e-01 2.662160e-01 4.447088e-03
    endloop
  endfacet
  facet normal -2.245240e-01 8.963502e-01 -3.822894e-01
    outer loop
      vertex   -2.305667e-01 2.656424e-01 3.000003e-03
      vertex   -2.307407e-01 2.662160e-01 4.447088e-03
      vertex   -2.205504e-01 2.681513e-01 3.000003e-03
    endloop
  endfacet
  facet normal -2.245240e-01 8.963502e-01 -3.822894e-01
    outer loop
      vertex   -2.205504e-01 2.681513e-01 3.000003e-03
      vertex   -2.307407e-01 2.662160e-01 4.447088e-03
      vertex   -2.206674e-01 2.687392e-01 4.447088e-03
    endloop
  endfacet
  facet normal -1.355852e-01 9.140413e-01 -3.822894e-01
    outer loop
      vertex   -2.205504e-01 2.681513e-01 3.000003e-03
      vertex   -2.206674e-01 2.687392e-01 4.447088e-03
      vertex   -2.103365e-01 2.696664e-01 3.000003e-03
    endloop
  endfacet
  facet normal -1.355852e-01 9.140413e-01 -3.822894e-01
    outer loop
      vertex   -2.103365e-01 2.696664e-01 3.000003e-03
      vertex   -2.206674e-01 2.687392e-01 4.447088e-03
      vertex   -2.103952e-01 2.702629e-01 4.447088e-03
    endloop
  endfacet
  facet normal -9.902710e-01 4.864889e-02 -1.303712e-01
    outer loop
      vertex   -3.058419e-01 1.649537e-01 4.447088e-03
      vertex   -3.060463e-01 1.649537e-01 6.000002e-03
      vertex   -3.053324e-01 1.753258e-01 4.447088e-03
    endloop
  endfacet
  facet normal -9.902710e-01 4.864889e-02 -1.303712e-01
    outer loop
      vertex   -3.053324e-01 1.753258e-01 4.447088e-03
      vertex   -3.060463e-01 1.649537e-01 6.000002e-03
      vertex   -3.055358e-01 1.753458e-01 6.000002e-03
    endloop
  endfacet
  facet normal -9.807341e-01 1.454782e-01 -1.303712e-01
    outer loop
      vertex   -3.053324e-01 1.753258e-01 4.447088e-03
      vertex   -3.055358e-01 1.753458e-01 6.000002e-03
      vertex   -3.038086e-01 1.855980e-01 4.447088e-03
    endloop
  endfacet
  facet normal -9.807341e-01 1.454782e-01 -1.303712e-01
    outer loop
      vertex   -3.038086e-01 1.855980e-01 4.447088e-03
      vertex   -3.055358e-01 1.753458e-01 6.000002e-03
      vertex   -3.040091e-01 1.856378e-01 6.000002e-03
    endloop
  endfacet
  facet normal -9.617523e-01 2.409064e-01 -1.303712e-01
    outer loop
      vertex   -3.038086e-01 1.855980e-01 4.447088e-03
      vertex   -3.040091e-01 1.856378e-01 6.000002e-03
      vertex   -3.012854e-01 1.956713e-01 4.447088e-03
    endloop
  endfacet
  facet normal -9.617523e-01 2.409064e-01 -1.303712e-01
    outer loop
      vertex   -3.012854e-01 1.956713e-01 4.447088e-03
      vertex   -3.040091e-01 1.856378e-01 6.000002e-03
      vertex   -3.014810e-01 1.957306e-01 6.000002e-03
    endloop
  endfacet
  facet normal -9.335082e-01 3.340146e-01 -1.303712e-01
    outer loop
      vertex   -3.012854e-01 1.956713e-01 4.447088e-03
      vertex   -3.014810e-01 1.957306e-01 6.000002e-03
      vertex   -2.977869e-01 2.054488e-01 4.447088e-03
    endloop
  endfacet
  facet normal -9.335082e-01 3.340146e-01 -1.303712e-01
    outer loop
      vertex   -2.977869e-01 2.054488e-01 4.447088e-03
      vertex   -3.014810e-01 1.957306e-01 6.000002e-03
      vertex   -2.979758e-01 2.055271e-01 6.000002e-03
    endloop
  endfacet
  facet normal -8.962740e-01 4.239060e-01 -1.303712e-01
    outer loop
      vertex   -2.977869e-01 2.054488e-01 4.447088e-03
      vertex   -2.979758e-01 2.055271e-01 6.000002e-03
      vertex   -2.933470e-01 2.148363e-01 4.447088e-03
    endloop
  endfacet
  facet normal -8.962740e-01 4.239060e-01 -1.303712e-01
    outer loop
      vertex   -2.933470e-01 2.148363e-01 4.447088e-03
      vertex   -2.979758e-01 2.055271e-01 6.000002e-03
      vertex   -2.935273e-01 2.149327e-01 6.000002e-03
    endloop
  endfacet
  facet normal -8.504081e-01 5.097150e-01 -1.303712e-01
    outer loop
      vertex   -2.933470e-01 2.148363e-01 4.447088e-03
      vertex   -2.935273e-01 2.149327e-01 6.000002e-03
      vertex   -2.880082e-01 2.237435e-01 4.447088e-03
    endloop
  endfacet
  facet normal -8.504081e-01 5.097150e-01 -1.303712e-01
    outer loop
      vertex   -2.880082e-01 2.237435e-01 4.447088e-03
      vertex   -2.935273e-01 2.149327e-01 6.000002e-03
      vertex   -2.881782e-01 2.238571e-01 6.000002e-03
    endloop
  endfacet
  facet normal -7.963524e-01 5.906152e-01 -1.303712e-01
    outer loop
      vertex   -2.880082e-01 2.237435e-01 4.447088e-03
      vertex   -2.881782e-01 2.238571e-01 6.000002e-03
      vertex   -2.818222e-01 2.320844e-01 4.447088e-03
    endloop
  endfacet
  facet normal -7.963524e-01 5.906152e-01 -1.303712e-01
    outer loop
      vertex   -2.818222e-01 2.320844e-01 4.447088e-03
      vertex   -2.881782e-01 2.238571e-01 6.000002e-03
      vertex   -2.819802e-01 2.322141e-01 6.000002e-03
    endloop
  endfacet
  facet normal -7.346273e-01 6.658274e-01 -1.303712e-01
    outer loop
      vertex   -2.818222e-01 2.320844e-01 4.447088e-03
      vertex   -2.819802e-01 2.322141e-01 6.000002e-03
      vertex   -2.748483e-01 2.397789e-01 4.447088e-03
    endloop
  endfacet
  facet normal -7.346273e-01 6.658274e-01 -1.303712e-01
    outer loop
      vertex   -2.748483e-01 2.397789e-01 4.447088e-03
      vertex   -2.819802e-01 2.322141e-01 6.000002e-03
      vertex   -2.749929e-01 2.399235e-01 6.000002e-03
    endloop
  endfacet
  facet normal -6.658274e-01 7.346273e-01 -1.303712e-01
    outer loop
      vertex   -2.748483e-01 2.397789e-01 4.447088e-03
      vertex   -2.749929e-01 2.399235e-01 6.000002e-03
      vertex   -2.671539e-01 2.467527e-01 4.447088e-03
    endloop
  endfacet
  facet normal -6.658274e-01 7.346273e-01 -1.303712e-01
    outer loop
      vertex   -2.671539e-01 2.467527e-01 4.447088e-03
      vertex   -2.749929e-01 2.399235e-01 6.000002e-03
      vertex   -2.672836e-01 2.469108e-01 6.000002e-03
    endloop
  endfacet
  facet normal -5.906152e-01 7.963524e-01 -1.303712e-01
    outer loop
      vertex   -2.671539e-01 2.467527e-01 4.447088e-03
      vertex   -2.672836e-01 2.469108e-01 6.000002e-03
      vertex   -2.588129e-01 2.529388e-01 4.447088e-03
    endloop
  endfacet
  facet normal -5.906152e-01 7.963524e-01 -1.303712e-01
    outer loop
      vertex   -2.588129e-01 2.529388e-01 4.447088e-03
      vertex   -2.672836e-01 2.469108e-01 6.000002e-03
      vertex   -2.589265e-01 2.531088e-01 6.000002e-03
    endloop
  endfacet
  facet normal -5.097150e-01 8.504081e-01 -1.303712e-01
    outer loop
      vertex   -2.588129e-01 2.529388e-01 4.447088e-03
      vertex   -2.589265e-01 2.531088e-01 6.000002e-03
      vertex   -2.499058e-01 2.582775e-01 4.447088e-03
    endloop
  endfacet
  facet normal -5.097150e-01 8.504081e-01 -1.303712e-01
    outer loop
      vertex   -2.499058e-01 2.582775e-01 4.447088e-03
      vertex   -2.589265e-01 2.531088e-01 6.000002e-03
      vertex   -2.500022e-01 2.584578e-01 6.000002e-03
    endloop
  endfacet
  facet normal -4.239060e-01 8.962740e-01 -1.303712e-01
    outer loop
      vertex   -2.499058e-01 2.582775e-01 4.447088e-03
      vertex   -2.500022e-01 2.584578e-01 6.000002e-03
      vertex   -2.405182e-01 2.627175e-01 4.447088e-03
    endloop
  endfacet
  facet normal -4.239060e-01 8.962740e-01 -1.303712e-01
    outer loop
      vertex   -2.405182e-01 2.627175e-01 4.447088e-03
      vertex   -2.500022e-01 2.584578e-01 6.000002e-03
      vertex   -2.405965e-01 2.629064e-01 6.000002e-03
    endloop
  endfacet
  facet normal -3.340146e-01 9.335082e-01 -1.303712e-01
    outer loop
      vertex   -2.405182e-01 2.627175e-01 4.447088e-03
      vertex   -2.405965e-01 2.629064e-01 6.000002e-03
      vertex   -2.307407e-01 2.662160e-01 4.447088e-03
    endloop
  endfacet
  facet normal -3.340146e-01 9.335082e-01 -1.303712e-01
    outer loop
      vertex   -2.307407e-01 2.662160e-01 4.447088e-03
      vertex   -2.405965e-01 2.629064e-01 6.000002e-03
      vertex   -2.308001e-01 2.664116e-01 6.000002e-03
    endloop
  endfacet
  facet normal -2.409064e-01 9.617523e-01 -1.303712e-01
    outer loop
      vertex   -2.307407e-01 2.662160e-01 4.447088e-03
      vertex   -2.308001e-01 2.664116e-01 6.000002e-03
      vertex   -2.206674e-01 2.687392e-01 4.447088e-03
    endloop
  endfacet
  facet normal -2.409064e-01 9.617523e-01 -1.303712e-01
    outer loop
      vertex   -2.206674e-01 2.687392e-01 4.447088e-03
      vertex   -2.308001e-01 2.664116e-01 6.000002e-03
      vertex   -2.207073e-01 2.689397e-01 6.000002e-03
    endloop
  endfacet
  facet normal -1.454782e-01 9.807341e-01 -1.303712e-01
    outer loop
      vertex   -2.206674e-01 2.687392e-01 4.447088e-03
      vertex   -2.207073e-01 2.689397e-01 6.000002e-03
      vertex   -2.103952e-01 2.702629e-01 4.447088e-03
    endloop
  endfacet
  facet normal -1.454782e-01 9.807341e-01 -1.303712e-01
    outer loop
      vertex   -2.103952e-01 2.702629e-01 4.447088e-03
      vertex   -2.207073e-01 2.689397e-01 6.000002e-03
      vertex   -2.104153e-01 2.704664e-01 6.000002e-03
    endloop
  endfacet
  facet normal -9.902709e-01 4.864889e-02 1.303720e-01
    outer loop
      vertex   -3.060463e-01 1.649537e-01 6.000002e-03
      vertex   -3.058419e-01 1.649537e-01 7.552916e-03
      vertex   -3.055358e-01 1.753458e-01 6.000002e-03
    endloop
  endfacet
  facet normal -9.902709e-01 4.864889e-02 1.303720e-01
    outer loop
      vertex   -3.055358e-01 1.753458e-01 6.000002e-03
      vertex   -3.058419e-01 1.649537e-01 7.552916e-03
      vertex   -3.053324e-01 1.753258e-01 7.552916e-03
    endloop
  endfacet
  facet normal -9.807340e-01 1.454782e-01 1.303720e-01
    outer loop
      vertex   -3.055358e-01 1.753458e-01 6.000002e-03
      vertex   -3.053324e-01 1.753258e-01 7.552916e-03
      vertex   -3.040091e-01 1.856378e-01 6.000002e-03
    endloop
  endfacet
  facet normal -9.807340e-01 1.454782e-01 1.303720e-01
    outer loop
      vertex   -3.040091e-01 1.856378e-01 6.000002e-03
      vertex   -3.053324e-01 1.753258e-01 7.552916e-03
      vertex   -3.038086e-01 1.855980e-01 7.552916e-03
    endloop
  endfacet
  facet normal -9.617522e-01 2.409064e-01 1.303720e-01
    outer loop
      vertex   -3.040091e-01 1.856378e-01 6.000002e-03
      vertex   -3.038086e-01 1.855980e-01 7.552916e-03
      vertex   -3.014810e-01 1.957306e-01 6.000002e-03
    endloop
  endfacet
  facet normal -9.617522e-01 2.409064e-01 1.303720e-01
    outer loop
      vertex   -3.014810e-01 1.957306e-01 6.000002e-03
      vertex   -3.038086e-01 1.855980e-01 7.552916e-03
      vertex   -3.012854e-01 1.956713e-01 7.552916e-03
    endloop
  endfacet
  facet normal -9.335081e-01 3.340145e-01 1.303720e-01
    outer loop
      vertex   -3.014810e-01 1.957306e-01 6.000002e-03
      vertex   -3.012854e-01 1.956713e-01 7.552916e-03
      vertex   -2.979758e-01 2.055271e-01 6.000002e-03
    endloop
  endfacet
  facet normal -9.335081e-01 3.340145e-01 1.303720e-01
    outer loop
      vertex   -2.979758e-01 2.055271e-01 6.000002e-03
      vertex   -3.012854e-01 1.956713e-01 7.552916e-03
      vertex   -2.977869e-01 2.054488e-01 7.552916e-03
    endloop
  endfacet
  facet normal -8.962739e-01 4.239060e-01 1.303720e-01
    outer loop
      vertex   -2.979758e-01 2.055271e-01 6.000002e-03
      vertex   -2.977869e-01 2.054488e-01 7.552916e-03
      vertex   -2.935273e-01 2.149327e-01 6.000002e-03
    endloop
  endfacet
  facet normal -8.962739e-01 4.239060e-01 1.303720e-01
    outer loop
      vertex   -2.935273e-01 2.149327e-01 6.000002e-03
      vertex   -2.977869e-01 2.054488e-01 7.552916e-03
      vertex   -2.933470e-01 2.148363e-01 7.552916e-03
    endloop
  endfacet
  facet normal -8.504080e-01 5.097150e-01 1.303720e-01
    outer loop
      vertex   -2.935273e-01 2.149327e-01 6.000002e-03
      vertex   -2.933470e-01 2.148363e-01 7.552916e-03
      vertex   -2.881782e-01 2.238571e-01 6.000002e-03
    endloop
  endfacet
  facet normal -8.504080e-01 5.097150e-01 1.303720e-01
    outer loop
      vertex   -2.881782e-01 2.238571e-01 6.000002e-03
      vertex   -2.933470e-01 2.148363e-01 7.552916e-03
      vertex   -2.880082e-01 2.237435e-01 7.552916e-03
    endloop
  endfacet
  facet normal -7.963523e-01 5.906151e-01 1.303720e-01
    outer loop
      vertex   -2.881782e-01 2.238571e-01 6.000002e-03
      vertex   -2.880082e-01 2.237435e-01 7.552916e-03
      vertex   -2.819802e-01 2.322141e-01 6.000002e-03
    endloop
  endfacet
  facet normal -7.963523e-01 5.906151e-01 1.303720e-01
    outer loop
      vertex   -2.819802e-01 2.322141e-01 6.000002e-03
      vertex   -2.880082e-01 2.237435e-01 7.552916e-03
      vertex   -2.818222e-01 2.320844e-01 7.552916e-03
    endloop
  endfacet
  facet normal -7.346272e-01 6.658273e-01 1.303720e-01
    outer loop
      vertex   -2.819802e-01 2.322141e-01 6.000002e-03
      vertex   -2.818222e-01 2.320844e-01 7.552916e-03
      vertex   -2.749929e-01 2.399235e-01 6.000002e-03
    endloop
  endfacet
  facet normal -7.346272e-01 6.658273e-01 1.303720e-01
    outer loop
      vertex   -2.749929e-01 2.399235e-01 6.000002e-03
      vertex   -2.818222e-01 2.320844e-01 7.552916e-03
      vertex   -2.748483e-01 2.397789e-01 7.552916e-03
    endloop
  endfacet
  facet normal -6.658273e-01 7.346272e-01 1.303720e-01
    outer loop
      vertex   -2.749929e-01 2.399235e-01 6.000002e-03
      vertex   -2.748483e-01 2.397789e-01 7.552916e-03
      vertex   -2.672836e-01 2.469108e-01 6.000002e-03
    endloop
  endfacet
  facet normal -6.658273e-01 7.346272e-01 1.303720e-01
    outer loop
      vertex   -2.672836e-01 2.469108e-01 6.000002e-03
      vertex   -2.748483e-01 2.397789e-01 7.552916e-03
      vertex   -2.671539e-01 2.467527e-01 7.552916e-03
    endloop
  endfacet
  facet normal -5.906151e-01 7.963523e-01 1.303720e-01
    outer loop
      vertex   -2.672836e-01 2.469108e-01 6.000002e-03
      vertex   -2.671539e-01 2.467527e-01 7.552916e-03
      vertex   -2.589265e-01 2.531088e-01 6.000002e-03
    endloop
  endfacet
  facet normal -5.906151e-01 7.963523e-01 1.303720e-01
    outer loop
      vertex   -2.589265e-01 2.531088e-01 6.000002e-03
      vertex   -2.671539e-01 2.467527e-01 7.552916e-03
      vertex   -2.588129e-01 2.529388e-01 7.552916e-03
    endloop
  endfacet
  facet normal -5.097150e-01 8.504080e-01 1.303720e-01
    outer loop
      vertex   -2.589265e-01 2.531088e-01 6.000002e-03
      vertex   -2.588129e-01 2.529388e-01 7.552916e-03
      vertex   -2.500022e-01 2.584578e-01 6.000002e-03
    endloop
  endfacet
  facet normal -5.097150e-01 8.504080e-01 1.303720e-01
    outer loop
      vertex   -2.500022e-01 2.584578e-01 6.000002e-03
      vertex   -2.588129e-01 2.529388e-01 7.552916e-03
      vertex   -2.499058e-01 2.582775e-01 7.552916e-03
    endloop
  endfacet
  facet normal -4.239060e-01 8.962739e-01 1.303720e-01
    outer loop
      vertex   -2.500022e-01 2.584578e-01 6.000002e-03
      vertex   -2.499058e-01 2.582775e-01 7.552916e-03
      vertex   -2.405965e-01 2.629064e-01 6.000002e-03
    endloop
  endfacet
  facet normal -4.239060e-01 8.962739e-01 1.303720e-01
    outer loop
      vertex   -2.405965e-01 2.629064e-01 6.000002e-03
      vertex   -2.499058e-01 2.582775e-01 7.552916e-03
      vertex   -2.405182e-01 2.627175e-01 7.552916e-03
    endloop
  endfacet
  facet normal -3.340145e-01 9.335081e-01 1.303720e-01
    outer loop
      vertex   -2.405965e-01 2.629064e-01 6.000002e-03
      vertex   -2.405182e-01 2.627175e-01 7.552916e-03
      vertex   -2.308001e-01 2.664116e-01 6.000002e-03
    endloop
  endfacet
  facet normal -3.340145e-01 9.335081e-01 1.303720e-01
    outer loop
      vertex   -2.308001e-01 2.664116e-01 6.000002e-03
      vertex   -2.405182e-01 2.627175e-01 7.552916e-03
      vertex   -2.307407e-01 2.662160e-01 7.552916e-03
    endloop
  endfacet
  facet normal -2.409064e-01 9.617522e-01 1.303720e-01
    outer loop
      vertex   -2.308001e-01 2.664116e-01 6.000002e-03
      vertex   -2.307407e-01 2.662160e-01 7.552916e-03
      vertex   -2.207073e-01 2.689397e-01 6.000002e-03
    endloop
  endfacet
  facet normal -2.409064e-01 9.617522e-01 1.303720e-01
    outer loop
      vertex   -2.207073e-01 2.689397e-01 6.000002e-03
      vertex   -2.307407e-01 2.662160e-01 7.552916e-03
      vertex   -2.206674e-01 2.687392e-01 7.552916e-03
    endloop
  endfacet
  facet normal -1.454782e-01 9.807340e-01 1.303720e-01
    outer loop
      vertex   -2.207073e-01 2.689397e-01 6.000002e-03
      vertex   -2.206674e-01 2.687392e-01 7.552916e-03
      vertex   -2.104153e-01 2.704664e-01 6.000002e-03
    endloop
  endfacet
  facet normal -1.454782e-01 9.807340e-01 1.303720e-01
    outer loop
      vertex   -2.104153e-01 2.704664e-01 6.000002e-03
      vertex   -2.206674e-01 2.687392e-01 7.552916e-03
      vertex   -2.103952e-01 2.702629e-01 7.552916e-03
    endloop
  endfacet
  facet normal -9.229293e-01 4.534061e-02 3.822901e-01
    outer loop
      vertex   -3.058419e-01 1.649537e-01 7.552916e-03
      vertex   -3.052425e-01 1.649537e-01 9.000001e-03
      vertex   -3.053324e-01 1.753258e-01 7.552916e-03
    endloop
  endfacet
  facet normal -9.229293e-01 4.534061e-02 3.822901e-01
    outer loop
      vertex   -3.053324e-01 1.753258e-01 7.552916e-03
      vertex   -3.052425e-01 1.649537e-01 9.000001e-03
      vertex   -3.047358e-01 1.752670e-01 9.000001e-03
    endloop
  endfacet
  facet normal -9.140410e-01 1.355852e-01 3.822901e-01
    outer loop
      vertex   -3.053324e-01 1.753258e-01 7.552916e-03
      vertex   -3.047358e-01 1.752670e-01 9.000001e-03
      vertex   -3.038086e-01 1.855980e-01 7.552916e-03
    endloop
  endfacet
  facet normal -9.140410e-01 1.355852e-01 3.822901e-01
    outer loop
      vertex   -3.038086e-01 1.855980e-01 7.552916e-03
      vertex   -3.047358e-01 1.752670e-01 9.000001e-03
      vertex   -3.032207e-01 1.854810e-01 9.000001e-03
    endloop
  endfacet
  facet normal -8.963500e-01 2.245240e-01 3.822901e-01
    outer loop
      vertex   -3.038086e-01 1.855980e-01 7.552916e-03
      vertex   -3.032207e-01 1.854810e-01 9.000001e-03
      vertex   -3.012854e-01 1.956713e-01 7.552916e-03
    endloop
  endfacet
  facet normal -8.963500e-01 2.245240e-01 3.822901e-01
    outer loop
      vertex   -3.012854e-01 1.956713e-01 7.552916e-03
      vertex   -3.032207e-01 1.854810e-01 9.000001e-03
      vertex   -3.007118e-01 1.954973e-01 9.000001e-03
    endloop
  endfacet
  facet normal -8.700266e-01 3.113005e-01 3.822901e-01
    outer loop
      vertex   -3.012854e-01 1.956713e-01 7.552916e-03
      vertex   -3.007118e-01 1.954973e-01 9.000001e-03
      vertex   -2.977869e-01 2.054488e-01 7.552916e-03
    endloop
  endfacet
  facet normal -8.700266e-01 3.113005e-01 3.822901e-01
    outer loop
      vertex   -2.977869e-01 2.054488e-01 7.552916e-03
      vertex   -3.007118e-01 1.954973e-01 9.000001e-03
      vertex   -2.972332e-01 2.052194e-01 9.000001e-03
    endloop
  endfacet
  facet normal -8.353244e-01 3.950790e-01 3.822901e-01
    outer loop
      vertex   -2.977869e-01 2.054488e-01 7.552916e-03
      vertex   -2.972332e-01 2.052194e-01 9.000001e-03
      vertex   -2.933470e-01 2.148363e-01 7.552916e-03
    endloop
  endfacet
  facet normal -8.353244e-01 3.950790e-01 3.822901e-01
    outer loop
      vertex   -2.933470e-01 2.148363e-01 7.552916e-03
      vertex   -2.972332e-01 2.052194e-01 9.000001e-03
      vertex   -2.928183e-01 2.145538e-01 9.000001e-03
    endloop
  endfacet
  facet normal -7.925776e-01 4.750527e-01 3.822901e-01
    outer loop
      vertex   -2.933470e-01 2.148363e-01 7.552916e-03
      vertex   -2.928183e-01 2.145538e-01 9.000001e-03
      vertex   -2.880082e-01 2.237435e-01 7.552916e-03
    endloop
  endfacet
  facet normal -7.925776e-01 4.750527e-01 3.822901e-01
    outer loop
      vertex   -2.880082e-01 2.237435e-01 7.552916e-03
      vertex   -2.928183e-01 2.145538e-01 9.000001e-03
      vertex   -2.875098e-01 2.234105e-01 9.000001e-03
    endloop
  endfacet
  facet normal -7.421978e-01 5.504514e-01 3.822901e-01
    outer loop
      vertex   -2.880082e-01 2.237435e-01 7.552916e-03
      vertex   -2.875098e-01 2.234105e-01 9.000001e-03
      vertex   -2.818222e-01 2.320844e-01 7.552916e-03
    endloop
  endfacet
  facet normal -7.421978e-01 5.504514e-01 3.822901e-01
    outer loop
      vertex   -2.818222e-01 2.320844e-01 7.552916e-03
      vertex   -2.875098e-01 2.234105e-01 9.000001e-03
      vertex   -2.813588e-01 2.317042e-01 9.000001e-03
    endloop
  endfacet
  facet normal -6.846702e-01 6.205489e-01 3.822901e-01
    outer loop
      vertex   -2.818222e-01 2.320844e-01 7.552916e-03
      vertex   -2.813588e-01 2.317042e-01 9.000001e-03
      vertex   -2.748483e-01 2.397789e-01 7.552916e-03
    endloop
  endfacet
  facet normal -6.846702e-01 6.205489e-01 3.822901e-01
    outer loop
      vertex   -2.748483e-01 2.397789e-01 7.552916e-03
      vertex   -2.813588e-01 2.317042e-01 9.000001e-03
      vertex   -2.744245e-01 2.393550e-01 9.000001e-03
    endloop
  endfacet
  facet normal -6.205489e-01 6.846702e-01 3.822901e-01
    outer loop
      vertex   -2.748483e-01 2.397789e-01 7.552916e-03
      vertex   -2.744245e-01 2.393550e-01 9.000001e-03
      vertex   -2.671539e-01 2.467527e-01 7.552916e-03
    endloop
  endfacet
  facet normal -6.205489e-01 6.846702e-01 3.822901e-01
    outer loop
      vertex   -2.671539e-01 2.467527e-01 7.552916e-03
      vertex   -2.744245e-01 2.393550e-01 9.000001e-03
      vertex   -2.667736e-01 2.462894e-01 9.000001e-03
    endloop
  endfacet
  facet normal -5.504514e-01 7.421978e-01 3.822901e-01
    outer loop
      vertex   -2.671539e-01 2.467527e-01 7.552916e-03
      vertex   -2.667736e-01 2.462894e-01 9.000001e-03
      vertex   -2.588129e-01 2.529388e-01 7.552916e-03
    endloop
  endfacet
  facet normal -5.504514e-01 7.421978e-01 3.822901e-01
    outer loop
      vertex   -2.588129e-01 2.529388e-01 7.552916e-03
      vertex   -2.667736e-01 2.462894e-01 9.000001e-03
      vertex   -2.584799e-01 2.524404e-01 9.000001e-03
    endloop
  endfacet
  facet normal -4.750527e-01 7.925776e-01 3.822901e-01
    outer loop
      vertex   -2.588129e-01 2.529388e-01 7.552916e-03
      vertex   -2.584799e-01 2.524404e-01 9.000001e-03
      vertex   -2.499058e-01 2.582775e-01 7.552916e-03
    endloop
  endfacet
  facet normal -4.750527e-01 7.925776e-01 3.822901e-01
    outer loop
      vertex   -2.499058e-01 2.582775e-01 7.552916e-03
      vertex   -2.584799e-01 2.524404e-01 9.000001e-03
      vertex   -2.496232e-01 2.577489e-01 9.000001e-03
    endloop
  endfacet
  facet normal -3.950790e-01 8.353244e-01 3.822901e-01
    outer loop
      vertex   -2.499058e-01 2.582775e-01 7.552916e-03
      vertex   -2.496232e-01 2.577489e-01 9.000001e-03
      vertex   -2.405182e-01 2.627175e-01 7.552916e-03
    endloop
  endfacet
  facet normal -3.950790e-01 8.353244e-01 3.822901e-01
    outer loop
      vertex   -2.405182e-01 2.627175e-01 7.552916e-03
      vertex   -2.496232e-01 2.577489e-01 9.000001e-03
      vertex   -2.402889e-01 2.621637e-01 9.000001e-03
    endloop
  endfacet
  facet normal -3.113005e-01 8.700266e-01 3.822901e-01
    outer loop
      vertex   -2.405182e-01 2.627175e-01 7.552916e-03
      vertex   -2.402889e-01 2.621637e-01 9.000001e-03
      vertex   -2.307407e-01 2.662160e-01 7.552916e-03
    endloop
  endfacet
  facet normal -3.113005e-01 8.700266e-01 3.822901e-01
    outer loop
      vertex   -2.307407e-01 2.662160e-01 7.552916e-03
      vertex   -2.402889e-01 2.621637e-01 9.000001e-03
      vertex   -2.305667e-01 2.656424e-01 9.000001e-03
    endloop
  endfacet
  facet normal -2.245240e-01 8.963500e-01 3.822901e-01
    outer loop
      vertex   -2.307407e-01 2.662160e-01 7.552916e-03
      vertex   -2.305667e-01 2.656424e-01 9.000001e-03
      vertex   -2.206674e-01 2.687392e-01 7.552916e-03
    endloop
  endfacet
  facet normal -2.245240e-01 8.963500e-01 3.822901e-01
    outer loop
      vertex   -2.206674e-01 2.687392e-01 7.552916e-03
      vertex   -2.305667e-01 2.656424e-01 9.000001e-03
      vertex   -2.205504e-01 2.681513e-01 9.000001e-03
    endloop
  endfacet
  facet normal -1.355852e-01 9.140410e-01 3.822901e-01
    outer loop
      vertex   -2.206674e-01 2.687392e-01 7.552916e-03
      vertex   -2.205504e-01 2.681513e-01 9.000001e-03
      vertex   -2.103952e-01 2.702629e-01 7.552916e-03
    endloop
  endfacet
  facet normal -1.355852e-01 9.140410e-01 3.822901e-01
    outer loop
      vertex   -2.103952e-01 2.702629e-01 7.552916e-03
      vertex   -2.205504e-01 2.681513e-01 9.000001e-03
      vertex   -2.103365e-01 2.696664e-01 9.000001e-03
    endloop
  endfacet
  facet normal -7.927513e-01 3.894538e-02 6.082998e-01
    outer loop
      vertex   -3.052425e-01 1.649537e-01 9.000001e-03
      vertex   -3.042890e-01 1.649537e-01 1.024264e-02
      vertex   -3.047358e-01 1.752670e-01 9.000001e-03
    endloop
  endfacet
  facet normal -7.927513e-01 3.894538e-02 6.082998e-01
    outer loop
      vertex   -3.047358e-01 1.752670e-01 9.000001e-03
      vertex   -3.042890e-01 1.649537e-01 1.024264e-02
      vertex   -3.037869e-01 1.751736e-01 1.024264e-02
    endloop
  endfacet
  facet normal -7.851167e-01 1.164611e-01 6.082998e-01
    outer loop
      vertex   -3.047358e-01 1.752670e-01 9.000001e-03
      vertex   -3.037869e-01 1.751736e-01 1.024264e-02
      vertex   -3.032207e-01 1.854810e-01 9.000001e-03
    endloop
  endfacet
  facet normal -7.851167e-01 1.164611e-01 6.082998e-01
    outer loop
      vertex   -3.032207e-01 1.854810e-01 9.000001e-03
      vertex   -3.037869e-01 1.751736e-01 1.024264e-02
      vertex   -3.022855e-01 1.852950e-01 1.024264e-02
    endloop
  endfacet
  facet normal -7.699210e-01 1.928552e-01 6.082998e-01
    outer loop
      vertex   -3.032207e-01 1.854810e-01 9.000001e-03
      vertex   -3.022855e-01 1.852950e-01 1.024264e-02
      vertex   -3.007118e-01 1.954973e-01 9.000001e-03
    endloop
  endfacet
  facet normal -7.699210e-01 1.928552e-01 6.082998e-01
    outer loop
      vertex   -3.007118e-01 1.954973e-01 9.000001e-03
      vertex   -3.022855e-01 1.852950e-01 1.024264e-02
      vertex   -2.997993e-01 1.952205e-01 1.024264e-02
    endloop
  endfacet
  facet normal -7.473105e-01 2.673920e-01 6.082998e-01
    outer loop
      vertex   -3.007118e-01 1.954973e-01 9.000001e-03
      vertex   -2.997993e-01 1.952205e-01 1.024264e-02
      vertex   -2.972332e-01 2.052194e-01 9.000001e-03
    endloop
  endfacet
  facet normal -7.473105e-01 2.673920e-01 6.082998e-01
    outer loop
      vertex   -2.972332e-01 2.052194e-01 9.000001e-03
      vertex   -2.997993e-01 1.952205e-01 1.024264e-02
      vertex   -2.963522e-01 2.048545e-01 1.024264e-02
    endloop
  endfacet
  facet normal -7.175030e-01 3.393536e-01 6.082998e-01
    outer loop
      vertex   -2.972332e-01 2.052194e-01 9.000001e-03
      vertex   -2.963522e-01 2.048545e-01 1.024264e-02
      vertex   -2.928183e-01 2.145538e-01 9.000001e-03
    endloop
  endfacet
  facet normal -7.175030e-01 3.393536e-01 6.082998e-01
    outer loop
      vertex   -2.928183e-01 2.145538e-01 9.000001e-03
      vertex   -2.963522e-01 2.048545e-01 1.024264e-02
      vertex   -2.919774e-01 2.141043e-01 1.024264e-02
    endloop
  endfacet
  facet normal -6.807855e-01 4.080471e-01 6.082998e-01
    outer loop
      vertex   -2.928183e-01 2.145538e-01 9.000001e-03
      vertex   -2.919774e-01 2.141043e-01 1.024264e-02
      vertex   -2.875098e-01 2.234105e-01 9.000001e-03
    endloop
  endfacet
  facet normal -6.807855e-01 4.080471e-01 6.082998e-01
    outer loop
      vertex   -2.875098e-01 2.234105e-01 9.000001e-03
      vertex   -2.919774e-01 2.141043e-01 1.024264e-02
      vertex   -2.867170e-01 2.228807e-01 1.024264e-02
    endloop
  endfacet
  facet normal -6.375117e-01 4.728109e-01 6.082998e-01
    outer loop
      vertex   -2.875098e-01 2.234105e-01 9.000001e-03
      vertex   -2.867170e-01 2.228807e-01 1.024264e-02
      vertex   -2.813588e-01 2.317042e-01 9.000001e-03
    endloop
  endfacet
  facet normal -6.375117e-01 4.728109e-01 6.082998e-01
    outer loop
      vertex   -2.813588e-01 2.317042e-01 9.000001e-03
      vertex   -2.867170e-01 2.228807e-01 1.024264e-02
      vertex   -2.806217e-01 2.310993e-01 1.024264e-02
    endloop
  endfacet
  facet normal -5.880984e-01 5.330213e-01 6.082998e-01
    outer loop
      vertex   -2.813588e-01 2.317042e-01 9.000001e-03
      vertex   -2.806217e-01 2.310993e-01 1.024264e-02
      vertex   -2.744245e-01 2.393550e-01 9.000001e-03
    endloop
  endfacet
  facet normal -5.880984e-01 5.330213e-01 6.082998e-01
    outer loop
      vertex   -2.744245e-01 2.393550e-01 9.000001e-03
      vertex   -2.806217e-01 2.310993e-01 1.024264e-02
      vertex   -2.737502e-01 2.386808e-01 1.024264e-02
    endloop
  endfacet
  facet normal -5.330213e-01 5.880984e-01 6.082998e-01
    outer loop
      vertex   -2.744245e-01 2.393550e-01 9.000001e-03
      vertex   -2.737502e-01 2.386808e-01 1.024264e-02
      vertex   -2.667736e-01 2.462894e-01 9.000001e-03
    endloop
  endfacet
  facet normal -5.330213e-01 5.880984e-01 6.082998e-01
    outer loop
      vertex   -2.667736e-01 2.462894e-01 9.000001e-03
      vertex   -2.737502e-01 2.386808e-01 1.024264e-02
      vertex   -2.661687e-01 2.455523e-01 1.024264e-02
    endloop
  endfacet
  facet normal -4.728109e-01 6.375117e-01 6.082998e-01
    outer loop
      vertex   -2.667736e-01 2.462894e-01 9.000001e-03
      vertex   -2.661687e-01 2.455523e-01 1.024264e-02
      vertex   -2.584799e-01 2.524404e-01 9.000001e-03
    endloop
  endfacet
  facet normal -4.728109e-01 6.375117e-01 6.082998e-01
    outer loop
      vertex   -2.584799e-01 2.524404e-01 9.000001e-03
      vertex   -2.661687e-01 2.455523e-01 1.024264e-02
      vertex   -2.579502e-01 2.516476e-01 1.024264e-02
    endloop
  endfacet
  facet normal -4.080471e-01 6.807855e-01 6.082998e-01
    outer loop
      vertex   -2.584799e-01 2.524404e-01 9.000001e-03
      vertex   -2.579502e-01 2.516476e-01 1.024264e-02
      vertex   -2.496232e-01 2.577489e-01 9.000001e-03
    endloop
  endfacet
  facet normal -4.080471e-01 6.807855e-01 6.082998e-01
    outer loop
      vertex   -2.496232e-01 2.577489e-01 9.000001e-03
      vertex   -2.579502e-01 2.516476e-01 1.024264e-02
      vertex   -2.491737e-01 2.569080e-01 1.024264e-02
    endloop
  endfacet
  facet normal -3.393536e-01 7.175030e-01 6.082998e-01
    outer loop
      vertex   -2.496232e-01 2.577489e-01 9.000001e-03
      vertex   -2.491737e-01 2.569080e-01 1.024264e-02
      vertex   -2.402889e-01 2.621637e-01 9.000001e-03
    endloop
  endfacet
  facet normal -3.393536e-01 7.175030e-01 6.082998e-01
    outer loop
      vertex   -2.402889e-01 2.621637e-01 9.000001e-03
      vertex   -2.491737e-01 2.569080e-01 1.024264e-02
      vertex   -2.399240e-01 2.612828e-01 1.024264e-02
    endloop
  endfacet
  facet normal -2.673920e-01 7.473105e-01 6.082998e-01
    outer loop
      vertex   -2.402889e-01 2.621637e-01 9.000001e-03
      vertex   -2.399240e-01 2.612828e-01 1.024264e-02
      vertex   -2.305667e-01 2.656424e-01 9.000001e-03
    endloop
  endfacet
  facet normal -2.673920e-01 7.473105e-01 6.082998e-01
    outer loop
      vertex   -2.305667e-01 2.656424e-01 9.000001e-03
      vertex   -2.399240e-01 2.612828e-01 1.024264e-02
      vertex   -2.302899e-01 2.647299e-01 1.024264e-02
    endloop
  endfacet
  facet normal -1.928552e-01 7.699210e-01 6.082998e-01
    outer loop
      vertex   -2.305667e-01 2.656424e-01 9.000001e-03
      vertex   -2.302899e-01 2.647299e-01 1.024264e-02
      vertex   -2.205504e-01 2.681513e-01 9.000001e-03
    endloop
  endfacet
  facet normal -1.928552e-01 7.699210e-01 6.082998e-01
    outer loop
      vertex   -2.205504e-01 2.681513e-01 9.000001e-03
      vertex   -2.302899e-01 2.647299e-01 1.024264e-02
      vertex   -2.203644e-01 2.672161e-01 1.024264e-02
    endloop
  endfacet
  facet normal -1.164611e-01 7.851167e-01 6.082998e-01
    outer loop
      vertex   -2.205504e-01 2.681513e-01 9.000001e-03
      vertex   -2.203644e-01 2.672161e-01 1.024264e-02
      vertex   -2.103365e-01 2.696664e-01 9.000001e-03
    endloop
  endfacet
  facet normal -1.164611e-01 7.851167e-01 6.082998e-01
    outer loop
      vertex   -2.103365e-01 2.696664e-01 9.000001e-03
      vertex   -2.203644e-01 2.672161e-01 1.024264e-02
      vertex   -2.102430e-01 2.687175e-01 1.024264e-02
    endloop
  endfacet
  facet normal -6.084893e-01 2.989316e-02 7.929989e-01
    outer loop
      vertex   -3.042890e-01 1.649537e-01 1.024264e-02
      vertex   -3.030463e-01 1.649537e-01 1.119615e-02
      vertex   -3.037869e-01 1.751736e-01 1.024264e-02
    endloop
  endfacet
  facet normal -6.084893e-01 2.989316e-02 7.929989e-01
    outer loop
      vertex   -3.037869e-01 1.751736e-01 1.024264e-02
      vertex   -3.030463e-01 1.649537e-01 1.119615e-02
      vertex   -3.025503e-01 1.750518e-01 1.119615e-02
    endloop
  endfacet
  facet normal -6.026292e-01 8.939159e-02 7.929989e-01
    outer loop
      vertex   -3.037869e-01 1.751736e-01 1.024264e-02
      vertex   -3.025503e-01 1.750518e-01 1.119615e-02
      vertex   -3.022855e-01 1.852950e-01 1.024264e-02
    endloop
  endfacet
  facet normal -6.026292e-01 8.939159e-02 7.929989e-01
    outer loop
      vertex   -3.022855e-01 1.852950e-01 1.024264e-02
      vertex   -3.025503e-01 1.750518e-01 1.119615e-02
      vertex   -3.010668e-01 1.850526e-01 1.119615e-02
    endloop
  endfacet
  facet normal -5.909654e-01 1.480291e-01 7.929989e-01
    outer loop
      vertex   -3.022855e-01 1.852950e-01 1.024264e-02
      vertex   -3.010668e-01 1.850526e-01 1.119615e-02
      vertex   -2.997993e-01 1.952205e-01 1.024264e-02
    endloop
  endfacet
  facet normal -5.909654e-01 1.480291e-01 7.929989e-01
    outer loop
      vertex   -2.997993e-01 1.952205e-01 1.024264e-02
      vertex   -3.010668e-01 1.850526e-01 1.119615e-02
      vertex   -2.986102e-01 1.948598e-01 1.119615e-02
    endloop
  endfacet
  facet normal -5.736104e-01 2.052411e-01 7.929989e-01
    outer loop
      vertex   -2.997993e-01 1.952205e-01 1.024264e-02
      vertex   -2.986102e-01 1.948598e-01 1.119615e-02
      vertex   -2.963522e-01 2.048545e-01 1.024264e-02
    endloop
  endfacet
  facet normal -5.736104e-01 2.052411e-01 7.929989e-01
    outer loop
      vertex   -2.963522e-01 2.048545e-01 1.024264e-02
      vertex   -2.986102e-01 1.948598e-01 1.119615e-02
      vertex   -2.952042e-01 2.043790e-01 1.119615e-02
    endloop
  endfacet
  facet normal -5.507311e-01 2.604764e-01 7.929989e-01
    outer loop
      vertex   -2.963522e-01 2.048545e-01 1.024264e-02
      vertex   -2.952042e-01 2.043790e-01 1.119615e-02
      vertex   -2.919774e-01 2.141043e-01 1.024264e-02
    endloop
  endfacet
  facet normal -5.507311e-01 2.604764e-01 7.929989e-01
    outer loop
      vertex   -2.919774e-01 2.141043e-01 1.024264e-02
      vertex   -2.952042e-01 2.043790e-01 1.119615e-02
      vertex   -2.908815e-01 2.135185e-01 1.119615e-02
    endloop
  endfacet
  facet normal -5.225481e-01 3.132033e-01 7.929989e-01
    outer loop
      vertex   -2.919774e-01 2.141043e-01 1.024264e-02
      vertex   -2.908815e-01 2.135185e-01 1.119615e-02
      vertex   -2.867170e-01 2.228807e-01 1.024264e-02
    endloop
  endfacet
  facet normal -5.225481e-01 3.132033e-01 7.929989e-01
    outer loop
      vertex   -2.867170e-01 2.228807e-01 1.024264e-02
      vertex   -2.908815e-01 2.135185e-01 1.119615e-02
      vertex   -2.856838e-01 2.221904e-01 1.119615e-02
    endloop
  endfacet
  facet normal -4.893326e-01 3.629138e-01 7.929989e-01
    outer loop
      vertex   -2.867170e-01 2.228807e-01 1.024264e-02
      vertex   -2.856838e-01 2.221904e-01 1.119615e-02
      vertex   -2.806217e-01 2.310993e-01 1.024264e-02
    endloop
  endfacet
  facet normal -4.893326e-01 3.629138e-01 7.929989e-01
    outer loop
      vertex   -2.806217e-01 2.310993e-01 1.024264e-02
      vertex   -2.856838e-01 2.221904e-01 1.119615e-02
      vertex   -2.796612e-01 2.303110e-01 1.119615e-02
    endloop
  endfacet
  facet normal -4.514045e-01 4.091292e-01 7.929989e-01
    outer loop
      vertex   -2.806217e-01 2.310993e-01 1.024264e-02
      vertex   -2.796612e-01 2.303110e-01 1.119615e-02
      vertex   -2.737502e-01 2.386808e-01 1.024264e-02
    endloop
  endfacet
  facet normal -4.514045e-01 4.091292e-01 7.929989e-01
    outer loop
      vertex   -2.737502e-01 2.386808e-01 1.024264e-02
      vertex   -2.796612e-01 2.303110e-01 1.119615e-02
      vertex   -2.728716e-01 2.378021e-01 1.119615e-02
    endloop
  endfacet
  facet normal -4.091292e-01 4.514045e-01 7.929989e-01
    outer loop
      vertex   -2.737502e-01 2.386808e-01 1.024264e-02
      vertex   -2.728716e-01 2.378021e-01 1.119615e-02
      vertex   -2.661687e-01 2.455523e-01 1.024264e-02
    endloop
  endfacet
  facet normal -4.091292e-01 4.514045e-01 7.929989e-01
    outer loop
      vertex   -2.661687e-01 2.455523e-01 1.024264e-02
      vertex   -2.728716e-01 2.378021e-01 1.119615e-02
      vertex   -2.653804e-01 2.445917e-01 1.119615e-02
    endloop
  endfacet
  facet normal -3.629138e-01 4.893326e-01 7.929989e-01
    outer loop
      vertex   -2.661687e-01 2.455523e-01 1.024264e-02
      vertex   -2.653804e-01 2.445917e-01 1.119615e-02
      vertex   -2.579502e-01 2.516476e-01 1.024264e-02
    endloop
  endfacet
  facet normal -3.629138e-01 4.893326e-01 7.929989e-01
    outer loop
      vertex   -2.579502e-01 2.516476e-01 1.024264e-02
      vertex   -2.653804e-01 2.445917e-01 1.119615e-02
      vertex   -2.572598e-01 2.506144e-01 1.119615e-02
    endloop
  endfacet
  facet normal -3.132033e-01 5.225481e-01 7.929989e-01
    outer loop
      vertex   -2.579502e-01 2.516476e-01 1.024264e-02
      vertex   -2.572598e-01 2.506144e-01 1.119615e-02
      vertex   -2.491737e-01 2.569080e-01 1.024264e-02
    endloop
  endfacet
  facet normal -3.132033e-01 5.225481e-01 7.929989e-01
    outer loop
      vertex   -2.491737e-01 2.569080e-01 1.024264e-02
      vertex   -2.572598e-01 2.506144e-01 1.119615e-02
      vertex   -2.485880e-01 2.558121e-01 1.119615e-02
    endloop
  endfacet
  facet normal -2.604764e-01 5.507311e-01 7.929989e-01
    outer loop
      vertex   -2.491737e-01 2.569080e-01 1.024264e-02
      vertex   -2.485880e-01 2.558121e-01 1.119615e-02
      vertex   -2.399240e-01 2.612828e-01 1.024264e-02
    endloop
  endfacet
  facet normal -2.604764e-01 5.507311e-01 7.929989e-01
    outer loop
      vertex   -2.399240e-01 2.612828e-01 1.024264e-02
      vertex   -2.485880e-01 2.558121e-01 1.119615e-02
      vertex   -2.394484e-01 2.601347e-01 1.119615e-02
    endloop
  endfacet
  facet normal -2.052411e-01 5.736104e-01 7.929989e-01
    outer loop
      vertex   -2.399240e-01 2.612828e-01 1.024264e-02
      vertex   -2.394484e-01 2.601347e-01 1.119615e-02
      vertex   -2.302899e-01 2.647299e-01 1.024264e-02
    endloop
  endfacet
  facet normal -2.052411e-01 5.736104e-01 7.929989e-01
    outer loop
      vertex   -2.302899e-01 2.647299e-01 1.024264e-02
      vertex   -2.394484e-01 2.601347e-01 1.119615e-02
      vertex   -2.299292e-01 2.635408e-01 1.119615e-02
    endloop
  endfacet
  facet normal -1.480291e-01 5.909654e-01 7.929989e-01
    outer loop
      vertex   -2.302899e-01 2.647299e-01 1.024264e-02
      vertex   -2.299292e-01 2.635408e-01 1.119615e-02
      vertex   -2.203644e-01 2.672161e-01 1.024264e-02
    endloop
  endfacet
  facet normal -1.480291e-01 5.909654e-01 7.929989e-01
    outer loop
      vertex   -2.203644e-01 2.672161e-01 1.024264e-02
      vertex   -2.299292e-01 2.635408e-01 1.119615e-02
      vertex   -2.201220e-01 2.659974e-01 1.119615e-02
    endloop
  endfacet
  facet normal -8.939159e-02 6.026292e-01 7.929989e-01
    outer loop
      vertex   -2.203644e-01 2.672161e-01 1.024264e-02
      vertex   -2.201220e-01 2.659974e-01 1.119615e-02
      vertex   -2.102430e-01 2.687175e-01 1.024264e-02
    endloop
  endfacet
  facet normal -8.939159e-02 6.026292e-01 7.929989e-01
    outer loop
      vertex   -2.102430e-01 2.687175e-01 1.024264e-02
      vertex   -2.201220e-01 2.659974e-01 1.119615e-02
      vertex   -2.101212e-01 2.674808e-01 1.119615e-02
    endloop
  endfacet
  facet normal -3.826157e-01 1.879671e-02 9.237163e-01
    outer loop
      vertex   -3.030463e-01 1.649537e-01 1.119615e-02
      vertex   -3.015993e-01 1.649537e-01 1.179556e-02
      vertex   -3.025503e-01 1.750518e-01 1.119615e-02
    endloop
  endfacet
  facet normal -3.826157e-01 1.879671e-02 9.237163e-01
    outer loop
      vertex   -3.025503e-01 1.750518e-01 1.119615e-02
      vertex   -3.015993e-01 1.649537e-01 1.179556e-02
      vertex   -3.011101e-01 1.749099e-01 1.179556e-02
    endloop
  endfacet
  facet normal -3.789309e-01 5.620909e-02 9.237163e-01
    outer loop
      vertex   -3.025503e-01 1.750518e-01 1.119615e-02
      vertex   -3.011101e-01 1.749099e-01 1.179556e-02
      vertex   -3.010668e-01 1.850526e-01 1.119615e-02
    endloop
  endfacet
  facet normal -3.789309e-01 5.620909e-02 9.237163e-01
    outer loop
      vertex   -3.010668e-01 1.850526e-01 1.119615e-02
      vertex   -3.011101e-01 1.749099e-01 1.179556e-02
      vertex   -2.996475e-01 1.847703e-01 1.179556e-02
    endloop
  endfacet
  facet normal -3.715968e-01 9.308016e-02 9.237163e-01
    outer loop
      vertex   -3.010668e-01 1.850526e-01 1.119615e-02
      vertex   -2.996475e-01 1.847703e-01 1.179556e-02
      vertex   -2.986102e-01 1.948598e-01 1.119615e-02
    endloop
  endfacet
  facet normal -3.715968e-01 9.308016e-02 9.237163e-01
    outer loop
      vertex   -2.986102e-01 1.948598e-01 1.119615e-02
      vertex   -2.996475e-01 1.847703e-01 1.179556e-02
      vertex   -2.972254e-01 1.944397e-01 1.179556e-02
    endloop
  endfacet
  facet normal -3.606840e-01 1.290548e-01 9.237163e-01
    outer loop
      vertex   -2.986102e-01 1.948598e-01 1.119615e-02
      vertex   -2.972254e-01 1.944397e-01 1.179556e-02
      vertex   -2.952042e-01 2.043790e-01 1.119615e-02
    endloop
  endfacet
  facet normal -3.606840e-01 1.290548e-01 9.237163e-01
    outer loop
      vertex   -2.952042e-01 2.043790e-01 1.119615e-02
      vertex   -2.972254e-01 1.944397e-01 1.179556e-02
      vertex   -2.938672e-01 2.038252e-01 1.179556e-02
    endloop
  endfacet
  facet normal -3.462977e-01 1.637866e-01 9.237163e-01
    outer loop
      vertex   -2.952042e-01 2.043790e-01 1.119615e-02
      vertex   -2.938672e-01 2.038252e-01 1.179556e-02
      vertex   -2.908815e-01 2.135185e-01 1.119615e-02
    endloop
  endfacet
  facet normal -3.462977e-01 1.637866e-01 9.237163e-01
    outer loop
      vertex   -2.908815e-01 2.135185e-01 1.119615e-02
      vertex   -2.938672e-01 2.038252e-01 1.179556e-02
      vertex   -2.896053e-01 2.128364e-01 1.179556e-02
    endloop
  endfacet
  facet normal -3.285762e-01 1.969410e-01 9.237163e-01
    outer loop
      vertex   -2.908815e-01 2.135185e-01 1.119615e-02
      vertex   -2.896053e-01 2.128364e-01 1.179556e-02
      vertex   -2.856838e-01 2.221904e-01 1.119615e-02
    endloop
  endfacet
  facet normal -3.285762e-01 1.969410e-01 9.237163e-01
    outer loop
      vertex   -2.856838e-01 2.221904e-01 1.119615e-02
      vertex   -2.896053e-01 2.128364e-01 1.179556e-02
      vertex   -2.844806e-01 2.213864e-01 1.179556e-02
    endloop
  endfacet
  facet normal -3.076905e-01 2.281988e-01 9.237163e-01
    outer loop
      vertex   -2.856838e-01 2.221904e-01 1.119615e-02
      vertex   -2.844806e-01 2.213864e-01 1.179556e-02
      vertex   -2.796612e-01 2.303110e-01 1.119615e-02
    endloop
  endfacet
  facet normal -3.076905e-01 2.281988e-01 9.237163e-01
    outer loop
      vertex   -2.796612e-01 2.303110e-01 1.119615e-02
      vertex   -2.844806e-01 2.213864e-01 1.179556e-02
      vertex   -2.785426e-01 2.293929e-01 1.179556e-02
    endloop
  endfacet
  facet normal -2.838415e-01 2.572589e-01 9.237163e-01
    outer loop
      vertex   -2.796612e-01 2.303110e-01 1.119615e-02
      vertex   -2.785426e-01 2.293929e-01 1.179556e-02
      vertex   -2.728716e-01 2.378021e-01 1.119615e-02
    endloop
  endfacet
  facet normal -2.838415e-01 2.572589e-01 9.237163e-01
    outer loop
      vertex   -2.728716e-01 2.378021e-01 1.119615e-02
      vertex   -2.785426e-01 2.293929e-01 1.179556e-02
      vertex   -2.718483e-01 2.367789e-01 1.179556e-02
    endloop
  endfacet
  facet normal -2.572589e-01 2.838415e-01 9.237163e-01
    outer loop
      vertex   -2.728716e-01 2.378021e-01 1.119615e-02
      vertex   -2.718483e-01 2.367789e-01 1.179556e-02
      vertex   -2.653804e-01 2.445917e-01 1.119615e-02
    endloop
  endfacet
  facet normal -2.572589e-01 2.838415e-01 9.237163e-01
    outer loop
      vertex   -2.653804e-01 2.445917e-01 1.119615e-02
      vertex   -2.718483e-01 2.367789e-01 1.179556e-02
      vertex   -2.644624e-01 2.434731e-01 1.179556e-02
    endloop
  endfacet
  facet normal -2.281988e-01 3.076905e-01 9.237163e-01
    outer loop
      vertex   -2.653804e-01 2.445917e-01 1.119615e-02
      vertex   -2.644624e-01 2.434731e-01 1.179556e-02
      vertex   -2.572598e-01 2.506144e-01 1.119615e-02
    endloop
  endfacet
  facet normal -2.281988e-01 3.076905e-01 9.237163e-01
    outer loop
      vertex   -2.572598e-01 2.506144e-01 1.119615e-02
      vertex   -2.644624e-01 2.434731e-01 1.179556e-02
      vertex   -2.564558e-01 2.494112e-01 1.179556e-02
    endloop
  endfacet
  facet normal -1.969410e-01 3.285762e-01 9.237163e-01
    outer loop
      vertex   -2.572598e-01 2.506144e-01 1.119615e-02
      vertex   -2.564558e-01 2.494112e-01 1.179556e-02
      vertex   -2.485880e-01 2.558121e-01 1.119615e-02
    endloop
  endfacet
  facet normal -1.969410e-01 3.285762e-01 9.237163e-01
    outer loop
      vertex   -2.485880e-01 2.558121e-01 1.119615e-02
      vertex   -2.564558e-01 2.494112e-01 1.179556e-02
      vertex   -2.479058e-01 2.545359e-01 1.179556e-02
    endloop
  endfacet
  facet normal -1.637866e-01 3.462977e-01 9.237163e-01
    outer loop
      vertex   -2.485880e-01 2.558121e-01 1.119615e-02
      vertex   -2.479058e-01 2.545359e-01 1.179556e-02
      vertex   -2.394484e-01 2.601347e-01 1.119615e-02
    endloop
  endfacet
  facet normal -1.637866e-01 3.462977e-01 9.237163e-01
    outer loop
      vertex   -2.394484e-01 2.601347e-01 1.119615e-02
      vertex   -2.479058e-01 2.545359e-01 1.179556e-02
      vertex   -2.388947e-01 2.587978e-01 1.179556e-02
    endloop
  endfacet
  facet normal -1.290548e-01 3.606840e-01 9.237163e-01
    outer loop
      vertex   -2.394484e-01 2.601347e-01 1.119615e-02
      vertex   -2.388947e-01 2.587978e-01 1.179556e-02
      vertex   -2.299292e-01 2.635408e-01 1.119615e-02
    endloop
  endfacet
  facet normal -1.290548e-01 3.606840e-01 9.237163e-01
    outer loop
      vertex   -2.299292e-01 2.635408e-01 1.119615e-02
      vertex   -2.388947e-01 2.587978e-01 1.179556e-02
      vertex   -2.295092e-01 2.621560e-01 1.179556e-02
    endloop
  endfacet
  facet normal -9.308016e-02 3.715968e-01 9.237163e-01
    outer loop
      vertex   -2.299292e-01 2.635408e-01 1.119615e-02
      vertex   -2.295092e-01 2.621560e-01 1.179556e-02
      vertex   -2.201220e-01 2.659974e-01 1.119615e-02
    endloop
  endfacet
  facet normal -9.308016e-02 3.715968e-01 9.237163e-01
    outer loop
      vertex   -2.201220e-01 2.659974e-01 1.119615e-02
      vertex   -2.295092e-01 2.621560e-01 1.179556e-02
      vertex   -2.198397e-01 2.645781e-01 1.179556e-02
    endloop
  endfacet
  facet normal -5.620909e-02 3.789309e-01 9.237163e-01
    outer loop
      vertex   -2.201220e-01 2.659974e-01 1.119615e-02
      vertex   -2.198397e-01 2.645781e-01 1.179556e-02
      vertex   -2.101212e-01 2.674808e-01 1.119615e-02
    endloop
  endfacet
  facet normal -5.620909e-02 3.789309e-01 9.237163e-01
    outer loop
      vertex   -2.101212e-01 2.674808e-01 1.119615e-02
      vertex   -2.198397e-01 2.645781e-01 1.179556e-02
      vertex   -2.099794e-01 2.660407e-01 1.179556e-02
    endloop
  endfacet
  facet normal -1.305235e-01 6.412207e-03 9.914245e-01
    outer loop
      vertex   -3.015993e-01 1.649537e-01 1.179556e-02
      vertex   -3.000463e-01 1.649537e-01 1.200000e-02
      vertex   -3.011101e-01 1.749099e-01 1.179556e-02
    endloop
  endfacet
  facet normal -1.305235e-01 6.412207e-03 9.914245e-01
    outer loop
      vertex   -3.011101e-01 1.749099e-01 1.179556e-02
      vertex   -3.000463e-01 1.649537e-01 1.200000e-02
      vertex   -2.995647e-01 1.747577e-01 1.200000e-02
    endloop
  endfacet
  facet normal -1.292665e-01 1.917487e-02 9.914245e-01
    outer loop
      vertex   -3.011101e-01 1.749099e-01 1.179556e-02
      vertex   -2.995647e-01 1.747577e-01 1.200000e-02
      vertex   -2.996475e-01 1.847703e-01 1.179556e-02
    endloop
  endfacet
  facet normal -1.292665e-01 1.917487e-02 9.914245e-01
    outer loop
      vertex   -2.996475e-01 1.847703e-01 1.179556e-02
      vertex   -2.995647e-01 1.747577e-01 1.200000e-02
      vertex   -2.981244e-01 1.844673e-01 1.200000e-02
    endloop
  endfacet
  facet normal -1.267645e-01 3.175287e-02 9.914245e-01
    outer loop
      vertex   -2.996475e-01 1.847703e-01 1.179556e-02
      vertex   -2.981244e-01 1.844673e-01 1.200000e-02
      vertex   -2.972254e-01 1.944397e-01 1.179556e-02
    endloop
  endfacet
  facet normal -1.267645e-01 3.175287e-02 9.914245e-01
    outer loop
      vertex   -2.972254e-01 1.944397e-01 1.179556e-02
      vertex   -2.981244e-01 1.844673e-01 1.200000e-02
      vertex   -2.957394e-01 1.939889e-01 1.200000e-02
    endloop
  endfacet
  facet normal -1.230418e-01 4.402507e-02 9.914245e-01
    outer loop
      vertex   -2.972254e-01 1.944397e-01 1.179556e-02
      vertex   -2.957394e-01 1.939889e-01 1.200000e-02
      vertex   -2.938672e-01 2.038252e-01 1.179556e-02
    endloop
  endfacet
  facet normal -1.230418e-01 4.402507e-02 9.914245e-01
    outer loop
      vertex   -2.938672e-01 2.038252e-01 1.179556e-02
      vertex   -2.957394e-01 1.939889e-01 1.200000e-02
      vertex   -2.924325e-01 2.032310e-01 1.200000e-02
    endloop
  endfacet
  facet normal -1.181341e-01 5.587328e-02 9.914245e-01
    outer loop
      vertex   -2.938672e-01 2.038252e-01 1.179556e-02
      vertex   -2.924325e-01 2.032310e-01 1.200000e-02
      vertex   -2.896053e-01 2.128364e-01 1.179556e-02
    endloop
  endfacet
  facet normal -1.181341e-01 5.587328e-02 9.914245e-01
    outer loop
      vertex   -2.896053e-01 2.128364e-01 1.179556e-02
      vertex   -2.924325e-01 2.032310e-01 1.200000e-02
      vertex   -2.882357e-01 2.121043e-01 1.200000e-02
    endloop
  endfacet
  facet normal -1.120887e-01 6.718340e-02 9.914245e-01
    outer loop
      vertex   -2.896053e-01 2.128364e-01 1.179556e-02
      vertex   -2.882357e-01 2.121043e-01 1.200000e-02
      vertex   -2.844806e-01 2.213864e-01 1.179556e-02
    endloop
  endfacet
  facet normal -1.120887e-01 6.718340e-02 9.914245e-01
    outer loop
      vertex   -2.844806e-01 2.213864e-01 1.179556e-02
      vertex   -2.882357e-01 2.121043e-01 1.200000e-02
      vertex   -2.831894e-01 2.205236e-01 1.200000e-02
    endloop
  endfacet
  facet normal -1.049639e-01 7.784651e-02 9.914245e-01
    outer loop
      vertex   -2.844806e-01 2.213864e-01 1.179556e-02
      vertex   -2.831894e-01 2.205236e-01 1.200000e-02
      vertex   -2.785426e-01 2.293929e-01 1.179556e-02
    endloop
  endfacet
  facet normal -1.049639e-01 7.784651e-02 9.914245e-01
    outer loop
      vertex   -2.785426e-01 2.293929e-01 1.179556e-02
      vertex   -2.831894e-01 2.205236e-01 1.200000e-02
      vertex   -2.773421e-01 2.284078e-01 1.200000e-02
    endloop
  endfacet
  facet normal -9.682815e-02 8.775992e-02 9.914245e-01
    outer loop
      vertex   -2.785426e-01 2.293929e-01 1.179556e-02
      vertex   -2.773421e-01 2.284078e-01 1.200000e-02
      vertex   -2.718483e-01 2.367789e-01 1.179556e-02
    endloop
  endfacet
  facet normal -9.682815e-02 8.775992e-02 9.914245e-01
    outer loop
      vertex   -2.718483e-01 2.367789e-01 1.179556e-02
      vertex   -2.773421e-01 2.284078e-01 1.200000e-02
      vertex   -2.707502e-01 2.356808e-01 1.200000e-02
    endloop
  endfacet
  facet normal -8.775992e-02 9.682815e-02 9.914245e-01
    outer loop
      vertex   -2.718483e-01 2.367789e-01 1.179556e-02
      vertex   -2.707502e-01 2.356808e-01 1.200000e-02
      vertex   -2.644624e-01 2.434731e-01 1.179556e-02
    endloop
  endfacet
  facet normal -8.775992e-02 9.682815e-02 9.914245e-01
    outer loop
      vertex   -2.644624e-01 2.434731e-01 1.179556e-02
      vertex   -2.707502e-01 2.356808e-01 1.200000e-02
      vertex   -2.634772e-01 2.422727e-01 1.200000e-02
    endloop
  endfacet
  facet normal -7.784651e-02 1.049639e-01 9.914245e-01
    outer loop
      vertex   -2.644624e-01 2.434731e-01 1.179556e-02
      vertex   -2.634772e-01 2.422727e-01 1.200000e-02
      vertex   -2.564558e-01 2.494112e-01 1.179556e-02
    endloop
  endfacet
  facet normal -7.784651e-02 1.049639e-01 9.914245e-01
    outer loop
      vertex   -2.564558e-01 2.494112e-01 1.179556e-02
      vertex   -2.634772e-01 2.422727e-01 1.200000e-02
      vertex   -2.555931e-01 2.481200e-01 1.200000e-02
    endloop
  endfacet
  facet normal -6.718340e-02 1.120887e-01 9.914245e-01
    outer loop
      vertex   -2.564558e-01 2.494112e-01 1.179556e-02
      vertex   -2.555931e-01 2.481200e-01 1.200000e-02
      vertex   -2.479058e-01 2.545359e-01 1.179556e-02
    endloop
  endfacet
  facet normal -6.718340e-02 1.120887e-01 9.914245e-01
    outer loop
      vertex   -2.479058e-01 2.545359e-01 1.179556e-02
      vertex   -2.555931e-01 2.481200e-01 1.200000e-02
      vertex   -2.471738e-01 2.531663e-01 1.200000e-02
    endloop
  endfacet
  facet normal -5.587328e-02 1.181341e-01 9.914245e-01
    outer loop
      vertex   -2.479058e-01 2.545359e-01 1.179556e-02
      vertex   -2.471738e-01 2.531663e-01 1.200000e-02
      vertex   -2.388947e-01 2.587978e-01 1.179556e-02
    endloop
  endfacet
  facet normal -5.587328e-02 1.181341e-01 9.914245e-01
    outer loop
      vertex   -2.388947e-01 2.587978e-01 1.179556e-02
      vertex   -2.471738e-01 2.531663e-01 1.200000e-02
      vertex   -2.383004e-01 2.573631e-01 1.200000e-02
    endloop
  endfacet
  facet normal -4.402507e-02 1.230418e-01 9.914245e-01
    outer loop
      vertex   -2.388947e-01 2.587978e-01 1.179556e-02
      vertex   -2.383004e-01 2.573631e-01 1.200000e-02
      vertex   -2.295092e-01 2.621560e-01 1.179556e-02
    endloop
  endfacet
  facet normal -4.402507e-02 1.230418e-01 9.914245e-01
    outer loop
      vertex   -2.295092e-01 2.621560e-01 1.179556e-02
      vertex   -2.383004e-01 2.573631e-01 1.200000e-02
      vertex   -2.290584e-01 2.606700e-01 1.200000e-02
    endloop
  endfacet
  facet normal -3.175287e-02 1.267645e-01 9.914245e-01
    outer loop
      vertex   -2.295092e-01 2.621560e-01 1.179556e-02
      vertex   -2.290584e-01 2.606700e-01 1.200000e-02
      vertex   -2.198397e-01 2.645781e-01 1.179556e-02
    endloop
  endfacet
  facet normal -3.175287e-02 1.267645e-01 9.914245e-01
    outer loop
      vertex   -2.198397e-01 2.645781e-01 1.179556e-02
      vertex   -2.290584e-01 2.606700e-01 1.200000e-02
      vertex   -2.195367e-01 2.630550e-01 1.200000e-02
    endloop
  endfacet
  facet normal -1.917487e-02 1.292665e-01 9.914245e-01
    outer loop
      vertex   -2.198397e-01 2.645781e-01 1.179556e-02
      vertex   -2.195367e-01 2.630550e-01 1.200000e-02
      vertex   -2.099794e-01 2.660407e-01 1.179556e-02
    endloop
  endfacet
  facet normal -1.917487e-02 1.292665e-01 9.914245e-01
    outer loop
      vertex   -2.099794e-01 2.660407e-01 1.179556e-02
      vertex   -2.195367e-01 2.630550e-01 1.200000e-02
      vertex   -2.098272e-01 2.644953e-01 1.200000e-02
    endloop
  endfacet
  facet normal 9.987955e-01 -4.906767e-02 -3.720803e-07
    outer loop
      vertex   -3.000463e-01 1.649537e-01 1.200000e-02
      vertex   -3.000464e-01 1.649537e-01 1.332268e-17
      vertex   -2.995647e-01 1.747577e-01 1.200000e-02
    endloop
  endfacet
  facet normal 9.987955e-01 -4.906767e-02 -3.720803e-07
    outer loop
      vertex   -2.995647e-01 1.747577e-01 1.200000e-02
      vertex   -3.000464e-01 1.649537e-01 1.332268e-17
      vertex   -2.995647e-01 1.747577e-01 1.332268e-17
    endloop
  endfacet
  facet normal 9.891765e-01 -1.467305e-01 -3.720803e-07
    outer loop
      vertex   -2.995647e-01 1.747577e-01 1.200000e-02
      vertex   -2.995647e-01 1.747577e-01 1.332268e-17
      vertex   -2.981244e-01 1.844673e-01 1.200000e-02
    endloop
  endfacet
  facet normal 9.891765e-01 -1.467305e-01 -3.720803e-07
    outer loop
      vertex   -2.981244e-01 1.844673e-01 1.200000e-02
      vertex   -2.995647e-01 1.747577e-01 1.332268e-17
      vertex   -2.981244e-01 1.844673e-01 1.332268e-17
    endloop
  endfacet
  facet normal 9.700313e-01 -2.429802e-01 -3.720803e-07
    outer loop
      vertex   -2.981244e-01 1.844673e-01 1.200000e-02
      vertex   -2.981244e-01 1.844673e-01 1.332268e-17
      vertex   -2.957394e-01 1.939889e-01 1.200000e-02
    endloop
  endfacet
  facet normal 9.700313e-01 -2.429802e-01 -3.720803e-07
    outer loop
      vertex   -2.957394e-01 1.939889e-01 1.200000e-02
      vertex   -2.981244e-01 1.844673e-01 1.332268e-17
      vertex   -2.957394e-01 1.939889e-01 1.332268e-17
    endloop
  endfacet
  facet normal 9.415441e-01 -3.368899e-01 -3.720803e-07
    outer loop
      vertex   -2.957394e-01 1.939889e-01 1.200000e-02
      vertex   -2.957394e-01 1.939889e-01 1.332268e-17
      vertex   -2.924325e-01 2.032310e-01 1.200000e-02
    endloop
  endfacet
  facet normal 9.415441e-01 -3.368899e-01 -3.720803e-07
    outer loop
      vertex   -2.924325e-01 2.032310e-01 1.200000e-02
      vertex   -2.957394e-01 1.939889e-01 1.332268e-17
      vertex   -2.924325e-01 2.032310e-01 1.332268e-17
    endloop
  endfacet
  facet normal 9.039893e-01 -4.275551e-01 -3.720803e-07
    outer loop
      vertex   -2.924325e-01 2.032310e-01 1.200000e-02
      vertex   -2.924325e-01 2.032310e-01 1.332268e-17
      vertex   -2.882357e-01 2.121043e-01 1.200000e-02
    endloop
  endfacet
  facet normal 9.039893e-01 -4.275551e-01 -3.720803e-07
    outer loop
      vertex   -2.882357e-01 2.121043e-01 1.200000e-02
      vertex   -2.924325e-01 2.032310e-01 1.332268e-17
      vertex   -2.882357e-01 2.121043e-01 1.332268e-17
    endloop
  endfacet
  facet normal 8.577286e-01 -5.141027e-01 -3.720803e-07
    outer loop
      vertex   -2.882357e-01 2.121043e-01 1.200000e-02
      vertex   -2.882357e-01 2.121043e-01 1.332268e-17
      vertex   -2.831894e-01 2.205236e-01 1.200000e-02
    endloop
  endfacet
  facet normal 8.577286e-01 -5.141027e-01 -3.720803e-07
    outer loop
      vertex   -2.831894e-01 2.205236e-01 1.200000e-02
      vertex   -2.882357e-01 2.121043e-01 1.332268e-17
      vertex   -2.831894e-01 2.205236e-01 1.332268e-17
    endloop
  endfacet
  facet normal 8.032075e-01 -5.956993e-01 -3.720803e-07
    outer loop
      vertex   -2.831894e-01 2.205236e-01 1.200000e-02
      vertex   -2.831894e-01 2.205236e-01 1.332268e-17
      vertex   -2.773421e-01 2.284078e-01 1.200000e-02
    endloop
  endfacet
  facet normal 8.032075e-01 -5.956993e-01 -3.720803e-07
    outer loop
      vertex   -2.773421e-01 2.284078e-01 1.200000e-02
      vertex   -2.831894e-01 2.205236e-01 1.332268e-17
      vertex   -2.773421e-01 2.284078e-01 1.332268e-17
    endloop
  endfacet
  facet normal 7.409511e-01 -6.715590e-01 -3.720803e-07
    outer loop
      vertex   -2.773421e-01 2.284078e-01 1.200000e-02
      vertex   -2.773421e-01 2.284078e-01 1.332268e-17
      vertex   -2.707502e-01 2.356808e-01 1.200000e-02
    endloop
  endfacet
  facet normal 7.409511e-01 -6.715590e-01 -3.720803e-07
    outer loop
      vertex   -2.707502e-01 2.356808e-01 1.200000e-02
      vertex   -2.773421e-01 2.284078e-01 1.332268e-17
      vertex   -2.707502e-01 2.356808e-01 1.332268e-17
    endloop
  endfacet
  facet normal 6.715590e-01 -7.409511e-01 -3.720803e-07
    outer loop
      vertex   -2.707502e-01 2.356808e-01 1.200000e-02
      vertex   -2.707502e-01 2.356808e-01 1.332268e-17
      vertex   -2.634772e-01 2.422727e-01 1.200000e-02
    endloop
  endfacet
  facet normal 6.715590e-01 -7.409511e-01 -3.720803e-07
    outer loop
      vertex   -2.634772e-01 2.422727e-01 1.200000e-02
      vertex   -2.707502e-01 2.356808e-01 1.332268e-17
      vertex   -2.634772e-01 2.422727e-01 1.332268e-17
    endloop
  endfacet
  facet normal 5.956993e-01 -8.032075e-01 -3.720803e-07
    outer loop
      vertex   -2.634772e-01 2.422727e-01 1.200000e-02
      vertex   -2.634772e-01 2.422727e-01 1.332268e-17
      vertex   -2.555931e-01 2.481200e-01 1.200000e-02
    endloop
  endfacet
  facet normal 5.956993e-01 -8.032075e-01 -3.720803e-07
    outer loop
      vertex   -2.555931e-01 2.481200e-01 1.200000e-02
      vertex   -2.634772e-01 2.422727e-01 1.332268e-17
      vertex   -2.555931e-01 2.481200e-01 1.332268e-17
    endloop
  endfacet
  facet normal 5.141027e-01 -8.577286e-01 -3.720803e-07
    outer loop
      vertex   -2.555931e-01 2.481200e-01 1.200000e-02
      vertex   -2.555931e-01 2.481200e-01 1.332268e-17
      vertex   -2.471738e-01 2.531663e-01 1.200000e-02
    endloop
  endfacet
  facet normal 5.141027e-01 -8.577286e-01 -3.720803e-07
    outer loop
      vertex   -2.471738e-01 2.531663e-01 1.200000e-02
      vertex   -2.555931e-01 2.481200e-01 1.332268e-17
      vertex   -2.471738e-01 2.531663e-01 1.332268e-17
    endloop
  endfacet
  facet normal 4.275551e-01 -9.039893e-01 -3.720803e-07
    outer loop
      vertex   -2.471738e-01 2.531663e-01 1.200000e-02
      vertex   -2.471738e-01 2.531663e-01 1.332268e-17
      vertex   -2.383004e-01 2.573631e-01 1.200000e-02
    endloop
  endfacet
  facet normal 4.275551e-01 -9.039893e-01 -3.720803e-07
    outer loop
      vertex   -2.383004e-01 2.573631e-01 1.200000e-02
      vertex   -2.471738e-01 2.531663e-01 1.332268e-17
      vertex   -2.383004e-01 2.573631e-01 1.332268e-17
    endloop
  endfacet
  facet normal 3.368899e-01 -9.415441e-01 -3.720803e-07
    outer loop
      vertex   -2.383004e-01 2.573631e-01 1.200000e-02
      vertex   -2.383004e-01 2.573631e-01 1.332268e-17
      vertex   -2.290584e-01 2.606700e-01 1.200000e-02
    endloop
  endfacet
  facet normal 3.368899e-01 -9.415441e-01 -3.720803e-07
    outer loop
      vertex   -2.290584e-01 2.606700e-01 1.200000e-02
      vertex   -2.383004e-01 2.573631e-01 1.332268e-17
      vertex   -2.290584e-01 2.606700e-01 1.332268e-17
    endloop
  endfacet
  facet normal 2.429802e-01 -9.700313e-01 -3.720803e-07
    outer loop
      vertex   -2.290584e-01 2.606700e-01 1.200000e-02
      vertex   -2.290584e-01 2.606700e-01 1.332268e-17
      vertex   -2.195367e-01 2.630550e-01 1.200000e-02
    endloop
  endfacet
  facet normal 2.429802e-01 -9.700313e-01 -3.720803e-07
    outer loop
      vertex   -2.195367e-01 2.630550e-01 1.200000e-02
      vertex   -2.290584e-01 2.606700e-01 1.332268e-17
      vertex   -2.195367e-01 2.630550e-01 1.332268e-17
    endloop
  endfacet
  facet normal 1.467305e-01 -9.891765e-01 -3.720803e-07
    outer loop
      vertex   -2.195367e-01 2.630550e-01 1.200000e-02
      vertex   -2.195367e-01 2.630550e-01 1.332268e-17
      vertex   -2.098272e-01 2.644953e-01 1.200000e-02
    endloop
  endfacet
  facet normal 1.467305e-01 -9.891765e-01 -3.720803e-07
    outer loop
      vertex   -2.098272e-01 2.644953e-01 1.200000e-02
      vertex   -2.195367e-01 2.630550e-01 1.332268e-17
      vertex   -2.098272e-01 2.644953e-01 1.332268e-17
    endloop
  endfacet
  facet normal 4.906767e-02 -9.987955e-01 -3.720803e-07
    outer loop
      vertex   -2.098272e-01 2.644953e-01 1.200000e-02
      vertex   -2.098272e-01 2.644953e-01 1.332268e-17
      vertex   -2.000232e-01 2.649769e-01 1.200000e-02
    endloop
  endfacet
  facet normal 4.906767e-02 -9.987955e-01 -3.720803e-07
    outer loop
      vertex   -2.000232e-01 2.649769e-01 1.200000e-02
      vertex   -2.098272e-01 2.644953e-01 1.332268e-17
      vertex   -2.000232e-01 2.649769e-01 1.332268e-17
    endloop
  endfacet
  facet normal -1.305269e-01 3.197301e-16 -9.914448e-01
    outer loop
      vertex   -3.015993e-01 -1.650464e-01 2.044461e-04
      vertex   -3.015993e-01 -1.320464e-01 2.044461e-04
      vertex   -3.000464e-01 -1.650464e-01 1.332268e-17
    endloop
  endfacet
  facet normal -1.305269e-01 2.202043e-16 -9.914448e-01
    outer loop
      vertex   -3.000464e-01 -1.650464e-01 1.332268e-17
      vertex   -3.015993e-01 -1.320464e-01 2.044461e-04
      vertex   -3.015993e-01 -9.904640e-02 2.044461e-04
    endloop
  endfacet
  facet normal -1.305269e-01 2.191801e-16 -9.914448e-01
    outer loop
      vertex   -3.000464e-01 -1.650464e-01 1.332268e-17
      vertex   -3.015993e-01 -9.904640e-02 2.044461e-04
      vertex   -3.015993e-01 -6.604639e-02 2.044461e-04
    endloop
  endfacet
  facet normal -3.826840e-01 6.437339e-16 -9.238793e-01
    outer loop
      vertex   -3.015993e-01 -6.604639e-02 2.044461e-04
      vertex   -3.015993e-01 -9.904640e-02 2.044461e-04
      vertex   -3.030464e-01 -6.604639e-02 8.038494e-04
    endloop
  endfacet
  facet normal -3.826840e-01 0.000000e+00 -9.238793e-01
    outer loop
      vertex   -3.015993e-01 -6.604639e-02 2.044461e-04
      vertex   -3.030464e-01 -6.604639e-02 8.038494e-04
      vertex   -3.030464e-01 -3.304637e-02 8.038494e-04
    endloop
  endfacet
  facet normal -6.087619e-01 -0.000000e+00 -7.933530e-01
    outer loop
      vertex   -3.030464e-01 -3.304637e-02 8.038494e-04
      vertex   -3.030464e-01 -6.604639e-02 8.038494e-04
      vertex   -3.042890e-01 -3.304637e-02 1.757362e-03
    endloop
  endfacet
  facet normal -6.087619e-01 1.024206e-15 -7.933530e-01
    outer loop
      vertex   -3.030464e-01 -3.304637e-02 8.038494e-04
      vertex   -3.042890e-01 -3.304637e-02 1.757362e-03
      vertex   -3.042890e-01 -4.634808e-05 1.757362e-03
    endloop
  endfacet
  facet normal -7.933537e-01 1.334544e-15 -6.087610e-01
    outer loop
      vertex   -3.042890e-01 -4.634808e-05 1.757362e-03
      vertex   -3.042890e-01 -3.304637e-02 1.757362e-03
      vertex   -3.052425e-01 -4.634808e-05 3.000003e-03
    endloop
  endfacet
  facet normal -7.933537e-01 1.335565e-15 -6.087610e-01
    outer loop
      vertex   -3.042890e-01 -4.634808e-05 1.757362e-03
      vertex   -3.052425e-01 -4.634808e-05 3.000003e-03
      vertex   -3.052425e-01 3.295367e-02 3.000003e-03
    endloop
  endfacet
  facet normal -9.238797e-01 1.554109e-15 -3.826830e-01
    outer loop
      vertex   -3.052425e-01 3.295367e-02 3.000003e-03
      vertex   -3.052425e-01 -4.634808e-05 3.000003e-03
      vertex   -3.058419e-01 3.295367e-02 4.447088e-03
    endloop
  endfacet
  facet normal -9.238797e-01 0.000000e+00 -3.826830e-01
    outer loop
      vertex   -3.052425e-01 3.295367e-02 3.000003e-03
      vertex   -3.058419e-01 3.295367e-02 4.447088e-03
      vertex   -3.058419e-01 6.595369e-02 4.447088e-03
    endloop
  endfacet
  facet normal -9.914449e-01 -0.000000e+00 -1.305258e-01
    outer loop
      vertex   -3.058419e-01 6.595369e-02 4.447088e-03
      vertex   -3.058419e-01 3.295367e-02 4.447088e-03
      vertex   -3.060463e-01 6.595369e-02 6.000002e-03
    endloop
  endfacet
  facet normal -9.914449e-01 1.668432e-15 -1.305258e-01
    outer loop
      vertex   -3.058419e-01 6.595369e-02 4.447088e-03
      vertex   -3.060463e-01 6.595369e-02 6.000002e-03
      vertex   -3.060463e-01 9.895371e-02 6.000002e-03
    endloop
  endfacet
  facet normal -9.914448e-01 1.667764e-15 1.305265e-01
    outer loop
      vertex   -3.060463e-01 9.895371e-02 6.000002e-03
      vertex   -3.060463e-01 6.595369e-02 6.000002e-03
      vertex   -3.058419e-01 9.895371e-02 7.552916e-03
    endloop
  endfacet
  facet normal -9.914448e-01 3.335839e-15 1.305265e-01
    outer loop
      vertex   -3.060463e-01 9.895371e-02 6.000002e-03
      vertex   -3.058419e-01 9.895371e-02 7.552916e-03
      vertex   -3.058419e-01 1.319537e-01 7.552916e-03
    endloop
  endfacet
  facet normal -9.238794e-01 3.108217e-15 3.826837e-01
    outer loop
      vertex   -3.058419e-01 1.319537e-01 7.552916e-03
      vertex   -3.058419e-01 9.895371e-02 7.552916e-03
      vertex   -3.052425e-01 1.319537e-01 9.000001e-03
    endloop
  endfacet
  facet normal -9.238794e-01 1.474857e-15 3.826837e-01
    outer loop
      vertex   -3.058419e-01 1.319537e-01 7.552916e-03
      vertex   -3.052425e-01 1.319537e-01 9.000001e-03
      vertex   -3.052425e-01 1.649537e-01 9.000001e-03
    endloop
  endfacet
  facet normal -7.933532e-01 1.206539e-15 6.087616e-01
    outer loop
      vertex   -3.052425e-01 1.649537e-01 9.000001e-03
      vertex   -3.052425e-01 1.319537e-01 9.000001e-03
      vertex   -3.042890e-01 1.649537e-01 1.024264e-02
    endloop
  endfacet
  facet normal -7.933532e-01 -6.400197e-17 6.087616e-01
    outer loop
      vertex   -3.042890e-01 1.649537e-01 1.024264e-02
      vertex   -3.052425e-01 1.319537e-01 9.000001e-03
      vertex   -3.042890e-01 1.319537e-01 1.024264e-02
    endloop
  endfacet
  facet normal -6.087613e-01 -8.340897e-17 7.933534e-01
    outer loop
      vertex   -3.042890e-01 1.649537e-01 1.024264e-02
      vertex   -3.042890e-01 1.319537e-01 1.024264e-02
      vertex   -3.030463e-01 1.649537e-01 1.119615e-02
    endloop
  endfacet
  facet normal -6.087613e-01 9.406220e-16 7.933534e-01
    outer loop
      vertex   -3.030463e-01 1.649537e-01 1.119615e-02
      vertex   -3.042890e-01 1.319537e-01 1.024264e-02
      vertex   -3.030463e-01 1.319537e-01 1.119615e-02
    endloop
  endfacet
  facet normal -3.826833e-01 5.466010e-16 9.238796e-01
    outer loop
      vertex   -3.030463e-01 1.649537e-01 1.119615e-02
      vertex   -3.030463e-01 1.319537e-01 1.119615e-02
      vertex   -3.015993e-01 1.649537e-01 1.179556e-02
    endloop
  endfacet
  facet normal -3.826833e-01 6.437328e-16 9.238796e-01
    outer loop
      vertex   -3.015993e-01 1.649537e-01 1.179556e-02
      vertex   -3.030463e-01 1.319537e-01 1.119615e-02
      vertex   -3.015993e-01 1.319537e-01 1.179556e-02
    endloop
  endfacet
  facet normal -1.305262e-01 2.195653e-16 9.914449e-01
    outer loop
      vertex   -3.015993e-01 1.649537e-01 1.179556e-02
      vertex   -3.015993e-01 1.319537e-01 1.179556e-02
      vertex   -3.000463e-01 1.649537e-01 1.200000e-02
    endloop
  endfacet
  facet normal -1.305262e-01 2.191801e-16 9.914449e-01
    outer loop
      vertex   -3.000463e-01 1.649537e-01 1.200000e-02
      vertex   -3.015993e-01 1.319537e-01 1.179556e-02
      vertex   -3.015993e-01 9.895371e-02 1.179556e-02
    endloop
  endfacet
  facet normal -1.305262e-01 2.191801e-16 9.914449e-01
    outer loop
      vertex   -3.000463e-01 1.649537e-01 1.200000e-02
      vertex   -3.015993e-01 9.895371e-02 1.179556e-02
      vertex   -3.015993e-01 6.595369e-02 1.179556e-02
    endloop
  endfacet
  facet normal -3.826833e-01 6.437328e-16 9.238796e-01
    outer loop
      vertex   -3.015993e-01 6.595369e-02 1.179556e-02
      vertex   -3.015993e-01 9.895371e-02 1.179556e-02
      vertex   -3.030463e-01 6.595369e-02 1.119615e-02
    endloop
  endfacet
  facet normal -3.826833e-01 6.452498e-16 9.238796e-01
    outer loop
      vertex   -3.015993e-01 6.595369e-02 1.179556e-02
      vertex   -3.030463e-01 6.595369e-02 1.119615e-02
      vertex   -3.030463e-01 3.295367e-02 1.119615e-02
    endloop
  endfacet
  facet normal -6.087613e-01 1.024031e-15 7.933534e-01
    outer loop
      vertex   -3.030463e-01 3.295367e-02 1.119615e-02
      vertex   -3.030463e-01 6.595369e-02 1.119615e-02
      vertex   -3.042890e-01 3.295367e-02 1.024264e-02
    endloop
  endfacet
  facet normal -6.087613e-01 0.000000e+00 7.933534e-01
    outer loop
      vertex   -3.030463e-01 3.295367e-02 1.119615e-02
      vertex   -3.042890e-01 3.295367e-02 1.024264e-02
      vertex   -3.042890e-01 -4.634808e-05 1.024264e-02
    endloop
  endfacet
  facet normal -7.933532e-01 0.000000e+00 6.087616e-01
    outer loop
      vertex   -3.042890e-01 -4.634808e-05 1.024264e-02
      vertex   -3.042890e-01 3.295367e-02 1.024264e-02
      vertex   -3.052425e-01 -4.634808e-05 9.000001e-03
    endloop
  endfacet
  facet normal -7.933532e-01 1.335565e-15 6.087616e-01
    outer loop
      vertex   -3.042890e-01 -4.634808e-05 1.024264e-02
      vertex   -3.052425e-01 -4.634808e-05 9.000001e-03
      vertex   -3.052425e-01 -3.304637e-02 9.000001e-03
    endloop
  endfacet
  facet normal -9.238794e-01 1.554109e-15 3.826837e-01
    outer loop
      vertex   -3.052425e-01 -3.304637e-02 9.000001e-03
      vertex   -3.052425e-01 -4.634808e-05 9.000001e-03
      vertex   -3.058419e-01 -3.304637e-02 7.552916e-03
    endloop
  endfacet
  facet normal -9.238794e-01 0.000000e+00 3.826837e-01
    outer loop
      vertex   -3.052425e-01 -3.304637e-02 9.000001e-03
      vertex   -3.058419e-01 -3.304637e-02 7.552916e-03
      vertex   -3.058419e-01 -6.604639e-02 7.552916e-03
    endloop
  endfacet
  facet normal -9.914448e-01 0.000000e+00 1.305265e-01
    outer loop
      vertex   -3.058419e-01 -6.604639e-02 7.552916e-03
      vertex   -3.058419e-01 -3.304637e-02 7.552916e-03
      vertex   -3.060463e-01 -6.604639e-02 6.000002e-03
    endloop
  endfacet
  facet normal -9.914448e-01 1.667407e-15 1.305265e-01
    outer loop
      vertex   -3.058419e-01 -6.604639e-02 7.552916e-03
      vertex   -3.060463e-01 -6.604639e-02 6.000002e-03
      vertex   -3.060463e-01 -9.904640e-02 6.000002e-03
    endloop
  endfacet
  facet normal -9.914449e-01 1.667764e-15 -1.305258e-01
    outer loop
      vertex   -3.060463e-01 -9.904640e-02 6.000002e-03
      vertex   -3.060463e-01 -6.604639e-02 6.000002e-03
      vertex   -3.058419e-01 -9.904640e-02 4.447088e-03
    endloop
  endfacet
  facet normal -9.914449e-01 1.668432e-15 -1.305258e-01
    outer loop
      vertex   -3.060463e-01 -9.904640e-02 6.000002e-03
      vertex   -3.058419e-01 -9.904640e-02 4.447088e-03
      vertex   -3.058419e-01 -1.320464e-01 4.447088e-03
    endloop
  endfacet
  facet normal -9.238797e-01 1.554109e-15 -3.826830e-01
    outer loop
      vertex   -3.058419e-01 -1.320464e-01 4.447088e-03
      vertex   -3.058419e-01 -9.904640e-02 4.447088e-03
      vertex   -3.052425e-01 -1.320464e-01 3.000003e-03
    endloop
  endfacet
  facet normal -9.238797e-01 0.000000e+00 -3.826830e-01
    outer loop
      vertex   -3.058419e-01 -1.320464e-01 4.447088e-03
      vertex   -3.052425e-01 -1.320464e-01 3.000003e-03
      vertex   -3.052425e-01 -1.650464e-01 3.000003e-03
    endloop
  endfacet
  facet normal -7.933537e-01 0.000000e+00 -6.087610e-01
    outer loop
      vertex   -3.052425e-01 -1.650464e-01 3.000003e-03
      vertex   -3.052425e-01 -1.320464e-01 3.000003e-03
      vertex   -3.042890e-01 -1.650464e-01 1.757362e-03
    endloop
  endfacet
  facet normal -7.933537e-01 1.406546e-15 -6.087610e-01
    outer loop
      vertex   -3.042890e-01 -1.650464e-01 1.757362e-03
      vertex   -3.052425e-01 -1.320464e-01 3.000003e-03
      vertex   -3.042890e-01 -1.320464e-01 1.757362e-03
    endloop
  endfacet
  facet normal -6.087619e-01 1.117867e-15 -7.933530e-01
    outer loop
      vertex   -3.042890e-01 -1.650464e-01 1.757362e-03
      vertex   -3.042890e-01 -1.320464e-01 1.757362e-03
      vertex   -3.030464e-01 -1.650464e-01 8.038494e-04
    endloop
  endfacet
  facet normal -6.087619e-01 1.156965e-15 -7.933530e-01
    outer loop
      vertex   -3.030464e-01 -1.650464e-01 8.038494e-04
      vertex   -3.042890e-01 -1.320464e-01 1.757362e-03
      vertex   -3.030464e-01 -1.320464e-01 8.038494e-04
    endloop
  endfacet
  facet normal -3.826840e-01 7.985377e-16 -9.238793e-01
    outer loop
      vertex   -3.030464e-01 -1.650464e-01 8.038494e-04
      vertex   -3.030464e-01 -1.320464e-01 8.038494e-04
      vertex   -3.015993e-01 -1.650464e-01 2.044461e-04
    endloop
  endfacet
  facet normal -3.826840e-01 7.370715e-16 -9.238793e-01
    outer loop
      vertex   -3.015993e-01 -1.650464e-01 2.044461e-04
      vertex   -3.030464e-01 -1.320464e-01 8.038494e-04
      vertex   -3.015993e-01 -1.320464e-01 2.044461e-04
    endloop
  endfacet
  facet normal -9.238797e-01 1.583423e-15 -3.826830e-01
    outer loop
      vertex   -3.052425e-01 -1.650464e-01 3.000003e-03
      vertex   -3.058419e-01 -1.650464e-01 4.447088e-03
      vertex   -3.058419e-01 -1.320464e-01 4.447088e-03
    endloop
  endfacet
  facet normal -9.914449e-01 1.678056e-15 -1.305258e-01
    outer loop
      vertex   -3.058419e-01 -1.320464e-01 4.447088e-03
      vertex   -3.058419e-01 -1.650464e-01 4.447088e-03
      vertex   -3.060463e-01 -1.320464e-01 6.000002e-03
    endloop
  endfacet
  facet normal -9.914449e-01 1.668432e-15 -1.305258e-01
    outer loop
      vertex   -3.058419e-01 -1.320464e-01 4.447088e-03
      vertex   -3.060463e-01 -1.320464e-01 6.000002e-03
      vertex   -3.060463e-01 -9.904640e-02 6.000002e-03
    endloop
  endfacet
  facet normal -9.914448e-01 1.667764e-15 1.305265e-01
    outer loop
      vertex   -3.060463e-01 -9.904640e-02 6.000002e-03
      vertex   -3.060463e-01 -1.320464e-01 6.000002e-03
      vertex   -3.058419e-01 -9.904640e-02 7.552916e-03
    endloop
  endfacet
  facet normal -9.914448e-01 1.667407e-15 1.305265e-01
    outer loop
      vertex   -3.060463e-01 -9.904640e-02 6.000002e-03
      vertex   -3.058419e-01 -9.904640e-02 7.552916e-03
      vertex   -3.058419e-01 -6.604639e-02 7.552916e-03
    endloop
  endfacet
  facet normal -9.238794e-01 1.554109e-15 3.826837e-01
    outer loop
      vertex   -3.058419e-01 -6.604639e-02 7.552916e-03
      vertex   -3.058419e-01 -9.904640e-02 7.552916e-03
      vertex   -3.052425e-01 -6.604639e-02 9.000001e-03
    endloop
  endfacet
  facet normal -9.238794e-01 1.554745e-15 3.826837e-01
    outer loop
      vertex   -3.058419e-01 -6.604639e-02 7.552916e-03
      vertex   -3.052425e-01 -6.604639e-02 9.000001e-03
      vertex   -3.052425e-01 -3.304637e-02 9.000001e-03
    endloop
  endfacet
  facet normal -7.933532e-01 1.334543e-15 6.087616e-01
    outer loop
      vertex   -3.052425e-01 -3.304637e-02 9.000001e-03
      vertex   -3.052425e-01 -6.604639e-02 9.000001e-03
      vertex   -3.042890e-01 -3.304637e-02 1.024264e-02
    endloop
  endfacet
  facet normal -7.933532e-01 2.671129e-15 6.087616e-01
    outer loop
      vertex   -3.052425e-01 -3.304637e-02 9.000001e-03
      vertex   -3.042890e-01 -3.304637e-02 1.024264e-02
      vertex   -3.042890e-01 -4.634808e-05 1.024264e-02
    endloop
  endfacet
  facet normal -6.087613e-01 2.048062e-15 7.933534e-01
    outer loop
      vertex   -3.042890e-01 -4.634808e-05 1.024264e-02
      vertex   -3.042890e-01 -3.304637e-02 1.024264e-02
      vertex   -3.030463e-01 -4.634808e-05 1.119615e-02
    endloop
  endfacet
  facet normal -6.087613e-01 0.000000e+00 7.933534e-01
    outer loop
      vertex   -3.042890e-01 -4.634808e-05 1.024264e-02
      vertex   -3.030463e-01 -4.634808e-05 1.119615e-02
      vertex   -3.030463e-01 3.295367e-02 1.119615e-02
    endloop
  endfacet
  facet normal -3.826833e-01 0.000000e+00 9.238796e-01
    outer loop
      vertex   -3.030463e-01 3.295367e-02 1.119615e-02
      vertex   -3.030463e-01 -4.634808e-05 1.119615e-02
      vertex   -3.015993e-01 3.295367e-02 1.179556e-02
    endloop
  endfacet
  facet normal -3.826833e-01 0.000000e+00 9.238796e-01
    outer loop
      vertex   -3.030463e-01 3.295367e-02 1.119615e-02
      vertex   -3.015993e-01 3.295367e-02 1.179556e-02
      vertex   -3.015993e-01 6.595369e-02 1.179556e-02
    endloop
  endfacet
  facet normal -1.305262e-01 0.000000e+00 9.914449e-01
    outer loop
      vertex   -3.015993e-01 6.595369e-02 1.179556e-02
      vertex   -3.015993e-01 3.295367e-02 1.179556e-02
      vertex   -3.000463e-01 1.649537e-01 1.200000e-02
    endloop
  endfacet
  facet normal -9.914449e-01 1.668432e-15 -1.305258e-01
    outer loop
      vertex   -3.058419e-01 -1.650464e-01 4.447088e-03
      vertex   -3.060463e-01 -1.650464e-01 6.000002e-03
      vertex   -3.060463e-01 -1.320464e-01 6.000002e-03
    endloop
  endfacet
  facet normal -9.914448e-01 1.667764e-15 1.305265e-01
    outer loop
      vertex   -3.060463e-01 -1.320464e-01 6.000002e-03
      vertex   -3.060463e-01 -1.650464e-01 6.000002e-03
      vertex   -3.058419e-01 -1.320464e-01 7.552916e-03
    endloop
  endfacet
  facet normal -9.914448e-01 1.667407e-15 1.305265e-01
    outer loop
      vertex   -3.060463e-01 -1.320464e-01 6.000002e-03
      vertex   -3.058419e-01 -1.320464e-01 7.552916e-03
      vertex   -3.058419e-01 -9.904640e-02 7.552916e-03
    endloop
  endfacet
  facet normal -9.238794e-01 1.554109e-15 3.826837e-01
    outer loop
      vertex   -3.058419e-01 -9.904640e-02 7.552916e-03
      vertex   -3.058419e-01 -1.320464e-01 7.552916e-03
      vertex   -3.052425e-01 -9.904640e-02 9.000001e-03
    endloop
  endfacet
  facet normal -9.238794e-01 1.554745e-15 3.826837e-01
    outer loop
      vertex   -3.058419e-01 -9.904640e-02 7.552916e-03
      vertex   -3.052425e-01 -9.904640e-02 9.000001e-03
      vertex   -3.052425e-01 -6.604639e-02 9.000001e-03
    endloop
  endfacet
  facet normal -7.933532e-01 1.334543e-15 6.087616e-01
    outer loop
      vertex   -3.052425e-01 -6.604639e-02 9.000001e-03
      vertex   -3.052425e-01 -9.904640e-02 9.000001e-03
      vertex   -3.042890e-01 -6.604639e-02 1.024264e-02
    endloop
  endfacet
  facet normal -7.933532e-01 0.000000e+00 6.087616e-01
    outer loop
      vertex   -3.052425e-01 -6.604639e-02 9.000001e-03
      vertex   -3.042890e-01 -6.604639e-02 1.024264e-02
      vertex   -3.042890e-01 -3.304637e-02 1.024264e-02
    endloop
  endfacet
  facet normal -6.087613e-01 0.000000e+00 7.933534e-01
    outer loop
      vertex   -3.042890e-01 -3.304637e-02 1.024264e-02
      vertex   -3.042890e-01 -6.604639e-02 1.024264e-02
      vertex   -3.030463e-01 -3.304637e-02 1.119615e-02
    endloop
  endfacet
  facet normal -6.087613e-01 2.048412e-15 7.933534e-01
    outer loop
      vertex   -3.042890e-01 -3.304637e-02 1.024264e-02
      vertex   -3.030463e-01 -3.304637e-02 1.119615e-02
      vertex   -3.030463e-01 -4.634808e-05 1.119615e-02
    endloop
  endfacet
  facet normal -3.826833e-01 1.287466e-15 9.238796e-01
    outer loop
      vertex   -3.030463e-01 -4.634808e-05 1.119615e-02
      vertex   -3.030463e-01 -3.304637e-02 1.119615e-02
      vertex   -3.015993e-01 -4.634808e-05 1.179556e-02
    endloop
  endfacet
  facet normal -3.826833e-01 6.452498e-16 9.238796e-01
    outer loop
      vertex   -3.030463e-01 -4.634808e-05 1.119615e-02
      vertex   -3.015993e-01 -4.634808e-05 1.179556e-02
      vertex   -3.015993e-01 3.295367e-02 1.179556e-02
    endloop
  endfacet
  facet normal -1.305262e-01 2.195653e-16 9.914449e-01
    outer loop
      vertex   -3.015993e-01 3.295367e-02 1.179556e-02
      vertex   -3.015993e-01 -4.634808e-05 1.179556e-02
      vertex   -3.000463e-01 1.649537e-01 1.200000e-02
    endloop
  endfacet
  facet normal -9.914448e-01 1.664335e-15 1.305265e-01
    outer loop
      vertex   -3.060463e-01 -1.650464e-01 6.000002e-03
      vertex   -3.058419e-01 -1.650464e-01 7.552916e-03
      vertex   -3.058419e-01 -1.320464e-01 7.552916e-03
    endloop
  endfacet
  facet normal -9.238794e-01 1.544050e-15 3.826837e-01
    outer loop
      vertex   -3.058419e-01 -1.320464e-01 7.552916e-03
      vertex   -3.058419e-01 -1.650464e-01 7.552916e-03
      vertex   -3.052425e-01 -1.320464e-01 9.000001e-03
    endloop
  endfacet
  facet normal -9.238794e-01 1.554745e-15 3.826837e-01
    outer loop
      vertex   -3.058419e-01 -1.320464e-01 7.552916e-03
      vertex   -3.052425e-01 -1.320464e-01 9.000001e-03
      vertex   -3.052425e-01 -9.904640e-02 9.000001e-03
    endloop
  endfacet
  facet normal -7.933532e-01 1.334543e-15 6.087616e-01
    outer loop
      vertex   -3.052425e-01 -9.904640e-02 9.000001e-03
      vertex   -3.052425e-01 -1.320464e-01 9.000001e-03
      vertex   -3.042890e-01 -9.904640e-02 1.024264e-02
    endloop
  endfacet
  facet normal -7.933532e-01 1.335565e-15 6.087616e-01
    outer loop
      vertex   -3.052425e-01 -9.904640e-02 9.000001e-03
      vertex   -3.042890e-01 -9.904640e-02 1.024264e-02
      vertex   -3.042890e-01 -6.604639e-02 1.024264e-02
    endloop
  endfacet
  facet normal -6.087613e-01 1.024031e-15 7.933534e-01
    outer loop
      vertex   -3.042890e-01 -6.604639e-02 1.024264e-02
      vertex   -3.042890e-01 -9.904640e-02 1.024264e-02
      vertex   -3.030463e-01 -6.604639e-02 1.119615e-02
    endloop
  endfacet
  facet normal -6.087613e-01 0.000000e+00 7.933534e-01
    outer loop
      vertex   -3.042890e-01 -6.604639e-02 1.024264e-02
      vertex   -3.030463e-01 -6.604639e-02 1.119615e-02
      vertex   -3.030463e-01 -3.304637e-02 1.119615e-02
    endloop
  endfacet
  facet normal -3.826833e-01 0.000000e+00 9.238796e-01
    outer loop
      vertex   -3.030463e-01 -3.304637e-02 1.119615e-02
      vertex   -3.030463e-01 -6.604639e-02 1.119615e-02
      vertex   -3.015993e-01 -3.304637e-02 1.179556e-02
    endloop
  endfacet
  facet normal -3.826833e-01 6.432014e-16 9.238796e-01
    outer loop
      vertex   -3.030463e-01 -3.304637e-02 1.119615e-02
      vertex   -3.015993e-01 -3.304637e-02 1.179556e-02
      vertex   -3.015993e-01 -4.634808e-05 1.179556e-02
    endloop
  endfacet
  facet normal -1.305262e-01 2.195653e-16 9.914449e-01
    outer loop
      vertex   -3.015993e-01 -4.634808e-05 1.179556e-02
      vertex   -3.015993e-01 -3.304637e-02 1.179556e-02
      vertex   -3.000463e-01 -1.650464e-01 1.200000e-02
    endloop
  endfacet
  facet normal -1.305262e-01 1.756513e-16 9.914449e-01
    outer loop
      vertex   -3.015993e-01 -4.634808e-05 1.179556e-02
      vertex   -3.000463e-01 -1.650464e-01 1.200000e-02
      vertex   -3.000463e-01 1.649537e-01 1.200000e-02
    endloop
  endfacet
  facet normal -9.238794e-01 1.634633e-15 3.826837e-01
    outer loop
      vertex   -3.058419e-01 -1.650464e-01 7.552916e-03
      vertex   -3.052425e-01 -1.650464e-01 9.000001e-03
      vertex   -3.052425e-01 -1.320464e-01 9.000001e-03
    endloop
  endfacet
  facet normal -7.933532e-01 1.462547e-15 6.087616e-01
    outer loop
      vertex   -3.052425e-01 -1.320464e-01 9.000001e-03
      vertex   -3.052425e-01 -1.650464e-01 9.000001e-03
      vertex   -3.042890e-01 -1.320464e-01 1.024264e-02
    endloop
  endfacet
  facet normal -7.933532e-01 1.335565e-15 6.087616e-01
    outer loop
      vertex   -3.052425e-01 -1.320464e-01 9.000001e-03
      vertex   -3.042890e-01 -1.320464e-01 1.024264e-02
      vertex   -3.042890e-01 -9.904640e-02 1.024264e-02
    endloop
  endfacet
  facet normal -6.087613e-01 1.024031e-15 7.933534e-01
    outer loop
      vertex   -3.042890e-01 -9.904640e-02 1.024264e-02
      vertex   -3.042890e-01 -1.320464e-01 1.024264e-02
      vertex   -3.030463e-01 -9.904640e-02 1.119615e-02
    endloop
  endfacet
  facet normal -6.087613e-01 1.024206e-15 7.933534e-01
    outer loop
      vertex   -3.042890e-01 -9.904640e-02 1.024264e-02
      vertex   -3.030463e-01 -9.904640e-02 1.119615e-02
      vertex   -3.030463e-01 -6.604639e-02 1.119615e-02
    endloop
  endfacet
  facet normal -3.826833e-01 6.437328e-16 9.238796e-01
    outer loop
      vertex   -3.030463e-01 -6.604639e-02 1.119615e-02
      vertex   -3.030463e-01 -9.904640e-02 1.119615e-02
      vertex   -3.015993e-01 -6.604639e-02 1.179556e-02
    endloop
  endfacet
  facet normal -3.826833e-01 6.452498e-16 9.238796e-01
    outer loop
      vertex   -3.030463e-01 -6.604639e-02 1.119615e-02
      vertex   -3.015993e-01 -6.604639e-02 1.179556e-02
      vertex   -3.015993e-01 -3.304637e-02 1.179556e-02
    endloop
  endfacet
  facet normal -1.305262e-01 2.195653e-16 9.914449e-01
    outer loop
      vertex   -3.015993e-01 -3.304637e-02 1.179556e-02
      vertex   -3.015993e-01 -6.604639e-02 1.179556e-02
      vertex   -3.000463e-01 -1.650464e-01 1.200000e-02
    endloop
  endfacet
  facet normal -7.933532e-01 1.397017e-15 6.087616e-01
    outer loop
      vertex   -3.052425e-01 -1.650464e-01 9.000001e-03
      vertex   -3.042890e-01 -1.650464e-01 1.024264e-02
      vertex   -3.042890e-01 -1.320464e-01 1.024264e-02
    endloop
  endfacet
  facet normal -6.087613e-01 1.107440e-15 7.933534e-01
    outer loop
      vertex   -3.042890e-01 -1.320464e-01 1.024264e-02
      vertex   -3.042890e-01 -1.650464e-01 1.024264e-02
      vertex   -3.030463e-01 -1.320464e-01 1.119615e-02
    endloop
  endfacet
  facet normal -6.087613e-01 1.024206e-15 7.933534e-01
    outer loop
      vertex   -3.042890e-01 -1.320464e-01 1.024264e-02
      vertex   -3.030463e-01 -1.320464e-01 1.119615e-02
      vertex   -3.030463e-01 -9.904640e-02 1.119615e-02
    endloop
  endfacet
  facet normal -3.826833e-01 6.437328e-16 9.238796e-01
    outer loop
      vertex   -3.030463e-01 -9.904640e-02 1.119615e-02
      vertex   -3.030463e-01 -1.320464e-01 1.119615e-02
      vertex   -3.015993e-01 -9.904640e-02 1.179556e-02
    endloop
  endfacet
  facet normal -3.826833e-01 6.452498e-16 9.238796e-01
    outer loop
      vertex   -3.030463e-01 -9.904640e-02 1.119615e-02
      vertex   -3.015993e-01 -9.904640e-02 1.179556e-02
      vertex   -3.015993e-01 -6.604639e-02 1.179556e-02
    endloop
  endfacet
  facet normal -1.305262e-01 2.195653e-16 9.914449e-01
    outer loop
      vertex   -3.015993e-01 -6.604639e-02 1.179556e-02
      vertex   -3.015993e-01 -9.904640e-02 1.179556e-02
      vertex   -3.000463e-01 -1.650464e-01 1.200000e-02
    endloop
  endfacet
  facet normal -6.087613e-01 1.110239e-15 7.933534e-01
    outer loop
      vertex   -3.042890e-01 -1.650464e-01 1.024264e-02
      vertex   -3.030463e-01 -1.650464e-01 1.119615e-02
      vertex   -3.030463e-01 -1.320464e-01 1.119615e-02
    endloop
  endfacet
  facet normal -3.826833e-01 7.408646e-16 9.238796e-01
    outer loop
      vertex   -3.030463e-01 -1.320464e-01 1.119615e-02
      vertex   -3.030463e-01 -1.650464e-01 1.119615e-02
      vertex   -3.015993e-01 -1.320464e-01 1.179556e-02
    endloop
  endfacet
  facet normal -3.826833e-01 6.452498e-16 9.238796e-01
    outer loop
      vertex   -3.030463e-01 -1.320464e-01 1.119615e-02
      vertex   -3.015993e-01 -1.320464e-01 1.179556e-02
      vertex   -3.015993e-01 -9.904640e-02 1.179556e-02
    endloop
  endfacet
  facet normal -1.305262e-01 2.195653e-16 9.914449e-01
    outer loop
      vertex   -3.015993e-01 -9.904640e-02 1.179556e-02
      vertex   -3.015993e-01 -1.320464e-01 1.179556e-02
      vertex   -3.000463e-01 -1.650464e-01 1.200000e-02
    endloop
  endfacet
  facet normal -3.826833e-01 0.000000e+00 9.238796e-01
    outer loop
      vertex   -3.030463e-01 -1.650464e-01 1.119615e-02
      vertex   -3.015993e-01 -1.650464e-01 1.179556e-02
      vertex   -3.015993e-01 -1.320464e-01 1.179556e-02
    endloop
  endfacet
  facet normal -1.305262e-01 0.000000e+00 9.914449e-01
    outer loop
      vertex   -3.015993e-01 -1.320464e-01 1.179556e-02
      vertex   -3.015993e-01 -1.650464e-01 1.179556e-02
      vertex   -3.000463e-01 -1.650464e-01 1.200000e-02
    endloop
  endfacet
  facet normal -9.238794e-01 1.024206e-17 3.826837e-01
    outer loop
      vertex   -3.052425e-01 1.649537e-01 9.000001e-03
      vertex   -3.058419e-01 1.649537e-01 7.552916e-03
      vertex   -3.058419e-01 1.319537e-01 7.552916e-03
    endloop
  endfacet
  facet normal -9.914448e-01 3.430717e-18 1.305265e-01
    outer loop
      vertex   -3.058419e-01 1.319537e-01 7.552916e-03
      vertex   -3.058419e-01 1.649537e-01 7.552916e-03
      vertex   -3.060463e-01 1.319537e-01 6.000002e-03
    endloop
  endfacet
  facet normal -9.914448e-01 1.667407e-15 1.305265e-01
    outer loop
      vertex   -3.058419e-01 1.319537e-01 7.552916e-03
      vertex   -3.060463e-01 1.319537e-01 6.000002e-03
      vertex   -3.060463e-01 9.895371e-02 6.000002e-03
    endloop
  endfacet
  facet normal -9.914449e-01 1.667764e-15 -1.305258e-01
    outer loop
      vertex   -3.060463e-01 9.895371e-02 6.000002e-03
      vertex   -3.060463e-01 1.319537e-01 6.000002e-03
      vertex   -3.058419e-01 9.895371e-02 4.447088e-03
    endloop
  endfacet
  facet normal -9.914449e-01 1.668432e-15 -1.305258e-01
    outer loop
      vertex   -3.060463e-01 9.895371e-02 6.000002e-03
      vertex   -3.058419e-01 9.895371e-02 4.447088e-03
      vertex   -3.058419e-01 6.595369e-02 4.447088e-03
    endloop
  endfacet
  facet normal -9.238797e-01 1.554109e-15 -3.826830e-01
    outer loop
      vertex   -3.058419e-01 6.595369e-02 4.447088e-03
      vertex   -3.058419e-01 9.895371e-02 4.447088e-03
      vertex   -3.052425e-01 6.595369e-02 3.000003e-03
    endloop
  endfacet
  facet normal -9.238797e-01 0.000000e+00 -3.826830e-01
    outer loop
      vertex   -3.058419e-01 6.595369e-02 4.447088e-03
      vertex   -3.052425e-01 6.595369e-02 3.000003e-03
      vertex   -3.052425e-01 3.295367e-02 3.000003e-03
    endloop
  endfacet
  facet normal -7.933537e-01 0.000000e+00 -6.087610e-01
    outer loop
      vertex   -3.052425e-01 3.295367e-02 3.000003e-03
      vertex   -3.052425e-01 6.595369e-02 3.000003e-03
      vertex   -3.042890e-01 3.295367e-02 1.757362e-03
    endloop
  endfacet
  facet normal -7.933537e-01 0.000000e+00 -6.087610e-01
    outer loop
      vertex   -3.052425e-01 3.295367e-02 3.000003e-03
      vertex   -3.042890e-01 3.295367e-02 1.757362e-03
      vertex   -3.042890e-01 -4.634808e-05 1.757362e-03
    endloop
  endfacet
  facet normal -6.087619e-01 0.000000e+00 -7.933530e-01
    outer loop
      vertex   -3.042890e-01 -4.634808e-05 1.757362e-03
      vertex   -3.042890e-01 3.295367e-02 1.757362e-03
      vertex   -3.030464e-01 -4.634808e-05 8.038494e-04
    endloop
  endfacet
  facet normal -6.087619e-01 2.048412e-15 -7.933530e-01
    outer loop
      vertex   -3.042890e-01 -4.634808e-05 1.757362e-03
      vertex   -3.030464e-01 -4.634808e-05 8.038494e-04
      vertex   -3.030464e-01 -3.304637e-02 8.038494e-04
    endloop
  endfacet
  facet normal -3.826840e-01 1.287468e-15 -9.238793e-01
    outer loop
      vertex   -3.030464e-01 -3.304637e-02 8.038494e-04
      vertex   -3.030464e-01 -4.634808e-05 8.038494e-04
      vertex   -3.015993e-01 -3.304637e-02 2.044461e-04
    endloop
  endfacet
  facet normal -3.826840e-01 0.000000e+00 -9.238793e-01
    outer loop
      vertex   -3.030464e-01 -3.304637e-02 8.038494e-04
      vertex   -3.015993e-01 -3.304637e-02 2.044461e-04
      vertex   -3.015993e-01 -6.604639e-02 2.044461e-04
    endloop
  endfacet
  facet normal -1.305269e-01 0.000000e+00 -9.914448e-01
    outer loop
      vertex   -3.015993e-01 -6.604639e-02 2.044461e-04
      vertex   -3.015993e-01 -3.304637e-02 2.044461e-04
      vertex   -3.000464e-01 -1.650464e-01 1.332268e-17
    endloop
  endfacet
  facet normal -9.914448e-01 1.667407e-15 1.305265e-01
    outer loop
      vertex   -3.058419e-01 1.649537e-01 7.552916e-03
      vertex   -3.060463e-01 1.649537e-01 6.000002e-03
      vertex   -3.060463e-01 1.319537e-01 6.000002e-03
    endloop
  endfacet
  facet normal -9.914449e-01 1.667764e-15 -1.305258e-01
    outer loop
      vertex   -3.060463e-01 1.319537e-01 6.000002e-03
      vertex   -3.060463e-01 1.649537e-01 6.000002e-03
      vertex   -3.058419e-01 1.319537e-01 4.447088e-03
    endloop
  endfacet
  facet normal -9.914449e-01 1.668432e-15 -1.305258e-01
    outer loop
      vertex   -3.060463e-01 1.319537e-01 6.000002e-03
      vertex   -3.058419e-01 1.319537e-01 4.447088e-03
      vertex   -3.058419e-01 9.895371e-02 4.447088e-03
    endloop
  endfacet
  facet normal -9.238797e-01 1.554109e-15 -3.826830e-01
    outer loop
      vertex   -3.058419e-01 9.895371e-02 4.447088e-03
      vertex   -3.058419e-01 1.319537e-01 4.447088e-03
      vertex   -3.052425e-01 9.895371e-02 3.000003e-03
    endloop
  endfacet
  facet normal -9.238797e-01 1.552696e-15 -3.826830e-01
    outer loop
      vertex   -3.058419e-01 9.895371e-02 4.447088e-03
      vertex   -3.052425e-01 9.895371e-02 3.000003e-03
      vertex   -3.052425e-01 6.595369e-02 3.000003e-03
    endloop
  endfacet
  facet normal -7.933537e-01 1.334544e-15 -6.087610e-01
    outer loop
      vertex   -3.052425e-01 6.595369e-02 3.000003e-03
      vertex   -3.052425e-01 9.895371e-02 3.000003e-03
      vertex   -3.042890e-01 6.595369e-02 1.757362e-03
    endloop
  endfacet
  facet normal -7.933537e-01 1.335565e-15 -6.087610e-01
    outer loop
      vertex   -3.052425e-01 6.595369e-02 3.000003e-03
      vertex   -3.042890e-01 6.595369e-02 1.757362e-03
      vertex   -3.042890e-01 3.295367e-02 1.757362e-03
    endloop
  endfacet
  facet normal -6.087619e-01 1.024032e-15 -7.933530e-01
    outer loop
      vertex   -3.042890e-01 3.295367e-02 1.757362e-03
      vertex   -3.042890e-01 6.595369e-02 1.757362e-03
      vertex   -3.030464e-01 3.295367e-02 8.038494e-04
    endloop
  endfacet
  facet normal -6.087619e-01 0.000000e+00 -7.933530e-01
    outer loop
      vertex   -3.042890e-01 3.295367e-02 1.757362e-03
      vertex   -3.030464e-01 3.295367e-02 8.038494e-04
      vertex   -3.030464e-01 -4.634808e-05 8.038494e-04
    endloop
  endfacet
  facet normal -3.826840e-01 0.000000e+00 -9.238793e-01
    outer loop
      vertex   -3.030464e-01 -4.634808e-05 8.038494e-04
      vertex   -3.030464e-01 3.295367e-02 8.038494e-04
      vertex   -3.015993e-01 -4.634808e-05 2.044461e-04
    endloop
  endfacet
  facet normal -3.826840e-01 1.286403e-15 -9.238793e-01
    outer loop
      vertex   -3.030464e-01 -4.634808e-05 8.038494e-04
      vertex   -3.015993e-01 -4.634808e-05 2.044461e-04
      vertex   -3.015993e-01 -3.304637e-02 2.044461e-04
    endloop
  endfacet
  facet normal -1.305269e-01 4.391330e-16 -9.914448e-01
    outer loop
      vertex   -3.015993e-01 -3.304637e-02 2.044461e-04
      vertex   -3.015993e-01 -4.634808e-05 2.044461e-04
      vertex   -3.000464e-01 -1.650464e-01 1.332268e-17
    endloop
  endfacet
  facet normal -9.914449e-01 1.658190e-15 -1.305258e-01
    outer loop
      vertex   -3.060463e-01 1.649537e-01 6.000002e-03
      vertex   -3.058419e-01 1.649537e-01 4.447088e-03
      vertex   -3.058419e-01 1.319537e-01 4.447088e-03
    endloop
  endfacet
  facet normal -9.238797e-01 1.523934e-15 -3.826830e-01
    outer loop
      vertex   -3.058419e-01 1.319537e-01 4.447088e-03
      vertex   -3.058419e-01 1.649537e-01 4.447088e-03
      vertex   -3.052425e-01 1.319537e-01 3.000003e-03
    endloop
  endfacet
  facet normal -9.238797e-01 1.552696e-15 -3.826830e-01
    outer loop
      vertex   -3.058419e-01 1.319537e-01 4.447088e-03
      vertex   -3.052425e-01 1.319537e-01 3.000003e-03
      vertex   -3.052425e-01 9.895371e-02 3.000003e-03
    endloop
  endfacet
  facet normal -7.933537e-01 1.334544e-15 -6.087610e-01
    outer loop
      vertex   -3.052425e-01 9.895371e-02 3.000003e-03
      vertex   -3.052425e-01 1.319537e-01 3.000003e-03
      vertex   -3.042890e-01 9.895371e-02 1.757362e-03
    endloop
  endfacet
  facet normal -7.933537e-01 1.335565e-15 -6.087610e-01
    outer loop
      vertex   -3.052425e-01 9.895371e-02 3.000003e-03
      vertex   -3.042890e-01 9.895371e-02 1.757362e-03
      vertex   -3.042890e-01 6.595369e-02 1.757362e-03
    endloop
  endfacet
  facet normal -6.087619e-01 1.024032e-15 -7.933530e-01
    outer loop
      vertex   -3.042890e-01 6.595369e-02 1.757362e-03
      vertex   -3.042890e-01 9.895371e-02 1.757362e-03
      vertex   -3.030464e-01 6.595369e-02 8.038494e-04
    endloop
  endfacet
  facet normal -6.087619e-01 1.024206e-15 -7.933530e-01
    outer loop
      vertex   -3.042890e-01 6.595369e-02 1.757362e-03
      vertex   -3.030464e-01 6.595369e-02 8.038494e-04
      vertex   -3.030464e-01 3.295367e-02 8.038494e-04
    endloop
  endfacet
  facet normal -3.826840e-01 6.437339e-16 -9.238793e-01
    outer loop
      vertex   -3.030464e-01 3.295367e-02 8.038494e-04
      vertex   -3.030464e-01 6.595369e-02 8.038494e-04
      vertex   -3.015993e-01 3.295367e-02 2.044461e-04
    endloop
  endfacet
  facet normal -3.826840e-01 0.000000e+00 -9.238793e-01
    outer loop
      vertex   -3.030464e-01 3.295367e-02 8.038494e-04
      vertex   -3.015993e-01 3.295367e-02 2.044461e-04
      vertex   -3.015993e-01 -4.634808e-05 2.044461e-04
    endloop
  endfacet
  facet normal -1.305269e-01 0.000000e+00 -9.914448e-01
    outer loop
      vertex   -3.015993e-01 -4.634808e-05 2.044461e-04
      vertex   -3.015993e-01 3.295367e-02 2.044461e-04
      vertex   -3.000464e-01 1.649537e-01 1.332268e-17
    endloop
  endfacet
  facet normal -1.305269e-01 1.976718e-16 -9.914448e-01
    outer loop
      vertex   -3.015993e-01 -4.634808e-05 2.044461e-04
      vertex   -3.000464e-01 1.649537e-01 1.332268e-17
      vertex   -3.000464e-01 -1.650464e-01 1.332268e-17
    endloop
  endfacet
  facet normal -9.238797e-01 1.554745e-15 -3.826830e-01
    outer loop
      vertex   -3.058419e-01 1.649537e-01 4.447088e-03
      vertex   -3.052425e-01 1.649537e-01 3.000003e-03
      vertex   -3.052425e-01 1.319537e-01 3.000003e-03
    endloop
  endfacet
  facet normal -7.933537e-01 1.334544e-15 -6.087610e-01
    outer loop
      vertex   -3.052425e-01 1.319537e-01 3.000003e-03
      vertex   -3.052425e-01 1.649537e-01 3.000003e-03
      vertex   -3.042890e-01 1.319537e-01 1.757362e-03
    endloop
  endfacet
  facet normal -7.933537e-01 1.335565e-15 -6.087610e-01
    outer loop
      vertex   -3.052425e-01 1.319537e-01 3.000003e-03
      vertex   -3.042890e-01 1.319537e-01 1.757362e-03
      vertex   -3.042890e-01 9.895371e-02 1.757362e-03
    endloop
  endfacet
  facet normal -6.087619e-01 1.024032e-15 -7.933530e-01
    outer loop
      vertex   -3.042890e-01 9.895371e-02 1.757362e-03
      vertex   -3.042890e-01 1.319537e-01 1.757362e-03
      vertex   -3.030464e-01 9.895371e-02 8.038494e-04
    endloop
  endfacet
  facet normal -6.087619e-01 1.024206e-15 -7.933530e-01
    outer loop
      vertex   -3.042890e-01 9.895371e-02 1.757362e-03
      vertex   -3.030464e-01 9.895371e-02 8.038494e-04
      vertex   -3.030464e-01 6.595369e-02 8.038494e-04
    endloop
  endfacet
  facet normal -3.826840e-01 6.437339e-16 -9.238793e-01
    outer loop
      vertex   -3.030464e-01 6.595369e-02 8.038494e-04
      vertex   -3.030464e-01 9.895371e-02 8.038494e-04
      vertex   -3.015993e-01 6.595369e-02 2.044461e-04
    endloop
  endfacet
  facet normal -3.826840e-01 6.432014e-16 -9.238793e-01
    outer loop
      vertex   -3.030464e-01 6.595369e-02 8.038494e-04
      vertex   -3.015993e-01 6.595369e-02 2.044461e-04
      vertex   -3.015993e-01 3.295367e-02 2.044461e-04
    endloop
  endfacet
  facet normal -1.305269e-01 2.195665e-16 -9.914448e-01
    outer loop
      vertex   -3.015993e-01 3.295367e-02 2.044461e-04
      vertex   -3.015993e-01 6.595369e-02 2.044461e-04
      vertex   -3.000464e-01 1.649537e-01 1.332268e-17
    endloop
  endfacet
  facet normal -7.933537e-01 1.261822e-15 -6.087610e-01
    outer loop
      vertex   -3.052425e-01 1.649537e-01 3.000003e-03
      vertex   -3.042890e-01 1.649537e-01 1.757362e-03
      vertex   -3.042890e-01 1.319537e-01 1.757362e-03
    endloop
  endfacet
  facet normal -6.087619e-01 9.301969e-16 -7.933530e-01
    outer loop
      vertex   -3.042890e-01 1.319537e-01 1.757362e-03
      vertex   -3.042890e-01 1.649537e-01 1.757362e-03
      vertex   -3.030464e-01 1.319537e-01 8.038494e-04
    endloop
  endfacet
  facet normal -6.087619e-01 1.024206e-15 -7.933530e-01
    outer loop
      vertex   -3.042890e-01 1.319537e-01 1.757362e-03
      vertex   -3.030464e-01 1.319537e-01 8.038494e-04
      vertex   -3.030464e-01 9.895371e-02 8.038494e-04
    endloop
  endfacet
  facet normal -3.826840e-01 6.437339e-16 -9.238793e-01
    outer loop
      vertex   -3.030464e-01 9.895371e-02 8.038494e-04
      vertex   -3.030464e-01 1.319537e-01 8.038494e-04
      vertex   -3.015993e-01 9.895371e-02 2.044461e-04
    endloop
  endfacet
  facet normal -3.826840e-01 6.432014e-16 -9.238793e-01
    outer loop
      vertex   -3.030464e-01 9.895371e-02 8.038494e-04
      vertex   -3.015993e-01 9.895371e-02 2.044461e-04
      vertex   -3.015993e-01 6.595369e-02 2.044461e-04
    endloop
  endfacet
  facet normal -1.305269e-01 2.195665e-16 -9.914448e-01
    outer loop
      vertex   -3.015993e-01 6.595369e-02 2.044461e-04
      vertex   -3.015993e-01 9.895371e-02 2.044461e-04
      vertex   -3.000464e-01 1.649537e-01 1.332268e-17
    endloop
  endfacet
  facet normal -6.087619e-01 8.890108e-16 -7.933530e-01
    outer loop
      vertex   -3.042890e-01 1.649537e-01 1.757362e-03
      vertex   -3.030464e-01 1.649537e-01 8.038494e-04
      vertex   -3.030464e-01 1.319537e-01 8.038494e-04
    endloop
  endfacet
  facet normal -3.826840e-01 4.889302e-16 -9.238793e-01
    outer loop
      vertex   -3.030464e-01 1.319537e-01 8.038494e-04
      vertex   -3.030464e-01 1.649537e-01 8.038494e-04
      vertex   -3.015993e-01 1.319537e-01 2.044461e-04
    endloop
  endfacet
  facet normal -3.826840e-01 6.432014e-16 -9.238793e-01
    outer loop
      vertex   -3.030464e-01 1.319537e-01 8.038494e-04
      vertex   -3.015993e-01 1.319537e-01 2.044461e-04
      vertex   -3.015993e-01 9.895371e-02 2.044461e-04
    endloop
  endfacet
  facet normal -1.305269e-01 2.195665e-16 -9.914448e-01
    outer loop
      vertex   -3.015993e-01 9.895371e-02 2.044461e-04
      vertex   -3.015993e-01 1.319537e-01 2.044461e-04
      vertex   -3.000464e-01 1.649537e-01 1.332268e-17
    endloop
  endfacet
  facet normal -3.826840e-01 -9.217854e-17 -9.238793e-01
    outer loop
      vertex   -3.030464e-01 1.649537e-01 8.038494e-04
      vertex   -3.015993e-01 1.649537e-01 2.044461e-04
      vertex   -3.015993e-01 1.319537e-01 2.044461e-04
    endloop
  endfacet
  facet normal -1.305269e-01 -1.001636e-16 -9.914448e-01
    outer loop
      vertex   -3.015993e-01 1.319537e-01 2.044461e-04
      vertex   -3.015993e-01 1.649537e-01 2.044461e-04
      vertex   -3.000464e-01 1.649537e-01 1.332268e-17
    endloop
  endfacet
  facet normal -3.826840e-01 6.437339e-16 -9.238793e-01
    outer loop
      vertex   -3.015993e-01 -9.904640e-02 2.044461e-04
      vertex   -3.015993e-01 -1.320464e-01 2.044461e-04
      vertex   -3.030464e-01 -9.904640e-02 8.038494e-04
    endloop
  endfacet
  facet normal -3.826840e-01 6.437339e-16 -9.238793e-01
    outer loop
      vertex   -3.030464e-01 -9.904640e-02 8.038494e-04
      vertex   -3.015993e-01 -1.320464e-01 2.044461e-04
      vertex   -3.030464e-01 -1.320464e-01 8.038494e-04
    endloop
  endfacet
  facet normal -6.087619e-01 1.024032e-15 -7.933530e-01
    outer loop
      vertex   -3.030464e-01 -9.904640e-02 8.038494e-04
      vertex   -3.030464e-01 -1.320464e-01 8.038494e-04
      vertex   -3.042890e-01 -9.904640e-02 1.757362e-03
    endloop
  endfacet
  facet normal -6.087619e-01 1.024032e-15 -7.933530e-01
    outer loop
      vertex   -3.042890e-01 -9.904640e-02 1.757362e-03
      vertex   -3.030464e-01 -1.320464e-01 8.038494e-04
      vertex   -3.042890e-01 -1.320464e-01 1.757362e-03
    endloop
  endfacet
  facet normal -7.933537e-01 1.334544e-15 -6.087610e-01
    outer loop
      vertex   -3.042890e-01 -9.904640e-02 1.757362e-03
      vertex   -3.042890e-01 -1.320464e-01 1.757362e-03
      vertex   -3.052425e-01 -9.904640e-02 3.000003e-03
    endloop
  endfacet
  facet normal -7.933537e-01 1.334544e-15 -6.087610e-01
    outer loop
      vertex   -3.052425e-01 -9.904640e-02 3.000003e-03
      vertex   -3.042890e-01 -1.320464e-01 1.757362e-03
      vertex   -3.052425e-01 -1.320464e-01 3.000003e-03
    endloop
  endfacet
  facet normal -9.238797e-01 1.554109e-15 -3.826830e-01
    outer loop
      vertex   -3.052425e-01 -9.904640e-02 3.000003e-03
      vertex   -3.052425e-01 -1.320464e-01 3.000003e-03
      vertex   -3.058419e-01 -9.904640e-02 4.447088e-03
    endloop
  endfacet
  facet normal -3.826840e-01 6.432014e-16 -9.238793e-01
    outer loop
      vertex   -3.015993e-01 -9.904640e-02 2.044461e-04
      vertex   -3.030464e-01 -9.904640e-02 8.038494e-04
      vertex   -3.030464e-01 -6.604639e-02 8.038494e-04
    endloop
  endfacet
  facet normal -6.087619e-01 1.024032e-15 -7.933530e-01
    outer loop
      vertex   -3.030464e-01 -6.604639e-02 8.038494e-04
      vertex   -3.030464e-01 -9.904640e-02 8.038494e-04
      vertex   -3.042890e-01 -6.604639e-02 1.757362e-03
    endloop
  endfacet
  facet normal -6.087619e-01 1.024206e-15 -7.933530e-01
    outer loop
      vertex   -3.030464e-01 -6.604639e-02 8.038494e-04
      vertex   -3.042890e-01 -6.604639e-02 1.757362e-03
      vertex   -3.042890e-01 -3.304637e-02 1.757362e-03
    endloop
  endfacet
  facet normal -7.933537e-01 1.334544e-15 -6.087610e-01
    outer loop
      vertex   -3.042890e-01 -3.304637e-02 1.757362e-03
      vertex   -3.042890e-01 -6.604639e-02 1.757362e-03
      vertex   -3.052425e-01 -3.304637e-02 3.000003e-03
    endloop
  endfacet
  facet normal -7.933537e-01 1.335565e-15 -6.087610e-01
    outer loop
      vertex   -3.042890e-01 -3.304637e-02 1.757362e-03
      vertex   -3.052425e-01 -3.304637e-02 3.000003e-03
      vertex   -3.052425e-01 -4.634808e-05 3.000003e-03
    endloop
  endfacet
  facet normal -9.238797e-01 1.554109e-15 -3.826830e-01
    outer loop
      vertex   -3.052425e-01 -4.634808e-05 3.000003e-03
      vertex   -3.052425e-01 -3.304637e-02 3.000003e-03
      vertex   -3.058419e-01 -4.634808e-05 4.447088e-03
    endloop
  endfacet
  facet normal -9.238797e-01 1.552696e-15 -3.826830e-01
    outer loop
      vertex   -3.052425e-01 -4.634808e-05 3.000003e-03
      vertex   -3.058419e-01 -4.634808e-05 4.447088e-03
      vertex   -3.058419e-01 3.295367e-02 4.447088e-03
    endloop
  endfacet
  facet normal -9.914449e-01 1.667764e-15 -1.305258e-01
    outer loop
      vertex   -3.058419e-01 3.295367e-02 4.447088e-03
      vertex   -3.058419e-01 -4.634808e-05 4.447088e-03
      vertex   -3.060463e-01 3.295367e-02 6.000002e-03
    endloop
  endfacet
  facet normal -9.914449e-01 1.667407e-15 -1.305258e-01
    outer loop
      vertex   -3.058419e-01 3.295367e-02 4.447088e-03
      vertex   -3.060463e-01 3.295367e-02 6.000002e-03
      vertex   -3.060463e-01 6.595369e-02 6.000002e-03
    endloop
  endfacet
  facet normal -9.914448e-01 1.667764e-15 1.305265e-01
    outer loop
      vertex   -3.060463e-01 6.595369e-02 6.000002e-03
      vertex   -3.060463e-01 3.295367e-02 6.000002e-03
      vertex   -3.058419e-01 6.595369e-02 7.552916e-03
    endloop
  endfacet
  facet normal -9.914448e-01 0.000000e+00 1.305265e-01
    outer loop
      vertex   -3.060463e-01 6.595369e-02 6.000002e-03
      vertex   -3.058419e-01 6.595369e-02 7.552916e-03
      vertex   -3.058419e-01 9.895371e-02 7.552916e-03
    endloop
  endfacet
  facet normal -9.238794e-01 0.000000e+00 3.826837e-01
    outer loop
      vertex   -3.058419e-01 9.895371e-02 7.552916e-03
      vertex   -3.058419e-01 6.595369e-02 7.552916e-03
      vertex   -3.052425e-01 9.895371e-02 9.000001e-03
    endloop
  endfacet
  facet normal -9.238794e-01 1.552696e-15 3.826837e-01
    outer loop
      vertex   -3.058419e-01 9.895371e-02 7.552916e-03
      vertex   -3.052425e-01 9.895371e-02 9.000001e-03
      vertex   -3.052425e-01 1.319537e-01 9.000001e-03
    endloop
  endfacet
  facet normal -7.933532e-01 1.334543e-15 6.087616e-01
    outer loop
      vertex   -3.052425e-01 1.319537e-01 9.000001e-03
      vertex   -3.052425e-01 9.895371e-02 9.000001e-03
      vertex   -3.042890e-01 1.319537e-01 1.024264e-02
    endloop
  endfacet
  facet normal -6.087619e-01 1.024032e-15 -7.933530e-01
    outer loop
      vertex   -3.042890e-01 -6.604639e-02 1.757362e-03
      vertex   -3.030464e-01 -9.904640e-02 8.038494e-04
      vertex   -3.042890e-01 -9.904640e-02 1.757362e-03
    endloop
  endfacet
  facet normal -7.933537e-01 1.334544e-15 -6.087610e-01
    outer loop
      vertex   -3.042890e-01 -6.604639e-02 1.757362e-03
      vertex   -3.042890e-01 -9.904640e-02 1.757362e-03
      vertex   -3.052425e-01 -6.604639e-02 3.000003e-03
    endloop
  endfacet
  facet normal -7.933537e-01 1.334544e-15 -6.087610e-01
    outer loop
      vertex   -3.052425e-01 -6.604639e-02 3.000003e-03
      vertex   -3.042890e-01 -9.904640e-02 1.757362e-03
      vertex   -3.052425e-01 -9.904640e-02 3.000003e-03
    endloop
  endfacet
  facet normal -9.238797e-01 1.554109e-15 -3.826830e-01
    outer loop
      vertex   -3.052425e-01 -6.604639e-02 3.000003e-03
      vertex   -3.052425e-01 -9.904640e-02 3.000003e-03
      vertex   -3.058419e-01 -6.604639e-02 4.447088e-03
    endloop
  endfacet
  facet normal -9.238797e-01 1.554109e-15 -3.826830e-01
    outer loop
      vertex   -3.058419e-01 -6.604639e-02 4.447088e-03
      vertex   -3.052425e-01 -9.904640e-02 3.000003e-03
      vertex   -3.058419e-01 -9.904640e-02 4.447088e-03
    endloop
  endfacet
  facet normal -9.914449e-01 1.667764e-15 -1.305258e-01
    outer loop
      vertex   -3.058419e-01 -6.604639e-02 4.447088e-03
      vertex   -3.058419e-01 -9.904640e-02 4.447088e-03
      vertex   -3.060463e-01 -6.604639e-02 6.000002e-03
    endloop
  endfacet
  facet normal -7.933537e-01 1.335565e-15 -6.087610e-01
    outer loop
      vertex   -3.042890e-01 -6.604639e-02 1.757362e-03
      vertex   -3.052425e-01 -6.604639e-02 3.000003e-03
      vertex   -3.052425e-01 -3.304637e-02 3.000003e-03
    endloop
  endfacet
  facet normal -9.238797e-01 1.554109e-15 -3.826830e-01
    outer loop
      vertex   -3.052425e-01 -3.304637e-02 3.000003e-03
      vertex   -3.052425e-01 -6.604639e-02 3.000003e-03
      vertex   -3.058419e-01 -3.304637e-02 4.447088e-03
    endloop
  endfacet
  facet normal -9.238797e-01 1.552696e-15 -3.826830e-01
    outer loop
      vertex   -3.052425e-01 -3.304637e-02 3.000003e-03
      vertex   -3.058419e-01 -3.304637e-02 4.447088e-03
      vertex   -3.058419e-01 -4.634808e-05 4.447088e-03
    endloop
  endfacet
  facet normal -9.914449e-01 1.667764e-15 -1.305258e-01
    outer loop
      vertex   -3.058419e-01 -4.634808e-05 4.447088e-03
      vertex   -3.058419e-01 -3.304637e-02 4.447088e-03
      vertex   -3.060463e-01 -4.634808e-05 6.000002e-03
    endloop
  endfacet
  facet normal -9.914449e-01 0.000000e+00 -1.305258e-01
    outer loop
      vertex   -3.058419e-01 -4.634808e-05 4.447088e-03
      vertex   -3.060463e-01 -4.634808e-05 6.000002e-03
      vertex   -3.060463e-01 3.295367e-02 6.000002e-03
    endloop
  endfacet
  facet normal -9.914448e-01 0.000000e+00 1.305265e-01
    outer loop
      vertex   -3.060463e-01 3.295367e-02 6.000002e-03
      vertex   -3.060463e-01 -4.634808e-05 6.000002e-03
      vertex   -3.058419e-01 3.295367e-02 7.552916e-03
    endloop
  endfacet
  facet normal -9.914448e-01 1.667407e-15 1.305265e-01
    outer loop
      vertex   -3.060463e-01 3.295367e-02 6.000002e-03
      vertex   -3.058419e-01 3.295367e-02 7.552916e-03
      vertex   -3.058419e-01 6.595369e-02 7.552916e-03
    endloop
  endfacet
  facet normal -9.238794e-01 1.554109e-15 3.826837e-01
    outer loop
      vertex   -3.058419e-01 6.595369e-02 7.552916e-03
      vertex   -3.058419e-01 3.295367e-02 7.552916e-03
      vertex   -3.052425e-01 6.595369e-02 9.000001e-03
    endloop
  endfacet
  facet normal -9.238794e-01 1.554745e-15 3.826837e-01
    outer loop
      vertex   -3.058419e-01 6.595369e-02 7.552916e-03
      vertex   -3.052425e-01 6.595369e-02 9.000001e-03
      vertex   -3.052425e-01 9.895371e-02 9.000001e-03
    endloop
  endfacet
  facet normal -7.933532e-01 1.334543e-15 6.087616e-01
    outer loop
      vertex   -3.052425e-01 9.895371e-02 9.000001e-03
      vertex   -3.052425e-01 6.595369e-02 9.000001e-03
      vertex   -3.042890e-01 9.895371e-02 1.024264e-02
    endloop
  endfacet
  facet normal -7.933532e-01 1.335565e-15 6.087616e-01
    outer loop
      vertex   -3.052425e-01 9.895371e-02 9.000001e-03
      vertex   -3.042890e-01 9.895371e-02 1.024264e-02
      vertex   -3.042890e-01 1.319537e-01 1.024264e-02
    endloop
  endfacet
  facet normal -6.087613e-01 1.024031e-15 7.933534e-01
    outer loop
      vertex   -3.042890e-01 1.319537e-01 1.024264e-02
      vertex   -3.042890e-01 9.895371e-02 1.024264e-02
      vertex   -3.030463e-01 1.319537e-01 1.119615e-02
    endloop
  endfacet
  facet normal -9.238797e-01 1.554109e-15 -3.826830e-01
    outer loop
      vertex   -3.058419e-01 -3.304637e-02 4.447088e-03
      vertex   -3.052425e-01 -6.604639e-02 3.000003e-03
      vertex   -3.058419e-01 -6.604639e-02 4.447088e-03
    endloop
  endfacet
  facet normal -9.914449e-01 1.667764e-15 -1.305258e-01
    outer loop
      vertex   -3.058419e-01 -3.304637e-02 4.447088e-03
      vertex   -3.058419e-01 -6.604639e-02 4.447088e-03
      vertex   -3.060463e-01 -3.304637e-02 6.000002e-03
    endloop
  endfacet
  facet normal -9.914449e-01 1.667764e-15 -1.305258e-01
    outer loop
      vertex   -3.060463e-01 -3.304637e-02 6.000002e-03
      vertex   -3.058419e-01 -6.604639e-02 4.447088e-03
      vertex   -3.060463e-01 -6.604639e-02 6.000002e-03
    endloop
  endfacet
  facet normal -9.914448e-01 1.667764e-15 1.305265e-01
    outer loop
      vertex   -3.060463e-01 -3.304637e-02 6.000002e-03
      vertex   -3.060463e-01 -6.604639e-02 6.000002e-03
      vertex   -3.058419e-01 -3.304637e-02 7.552916e-03
    endloop
  endfacet
  facet normal -9.914449e-01 1.668432e-15 -1.305258e-01
    outer loop
      vertex   -3.058419e-01 -3.304637e-02 4.447088e-03
      vertex   -3.060463e-01 -3.304637e-02 6.000002e-03
      vertex   -3.060463e-01 -4.634808e-05 6.000002e-03
    endloop
  endfacet
  facet normal -9.914448e-01 1.667764e-15 1.305265e-01
    outer loop
      vertex   -3.060463e-01 -4.634808e-05 6.000002e-03
      vertex   -3.060463e-01 -3.304637e-02 6.000002e-03
      vertex   -3.058419e-01 -4.634808e-05 7.552916e-03
    endloop
  endfacet
  facet normal -9.914448e-01 1.668432e-15 1.305265e-01
    outer loop
      vertex   -3.060463e-01 -4.634808e-05 6.000002e-03
      vertex   -3.058419e-01 -4.634808e-05 7.552916e-03
      vertex   -3.058419e-01 3.295367e-02 7.552916e-03
    endloop
  endfacet
  facet normal -9.238794e-01 1.554109e-15 3.826837e-01
    outer loop
      vertex   -3.058419e-01 3.295367e-02 7.552916e-03
      vertex   -3.058419e-01 -4.634808e-05 7.552916e-03
      vertex   -3.052425e-01 3.295367e-02 9.000001e-03
    endloop
  endfacet
  facet normal -9.238794e-01 1.554745e-15 3.826837e-01
    outer loop
      vertex   -3.058419e-01 3.295367e-02 7.552916e-03
      vertex   -3.052425e-01 3.295367e-02 9.000001e-03
      vertex   -3.052425e-01 6.595369e-02 9.000001e-03
    endloop
  endfacet
  facet normal -7.933532e-01 1.334543e-15 6.087616e-01
    outer loop
      vertex   -3.052425e-01 6.595369e-02 9.000001e-03
      vertex   -3.052425e-01 3.295367e-02 9.000001e-03
      vertex   -3.042890e-01 6.595369e-02 1.024264e-02
    endloop
  endfacet
  facet normal -7.933532e-01 1.335565e-15 6.087616e-01
    outer loop
      vertex   -3.052425e-01 6.595369e-02 9.000001e-03
      vertex   -3.042890e-01 6.595369e-02 1.024264e-02
      vertex   -3.042890e-01 9.895371e-02 1.024264e-02
    endloop
  endfacet
  facet normal -6.087613e-01 1.024031e-15 7.933534e-01
    outer loop
      vertex   -3.042890e-01 9.895371e-02 1.024264e-02
      vertex   -3.042890e-01 6.595369e-02 1.024264e-02
      vertex   -3.030463e-01 9.895371e-02 1.119615e-02
    endloop
  endfacet
  facet normal -6.087613e-01 1.024206e-15 7.933534e-01
    outer loop
      vertex   -3.042890e-01 9.895371e-02 1.024264e-02
      vertex   -3.030463e-01 9.895371e-02 1.119615e-02
      vertex   -3.030463e-01 1.319537e-01 1.119615e-02
    endloop
  endfacet
  facet normal -3.826833e-01 6.437328e-16 9.238796e-01
    outer loop
      vertex   -3.030463e-01 1.319537e-01 1.119615e-02
      vertex   -3.030463e-01 9.895371e-02 1.119615e-02
      vertex   -3.015993e-01 1.319537e-01 1.179556e-02
    endloop
  endfacet
  facet normal -9.914448e-01 1.667764e-15 1.305265e-01
    outer loop
      vertex   -3.058419e-01 -4.634808e-05 7.552916e-03
      vertex   -3.060463e-01 -3.304637e-02 6.000002e-03
      vertex   -3.058419e-01 -3.304637e-02 7.552916e-03
    endloop
  endfacet
  facet normal -9.238794e-01 0.000000e+00 3.826837e-01
    outer loop
      vertex   -3.052425e-01 3.295367e-02 9.000001e-03
      vertex   -3.058419e-01 -4.634808e-05 7.552916e-03
      vertex   -3.052425e-01 -4.634808e-05 9.000001e-03
    endloop
  endfacet
  facet normal -9.238794e-01 1.552696e-15 3.826837e-01
    outer loop
      vertex   -3.052425e-01 -4.634808e-05 9.000001e-03
      vertex   -3.058419e-01 -4.634808e-05 7.552916e-03
      vertex   -3.058419e-01 -3.304637e-02 7.552916e-03
    endloop
  endfacet
  facet normal -7.933532e-01 1.334543e-15 6.087616e-01
    outer loop
      vertex   -3.042890e-01 6.595369e-02 1.024264e-02
      vertex   -3.052425e-01 3.295367e-02 9.000001e-03
      vertex   -3.042890e-01 3.295367e-02 1.024264e-02
    endloop
  endfacet
  facet normal -7.933532e-01 0.000000e+00 6.087616e-01
    outer loop
      vertex   -3.042890e-01 3.295367e-02 1.024264e-02
      vertex   -3.052425e-01 3.295367e-02 9.000001e-03
      vertex   -3.052425e-01 -4.634808e-05 9.000001e-03
    endloop
  endfacet
  facet normal -6.087613e-01 1.024031e-15 7.933534e-01
    outer loop
      vertex   -3.030463e-01 9.895371e-02 1.119615e-02
      vertex   -3.042890e-01 6.595369e-02 1.024264e-02
      vertex   -3.030463e-01 6.595369e-02 1.119615e-02
    endloop
  endfacet
  facet normal -6.087613e-01 1.024206e-15 7.933534e-01
    outer loop
      vertex   -3.030463e-01 6.595369e-02 1.119615e-02
      vertex   -3.042890e-01 6.595369e-02 1.024264e-02
      vertex   -3.042890e-01 3.295367e-02 1.024264e-02
    endloop
  endfacet
  facet normal -3.826833e-01 6.437328e-16 9.238796e-01
    outer loop
      vertex   -3.015993e-01 1.319537e-01 1.179556e-02
      vertex   -3.030463e-01 9.895371e-02 1.119615e-02
      vertex   -3.015993e-01 9.895371e-02 1.179556e-02
    endloop
  endfacet
  facet normal -3.826833e-01 6.452498e-16 9.238796e-01
    outer loop
      vertex   -3.015993e-01 9.895371e-02 1.179556e-02
      vertex   -3.030463e-01 9.895371e-02 1.119615e-02
      vertex   -3.030463e-01 6.595369e-02 1.119615e-02
    endloop
  endfacet
  facet normal 1.000000e+00 -1.345724e-15 -3.725290e-07
    outer loop
      vertex   -3.000463e-01 -1.650464e-01 1.200000e-02
      vertex   -3.000464e-01 -1.650464e-01 1.332268e-17
      vertex   -3.000463e-01 1.649537e-01 1.200000e-02
    endloop
  endfacet
  facet normal 1.000000e+00 -1.513940e-15 -3.725290e-07
    outer loop
      vertex   -3.000463e-01 1.649537e-01 1.200000e-02
      vertex   -3.000464e-01 -1.650464e-01 1.332268e-17
      vertex   -3.000464e-01 1.649537e-01 1.332268e-17
    endloop
  endfacet
  facet normal -6.412244e-03 -1.305242e-01 -9.914244e-01
    outer loop
      vertex   -2.000232e-01 -2.650696e-01 1.332268e-17
      vertex   -2.000232e-01 -2.666225e-01 2.044461e-04
      vertex   -2.098272e-01 -2.645880e-01 1.332268e-17
    endloop
  endfacet
  facet normal -6.412244e-03 -1.305242e-01 -9.914244e-01
    outer loop
      vertex   -2.098272e-01 -2.645880e-01 1.332268e-17
      vertex   -2.000232e-01 -2.666225e-01 2.044461e-04
      vertex   -2.099794e-01 -2.661334e-01 2.044461e-04
    endloop
  endfacet
  facet normal -1.917498e-02 -1.292672e-01 -9.914244e-01
    outer loop
      vertex   -2.098272e-01 -2.645880e-01 1.332268e-17
      vertex   -2.099794e-01 -2.661334e-01 2.044461e-04
      vertex   -2.195367e-01 -2.631477e-01 1.332268e-17
    endloop
  endfacet
  facet normal -1.917498e-02 -1.292672e-01 -9.914244e-01
    outer loop
      vertex   -2.195367e-01 -2.631477e-01 1.332268e-17
      vertex   -2.099794e-01 -2.661334e-01 2.044461e-04
      vertex   -2.198397e-01 -2.646708e-01 2.044461e-04
    endloop
  endfacet
  facet normal -3.175305e-02 -1.267653e-01 -9.914244e-01
    outer loop
      vertex   -2.195367e-01 -2.631477e-01 1.332268e-17
      vertex   -2.198397e-01 -2.646708e-01 2.044461e-04
      vertex   -2.290584e-01 -2.607627e-01 1.332268e-17
    endloop
  endfacet
  facet normal -3.175305e-02 -1.267653e-01 -9.914244e-01
    outer loop
      vertex   -2.290584e-01 -2.607627e-01 1.332268e-17
      vertex   -2.198397e-01 -2.646708e-01 2.044461e-04
      vertex   -2.295092e-01 -2.622487e-01 2.044461e-04
    endloop
  endfacet
  facet normal -4.402531e-02 -1.230425e-01 -9.914244e-01
    outer loop
      vertex   -2.290584e-01 -2.607627e-01 1.332268e-17
      vertex   -2.295092e-01 -2.622487e-01 2.044461e-04
      vertex   -2.383004e-01 -2.574558e-01 1.332268e-17
    endloop
  endfacet
  facet normal -4.402531e-02 -1.230425e-01 -9.914244e-01
    outer loop
      vertex   -2.383004e-01 -2.574558e-01 1.332268e-17
      vertex   -2.295092e-01 -2.622487e-01 2.044461e-04
      vertex   -2.388947e-01 -2.588905e-01 2.044461e-04
    endloop
  endfacet
  facet normal -5.587360e-02 -1.181348e-01 -9.914244e-01
    outer loop
      vertex   -2.383004e-01 -2.574558e-01 1.332268e-17
      vertex   -2.388947e-01 -2.588905e-01 2.044461e-04
      vertex   -2.471738e-01 -2.532590e-01 1.332268e-17
    endloop
  endfacet
  facet normal -5.587360e-02 -1.181348e-01 -9.914244e-01
    outer loop
      vertex   -2.471738e-01 -2.532590e-01 1.332268e-17
      vertex   -2.388947e-01 -2.588905e-01 2.044461e-04
      vertex   -2.479058e-01 -2.546286e-01 2.044461e-04
    endloop
  endfacet
  facet normal -6.718378e-02 -1.120894e-01 -9.914244e-01
    outer loop
      vertex   -2.471738e-01 -2.532590e-01 1.332268e-17
      vertex   -2.479058e-01 -2.546286e-01 2.044461e-04
      vertex   -2.555931e-01 -2.482127e-01 1.332268e-17
    endloop
  endfacet
  facet normal -6.718378e-02 -1.120894e-01 -9.914244e-01
    outer loop
      vertex   -2.555931e-01 -2.482127e-01 1.332268e-17
      vertex   -2.479058e-01 -2.546286e-01 2.044461e-04
      vertex   -2.564558e-01 -2.495039e-01 2.044461e-04
    endloop
  endfacet
  facet normal -7.784696e-02 -1.049645e-01 -9.914244e-01
    outer loop
      vertex   -2.555931e-01 -2.482127e-01 1.332268e-17
      vertex   -2.564558e-01 -2.495039e-01 2.044461e-04
      vertex   -2.634772e-01 -2.423654e-01 1.332268e-17
    endloop
  endfacet
  facet normal -7.784696e-02 -1.049645e-01 -9.914244e-01
    outer loop
      vertex   -2.634772e-01 -2.423654e-01 1.332268e-17
      vertex   -2.564558e-01 -2.495039e-01 2.044461e-04
      vertex   -2.644624e-01 -2.435658e-01 2.044461e-04
    endloop
  endfacet
  facet normal -8.776042e-02 -9.682870e-02 -9.914244e-01
    outer loop
      vertex   -2.634772e-01 -2.423654e-01 1.332268e-17
      vertex   -2.644624e-01 -2.435658e-01 2.044461e-04
      vertex   -2.707502e-01 -2.357735e-01 1.332268e-17
    endloop
  endfacet
  facet normal -8.776042e-02 -9.682870e-02 -9.914244e-01
    outer loop
      vertex   -2.707502e-01 -2.357735e-01 1.332268e-17
      vertex   -2.644624e-01 -2.435658e-01 2.044461e-04
      vertex   -2.718483e-01 -2.368716e-01 2.044461e-04
    endloop
  endfacet
  facet normal -9.682870e-02 -8.776042e-02 -9.914244e-01
    outer loop
      vertex   -2.707502e-01 -2.357735e-01 1.332268e-17
      vertex   -2.718483e-01 -2.368716e-01 2.044461e-04
      vertex   -2.773421e-01 -2.285005e-01 1.332268e-17
    endloop
  endfacet
  facet normal -9.682870e-02 -8.776042e-02 -9.914244e-01
    outer loop
      vertex   -2.773421e-01 -2.285005e-01 1.332268e-17
      vertex   -2.718483e-01 -2.368716e-01 2.044461e-04
      vertex   -2.785426e-01 -2.294856e-01 2.044461e-04
    endloop
  endfacet
  facet normal -1.049645e-01 -7.784696e-02 -9.914244e-01
    outer loop
      vertex   -2.773421e-01 -2.285005e-01 1.332268e-17
      vertex   -2.785426e-01 -2.294856e-01 2.044461e-04
      vertex   -2.831894e-01 -2.206163e-01 1.332268e-17
    endloop
  endfacet
  facet normal -1.049645e-01 -7.784696e-02 -9.914244e-01
    outer loop
      vertex   -2.831894e-01 -2.206163e-01 1.332268e-17
      vertex   -2.785426e-01 -2.294856e-01 2.044461e-04
      vertex   -2.844806e-01 -2.214791e-01 2.044461e-04
    endloop
  endfacet
  facet normal -1.120894e-01 -6.718378e-02 -9.914244e-01
    outer loop
      vertex   -2.831894e-01 -2.206163e-01 1.332268e-17
      vertex   -2.844806e-01 -2.214791e-01 2.044461e-04
      vertex   -2.882357e-01 -2.121970e-01 1.332268e-17
    endloop
  endfacet
  facet normal -1.120894e-01 -6.718378e-02 -9.914244e-01
    outer loop
      vertex   -2.882357e-01 -2.121970e-01 1.332268e-17
      vertex   -2.844806e-01 -2.214791e-01 2.044461e-04
      vertex   -2.896053e-01 -2.129291e-01 2.044461e-04
    endloop
  endfacet
  facet normal -1.181348e-01 -5.587360e-02 -9.914244e-01
    outer loop
      vertex   -2.882357e-01 -2.121970e-01 1.332268e-17
      vertex   -2.896053e-01 -2.129291e-01 2.044461e-04
      vertex   -2.924325e-01 -2.033237e-01 1.332268e-17
    endloop
  endfacet
  facet normal -1.181348e-01 -5.587360e-02 -9.914244e-01
    outer loop
      vertex   -2.924325e-01 -2.033237e-01 1.332268e-17
      vertex   -2.896053e-01 -2.129291e-01 2.044461e-04
      vertex   -2.938672e-01 -2.039179e-01 2.044461e-04
    endloop
  endfacet
  facet normal -1.230425e-01 -4.402531e-02 -9.914244e-01
    outer loop
      vertex   -2.924325e-01 -2.033237e-01 1.332268e-17
      vertex   -2.938672e-01 -2.039179e-01 2.044461e-04
      vertex   -2.957394e-01 -1.940816e-01 1.332268e-17
    endloop
  endfacet
  facet normal -1.230425e-01 -4.402531e-02 -9.914244e-01
    outer loop
      vertex   -2.957394e-01 -1.940816e-01 1.332268e-17
      vertex   -2.938672e-01 -2.039179e-01 2.044461e-04
      vertex   -2.972254e-01 -1.945324e-01 2.044461e-04
    endloop
  endfacet
  facet normal -1.267653e-01 -3.175305e-02 -9.914244e-01
    outer loop
      vertex   -2.957394e-01 -1.940816e-01 1.332268e-17
      vertex   -2.972254e-01 -1.945324e-01 2.044461e-04
      vertex   -2.981244e-01 -1.845600e-01 1.332268e-17
    endloop
  endfacet
  facet normal -1.267653e-01 -3.175305e-02 -9.914244e-01
    outer loop
      vertex   -2.981244e-01 -1.845600e-01 1.332268e-17
      vertex   -2.972254e-01 -1.945324e-01 2.044461e-04
      vertex   -2.996475e-01 -1.848630e-01 2.044461e-04
    endloop
  endfacet
  facet normal -1.292672e-01 -1.917498e-02 -9.914244e-01
    outer loop
      vertex   -2.981244e-01 -1.845600e-01 1.332268e-17
      vertex   -2.996475e-01 -1.848630e-01 2.044461e-04
      vertex   -2.995647e-01 -1.748504e-01 1.332268e-17
    endloop
  endfacet
  facet normal -1.292672e-01 -1.917498e-02 -9.914244e-01
    outer loop
      vertex   -2.995647e-01 -1.748504e-01 1.332268e-17
      vertex   -2.996475e-01 -1.848630e-01 2.044461e-04
      vertex   -3.011101e-01 -1.750026e-01 2.044461e-04
    endloop
  endfacet
  facet normal -1.305242e-01 -6.412244e-03 -9.914244e-01
    outer loop
      vertex   -2.995647e-01 -1.748504e-01 1.332268e-17
      vertex   -3.011101e-01 -1.750026e-01 2.044461e-04
      vertex   -3.000464e-01 -1.650464e-01 1.332268e-17
    endloop
  endfacet
  facet normal -1.305242e-01 -6.412244e-03 -9.914244e-01
    outer loop
      vertex   -3.000464e-01 -1.650464e-01 1.332268e-17
      vertex   -3.011101e-01 -1.750026e-01 2.044461e-04
      vertex   -3.015993e-01 -1.650464e-01 2.044461e-04
    endloop
  endfacet
  facet normal -3.826164e-01 -1.879674e-02 -9.237161e-01
    outer loop
      vertex   -3.015993e-01 -1.650464e-01 2.044461e-04
      vertex   -3.011101e-01 -1.750026e-01 2.044461e-04
      vertex   -3.025503e-01 -1.751445e-01 8.038494e-04
    endloop
  endfacet
  facet normal -3.826164e-01 -1.879674e-02 -9.237161e-01
    outer loop
      vertex   -3.015993e-01 -1.650464e-01 2.044461e-04
      vertex   -3.025503e-01 -1.751445e-01 8.038494e-04
      vertex   -3.030464e-01 -1.650464e-01 8.038494e-04
    endloop
  endfacet
  facet normal -6.084898e-01 -2.989319e-02 -7.929984e-01
    outer loop
      vertex   -3.030464e-01 -1.650464e-01 8.038494e-04
      vertex   -3.025503e-01 -1.751445e-01 8.038494e-04
      vertex   -3.037869e-01 -1.752663e-01 1.757362e-03
    endloop
  endfacet
  facet normal -6.084898e-01 -2.989319e-02 -7.929984e-01
    outer loop
      vertex   -3.030464e-01 -1.650464e-01 8.038494e-04
      vertex   -3.037869e-01 -1.752663e-01 1.757362e-03
      vertex   -3.042890e-01 -1.650464e-01 1.757362e-03
    endloop
  endfacet
  facet normal -7.927518e-01 -3.894540e-02 -6.082992e-01
    outer loop
      vertex   -3.042890e-01 -1.650464e-01 1.757362e-03
      vertex   -3.037869e-01 -1.752663e-01 1.757362e-03
      vertex   -3.047358e-01 -1.753597e-01 3.000003e-03
    endloop
  endfacet
  facet normal -7.927518e-01 -3.894540e-02 -6.082992e-01
    outer loop
      vertex   -3.042890e-01 -1.650464e-01 1.757362e-03
      vertex   -3.047358e-01 -1.753597e-01 3.000003e-03
      vertex   -3.052425e-01 -1.650464e-01 3.000003e-03
    endloop
  endfacet
  facet normal -9.229296e-01 -4.534062e-02 -3.822894e-01
    outer loop
      vertex   -3.052425e-01 -1.650464e-01 3.000003e-03
      vertex   -3.047358e-01 -1.753597e-01 3.000003e-03
      vertex   -3.053324e-01 -1.754185e-01 4.447088e-03
    endloop
  endfacet
  facet normal -9.229296e-01 -4.534062e-02 -3.822894e-01
    outer loop
      vertex   -3.052425e-01 -1.650464e-01 3.000003e-03
      vertex   -3.053324e-01 -1.754185e-01 4.447088e-03
      vertex   -3.058419e-01 -1.650464e-01 4.447088e-03
    endloop
  endfacet
  facet normal -9.902710e-01 -4.864889e-02 -1.303712e-01
    outer loop
      vertex   -3.058419e-01 -1.650464e-01 4.447088e-03
      vertex   -3.053324e-01 -1.754185e-01 4.447088e-03
      vertex   -3.055358e-01 -1.754385e-01 6.000002e-03
    endloop
  endfacet
  facet normal -9.902710e-01 -4.864889e-02 -1.303712e-01
    outer loop
      vertex   -3.058419e-01 -1.650464e-01 4.447088e-03
      vertex   -3.055358e-01 -1.754385e-01 6.000002e-03
      vertex   -3.060463e-01 -1.650464e-01 6.000002e-03
    endloop
  endfacet
  facet normal -9.902709e-01 -4.864889e-02 1.303720e-01
    outer loop
      vertex   -3.060463e-01 -1.650464e-01 6.000002e-03
      vertex   -3.055358e-01 -1.754385e-01 6.000002e-03
      vertex   -3.053324e-01 -1.754185e-01 7.552916e-03
    endloop
  endfacet
  facet normal -9.902709e-01 -4.864889e-02 1.303720e-01
    outer loop
      vertex   -3.060463e-01 -1.650464e-01 6.000002e-03
      vertex   -3.053324e-01 -1.754185e-01 7.552916e-03
      vertex   -3.058419e-01 -1.650464e-01 7.552916e-03
    endloop
  endfacet
  facet normal -9.229293e-01 -4.534061e-02 3.822901e-01
    outer loop
      vertex   -3.058419e-01 -1.650464e-01 7.552916e-03
      vertex   -3.053324e-01 -1.754185e-01 7.552916e-03
      vertex   -3.047358e-01 -1.753597e-01 9.000001e-03
    endloop
  endfacet
  facet normal -9.229293e-01 -4.534061e-02 3.822901e-01
    outer loop
      vertex   -3.058419e-01 -1.650464e-01 7.552916e-03
      vertex   -3.047358e-01 -1.753597e-01 9.000001e-03
      vertex   -3.052425e-01 -1.650464e-01 9.000001e-03
    endloop
  endfacet
  facet normal -7.927513e-01 -3.894538e-02 6.082998e-01
    outer loop
      vertex   -3.052425e-01 -1.650464e-01 9.000001e-03
      vertex   -3.047358e-01 -1.753597e-01 9.000001e-03
      vertex   -3.037869e-01 -1.752663e-01 1.024264e-02
    endloop
  endfacet
  facet normal -7.927513e-01 -3.894538e-02 6.082998e-01
    outer loop
      vertex   -3.052425e-01 -1.650464e-01 9.000001e-03
      vertex   -3.037869e-01 -1.752663e-01 1.024264e-02
      vertex   -3.042890e-01 -1.650464e-01 1.024264e-02
    endloop
  endfacet
  facet normal -6.084893e-01 -2.989316e-02 7.929989e-01
    outer loop
      vertex   -3.042890e-01 -1.650464e-01 1.024264e-02
      vertex   -3.037869e-01 -1.752663e-01 1.024264e-02
      vertex   -3.025503e-01 -1.751445e-01 1.119615e-02
    endloop
  endfacet
  facet normal -6.084893e-01 -2.989316e-02 7.929989e-01
    outer loop
      vertex   -3.042890e-01 -1.650464e-01 1.024264e-02
      vertex   -3.025503e-01 -1.751445e-01 1.119615e-02
      vertex   -3.030463e-01 -1.650464e-01 1.119615e-02
    endloop
  endfacet
  facet normal -3.826157e-01 -1.879671e-02 9.237163e-01
    outer loop
      vertex   -3.030463e-01 -1.650464e-01 1.119615e-02
      vertex   -3.025503e-01 -1.751445e-01 1.119615e-02
      vertex   -3.011101e-01 -1.750026e-01 1.179556e-02
    endloop
  endfacet
  facet normal -3.826157e-01 -1.879671e-02 9.237163e-01
    outer loop
      vertex   -3.030463e-01 -1.650464e-01 1.119615e-02
      vertex   -3.011101e-01 -1.750026e-01 1.179556e-02
      vertex   -3.015993e-01 -1.650464e-01 1.179556e-02
    endloop
  endfacet
  facet normal -1.305235e-01 -6.412207e-03 9.914245e-01
    outer loop
      vertex   -3.015993e-01 -1.650464e-01 1.179556e-02
      vertex   -3.011101e-01 -1.750026e-01 1.179556e-02
      vertex   -2.995647e-01 -1.748504e-01 1.200000e-02
    endloop
  endfacet
  facet normal -1.305235e-01 -6.412207e-03 9.914245e-01
    outer loop
      vertex   -3.015993e-01 -1.650464e-01 1.179556e-02
      vertex   -2.995647e-01 -1.748504e-01 1.200000e-02
      vertex   -3.000463e-01 -1.650464e-01 1.200000e-02
    endloop
  endfacet
  facet normal -1.879674e-02 -3.826164e-01 -9.237161e-01
    outer loop
      vertex   -2.000232e-01 -2.666225e-01 2.044461e-04
      vertex   -2.000232e-01 -2.680696e-01 8.038494e-04
      vertex   -2.099794e-01 -2.661334e-01 2.044461e-04
    endloop
  endfacet
  facet normal -1.879674e-02 -3.826164e-01 -9.237161e-01
    outer loop
      vertex   -2.099794e-01 -2.661334e-01 2.044461e-04
      vertex   -2.000232e-01 -2.680696e-01 8.038494e-04
      vertex   -2.101212e-01 -2.675735e-01 8.038494e-04
    endloop
  endfacet
  facet normal -5.620920e-02 -3.789316e-01 -9.237161e-01
    outer loop
      vertex   -2.099794e-01 -2.661334e-01 2.044461e-04
      vertex   -2.101212e-01 -2.675735e-01 8.038494e-04
      vertex   -2.198397e-01 -2.646708e-01 2.044461e-04
    endloop
  endfacet
  facet normal -5.620920e-02 -3.789316e-01 -9.237161e-01
    outer loop
      vertex   -2.198397e-01 -2.646708e-01 2.044461e-04
      vertex   -2.101212e-01 -2.675735e-01 8.038494e-04
      vertex   -2.201220e-01 -2.660901e-01 8.038494e-04
    endloop
  endfacet
  facet normal -9.308033e-02 -3.715975e-01 -9.237161e-01
    outer loop
      vertex   -2.198397e-01 -2.646708e-01 2.044461e-04
      vertex   -2.201220e-01 -2.660901e-01 8.038494e-04
      vertex   -2.295092e-01 -2.622487e-01 2.044461e-04
    endloop
  endfacet
  facet normal -9.308033e-02 -3.715975e-01 -9.237161e-01
    outer loop
      vertex   -2.295092e-01 -2.622487e-01 2.044461e-04
      vertex   -2.201220e-01 -2.660901e-01 8.038494e-04
      vertex   -2.299292e-01 -2.636335e-01 8.038494e-04
    endloop
  endfacet
  facet normal -1.290550e-01 -3.606847e-01 -9.237161e-01
    outer loop
      vertex   -2.295092e-01 -2.622487e-01 2.044461e-04
      vertex   -2.299292e-01 -2.636335e-01 8.038494e-04
      vertex   -2.388947e-01 -2.588905e-01 2.044461e-04
    endloop
  endfacet
  facet normal -1.290550e-01 -3.606847e-01 -9.237161e-01
    outer loop
      vertex   -2.388947e-01 -2.588905e-01 2.044461e-04
      vertex   -2.299292e-01 -2.636335e-01 8.038494e-04
      vertex   -2.394484e-01 -2.602274e-01 8.038494e-04
    endloop
  endfacet
  facet normal -1.637869e-01 -3.462983e-01 -9.237161e-01
    outer loop
      vertex   -2.388947e-01 -2.588905e-01 2.044461e-04
      vertex   -2.394484e-01 -2.602274e-01 8.038494e-04
      vertex   -2.479058e-01 -2.546286e-01 2.044461e-04
    endloop
  endfacet
  facet normal -1.637869e-01 -3.462983e-01 -9.237161e-01
    outer loop
      vertex   -2.479058e-01 -2.546286e-01 2.044461e-04
      vertex   -2.394484e-01 -2.602274e-01 8.038494e-04
      vertex   -2.485880e-01 -2.559048e-01 8.038494e-04
    endloop
  endfacet
  facet normal -1.969414e-01 -3.285768e-01 -9.237161e-01
    outer loop
      vertex   -2.479058e-01 -2.546286e-01 2.044461e-04
      vertex   -2.485880e-01 -2.559048e-01 8.038494e-04
      vertex   -2.564558e-01 -2.495039e-01 2.044461e-04
    endloop
  endfacet
  facet normal -1.969414e-01 -3.285768e-01 -9.237161e-01
    outer loop
      vertex   -2.564558e-01 -2.495039e-01 2.044461e-04
      vertex   -2.485880e-01 -2.559048e-01 8.038494e-04
      vertex   -2.572598e-01 -2.507071e-01 8.038494e-04
    endloop
  endfacet
  facet normal -2.281992e-01 -3.076910e-01 -9.237161e-01
    outer loop
      vertex   -2.564558e-01 -2.495039e-01 2.044461e-04
      vertex   -2.572598e-01 -2.507071e-01 8.038494e-04
      vertex   -2.644624e-01 -2.435658e-01 2.044461e-04
    endloop
  endfacet
  facet normal -2.281992e-01 -3.076910e-01 -9.237161e-01
    outer loop
      vertex   -2.644624e-01 -2.435658e-01 2.044461e-04
      vertex   -2.572598e-01 -2.507071e-01 8.038494e-04
      vertex   -2.653804e-01 -2.446844e-01 8.038494e-04
    endloop
  endfacet
  facet normal -2.572594e-01 -2.838420e-01 -9.237161e-01
    outer loop
      vertex   -2.644624e-01 -2.435658e-01 2.044461e-04
      vertex   -2.653804e-01 -2.446844e-01 8.038494e-04
      vertex   -2.718483e-01 -2.368716e-01 2.044461e-04
    endloop
  endfacet
  facet normal -2.572594e-01 -2.838420e-01 -9.237161e-01
    outer loop
      vertex   -2.718483e-01 -2.368716e-01 2.044461e-04
      vertex   -2.653804e-01 -2.446844e-01 8.038494e-04
      vertex   -2.728716e-01 -2.378948e-01 8.038494e-04
    endloop
  endfacet
  facet normal -2.838420e-01 -2.572594e-01 -9.237161e-01
    outer loop
      vertex   -2.718483e-01 -2.368716e-01 2.044461e-04
      vertex   -2.728716e-01 -2.378948e-01 8.038494e-04
      vertex   -2.785426e-01 -2.294856e-01 2.044461e-04
    endloop
  endfacet
  facet normal -2.838420e-01 -2.572594e-01 -9.237161e-01
    outer loop
      vertex   -2.785426e-01 -2.294856e-01 2.044461e-04
      vertex   -2.728716e-01 -2.378948e-01 8.038494e-04
      vertex   -2.796612e-01 -2.304037e-01 8.038494e-04
    endloop
  endfacet
  facet normal -3.076910e-01 -2.281992e-01 -9.237161e-01
    outer loop
      vertex   -2.785426e-01 -2.294856e-01 2.044461e-04
      vertex   -2.796612e-01 -2.304037e-01 8.038494e-04
      vertex   -2.844806e-01 -2.214791e-01 2.044461e-04
    endloop
  endfacet
  facet normal -3.076910e-01 -2.281992e-01 -9.237161e-01
    outer loop
      vertex   -2.844806e-01 -2.214791e-01 2.044461e-04
      vertex   -2.796612e-01 -2.304037e-01 8.038494e-04
      vertex   -2.856838e-01 -2.222831e-01 8.038494e-04
    endloop
  endfacet
  facet normal -3.285768e-01 -1.969414e-01 -9.237161e-01
    outer loop
      vertex   -2.844806e-01 -2.214791e-01 2.044461e-04
      vertex   -2.856838e-01 -2.222831e-01 8.038494e-04
      vertex   -2.896053e-01 -2.129291e-01 2.044461e-04
    endloop
  endfacet
  facet normal -3.285768e-01 -1.969414e-01 -9.237161e-01
    outer loop
      vertex   -2.896053e-01 -2.129291e-01 2.044461e-04
      vertex   -2.856838e-01 -2.222831e-01 8.038494e-04
      vertex   -2.908815e-01 -2.136112e-01 8.038494e-04
    endloop
  endfacet
  facet normal -3.462983e-01 -1.637869e-01 -9.237161e-01
    outer loop
      vertex   -2.896053e-01 -2.129291e-01 2.044461e-04
      vertex   -2.908815e-01 -2.136112e-01 8.038494e-04
      vertex   -2.938672e-01 -2.039179e-01 2.044461e-04
    endloop
  endfacet
  facet normal -3.462983e-01 -1.637869e-01 -9.237161e-01
    outer loop
      vertex   -2.938672e-01 -2.039179e-01 2.044461e-04
      vertex   -2.908815e-01 -2.136112e-01 8.038494e-04
      vertex   -2.952042e-01 -2.044717e-01 8.038494e-04
    endloop
  endfacet
  facet normal -3.606847e-01 -1.290550e-01 -9.237161e-01
    outer loop
      vertex   -2.938672e-01 -2.039179e-01 2.044461e-04
      vertex   -2.952042e-01 -2.044717e-01 8.038494e-04
      vertex   -2.972254e-01 -1.945324e-01 2.044461e-04
    endloop
  endfacet
  facet normal -3.606847e-01 -1.290550e-01 -9.237161e-01
    outer loop
      vertex   -2.972254e-01 -1.945324e-01 2.044461e-04
      vertex   -2.952042e-01 -2.044717e-01 8.038494e-04
      vertex   -2.986102e-01 -1.949525e-01 8.038494e-04
    endloop
  endfacet
  facet normal -3.715975e-01 -9.308033e-02 -9.237161e-01
    outer loop
      vertex   -2.972254e-01 -1.945324e-01 2.044461e-04
      vertex   -2.986102e-01 -1.949525e-01 8.038494e-04
      vertex   -2.996475e-01 -1.848630e-01 2.044461e-04
    endloop
  endfacet
  facet normal -3.715975e-01 -9.308033e-02 -9.237161e-01
    outer loop
      vertex   -2.996475e-01 -1.848630e-01 2.044461e-04
      vertex   -2.986102e-01 -1.949525e-01 8.038494e-04
      vertex   -3.010668e-01 -1.851453e-01 8.038494e-04
    endloop
  endfacet
  facet normal -3.789316e-01 -5.620920e-02 -9.237161e-01
    outer loop
      vertex   -2.996475e-01 -1.848630e-01 2.044461e-04
      vertex   -3.010668e-01 -1.851453e-01 8.038494e-04
      vertex   -3.011101e-01 -1.750026e-01 2.044461e-04
    endloop
  endfacet
  facet normal -3.789316e-01 -5.620920e-02 -9.237161e-01
    outer loop
      vertex   -3.011101e-01 -1.750026e-01 2.044461e-04
      vertex   -3.010668e-01 -1.851453e-01 8.038494e-04
      vertex   -3.025503e-01 -1.751445e-01 8.038494e-04
    endloop
  endfacet
  facet normal -2.989319e-02 -6.084898e-01 -7.929984e-01
    outer loop
      vertex   -2.000232e-01 -2.680696e-01 8.038494e-04
      vertex   -2.000232e-01 -2.693123e-01 1.757362e-03
      vertex   -2.101212e-01 -2.675735e-01 8.038494e-04
    endloop
  endfacet
  facet normal -2.989319e-02 -6.084898e-01 -7.929984e-01
    outer loop
      vertex   -2.101212e-01 -2.675735e-01 8.038494e-04
      vertex   -2.000232e-01 -2.693123e-01 1.757362e-03
      vertex   -2.102430e-01 -2.688102e-01 1.757362e-03
    endloop
  endfacet
  facet normal -8.939168e-02 -6.026298e-01 -7.929984e-01
    outer loop
      vertex   -2.101212e-01 -2.675735e-01 8.038494e-04
      vertex   -2.102430e-01 -2.688102e-01 1.757362e-03
      vertex   -2.201220e-01 -2.660901e-01 8.038494e-04
    endloop
  endfacet
  facet normal -8.939168e-02 -6.026298e-01 -7.929984e-01
    outer loop
      vertex   -2.201220e-01 -2.660901e-01 8.038494e-04
      vertex   -2.102430e-01 -2.688102e-01 1.757362e-03
      vertex   -2.203644e-01 -2.673088e-01 1.757362e-03
    endloop
  endfacet
  facet normal -1.480293e-01 -5.909660e-01 -7.929984e-01
    outer loop
      vertex   -2.201220e-01 -2.660901e-01 8.038494e-04
      vertex   -2.203644e-01 -2.673088e-01 1.757362e-03
      vertex   -2.299292e-01 -2.636335e-01 8.038494e-04
    endloop
  endfacet
  facet normal -1.480293e-01 -5.909660e-01 -7.929984e-01
    outer loop
      vertex   -2.299292e-01 -2.636335e-01 8.038494e-04
      vertex   -2.203644e-01 -2.673088e-01 1.757362e-03
      vertex   -2.302899e-01 -2.648226e-01 1.757362e-03
    endloop
  endfacet
  facet normal -2.052413e-01 -5.736109e-01 -7.929984e-01
    outer loop
      vertex   -2.299292e-01 -2.636335e-01 8.038494e-04
      vertex   -2.302899e-01 -2.648226e-01 1.757362e-03
      vertex   -2.394484e-01 -2.602274e-01 8.038494e-04
    endloop
  endfacet
  facet normal -2.052413e-01 -5.736109e-01 -7.929984e-01
    outer loop
      vertex   -2.394484e-01 -2.602274e-01 8.038494e-04
      vertex   -2.302899e-01 -2.648226e-01 1.757362e-03
      vertex   -2.399240e-01 -2.613755e-01 1.757362e-03
    endloop
  endfacet
  facet normal -2.604767e-01 -5.507317e-01 -7.929984e-01
    outer loop
      vertex   -2.394484e-01 -2.602274e-01 8.038494e-04
      vertex   -2.399240e-01 -2.613755e-01 1.757362e-03
      vertex   -2.485880e-01 -2.559048e-01 8.038494e-04
    endloop
  endfacet
  facet normal -2.604767e-01 -5.507317e-01 -7.929984e-01
    outer loop
      vertex   -2.485880e-01 -2.559048e-01 8.038494e-04
      vertex   -2.399240e-01 -2.613755e-01 1.757362e-03
      vertex   -2.491737e-01 -2.570007e-01 1.757362e-03
    endloop
  endfacet
  facet normal -3.132036e-01 -5.225486e-01 -7.929984e-01
    outer loop
      vertex   -2.485880e-01 -2.559048e-01 8.038494e-04
      vertex   -2.491737e-01 -2.570007e-01 1.757362e-03
      vertex   -2.572598e-01 -2.507071e-01 8.038494e-04
    endloop
  endfacet
  facet normal -3.132036e-01 -5.225486e-01 -7.929984e-01
    outer loop
      vertex   -2.572598e-01 -2.507071e-01 8.038494e-04
      vertex   -2.491737e-01 -2.570007e-01 1.757362e-03
      vertex   -2.579502e-01 -2.517403e-01 1.757362e-03
    endloop
  endfacet
  facet normal -3.629141e-01 -4.893330e-01 -7.929984e-01
    outer loop
      vertex   -2.572598e-01 -2.507071e-01 8.038494e-04
      vertex   -2.579502e-01 -2.517403e-01 1.757362e-03
      vertex   -2.653804e-01 -2.446844e-01 8.038494e-04
    endloop
  endfacet
  facet normal -3.629141e-01 -4.893330e-01 -7.929984e-01
    outer loop
      vertex   -2.653804e-01 -2.446844e-01 8.038494e-04
      vertex   -2.579502e-01 -2.517403e-01 1.757362e-03
      vertex   -2.661687e-01 -2.456450e-01 1.757362e-03
    endloop
  endfacet
  facet normal -4.091296e-01 -4.514050e-01 -7.929984e-01
    outer loop
      vertex   -2.653804e-01 -2.446844e-01 8.038494e-04
      vertex   -2.661687e-01 -2.456450e-01 1.757362e-03
      vertex   -2.728716e-01 -2.378948e-01 8.038494e-04
    endloop
  endfacet
  facet normal -4.091296e-01 -4.514050e-01 -7.929984e-01
    outer loop
      vertex   -2.728716e-01 -2.378948e-01 8.038494e-04
      vertex   -2.661687e-01 -2.456450e-01 1.757362e-03
      vertex   -2.737502e-01 -2.387735e-01 1.757362e-03
    endloop
  endfacet
  facet normal -4.514050e-01 -4.091296e-01 -7.929984e-01
    outer loop
      vertex   -2.728716e-01 -2.378948e-01 8.038494e-04
      vertex   -2.737502e-01 -2.387735e-01 1.757362e-03
      vertex   -2.796612e-01 -2.304037e-01 8.038494e-04
    endloop
  endfacet
  facet normal -4.514050e-01 -4.091296e-01 -7.929984e-01
    outer loop
      vertex   -2.796612e-01 -2.304037e-01 8.038494e-04
      vertex   -2.737502e-01 -2.387735e-01 1.757362e-03
      vertex   -2.806217e-01 -2.311920e-01 1.757362e-03
    endloop
  endfacet
  facet normal -4.893330e-01 -3.629141e-01 -7.929984e-01
    outer loop
      vertex   -2.796612e-01 -2.304037e-01 8.038494e-04
      vertex   -2.806217e-01 -2.311920e-01 1.757362e-03
      vertex   -2.856838e-01 -2.222831e-01 8.038494e-04
    endloop
  endfacet
  facet normal -4.893330e-01 -3.629141e-01 -7.929984e-01
    outer loop
      vertex   -2.856838e-01 -2.222831e-01 8.038494e-04
      vertex   -2.806217e-01 -2.311920e-01 1.757362e-03
      vertex   -2.867170e-01 -2.229734e-01 1.757362e-03
    endloop
  endfacet
  facet normal -5.225486e-01 -3.132036e-01 -7.929984e-01
    outer loop
      vertex   -2.856838e-01 -2.222831e-01 8.038494e-04
      vertex   -2.867170e-01 -2.229734e-01 1.757362e-03
      vertex   -2.908815e-01 -2.136112e-01 8.038494e-04
    endloop
  endfacet
  facet normal -5.225486e-01 -3.132036e-01 -7.929984e-01
    outer loop
      vertex   -2.908815e-01 -2.136112e-01 8.038494e-04
      vertex   -2.867170e-01 -2.229734e-01 1.757362e-03
      vertex   -2.919774e-01 -2.141970e-01 1.757362e-03
    endloop
  endfacet
  facet normal -5.507317e-01 -2.604767e-01 -7.929984e-01
    outer loop
      vertex   -2.908815e-01 -2.136112e-01 8.038494e-04
      vertex   -2.919774e-01 -2.141970e-01 1.757362e-03
      vertex   -2.952042e-01 -2.044717e-01 8.038494e-04
    endloop
  endfacet
  facet normal -5.507317e-01 -2.604767e-01 -7.929984e-01
    outer loop
      vertex   -2.952042e-01 -2.044717e-01 8.038494e-04
      vertex   -2.919774e-01 -2.141970e-01 1.757362e-03
      vertex   -2.963522e-01 -2.049472e-01 1.757362e-03
    endloop
  endfacet
  facet normal -5.736109e-01 -2.052413e-01 -7.929984e-01
    outer loop
      vertex   -2.952042e-01 -2.044717e-01 8.038494e-04
      vertex   -2.963522e-01 -2.049472e-01 1.757362e-03
      vertex   -2.986102e-01 -1.949525e-01 8.038494e-04
    endloop
  endfacet
  facet normal -5.736109e-01 -2.052413e-01 -7.929984e-01
    outer loop
      vertex   -2.986102e-01 -1.949525e-01 8.038494e-04
      vertex   -2.963522e-01 -2.049472e-01 1.757362e-03
      vertex   -2.997993e-01 -1.953132e-01 1.757362e-03
    endloop
  endfacet
  facet normal -5.909660e-01 -1.480293e-01 -7.929984e-01
    outer loop
      vertex   -2.986102e-01 -1.949525e-01 8.038494e-04
      vertex   -2.997993e-01 -1.953132e-01 1.757362e-03
      vertex   -3.010668e-01 -1.851453e-01 8.038494e-04
    endloop
  endfacet
  facet normal -5.909660e-01 -1.480293e-01 -7.929984e-01
    outer loop
      vertex   -3.010668e-01 -1.851453e-01 8.038494e-04
      vertex   -2.997993e-01 -1.953132e-01 1.757362e-03
      vertex   -3.022856e-01 -1.853877e-01 1.757362e-03
    endloop
  endfacet
  facet normal -6.026298e-01 -8.939168e-02 -7.929984e-01
    outer loop
      vertex   -3.010668e-01 -1.851453e-01 8.038494e-04
      vertex   -3.022856e-01 -1.853877e-01 1.757362e-03
      vertex   -3.025503e-01 -1.751445e-01 8.038494e-04
    endloop
  endfacet
  facet normal -6.026298e-01 -8.939168e-02 -7.929984e-01
    outer loop
      vertex   -3.025503e-01 -1.751445e-01 8.038494e-04
      vertex   -3.022856e-01 -1.853877e-01 1.757362e-03
      vertex   -3.037869e-01 -1.752663e-01 1.757362e-03
    endloop
  endfacet
  facet normal -3.894540e-02 -7.927518e-01 -6.082992e-01
    outer loop
      vertex   -2.000232e-01 -2.693123e-01 1.757362e-03
      vertex   -2.000232e-01 -2.702658e-01 3.000003e-03
      vertex   -2.102430e-01 -2.688102e-01 1.757362e-03
    endloop
  endfacet
  facet normal -3.894540e-02 -7.927518e-01 -6.082992e-01
    outer loop
      vertex   -2.102430e-01 -2.688102e-01 1.757362e-03
      vertex   -2.000232e-01 -2.702658e-01 3.000003e-03
      vertex   -2.103365e-01 -2.697591e-01 3.000003e-03
    endloop
  endfacet
  facet normal -1.164611e-01 -7.851171e-01 -6.082992e-01
    outer loop
      vertex   -2.102430e-01 -2.688102e-01 1.757362e-03
      vertex   -2.103365e-01 -2.697591e-01 3.000003e-03
      vertex   -2.203644e-01 -2.673088e-01 1.757362e-03
    endloop
  endfacet
  facet normal -1.164611e-01 -7.851171e-01 -6.082992e-01
    outer loop
      vertex   -2.203644e-01 -2.673088e-01 1.757362e-03
      vertex   -2.103365e-01 -2.697591e-01 3.000003e-03
      vertex   -2.205504e-01 -2.682440e-01 3.000003e-03
    endloop
  endfacet
  facet normal -1.928553e-01 -7.699214e-01 -6.082992e-01
    outer loop
      vertex   -2.203644e-01 -2.673088e-01 1.757362e-03
      vertex   -2.205504e-01 -2.682440e-01 3.000003e-03
      vertex   -2.302899e-01 -2.648226e-01 1.757362e-03
    endloop
  endfacet
  facet normal -1.928553e-01 -7.699214e-01 -6.082992e-01
    outer loop
      vertex   -2.302899e-01 -2.648226e-01 1.757362e-03
      vertex   -2.205504e-01 -2.682440e-01 3.000003e-03
      vertex   -2.305667e-01 -2.657351e-01 3.000003e-03
    endloop
  endfacet
  facet normal -2.673921e-01 -7.473109e-01 -6.082992e-01
    outer loop
      vertex   -2.302899e-01 -2.648226e-01 1.757362e-03
      vertex   -2.305667e-01 -2.657351e-01 3.000003e-03
      vertex   -2.399240e-01 -2.613755e-01 1.757362e-03
    endloop
  endfacet
  facet normal -2.673921e-01 -7.473109e-01 -6.082992e-01
    outer loop
      vertex   -2.399240e-01 -2.613755e-01 1.757362e-03
      vertex   -2.305667e-01 -2.657351e-01 3.000003e-03
      vertex   -2.402889e-01 -2.622564e-01 3.000003e-03
    endloop
  endfacet
  facet normal -3.393538e-01 -7.175034e-01 -6.082992e-01
    outer loop
      vertex   -2.399240e-01 -2.613755e-01 1.757362e-03
      vertex   -2.402889e-01 -2.622564e-01 3.000003e-03
      vertex   -2.491737e-01 -2.570007e-01 1.757362e-03
    endloop
  endfacet
  facet normal -3.393538e-01 -7.175034e-01 -6.082992e-01
    outer loop
      vertex   -2.491737e-01 -2.570007e-01 1.757362e-03
      vertex   -2.402889e-01 -2.622564e-01 3.000003e-03
      vertex   -2.496232e-01 -2.578416e-01 3.000003e-03
    endloop
  endfacet
  facet normal -4.080474e-01 -6.807859e-01 -6.082992e-01
    outer loop
      vertex   -2.491737e-01 -2.570007e-01 1.757362e-03
      vertex   -2.496232e-01 -2.578416e-01 3.000003e-03
      vertex   -2.579502e-01 -2.517403e-01 1.757362e-03
    endloop
  endfacet
  facet normal -4.080474e-01 -6.807859e-01 -6.082992e-01
    outer loop
      vertex   -2.579502e-01 -2.517403e-01 1.757362e-03
      vertex   -2.496232e-01 -2.578416e-01 3.000003e-03
      vertex   -2.584799e-01 -2.525331e-01 3.000003e-03
    endloop
  endfacet
  facet normal -4.728112e-01 -6.375121e-01 -6.082992e-01
    outer loop
      vertex   -2.579502e-01 -2.517403e-01 1.757362e-03
      vertex   -2.584799e-01 -2.525331e-01 3.000003e-03
      vertex   -2.661687e-01 -2.456450e-01 1.757362e-03
    endloop
  endfacet
  facet normal -4.728112e-01 -6.375121e-01 -6.082992e-01
    outer loop
      vertex   -2.661687e-01 -2.456450e-01 1.757362e-03
      vertex   -2.584799e-01 -2.525331e-01 3.000003e-03
      vertex   -2.667736e-01 -2.463821e-01 3.000003e-03
    endloop
  endfacet
  facet normal -5.330216e-01 -5.880987e-01 -6.082992e-01
    outer loop
      vertex   -2.661687e-01 -2.456450e-01 1.757362e-03
      vertex   -2.667736e-01 -2.463821e-01 3.000003e-03
      vertex   -2.737502e-01 -2.387735e-01 1.757362e-03
    endloop
  endfacet
  facet normal -5.330216e-01 -5.880987e-01 -6.082992e-01
    outer loop
      vertex   -2.737502e-01 -2.387735e-01 1.757362e-03
      vertex   -2.667736e-01 -2.463821e-01 3.000003e-03
      vertex   -2.744245e-01 -2.394477e-01 3.000003e-03
    endloop
  endfacet
  facet normal -5.880987e-01 -5.330216e-01 -6.082992e-01
    outer loop
      vertex   -2.737502e-01 -2.387735e-01 1.757362e-03
      vertex   -2.744245e-01 -2.394477e-01 3.000003e-03
      vertex   -2.806217e-01 -2.311920e-01 1.757362e-03
    endloop
  endfacet
  facet normal -5.880987e-01 -5.330216e-01 -6.082992e-01
    outer loop
      vertex   -2.806217e-01 -2.311920e-01 1.757362e-03
      vertex   -2.744245e-01 -2.394477e-01 3.000003e-03
      vertex   -2.813588e-01 -2.317969e-01 3.000003e-03
    endloop
  endfacet
  facet normal -6.375121e-01 -4.728112e-01 -6.082992e-01
    outer loop
      vertex   -2.806217e-01 -2.311920e-01 1.757362e-03
      vertex   -2.813588e-01 -2.317969e-01 3.000003e-03
      vertex   -2.867170e-01 -2.229734e-01 1.757362e-03
    endloop
  endfacet
  facet normal -6.375121e-01 -4.728112e-01 -6.082992e-01
    outer loop
      vertex   -2.867170e-01 -2.229734e-01 1.757362e-03
      vertex   -2.813588e-01 -2.317969e-01 3.000003e-03
      vertex   -2.875098e-01 -2.235032e-01 3.000003e-03
    endloop
  endfacet
  facet normal -6.807859e-01 -4.080474e-01 -6.082992e-01
    outer loop
      vertex   -2.867170e-01 -2.229734e-01 1.757362e-03
      vertex   -2.875098e-01 -2.235032e-01 3.000003e-03
      vertex   -2.919774e-01 -2.141970e-01 1.757362e-03
    endloop
  endfacet
  facet normal -6.807859e-01 -4.080474e-01 -6.082992e-01
    outer loop
      vertex   -2.919774e-01 -2.141970e-01 1.757362e-03
      vertex   -2.875098e-01 -2.235032e-01 3.000003e-03
      vertex   -2.928183e-01 -2.146465e-01 3.000003e-03
    endloop
  endfacet
  facet normal -7.175034e-01 -3.393538e-01 -6.082992e-01
    outer loop
      vertex   -2.919774e-01 -2.141970e-01 1.757362e-03
      vertex   -2.928183e-01 -2.146465e-01 3.000003e-03
      vertex   -2.963522e-01 -2.049472e-01 1.757362e-03
    endloop
  endfacet
  facet normal -7.175034e-01 -3.393538e-01 -6.082992e-01
    outer loop
      vertex   -2.963522e-01 -2.049472e-01 1.757362e-03
      vertex   -2.928183e-01 -2.146465e-01 3.000003e-03
      vertex   -2.972332e-01 -2.053121e-01 3.000003e-03
    endloop
  endfacet
  facet normal -7.473109e-01 -2.673921e-01 -6.082992e-01
    outer loop
      vertex   -2.963522e-01 -2.049472e-01 1.757362e-03
      vertex   -2.972332e-01 -2.053121e-01 3.000003e-03
      vertex   -2.997993e-01 -1.953132e-01 1.757362e-03
    endloop
  endfacet
  facet normal -7.473109e-01 -2.673921e-01 -6.082992e-01
    outer loop
      vertex   -2.997993e-01 -1.953132e-01 1.757362e-03
      vertex   -2.972332e-01 -2.053121e-01 3.000003e-03
      vertex   -3.007118e-01 -1.955900e-01 3.000003e-03
    endloop
  endfacet
  facet normal -7.699214e-01 -1.928553e-01 -6.082992e-01
    outer loop
      vertex   -2.997993e-01 -1.953132e-01 1.757362e-03
      vertex   -3.007118e-01 -1.955900e-01 3.000003e-03
      vertex   -3.022856e-01 -1.853877e-01 1.757362e-03
    endloop
  endfacet
  facet normal -7.699214e-01 -1.928553e-01 -6.082992e-01
    outer loop
      vertex   -3.022856e-01 -1.853877e-01 1.757362e-03
      vertex   -3.007118e-01 -1.955900e-01 3.000003e-03
      vertex   -3.032207e-01 -1.855737e-01 3.000003e-03
    endloop
  endfacet
  facet normal -7.851171e-01 -1.164611e-01 -6.082992e-01
    outer loop
      vertex   -3.022856e-01 -1.853877e-01 1.757362e-03
      vertex   -3.032207e-01 -1.855737e-01 3.000003e-03
      vertex   -3.037869e-01 -1.752663e-01 1.757362e-03
    endloop
  endfacet
  facet normal -7.851171e-01 -1.164611e-01 -6.082992e-01
    outer loop
      vertex   -3.037869e-01 -1.752663e-01 1.757362e-03
      vertex   -3.032207e-01 -1.855737e-01 3.000003e-03
      vertex   -3.047358e-01 -1.753597e-01 3.000003e-03
    endloop
  endfacet
  facet normal -4.534062e-02 -9.229296e-01 -3.822894e-01
    outer loop
      vertex   -2.000232e-01 -2.702658e-01 3.000003e-03
      vertex   -2.000232e-01 -2.708652e-01 4.447088e-03
      vertex   -2.103365e-01 -2.697591e-01 3.000003e-03
    endloop
  endfacet
  facet normal -4.534062e-02 -9.229296e-01 -3.822894e-01
    outer loop
      vertex   -2.103365e-01 -2.697591e-01 3.000003e-03
      vertex   -2.000232e-01 -2.708652e-01 4.447088e-03
      vertex   -2.103952e-01 -2.703556e-01 4.447088e-03
    endloop
  endfacet
  facet normal -1.355852e-01 -9.140413e-01 -3.822894e-01
    outer loop
      vertex   -2.103365e-01 -2.697591e-01 3.000003e-03
      vertex   -2.103952e-01 -2.703556e-01 4.447088e-03
      vertex   -2.205504e-01 -2.682440e-01 3.000003e-03
    endloop
  endfacet
  facet normal -1.355852e-01 -9.140413e-01 -3.822894e-01
    outer loop
      vertex   -2.205504e-01 -2.682440e-01 3.000003e-03
      vertex   -2.103952e-01 -2.703556e-01 4.447088e-03
      vertex   -2.206674e-01 -2.688319e-01 4.447088e-03
    endloop
  endfacet
  facet normal -2.245240e-01 -8.963502e-01 -3.822894e-01
    outer loop
      vertex   -2.205504e-01 -2.682440e-01 3.000003e-03
      vertex   -2.206674e-01 -2.688319e-01 4.447088e-03
      vertex   -2.305667e-01 -2.657351e-01 3.000003e-03
    endloop
  endfacet
  facet normal -2.245240e-01 -8.963502e-01 -3.822894e-01
    outer loop
      vertex   -2.305667e-01 -2.657351e-01 3.000003e-03
      vertex   -2.206674e-01 -2.688319e-01 4.447088e-03
      vertex   -2.307407e-01 -2.663087e-01 4.447088e-03
    endloop
  endfacet
  facet normal -3.113006e-01 -8.700269e-01 -3.822894e-01
    outer loop
      vertex   -2.305667e-01 -2.657351e-01 3.000003e-03
      vertex   -2.307407e-01 -2.663087e-01 4.447088e-03
      vertex   -2.402889e-01 -2.622564e-01 3.000003e-03
    endloop
  endfacet
  facet normal -3.113006e-01 -8.700269e-01 -3.822894e-01
    outer loop
      vertex   -2.402889e-01 -2.622564e-01 3.000003e-03
      vertex   -2.307407e-01 -2.663087e-01 4.447088e-03
      vertex   -2.405182e-01 -2.628102e-01 4.447088e-03
    endloop
  endfacet
  facet normal -3.950791e-01 -8.353246e-01 -3.822894e-01
    outer loop
      vertex   -2.402889e-01 -2.622564e-01 3.000003e-03
      vertex   -2.405182e-01 -2.628102e-01 4.447088e-03
      vertex   -2.496232e-01 -2.578416e-01 3.000003e-03
    endloop
  endfacet
  facet normal -3.950791e-01 -8.353246e-01 -3.822894e-01
    outer loop
      vertex   -2.496232e-01 -2.578416e-01 3.000003e-03
      vertex   -2.405182e-01 -2.628102e-01 4.447088e-03
      vertex   -2.499058e-01 -2.583702e-01 4.447088e-03
    endloop
  endfacet
  facet normal -4.750529e-01 -7.925778e-01 -3.822894e-01
    outer loop
      vertex   -2.496232e-01 -2.578416e-01 3.000003e-03
      vertex   -2.499058e-01 -2.583702e-01 4.447088e-03
      vertex   -2.584799e-01 -2.525331e-01 3.000003e-03
    endloop
  endfacet
  facet normal -4.750529e-01 -7.925778e-01 -3.822894e-01
    outer loop
      vertex   -2.584799e-01 -2.525331e-01 3.000003e-03
      vertex   -2.499058e-01 -2.583702e-01 4.447088e-03
      vertex   -2.588129e-01 -2.530315e-01 4.447088e-03
    endloop
  endfacet
  facet normal -5.504516e-01 -7.421980e-01 -3.822894e-01
    outer loop
      vertex   -2.584799e-01 -2.525331e-01 3.000003e-03
      vertex   -2.588129e-01 -2.530315e-01 4.447088e-03
      vertex   -2.667736e-01 -2.463821e-01 3.000003e-03
    endloop
  endfacet
  facet normal -5.504516e-01 -7.421980e-01 -3.822894e-01
    outer loop
      vertex   -2.667736e-01 -2.463821e-01 3.000003e-03
      vertex   -2.588129e-01 -2.530315e-01 4.447088e-03
      vertex   -2.671539e-01 -2.468454e-01 4.447088e-03
    endloop
  endfacet
  facet normal -6.205491e-01 -6.846704e-01 -3.822894e-01
    outer loop
      vertex   -2.667736e-01 -2.463821e-01 3.000003e-03
      vertex   -2.671539e-01 -2.468454e-01 4.447088e-03
      vertex   -2.744245e-01 -2.394477e-01 3.000003e-03
    endloop
  endfacet
  facet normal -6.205491e-01 -6.846704e-01 -3.822894e-01
    outer loop
      vertex   -2.744245e-01 -2.394477e-01 3.000003e-03
      vertex   -2.671539e-01 -2.468454e-01 4.447088e-03
      vertex   -2.748483e-01 -2.398716e-01 4.447088e-03
    endloop
  endfacet
  facet normal -6.846704e-01 -6.205491e-01 -3.822894e-01
    outer loop
      vertex   -2.744245e-01 -2.394477e-01 3.000003e-03
      vertex   -2.748483e-01 -2.398716e-01 4.447088e-03
      vertex   -2.813588e-01 -2.317969e-01 3.000003e-03
    endloop
  endfacet
  facet normal -6.846704e-01 -6.205491e-01 -3.822894e-01
    outer loop
      vertex   -2.813588e-01 -2.317969e-01 3.000003e-03
      vertex   -2.748483e-01 -2.398716e-01 4.447088e-03
      vertex   -2.818222e-01 -2.321771e-01 4.447088e-03
    endloop
  endfacet
  facet normal -7.421980e-01 -5.504516e-01 -3.822894e-01
    outer loop
      vertex   -2.813588e-01 -2.317969e-01 3.000003e-03
      vertex   -2.818222e-01 -2.321771e-01 4.447088e-03
      vertex   -2.875098e-01 -2.235032e-01 3.000003e-03
    endloop
  endfacet
  facet normal -7.421980e-01 -5.504516e-01 -3.822894e-01
    outer loop
      vertex   -2.875098e-01 -2.235032e-01 3.000003e-03
      vertex   -2.818222e-01 -2.321771e-01 4.447088e-03
      vertex   -2.880082e-01 -2.238362e-01 4.447088e-03
    endloop
  endfacet
  facet normal -7.925778e-01 -4.750529e-01 -3.822894e-01
    outer loop
      vertex   -2.875098e-01 -2.235032e-01 3.000003e-03
      vertex   -2.880082e-01 -2.238362e-01 4.447088e-03
      vertex   -2.928183e-01 -2.146465e-01 3.000003e-03
    endloop
  endfacet
  facet normal -7.925778e-01 -4.750529e-01 -3.822894e-01
    outer loop
      vertex   -2.928183e-01 -2.146465e-01 3.000003e-03
      vertex   -2.880082e-01 -2.238362e-01 4.447088e-03
      vertex   -2.933470e-01 -2.149290e-01 4.447088e-03
    endloop
  endfacet
  facet normal -8.353246e-01 -3.950791e-01 -3.822894e-01
    outer loop
      vertex   -2.928183e-01 -2.146465e-01 3.000003e-03
      vertex   -2.933470e-01 -2.149290e-01 4.447088e-03
      vertex   -2.972332e-01 -2.053121e-01 3.000003e-03
    endloop
  endfacet
  facet normal -8.353246e-01 -3.950791e-01 -3.822894e-01
    outer loop
      vertex   -2.972332e-01 -2.053121e-01 3.000003e-03
      vertex   -2.933470e-01 -2.149290e-01 4.447088e-03
      vertex   -2.977869e-01 -2.055415e-01 4.447088e-03
    endloop
  endfacet
  facet normal -8.700269e-01 -3.113006e-01 -3.822894e-01
    outer loop
      vertex   -2.972332e-01 -2.053121e-01 3.000003e-03
      vertex   -2.977869e-01 -2.055415e-01 4.447088e-03
      vertex   -3.007118e-01 -1.955900e-01 3.000003e-03
    endloop
  endfacet
  facet normal -8.700269e-01 -3.113006e-01 -3.822894e-01
    outer loop
      vertex   -3.007118e-01 -1.955900e-01 3.000003e-03
      vertex   -2.977869e-01 -2.055415e-01 4.447088e-03
      vertex   -3.012854e-01 -1.957640e-01 4.447088e-03
    endloop
  endfacet
  facet normal -8.963502e-01 -2.245240e-01 -3.822894e-01
    outer loop
      vertex   -3.007118e-01 -1.955900e-01 3.000003e-03
      vertex   -3.012854e-01 -1.957640e-01 4.447088e-03
      vertex   -3.032207e-01 -1.855737e-01 3.000003e-03
    endloop
  endfacet
  facet normal -8.963502e-01 -2.245240e-01 -3.822894e-01
    outer loop
      vertex   -3.032207e-01 -1.855737e-01 3.000003e-03
      vertex   -3.012854e-01 -1.957640e-01 4.447088e-03
      vertex   -3.038086e-01 -1.856907e-01 4.447088e-03
    endloop
  endfacet
  facet normal -9.140413e-01 -1.355852e-01 -3.822894e-01
    outer loop
      vertex   -3.032207e-01 -1.855737e-01 3.000003e-03
      vertex   -3.038086e-01 -1.856907e-01 4.447088e-03
      vertex   -3.047358e-01 -1.753597e-01 3.000003e-03
    endloop
  endfacet
  facet normal -9.140413e-01 -1.355852e-01 -3.822894e-01
    outer loop
      vertex   -3.047358e-01 -1.753597e-01 3.000003e-03
      vertex   -3.038086e-01 -1.856907e-01 4.447088e-03
      vertex   -3.053324e-01 -1.754185e-01 4.447088e-03
    endloop
  endfacet
  facet normal -4.864889e-02 -9.902710e-01 -1.303712e-01
    outer loop
      vertex   -2.000232e-01 -2.708652e-01 4.447088e-03
      vertex   -2.000232e-01 -2.710696e-01 6.000002e-03
      vertex   -2.103952e-01 -2.703556e-01 4.447088e-03
    endloop
  endfacet
  facet normal -4.864889e-02 -9.902710e-01 -1.303712e-01
    outer loop
      vertex   -2.103952e-01 -2.703556e-01 4.447088e-03
      vertex   -2.000232e-01 -2.710696e-01 6.000002e-03
      vertex   -2.104153e-01 -2.705591e-01 6.000002e-03
    endloop
  endfacet
  facet normal -1.454782e-01 -9.807341e-01 -1.303712e-01
    outer loop
      vertex   -2.103952e-01 -2.703556e-01 4.447088e-03
      vertex   -2.104153e-01 -2.705591e-01 6.000002e-03
      vertex   -2.206674e-01 -2.688319e-01 4.447088e-03
    endloop
  endfacet
  facet normal -1.454782e-01 -9.807341e-01 -1.303712e-01
    outer loop
      vertex   -2.206674e-01 -2.688319e-01 4.447088e-03
      vertex   -2.104153e-01 -2.705591e-01 6.000002e-03
      vertex   -2.207073e-01 -2.690324e-01 6.000002e-03
    endloop
  endfacet
  facet normal -2.409064e-01 -9.617523e-01 -1.303712e-01
    outer loop
      vertex   -2.206674e-01 -2.688319e-01 4.447088e-03
      vertex   -2.207073e-01 -2.690324e-01 6.000002e-03
      vertex   -2.307407e-01 -2.663087e-01 4.447088e-03
    endloop
  endfacet
  facet normal -2.409064e-01 -9.617523e-01 -1.303712e-01
    outer loop
      vertex   -2.307407e-01 -2.663087e-01 4.447088e-03
      vertex   -2.207073e-01 -2.690324e-01 6.000002e-03
      vertex   -2.308001e-01 -2.665043e-01 6.000002e-03
    endloop
  endfacet
  facet normal -3.340146e-01 -9.335082e-01 -1.303712e-01
    outer loop
      vertex   -2.307407e-01 -2.663087e-01 4.447088e-03
      vertex   -2.308001e-01 -2.665043e-01 6.000002e-03
      vertex   -2.405182e-01 -2.628102e-01 4.447088e-03
    endloop
  endfacet
  facet normal -3.340146e-01 -9.335082e-01 -1.303712e-01
    outer loop
      vertex   -2.405182e-01 -2.628102e-01 4.447088e-03
      vertex   -2.308001e-01 -2.665043e-01 6.000002e-03
      vertex   -2.405965e-01 -2.629991e-01 6.000002e-03
    endloop
  endfacet
  facet normal -4.239060e-01 -8.962740e-01 -1.303712e-01
    outer loop
      vertex   -2.405182e-01 -2.628102e-01 4.447088e-03
      vertex   -2.405965e-01 -2.629991e-01 6.000002e-03
      vertex   -2.499058e-01 -2.583702e-01 4.447088e-03
    endloop
  endfacet
  facet normal -4.239060e-01 -8.962740e-01 -1.303712e-01
    outer loop
      vertex   -2.499058e-01 -2.583702e-01 4.447088e-03
      vertex   -2.405965e-01 -2.629991e-01 6.000002e-03
      vertex   -2.500022e-01 -2.585505e-01 6.000002e-03
    endloop
  endfacet
  facet normal -5.097150e-01 -8.504081e-01 -1.303712e-01
    outer loop
      vertex   -2.499058e-01 -2.583702e-01 4.447088e-03
      vertex   -2.500022e-01 -2.585505e-01 6.000002e-03
      vertex   -2.588129e-01 -2.530315e-01 4.447088e-03
    endloop
  endfacet
  facet normal -5.097150e-01 -8.504081e-01 -1.303712e-01
    outer loop
      vertex   -2.588129e-01 -2.530315e-01 4.447088e-03
      vertex   -2.500022e-01 -2.585505e-01 6.000002e-03
      vertex   -2.589265e-01 -2.532015e-01 6.000002e-03
    endloop
  endfacet
  facet normal -5.906152e-01 -7.963524e-01 -1.303712e-01
    outer loop
      vertex   -2.588129e-01 -2.530315e-01 4.447088e-03
      vertex   -2.589265e-01 -2.532015e-01 6.000002e-03
      vertex   -2.671539e-01 -2.468454e-01 4.447088e-03
    endloop
  endfacet
  facet normal -5.906152e-01 -7.963524e-01 -1.303712e-01
    outer loop
      vertex   -2.671539e-01 -2.468454e-01 4.447088e-03
      vertex   -2.589265e-01 -2.532015e-01 6.000002e-03
      vertex   -2.672836e-01 -2.470035e-01 6.000002e-03
    endloop
  endfacet
  facet normal -6.658274e-01 -7.346273e-01 -1.303712e-01
    outer loop
      vertex   -2.671539e-01 -2.468454e-01 4.447088e-03
      vertex   -2.672836e-01 -2.470035e-01 6.000002e-03
      vertex   -2.748483e-01 -2.398716e-01 4.447088e-03
    endloop
  endfacet
  facet normal -6.658274e-01 -7.346273e-01 -1.303712e-01
    outer loop
      vertex   -2.748483e-01 -2.398716e-01 4.447088e-03
      vertex   -2.672836e-01 -2.470035e-01 6.000002e-03
      vertex   -2.749929e-01 -2.400161e-01 6.000002e-03
    endloop
  endfacet
  facet normal -7.346273e-01 -6.658274e-01 -1.303712e-01
    outer loop
      vertex   -2.748483e-01 -2.398716e-01 4.447088e-03
      vertex   -2.749929e-01 -2.400161e-01 6.000002e-03
      vertex   -2.818222e-01 -2.321771e-01 4.447088e-03
    endloop
  endfacet
  facet normal -7.346273e-01 -6.658274e-01 -1.303712e-01
    outer loop
      vertex   -2.818222e-01 -2.321771e-01 4.447088e-03
      vertex   -2.749929e-01 -2.400161e-01 6.000002e-03
      vertex   -2.819802e-01 -2.323068e-01 6.000002e-03
    endloop
  endfacet
  facet normal -7.963524e-01 -5.906152e-01 -1.303712e-01
    outer loop
      vertex   -2.818222e-01 -2.321771e-01 4.447088e-03
      vertex   -2.819802e-01 -2.323068e-01 6.000002e-03
      vertex   -2.880082e-01 -2.238362e-01 4.447088e-03
    endloop
  endfacet
  facet normal -7.963524e-01 -5.906152e-01 -1.303712e-01
    outer loop
      vertex   -2.880082e-01 -2.238362e-01 4.447088e-03
      vertex   -2.819802e-01 -2.323068e-01 6.000002e-03
      vertex   -2.881782e-01 -2.239498e-01 6.000002e-03
    endloop
  endfacet
  facet normal -8.504081e-01 -5.097150e-01 -1.303712e-01
    outer loop
      vertex   -2.880082e-01 -2.238362e-01 4.447088e-03
      vertex   -2.881782e-01 -2.239498e-01 6.000002e-03
      vertex   -2.933470e-01 -2.149290e-01 4.447088e-03
    endloop
  endfacet
  facet normal -8.504081e-01 -5.097150e-01 -1.303712e-01
    outer loop
      vertex   -2.933470e-01 -2.149290e-01 4.447088e-03
      vertex   -2.881782e-01 -2.239498e-01 6.000002e-03
      vertex   -2.935273e-01 -2.150254e-01 6.000002e-03
    endloop
  endfacet
  facet normal -8.962740e-01 -4.239060e-01 -1.303712e-01
    outer loop
      vertex   -2.933470e-01 -2.149290e-01 4.447088e-03
      vertex   -2.935273e-01 -2.150254e-01 6.000002e-03
      vertex   -2.977869e-01 -2.055415e-01 4.447088e-03
    endloop
  endfacet
  facet normal -8.962740e-01 -4.239060e-01 -1.303712e-01
    outer loop
      vertex   -2.977869e-01 -2.055415e-01 4.447088e-03
      vertex   -2.935273e-01 -2.150254e-01 6.000002e-03
      vertex   -2.979758e-01 -2.056198e-01 6.000002e-03
    endloop
  endfacet
  facet normal -9.335082e-01 -3.340146e-01 -1.303712e-01
    outer loop
      vertex   -2.977869e-01 -2.055415e-01 4.447088e-03
      vertex   -2.979758e-01 -2.056198e-01 6.000002e-03
      vertex   -3.012854e-01 -1.957640e-01 4.447088e-03
    endloop
  endfacet
  facet normal -9.335082e-01 -3.340146e-01 -1.303712e-01
    outer loop
      vertex   -3.012854e-01 -1.957640e-01 4.447088e-03
      vertex   -2.979758e-01 -2.056198e-01 6.000002e-03
      vertex   -3.014810e-01 -1.958233e-01 6.000002e-03
    endloop
  endfacet
  facet normal -9.617523e-01 -2.409064e-01 -1.303712e-01
    outer loop
      vertex   -3.012854e-01 -1.957640e-01 4.447088e-03
      vertex   -3.014810e-01 -1.958233e-01 6.000002e-03
      vertex   -3.038086e-01 -1.856907e-01 4.447088e-03
    endloop
  endfacet
  facet normal -9.617523e-01 -2.409064e-01 -1.303712e-01
    outer loop
      vertex   -3.038086e-01 -1.856907e-01 4.447088e-03
      vertex   -3.014810e-01 -1.958233e-01 6.000002e-03
      vertex   -3.040091e-01 -1.857305e-01 6.000002e-03
    endloop
  endfacet
  facet normal -9.807341e-01 -1.454782e-01 -1.303712e-01
    outer loop
      vertex   -3.038086e-01 -1.856907e-01 4.447088e-03
      vertex   -3.040091e-01 -1.857305e-01 6.000002e-03
      vertex   -3.053324e-01 -1.754185e-01 4.447088e-03
    endloop
  endfacet
  facet normal -9.807341e-01 -1.454782e-01 -1.303712e-01
    outer loop
      vertex   -3.053324e-01 -1.754185e-01 4.447088e-03
      vertex   -3.040091e-01 -1.857305e-01 6.000002e-03
      vertex   -3.055358e-01 -1.754385e-01 6.000002e-03
    endloop
  endfacet
  facet normal -4.864889e-02 -9.902709e-01 1.303720e-01
    outer loop
      vertex   -2.000232e-01 -2.710696e-01 6.000002e-03
      vertex   -2.000232e-01 -2.708652e-01 7.552916e-03
      vertex   -2.104153e-01 -2.705591e-01 6.000002e-03
    endloop
  endfacet
  facet normal -4.864889e-02 -9.902709e-01 1.303720e-01
    outer loop
      vertex   -2.104153e-01 -2.705591e-01 6.000002e-03
      vertex   -2.000232e-01 -2.708652e-01 7.552916e-03
      vertex   -2.103952e-01 -2.703556e-01 7.552916e-03
    endloop
  endfacet
  facet normal -1.454782e-01 -9.807340e-01 1.303720e-01
    outer loop
      vertex   -2.104153e-01 -2.705591e-01 6.000002e-03
      vertex   -2.103952e-01 -2.703556e-01 7.552916e-03
      vertex   -2.207073e-01 -2.690324e-01 6.000002e-03
    endloop
  endfacet
  facet normal -1.454782e-01 -9.807340e-01 1.303720e-01
    outer loop
      vertex   -2.207073e-01 -2.690324e-01 6.000002e-03
      vertex   -2.103952e-01 -2.703556e-01 7.552916e-03
      vertex   -2.206674e-01 -2.688319e-01 7.552916e-03
    endloop
  endfacet
  facet normal -2.409064e-01 -9.617522e-01 1.303720e-01
    outer loop
      vertex   -2.207073e-01 -2.690324e-01 6.000002e-03
      vertex   -2.206674e-01 -2.688319e-01 7.552916e-03
      vertex   -2.308001e-01 -2.665043e-01 6.000002e-03
    endloop
  endfacet
  facet normal -2.409064e-01 -9.617522e-01 1.303720e-01
    outer loop
      vertex   -2.308001e-01 -2.665043e-01 6.000002e-03
      vertex   -2.206674e-01 -2.688319e-01 7.552916e-03
      vertex   -2.307407e-01 -2.663087e-01 7.552916e-03
    endloop
  endfacet
  facet normal -3.340145e-01 -9.335081e-01 1.303720e-01
    outer loop
      vertex   -2.308001e-01 -2.665043e-01 6.000002e-03
      vertex   -2.307407e-01 -2.663087e-01 7.552916e-03
      vertex   -2.405965e-01 -2.629991e-01 6.000002e-03
    endloop
  endfacet
  facet normal -3.340145e-01 -9.335081e-01 1.303720e-01
    outer loop
      vertex   -2.405965e-01 -2.629991e-01 6.000002e-03
      vertex   -2.307407e-01 -2.663087e-01 7.552916e-03
      vertex   -2.405182e-01 -2.628102e-01 7.552916e-03
    endloop
  endfacet
  facet normal -4.239060e-01 -8.962739e-01 1.303720e-01
    outer loop
      vertex   -2.405965e-01 -2.629991e-01 6.000002e-03
      vertex   -2.405182e-01 -2.628102e-01 7.552916e-03
      vertex   -2.500022e-01 -2.585505e-01 6.000002e-03
    endloop
  endfacet
  facet normal -4.239060e-01 -8.962739e-01 1.303720e-01
    outer loop
      vertex   -2.500022e-01 -2.585505e-01 6.000002e-03
      vertex   -2.405182e-01 -2.628102e-01 7.552916e-03
      vertex   -2.499058e-01 -2.583702e-01 7.552916e-03
    endloop
  endfacet
  facet normal -5.097150e-01 -8.504080e-01 1.303720e-01
    outer loop
      vertex   -2.500022e-01 -2.585505e-01 6.000002e-03
      vertex   -2.499058e-01 -2.583702e-01 7.552916e-03
      vertex   -2.589265e-01 -2.532015e-01 6.000002e-03
    endloop
  endfacet
  facet normal -5.097150e-01 -8.504080e-01 1.303720e-01
    outer loop
      vertex   -2.589265e-01 -2.532015e-01 6.000002e-03
      vertex   -2.499058e-01 -2.583702e-01 7.552916e-03
      vertex   -2.588129e-01 -2.530315e-01 7.552916e-03
    endloop
  endfacet
  facet normal -5.906151e-01 -7.963523e-01 1.303720e-01
    outer loop
      vertex   -2.589265e-01 -2.532015e-01 6.000002e-03
      vertex   -2.588129e-01 -2.530315e-01 7.552916e-03
      vertex   -2.672836e-01 -2.470035e-01 6.000002e-03
    endloop
  endfacet
  facet normal -5.906151e-01 -7.963523e-01 1.303720e-01
    outer loop
      vertex   -2.672836e-01 -2.470035e-01 6.000002e-03
      vertex   -2.588129e-01 -2.530315e-01 7.552916e-03
      vertex   -2.671539e-01 -2.468454e-01 7.552916e-03
    endloop
  endfacet
  facet normal -6.658273e-01 -7.346272e-01 1.303720e-01
    outer loop
      vertex   -2.672836e-01 -2.470035e-01 6.000002e-03
      vertex   -2.671539e-01 -2.468454e-01 7.552916e-03
      vertex   -2.749929e-01 -2.400161e-01 6.000002e-03
    endloop
  endfacet
  facet normal -6.658273e-01 -7.346272e-01 1.303720e-01
    outer loop
      vertex   -2.749929e-01 -2.400161e-01 6.000002e-03
      vertex   -2.671539e-01 -2.468454e-01 7.552916e-03
      vertex   -2.748483e-01 -2.398716e-01 7.552916e-03
    endloop
  endfacet
  facet normal -7.346272e-01 -6.658273e-01 1.303720e-01
    outer loop
      vertex   -2.749929e-01 -2.400161e-01 6.000002e-03
      vertex   -2.748483e-01 -2.398716e-01 7.552916e-03
      vertex   -2.819802e-01 -2.323068e-01 6.000002e-03
    endloop
  endfacet
  facet normal -7.346272e-01 -6.658273e-01 1.303720e-01
    outer loop
      vertex   -2.819802e-01 -2.323068e-01 6.000002e-03
      vertex   -2.748483e-01 -2.398716e-01 7.552916e-03
      vertex   -2.818222e-01 -2.321771e-01 7.552916e-03
    endloop
  endfacet
  facet normal -7.963523e-01 -5.906151e-01 1.303720e-01
    outer loop
      vertex   -2.819802e-01 -2.323068e-01 6.000002e-03
      vertex   -2.818222e-01 -2.321771e-01 7.552916e-03
      vertex   -2.881782e-01 -2.239498e-01 6.000002e-03
    endloop
  endfacet
  facet normal -7.963523e-01 -5.906151e-01 1.303720e-01
    outer loop
      vertex   -2.881782e-01 -2.239498e-01 6.000002e-03
      vertex   -2.818222e-01 -2.321771e-01 7.552916e-03
      vertex   -2.880082e-01 -2.238362e-01 7.552916e-03
    endloop
  endfacet
  facet normal -8.504080e-01 -5.097150e-01 1.303720e-01
    outer loop
      vertex   -2.881782e-01 -2.239498e-01 6.000002e-03
      vertex   -2.880082e-01 -2.238362e-01 7.552916e-03
      vertex   -2.935273e-01 -2.150254e-01 6.000002e-03
    endloop
  endfacet
  facet normal -8.504080e-01 -5.097150e-01 1.303720e-01
    outer loop
      vertex   -2.935273e-01 -2.150254e-01 6.000002e-03
      vertex   -2.880082e-01 -2.238362e-01 7.552916e-03
      vertex   -2.933470e-01 -2.149290e-01 7.552916e-03
    endloop
  endfacet
  facet normal -8.962739e-01 -4.239060e-01 1.303720e-01
    outer loop
      vertex   -2.935273e-01 -2.150254e-01 6.000002e-03
      vertex   -2.933470e-01 -2.149290e-01 7.552916e-03
      vertex   -2.979758e-01 -2.056198e-01 6.000002e-03
    endloop
  endfacet
  facet normal -8.962739e-01 -4.239060e-01 1.303720e-01
    outer loop
      vertex   -2.979758e-01 -2.056198e-01 6.000002e-03
      vertex   -2.933470e-01 -2.149290e-01 7.552916e-03
      vertex   -2.977869e-01 -2.055415e-01 7.552916e-03
    endloop
  endfacet
  facet normal -9.335081e-01 -3.340145e-01 1.303720e-01
    outer loop
      vertex   -2.979758e-01 -2.056198e-01 6.000002e-03
      vertex   -2.977869e-01 -2.055415e-01 7.552916e-03
      vertex   -3.014810e-01 -1.958233e-01 6.000002e-03
    endloop
  endfacet
  facet normal -9.335081e-01 -3.340145e-01 1.303720e-01
    outer loop
      vertex   -3.014810e-01 -1.958233e-01 6.000002e-03
      vertex   -2.977869e-01 -2.055415e-01 7.552916e-03
      vertex   -3.012854e-01 -1.957640e-01 7.552916e-03
    endloop
  endfacet
  facet normal -9.617522e-01 -2.409064e-01 1.303720e-01
    outer loop
      vertex   -3.014810e-01 -1.958233e-01 6.000002e-03
      vertex   -3.012854e-01 -1.957640e-01 7.552916e-03
      vertex   -3.040091e-01 -1.857305e-01 6.000002e-03
    endloop
  endfacet
  facet normal -9.617522e-01 -2.409064e-01 1.303720e-01
    outer loop
      vertex   -3.040091e-01 -1.857305e-01 6.000002e-03
      vertex   -3.012854e-01 -1.957640e-01 7.552916e-03
      vertex   -3.038086e-01 -1.856907e-01 7.552916e-03
    endloop
  endfacet
  facet normal -9.807340e-01 -1.454782e-01 1.303720e-01
    outer loop
      vertex   -3.040091e-01 -1.857305e-01 6.000002e-03
      vertex   -3.038086e-01 -1.856907e-01 7.552916e-03
      vertex   -3.055358e-01 -1.754385e-01 6.000002e-03
    endloop
  endfacet
  facet normal -9.807340e-01 -1.454782e-01 1.303720e-01
    outer loop
      vertex   -3.055358e-01 -1.754385e-01 6.000002e-03
      vertex   -3.038086e-01 -1.856907e-01 7.552916e-03
      vertex   -3.053324e-01 -1.754185e-01 7.552916e-03
    endloop
  endfacet
  facet normal -4.534061e-02 -9.229293e-01 3.822901e-01
    outer loop
      vertex   -2.000232e-01 -2.708652e-01 7.552916e-03
      vertex   -2.000232e-01 -2.702658e-01 9.000001e-03
      vertex   -2.103952e-01 -2.703556e-01 7.552916e-03
    endloop
  endfacet
  facet normal -4.534061e-02 -9.229293e-01 3.822901e-01
    outer loop
      vertex   -2.103952e-01 -2.703556e-01 7.552916e-03
      vertex   -2.000232e-01 -2.702658e-01 9.000001e-03
      vertex   -2.103365e-01 -2.697591e-01 9.000001e-03
    endloop
  endfacet
  facet normal -1.355852e-01 -9.140410e-01 3.822901e-01
    outer loop
      vertex   -2.103952e-01 -2.703556e-01 7.552916e-03
      vertex   -2.103365e-01 -2.697591e-01 9.000001e-03
      vertex   -2.206674e-01 -2.688319e-01 7.552916e-03
    endloop
  endfacet
  facet normal -1.355852e-01 -9.140410e-01 3.822901e-01
    outer loop
      vertex   -2.206674e-01 -2.688319e-01 7.552916e-03
      vertex   -2.103365e-01 -2.697591e-01 9.000001e-03
      vertex   -2.205504e-01 -2.682440e-01 9.000001e-03
    endloop
  endfacet
  facet normal -2.245240e-01 -8.963500e-01 3.822901e-01
    outer loop
      vertex   -2.206674e-01 -2.688319e-01 7.552916e-03
      vertex   -2.205504e-01 -2.682440e-01 9.000001e-03
      vertex   -2.307407e-01 -2.663087e-01 7.552916e-03
    endloop
  endfacet
  facet normal -2.245240e-01 -8.963500e-01 3.822901e-01
    outer loop
      vertex   -2.307407e-01 -2.663087e-01 7.552916e-03
      vertex   -2.205504e-01 -2.682440e-01 9.000001e-03
      vertex   -2.305667e-01 -2.657351e-01 9.000001e-03
    endloop
  endfacet
  facet normal -3.113005e-01 -8.700266e-01 3.822901e-01
    outer loop
      vertex   -2.307407e-01 -2.663087e-01 7.552916e-03
      vertex   -2.305667e-01 -2.657351e-01 9.000001e-03
      vertex   -2.405182e-01 -2.628102e-01 7.552916e-03
    endloop
  endfacet
  facet normal -3.113005e-01 -8.700266e-01 3.822901e-01
    outer loop
      vertex   -2.405182e-01 -2.628102e-01 7.552916e-03
      vertex   -2.305667e-01 -2.657351e-01 9.000001e-03
      vertex   -2.402889e-01 -2.622564e-01 9.000001e-03
    endloop
  endfacet
  facet normal -3.950790e-01 -8.353244e-01 3.822901e-01
    outer loop
      vertex   -2.405182e-01 -2.628102e-01 7.552916e-03
      vertex   -2.402889e-01 -2.622564e-01 9.000001e-03
      vertex   -2.499058e-01 -2.583702e-01 7.552916e-03
    endloop
  endfacet
  facet normal -3.950790e-01 -8.353244e-01 3.822901e-01
    outer loop
      vertex   -2.499058e-01 -2.583702e-01 7.552916e-03
      vertex   -2.402889e-01 -2.622564e-01 9.000001e-03
      vertex   -2.496232e-01 -2.578416e-01 9.000001e-03
    endloop
  endfacet
  facet normal -4.750527e-01 -7.925776e-01 3.822901e-01
    outer loop
      vertex   -2.499058e-01 -2.583702e-01 7.552916e-03
      vertex   -2.496232e-01 -2.578416e-01 9.000001e-03
      vertex   -2.588129e-01 -2.530315e-01 7.552916e-03
    endloop
  endfacet
  facet normal -4.750527e-01 -7.925776e-01 3.822901e-01
    outer loop
      vertex   -2.588129e-01 -2.530315e-01 7.552916e-03
      vertex   -2.496232e-01 -2.578416e-01 9.000001e-03
      vertex   -2.584799e-01 -2.525331e-01 9.000001e-03
    endloop
  endfacet
  facet normal -5.504514e-01 -7.421978e-01 3.822901e-01
    outer loop
      vertex   -2.588129e-01 -2.530315e-01 7.552916e-03
      vertex   -2.584799e-01 -2.525331e-01 9.000001e-03
      vertex   -2.671539e-01 -2.468454e-01 7.552916e-03
    endloop
  endfacet
  facet normal -5.504514e-01 -7.421978e-01 3.822901e-01
    outer loop
      vertex   -2.671539e-01 -2.468454e-01 7.552916e-03
      vertex   -2.584799e-01 -2.525331e-01 9.000001e-03
      vertex   -2.667736e-01 -2.463821e-01 9.000001e-03
    endloop
  endfacet
  facet normal -6.205489e-01 -6.846702e-01 3.822901e-01
    outer loop
      vertex   -2.671539e-01 -2.468454e-01 7.552916e-03
      vertex   -2.667736e-01 -2.463821e-01 9.000001e-03
      vertex   -2.748483e-01 -2.398716e-01 7.552916e-03
    endloop
  endfacet
  facet normal -6.205489e-01 -6.846702e-01 3.822901e-01
    outer loop
      vertex   -2.748483e-01 -2.398716e-01 7.552916e-03
      vertex   -2.667736e-01 -2.463821e-01 9.000001e-03
      vertex   -2.744245e-01 -2.394477e-01 9.000001e-03
    endloop
  endfacet
  facet normal -6.846702e-01 -6.205489e-01 3.822901e-01
    outer loop
      vertex   -2.748483e-01 -2.398716e-01 7.552916e-03
      vertex   -2.744245e-01 -2.394477e-01 9.000001e-03
      vertex   -2.818222e-01 -2.321771e-01 7.552916e-03
    endloop
  endfacet
  facet normal -6.846702e-01 -6.205489e-01 3.822901e-01
    outer loop
      vertex   -2.818222e-01 -2.321771e-01 7.552916e-03
      vertex   -2.744245e-01 -2.394477e-01 9.000001e-03
      vertex   -2.813588e-01 -2.317969e-01 9.000001e-03
    endloop
  endfacet
  facet normal -7.421978e-01 -5.504514e-01 3.822901e-01
    outer loop
      vertex   -2.818222e-01 -2.321771e-01 7.552916e-03
      vertex   -2.813588e-01 -2.317969e-01 9.000001e-03
      vertex   -2.880082e-01 -2.238362e-01 7.552916e-03
    endloop
  endfacet
  facet normal -7.421978e-01 -5.504514e-01 3.822901e-01
    outer loop
      vertex   -2.880082e-01 -2.238362e-01 7.552916e-03
      vertex   -2.813588e-01 -2.317969e-01 9.000001e-03
      vertex   -2.875098e-01 -2.235032e-01 9.000001e-03
    endloop
  endfacet
  facet normal -7.925776e-01 -4.750527e-01 3.822901e-01
    outer loop
      vertex   -2.880082e-01 -2.238362e-01 7.552916e-03
      vertex   -2.875098e-01 -2.235032e-01 9.000001e-03
      vertex   -2.933470e-01 -2.149290e-01 7.552916e-03
    endloop
  endfacet
  facet normal -7.925776e-01 -4.750527e-01 3.822901e-01
    outer loop
      vertex   -2.933470e-01 -2.149290e-01 7.552916e-03
      vertex   -2.875098e-01 -2.235032e-01 9.000001e-03
      vertex   -2.928183e-01 -2.146465e-01 9.000001e-03
    endloop
  endfacet
  facet normal -8.353244e-01 -3.950790e-01 3.822901e-01
    outer loop
      vertex   -2.933470e-01 -2.149290e-01 7.552916e-03
      vertex   -2.928183e-01 -2.146465e-01 9.000001e-03
      vertex   -2.977869e-01 -2.055415e-01 7.552916e-03
    endloop
  endfacet
  facet normal -8.353244e-01 -3.950790e-01 3.822901e-01
    outer loop
      vertex   -2.977869e-01 -2.055415e-01 7.552916e-03
      vertex   -2.928183e-01 -2.146465e-01 9.000001e-03
      vertex   -2.972332e-01 -2.053121e-01 9.000001e-03
    endloop
  endfacet
  facet normal -8.700266e-01 -3.113005e-01 3.822901e-01
    outer loop
      vertex   -2.977869e-01 -2.055415e-01 7.552916e-03
      vertex   -2.972332e-01 -2.053121e-01 9.000001e-03
      vertex   -3.012854e-01 -1.957640e-01 7.552916e-03
    endloop
  endfacet
  facet normal -8.700266e-01 -3.113005e-01 3.822901e-01
    outer loop
      vertex   -3.012854e-01 -1.957640e-01 7.552916e-03
      vertex   -2.972332e-01 -2.053121e-01 9.000001e-03
      vertex   -3.007118e-01 -1.955900e-01 9.000001e-03
    endloop
  endfacet
  facet normal -8.963500e-01 -2.245240e-01 3.822901e-01
    outer loop
      vertex   -3.012854e-01 -1.957640e-01 7.552916e-03
      vertex   -3.007118e-01 -1.955900e-01 9.000001e-03
      vertex   -3.038086e-01 -1.856907e-01 7.552916e-03
    endloop
  endfacet
  facet normal -8.963500e-01 -2.245240e-01 3.822901e-01
    outer loop
      vertex   -3.038086e-01 -1.856907e-01 7.552916e-03
      vertex   -3.007118e-01 -1.955900e-01 9.000001e-03
      vertex   -3.032207e-01 -1.855737e-01 9.000001e-03
    endloop
  endfacet
  facet normal -9.140410e-01 -1.355852e-01 3.822901e-01
    outer loop
      vertex   -3.038086e-01 -1.856907e-01 7.552916e-03
      vertex   -3.032207e-01 -1.855737e-01 9.000001e-03
      vertex   -3.053324e-01 -1.754185e-01 7.552916e-03
    endloop
  endfacet
  facet normal -9.140410e-01 -1.355852e-01 3.822901e-01
    outer loop
      vertex   -3.053324e-01 -1.754185e-01 7.552916e-03
      vertex   -3.032207e-01 -1.855737e-01 9.000001e-03
      vertex   -3.047358e-01 -1.753597e-01 9.000001e-03
    endloop
  endfacet
  facet normal -3.894538e-02 -7.927513e-01 6.082998e-01
    outer loop
      vertex   -2.000232e-01 -2.702658e-01 9.000001e-03
      vertex   -2.000232e-01 -2.693123e-01 1.024264e-02
      vertex   -2.103365e-01 -2.697591e-01 9.000001e-03
    endloop
  endfacet
  facet normal -3.894538e-02 -7.927513e-01 6.082998e-01
    outer loop
      vertex   -2.103365e-01 -2.697591e-01 9.000001e-03
      vertex   -2.000232e-01 -2.693123e-01 1.024264e-02
      vertex   -2.102430e-01 -2.688102e-01 1.024264e-02
    endloop
  endfacet
  facet normal -1.164611e-01 -7.851167e-01 6.082998e-01
    outer loop
      vertex   -2.103365e-01 -2.697591e-01 9.000001e-03
      vertex   -2.102430e-01 -2.688102e-01 1.024264e-02
      vertex   -2.205504e-01 -2.682440e-01 9.000001e-03
    endloop
  endfacet
  facet normal -1.164611e-01 -7.851167e-01 6.082998e-01
    outer loop
      vertex   -2.205504e-01 -2.682440e-01 9.000001e-03
      vertex   -2.102430e-01 -2.688102e-01 1.024264e-02
      vertex   -2.203644e-01 -2.673088e-01 1.024264e-02
    endloop
  endfacet
  facet normal -1.928552e-01 -7.699210e-01 6.082998e-01
    outer loop
      vertex   -2.205504e-01 -2.682440e-01 9.000001e-03
      vertex   -2.203644e-01 -2.673088e-01 1.024264e-02
      vertex   -2.305667e-01 -2.657351e-01 9.000001e-03
    endloop
  endfacet
  facet normal -1.928552e-01 -7.699210e-01 6.082998e-01
    outer loop
      vertex   -2.305667e-01 -2.657351e-01 9.000001e-03
      vertex   -2.203644e-01 -2.673088e-01 1.024264e-02
      vertex   -2.302899e-01 -2.648226e-01 1.024264e-02
    endloop
  endfacet
  facet normal -2.673920e-01 -7.473105e-01 6.082998e-01
    outer loop
      vertex   -2.305667e-01 -2.657351e-01 9.000001e-03
      vertex   -2.302899e-01 -2.648226e-01 1.024264e-02
      vertex   -2.402889e-01 -2.622564e-01 9.000001e-03
    endloop
  endfacet
  facet normal -2.673920e-01 -7.473105e-01 6.082998e-01
    outer loop
      vertex   -2.402889e-01 -2.622564e-01 9.000001e-03
      vertex   -2.302899e-01 -2.648226e-01 1.024264e-02
      vertex   -2.399240e-01 -2.613755e-01 1.024264e-02
    endloop
  endfacet
  facet normal -3.393536e-01 -7.175030e-01 6.082998e-01
    outer loop
      vertex   -2.402889e-01 -2.622564e-01 9.000001e-03
      vertex   -2.399240e-01 -2.613755e-01 1.024264e-02
      vertex   -2.496232e-01 -2.578416e-01 9.000001e-03
    endloop
  endfacet
  facet normal -3.393536e-01 -7.175030e-01 6.082998e-01
    outer loop
      vertex   -2.496232e-01 -2.578416e-01 9.000001e-03
      vertex   -2.399240e-01 -2.613755e-01 1.024264e-02
      vertex   -2.491737e-01 -2.570007e-01 1.024264e-02
    endloop
  endfacet
  facet normal -4.080471e-01 -6.807855e-01 6.082998e-01
    outer loop
      vertex   -2.496232e-01 -2.578416e-01 9.000001e-03
      vertex   -2.491737e-01 -2.570007e-01 1.024264e-02
      vertex   -2.584799e-01 -2.525331e-01 9.000001e-03
    endloop
  endfacet
  facet normal -4.080471e-01 -6.807855e-01 6.082998e-01
    outer loop
      vertex   -2.584799e-01 -2.525331e-01 9.000001e-03
      vertex   -2.491737e-01 -2.570007e-01 1.024264e-02
      vertex   -2.579502e-01 -2.517403e-01 1.024264e-02
    endloop
  endfacet
  facet normal -4.728109e-01 -6.375117e-01 6.082998e-01
    outer loop
      vertex   -2.584799e-01 -2.525331e-01 9.000001e-03
      vertex   -2.579502e-01 -2.517403e-01 1.024264e-02
      vertex   -2.667736e-01 -2.463821e-01 9.000001e-03
    endloop
  endfacet
  facet normal -4.728109e-01 -6.375117e-01 6.082998e-01
    outer loop
      vertex   -2.667736e-01 -2.463821e-01 9.000001e-03
      vertex   -2.579502e-01 -2.517403e-01 1.024264e-02
      vertex   -2.661687e-01 -2.456450e-01 1.024264e-02
    endloop
  endfacet
  facet normal -5.330213e-01 -5.880984e-01 6.082998e-01
    outer loop
      vertex   -2.667736e-01 -2.463821e-01 9.000001e-03
      vertex   -2.661687e-01 -2.456450e-01 1.024264e-02
      vertex   -2.744245e-01 -2.394477e-01 9.000001e-03
    endloop
  endfacet
  facet normal -5.330213e-01 -5.880984e-01 6.082998e-01
    outer loop
      vertex   -2.744245e-01 -2.394477e-01 9.000001e-03
      vertex   -2.661687e-01 -2.456450e-01 1.024264e-02
      vertex   -2.737502e-01 -2.387735e-01 1.024264e-02
    endloop
  endfacet
  facet normal -5.880984e-01 -5.330213e-01 6.082998e-01
    outer loop
      vertex   -2.744245e-01 -2.394477e-01 9.000001e-03
      vertex   -2.737502e-01 -2.387735e-01 1.024264e-02
      vertex   -2.813588e-01 -2.317969e-01 9.000001e-03
    endloop
  endfacet
  facet normal -5.880984e-01 -5.330213e-01 6.082998e-01
    outer loop
      vertex   -2.813588e-01 -2.317969e-01 9.000001e-03
      vertex   -2.737502e-01 -2.387735e-01 1.024264e-02
      vertex   -2.806217e-01 -2.311920e-01 1.024264e-02
    endloop
  endfacet
  facet normal -6.375117e-01 -4.728109e-01 6.082998e-01
    outer loop
      vertex   -2.813588e-01 -2.317969e-01 9.000001e-03
      vertex   -2.806217e-01 -2.311920e-01 1.024264e-02
      vertex   -2.875098e-01 -2.235032e-01 9.000001e-03
    endloop
  endfacet
  facet normal -6.375117e-01 -4.728109e-01 6.082998e-01
    outer loop
      vertex   -2.875098e-01 -2.235032e-01 9.000001e-03
      vertex   -2.806217e-01 -2.311920e-01 1.024264e-02
      vertex   -2.867170e-01 -2.229734e-01 1.024264e-02
    endloop
  endfacet
  facet normal -6.807855e-01 -4.080471e-01 6.082998e-01
    outer loop
      vertex   -2.875098e-01 -2.235032e-01 9.000001e-03
      vertex   -2.867170e-01 -2.229734e-01 1.024264e-02
      vertex   -2.928183e-01 -2.146465e-01 9.000001e-03
    endloop
  endfacet
  facet normal -6.807855e-01 -4.080471e-01 6.082998e-01
    outer loop
      vertex   -2.928183e-01 -2.146465e-01 9.000001e-03
      vertex   -2.867170e-01 -2.229734e-01 1.024264e-02
      vertex   -2.919774e-01 -2.141970e-01 1.024264e-02
    endloop
  endfacet
  facet normal -7.175030e-01 -3.393536e-01 6.082998e-01
    outer loop
      vertex   -2.928183e-01 -2.146465e-01 9.000001e-03
      vertex   -2.919774e-01 -2.141970e-01 1.024264e-02
      vertex   -2.972332e-01 -2.053121e-01 9.000001e-03
    endloop
  endfacet
  facet normal -7.175030e-01 -3.393536e-01 6.082998e-01
    outer loop
      vertex   -2.972332e-01 -2.053121e-01 9.000001e-03
      vertex   -2.919774e-01 -2.141970e-01 1.024264e-02
      vertex   -2.963522e-01 -2.049472e-01 1.024264e-02
    endloop
  endfacet
  facet normal -7.473105e-01 -2.673920e-01 6.082998e-01
    outer loop
      vertex   -2.972332e-01 -2.053121e-01 9.000001e-03
      vertex   -2.963522e-01 -2.049472e-01 1.024264e-02
      vertex   -3.007118e-01 -1.955900e-01 9.000001e-03
    endloop
  endfacet
  facet normal -7.473105e-01 -2.673920e-01 6.082998e-01
    outer loop
      vertex   -3.007118e-01 -1.955900e-01 9.000001e-03
      vertex   -2.963522e-01 -2.049472e-01 1.024264e-02
      vertex   -2.997993e-01 -1.953132e-01 1.024264e-02
    endloop
  endfacet
  facet normal -7.699210e-01 -1.928552e-01 6.082998e-01
    outer loop
      vertex   -3.007118e-01 -1.955900e-01 9.000001e-03
      vertex   -2.997993e-01 -1.953132e-01 1.024264e-02
      vertex   -3.032207e-01 -1.855737e-01 9.000001e-03
    endloop
  endfacet
  facet normal -7.699210e-01 -1.928552e-01 6.082998e-01
    outer loop
      vertex   -3.032207e-01 -1.855737e-01 9.000001e-03
      vertex   -2.997993e-01 -1.953132e-01 1.024264e-02
      vertex   -3.022855e-01 -1.853877e-01 1.024264e-02
    endloop
  endfacet
  facet normal -7.851167e-01 -1.164611e-01 6.082998e-01
    outer loop
      vertex   -3.032207e-01 -1.855737e-01 9.000001e-03
      vertex   -3.022855e-01 -1.853877e-01 1.024264e-02
      vertex   -3.047358e-01 -1.753597e-01 9.000001e-03
    endloop
  endfacet
  facet normal -7.851167e-01 -1.164611e-01 6.082998e-01
    outer loop
      vertex   -3.047358e-01 -1.753597e-01 9.000001e-03
      vertex   -3.022855e-01 -1.853877e-01 1.024264e-02
      vertex   -3.037869e-01 -1.752663e-01 1.024264e-02
    endloop
  endfacet
  facet normal -2.989316e-02 -6.084893e-01 7.929989e-01
    outer loop
      vertex   -2.000232e-01 -2.693123e-01 1.024264e-02
      vertex   -2.000232e-01 -2.680696e-01 1.119615e-02
      vertex   -2.102430e-01 -2.688102e-01 1.024264e-02
    endloop
  endfacet
  facet normal -2.989316e-02 -6.084893e-01 7.929989e-01
    outer loop
      vertex   -2.102430e-01 -2.688102e-01 1.024264e-02
      vertex   -2.000232e-01 -2.680696e-01 1.119615e-02
      vertex   -2.101212e-01 -2.675735e-01 1.119615e-02
    endloop
  endfacet
  facet normal -8.939159e-02 -6.026292e-01 7.929989e-01
    outer loop
      vertex   -2.102430e-01 -2.688102e-01 1.024264e-02
      vertex   -2.101212e-01 -2.675735e-01 1.119615e-02
      vertex   -2.203644e-01 -2.673088e-01 1.024264e-02
    endloop
  endfacet
  facet normal -8.939159e-02 -6.026292e-01 7.929989e-01
    outer loop
      vertex   -2.203644e-01 -2.673088e-01 1.024264e-02
      vertex   -2.101212e-01 -2.675735e-01 1.119615e-02
      vertex   -2.201220e-01 -2.660901e-01 1.119615e-02
    endloop
  endfacet
  facet normal -1.480291e-01 -5.909654e-01 7.929989e-01
    outer loop
      vertex   -2.203644e-01 -2.673088e-01 1.024264e-02
      vertex   -2.201220e-01 -2.660901e-01 1.119615e-02
      vertex   -2.302899e-01 -2.648226e-01 1.024264e-02
    endloop
  endfacet
  facet normal -1.480291e-01 -5.909654e-01 7.929989e-01
    outer loop
      vertex   -2.302899e-01 -2.648226e-01 1.024264e-02
      vertex   -2.201220e-01 -2.660901e-01 1.119615e-02
      vertex   -2.299292e-01 -2.636335e-01 1.119615e-02
    endloop
  endfacet
  facet normal -2.052411e-01 -5.736104e-01 7.929989e-01
    outer loop
      vertex   -2.302899e-01 -2.648226e-01 1.024264e-02
      vertex   -2.299292e-01 -2.636335e-01 1.119615e-02
      vertex   -2.399240e-01 -2.613755e-01 1.024264e-02
    endloop
  endfacet
  facet normal -2.052411e-01 -5.736104e-01 7.929989e-01
    outer loop
      vertex   -2.399240e-01 -2.613755e-01 1.024264e-02
      vertex   -2.299292e-01 -2.636335e-01 1.119615e-02
      vertex   -2.394484e-01 -2.602274e-01 1.119615e-02
    endloop
  endfacet
  facet normal -2.604764e-01 -5.507311e-01 7.929989e-01
    outer loop
      vertex   -2.399240e-01 -2.613755e-01 1.024264e-02
      vertex   -2.394484e-01 -2.602274e-01 1.119615e-02
      vertex   -2.491737e-01 -2.570007e-01 1.024264e-02
    endloop
  endfacet
  facet normal -2.604764e-01 -5.507311e-01 7.929989e-01
    outer loop
      vertex   -2.491737e-01 -2.570007e-01 1.024264e-02
      vertex   -2.394484e-01 -2.602274e-01 1.119615e-02
      vertex   -2.485880e-01 -2.559048e-01 1.119615e-02
    endloop
  endfacet
  facet normal -3.132033e-01 -5.225481e-01 7.929989e-01
    outer loop
      vertex   -2.491737e-01 -2.570007e-01 1.024264e-02
      vertex   -2.485880e-01 -2.559048e-01 1.119615e-02
      vertex   -2.579502e-01 -2.517403e-01 1.024264e-02
    endloop
  endfacet
  facet normal -3.132033e-01 -5.225481e-01 7.929989e-01
    outer loop
      vertex   -2.579502e-01 -2.517403e-01 1.024264e-02
      vertex   -2.485880e-01 -2.559048e-01 1.119615e-02
      vertex   -2.572598e-01 -2.507071e-01 1.119615e-02
    endloop
  endfacet
  facet normal -3.629138e-01 -4.893326e-01 7.929989e-01
    outer loop
      vertex   -2.579502e-01 -2.517403e-01 1.024264e-02
      vertex   -2.572598e-01 -2.507071e-01 1.119615e-02
      vertex   -2.661687e-01 -2.456450e-01 1.024264e-02
    endloop
  endfacet
  facet normal -3.629138e-01 -4.893326e-01 7.929989e-01
    outer loop
      vertex   -2.661687e-01 -2.456450e-01 1.024264e-02
      vertex   -2.572598e-01 -2.507071e-01 1.119615e-02
      vertex   -2.653804e-01 -2.446844e-01 1.119615e-02
    endloop
  endfacet
  facet normal -4.091292e-01 -4.514045e-01 7.929989e-01
    outer loop
      vertex   -2.661687e-01 -2.456450e-01 1.024264e-02
      vertex   -2.653804e-01 -2.446844e-01 1.119615e-02
      vertex   -2.737502e-01 -2.387735e-01 1.024264e-02
    endloop
  endfacet
  facet normal -4.091292e-01 -4.514045e-01 7.929989e-01
    outer loop
      vertex   -2.737502e-01 -2.387735e-01 1.024264e-02
      vertex   -2.653804e-01 -2.446844e-01 1.119615e-02
      vertex   -2.728716e-01 -2.378948e-01 1.119615e-02
    endloop
  endfacet
  facet normal -4.514045e-01 -4.091292e-01 7.929989e-01
    outer loop
      vertex   -2.737502e-01 -2.387735e-01 1.024264e-02
      vertex   -2.728716e-01 -2.378948e-01 1.119615e-02
      vertex   -2.806217e-01 -2.311920e-01 1.024264e-02
    endloop
  endfacet
  facet normal -4.514045e-01 -4.091292e-01 7.929989e-01
    outer loop
      vertex   -2.806217e-01 -2.311920e-01 1.024264e-02
      vertex   -2.728716e-01 -2.378948e-01 1.119615e-02
      vertex   -2.796612e-01 -2.304037e-01 1.119615e-02
    endloop
  endfacet
  facet normal -4.893326e-01 -3.629138e-01 7.929989e-01
    outer loop
      vertex   -2.806217e-01 -2.311920e-01 1.024264e-02
      vertex   -2.796612e-01 -2.304037e-01 1.119615e-02
      vertex   -2.867170e-01 -2.229734e-01 1.024264e-02
    endloop
  endfacet
  facet normal -4.893326e-01 -3.629138e-01 7.929989e-01
    outer loop
      vertex   -2.867170e-01 -2.229734e-01 1.024264e-02
      vertex   -2.796612e-01 -2.304037e-01 1.119615e-02
      vertex   -2.856838e-01 -2.222830e-01 1.119615e-02
    endloop
  endfacet
  facet normal -5.225481e-01 -3.132033e-01 7.929989e-01
    outer loop
      vertex   -2.867170e-01 -2.229734e-01 1.024264e-02
      vertex   -2.856838e-01 -2.222830e-01 1.119615e-02
      vertex   -2.919774e-01 -2.141970e-01 1.024264e-02
    endloop
  endfacet
  facet normal -5.225481e-01 -3.132033e-01 7.929989e-01
    outer loop
      vertex   -2.919774e-01 -2.141970e-01 1.024264e-02
      vertex   -2.856838e-01 -2.222830e-01 1.119615e-02
      vertex   -2.908815e-01 -2.136112e-01 1.119615e-02
    endloop
  endfacet
  facet normal -5.507311e-01 -2.604764e-01 7.929989e-01
    outer loop
      vertex   -2.919774e-01 -2.141970e-01 1.024264e-02
      vertex   -2.908815e-01 -2.136112e-01 1.119615e-02
      vertex   -2.963522e-01 -2.049472e-01 1.024264e-02
    endloop
  endfacet
  facet normal -5.507311e-01 -2.604764e-01 7.929989e-01
    outer loop
      vertex   -2.963522e-01 -2.049472e-01 1.024264e-02
      vertex   -2.908815e-01 -2.136112e-01 1.119615e-02
      vertex   -2.952042e-01 -2.044717e-01 1.119615e-02
    endloop
  endfacet
  facet normal -5.736104e-01 -2.052411e-01 7.929989e-01
    outer loop
      vertex   -2.963522e-01 -2.049472e-01 1.024264e-02
      vertex   -2.952042e-01 -2.044717e-01 1.119615e-02
      vertex   -2.997993e-01 -1.953132e-01 1.024264e-02
    endloop
  endfacet
  facet normal -5.736104e-01 -2.052411e-01 7.929989e-01
    outer loop
      vertex   -2.997993e-01 -1.953132e-01 1.024264e-02
      vertex   -2.952042e-01 -2.044717e-01 1.119615e-02
      vertex   -2.986102e-01 -1.949525e-01 1.119615e-02
    endloop
  endfacet
  facet normal -5.909654e-01 -1.480291e-01 7.929989e-01
    outer loop
      vertex   -2.997993e-01 -1.953132e-01 1.024264e-02
      vertex   -2.986102e-01 -1.949525e-01 1.119615e-02
      vertex   -3.022855e-01 -1.853877e-01 1.024264e-02
    endloop
  endfacet
  facet normal -5.909654e-01 -1.480291e-01 7.929989e-01
    outer loop
      vertex   -3.022855e-01 -1.853877e-01 1.024264e-02
      vertex   -2.986102e-01 -1.949525e-01 1.119615e-02
      vertex   -3.010668e-01 -1.851453e-01 1.119615e-02
    endloop
  endfacet
  facet normal -6.026292e-01 -8.939159e-02 7.929989e-01
    outer loop
      vertex   -3.022855e-01 -1.853877e-01 1.024264e-02
      vertex   -3.010668e-01 -1.851453e-01 1.119615e-02
      vertex   -3.037869e-01 -1.752663e-01 1.024264e-02
    endloop
  endfacet
  facet normal -6.026292e-01 -8.939159e-02 7.929989e-01
    outer loop
      vertex   -3.037869e-01 -1.752663e-01 1.024264e-02
      vertex   -3.010668e-01 -1.851453e-01 1.119615e-02
      vertex   -3.025503e-01 -1.751445e-01 1.119615e-02
    endloop
  endfacet
  facet normal -1.879671e-02 -3.826157e-01 9.237163e-01
    outer loop
      vertex   -2.000232e-01 -2.680696e-01 1.119615e-02
      vertex   -2.000232e-01 -2.666225e-01 1.179556e-02
      vertex   -2.101212e-01 -2.675735e-01 1.119615e-02
    endloop
  endfacet
  facet normal -1.879671e-02 -3.826157e-01 9.237163e-01
    outer loop
      vertex   -2.101212e-01 -2.675735e-01 1.119615e-02
      vertex   -2.000232e-01 -2.666225e-01 1.179556e-02
      vertex   -2.099794e-01 -2.661334e-01 1.179556e-02
    endloop
  endfacet
  facet normal -5.620909e-02 -3.789309e-01 9.237163e-01
    outer loop
      vertex   -2.101212e-01 -2.675735e-01 1.119615e-02
      vertex   -2.099794e-01 -2.661334e-01 1.179556e-02
      vertex   -2.201220e-01 -2.660901e-01 1.119615e-02
    endloop
  endfacet
  facet normal -5.620909e-02 -3.789309e-01 9.237163e-01
    outer loop
      vertex   -2.201220e-01 -2.660901e-01 1.119615e-02
      vertex   -2.099794e-01 -2.661334e-01 1.179556e-02
      vertex   -2.198397e-01 -2.646708e-01 1.179556e-02
    endloop
  endfacet
  facet normal -9.308016e-02 -3.715968e-01 9.237163e-01
    outer loop
      vertex   -2.201220e-01 -2.660901e-01 1.119615e-02
      vertex   -2.198397e-01 -2.646708e-01 1.179556e-02
      vertex   -2.299292e-01 -2.636335e-01 1.119615e-02
    endloop
  endfacet
  facet normal -9.308016e-02 -3.715968e-01 9.237163e-01
    outer loop
      vertex   -2.299292e-01 -2.636335e-01 1.119615e-02
      vertex   -2.198397e-01 -2.646708e-01 1.179556e-02
      vertex   -2.295092e-01 -2.622487e-01 1.179556e-02
    endloop
  endfacet
  facet normal -1.290548e-01 -3.606840e-01 9.237163e-01
    outer loop
      vertex   -2.299292e-01 -2.636335e-01 1.119615e-02
      vertex   -2.295092e-01 -2.622487e-01 1.179556e-02
      vertex   -2.394484e-01 -2.602274e-01 1.119615e-02
    endloop
  endfacet
  facet normal -1.290548e-01 -3.606840e-01 9.237163e-01
    outer loop
      vertex   -2.394484e-01 -2.602274e-01 1.119615e-02
      vertex   -2.295092e-01 -2.622487e-01 1.179556e-02
      vertex   -2.388947e-01 -2.588905e-01 1.179556e-02
    endloop
  endfacet
  facet normal -1.637866e-01 -3.462977e-01 9.237163e-01
    outer loop
      vertex   -2.394484e-01 -2.602274e-01 1.119615e-02
      vertex   -2.388947e-01 -2.588905e-01 1.179556e-02
      vertex   -2.485880e-01 -2.559048e-01 1.119615e-02
    endloop
  endfacet
  facet normal -1.637866e-01 -3.462977e-01 9.237163e-01
    outer loop
      vertex   -2.485880e-01 -2.559048e-01 1.119615e-02
      vertex   -2.388947e-01 -2.588905e-01 1.179556e-02
      vertex   -2.479058e-01 -2.546286e-01 1.179556e-02
    endloop
  endfacet
  facet normal -1.969410e-01 -3.285762e-01 9.237163e-01
    outer loop
      vertex   -2.485880e-01 -2.559048e-01 1.119615e-02
      vertex   -2.479058e-01 -2.546286e-01 1.179556e-02
      vertex   -2.572598e-01 -2.507071e-01 1.119615e-02
    endloop
  endfacet
  facet normal -1.969410e-01 -3.285762e-01 9.237163e-01
    outer loop
      vertex   -2.572598e-01 -2.507071e-01 1.119615e-02
      vertex   -2.479058e-01 -2.546286e-01 1.179556e-02
      vertex   -2.564558e-01 -2.495039e-01 1.179556e-02
    endloop
  endfacet
  facet normal -2.281988e-01 -3.076905e-01 9.237163e-01
    outer loop
      vertex   -2.572598e-01 -2.507071e-01 1.119615e-02
      vertex   -2.564558e-01 -2.495039e-01 1.179556e-02
      vertex   -2.653804e-01 -2.446844e-01 1.119615e-02
    endloop
  endfacet
  facet normal -2.281988e-01 -3.076905e-01 9.237163e-01
    outer loop
      vertex   -2.653804e-01 -2.446844e-01 1.119615e-02
      vertex   -2.564558e-01 -2.495039e-01 1.179556e-02
      vertex   -2.644624e-01 -2.435658e-01 1.179556e-02
    endloop
  endfacet
  facet normal -2.572589e-01 -2.838415e-01 9.237163e-01
    outer loop
      vertex   -2.653804e-01 -2.446844e-01 1.119615e-02
      vertex   -2.644624e-01 -2.435658e-01 1.179556e-02
      vertex   -2.728716e-01 -2.378948e-01 1.119615e-02
    endloop
  endfacet
  facet normal -2.572589e-01 -2.838415e-01 9.237163e-01
    outer loop
      vertex   -2.728716e-01 -2.378948e-01 1.119615e-02
      vertex   -2.644624e-01 -2.435658e-01 1.179556e-02
      vertex   -2.718483e-01 -2.368716e-01 1.179556e-02
    endloop
  endfacet
  facet normal -2.838415e-01 -2.572589e-01 9.237163e-01
    outer loop
      vertex   -2.728716e-01 -2.378948e-01 1.119615e-02
      vertex   -2.718483e-01 -2.368716e-01 1.179556e-02
      vertex   -2.796612e-01 -2.304037e-01 1.119615e-02
    endloop
  endfacet
  facet normal -2.838415e-01 -2.572589e-01 9.237163e-01
    outer loop
      vertex   -2.796612e-01 -2.304037e-01 1.119615e-02
      vertex   -2.718483e-01 -2.368716e-01 1.179556e-02
      vertex   -2.785426e-01 -2.294856e-01 1.179556e-02
    endloop
  endfacet
  facet normal -3.076905e-01 -2.281988e-01 9.237163e-01
    outer loop
      vertex   -2.796612e-01 -2.304037e-01 1.119615e-02
      vertex   -2.785426e-01 -2.294856e-01 1.179556e-02
      vertex   -2.856838e-01 -2.222830e-01 1.119615e-02
    endloop
  endfacet
  facet normal -3.076905e-01 -2.281988e-01 9.237163e-01
    outer loop
      vertex   -2.856838e-01 -2.222830e-01 1.119615e-02
      vertex   -2.785426e-01 -2.294856e-01 1.179556e-02
      vertex   -2.844806e-01 -2.214791e-01 1.179556e-02
    endloop
  endfacet
  facet normal -3.285762e-01 -1.969410e-01 9.237163e-01
    outer loop
      vertex   -2.856838e-01 -2.222830e-01 1.119615e-02
      vertex   -2.844806e-01 -2.214791e-01 1.179556e-02
      vertex   -2.908815e-01 -2.136112e-01 1.119615e-02
    endloop
  endfacet
  facet normal -3.285762e-01 -1.969410e-01 9.237163e-01
    outer loop
      vertex   -2.908815e-01 -2.136112e-01 1.119615e-02
      vertex   -2.844806e-01 -2.214791e-01 1.179556e-02
      vertex   -2.896053e-01 -2.129291e-01 1.179556e-02
    endloop
  endfacet
  facet normal -3.462977e-01 -1.637866e-01 9.237163e-01
    outer loop
      vertex   -2.908815e-01 -2.136112e-01 1.119615e-02
      vertex   -2.896053e-01 -2.129291e-01 1.179556e-02
      vertex   -2.952042e-01 -2.044717e-01 1.119615e-02
    endloop
  endfacet
  facet normal -3.462977e-01 -1.637866e-01 9.237163e-01
    outer loop
      vertex   -2.952042e-01 -2.044717e-01 1.119615e-02
      vertex   -2.896053e-01 -2.129291e-01 1.179556e-02
      vertex   -2.938672e-01 -2.039179e-01 1.179556e-02
    endloop
  endfacet
  facet normal -3.606840e-01 -1.290548e-01 9.237163e-01
    outer loop
      vertex   -2.952042e-01 -2.044717e-01 1.119615e-02
      vertex   -2.938672e-01 -2.039179e-01 1.179556e-02
      vertex   -2.986102e-01 -1.949525e-01 1.119615e-02
    endloop
  endfacet
  facet normal -3.606840e-01 -1.290548e-01 9.237163e-01
    outer loop
      vertex   -2.986102e-01 -1.949525e-01 1.119615e-02
      vertex   -2.938672e-01 -2.039179e-01 1.179556e-02
      vertex   -2.972254e-01 -1.945324e-01 1.179556e-02
    endloop
  endfacet
  facet normal -3.715968e-01 -9.308016e-02 9.237163e-01
    outer loop
      vertex   -2.986102e-01 -1.949525e-01 1.119615e-02
      vertex   -2.972254e-01 -1.945324e-01 1.179556e-02
      vertex   -3.010668e-01 -1.851453e-01 1.119615e-02
    endloop
  endfacet
  facet normal -3.715968e-01 -9.308016e-02 9.237163e-01
    outer loop
      vertex   -3.010668e-01 -1.851453e-01 1.119615e-02
      vertex   -2.972254e-01 -1.945324e-01 1.179556e-02
      vertex   -2.996475e-01 -1.848630e-01 1.179556e-02
    endloop
  endfacet
  facet normal -3.789309e-01 -5.620909e-02 9.237163e-01
    outer loop
      vertex   -3.010668e-01 -1.851453e-01 1.119615e-02
      vertex   -2.996475e-01 -1.848630e-01 1.179556e-02
      vertex   -3.025503e-01 -1.751445e-01 1.119615e-02
    endloop
  endfacet
  facet normal -3.789309e-01 -5.620909e-02 9.237163e-01
    outer loop
      vertex   -3.025503e-01 -1.751445e-01 1.119615e-02
      vertex   -2.996475e-01 -1.848630e-01 1.179556e-02
      vertex   -3.011101e-01 -1.750026e-01 1.179556e-02
    endloop
  endfacet
  facet normal -6.412207e-03 -1.305235e-01 9.914245e-01
    outer loop
      vertex   -2.000232e-01 -2.666225e-01 1.179556e-02
      vertex   -2.000232e-01 -2.650696e-01 1.200000e-02
      vertex   -2.099794e-01 -2.661334e-01 1.179556e-02
    endloop
  endfacet
  facet normal -6.412207e-03 -1.305235e-01 9.914245e-01
    outer loop
      vertex   -2.099794e-01 -2.661334e-01 1.179556e-02
      vertex   -2.000232e-01 -2.650696e-01 1.200000e-02
      vertex   -2.098272e-01 -2.645880e-01 1.200000e-02
    endloop
  endfacet
  facet normal -1.917487e-02 -1.292665e-01 9.914245e-01
    outer loop
      vertex   -2.099794e-01 -2.661334e-01 1.179556e-02
      vertex   -2.098272e-01 -2.645880e-01 1.200000e-02
      vertex   -2.198397e-01 -2.646708e-01 1.179556e-02
    endloop
  endfacet
  facet normal -1.917487e-02 -1.292665e-01 9.914245e-01
    outer loop
      vertex   -2.198397e-01 -2.646708e-01 1.179556e-02
      vertex   -2.098272e-01 -2.645880e-01 1.200000e-02
      vertex   -2.195367e-01 -2.631477e-01 1.200000e-02
    endloop
  endfacet
  facet normal -3.175287e-02 -1.267645e-01 9.914245e-01
    outer loop
      vertex   -2.198397e-01 -2.646708e-01 1.179556e-02
      vertex   -2.195367e-01 -2.631477e-01 1.200000e-02
      vertex   -2.295092e-01 -2.622487e-01 1.179556e-02
    endloop
  endfacet
  facet normal -3.175287e-02 -1.267645e-01 9.914245e-01
    outer loop
      vertex   -2.295092e-01 -2.622487e-01 1.179556e-02
      vertex   -2.195367e-01 -2.631477e-01 1.200000e-02
      vertex   -2.290584e-01 -2.607627e-01 1.200000e-02
    endloop
  endfacet
  facet normal -4.402507e-02 -1.230418e-01 9.914245e-01
    outer loop
      vertex   -2.295092e-01 -2.622487e-01 1.179556e-02
      vertex   -2.290584e-01 -2.607627e-01 1.200000e-02
      vertex   -2.388947e-01 -2.588905e-01 1.179556e-02
    endloop
  endfacet
  facet normal -4.402507e-02 -1.230418e-01 9.914245e-01
    outer loop
      vertex   -2.388947e-01 -2.588905e-01 1.179556e-02
      vertex   -2.290584e-01 -2.607627e-01 1.200000e-02
      vertex   -2.383004e-01 -2.574558e-01 1.200000e-02
    endloop
  endfacet
  facet normal -5.587328e-02 -1.181341e-01 9.914245e-01
    outer loop
      vertex   -2.388947e-01 -2.588905e-01 1.179556e-02
      vertex   -2.383004e-01 -2.574558e-01 1.200000e-02
      vertex   -2.479058e-01 -2.546286e-01 1.179556e-02
    endloop
  endfacet
  facet normal -5.587328e-02 -1.181341e-01 9.914245e-01
    outer loop
      vertex   -2.479058e-01 -2.546286e-01 1.179556e-02
      vertex   -2.383004e-01 -2.574558e-01 1.200000e-02
      vertex   -2.471738e-01 -2.532590e-01 1.200000e-02
    endloop
  endfacet
  facet normal -6.718340e-02 -1.120887e-01 9.914245e-01
    outer loop
      vertex   -2.479058e-01 -2.546286e-01 1.179556e-02
      vertex   -2.471738e-01 -2.532590e-01 1.200000e-02
      vertex   -2.564558e-01 -2.495039e-01 1.179556e-02
    endloop
  endfacet
  facet normal -6.718340e-02 -1.120887e-01 9.914245e-01
    outer loop
      vertex   -2.564558e-01 -2.495039e-01 1.179556e-02
      vertex   -2.471738e-01 -2.532590e-01 1.200000e-02
      vertex   -2.555931e-01 -2.482127e-01 1.200000e-02
    endloop
  endfacet
  facet normal -7.784651e-02 -1.049639e-01 9.914245e-01
    outer loop
      vertex   -2.564558e-01 -2.495039e-01 1.179556e-02
      vertex   -2.555931e-01 -2.482127e-01 1.200000e-02
      vertex   -2.644624e-01 -2.435658e-01 1.179556e-02
    endloop
  endfacet
  facet normal -7.784651e-02 -1.049639e-01 9.914245e-01
    outer loop
      vertex   -2.644624e-01 -2.435658e-01 1.179556e-02
      vertex   -2.555931e-01 -2.482127e-01 1.200000e-02
      vertex   -2.634772e-01 -2.423654e-01 1.200000e-02
    endloop
  endfacet
  facet normal -8.775992e-02 -9.682815e-02 9.914245e-01
    outer loop
      vertex   -2.644624e-01 -2.435658e-01 1.179556e-02
      vertex   -2.634772e-01 -2.423654e-01 1.200000e-02
      vertex   -2.718483e-01 -2.368716e-01 1.179556e-02
    endloop
  endfacet
  facet normal -8.775992e-02 -9.682815e-02 9.914245e-01
    outer loop
      vertex   -2.718483e-01 -2.368716e-01 1.179556e-02
      vertex   -2.634772e-01 -2.423654e-01 1.200000e-02
      vertex   -2.707502e-01 -2.357735e-01 1.200000e-02
    endloop
  endfacet
  facet normal -9.682815e-02 -8.775992e-02 9.914245e-01
    outer loop
      vertex   -2.718483e-01 -2.368716e-01 1.179556e-02
      vertex   -2.707502e-01 -2.357735e-01 1.200000e-02
      vertex   -2.785426e-01 -2.294856e-01 1.179556e-02
    endloop
  endfacet
  facet normal -9.682815e-02 -8.775992e-02 9.914245e-01
    outer loop
      vertex   -2.785426e-01 -2.294856e-01 1.179556e-02
      vertex   -2.707502e-01 -2.357735e-01 1.200000e-02
      vertex   -2.773421e-01 -2.285005e-01 1.200000e-02
    endloop
  endfacet
  facet normal -1.049639e-01 -7.784651e-02 9.914245e-01
    outer loop
      vertex   -2.785426e-01 -2.294856e-01 1.179556e-02
      vertex   -2.773421e-01 -2.285005e-01 1.200000e-02
      vertex   -2.844806e-01 -2.214791e-01 1.179556e-02
    endloop
  endfacet
  facet normal -1.049639e-01 -7.784651e-02 9.914245e-01
    outer loop
      vertex   -2.844806e-01 -2.214791e-01 1.179556e-02
      vertex   -2.773421e-01 -2.285005e-01 1.200000e-02
      vertex   -2.831894e-01 -2.206163e-01 1.200000e-02
    endloop
  endfacet
  facet normal -1.120887e-01 -6.718340e-02 9.914245e-01
    outer loop
      vertex   -2.844806e-01 -2.214791e-01 1.179556e-02
      vertex   -2.831894e-01 -2.206163e-01 1.200000e-02
      vertex   -2.896053e-01 -2.129291e-01 1.179556e-02
    endloop
  endfacet
  facet normal -1.120887e-01 -6.718340e-02 9.914245e-01
    outer loop
      vertex   -2.896053e-01 -2.129291e-01 1.179556e-02
      vertex   -2.831894e-01 -2.206163e-01 1.200000e-02
      vertex   -2.882357e-01 -2.121970e-01 1.200000e-02
    endloop
  endfacet
  facet normal -1.181341e-01 -5.587328e-02 9.914245e-01
    outer loop
      vertex   -2.896053e-01 -2.129291e-01 1.179556e-02
      vertex   -2.882357e-01 -2.121970e-01 1.200000e-02
      vertex   -2.938672e-01 -2.039179e-01 1.179556e-02
    endloop
  endfacet
  facet normal -1.181341e-01 -5.587328e-02 9.914245e-01
    outer loop
      vertex   -2.938672e-01 -2.039179e-01 1.179556e-02
      vertex   -2.882357e-01 -2.121970e-01 1.200000e-02
      vertex   -2.924325e-01 -2.033237e-01 1.200000e-02
    endloop
  endfacet
  facet normal -1.230418e-01 -4.402507e-02 9.914245e-01
    outer loop
      vertex   -2.938672e-01 -2.039179e-01 1.179556e-02
      vertex   -2.924325e-01 -2.033237e-01 1.200000e-02
      vertex   -2.972254e-01 -1.945324e-01 1.179556e-02
    endloop
  endfacet
  facet normal -1.230418e-01 -4.402507e-02 9.914245e-01
    outer loop
      vertex   -2.972254e-01 -1.945324e-01 1.179556e-02
      vertex   -2.924325e-01 -2.033237e-01 1.200000e-02
      vertex   -2.957394e-01 -1.940816e-01 1.200000e-02
    endloop
  endfacet
  facet normal -1.267645e-01 -3.175287e-02 9.914245e-01
    outer loop
      vertex   -2.972254e-01 -1.945324e-01 1.179556e-02
      vertex   -2.957394e-01 -1.940816e-01 1.200000e-02
      vertex   -2.996475e-01 -1.848630e-01 1.179556e-02
    endloop
  endfacet
  facet normal -1.267645e-01 -3.175287e-02 9.914245e-01
    outer loop
      vertex   -2.996475e-01 -1.848630e-01 1.179556e-02
      vertex   -2.957394e-01 -1.940816e-01 1.200000e-02
      vertex   -2.981244e-01 -1.845600e-01 1.200000e-02
    endloop
  endfacet
  facet normal -1.292665e-01 -1.917487e-02 9.914245e-01
    outer loop
      vertex   -2.996475e-01 -1.848630e-01 1.179556e-02
      vertex   -2.981244e-01 -1.845600e-01 1.200000e-02
      vertex   -3.011101e-01 -1.750026e-01 1.179556e-02
    endloop
  endfacet
  facet normal -1.292665e-01 -1.917487e-02 9.914245e-01
    outer loop
      vertex   -3.011101e-01 -1.750026e-01 1.179556e-02
      vertex   -2.981244e-01 -1.845600e-01 1.200000e-02
      vertex   -2.995647e-01 -1.748504e-01 1.200000e-02
    endloop
  endfacet
  facet normal 4.906767e-02 9.987955e-01 -3.720803e-07
    outer loop
      vertex   -2.000232e-01 -2.650696e-01 1.200000e-02
      vertex   -2.000232e-01 -2.650696e-01 1.332268e-17
      vertex   -2.098272e-01 -2.645880e-01 1.200000e-02
    endloop
  endfacet
  facet normal 4.906767e-02 9.987955e-01 -3.720803e-07
    outer loop
      vertex   -2.098272e-01 -2.645880e-01 1.200000e-02
      vertex   -2.000232e-01 -2.650696e-01 1.332268e-17
      vertex   -2.098272e-01 -2.645880e-01 1.332268e-17
    endloop
  endfacet
  facet normal 1.467305e-01 9.891765e-01 -3.720803e-07
    outer loop
      vertex   -2.098272e-01 -2.645880e-01 1.200000e-02
      vertex   -2.098272e-01 -2.645880e-01 1.332268e-17
      vertex   -2.195367e-01 -2.631477e-01 1.200000e-02
    endloop
  endfacet
  facet normal 1.467305e-01 9.891765e-01 -3.720803e-07
    outer loop
      vertex   -2.195367e-01 -2.631477e-01 1.200000e-02
      vertex   -2.098272e-01 -2.645880e-01 1.332268e-17
      vertex   -2.195367e-01 -2.631477e-01 1.332268e-17
    endloop
  endfacet
  facet normal 2.429802e-01 9.700313e-01 -3.720803e-07
    outer loop
      vertex   -2.195367e-01 -2.631477e-01 1.200000e-02
      vertex   -2.195367e-01 -2.631477e-01 1.332268e-17
      vertex   -2.290584e-01 -2.607627e-01 1.200000e-02
    endloop
  endfacet
  facet normal 2.429802e-01 9.700313e-01 -3.720803e-07
    outer loop
      vertex   -2.290584e-01 -2.607627e-01 1.200000e-02
      vertex   -2.195367e-01 -2.631477e-01 1.332268e-17
      vertex   -2.290584e-01 -2.607627e-01 1.332268e-17
    endloop
  endfacet
  facet normal 3.368899e-01 9.415441e-01 -3.720803e-07
    outer loop
      vertex   -2.290584e-01 -2.607627e-01 1.200000e-02
      vertex   -2.290584e-01 -2.607627e-01 1.332268e-17
      vertex   -2.383004e-01 -2.574558e-01 1.200000e-02
    endloop
  endfacet
  facet normal 3.368899e-01 9.415441e-01 -3.720803e-07
    outer loop
      vertex   -2.383004e-01 -2.574558e-01 1.200000e-02
      vertex   -2.290584e-01 -2.607627e-01 1.332268e-17
      vertex   -2.383004e-01 -2.574558e-01 1.332268e-17
    endloop
  endfacet
  facet normal 4.275551e-01 9.039893e-01 -3.720803e-07
    outer loop
      vertex   -2.383004e-01 -2.574558e-01 1.200000e-02
      vertex   -2.383004e-01 -2.574558e-01 1.332268e-17
      vertex   -2.471738e-01 -2.532590e-01 1.200000e-02
    endloop
  endfacet
  facet normal 4.275551e-01 9.039893e-01 -3.720803e-07
    outer loop
      vertex   -2.471738e-01 -2.532590e-01 1.200000e-02
      vertex   -2.383004e-01 -2.574558e-01 1.332268e-17
      vertex   -2.471738e-01 -2.532590e-01 1.332268e-17
    endloop
  endfacet
  facet normal 5.141027e-01 8.577286e-01 -3.720803e-07
    outer loop
      vertex   -2.471738e-01 -2.532590e-01 1.200000e-02
      vertex   -2.471738e-01 -2.532590e-01 1.332268e-17
      vertex   -2.555931e-01 -2.482127e-01 1.200000e-02
    endloop
  endfacet
  facet normal 5.141027e-01 8.577286e-01 -3.720803e-07
    outer loop
      vertex   -2.555931e-01 -2.482127e-01 1.200000e-02
      vertex   -2.471738e-01 -2.532590e-01 1.332268e-17
      vertex   -2.555931e-01 -2.482127e-01 1.332268e-17
    endloop
  endfacet
  facet normal 5.956993e-01 8.032075e-01 -3.720803e-07
    outer loop
      vertex   -2.555931e-01 -2.482127e-01 1.200000e-02
      vertex   -2.555931e-01 -2.482127e-01 1.332268e-17
      vertex   -2.634772e-01 -2.423654e-01 1.200000e-02
    endloop
  endfacet
  facet normal 5.956993e-01 8.032075e-01 -3.720803e-07
    outer loop
      vertex   -2.634772e-01 -2.423654e-01 1.200000e-02
      vertex   -2.555931e-01 -2.482127e-01 1.332268e-17
      vertex   -2.634772e-01 -2.423654e-01 1.332268e-17
    endloop
  endfacet
  facet normal 6.715590e-01 7.409511e-01 -3.720803e-07
    outer loop
      vertex   -2.634772e-01 -2.423654e-01 1.200000e-02
      vertex   -2.634772e-01 -2.423654e-01 1.332268e-17
      vertex   -2.707502e-01 -2.357735e-01 1.200000e-02
    endloop
  endfacet
  facet normal 6.715590e-01 7.409511e-01 -3.720803e-07
    outer loop
      vertex   -2.707502e-01 -2.357735e-01 1.200000e-02
      vertex   -2.634772e-01 -2.423654e-01 1.332268e-17
      vertex   -2.707502e-01 -2.357735e-01 1.332268e-17
    endloop
  endfacet
  facet normal 7.409511e-01 6.715590e-01 -3.720803e-07
    outer loop
      vertex   -2.707502e-01 -2.357735e-01 1.200000e-02
      vertex   -2.707502e-01 -2.357735e-01 1.332268e-17
      vertex   -2.773421e-01 -2.285005e-01 1.200000e-02
    endloop
  endfacet
  facet normal 7.409511e-01 6.715590e-01 -3.720803e-07
    outer loop
      vertex   -2.773421e-01 -2.285005e-01 1.200000e-02
      vertex   -2.707502e-01 -2.357735e-01 1.332268e-17
      vertex   -2.773421e-01 -2.285005e-01 1.332268e-17
    endloop
  endfacet
  facet normal 8.032075e-01 5.956993e-01 -3.720803e-07
    outer loop
      vertex   -2.773421e-01 -2.285005e-01 1.200000e-02
      vertex   -2.773421e-01 -2.285005e-01 1.332268e-17
      vertex   -2.831894e-01 -2.206163e-01 1.200000e-02
    endloop
  endfacet
  facet normal 8.032075e-01 5.956993e-01 -3.720803e-07
    outer loop
      vertex   -2.831894e-01 -2.206163e-01 1.200000e-02
      vertex   -2.773421e-01 -2.285005e-01 1.332268e-17
      vertex   -2.831894e-01 -2.206163e-01 1.332268e-17
    endloop
  endfacet
  facet normal 8.577286e-01 5.141027e-01 -3.720803e-07
    outer loop
      vertex   -2.831894e-01 -2.206163e-01 1.200000e-02
      vertex   -2.831894e-01 -2.206163e-01 1.332268e-17
      vertex   -2.882357e-01 -2.121970e-01 1.200000e-02
    endloop
  endfacet
  facet normal 8.577286e-01 5.141027e-01 -3.720803e-07
    outer loop
      vertex   -2.882357e-01 -2.121970e-01 1.200000e-02
      vertex   -2.831894e-01 -2.206163e-01 1.332268e-17
      vertex   -2.882357e-01 -2.121970e-01 1.332268e-17
    endloop
  endfacet
  facet normal 9.039893e-01 4.275551e-01 -3.720803e-07
    outer loop
      vertex   -2.882357e-01 -2.121970e-01 1.200000e-02
      vertex   -2.882357e-01 -2.121970e-01 1.332268e-17
      vertex   -2.924325e-01 -2.033237e-01 1.200000e-02
    endloop
  endfacet
  facet normal 9.039893e-01 4.275551e-01 -3.720803e-07
    outer loop
      vertex   -2.924325e-01 -2.033237e-01 1.200000e-02
      vertex   -2.882357e-01 -2.121970e-01 1.332268e-17
      vertex   -2.924325e-01 -2.033237e-01 1.332268e-17
    endloop
  endfacet
  facet normal 9.415441e-01 3.368899e-01 -3.720803e-07
    outer loop
      vertex   -2.924325e-01 -2.033237e-01 1.200000e-02
      vertex   -2.924325e-01 -2.033237e-01 1.332268e-17
      vertex   -2.957394e-01 -1.940816e-01 1.200000e-02
    endloop
  endfacet
  facet normal 9.415441e-01 3.368899e-01 -3.720803e-07
    outer loop
      vertex   -2.957394e-01 -1.940816e-01 1.200000e-02
      vertex   -2.924325e-01 -2.033237e-01 1.332268e-17
      vertex   -2.957394e-01 -1.940816e-01 1.332268e-17
    endloop
  endfacet
  facet normal 9.700313e-01 2.429802e-01 -3.720803e-07
    outer loop
      vertex   -2.957394e-01 -1.940816e-01 1.200000e-02
      vertex   -2.957394e-01 -1.940816e-01 1.332268e-17
      vertex   -2.981244e-01 -1.845600e-01 1.200000e-02
    endloop
  endfacet
  facet normal 9.700313e-01 2.429802e-01 -3.720803e-07
    outer loop
      vertex   -2.981244e-01 -1.845600e-01 1.200000e-02
      vertex   -2.957394e-01 -1.940816e-01 1.332268e-17
      vertex   -2.981244e-01 -1.845600e-01 1.332268e-17
    endloop
  endfacet
  facet normal 9.891765e-01 1.467305e-01 -3.720803e-07
    outer loop
      vertex   -2.981244e-01 -1.845600e-01 1.200000e-02
      vertex   -2.981244e-01 -1.845600e-01 1.332268e-17
      vertex   -2.995647e-01 -1.748504e-01 1.200000e-02
    endloop
  endfacet
  facet normal 9.891765e-01 1.467305e-01 -3.720803e-07
    outer loop
      vertex   -2.995647e-01 -1.748504e-01 1.200000e-02
      vertex   -2.981244e-01 -1.845600e-01 1.332268e-17
      vertex   -2.995647e-01 -1.748504e-01 1.332268e-17
    endloop
  endfacet
  facet normal 9.987955e-01 4.906767e-02 -3.720803e-07
    outer loop
      vertex   -2.995647e-01 -1.748504e-01 1.200000e-02
      vertex   -2.995647e-01 -1.748504e-01 1.332268e-17
      vertex   -3.000463e-01 -1.650464e-01 1.200000e-02
    endloop
  endfacet
  facet normal 9.987955e-01 4.906767e-02 -3.720803e-07
    outer loop
      vertex   -3.000463e-01 -1.650464e-01 1.200000e-02
      vertex   -2.995647e-01 -1.748504e-01 1.332268e-17
      vertex   -3.000464e-01 -1.650464e-01 1.332268e-17
    endloop
  endfacet
  facet normal -3.165329e-16 -1.305269e-01 -9.914448e-01
    outer loop
      vertex   1.999768e-01 -2.666225e-01 2.044461e-04
      vertex   1.666435e-01 -2.666225e-01 2.044461e-04
      vertex   1.999768e-01 -2.650696e-01 1.332268e-17
    endloop
  endfacet
  facet normal -2.169884e-16 -1.305269e-01 -9.914448e-01
    outer loop
      vertex   1.999768e-01 -2.650696e-01 1.332268e-17
      vertex   1.666435e-01 -2.666225e-01 2.044461e-04
      vertex   1.333102e-01 -2.666225e-01 2.044461e-04
    endloop
  endfacet
  facet normal 0.000000e+00 -1.305269e-01 -9.914448e-01
    outer loop
      vertex   1.999768e-01 -2.650696e-01 1.332268e-17
      vertex   1.333102e-01 -2.666225e-01 2.044461e-04
      vertex   9.997683e-02 -2.666225e-01 2.044461e-04
    endloop
  endfacet
  facet normal 0.000000e+00 -3.826840e-01 -9.238793e-01
    outer loop
      vertex   9.997683e-02 -2.666225e-01 2.044461e-04
      vertex   1.333102e-01 -2.666225e-01 2.044461e-04
      vertex   9.997683e-02 -2.680696e-01 8.038494e-04
    endloop
  endfacet
  facet normal 0.000000e+00 -3.826840e-01 -9.238793e-01
    outer loop
      vertex   9.997683e-02 -2.666225e-01 2.044461e-04
      vertex   9.997683e-02 -2.680696e-01 8.038494e-04
      vertex   6.664349e-02 -2.680696e-01 8.038494e-04
    endloop
  endfacet
  facet normal 0.000000e+00 -6.087619e-01 -7.933530e-01
    outer loop
      vertex   6.664349e-02 -2.680696e-01 8.038494e-04
      vertex   9.997683e-02 -2.680696e-01 8.038494e-04
      vertex   6.664349e-02 -2.693123e-01 1.757362e-03
    endloop
  endfacet
  facet normal -1.013965e-15 -6.087619e-01 -7.933530e-01
    outer loop
      vertex   6.664349e-02 -2.680696e-01 8.038494e-04
      vertex   6.664349e-02 -2.693123e-01 1.757362e-03
      vertex   3.331016e-02 -2.693123e-01 1.757362e-03
    endloop
  endfacet
  facet normal -1.321199e-15 -7.933537e-01 -6.087610e-01
    outer loop
      vertex   3.331016e-02 -2.693123e-01 1.757362e-03
      vertex   6.664349e-02 -2.693123e-01 1.757362e-03
      vertex   3.331016e-02 -2.702658e-01 3.000003e-03
    endloop
  endfacet
  facet normal -1.322210e-15 -7.933537e-01 -6.087610e-01
    outer loop
      vertex   3.331016e-02 -2.693123e-01 1.757362e-03
      vertex   3.331016e-02 -2.702658e-01 3.000003e-03
      vertex   -2.317404e-05 -2.702658e-01 3.000003e-03
    endloop
  endfacet
  facet normal -1.538569e-15 -9.238797e-01 -3.826830e-01
    outer loop
      vertex   -2.317404e-05 -2.702658e-01 3.000003e-03
      vertex   3.331016e-02 -2.702658e-01 3.000003e-03
      vertex   -2.317404e-05 -2.708652e-01 4.447088e-03
    endloop
  endfacet
  facet normal 0.000000e+00 -9.238797e-01 -3.826830e-01
    outer loop
      vertex   -2.317404e-05 -2.702658e-01 3.000003e-03
      vertex   -2.317404e-05 -2.708652e-01 4.447088e-03
      vertex   -3.335651e-02 -2.708652e-01 4.447088e-03
    endloop
  endfacet
  facet normal 0.000000e+00 -9.914449e-01 -1.305258e-01
    outer loop
      vertex   -3.335651e-02 -2.708652e-01 4.447088e-03
      vertex   -2.317404e-05 -2.708652e-01 4.447088e-03
      vertex   -3.335651e-02 -2.710696e-01 6.000002e-03
    endloop
  endfacet
  facet normal 0.000000e+00 -9.914449e-01 -1.305258e-01
    outer loop
      vertex   -3.335651e-02 -2.708652e-01 4.447088e-03
      vertex   -3.335651e-02 -2.710696e-01 6.000002e-03
      vertex   -6.668984e-02 -2.710696e-01 6.000002e-03
    endloop
  endfacet
  facet normal 0.000000e+00 -9.914448e-01 1.305265e-01
    outer loop
      vertex   -6.668984e-02 -2.710696e-01 6.000002e-03
      vertex   -3.335651e-02 -2.710696e-01 6.000002e-03
      vertex   -6.668984e-02 -2.708652e-01 7.552916e-03
    endloop
  endfacet
  facet normal -1.650734e-15 -9.914448e-01 1.305265e-01
    outer loop
      vertex   -6.668984e-02 -2.710696e-01 6.000002e-03
      vertex   -6.668984e-02 -2.708652e-01 7.552916e-03
      vertex   -1.000232e-01 -2.708652e-01 7.552916e-03
    endloop
  endfacet
  facet normal -1.538568e-15 -9.238794e-01 3.826837e-01
    outer loop
      vertex   -1.000232e-01 -2.708652e-01 7.552916e-03
      vertex   -6.668984e-02 -2.708652e-01 7.552916e-03
      vertex   -1.000232e-01 -2.702658e-01 9.000001e-03
    endloop
  endfacet
  facet normal -1.539198e-15 -9.238794e-01 3.826837e-01
    outer loop
      vertex   -1.000232e-01 -2.708652e-01 7.552916e-03
      vertex   -1.000232e-01 -2.702658e-01 9.000001e-03
      vertex   -1.333565e-01 -2.702658e-01 9.000001e-03
    endloop
  endfacet
  facet normal -1.321198e-15 -7.933532e-01 6.087616e-01
    outer loop
      vertex   -1.333565e-01 -2.702658e-01 9.000001e-03
      vertex   -1.000232e-01 -2.702658e-01 9.000001e-03
      vertex   -1.333565e-01 -2.693123e-01 1.024264e-02
    endloop
  endfacet
  facet normal 0.000000e+00 -7.933532e-01 6.087616e-01
    outer loop
      vertex   -1.333565e-01 -2.702658e-01 9.000001e-03
      vertex   -1.333565e-01 -2.693123e-01 1.024264e-02
      vertex   -1.666898e-01 -2.693123e-01 1.024264e-02
    endloop
  endfacet
  facet normal 0.000000e+00 -6.087613e-01 7.933534e-01
    outer loop
      vertex   -1.666898e-01 -2.693123e-01 1.024264e-02
      vertex   -1.333565e-01 -2.693123e-01 1.024264e-02
      vertex   -1.666898e-01 -2.680696e-01 1.119615e-02
    endloop
  endfacet
  facet normal 8.111716e-17 -6.087613e-01 7.933534e-01
    outer loop
      vertex   -1.666898e-01 -2.693123e-01 1.024264e-02
      vertex   -1.666898e-01 -2.680696e-01 1.119615e-02
      vertex   -2.000232e-01 -2.680696e-01 1.119615e-02
    endloop
  endfacet
  facet normal 9.616053e-17 -3.826833e-01 9.238796e-01
    outer loop
      vertex   -2.000232e-01 -2.680696e-01 1.119615e-02
      vertex   -1.666898e-01 -2.680696e-01 1.119615e-02
      vertex   -2.000232e-01 -2.666225e-01 1.179556e-02
    endloop
  endfacet
  facet normal 0.000000e+00 -3.826833e-01 9.238796e-01
    outer loop
      vertex   -2.000232e-01 -2.666225e-01 1.179556e-02
      vertex   -1.666898e-01 -2.680696e-01 1.119615e-02
      vertex   -1.666898e-01 -2.666225e-01 1.179556e-02
    endloop
  endfacet
  facet normal 0.000000e+00 -1.305262e-01 9.914449e-01
    outer loop
      vertex   -2.000232e-01 -2.666225e-01 1.179556e-02
      vertex   -1.666898e-01 -2.666225e-01 1.179556e-02
      vertex   -2.000232e-01 -2.650696e-01 1.200000e-02
    endloop
  endfacet
  facet normal -2.169884e-16 -1.305262e-01 9.914449e-01
    outer loop
      vertex   -2.000232e-01 -2.650696e-01 1.200000e-02
      vertex   -1.666898e-01 -2.666225e-01 1.179556e-02
      vertex   -1.333565e-01 -2.666225e-01 1.179556e-02
    endloop
  endfacet
  facet normal 0.000000e+00 -1.305262e-01 9.914449e-01
    outer loop
      vertex   -2.000232e-01 -2.650696e-01 1.200000e-02
      vertex   -1.333565e-01 -2.666225e-01 1.179556e-02
      vertex   -1.000232e-01 -2.666225e-01 1.179556e-02
    endloop
  endfacet
  facet normal 0.000000e+00 -3.826833e-01 9.238796e-01
    outer loop
      vertex   -1.000232e-01 -2.666225e-01 1.179556e-02
      vertex   -1.333565e-01 -2.666225e-01 1.179556e-02
      vertex   -1.000232e-01 -2.680696e-01 1.119615e-02
    endloop
  endfacet
  facet normal -6.387977e-16 -3.826833e-01 9.238796e-01
    outer loop
      vertex   -1.000232e-01 -2.666225e-01 1.179556e-02
      vertex   -1.000232e-01 -2.680696e-01 1.119615e-02
      vertex   -6.668984e-02 -2.680696e-01 1.119615e-02
    endloop
  endfacet
  facet normal -1.013791e-15 -6.087613e-01 7.933534e-01
    outer loop
      vertex   -6.668984e-02 -2.680696e-01 1.119615e-02
      vertex   -1.000232e-01 -2.680696e-01 1.119615e-02
      vertex   -6.668984e-02 -2.693123e-01 1.024264e-02
    endloop
  endfacet
  facet normal -1.013965e-15 -6.087613e-01 7.933534e-01
    outer loop
      vertex   -6.668984e-02 -2.680696e-01 1.119615e-02
      vertex   -6.668984e-02 -2.693123e-01 1.024264e-02
      vertex   -3.335651e-02 -2.693123e-01 1.024264e-02
    endloop
  endfacet
  facet normal -1.321198e-15 -7.933532e-01 6.087616e-01
    outer loop
      vertex   -3.335651e-02 -2.693123e-01 1.024264e-02
      vertex   -6.668984e-02 -2.693123e-01 1.024264e-02
      vertex   -3.335651e-02 -2.702658e-01 9.000001e-03
    endloop
  endfacet
  facet normal 0.000000e+00 -7.933532e-01 6.087616e-01
    outer loop
      vertex   -3.335651e-02 -2.693123e-01 1.024264e-02
      vertex   -3.335651e-02 -2.702658e-01 9.000001e-03
      vertex   -2.317404e-05 -2.702658e-01 9.000001e-03
    endloop
  endfacet
  facet normal 0.000000e+00 -9.238794e-01 3.826837e-01
    outer loop
      vertex   -2.317404e-05 -2.702658e-01 9.000001e-03
      vertex   -3.335651e-02 -2.702658e-01 9.000001e-03
      vertex   -2.317404e-05 -2.708652e-01 7.552916e-03
    endloop
  endfacet
  facet normal 0.000000e+00 -9.238794e-01 3.826837e-01
    outer loop
      vertex   -2.317404e-05 -2.702658e-01 9.000001e-03
      vertex   -2.317404e-05 -2.708652e-01 7.552916e-03
      vertex   3.331016e-02 -2.708652e-01 7.552916e-03
    endloop
  endfacet
  facet normal 0.000000e+00 -9.914448e-01 1.305265e-01
    outer loop
      vertex   3.331016e-02 -2.708652e-01 7.552916e-03
      vertex   -2.317404e-05 -2.708652e-01 7.552916e-03
      vertex   3.331016e-02 -2.710696e-01 6.000002e-03
    endloop
  endfacet
  facet normal -1.650734e-15 -9.914448e-01 1.305265e-01
    outer loop
      vertex   3.331016e-02 -2.708652e-01 7.552916e-03
      vertex   3.331016e-02 -2.710696e-01 6.000002e-03
      vertex   6.664349e-02 -2.710696e-01 6.000002e-03
    endloop
  endfacet
  facet normal -1.651087e-15 -9.914449e-01 -1.305258e-01
    outer loop
      vertex   6.664349e-02 -2.710696e-01 6.000002e-03
      vertex   3.331016e-02 -2.710696e-01 6.000002e-03
      vertex   6.664349e-02 -2.708652e-01 4.447088e-03
    endloop
  endfacet
  facet normal 0.000000e+00 -9.914449e-01 -1.305258e-01
    outer loop
      vertex   6.664349e-02 -2.710696e-01 6.000002e-03
      vertex   6.664349e-02 -2.708652e-01 4.447088e-03
      vertex   9.997683e-02 -2.708652e-01 4.447088e-03
    endloop
  endfacet
  facet normal -0.000000e+00 -9.238797e-01 -3.826830e-01
    outer loop
      vertex   9.997683e-02 -2.708652e-01 4.447088e-03
      vertex   6.664349e-02 -2.708652e-01 4.447088e-03
      vertex   9.997683e-02 -2.702658e-01 3.000003e-03
    endloop
  endfacet
  facet normal 0.000000e+00 -9.238797e-01 -3.826830e-01
    outer loop
      vertex   9.997683e-02 -2.708652e-01 4.447088e-03
      vertex   9.997683e-02 -2.702658e-01 3.000003e-03
      vertex   1.333102e-01 -2.702658e-01 3.000003e-03
    endloop
  endfacet
  facet normal -0.000000e+00 -7.933537e-01 -6.087610e-01
    outer loop
      vertex   1.333102e-01 -2.702658e-01 3.000003e-03
      vertex   9.997683e-02 -2.702658e-01 3.000003e-03
      vertex   1.333102e-01 -2.693123e-01 1.757362e-03
    endloop
  endfacet
  facet normal -1.322210e-15 -7.933537e-01 -6.087610e-01
    outer loop
      vertex   1.333102e-01 -2.702658e-01 3.000003e-03
      vertex   1.333102e-01 -2.693123e-01 1.757362e-03
      vertex   1.666435e-01 -2.693123e-01 1.757362e-03
    endloop
  endfacet
  facet normal -1.013792e-15 -6.087619e-01 -7.933530e-01
    outer loop
      vertex   1.666435e-01 -2.693123e-01 1.757362e-03
      vertex   1.333102e-01 -2.693123e-01 1.757362e-03
      vertex   1.666435e-01 -2.680696e-01 8.038494e-04
    endloop
  endfacet
  facet normal -1.147808e-15 -6.087619e-01 -7.933530e-01
    outer loop
      vertex   1.666435e-01 -2.693123e-01 1.757362e-03
      vertex   1.666435e-01 -2.680696e-01 8.038494e-04
      vertex   1.999768e-01 -2.680696e-01 8.038494e-04
    endloop
  endfacet
  facet normal -7.905527e-16 -3.826840e-01 -9.238793e-01
    outer loop
      vertex   1.999768e-01 -2.680696e-01 8.038494e-04
      vertex   1.666435e-01 -2.680696e-01 8.038494e-04
      vertex   1.999768e-01 -2.666225e-01 2.044461e-04
    endloop
  endfacet
  facet normal -7.297012e-16 -3.826840e-01 -9.238793e-01
    outer loop
      vertex   1.999768e-01 -2.666225e-01 2.044461e-04
      vertex   1.666435e-01 -2.680696e-01 8.038494e-04
      vertex   1.666435e-01 -2.666225e-01 2.044461e-04
    endloop
  endfacet
  facet normal -1.107249e-15 -6.087619e-01 -7.933530e-01
    outer loop
      vertex   1.999768e-01 -2.680696e-01 8.038494e-04
      vertex   1.999768e-01 -2.693123e-01 1.757362e-03
      vertex   1.666435e-01 -2.693123e-01 1.757362e-03
    endloop
  endfacet
  facet normal -1.392481e-15 -7.933537e-01 -6.087610e-01
    outer loop
      vertex   1.666435e-01 -2.693123e-01 1.757362e-03
      vertex   1.999768e-01 -2.693123e-01 1.757362e-03
      vertex   1.666435e-01 -2.702658e-01 3.000003e-03
    endloop
  endfacet
  facet normal -1.322210e-15 -7.933537e-01 -6.087610e-01
    outer loop
      vertex   1.666435e-01 -2.693123e-01 1.757362e-03
      vertex   1.666435e-01 -2.702658e-01 3.000003e-03
      vertex   1.333102e-01 -2.702658e-01 3.000003e-03
    endloop
  endfacet
  facet normal -1.538569e-15 -9.238797e-01 -3.826830e-01
    outer loop
      vertex   1.333102e-01 -2.702658e-01 3.000003e-03
      vertex   1.666435e-01 -2.702658e-01 3.000003e-03
      vertex   1.333102e-01 -2.708652e-01 4.447088e-03
    endloop
  endfacet
  facet normal 0.000000e+00 -9.238797e-01 -3.826830e-01
    outer loop
      vertex   1.333102e-01 -2.702658e-01 3.000003e-03
      vertex   1.333102e-01 -2.708652e-01 4.447088e-03
      vertex   9.997683e-02 -2.708652e-01 4.447088e-03
    endloop
  endfacet
  facet normal 0.000000e+00 -9.914449e-01 -1.305258e-01
    outer loop
      vertex   9.997683e-02 -2.708652e-01 4.447088e-03
      vertex   1.333102e-01 -2.708652e-01 4.447088e-03
      vertex   9.997683e-02 -2.710696e-01 6.000002e-03
    endloop
  endfacet
  facet normal 0.000000e+00 -9.914449e-01 -1.305258e-01
    outer loop
      vertex   9.997683e-02 -2.708652e-01 4.447088e-03
      vertex   9.997683e-02 -2.710696e-01 6.000002e-03
      vertex   6.664349e-02 -2.710696e-01 6.000002e-03
    endloop
  endfacet
  facet normal 0.000000e+00 -9.914448e-01 1.305265e-01
    outer loop
      vertex   6.664349e-02 -2.710696e-01 6.000002e-03
      vertex   9.997683e-02 -2.710696e-01 6.000002e-03
      vertex   6.664349e-02 -2.708652e-01 7.552916e-03
    endloop
  endfacet
  facet normal -1.650734e-15 -9.914448e-01 1.305265e-01
    outer loop
      vertex   6.664349e-02 -2.710696e-01 6.000002e-03
      vertex   6.664349e-02 -2.708652e-01 7.552916e-03
      vertex   3.331016e-02 -2.708652e-01 7.552916e-03
    endloop
  endfacet
  facet normal -1.538568e-15 -9.238794e-01 3.826837e-01
    outer loop
      vertex   3.331016e-02 -2.708652e-01 7.552916e-03
      vertex   6.664349e-02 -2.708652e-01 7.552916e-03
      vertex   3.331016e-02 -2.702658e-01 9.000001e-03
    endloop
  endfacet
  facet normal -1.539198e-15 -9.238794e-01 3.826837e-01
    outer loop
      vertex   3.331016e-02 -2.708652e-01 7.552916e-03
      vertex   3.331016e-02 -2.702658e-01 9.000001e-03
      vertex   -2.317404e-05 -2.702658e-01 9.000001e-03
    endloop
  endfacet
  facet normal -1.321198e-15 -7.933532e-01 6.087616e-01
    outer loop
      vertex   -2.317404e-05 -2.702658e-01 9.000001e-03
      vertex   3.331016e-02 -2.702658e-01 9.000001e-03
      vertex   -2.317404e-05 -2.693123e-01 1.024264e-02
    endloop
  endfacet
  facet normal 0.000000e+00 -7.933532e-01 6.087616e-01
    outer loop
      vertex   -2.317404e-05 -2.702658e-01 9.000001e-03
      vertex   -2.317404e-05 -2.693123e-01 1.024264e-02
      vertex   -3.335651e-02 -2.693123e-01 1.024264e-02
    endloop
  endfacet
  facet normal 0.000000e+00 -6.087613e-01 7.933534e-01
    outer loop
      vertex   -3.335651e-02 -2.693123e-01 1.024264e-02
      vertex   -2.317404e-05 -2.693123e-01 1.024264e-02
      vertex   -3.335651e-02 -2.680696e-01 1.119615e-02
    endloop
  endfacet
  facet normal 0.000000e+00 -6.087613e-01 7.933534e-01
    outer loop
      vertex   -3.335651e-02 -2.693123e-01 1.024264e-02
      vertex   -3.335651e-02 -2.680696e-01 1.119615e-02
      vertex   -6.668984e-02 -2.680696e-01 1.119615e-02
    endloop
  endfacet
  facet normal 0.000000e+00 -3.826833e-01 9.238796e-01
    outer loop
      vertex   -6.668984e-02 -2.680696e-01 1.119615e-02
      vertex   -3.335651e-02 -2.680696e-01 1.119615e-02
      vertex   -6.668984e-02 -2.666225e-01 1.179556e-02
    endloop
  endfacet
  facet normal 0.000000e+00 -3.826833e-01 9.238796e-01
    outer loop
      vertex   -6.668984e-02 -2.680696e-01 1.119615e-02
      vertex   -6.668984e-02 -2.666225e-01 1.179556e-02
      vertex   -1.000232e-01 -2.666225e-01 1.179556e-02
    endloop
  endfacet
  facet normal 0.000000e+00 -1.305262e-01 9.914449e-01
    outer loop
      vertex   -1.000232e-01 -2.666225e-01 1.179556e-02
      vertex   -6.668984e-02 -2.666225e-01 1.179556e-02
      vertex   -2.000232e-01 -2.650696e-01 1.200000e-02
    endloop
  endfacet
  facet normal 0.000000e+00 -7.933537e-01 -6.087610e-01
    outer loop
      vertex   1.999768e-01 -2.693123e-01 1.757362e-03
      vertex   1.999768e-01 -2.702658e-01 3.000003e-03
      vertex   1.666435e-01 -2.702658e-01 3.000003e-03
    endloop
  endfacet
  facet normal 0.000000e+00 -9.238797e-01 -3.826830e-01
    outer loop
      vertex   1.666435e-01 -2.702658e-01 3.000003e-03
      vertex   1.999768e-01 -2.702658e-01 3.000003e-03
      vertex   1.666435e-01 -2.708652e-01 4.447088e-03
    endloop
  endfacet
  facet normal -1.537170e-15 -9.238797e-01 -3.826830e-01
    outer loop
      vertex   1.666435e-01 -2.702658e-01 3.000003e-03
      vertex   1.666435e-01 -2.708652e-01 4.447088e-03
      vertex   1.333102e-01 -2.708652e-01 4.447088e-03
    endloop
  endfacet
  facet normal -1.651087e-15 -9.914449e-01 -1.305258e-01
    outer loop
      vertex   1.333102e-01 -2.708652e-01 4.447088e-03
      vertex   1.666435e-01 -2.708652e-01 4.447088e-03
      vertex   1.333102e-01 -2.710696e-01 6.000002e-03
    endloop
  endfacet
  facet normal 0.000000e+00 -9.914449e-01 -1.305258e-01
    outer loop
      vertex   1.333102e-01 -2.708652e-01 4.447088e-03
      vertex   1.333102e-01 -2.710696e-01 6.000002e-03
      vertex   9.997683e-02 -2.710696e-01 6.000002e-03
    endloop
  endfacet
  facet normal 0.000000e+00 -9.914448e-01 1.305265e-01
    outer loop
      vertex   9.997683e-02 -2.710696e-01 6.000002e-03
      vertex   1.333102e-01 -2.710696e-01 6.000002e-03
      vertex   9.997683e-02 -2.708652e-01 7.552916e-03
    endloop
  endfacet
  facet normal -1.651748e-15 -9.914448e-01 1.305265e-01
    outer loop
      vertex   9.997683e-02 -2.710696e-01 6.000002e-03
      vertex   9.997683e-02 -2.708652e-01 7.552916e-03
      vertex   6.664349e-02 -2.708652e-01 7.552916e-03
    endloop
  endfacet
  facet normal -1.538568e-15 -9.238794e-01 3.826837e-01
    outer loop
      vertex   6.664349e-02 -2.708652e-01 7.552916e-03
      vertex   9.997683e-02 -2.708652e-01 7.552916e-03
      vertex   6.664349e-02 -2.702658e-01 9.000001e-03
    endloop
  endfacet
  facet normal -1.539198e-15 -9.238794e-01 3.826837e-01
    outer loop
      vertex   6.664349e-02 -2.708652e-01 7.552916e-03
      vertex   6.664349e-02 -2.702658e-01 9.000001e-03
      vertex   3.331016e-02 -2.702658e-01 9.000001e-03
    endloop
  endfacet
  facet normal -1.321198e-15 -7.933532e-01 6.087616e-01
    outer loop
      vertex   3.331016e-02 -2.702658e-01 9.000001e-03
      vertex   6.664349e-02 -2.702658e-01 9.000001e-03
      vertex   3.331016e-02 -2.693123e-01 1.024264e-02
    endloop
  endfacet
  facet normal 0.000000e+00 -7.933532e-01 6.087616e-01
    outer loop
      vertex   3.331016e-02 -2.702658e-01 9.000001e-03
      vertex   3.331016e-02 -2.693123e-01 1.024264e-02
      vertex   -2.317404e-05 -2.693123e-01 1.024264e-02
    endloop
  endfacet
  facet normal 0.000000e+00 -6.087613e-01 7.933534e-01
    outer loop
      vertex   -2.317404e-05 -2.693123e-01 1.024264e-02
      vertex   3.331016e-02 -2.693123e-01 1.024264e-02
      vertex   -2.317404e-05 -2.680696e-01 1.119615e-02
    endloop
  endfacet
  facet normal 0.000000e+00 -6.087613e-01 7.933534e-01
    outer loop
      vertex   -2.317404e-05 -2.693123e-01 1.024264e-02
      vertex   -2.317404e-05 -2.680696e-01 1.119615e-02
      vertex   -3.335651e-02 -2.680696e-01 1.119615e-02
    endloop
  endfacet
  facet normal 0.000000e+00 -3.826833e-01 9.238796e-01
    outer loop
      vertex   -3.335651e-02 -2.680696e-01 1.119615e-02
      vertex   -2.317404e-05 -2.680696e-01 1.119615e-02
      vertex   -3.335651e-02 -2.666225e-01 1.179556e-02
    endloop
  endfacet
  facet normal -6.387977e-16 -3.826833e-01 9.238796e-01
    outer loop
      vertex   -3.335651e-02 -2.680696e-01 1.119615e-02
      vertex   -3.335651e-02 -2.666225e-01 1.179556e-02
      vertex   -6.668984e-02 -2.666225e-01 1.179556e-02
    endloop
  endfacet
  facet normal -2.173697e-16 -1.305262e-01 9.914449e-01
    outer loop
      vertex   -6.668984e-02 -2.666225e-01 1.179556e-02
      vertex   -3.335651e-02 -2.666225e-01 1.179556e-02
      vertex   -2.000232e-01 -2.650696e-01 1.200000e-02
    endloop
  endfacet
  facet normal -2.839101e-17 -9.238797e-01 -3.826830e-01
    outer loop
      vertex   1.999768e-01 -2.702658e-01 3.000003e-03
      vertex   1.999768e-01 -2.708652e-01 4.447088e-03
      vertex   1.666435e-01 -2.708652e-01 4.447088e-03
    endloop
  endfacet
  facet normal -1.018918e-17 -9.914449e-01 -1.305258e-01
    outer loop
      vertex   1.666435e-01 -2.708652e-01 4.447088e-03
      vertex   1.999768e-01 -2.708652e-01 4.447088e-03
      vertex   1.666435e-01 -2.710696e-01 6.000002e-03
    endloop
  endfacet
  facet normal -1.651748e-15 -9.914449e-01 -1.305258e-01
    outer loop
      vertex   1.666435e-01 -2.708652e-01 4.447088e-03
      vertex   1.666435e-01 -2.710696e-01 6.000002e-03
      vertex   1.333102e-01 -2.710696e-01 6.000002e-03
    endloop
  endfacet
  facet normal -1.651087e-15 -9.914448e-01 1.305265e-01
    outer loop
      vertex   1.333102e-01 -2.710696e-01 6.000002e-03
      vertex   1.666435e-01 -2.710696e-01 6.000002e-03
      vertex   1.333102e-01 -2.708652e-01 7.552916e-03
    endloop
  endfacet
  facet normal 0.000000e+00 -9.914448e-01 1.305265e-01
    outer loop
      vertex   1.333102e-01 -2.710696e-01 6.000002e-03
      vertex   1.333102e-01 -2.708652e-01 7.552916e-03
      vertex   9.997683e-02 -2.708652e-01 7.552916e-03
    endloop
  endfacet
  facet normal 0.000000e+00 -9.238794e-01 3.826837e-01
    outer loop
      vertex   9.997683e-02 -2.708652e-01 7.552916e-03
      vertex   1.333102e-01 -2.708652e-01 7.552916e-03
      vertex   9.997683e-02 -2.702658e-01 9.000001e-03
    endloop
  endfacet
  facet normal 0.000000e+00 -9.238794e-01 3.826837e-01
    outer loop
      vertex   9.997683e-02 -2.708652e-01 7.552916e-03
      vertex   9.997683e-02 -2.702658e-01 9.000001e-03
      vertex   6.664349e-02 -2.702658e-01 9.000001e-03
    endloop
  endfacet
  facet normal 0.000000e+00 -7.933532e-01 6.087616e-01
    outer loop
      vertex   6.664349e-02 -2.702658e-01 9.000001e-03
      vertex   9.997683e-02 -2.702658e-01 9.000001e-03
      vertex   6.664349e-02 -2.693123e-01 1.024264e-02
    endloop
  endfacet
  facet normal -1.322210e-15 -7.933532e-01 6.087616e-01
    outer loop
      vertex   6.664349e-02 -2.702658e-01 9.000001e-03
      vertex   6.664349e-02 -2.693123e-01 1.024264e-02
      vertex   3.331016e-02 -2.693123e-01 1.024264e-02
    endloop
  endfacet
  facet normal -1.013791e-15 -6.087613e-01 7.933534e-01
    outer loop
      vertex   3.331016e-02 -2.693123e-01 1.024264e-02
      vertex   6.664349e-02 -2.693123e-01 1.024264e-02
      vertex   3.331016e-02 -2.680696e-01 1.119615e-02
    endloop
  endfacet
  facet normal -1.013965e-15 -6.087613e-01 7.933534e-01
    outer loop
      vertex   3.331016e-02 -2.693123e-01 1.024264e-02
      vertex   3.331016e-02 -2.680696e-01 1.119615e-02
      vertex   -2.317404e-05 -2.680696e-01 1.119615e-02
    endloop
  endfacet
  facet normal -6.372958e-16 -3.826833e-01 9.238796e-01
    outer loop
      vertex   -2.317404e-05 -2.680696e-01 1.119615e-02
      vertex   3.331016e-02 -2.680696e-01 1.119615e-02
      vertex   -2.317404e-05 -2.666225e-01 1.179556e-02
    endloop
  endfacet
  facet normal 0.000000e+00 -3.826833e-01 9.238796e-01
    outer loop
      vertex   -2.317404e-05 -2.680696e-01 1.119615e-02
      vertex   -2.317404e-05 -2.666225e-01 1.179556e-02
      vertex   -3.335651e-02 -2.666225e-01 1.179556e-02
    endloop
  endfacet
  facet normal 0.000000e+00 -1.305262e-01 9.914449e-01
    outer loop
      vertex   -3.335651e-02 -2.666225e-01 1.179556e-02
      vertex   -2.317404e-05 -2.666225e-01 1.179556e-02
      vertex   -2.000232e-01 -2.650696e-01 1.200000e-02
    endloop
  endfacet
  facet normal -1.650734e-15 -9.914449e-01 -1.305258e-01
    outer loop
      vertex   1.999768e-01 -2.708652e-01 4.447088e-03
      vertex   1.999768e-01 -2.710696e-01 6.000002e-03
      vertex   1.666435e-01 -2.710696e-01 6.000002e-03
    endloop
  endfacet
  facet normal -1.651087e-15 -9.914448e-01 1.305265e-01
    outer loop
      vertex   1.666435e-01 -2.710696e-01 6.000002e-03
      vertex   1.999768e-01 -2.710696e-01 6.000002e-03
      vertex   1.666435e-01 -2.708652e-01 7.552916e-03
    endloop
  endfacet
  facet normal 0.000000e+00 -9.914448e-01 1.305265e-01
    outer loop
      vertex   1.666435e-01 -2.710696e-01 6.000002e-03
      vertex   1.666435e-01 -2.708652e-01 7.552916e-03
      vertex   1.333102e-01 -2.708652e-01 7.552916e-03
    endloop
  endfacet
  facet normal 0.000000e+00 -9.238794e-01 3.826837e-01
    outer loop
      vertex   1.333102e-01 -2.708652e-01 7.552916e-03
      vertex   1.666435e-01 -2.708652e-01 7.552916e-03
      vertex   1.333102e-01 -2.702658e-01 9.000001e-03
    endloop
  endfacet
  facet normal 0.000000e+00 -9.238794e-01 3.826837e-01
    outer loop
      vertex   1.333102e-01 -2.708652e-01 7.552916e-03
      vertex   1.333102e-01 -2.702658e-01 9.000001e-03
      vertex   9.997683e-02 -2.702658e-01 9.000001e-03
    endloop
  endfacet
  facet normal 0.000000e+00 -7.933532e-01 6.087616e-01
    outer loop
      vertex   9.997683e-02 -2.702658e-01 9.000001e-03
      vertex   1.333102e-01 -2.702658e-01 9.000001e-03
      vertex   9.997683e-02 -2.693123e-01 1.024264e-02
    endloop
  endfacet
  facet normal 0.000000e+00 -7.933532e-01 6.087616e-01
    outer loop
      vertex   9.997683e-02 -2.702658e-01 9.000001e-03
      vertex   9.997683e-02 -2.693123e-01 1.024264e-02
      vertex   6.664349e-02 -2.693123e-01 1.024264e-02
    endloop
  endfacet
  facet normal 0.000000e+00 -6.087613e-01 7.933534e-01
    outer loop
      vertex   6.664349e-02 -2.693123e-01 1.024264e-02
      vertex   9.997683e-02 -2.693123e-01 1.024264e-02
      vertex   6.664349e-02 -2.680696e-01 1.119615e-02
    endloop
  endfacet
  facet normal -1.013965e-15 -6.087613e-01 7.933534e-01
    outer loop
      vertex   6.664349e-02 -2.693123e-01 1.024264e-02
      vertex   6.664349e-02 -2.680696e-01 1.119615e-02
      vertex   3.331016e-02 -2.680696e-01 1.119615e-02
    endloop
  endfacet
  facet normal -6.372958e-16 -3.826833e-01 9.238796e-01
    outer loop
      vertex   3.331016e-02 -2.680696e-01 1.119615e-02
      vertex   6.664349e-02 -2.680696e-01 1.119615e-02
      vertex   3.331016e-02 -2.666225e-01 1.179556e-02
    endloop
  endfacet
  facet normal -6.387977e-16 -3.826833e-01 9.238796e-01
    outer loop
      vertex   3.331016e-02 -2.680696e-01 1.119615e-02
      vertex   3.331016e-02 -2.666225e-01 1.179556e-02
      vertex   -2.317404e-05 -2.666225e-01 1.179556e-02
    endloop
  endfacet
  facet normal -2.173697e-16 -1.305262e-01 9.914449e-01
    outer loop
      vertex   -2.317404e-05 -2.666225e-01 1.179556e-02
      vertex   3.331016e-02 -2.666225e-01 1.179556e-02
      vertex   1.999768e-01 -2.650696e-01 1.200000e-02
    endloop
  endfacet
  facet normal -1.086632e-16 -1.305262e-01 9.914449e-01
    outer loop
      vertex   -2.317404e-05 -2.666225e-01 1.179556e-02
      vertex   1.999768e-01 -2.650696e-01 1.200000e-02
      vertex   -2.000232e-01 -2.650696e-01 1.200000e-02
    endloop
  endfacet
  facet normal -1.647692e-15 -9.914448e-01 1.305265e-01
    outer loop
      vertex   1.999768e-01 -2.710696e-01 6.000002e-03
      vertex   1.999768e-01 -2.708652e-01 7.552916e-03
      vertex   1.666435e-01 -2.708652e-01 7.552916e-03
    endloop
  endfacet
  facet normal -1.528611e-15 -9.238794e-01 3.826837e-01
    outer loop
      vertex   1.666435e-01 -2.708652e-01 7.552916e-03
      vertex   1.999768e-01 -2.708652e-01 7.552916e-03
      vertex   1.666435e-01 -2.702658e-01 9.000001e-03
    endloop
  endfacet
  facet normal -1.539198e-15 -9.238794e-01 3.826837e-01
    outer loop
      vertex   1.666435e-01 -2.708652e-01 7.552916e-03
      vertex   1.666435e-01 -2.702658e-01 9.000001e-03
      vertex   1.333102e-01 -2.702658e-01 9.000001e-03
    endloop
  endfacet
  facet normal -1.321198e-15 -7.933532e-01 6.087616e-01
    outer loop
      vertex   1.333102e-01 -2.702658e-01 9.000001e-03
      vertex   1.666435e-01 -2.702658e-01 9.000001e-03
      vertex   1.333102e-01 -2.693123e-01 1.024264e-02
    endloop
  endfacet
  facet normal 0.000000e+00 -7.933532e-01 6.087616e-01
    outer loop
      vertex   1.333102e-01 -2.702658e-01 9.000001e-03
      vertex   1.333102e-01 -2.693123e-01 1.024264e-02
      vertex   9.997683e-02 -2.693123e-01 1.024264e-02
    endloop
  endfacet
  facet normal 0.000000e+00 -6.087613e-01 7.933534e-01
    outer loop
      vertex   9.997683e-02 -2.693123e-01 1.024264e-02
      vertex   1.333102e-01 -2.693123e-01 1.024264e-02
      vertex   9.997683e-02 -2.680696e-01 1.119615e-02
    endloop
  endfacet
  facet normal 0.000000e+00 -6.087613e-01 7.933534e-01
    outer loop
      vertex   9.997683e-02 -2.693123e-01 1.024264e-02
      vertex   9.997683e-02 -2.680696e-01 1.119615e-02
      vertex   6.664349e-02 -2.680696e-01 1.119615e-02
    endloop
  endfacet
  facet normal 0.000000e+00 -3.826833e-01 9.238796e-01
    outer loop
      vertex   6.664349e-02 -2.680696e-01 1.119615e-02
      vertex   9.997683e-02 -2.680696e-01 1.119615e-02
      vertex   6.664349e-02 -2.666225e-01 1.179556e-02
    endloop
  endfacet
  facet normal 0.000000e+00 -3.826833e-01 9.238796e-01
    outer loop
      vertex   6.664349e-02 -2.680696e-01 1.119615e-02
      vertex   6.664349e-02 -2.666225e-01 1.179556e-02
      vertex   3.331016e-02 -2.666225e-01 1.179556e-02
    endloop
  endfacet
  facet normal 0.000000e+00 -1.305262e-01 9.914449e-01
    outer loop
      vertex   3.331016e-02 -2.666225e-01 1.179556e-02
      vertex   6.664349e-02 -2.666225e-01 1.179556e-02
      vertex   1.999768e-01 -2.650696e-01 1.200000e-02
    endloop
  endfacet
  facet normal -1.618287e-15 -9.238794e-01 3.826837e-01
    outer loop
      vertex   1.999768e-01 -2.708652e-01 7.552916e-03
      vertex   1.999768e-01 -2.702658e-01 9.000001e-03
      vertex   1.666435e-01 -2.702658e-01 9.000001e-03
    endloop
  endfacet
  facet normal -1.447922e-15 -7.933532e-01 6.087616e-01
    outer loop
      vertex   1.666435e-01 -2.702658e-01 9.000001e-03
      vertex   1.999768e-01 -2.702658e-01 9.000001e-03
      vertex   1.666435e-01 -2.693123e-01 1.024264e-02
    endloop
  endfacet
  facet normal -1.322210e-15 -7.933532e-01 6.087616e-01
    outer loop
      vertex   1.666435e-01 -2.702658e-01 9.000001e-03
      vertex   1.666435e-01 -2.693123e-01 1.024264e-02
      vertex   1.333102e-01 -2.693123e-01 1.024264e-02
    endloop
  endfacet
  facet normal -1.013791e-15 -6.087613e-01 7.933534e-01
    outer loop
      vertex   1.333102e-01 -2.693123e-01 1.024264e-02
      vertex   1.666435e-01 -2.693123e-01 1.024264e-02
      vertex   1.333102e-01 -2.680696e-01 1.119615e-02
    endloop
  endfacet
  facet normal 0.000000e+00 -6.087613e-01 7.933534e-01
    outer loop
      vertex   1.333102e-01 -2.693123e-01 1.024264e-02
      vertex   1.333102e-01 -2.680696e-01 1.119615e-02
      vertex   9.997683e-02 -2.680696e-01 1.119615e-02
    endloop
  endfacet
  facet normal 0.000000e+00 -3.826833e-01 9.238796e-01
    outer loop
      vertex   9.997683e-02 -2.680696e-01 1.119615e-02
      vertex   1.333102e-01 -2.680696e-01 1.119615e-02
      vertex   9.997683e-02 -2.666225e-01 1.179556e-02
    endloop
  endfacet
  facet normal -6.387977e-16 -3.826833e-01 9.238796e-01
    outer loop
      vertex   9.997683e-02 -2.680696e-01 1.119615e-02
      vertex   9.997683e-02 -2.666225e-01 1.179556e-02
      vertex   6.664349e-02 -2.666225e-01 1.179556e-02
    endloop
  endfacet
  facet normal -2.173697e-16 -1.305262e-01 9.914449e-01
    outer loop
      vertex   6.664349e-02 -2.666225e-01 1.179556e-02
      vertex   9.997683e-02 -2.666225e-01 1.179556e-02
      vertex   1.999768e-01 -2.650696e-01 1.200000e-02
    endloop
  endfacet
  facet normal -1.383048e-15 -7.933532e-01 6.087616e-01
    outer loop
      vertex   1.999768e-01 -2.702658e-01 9.000001e-03
      vertex   1.999768e-01 -2.693123e-01 1.024264e-02
      vertex   1.666435e-01 -2.693123e-01 1.024264e-02
    endloop
  endfacet
  facet normal -1.096366e-15 -6.087613e-01 7.933534e-01
    outer loop
      vertex   1.666435e-01 -2.693123e-01 1.024264e-02
      vertex   1.999768e-01 -2.693123e-01 1.024264e-02
      vertex   1.666435e-01 -2.680696e-01 1.119615e-02
    endloop
  endfacet
  facet normal -1.013965e-15 -6.087613e-01 7.933534e-01
    outer loop
      vertex   1.666435e-01 -2.693123e-01 1.024264e-02
      vertex   1.666435e-01 -2.680696e-01 1.119615e-02
      vertex   1.333102e-01 -2.680696e-01 1.119615e-02
    endloop
  endfacet
  facet normal -6.372958e-16 -3.826833e-01 9.238796e-01
    outer loop
      vertex   1.333102e-01 -2.680696e-01 1.119615e-02
      vertex   1.666435e-01 -2.680696e-01 1.119615e-02
      vertex   1.333102e-01 -2.666225e-01 1.179556e-02
    endloop
  endfacet
  facet normal 0.000000e+00 -3.826833e-01 9.238796e-01
    outer loop
      vertex   1.333102e-01 -2.680696e-01 1.119615e-02
      vertex   1.333102e-01 -2.666225e-01 1.179556e-02
      vertex   9.997683e-02 -2.666225e-01 1.179556e-02
    endloop
  endfacet
  facet normal 0.000000e+00 -1.305262e-01 9.914449e-01
    outer loop
      vertex   9.997683e-02 -2.666225e-01 1.179556e-02
      vertex   1.333102e-01 -2.666225e-01 1.179556e-02
      vertex   1.999768e-01 -2.650696e-01 1.200000e-02
    endloop
  endfacet
  facet normal -1.099138e-15 -6.087613e-01 7.933534e-01
    outer loop
      vertex   1.999768e-01 -2.693123e-01 1.024264e-02
      vertex   1.999768e-01 -2.680696e-01 1.119615e-02
      vertex   1.666435e-01 -2.680696e-01 1.119615e-02
    endloop
  endfacet
  facet normal -7.334563e-16 -3.826833e-01 9.238796e-01
    outer loop
      vertex   1.666435e-01 -2.680696e-01 1.119615e-02
      vertex   1.999768e-01 -2.680696e-01 1.119615e-02
      vertex   1.666435e-01 -2.666225e-01 1.179556e-02
    endloop
  endfacet
  facet normal -6.387977e-16 -3.826833e-01 9.238796e-01
    outer loop
      vertex   1.666435e-01 -2.680696e-01 1.119615e-02
      vertex   1.666435e-01 -2.666225e-01 1.179556e-02
      vertex   1.333102e-01 -2.666225e-01 1.179556e-02
    endloop
  endfacet
  facet normal -2.173697e-16 -1.305262e-01 9.914449e-01
    outer loop
      vertex   1.333102e-01 -2.666225e-01 1.179556e-02
      vertex   1.666435e-01 -2.666225e-01 1.179556e-02
      vertex   1.999768e-01 -2.650696e-01 1.200000e-02
    endloop
  endfacet
  facet normal 0.000000e+00 -3.826833e-01 9.238796e-01
    outer loop
      vertex   1.999768e-01 -2.680696e-01 1.119615e-02
      vertex   1.999768e-01 -2.666225e-01 1.179556e-02
      vertex   1.666435e-01 -2.666225e-01 1.179556e-02
    endloop
  endfacet
  facet normal 0.000000e+00 -1.305262e-01 9.914449e-01
    outer loop
      vertex   1.666435e-01 -2.666225e-01 1.179556e-02
      vertex   1.999768e-01 -2.666225e-01 1.179556e-02
      vertex   1.999768e-01 -2.650696e-01 1.200000e-02
    endloop
  endfacet
  facet normal -9.328474e-16 -6.087613e-01 7.933534e-01
    outer loop
      vertex   -2.000232e-01 -2.680696e-01 1.119615e-02
      vertex   -2.000232e-01 -2.693123e-01 1.024264e-02
      vertex   -1.666898e-01 -2.693123e-01 1.024264e-02
    endloop
  endfacet
  facet normal -1.257837e-15 -7.933532e-01 6.087616e-01
    outer loop
      vertex   -1.666898e-01 -2.693123e-01 1.024264e-02
      vertex   -2.000232e-01 -2.693123e-01 1.024264e-02
      vertex   -1.666898e-01 -2.702658e-01 9.000001e-03
    endloop
  endfacet
  facet normal 0.000000e+00 -7.933532e-01 6.087616e-01
    outer loop
      vertex   -1.666898e-01 -2.693123e-01 1.024264e-02
      vertex   -1.666898e-01 -2.702658e-01 9.000001e-03
      vertex   -1.333565e-01 -2.702658e-01 9.000001e-03
    endloop
  endfacet
  facet normal 0.000000e+00 -9.238794e-01 3.826837e-01
    outer loop
      vertex   -1.333565e-01 -2.702658e-01 9.000001e-03
      vertex   -1.666898e-01 -2.702658e-01 9.000001e-03
      vertex   -1.333565e-01 -2.708652e-01 7.552916e-03
    endloop
  endfacet
  facet normal 0.000000e+00 -9.238794e-01 3.826837e-01
    outer loop
      vertex   -1.333565e-01 -2.702658e-01 9.000001e-03
      vertex   -1.333565e-01 -2.708652e-01 7.552916e-03
      vertex   -1.000232e-01 -2.708652e-01 7.552916e-03
    endloop
  endfacet
  facet normal 0.000000e+00 -9.914448e-01 1.305265e-01
    outer loop
      vertex   -1.000232e-01 -2.708652e-01 7.552916e-03
      vertex   -1.333565e-01 -2.708652e-01 7.552916e-03
      vertex   -1.000232e-01 -2.710696e-01 6.000002e-03
    endloop
  endfacet
  facet normal -1.650734e-15 -9.914448e-01 1.305265e-01
    outer loop
      vertex   -1.000232e-01 -2.708652e-01 7.552916e-03
      vertex   -1.000232e-01 -2.710696e-01 6.000002e-03
      vertex   -6.668984e-02 -2.710696e-01 6.000002e-03
    endloop
  endfacet
  facet normal -1.651087e-15 -9.914449e-01 -1.305258e-01
    outer loop
      vertex   -6.668984e-02 -2.710696e-01 6.000002e-03
      vertex   -1.000232e-01 -2.710696e-01 6.000002e-03
      vertex   -6.668984e-02 -2.708652e-01 4.447088e-03
    endloop
  endfacet
  facet normal 0.000000e+00 -9.914449e-01 -1.305258e-01
    outer loop
      vertex   -6.668984e-02 -2.710696e-01 6.000002e-03
      vertex   -6.668984e-02 -2.708652e-01 4.447088e-03
      vertex   -3.335651e-02 -2.708652e-01 4.447088e-03
    endloop
  endfacet
  facet normal -0.000000e+00 -9.238797e-01 -3.826830e-01
    outer loop
      vertex   -3.335651e-02 -2.708652e-01 4.447088e-03
      vertex   -6.668984e-02 -2.708652e-01 4.447088e-03
      vertex   -3.335651e-02 -2.702658e-01 3.000003e-03
    endloop
  endfacet
  facet normal 0.000000e+00 -9.238797e-01 -3.826830e-01
    outer loop
      vertex   -3.335651e-02 -2.708652e-01 4.447088e-03
      vertex   -3.335651e-02 -2.702658e-01 3.000003e-03
      vertex   -2.317404e-05 -2.702658e-01 3.000003e-03
    endloop
  endfacet
  facet normal -0.000000e+00 -7.933537e-01 -6.087610e-01
    outer loop
      vertex   -2.317404e-05 -2.702658e-01 3.000003e-03
      vertex   -3.335651e-02 -2.702658e-01 3.000003e-03
      vertex   -2.317404e-05 -2.693123e-01 1.757362e-03
    endloop
  endfacet
  facet normal -1.322210e-15 -7.933537e-01 -6.087610e-01
    outer loop
      vertex   -2.317404e-05 -2.702658e-01 3.000003e-03
      vertex   -2.317404e-05 -2.693123e-01 1.757362e-03
      vertex   3.331016e-02 -2.693123e-01 1.757362e-03
    endloop
  endfacet
  facet normal -1.013792e-15 -6.087619e-01 -7.933530e-01
    outer loop
      vertex   3.331016e-02 -2.693123e-01 1.757362e-03
      vertex   -2.317404e-05 -2.693123e-01 1.757362e-03
      vertex   3.331016e-02 -2.680696e-01 8.038494e-04
    endloop
  endfacet
  facet normal -1.013965e-15 -6.087619e-01 -7.933530e-01
    outer loop
      vertex   3.331016e-02 -2.693123e-01 1.757362e-03
      vertex   3.331016e-02 -2.680696e-01 8.038494e-04
      vertex   6.664349e-02 -2.680696e-01 8.038494e-04
    endloop
  endfacet
  facet normal -6.372969e-16 -3.826840e-01 -9.238793e-01
    outer loop
      vertex   6.664349e-02 -2.680696e-01 8.038494e-04
      vertex   3.331016e-02 -2.680696e-01 8.038494e-04
      vertex   6.664349e-02 -2.666225e-01 2.044461e-04
    endloop
  endfacet
  facet normal 0.000000e+00 -3.826840e-01 -9.238793e-01
    outer loop
      vertex   6.664349e-02 -2.680696e-01 8.038494e-04
      vertex   6.664349e-02 -2.666225e-01 2.044461e-04
      vertex   9.997683e-02 -2.666225e-01 2.044461e-04
    endloop
  endfacet
  facet normal -0.000000e+00 -1.305269e-01 -9.914448e-01
    outer loop
      vertex   9.997683e-02 -2.666225e-01 2.044461e-04
      vertex   6.664349e-02 -2.666225e-01 2.044461e-04
      vertex   1.999768e-01 -2.650696e-01 1.332268e-17
    endloop
  endfacet
  facet normal 1.297875e-16 -7.933532e-01 6.087616e-01
    outer loop
      vertex   -2.000232e-01 -2.693123e-01 1.024264e-02
      vertex   -2.000232e-01 -2.702658e-01 9.000001e-03
      vertex   -1.666898e-01 -2.702658e-01 9.000001e-03
    endloop
  endfacet
  facet normal 7.966205e-17 -9.238794e-01 3.826837e-01
    outer loop
      vertex   -1.666898e-01 -2.702658e-01 9.000001e-03
      vertex   -2.000232e-01 -2.702658e-01 9.000001e-03
      vertex   -1.666898e-01 -2.708652e-01 7.552916e-03
    endloop
  endfacet
  facet normal 0.000000e+00 -9.238794e-01 3.826837e-01
    outer loop
      vertex   -1.666898e-01 -2.702658e-01 9.000001e-03
      vertex   -1.666898e-01 -2.708652e-01 7.552916e-03
      vertex   -1.333565e-01 -2.708652e-01 7.552916e-03
    endloop
  endfacet
  facet normal 0.000000e+00 -9.914448e-01 1.305265e-01
    outer loop
      vertex   -1.333565e-01 -2.708652e-01 7.552916e-03
      vertex   -1.666898e-01 -2.708652e-01 7.552916e-03
      vertex   -1.333565e-01 -2.710696e-01 6.000002e-03
    endloop
  endfacet
  facet normal 0.000000e+00 -9.914448e-01 1.305265e-01
    outer loop
      vertex   -1.333565e-01 -2.708652e-01 7.552916e-03
      vertex   -1.333565e-01 -2.710696e-01 6.000002e-03
      vertex   -1.000232e-01 -2.710696e-01 6.000002e-03
    endloop
  endfacet
  facet normal -0.000000e+00 -9.914449e-01 -1.305258e-01
    outer loop
      vertex   -1.000232e-01 -2.710696e-01 6.000002e-03
      vertex   -1.333565e-01 -2.710696e-01 6.000002e-03
      vertex   -1.000232e-01 -2.708652e-01 4.447088e-03
    endloop
  endfacet
  facet normal -1.651748e-15 -9.914449e-01 -1.305258e-01
    outer loop
      vertex   -1.000232e-01 -2.710696e-01 6.000002e-03
      vertex   -1.000232e-01 -2.708652e-01 4.447088e-03
      vertex   -6.668984e-02 -2.708652e-01 4.447088e-03
    endloop
  endfacet
  facet normal -1.538569e-15 -9.238797e-01 -3.826830e-01
    outer loop
      vertex   -6.668984e-02 -2.708652e-01 4.447088e-03
      vertex   -1.000232e-01 -2.708652e-01 4.447088e-03
      vertex   -6.668984e-02 -2.702658e-01 3.000003e-03
    endloop
  endfacet
  facet normal -1.539198e-15 -9.238797e-01 -3.826830e-01
    outer loop
      vertex   -6.668984e-02 -2.708652e-01 4.447088e-03
      vertex   -6.668984e-02 -2.702658e-01 3.000003e-03
      vertex   -3.335651e-02 -2.702658e-01 3.000003e-03
    endloop
  endfacet
  facet normal -1.321199e-15 -7.933537e-01 -6.087610e-01
    outer loop
      vertex   -3.335651e-02 -2.702658e-01 3.000003e-03
      vertex   -6.668984e-02 -2.702658e-01 3.000003e-03
      vertex   -3.335651e-02 -2.693123e-01 1.757362e-03
    endloop
  endfacet
  facet normal 0.000000e+00 -7.933537e-01 -6.087610e-01
    outer loop
      vertex   -3.335651e-02 -2.702658e-01 3.000003e-03
      vertex   -3.335651e-02 -2.693123e-01 1.757362e-03
      vertex   -2.317404e-05 -2.693123e-01 1.757362e-03
    endloop
  endfacet
  facet normal -0.000000e+00 -6.087619e-01 -7.933530e-01
    outer loop
      vertex   -2.317404e-05 -2.693123e-01 1.757362e-03
      vertex   -3.335651e-02 -2.693123e-01 1.757362e-03
      vertex   -2.317404e-05 -2.680696e-01 8.038494e-04
    endloop
  endfacet
  facet normal -1.013965e-15 -6.087619e-01 -7.933530e-01
    outer loop
      vertex   -2.317404e-05 -2.693123e-01 1.757362e-03
      vertex   -2.317404e-05 -2.680696e-01 8.038494e-04
      vertex   3.331016e-02 -2.680696e-01 8.038494e-04
    endloop
  endfacet
  facet normal -6.372969e-16 -3.826840e-01 -9.238793e-01
    outer loop
      vertex   3.331016e-02 -2.680696e-01 8.038494e-04
      vertex   -2.317404e-05 -2.680696e-01 8.038494e-04
      vertex   3.331016e-02 -2.666225e-01 2.044461e-04
    endloop
  endfacet
  facet normal -6.367697e-16 -3.826840e-01 -9.238793e-01
    outer loop
      vertex   3.331016e-02 -2.680696e-01 8.038494e-04
      vertex   3.331016e-02 -2.666225e-01 2.044461e-04
      vertex   6.664349e-02 -2.666225e-01 2.044461e-04
    endloop
  endfacet
  facet normal -2.173710e-16 -1.305269e-01 -9.914448e-01
    outer loop
      vertex   6.664349e-02 -2.666225e-01 2.044461e-04
      vertex   3.331016e-02 -2.666225e-01 2.044461e-04
      vertex   1.999768e-01 -2.650696e-01 1.332268e-17
    endloop
  endfacet
  facet normal -1.549338e-15 -9.238794e-01 3.826837e-01
    outer loop
      vertex   -2.000232e-01 -2.702658e-01 9.000001e-03
      vertex   -2.000232e-01 -2.708652e-01 7.552916e-03
      vertex   -1.666898e-01 -2.708652e-01 7.552916e-03
    endloop
  endfacet
  facet normal -1.654484e-15 -9.914448e-01 1.305265e-01
    outer loop
      vertex   -1.666898e-01 -2.708652e-01 7.552916e-03
      vertex   -2.000232e-01 -2.708652e-01 7.552916e-03
      vertex   -1.666898e-01 -2.710696e-01 6.000002e-03
    endloop
  endfacet
  facet normal -1.651748e-15 -9.914448e-01 1.305265e-01
    outer loop
      vertex   -1.666898e-01 -2.708652e-01 7.552916e-03
      vertex   -1.666898e-01 -2.710696e-01 6.000002e-03
      vertex   -1.333565e-01 -2.710696e-01 6.000002e-03
    endloop
  endfacet
  facet normal -1.651087e-15 -9.914449e-01 -1.305258e-01
    outer loop
      vertex   -1.333565e-01 -2.710696e-01 6.000002e-03
      vertex   -1.666898e-01 -2.710696e-01 6.000002e-03
      vertex   -1.333565e-01 -2.708652e-01 4.447088e-03
    endloop
  endfacet
  facet normal 0.000000e+00 -9.914449e-01 -1.305258e-01
    outer loop
      vertex   -1.333565e-01 -2.710696e-01 6.000002e-03
      vertex   -1.333565e-01 -2.708652e-01 4.447088e-03
      vertex   -1.000232e-01 -2.708652e-01 4.447088e-03
    endloop
  endfacet
  facet normal -0.000000e+00 -9.238797e-01 -3.826830e-01
    outer loop
      vertex   -1.000232e-01 -2.708652e-01 4.447088e-03
      vertex   -1.333565e-01 -2.708652e-01 4.447088e-03
      vertex   -1.000232e-01 -2.702658e-01 3.000003e-03
    endloop
  endfacet
  facet normal 0.000000e+00 -9.238797e-01 -3.826830e-01
    outer loop
      vertex   -1.000232e-01 -2.708652e-01 4.447088e-03
      vertex   -1.000232e-01 -2.702658e-01 3.000003e-03
      vertex   -6.668984e-02 -2.702658e-01 3.000003e-03
    endloop
  endfacet
  facet normal -0.000000e+00 -7.933537e-01 -6.087610e-01
    outer loop
      vertex   -6.668984e-02 -2.702658e-01 3.000003e-03
      vertex   -1.000232e-01 -2.702658e-01 3.000003e-03
      vertex   -6.668984e-02 -2.693123e-01 1.757362e-03
    endloop
  endfacet
  facet normal 0.000000e+00 -7.933537e-01 -6.087610e-01
    outer loop
      vertex   -6.668984e-02 -2.702658e-01 3.000003e-03
      vertex   -6.668984e-02 -2.693123e-01 1.757362e-03
      vertex   -3.335651e-02 -2.693123e-01 1.757362e-03
    endloop
  endfacet
  facet normal -0.000000e+00 -6.087619e-01 -7.933530e-01
    outer loop
      vertex   -3.335651e-02 -2.693123e-01 1.757362e-03
      vertex   -6.668984e-02 -2.693123e-01 1.757362e-03
      vertex   -3.335651e-02 -2.680696e-01 8.038494e-04
    endloop
  endfacet
  facet normal 0.000000e+00 -6.087619e-01 -7.933530e-01
    outer loop
      vertex   -3.335651e-02 -2.693123e-01 1.757362e-03
      vertex   -3.335651e-02 -2.680696e-01 8.038494e-04
      vertex   -2.317404e-05 -2.680696e-01 8.038494e-04
    endloop
  endfacet
  facet normal -0.000000e+00 -3.826840e-01 -9.238793e-01
    outer loop
      vertex   -2.317404e-05 -2.680696e-01 8.038494e-04
      vertex   -3.335651e-02 -2.680696e-01 8.038494e-04
      vertex   -2.317404e-05 -2.666225e-01 2.044461e-04
    endloop
  endfacet
  facet normal -6.367697e-16 -3.826840e-01 -9.238793e-01
    outer loop
      vertex   -2.317404e-05 -2.680696e-01 8.038494e-04
      vertex   -2.317404e-05 -2.666225e-01 2.044461e-04
      vertex   3.331016e-02 -2.666225e-01 2.044461e-04
    endloop
  endfacet
  facet normal -2.173710e-16 -1.305269e-01 -9.914448e-01
    outer loop
      vertex   3.331016e-02 -2.666225e-01 2.044461e-04
      vertex   -2.317404e-05 -2.666225e-01 2.044461e-04
      vertex   1.999768e-01 -2.650696e-01 1.332268e-17
    endloop
  endfacet
  facet normal 0.000000e+00 -9.914448e-01 1.305265e-01
    outer loop
      vertex   -2.000232e-01 -2.708652e-01 7.552916e-03
      vertex   -2.000232e-01 -2.710696e-01 6.000002e-03
      vertex   -1.666898e-01 -2.710696e-01 6.000002e-03
    endloop
  endfacet
  facet normal -0.000000e+00 -9.914449e-01 -1.305258e-01
    outer loop
      vertex   -1.666898e-01 -2.710696e-01 6.000002e-03
      vertex   -2.000232e-01 -2.710696e-01 6.000002e-03
      vertex   -1.666898e-01 -2.708652e-01 4.447088e-03
    endloop
  endfacet
  facet normal -1.651748e-15 -9.914449e-01 -1.305258e-01
    outer loop
      vertex   -1.666898e-01 -2.710696e-01 6.000002e-03
      vertex   -1.666898e-01 -2.708652e-01 4.447088e-03
      vertex   -1.333565e-01 -2.708652e-01 4.447088e-03
    endloop
  endfacet
  facet normal -1.538569e-15 -9.238797e-01 -3.826830e-01
    outer loop
      vertex   -1.333565e-01 -2.708652e-01 4.447088e-03
      vertex   -1.666898e-01 -2.708652e-01 4.447088e-03
      vertex   -1.333565e-01 -2.702658e-01 3.000003e-03
    endloop
  endfacet
  facet normal 0.000000e+00 -9.238797e-01 -3.826830e-01
    outer loop
      vertex   -1.333565e-01 -2.708652e-01 4.447088e-03
      vertex   -1.333565e-01 -2.702658e-01 3.000003e-03
      vertex   -1.000232e-01 -2.702658e-01 3.000003e-03
    endloop
  endfacet
  facet normal -0.000000e+00 -7.933537e-01 -6.087610e-01
    outer loop
      vertex   -1.000232e-01 -2.702658e-01 3.000003e-03
      vertex   -1.333565e-01 -2.702658e-01 3.000003e-03
      vertex   -1.000232e-01 -2.693123e-01 1.757362e-03
    endloop
  endfacet
  facet normal -1.322210e-15 -7.933537e-01 -6.087610e-01
    outer loop
      vertex   -1.000232e-01 -2.702658e-01 3.000003e-03
      vertex   -1.000232e-01 -2.693123e-01 1.757362e-03
      vertex   -6.668984e-02 -2.693123e-01 1.757362e-03
    endloop
  endfacet
  facet normal -1.013792e-15 -6.087619e-01 -7.933530e-01
    outer loop
      vertex   -6.668984e-02 -2.693123e-01 1.757362e-03
      vertex   -1.000232e-01 -2.693123e-01 1.757362e-03
      vertex   -6.668984e-02 -2.680696e-01 8.038494e-04
    endloop
  endfacet
  facet normal 0.000000e+00 -6.087619e-01 -7.933530e-01
    outer loop
      vertex   -6.668984e-02 -2.693123e-01 1.757362e-03
      vertex   -6.668984e-02 -2.680696e-01 8.038494e-04
      vertex   -3.335651e-02 -2.680696e-01 8.038494e-04
    endloop
  endfacet
  facet normal -0.000000e+00 -3.826840e-01 -9.238793e-01
    outer loop
      vertex   -3.335651e-02 -2.680696e-01 8.038494e-04
      vertex   -6.668984e-02 -2.680696e-01 8.038494e-04
      vertex   -3.335651e-02 -2.666225e-01 2.044461e-04
    endloop
  endfacet
  facet normal 0.000000e+00 -3.826840e-01 -9.238793e-01
    outer loop
      vertex   -3.335651e-02 -2.680696e-01 8.038494e-04
      vertex   -3.335651e-02 -2.666225e-01 2.044461e-04
      vertex   -2.317404e-05 -2.666225e-01 2.044461e-04
    endloop
  endfacet
  facet normal -0.000000e+00 -1.305269e-01 -9.914448e-01
    outer loop
      vertex   -2.317404e-05 -2.666225e-01 2.044461e-04
      vertex   -3.335651e-02 -2.666225e-01 2.044461e-04
      vertex   -2.000232e-01 -2.650696e-01 1.332268e-17
    endloop
  endfacet
  facet normal -9.058083e-17 -1.305269e-01 -9.914448e-01
    outer loop
      vertex   -2.317404e-05 -2.666225e-01 2.044461e-04
      vertex   -2.000232e-01 -2.650696e-01 1.332268e-17
      vertex   1.999768e-01 -2.650696e-01 1.332268e-17
    endloop
  endfacet
  facet normal 1.013965e-17 -9.914449e-01 -1.305258e-01
    outer loop
      vertex   -2.000232e-01 -2.710696e-01 6.000002e-03
      vertex   -2.000232e-01 -2.708652e-01 4.447088e-03
      vertex   -1.666898e-01 -2.708652e-01 4.447088e-03
    endloop
  endfacet
  facet normal 2.987321e-17 -9.238797e-01 -3.826830e-01
    outer loop
      vertex   -1.666898e-01 -2.708652e-01 4.447088e-03
      vertex   -2.000232e-01 -2.708652e-01 4.447088e-03
      vertex   -1.666898e-01 -2.702658e-01 3.000003e-03
    endloop
  endfacet
  facet normal -1.537170e-15 -9.238797e-01 -3.826830e-01
    outer loop
      vertex   -1.666898e-01 -2.708652e-01 4.447088e-03
      vertex   -1.666898e-01 -2.702658e-01 3.000003e-03
      vertex   -1.333565e-01 -2.702658e-01 3.000003e-03
    endloop
  endfacet
  facet normal -1.321199e-15 -7.933537e-01 -6.087610e-01
    outer loop
      vertex   -1.333565e-01 -2.702658e-01 3.000003e-03
      vertex   -1.666898e-01 -2.702658e-01 3.000003e-03
      vertex   -1.333565e-01 -2.693123e-01 1.757362e-03
    endloop
  endfacet
  facet normal -1.322210e-15 -7.933537e-01 -6.087610e-01
    outer loop
      vertex   -1.333565e-01 -2.702658e-01 3.000003e-03
      vertex   -1.333565e-01 -2.693123e-01 1.757362e-03
      vertex   -1.000232e-01 -2.693123e-01 1.757362e-03
    endloop
  endfacet
  facet normal -1.013792e-15 -6.087619e-01 -7.933530e-01
    outer loop
      vertex   -1.000232e-01 -2.693123e-01 1.757362e-03
      vertex   -1.333565e-01 -2.693123e-01 1.757362e-03
      vertex   -1.000232e-01 -2.680696e-01 8.038494e-04
    endloop
  endfacet
  facet normal -1.013965e-15 -6.087619e-01 -7.933530e-01
    outer loop
      vertex   -1.000232e-01 -2.693123e-01 1.757362e-03
      vertex   -1.000232e-01 -2.680696e-01 8.038494e-04
      vertex   -6.668984e-02 -2.680696e-01 8.038494e-04
    endloop
  endfacet
  facet normal -6.372969e-16 -3.826840e-01 -9.238793e-01
    outer loop
      vertex   -6.668984e-02 -2.680696e-01 8.038494e-04
      vertex   -1.000232e-01 -2.680696e-01 8.038494e-04
      vertex   -6.668984e-02 -2.666225e-01 2.044461e-04
    endloop
  endfacet
  facet normal 0.000000e+00 -3.826840e-01 -9.238793e-01
    outer loop
      vertex   -6.668984e-02 -2.680696e-01 8.038494e-04
      vertex   -6.668984e-02 -2.666225e-01 2.044461e-04
      vertex   -3.335651e-02 -2.666225e-01 2.044461e-04
    endloop
  endfacet
  facet normal -0.000000e+00 -1.305269e-01 -9.914448e-01
    outer loop
      vertex   -3.335651e-02 -2.666225e-01 2.044461e-04
      vertex   -6.668984e-02 -2.666225e-01 2.044461e-04
      vertex   -2.000232e-01 -2.650696e-01 1.332268e-17
    endloop
  endfacet
  facet normal 0.000000e+00 -9.238797e-01 -3.826830e-01
    outer loop
      vertex   -2.000232e-01 -2.708652e-01 4.447088e-03
      vertex   -2.000232e-01 -2.702658e-01 3.000003e-03
      vertex   -1.666898e-01 -2.702658e-01 3.000003e-03
    endloop
  endfacet
  facet normal -0.000000e+00 -7.933537e-01 -6.087610e-01
    outer loop
      vertex   -1.666898e-01 -2.702658e-01 3.000003e-03
      vertex   -2.000232e-01 -2.702658e-01 3.000003e-03
      vertex   -1.666898e-01 -2.693123e-01 1.757362e-03
    endloop
  endfacet
  facet normal 0.000000e+00 -7.933537e-01 -6.087610e-01
    outer loop
      vertex   -1.666898e-01 -2.702658e-01 3.000003e-03
      vertex   -1.666898e-01 -2.693123e-01 1.757362e-03
      vertex   -1.333565e-01 -2.693123e-01 1.757362e-03
    endloop
  endfacet
  facet normal -0.000000e+00 -6.087619e-01 -7.933530e-01
    outer loop
      vertex   -1.333565e-01 -2.693123e-01 1.757362e-03
      vertex   -1.666898e-01 -2.693123e-01 1.757362e-03
      vertex   -1.333565e-01 -2.680696e-01 8.038494e-04
    endloop
  endfacet
  facet normal 0.000000e+00 -6.087619e-01 -7.933530e-01
    outer loop
      vertex   -1.333565e-01 -2.693123e-01 1.757362e-03
      vertex   -1.333565e-01 -2.680696e-01 8.038494e-04
      vertex   -1.000232e-01 -2.680696e-01 8.038494e-04
    endloop
  endfacet
  facet normal -0.000000e+00 -3.826840e-01 -9.238793e-01
    outer loop
      vertex   -1.000232e-01 -2.680696e-01 8.038494e-04
      vertex   -1.333565e-01 -2.680696e-01 8.038494e-04
      vertex   -1.000232e-01 -2.666225e-01 2.044461e-04
    endloop
  endfacet
  facet normal -6.367697e-16 -3.826840e-01 -9.238793e-01
    outer loop
      vertex   -1.000232e-01 -2.680696e-01 8.038494e-04
      vertex   -1.000232e-01 -2.666225e-01 2.044461e-04
      vertex   -6.668984e-02 -2.666225e-01 2.044461e-04
    endloop
  endfacet
  facet normal -2.173710e-16 -1.305269e-01 -9.914448e-01
    outer loop
      vertex   -6.668984e-02 -2.666225e-01 2.044461e-04
      vertex   -1.000232e-01 -2.666225e-01 2.044461e-04
      vertex   -2.000232e-01 -2.650696e-01 1.332268e-17
    endloop
  endfacet
  facet normal 6.894959e-17 -7.933537e-01 -6.087610e-01
    outer loop
      vertex   -2.000232e-01 -2.702658e-01 3.000003e-03
      vertex   -2.000232e-01 -2.693123e-01 1.757362e-03
      vertex   -1.666898e-01 -2.693123e-01 1.757362e-03
    endloop
  endfacet
  facet normal 9.289674e-17 -6.087619e-01 -7.933530e-01
    outer loop
      vertex   -1.666898e-01 -2.693123e-01 1.757362e-03
      vertex   -2.000232e-01 -2.693123e-01 1.757362e-03
      vertex   -1.666898e-01 -2.680696e-01 8.038494e-04
    endloop
  endfacet
  facet normal 0.000000e+00 -6.087619e-01 -7.933530e-01
    outer loop
      vertex   -1.666898e-01 -2.693123e-01 1.757362e-03
      vertex   -1.666898e-01 -2.680696e-01 8.038494e-04
      vertex   -1.333565e-01 -2.680696e-01 8.038494e-04
    endloop
  endfacet
  facet normal -0.000000e+00 -3.826840e-01 -9.238793e-01
    outer loop
      vertex   -1.333565e-01 -2.680696e-01 8.038494e-04
      vertex   -1.666898e-01 -2.680696e-01 8.038494e-04
      vertex   -1.333565e-01 -2.666225e-01 2.044461e-04
    endloop
  endfacet
  facet normal 0.000000e+00 -3.826840e-01 -9.238793e-01
    outer loop
      vertex   -1.333565e-01 -2.680696e-01 8.038494e-04
      vertex   -1.333565e-01 -2.666225e-01 2.044461e-04
      vertex   -1.000232e-01 -2.666225e-01 2.044461e-04
    endloop
  endfacet
  facet normal -0.000000e+00 -1.305269e-01 -9.914448e-01
    outer loop
      vertex   -1.000232e-01 -2.666225e-01 2.044461e-04
      vertex   -1.333565e-01 -2.666225e-01 2.044461e-04
      vertex   -2.000232e-01 -2.650696e-01 1.332268e-17
    endloop
  endfacet
  facet normal -8.801212e-16 -6.087619e-01 -7.933530e-01
    outer loop
      vertex   -2.000232e-01 -2.693123e-01 1.757362e-03
      vertex   -2.000232e-01 -2.680696e-01 8.038494e-04
      vertex   -1.666898e-01 -2.680696e-01 8.038494e-04
    endloop
  endfacet
  facet normal -4.840411e-16 -3.826840e-01 -9.238793e-01
    outer loop
      vertex   -1.666898e-01 -2.680696e-01 8.038494e-04
      vertex   -2.000232e-01 -2.680696e-01 8.038494e-04
      vertex   -1.666898e-01 -2.666225e-01 2.044461e-04
    endloop
  endfacet
  facet normal 0.000000e+00 -3.826840e-01 -9.238793e-01
    outer loop
      vertex   -1.666898e-01 -2.680696e-01 8.038494e-04
      vertex   -1.666898e-01 -2.666225e-01 2.044461e-04
      vertex   -1.333565e-01 -2.666225e-01 2.044461e-04
    endloop
  endfacet
  facet normal -0.000000e+00 -1.305269e-01 -9.914448e-01
    outer loop
      vertex   -1.333565e-01 -2.666225e-01 2.044461e-04
      vertex   -1.666898e-01 -2.666225e-01 2.044461e-04
      vertex   -2.000232e-01 -2.650696e-01 1.332268e-17
    endloop
  endfacet
  facet normal -5.475408e-16 -3.826840e-01 -9.238793e-01
    outer loop
      vertex   -2.000232e-01 -2.680696e-01 8.038494e-04
      vertex   -2.000232e-01 -2.666225e-01 2.044461e-04
      vertex   -1.666898e-01 -2.666225e-01 2.044461e-04
    endloop
  endfacet
  facet normal -1.182090e-16 -1.305269e-01 -9.914448e-01
    outer loop
      vertex   -1.666898e-01 -2.666225e-01 2.044461e-04
      vertex   -2.000232e-01 -2.666225e-01 2.044461e-04
      vertex   -2.000232e-01 -2.650696e-01 1.332268e-17
    endloop
  endfacet
  facet normal -6.372969e-16 -3.826840e-01 -9.238793e-01
    outer loop
      vertex   1.333102e-01 -2.666225e-01 2.044461e-04
      vertex   1.666435e-01 -2.666225e-01 2.044461e-04
      vertex   1.333102e-01 -2.680696e-01 8.038494e-04
    endloop
  endfacet
  facet normal -6.372969e-16 -3.826840e-01 -9.238793e-01
    outer loop
      vertex   1.333102e-01 -2.680696e-01 8.038494e-04
      vertex   1.666435e-01 -2.666225e-01 2.044461e-04
      vertex   1.666435e-01 -2.680696e-01 8.038494e-04
    endloop
  endfacet
  facet normal -1.013792e-15 -6.087619e-01 -7.933530e-01
    outer loop
      vertex   1.333102e-01 -2.680696e-01 8.038494e-04
      vertex   1.666435e-01 -2.680696e-01 8.038494e-04
      vertex   1.333102e-01 -2.693123e-01 1.757362e-03
    endloop
  endfacet
  facet normal 0.000000e+00 -3.826840e-01 -9.238793e-01
    outer loop
      vertex   1.333102e-01 -2.666225e-01 2.044461e-04
      vertex   1.333102e-01 -2.680696e-01 8.038494e-04
      vertex   9.997683e-02 -2.680696e-01 8.038494e-04
    endloop
  endfacet
  facet normal 0.000000e+00 -6.087619e-01 -7.933530e-01
    outer loop
      vertex   9.997683e-02 -2.680696e-01 8.038494e-04
      vertex   1.333102e-01 -2.680696e-01 8.038494e-04
      vertex   9.997683e-02 -2.693123e-01 1.757362e-03
    endloop
  endfacet
  facet normal 0.000000e+00 -6.087619e-01 -7.933530e-01
    outer loop
      vertex   9.997683e-02 -2.680696e-01 8.038494e-04
      vertex   9.997683e-02 -2.693123e-01 1.757362e-03
      vertex   6.664349e-02 -2.693123e-01 1.757362e-03
    endloop
  endfacet
  facet normal 0.000000e+00 -7.933537e-01 -6.087610e-01
    outer loop
      vertex   6.664349e-02 -2.693123e-01 1.757362e-03
      vertex   9.997683e-02 -2.693123e-01 1.757362e-03
      vertex   6.664349e-02 -2.702658e-01 3.000003e-03
    endloop
  endfacet
  facet normal 0.000000e+00 -7.933537e-01 -6.087610e-01
    outer loop
      vertex   6.664349e-02 -2.693123e-01 1.757362e-03
      vertex   6.664349e-02 -2.702658e-01 3.000003e-03
      vertex   3.331016e-02 -2.702658e-01 3.000003e-03
    endloop
  endfacet
  facet normal 0.000000e+00 -9.238797e-01 -3.826830e-01
    outer loop
      vertex   3.331016e-02 -2.702658e-01 3.000003e-03
      vertex   6.664349e-02 -2.702658e-01 3.000003e-03
      vertex   3.331016e-02 -2.708652e-01 4.447088e-03
    endloop
  endfacet
  facet normal -1.537170e-15 -9.238797e-01 -3.826830e-01
    outer loop
      vertex   3.331016e-02 -2.702658e-01 3.000003e-03
      vertex   3.331016e-02 -2.708652e-01 4.447088e-03
      vertex   -2.317404e-05 -2.708652e-01 4.447088e-03
    endloop
  endfacet
  facet normal -1.651087e-15 -9.914449e-01 -1.305258e-01
    outer loop
      vertex   -2.317404e-05 -2.708652e-01 4.447088e-03
      vertex   3.331016e-02 -2.708652e-01 4.447088e-03
      vertex   -2.317404e-05 -2.710696e-01 6.000002e-03
    endloop
  endfacet
  facet normal 0.000000e+00 -9.914449e-01 -1.305258e-01
    outer loop
      vertex   -2.317404e-05 -2.708652e-01 4.447088e-03
      vertex   -2.317404e-05 -2.710696e-01 6.000002e-03
      vertex   -3.335651e-02 -2.710696e-01 6.000002e-03
    endloop
  endfacet
  facet normal 0.000000e+00 -9.914448e-01 1.305265e-01
    outer loop
      vertex   -3.335651e-02 -2.710696e-01 6.000002e-03
      vertex   -2.317404e-05 -2.710696e-01 6.000002e-03
      vertex   -3.335651e-02 -2.708652e-01 7.552916e-03
    endloop
  endfacet
  facet normal -1.651748e-15 -9.914448e-01 1.305265e-01
    outer loop
      vertex   -3.335651e-02 -2.710696e-01 6.000002e-03
      vertex   -3.335651e-02 -2.708652e-01 7.552916e-03
      vertex   -6.668984e-02 -2.708652e-01 7.552916e-03
    endloop
  endfacet
  facet normal -1.538568e-15 -9.238794e-01 3.826837e-01
    outer loop
      vertex   -6.668984e-02 -2.708652e-01 7.552916e-03
      vertex   -3.335651e-02 -2.708652e-01 7.552916e-03
      vertex   -6.668984e-02 -2.702658e-01 9.000001e-03
    endloop
  endfacet
  facet normal -1.539198e-15 -9.238794e-01 3.826837e-01
    outer loop
      vertex   -6.668984e-02 -2.708652e-01 7.552916e-03
      vertex   -6.668984e-02 -2.702658e-01 9.000001e-03
      vertex   -1.000232e-01 -2.702658e-01 9.000001e-03
    endloop
  endfacet
  facet normal -1.321198e-15 -7.933532e-01 6.087616e-01
    outer loop
      vertex   -1.000232e-01 -2.702658e-01 9.000001e-03
      vertex   -6.668984e-02 -2.702658e-01 9.000001e-03
      vertex   -1.000232e-01 -2.693123e-01 1.024264e-02
    endloop
  endfacet
  facet normal 0.000000e+00 -7.933532e-01 6.087616e-01
    outer loop
      vertex   -1.000232e-01 -2.702658e-01 9.000001e-03
      vertex   -1.000232e-01 -2.693123e-01 1.024264e-02
      vertex   -1.333565e-01 -2.693123e-01 1.024264e-02
    endloop
  endfacet
  facet normal 0.000000e+00 -6.087613e-01 7.933534e-01
    outer loop
      vertex   -1.333565e-01 -2.693123e-01 1.024264e-02
      vertex   -1.000232e-01 -2.693123e-01 1.024264e-02
      vertex   -1.333565e-01 -2.680696e-01 1.119615e-02
    endloop
  endfacet
  facet normal -1.013965e-15 -6.087613e-01 7.933534e-01
    outer loop
      vertex   -1.333565e-01 -2.693123e-01 1.024264e-02
      vertex   -1.333565e-01 -2.680696e-01 1.119615e-02
      vertex   -1.666898e-01 -2.680696e-01 1.119615e-02
    endloop
  endfacet
  facet normal -6.372958e-16 -3.826833e-01 9.238796e-01
    outer loop
      vertex   -1.666898e-01 -2.680696e-01 1.119615e-02
      vertex   -1.333565e-01 -2.680696e-01 1.119615e-02
      vertex   -1.666898e-01 -2.666225e-01 1.179556e-02
    endloop
  endfacet
  facet normal 0.000000e+00 -6.087619e-01 -7.933530e-01
    outer loop
      vertex   9.997683e-02 -2.693123e-01 1.757362e-03
      vertex   1.333102e-01 -2.680696e-01 8.038494e-04
      vertex   1.333102e-01 -2.693123e-01 1.757362e-03
    endloop
  endfacet
  facet normal -1.321199e-15 -7.933537e-01 -6.087610e-01
    outer loop
      vertex   6.664349e-02 -2.702658e-01 3.000003e-03
      vertex   9.997683e-02 -2.693123e-01 1.757362e-03
      vertex   9.997683e-02 -2.702658e-01 3.000003e-03
    endloop
  endfacet
  facet normal 0.000000e+00 -7.933537e-01 -6.087610e-01
    outer loop
      vertex   9.997683e-02 -2.702658e-01 3.000003e-03
      vertex   9.997683e-02 -2.693123e-01 1.757362e-03
      vertex   1.333102e-01 -2.693123e-01 1.757362e-03
    endloop
  endfacet
  facet normal -1.538569e-15 -9.238797e-01 -3.826830e-01
    outer loop
      vertex   3.331016e-02 -2.708652e-01 4.447088e-03
      vertex   6.664349e-02 -2.702658e-01 3.000003e-03
      vertex   6.664349e-02 -2.708652e-01 4.447088e-03
    endloop
  endfacet
  facet normal -1.539198e-15 -9.238797e-01 -3.826830e-01
    outer loop
      vertex   6.664349e-02 -2.708652e-01 4.447088e-03
      vertex   6.664349e-02 -2.702658e-01 3.000003e-03
      vertex   9.997683e-02 -2.702658e-01 3.000003e-03
    endloop
  endfacet
  facet normal -1.651087e-15 -9.914449e-01 -1.305258e-01
    outer loop
      vertex   -2.317404e-05 -2.710696e-01 6.000002e-03
      vertex   3.331016e-02 -2.708652e-01 4.447088e-03
      vertex   3.331016e-02 -2.710696e-01 6.000002e-03
    endloop
  endfacet
  facet normal -1.651748e-15 -9.914449e-01 -1.305258e-01
    outer loop
      vertex   3.331016e-02 -2.710696e-01 6.000002e-03
      vertex   3.331016e-02 -2.708652e-01 4.447088e-03
      vertex   6.664349e-02 -2.708652e-01 4.447088e-03
    endloop
  endfacet
  facet normal 0.000000e+00 -9.914448e-01 1.305265e-01
    outer loop
      vertex   -3.335651e-02 -2.708652e-01 7.552916e-03
      vertex   -2.317404e-05 -2.710696e-01 6.000002e-03
      vertex   -2.317404e-05 -2.708652e-01 7.552916e-03
    endloop
  endfacet
  facet normal -1.651748e-15 -9.914448e-01 1.305265e-01
    outer loop
      vertex   -2.317404e-05 -2.708652e-01 7.552916e-03
      vertex   -2.317404e-05 -2.710696e-01 6.000002e-03
      vertex   3.331016e-02 -2.710696e-01 6.000002e-03
    endloop
  endfacet
  facet normal 0.000000e+00 -9.238794e-01 3.826837e-01
    outer loop
      vertex   -6.668984e-02 -2.702658e-01 9.000001e-03
      vertex   -3.335651e-02 -2.708652e-01 7.552916e-03
      vertex   -3.335651e-02 -2.702658e-01 9.000001e-03
    endloop
  endfacet
  facet normal 0.000000e+00 -9.238794e-01 3.826837e-01
    outer loop
      vertex   -3.335651e-02 -2.702658e-01 9.000001e-03
      vertex   -3.335651e-02 -2.708652e-01 7.552916e-03
      vertex   -2.317404e-05 -2.708652e-01 7.552916e-03
    endloop
  endfacet
  facet normal -1.321198e-15 -7.933532e-01 6.087616e-01
    outer loop
      vertex   -1.000232e-01 -2.693123e-01 1.024264e-02
      vertex   -6.668984e-02 -2.702658e-01 9.000001e-03
      vertex   -6.668984e-02 -2.693123e-01 1.024264e-02
    endloop
  endfacet
  facet normal 0.000000e+00 -7.933532e-01 6.087616e-01
    outer loop
      vertex   -6.668984e-02 -2.693123e-01 1.024264e-02
      vertex   -6.668984e-02 -2.702658e-01 9.000001e-03
      vertex   -3.335651e-02 -2.702658e-01 9.000001e-03
    endloop
  endfacet
  facet normal 0.000000e+00 -6.087613e-01 7.933534e-01
    outer loop
      vertex   -1.333565e-01 -2.680696e-01 1.119615e-02
      vertex   -1.000232e-01 -2.693123e-01 1.024264e-02
      vertex   -1.000232e-01 -2.680696e-01 1.119615e-02
    endloop
  endfacet
  facet normal -1.013965e-15 -6.087613e-01 7.933534e-01
    outer loop
      vertex   -1.000232e-01 -2.680696e-01 1.119615e-02
      vertex   -1.000232e-01 -2.693123e-01 1.024264e-02
      vertex   -6.668984e-02 -2.693123e-01 1.024264e-02
    endloop
  endfacet
  facet normal -6.372958e-16 -3.826833e-01 9.238796e-01
    outer loop
      vertex   -1.666898e-01 -2.666225e-01 1.179556e-02
      vertex   -1.333565e-01 -2.680696e-01 1.119615e-02
      vertex   -1.333565e-01 -2.666225e-01 1.179556e-02
    endloop
  endfacet
  facet normal 0.000000e+00 -3.826833e-01 9.238796e-01
    outer loop
      vertex   -1.333565e-01 -2.666225e-01 1.179556e-02
      vertex   -1.333565e-01 -2.680696e-01 1.119615e-02
      vertex   -1.000232e-01 -2.680696e-01 1.119615e-02
    endloop
  endfacet
  facet normal 8.326673e-16 1.000000e+00 -3.725290e-07
    outer loop
      vertex   1.999768e-01 -2.650696e-01 1.200000e-02
      vertex   1.999768e-01 -2.650696e-01 1.332268e-17
      vertex   -2.000232e-01 -2.650696e-01 1.200000e-02
    endloop
  endfacet
  facet normal 6.938894e-16 1.000000e+00 -3.725290e-07
    outer loop
      vertex   -2.000232e-01 -2.650696e-01 1.200000e-02
      vertex   1.999768e-01 -2.650696e-01 1.332268e-17
      vertex   -2.000232e-01 -2.650696e-01 1.332268e-17
    endloop
  endfacet
  facet normal 1.305242e-01 -6.412244e-03 -9.914244e-01
    outer loop
      vertex   3.000000e-01 -1.650464e-01 1.332268e-17
      vertex   3.015529e-01 -1.650464e-01 2.044461e-04
      vertex   2.995184e-01 -1.748504e-01 1.332268e-17
    endloop
  endfacet
  facet normal 1.305242e-01 -6.412244e-03 -9.914244e-01
    outer loop
      vertex   2.995184e-01 -1.748504e-01 1.332268e-17
      vertex   3.015529e-01 -1.650464e-01 2.044461e-04
      vertex   3.010638e-01 -1.750026e-01 2.044461e-04
    endloop
  endfacet
  facet normal 1.292672e-01 -1.917498e-02 -9.914244e-01
    outer loop
      vertex   2.995184e-01 -1.748504e-01 1.332268e-17
      vertex   3.010638e-01 -1.750026e-01 2.044461e-04
      vertex   2.980781e-01 -1.845600e-01 1.332268e-17
    endloop
  endfacet
  facet normal 1.292672e-01 -1.917498e-02 -9.914244e-01
    outer loop
      vertex   2.980781e-01 -1.845600e-01 1.332268e-17
      vertex   3.010638e-01 -1.750026e-01 2.044461e-04
      vertex   2.996012e-01 -1.848630e-01 2.044461e-04
    endloop
  endfacet
  facet normal 1.267653e-01 -3.175305e-02 -9.914244e-01
    outer loop
      vertex   2.980781e-01 -1.845600e-01 1.332268e-17
      vertex   2.996012e-01 -1.848630e-01 2.044461e-04
      vertex   2.956930e-01 -1.940816e-01 1.332268e-17
    endloop
  endfacet
  facet normal 1.267653e-01 -3.175305e-02 -9.914244e-01
    outer loop
      vertex   2.956930e-01 -1.940816e-01 1.332268e-17
      vertex   2.996012e-01 -1.848630e-01 2.044461e-04
      vertex   2.971791e-01 -1.945324e-01 2.044461e-04
    endloop
  endfacet
  facet normal 1.230425e-01 -4.402531e-02 -9.914244e-01
    outer loop
      vertex   2.956930e-01 -1.940816e-01 1.332268e-17
      vertex   2.971791e-01 -1.945324e-01 2.044461e-04
      vertex   2.923862e-01 -2.033237e-01 1.332268e-17
    endloop
  endfacet
  facet normal 1.230425e-01 -4.402531e-02 -9.914244e-01
    outer loop
      vertex   2.923862e-01 -2.033237e-01 1.332268e-17
      vertex   2.971791e-01 -1.945324e-01 2.044461e-04
      vertex   2.938209e-01 -2.039179e-01 2.044461e-04
    endloop
  endfacet
  facet normal 1.181348e-01 -5.587360e-02 -9.914244e-01
    outer loop
      vertex   2.923862e-01 -2.033237e-01 1.332268e-17
      vertex   2.938209e-01 -2.039179e-01 2.044461e-04
      vertex   2.881894e-01 -2.121970e-01 1.332268e-17
    endloop
  endfacet
  facet normal 1.181348e-01 -5.587360e-02 -9.914244e-01
    outer loop
      vertex   2.881894e-01 -2.121970e-01 1.332268e-17
      vertex   2.938209e-01 -2.039179e-01 2.044461e-04
      vertex   2.895589e-01 -2.129291e-01 2.044461e-04
    endloop
  endfacet
  facet normal 1.120894e-01 -6.718378e-02 -9.914244e-01
    outer loop
      vertex   2.881894e-01 -2.121970e-01 1.332268e-17
      vertex   2.895589e-01 -2.129291e-01 2.044461e-04
      vertex   2.831431e-01 -2.206163e-01 1.332268e-17
    endloop
  endfacet
  facet normal 1.120894e-01 -6.718378e-02 -9.914244e-01
    outer loop
      vertex   2.831431e-01 -2.206163e-01 1.332268e-17
      vertex   2.895589e-01 -2.129291e-01 2.044461e-04
      vertex   2.844343e-01 -2.214791e-01 2.044461e-04
    endloop
  endfacet
  facet normal 1.049645e-01 -7.784696e-02 -9.914244e-01
    outer loop
      vertex   2.831431e-01 -2.206163e-01 1.332268e-17
      vertex   2.844343e-01 -2.214791e-01 2.044461e-04
      vertex   2.772958e-01 -2.285005e-01 1.332268e-17
    endloop
  endfacet
  facet normal 1.049645e-01 -7.784696e-02 -9.914244e-01
    outer loop
      vertex   2.772958e-01 -2.285005e-01 1.332268e-17
      vertex   2.844343e-01 -2.214791e-01 2.044461e-04
      vertex   2.784962e-01 -2.294856e-01 2.044461e-04
    endloop
  endfacet
  facet normal 9.682870e-02 -8.776042e-02 -9.914244e-01
    outer loop
      vertex   2.772958e-01 -2.285005e-01 1.332268e-17
      vertex   2.784962e-01 -2.294856e-01 2.044461e-04
      vertex   2.707039e-01 -2.357735e-01 1.332268e-17
    endloop
  endfacet
  facet normal 9.682870e-02 -8.776042e-02 -9.914244e-01
    outer loop
      vertex   2.707039e-01 -2.357735e-01 1.332268e-17
      vertex   2.784962e-01 -2.294856e-01 2.044461e-04
      vertex   2.718020e-01 -2.368716e-01 2.044461e-04
    endloop
  endfacet
  facet normal 8.776042e-02 -9.682870e-02 -9.914244e-01
    outer loop
      vertex   2.707039e-01 -2.357735e-01 1.332268e-17
      vertex   2.718020e-01 -2.368716e-01 2.044461e-04
      vertex   2.634309e-01 -2.423654e-01 1.332268e-17
    endloop
  endfacet
  facet normal 8.776042e-02 -9.682870e-02 -9.914244e-01
    outer loop
      vertex   2.634309e-01 -2.423654e-01 1.332268e-17
      vertex   2.718020e-01 -2.368716e-01 2.044461e-04
      vertex   2.644160e-01 -2.435658e-01 2.044461e-04
    endloop
  endfacet
  facet normal 7.784696e-02 -1.049645e-01 -9.914244e-01
    outer loop
      vertex   2.634309e-01 -2.423654e-01 1.332268e-17
      vertex   2.644160e-01 -2.435658e-01 2.044461e-04
      vertex   2.555467e-01 -2.482127e-01 1.332268e-17
    endloop
  endfacet
  facet normal 7.784696e-02 -1.049645e-01 -9.914244e-01
    outer loop
      vertex   2.555467e-01 -2.482127e-01 1.332268e-17
      vertex   2.644160e-01 -2.435658e-01 2.044461e-04
      vertex   2.564095e-01 -2.495039e-01 2.044461e-04
    endloop
  endfacet
  facet normal 6.718378e-02 -1.120894e-01 -9.914244e-01
    outer loop
      vertex   2.555467e-01 -2.482127e-01 1.332268e-17
      vertex   2.564095e-01 -2.495039e-01 2.044461e-04
      vertex   2.471274e-01 -2.532590e-01 1.332268e-17
    endloop
  endfacet
  facet normal 6.718378e-02 -1.120894e-01 -9.914244e-01
    outer loop
      vertex   2.471274e-01 -2.532590e-01 1.332268e-17
      vertex   2.564095e-01 -2.495039e-01 2.044461e-04
      vertex   2.478595e-01 -2.546286e-01 2.044461e-04
    endloop
  endfacet
  facet normal 5.587360e-02 -1.181348e-01 -9.914244e-01
    outer loop
      vertex   2.471274e-01 -2.532590e-01 1.332268e-17
      vertex   2.478595e-01 -2.546286e-01 2.044461e-04
      vertex   2.382540e-01 -2.574558e-01 1.332268e-17
    endloop
  endfacet
  facet normal 5.587360e-02 -1.181348e-01 -9.914244e-01
    outer loop
      vertex   2.382540e-01 -2.574558e-01 1.332268e-17
      vertex   2.478595e-01 -2.546286e-01 2.044461e-04
      vertex   2.388483e-01 -2.588905e-01 2.044461e-04
    endloop
  endfacet
  facet normal 4.402531e-02 -1.230425e-01 -9.914244e-01
    outer loop
      vertex   2.382540e-01 -2.574558e-01 1.332268e-17
      vertex   2.388483e-01 -2.588905e-01 2.044461e-04
      vertex   2.290120e-01 -2.607627e-01 1.332268e-17
    endloop
  endfacet
  facet normal 4.402531e-02 -1.230425e-01 -9.914244e-01
    outer loop
      vertex   2.290120e-01 -2.607627e-01 1.332268e-17
      vertex   2.388483e-01 -2.588905e-01 2.044461e-04
      vertex   2.294628e-01 -2.622487e-01 2.044461e-04
    endloop
  endfacet
  facet normal 3.175305e-02 -1.267653e-01 -9.914244e-01
    outer loop
      vertex   2.290120e-01 -2.607627e-01 1.332268e-17
      vertex   2.294628e-01 -2.622487e-01 2.044461e-04
      vertex   2.194904e-01 -2.631477e-01 1.332268e-17
    endloop
  endfacet
  facet normal 3.175305e-02 -1.267653e-01 -9.914244e-01
    outer loop
      vertex   2.194904e-01 -2.631477e-01 1.332268e-17
      vertex   2.294628e-01 -2.622487e-01 2.044461e-04
      vertex   2.197933e-01 -2.646708e-01 2.044461e-04
    endloop
  endfacet
  facet normal 1.917498e-02 -1.292672e-01 -9.914244e-01
    outer loop
      vertex   2.194904e-01 -2.631477e-01 1.332268e-17
      vertex   2.197933e-01 -2.646708e-01 2.044461e-04
      vertex   2.097808e-01 -2.645880e-01 1.332268e-17
    endloop
  endfacet
  facet normal 1.917498e-02 -1.292672e-01 -9.914244e-01
    outer loop
      vertex   2.097808e-01 -2.645880e-01 1.332268e-17
      vertex   2.197933e-01 -2.646708e-01 2.044461e-04
      vertex   2.099330e-01 -2.661334e-01 2.044461e-04
    endloop
  endfacet
  facet normal 6.412244e-03 -1.305242e-01 -9.914244e-01
    outer loop
      vertex   2.097808e-01 -2.645880e-01 1.332268e-17
      vertex   2.099330e-01 -2.661334e-01 2.044461e-04
      vertex   1.999768e-01 -2.650696e-01 1.332268e-17
    endloop
  endfacet
  facet normal 6.412244e-03 -1.305242e-01 -9.914244e-01
    outer loop
      vertex   1.999768e-01 -2.650696e-01 1.332268e-17
      vertex   2.099330e-01 -2.661334e-01 2.044461e-04
      vertex   1.999768e-01 -2.666225e-01 2.044461e-04
    endloop
  endfacet
  facet normal 1.879674e-02 -3.826164e-01 -9.237161e-01
    outer loop
      vertex   1.999768e-01 -2.666225e-01 2.044461e-04
      vertex   2.099330e-01 -2.661334e-01 2.044461e-04
      vertex   2.100749e-01 -2.675735e-01 8.038494e-04
    endloop
  endfacet
  facet normal 1.879674e-02 -3.826164e-01 -9.237161e-01
    outer loop
      vertex   1.999768e-01 -2.666225e-01 2.044461e-04
      vertex   2.100749e-01 -2.675735e-01 8.038494e-04
      vertex   1.999768e-01 -2.680696e-01 8.038494e-04
    endloop
  endfacet
  facet normal 2.989319e-02 -6.084898e-01 -7.929984e-01
    outer loop
      vertex   1.999768e-01 -2.680696e-01 8.038494e-04
      vertex   2.100749e-01 -2.675735e-01 8.038494e-04
      vertex   2.101967e-01 -2.688102e-01 1.757362e-03
    endloop
  endfacet
  facet normal 2.989319e-02 -6.084898e-01 -7.929984e-01
    outer loop
      vertex   1.999768e-01 -2.680696e-01 8.038494e-04
      vertex   2.101967e-01 -2.688102e-01 1.757362e-03
      vertex   1.999768e-01 -2.693123e-01 1.757362e-03
    endloop
  endfacet
  facet normal 3.894540e-02 -7.927518e-01 -6.082992e-01
    outer loop
      vertex   1.999768e-01 -2.693123e-01 1.757362e-03
      vertex   2.101967e-01 -2.688102e-01 1.757362e-03
      vertex   2.102901e-01 -2.697591e-01 3.000003e-03
    endloop
  endfacet
  facet normal 3.894540e-02 -7.927518e-01 -6.082992e-01
    outer loop
      vertex   1.999768e-01 -2.693123e-01 1.757362e-03
      vertex   2.102901e-01 -2.697591e-01 3.000003e-03
      vertex   1.999768e-01 -2.702658e-01 3.000003e-03
    endloop
  endfacet
  facet normal 4.534062e-02 -9.229296e-01 -3.822894e-01
    outer loop
      vertex   1.999768e-01 -2.702658e-01 3.000003e-03
      vertex   2.102901e-01 -2.697591e-01 3.000003e-03
      vertex   2.103489e-01 -2.703556e-01 4.447088e-03
    endloop
  endfacet
  facet normal 4.534062e-02 -9.229296e-01 -3.822894e-01
    outer loop
      vertex   1.999768e-01 -2.702658e-01 3.000003e-03
      vertex   2.103489e-01 -2.703556e-01 4.447088e-03
      vertex   1.999768e-01 -2.708652e-01 4.447088e-03
    endloop
  endfacet
  facet normal 4.864889e-02 -9.902710e-01 -1.303712e-01
    outer loop
      vertex   1.999768e-01 -2.708652e-01 4.447088e-03
      vertex   2.103489e-01 -2.703556e-01 4.447088e-03
      vertex   2.103689e-01 -2.705591e-01 6.000002e-03
    endloop
  endfacet
  facet normal 4.864889e-02 -9.902710e-01 -1.303712e-01
    outer loop
      vertex   1.999768e-01 -2.708652e-01 4.447088e-03
      vertex   2.103689e-01 -2.705591e-01 6.000002e-03
      vertex   1.999768e-01 -2.710696e-01 6.000002e-03
    endloop
  endfacet
  facet normal 4.864889e-02 -9.902709e-01 1.303720e-01
    outer loop
      vertex   1.999768e-01 -2.710696e-01 6.000002e-03
      vertex   2.103689e-01 -2.705591e-01 6.000002e-03
      vertex   2.103489e-01 -2.703556e-01 7.552916e-03
    endloop
  endfacet
  facet normal 4.864889e-02 -9.902709e-01 1.303720e-01
    outer loop
      vertex   1.999768e-01 -2.710696e-01 6.000002e-03
      vertex   2.103489e-01 -2.703556e-01 7.552916e-03
      vertex   1.999768e-01 -2.708652e-01 7.552916e-03
    endloop
  endfacet
  facet normal 4.534061e-02 -9.229293e-01 3.822901e-01
    outer loop
      vertex   1.999768e-01 -2.708652e-01 7.552916e-03
      vertex   2.103489e-01 -2.703556e-01 7.552916e-03
      vertex   2.102901e-01 -2.697591e-01 9.000001e-03
    endloop
  endfacet
  facet normal 4.534061e-02 -9.229293e-01 3.822901e-01
    outer loop
      vertex   1.999768e-01 -2.708652e-01 7.552916e-03
      vertex   2.102901e-01 -2.697591e-01 9.000001e-03
      vertex   1.999768e-01 -2.702658e-01 9.000001e-03
    endloop
  endfacet
  facet normal 3.894538e-02 -7.927513e-01 6.082998e-01
    outer loop
      vertex   1.999768e-01 -2.702658e-01 9.000001e-03
      vertex   2.102901e-01 -2.697591e-01 9.000001e-03
      vertex   2.101967e-01 -2.688102e-01 1.024264e-02
    endloop
  endfacet
  facet normal 3.894538e-02 -7.927513e-01 6.082998e-01
    outer loop
      vertex   1.999768e-01 -2.702658e-01 9.000001e-03
      vertex   2.101967e-01 -2.688102e-01 1.024264e-02
      vertex   1.999768e-01 -2.693123e-01 1.024264e-02
    endloop
  endfacet
  facet normal 2.989316e-02 -6.084893e-01 7.929989e-01
    outer loop
      vertex   1.999768e-01 -2.693123e-01 1.024264e-02
      vertex   2.101967e-01 -2.688102e-01 1.024264e-02
      vertex   2.100749e-01 -2.675735e-01 1.119615e-02
    endloop
  endfacet
  facet normal 2.989316e-02 -6.084893e-01 7.929989e-01
    outer loop
      vertex   1.999768e-01 -2.693123e-01 1.024264e-02
      vertex   2.100749e-01 -2.675735e-01 1.119615e-02
      vertex   1.999768e-01 -2.680696e-01 1.119615e-02
    endloop
  endfacet
  facet normal 1.879671e-02 -3.826157e-01 9.237163e-01
    outer loop
      vertex   1.999768e-01 -2.680696e-01 1.119615e-02
      vertex   2.100749e-01 -2.675735e-01 1.119615e-02
      vertex   2.099330e-01 -2.661334e-01 1.179556e-02
    endloop
  endfacet
  facet normal 1.879671e-02 -3.826157e-01 9.237163e-01
    outer loop
      vertex   1.999768e-01 -2.680696e-01 1.119615e-02
      vertex   2.099330e-01 -2.661334e-01 1.179556e-02
      vertex   1.999768e-01 -2.666225e-01 1.179556e-02
    endloop
  endfacet
  facet normal 6.412207e-03 -1.305235e-01 9.914245e-01
    outer loop
      vertex   1.999768e-01 -2.666225e-01 1.179556e-02
      vertex   2.099330e-01 -2.661334e-01 1.179556e-02
      vertex   2.097808e-01 -2.645880e-01 1.200000e-02
    endloop
  endfacet
  facet normal 6.412207e-03 -1.305235e-01 9.914245e-01
    outer loop
      vertex   1.999768e-01 -2.666225e-01 1.179556e-02
      vertex   2.097808e-01 -2.645880e-01 1.200000e-02
      vertex   1.999768e-01 -2.650696e-01 1.200000e-02
    endloop
  endfacet
  facet normal 3.826164e-01 -1.879674e-02 -9.237161e-01
    outer loop
      vertex   3.015529e-01 -1.650464e-01 2.044461e-04
      vertex   3.030000e-01 -1.650464e-01 8.038494e-04
      vertex   3.010638e-01 -1.750026e-01 2.044461e-04
    endloop
  endfacet
  facet normal 3.826164e-01 -1.879674e-02 -9.237161e-01
    outer loop
      vertex   3.010638e-01 -1.750026e-01 2.044461e-04
      vertex   3.030000e-01 -1.650464e-01 8.038494e-04
      vertex   3.025039e-01 -1.751445e-01 8.038494e-04
    endloop
  endfacet
  facet normal 3.789316e-01 -5.620920e-02 -9.237161e-01
    outer loop
      vertex   3.010638e-01 -1.750026e-01 2.044461e-04
      vertex   3.025039e-01 -1.751445e-01 8.038494e-04
      vertex   2.996012e-01 -1.848630e-01 2.044461e-04
    endloop
  endfacet
  facet normal 3.789316e-01 -5.620920e-02 -9.237161e-01
    outer loop
      vertex   2.996012e-01 -1.848630e-01 2.044461e-04
      vertex   3.025039e-01 -1.751445e-01 8.038494e-04
      vertex   3.010204e-01 -1.851453e-01 8.038494e-04
    endloop
  endfacet
  facet normal 3.715975e-01 -9.308033e-02 -9.237161e-01
    outer loop
      vertex   2.996012e-01 -1.848630e-01 2.044461e-04
      vertex   3.010204e-01 -1.851453e-01 8.038494e-04
      vertex   2.971791e-01 -1.945324e-01 2.044461e-04
    endloop
  endfacet
  facet normal 3.715975e-01 -9.308033e-02 -9.237161e-01
    outer loop
      vertex   2.971791e-01 -1.945324e-01 2.044461e-04
      vertex   3.010204e-01 -1.851453e-01 8.038494e-04
      vertex   2.985639e-01 -1.949525e-01 8.038494e-04
    endloop
  endfacet
  facet normal 3.606847e-01 -1.290550e-01 -9.237161e-01
    outer loop
      vertex   2.971791e-01 -1.945324e-01 2.044461e-04
      vertex   2.985639e-01 -1.949525e-01 8.038494e-04
      vertex   2.938209e-01 -2.039179e-01 2.044461e-04
    endloop
  endfacet
  facet normal 3.606847e-01 -1.290550e-01 -9.237161e-01
    outer loop
      vertex   2.938209e-01 -2.039179e-01 2.044461e-04
      vertex   2.985639e-01 -1.949525e-01 8.038494e-04
      vertex   2.951578e-01 -2.044717e-01 8.038494e-04
    endloop
  endfacet
  facet normal 3.462983e-01 -1.637869e-01 -9.237161e-01
    outer loop
      vertex   2.938209e-01 -2.039179e-01 2.044461e-04
      vertex   2.951578e-01 -2.044717e-01 8.038494e-04
      vertex   2.895589e-01 -2.129291e-01 2.044461e-04
    endloop
  endfacet
  facet normal 3.462983e-01 -1.637869e-01 -9.237161e-01
    outer loop
      vertex   2.895589e-01 -2.129291e-01 2.044461e-04
      vertex   2.951578e-01 -2.044717e-01 8.038494e-04
      vertex   2.908352e-01 -2.136112e-01 8.038494e-04
    endloop
  endfacet
  facet normal 3.285768e-01 -1.969414e-01 -9.237161e-01
    outer loop
      vertex   2.895589e-01 -2.129291e-01 2.044461e-04
      vertex   2.908352e-01 -2.136112e-01 8.038494e-04
      vertex   2.844343e-01 -2.214791e-01 2.044461e-04
    endloop
  endfacet
  facet normal 3.285768e-01 -1.969414e-01 -9.237161e-01
    outer loop
      vertex   2.844343e-01 -2.214791e-01 2.044461e-04
      vertex   2.908352e-01 -2.136112e-01 8.038494e-04
      vertex   2.856375e-01 -2.222831e-01 8.038494e-04
    endloop
  endfacet
  facet normal 3.076910e-01 -2.281992e-01 -9.237161e-01
    outer loop
      vertex   2.844343e-01 -2.214791e-01 2.044461e-04
      vertex   2.856375e-01 -2.222831e-01 8.038494e-04
      vertex   2.784962e-01 -2.294856e-01 2.044461e-04
    endloop
  endfacet
  facet normal 3.076910e-01 -2.281992e-01 -9.237161e-01
    outer loop
      vertex   2.784962e-01 -2.294856e-01 2.044461e-04
      vertex   2.856375e-01 -2.222831e-01 8.038494e-04
      vertex   2.796148e-01 -2.304037e-01 8.038494e-04
    endloop
  endfacet
  facet normal 2.838420e-01 -2.572594e-01 -9.237161e-01
    outer loop
      vertex   2.784962e-01 -2.294856e-01 2.044461e-04
      vertex   2.796148e-01 -2.304037e-01 8.038494e-04
      vertex   2.718020e-01 -2.368716e-01 2.044461e-04
    endloop
  endfacet
  facet normal 2.838420e-01 -2.572594e-01 -9.237161e-01
    outer loop
      vertex   2.718020e-01 -2.368716e-01 2.044461e-04
      vertex   2.796148e-01 -2.304037e-01 8.038494e-04
      vertex   2.728252e-01 -2.378948e-01 8.038494e-04
    endloop
  endfacet
  facet normal 2.572594e-01 -2.838420e-01 -9.237161e-01
    outer loop
      vertex   2.718020e-01 -2.368716e-01 2.044461e-04
      vertex   2.728252e-01 -2.378948e-01 8.038494e-04
      vertex   2.644160e-01 -2.435658e-01 2.044461e-04
    endloop
  endfacet
  facet normal 2.572594e-01 -2.838420e-01 -9.237161e-01
    outer loop
      vertex   2.644160e-01 -2.435658e-01 2.044461e-04
      vertex   2.728252e-01 -2.378948e-01 8.038494e-04
      vertex   2.653340e-01 -2.446844e-01 8.038494e-04
    endloop
  endfacet
  facet normal 2.281992e-01 -3.076910e-01 -9.237161e-01
    outer loop
      vertex   2.644160e-01 -2.435658e-01 2.044461e-04
      vertex   2.653340e-01 -2.446844e-01 8.038494e-04
      vertex   2.564095e-01 -2.495039e-01 2.044461e-04
    endloop
  endfacet
  facet normal 2.281992e-01 -3.076910e-01 -9.237161e-01
    outer loop
      vertex   2.564095e-01 -2.495039e-01 2.044461e-04
      vertex   2.653340e-01 -2.446844e-01 8.038494e-04
      vertex   2.572134e-01 -2.507071e-01 8.038494e-04
    endloop
  endfacet
  facet normal 1.969414e-01 -3.285768e-01 -9.237161e-01
    outer loop
      vertex   2.564095e-01 -2.495039e-01 2.044461e-04
      vertex   2.572134e-01 -2.507071e-01 8.038494e-04
      vertex   2.478595e-01 -2.546286e-01 2.044461e-04
    endloop
  endfacet
  facet normal 1.969414e-01 -3.285768e-01 -9.237161e-01
    outer loop
      vertex   2.478595e-01 -2.546286e-01 2.044461e-04
      vertex   2.572134e-01 -2.507071e-01 8.038494e-04
      vertex   2.485416e-01 -2.559048e-01 8.038494e-04
    endloop
  endfacet
  facet normal 1.637869e-01 -3.462983e-01 -9.237161e-01
    outer loop
      vertex   2.478595e-01 -2.546286e-01 2.044461e-04
      vertex   2.485416e-01 -2.559048e-01 8.038494e-04
      vertex   2.388483e-01 -2.588905e-01 2.044461e-04
    endloop
  endfacet
  facet normal 1.637869e-01 -3.462983e-01 -9.237161e-01
    outer loop
      vertex   2.388483e-01 -2.588905e-01 2.044461e-04
      vertex   2.485416e-01 -2.559048e-01 8.038494e-04
      vertex   2.394021e-01 -2.602274e-01 8.038494e-04
    endloop
  endfacet
  facet normal 1.290550e-01 -3.606847e-01 -9.237161e-01
    outer loop
      vertex   2.388483e-01 -2.588905e-01 2.044461e-04
      vertex   2.394021e-01 -2.602274e-01 8.038494e-04
      vertex   2.294628e-01 -2.622487e-01 2.044461e-04
    endloop
  endfacet
  facet normal 1.290550e-01 -3.606847e-01 -9.237161e-01
    outer loop
      vertex   2.294628e-01 -2.622487e-01 2.044461e-04
      vertex   2.394021e-01 -2.602274e-01 8.038494e-04
      vertex   2.298829e-01 -2.636335e-01 8.038494e-04
    endloop
  endfacet
  facet normal 9.308033e-02 -3.715975e-01 -9.237161e-01
    outer loop
      vertex   2.294628e-01 -2.622487e-01 2.044461e-04
      vertex   2.298829e-01 -2.636335e-01 8.038494e-04
      vertex   2.197933e-01 -2.646708e-01 2.044461e-04
    endloop
  endfacet
  facet normal 9.308033e-02 -3.715975e-01 -9.237161e-01
    outer loop
      vertex   2.197933e-01 -2.646708e-01 2.044461e-04
      vertex   2.298829e-01 -2.636335e-01 8.038494e-04
      vertex   2.200757e-01 -2.660901e-01 8.038494e-04
    endloop
  endfacet
  facet normal 5.620920e-02 -3.789316e-01 -9.237161e-01
    outer loop
      vertex   2.197933e-01 -2.646708e-01 2.044461e-04
      vertex   2.200757e-01 -2.660901e-01 8.038494e-04
      vertex   2.099330e-01 -2.661334e-01 2.044461e-04
    endloop
  endfacet
  facet normal 5.620920e-02 -3.789316e-01 -9.237161e-01
    outer loop
      vertex   2.099330e-01 -2.661334e-01 2.044461e-04
      vertex   2.200757e-01 -2.660901e-01 8.038494e-04
      vertex   2.100749e-01 -2.675735e-01 8.038494e-04
    endloop
  endfacet
  facet normal 6.084898e-01 -2.989319e-02 -7.929984e-01
    outer loop
      vertex   3.030000e-01 -1.650464e-01 8.038494e-04
      vertex   3.042426e-01 -1.650464e-01 1.757362e-03
      vertex   3.025039e-01 -1.751445e-01 8.038494e-04
    endloop
  endfacet
  facet normal 6.084898e-01 -2.989319e-02 -7.929984e-01
    outer loop
      vertex   3.025039e-01 -1.751445e-01 8.038494e-04
      vertex   3.042426e-01 -1.650464e-01 1.757362e-03
      vertex   3.037406e-01 -1.752663e-01 1.757362e-03
    endloop
  endfacet
  facet normal 6.026298e-01 -8.939168e-02 -7.929984e-01
    outer loop
      vertex   3.025039e-01 -1.751445e-01 8.038494e-04
      vertex   3.037406e-01 -1.752663e-01 1.757362e-03
      vertex   3.010204e-01 -1.851453e-01 8.038494e-04
    endloop
  endfacet
  facet normal 6.026298e-01 -8.939168e-02 -7.929984e-01
    outer loop
      vertex   3.010204e-01 -1.851453e-01 8.038494e-04
      vertex   3.037406e-01 -1.752663e-01 1.757362e-03
      vertex   3.022392e-01 -1.853877e-01 1.757362e-03
    endloop
  endfacet
  facet normal 5.909660e-01 -1.480293e-01 -7.929984e-01
    outer loop
      vertex   3.010204e-01 -1.851453e-01 8.038494e-04
      vertex   3.022392e-01 -1.853877e-01 1.757362e-03
      vertex   2.985639e-01 -1.949525e-01 8.038494e-04
    endloop
  endfacet
  facet normal 5.909660e-01 -1.480293e-01 -7.929984e-01
    outer loop
      vertex   2.985639e-01 -1.949525e-01 8.038494e-04
      vertex   3.022392e-01 -1.853877e-01 1.757362e-03
      vertex   2.997530e-01 -1.953132e-01 1.757362e-03
    endloop
  endfacet
  facet normal 5.736109e-01 -2.052413e-01 -7.929984e-01
    outer loop
      vertex   2.985639e-01 -1.949525e-01 8.038494e-04
      vertex   2.997530e-01 -1.953132e-01 1.757362e-03
      vertex   2.951578e-01 -2.044717e-01 8.038494e-04
    endloop
  endfacet
  facet normal 5.736109e-01 -2.052413e-01 -7.929984e-01
    outer loop
      vertex   2.951578e-01 -2.044717e-01 8.038494e-04
      vertex   2.997530e-01 -1.953132e-01 1.757362e-03
      vertex   2.963059e-01 -2.049472e-01 1.757362e-03
    endloop
  endfacet
  facet normal 5.507317e-01 -2.604767e-01 -7.929984e-01
    outer loop
      vertex   2.951578e-01 -2.044717e-01 8.038494e-04
      vertex   2.963059e-01 -2.049472e-01 1.757362e-03
      vertex   2.908352e-01 -2.136112e-01 8.038494e-04
    endloop
  endfacet
  facet normal 5.507317e-01 -2.604767e-01 -7.929984e-01
    outer loop
      vertex   2.908352e-01 -2.136112e-01 8.038494e-04
      vertex   2.963059e-01 -2.049472e-01 1.757362e-03
      vertex   2.919311e-01 -2.141970e-01 1.757362e-03
    endloop
  endfacet
  facet normal 5.225486e-01 -3.132036e-01 -7.929984e-01
    outer loop
      vertex   2.908352e-01 -2.136112e-01 8.038494e-04
      vertex   2.919311e-01 -2.141970e-01 1.757362e-03
      vertex   2.856375e-01 -2.222831e-01 8.038494e-04
    endloop
  endfacet
  facet normal 5.225486e-01 -3.132036e-01 -7.929984e-01
    outer loop
      vertex   2.856375e-01 -2.222831e-01 8.038494e-04
      vertex   2.919311e-01 -2.141970e-01 1.757362e-03
      vertex   2.866707e-01 -2.229734e-01 1.757362e-03
    endloop
  endfacet
  facet normal 4.893330e-01 -3.629141e-01 -7.929984e-01
    outer loop
      vertex   2.856375e-01 -2.222831e-01 8.038494e-04
      vertex   2.866707e-01 -2.229734e-01 1.757362e-03
      vertex   2.796148e-01 -2.304037e-01 8.038494e-04
    endloop
  endfacet
  facet normal 4.893330e-01 -3.629141e-01 -7.929984e-01
    outer loop
      vertex   2.796148e-01 -2.304037e-01 8.038494e-04
      vertex   2.866707e-01 -2.229734e-01 1.757362e-03
      vertex   2.805754e-01 -2.311920e-01 1.757362e-03
    endloop
  endfacet
  facet normal 4.514050e-01 -4.091296e-01 -7.929984e-01
    outer loop
      vertex   2.796148e-01 -2.304037e-01 8.038494e-04
      vertex   2.805754e-01 -2.311920e-01 1.757362e-03
      vertex   2.728252e-01 -2.378948e-01 8.038494e-04
    endloop
  endfacet
  facet normal 4.514050e-01 -4.091296e-01 -7.929984e-01
    outer loop
      vertex   2.728252e-01 -2.378948e-01 8.038494e-04
      vertex   2.805754e-01 -2.311920e-01 1.757362e-03
      vertex   2.737039e-01 -2.387735e-01 1.757362e-03
    endloop
  endfacet
  facet normal 4.091296e-01 -4.514050e-01 -7.929984e-01
    outer loop
      vertex   2.728252e-01 -2.378948e-01 8.038494e-04
      vertex   2.737039e-01 -2.387735e-01 1.757362e-03
      vertex   2.653340e-01 -2.446844e-01 8.038494e-04
    endloop
  endfacet
  facet normal 4.091296e-01 -4.514050e-01 -7.929984e-01
    outer loop
      vertex   2.653340e-01 -2.446844e-01 8.038494e-04
      vertex   2.737039e-01 -2.387735e-01 1.757362e-03
      vertex   2.661224e-01 -2.456450e-01 1.757362e-03
    endloop
  endfacet
  facet normal 3.629141e-01 -4.893330e-01 -7.929984e-01
    outer loop
      vertex   2.653340e-01 -2.446844e-01 8.038494e-04
      vertex   2.661224e-01 -2.456450e-01 1.757362e-03
      vertex   2.572134e-01 -2.507071e-01 8.038494e-04
    endloop
  endfacet
  facet normal 3.629141e-01 -4.893330e-01 -7.929984e-01
    outer loop
      vertex   2.572134e-01 -2.507071e-01 8.038494e-04
      vertex   2.661224e-01 -2.456450e-01 1.757362e-03
      vertex   2.579038e-01 -2.517403e-01 1.757362e-03
    endloop
  endfacet
  facet normal 3.132036e-01 -5.225486e-01 -7.929984e-01
    outer loop
      vertex   2.572134e-01 -2.507071e-01 8.038494e-04
      vertex   2.579038e-01 -2.517403e-01 1.757362e-03
      vertex   2.485416e-01 -2.559048e-01 8.038494e-04
    endloop
  endfacet
  facet normal 3.132036e-01 -5.225486e-01 -7.929984e-01
    outer loop
      vertex   2.485416e-01 -2.559048e-01 8.038494e-04
      vertex   2.579038e-01 -2.517403e-01 1.757362e-03
      vertex   2.491274e-01 -2.570007e-01 1.757362e-03
    endloop
  endfacet
  facet normal 2.604767e-01 -5.507317e-01 -7.929984e-01
    outer loop
      vertex   2.485416e-01 -2.559048e-01 8.038494e-04
      vertex   2.491274e-01 -2.570007e-01 1.757362e-03
      vertex   2.394021e-01 -2.602274e-01 8.038494e-04
    endloop
  endfacet
  facet normal 2.604767e-01 -5.507317e-01 -7.929984e-01
    outer loop
      vertex   2.394021e-01 -2.602274e-01 8.038494e-04
      vertex   2.491274e-01 -2.570007e-01 1.757362e-03
      vertex   2.398776e-01 -2.613755e-01 1.757362e-03
    endloop
  endfacet
  facet normal 2.052413e-01 -5.736109e-01 -7.929984e-01
    outer loop
      vertex   2.394021e-01 -2.602274e-01 8.038494e-04
      vertex   2.398776e-01 -2.613755e-01 1.757362e-03
      vertex   2.298829e-01 -2.636335e-01 8.038494e-04
    endloop
  endfacet
  facet normal 2.052413e-01 -5.736109e-01 -7.929984e-01
    outer loop
      vertex   2.298829e-01 -2.636335e-01 8.038494e-04
      vertex   2.398776e-01 -2.613755e-01 1.757362e-03
      vertex   2.302436e-01 -2.648226e-01 1.757362e-03
    endloop
  endfacet
  facet normal 1.480293e-01 -5.909660e-01 -7.929984e-01
    outer loop
      vertex   2.298829e-01 -2.636335e-01 8.038494e-04
      vertex   2.302436e-01 -2.648226e-01 1.757362e-03
      vertex   2.200757e-01 -2.660901e-01 8.038494e-04
    endloop
  endfacet
  facet normal 1.480293e-01 -5.909660e-01 -7.929984e-01
    outer loop
      vertex   2.200757e-01 -2.660901e-01 8.038494e-04
      vertex   2.302436e-01 -2.648226e-01 1.757362e-03
      vertex   2.203181e-01 -2.673088e-01 1.757362e-03
    endloop
  endfacet
  facet normal 8.939168e-02 -6.026298e-01 -7.929984e-01
    outer loop
      vertex   2.200757e-01 -2.660901e-01 8.038494e-04
      vertex   2.203181e-01 -2.673088e-01 1.757362e-03
      vertex   2.100749e-01 -2.675735e-01 8.038494e-04
    endloop
  endfacet
  facet normal 8.939168e-02 -6.026298e-01 -7.929984e-01
    outer loop
      vertex   2.100749e-01 -2.675735e-01 8.038494e-04
      vertex   2.203181e-01 -2.673088e-01 1.757362e-03
      vertex   2.101967e-01 -2.688102e-01 1.757362e-03
    endloop
  endfacet
  facet normal 7.927518e-01 -3.894540e-02 -6.082992e-01
    outer loop
      vertex   3.042426e-01 -1.650464e-01 1.757362e-03
      vertex   3.051962e-01 -1.650464e-01 3.000003e-03
      vertex   3.037406e-01 -1.752663e-01 1.757362e-03
    endloop
  endfacet
  facet normal 7.927518e-01 -3.894540e-02 -6.082992e-01
    outer loop
      vertex   3.037406e-01 -1.752663e-01 1.757362e-03
      vertex   3.051962e-01 -1.650464e-01 3.000003e-03
      vertex   3.046895e-01 -1.753597e-01 3.000003e-03
    endloop
  endfacet
  facet normal 7.851171e-01 -1.164611e-01 -6.082992e-01
    outer loop
      vertex   3.037406e-01 -1.752663e-01 1.757362e-03
      vertex   3.046895e-01 -1.753597e-01 3.000003e-03
      vertex   3.022392e-01 -1.853877e-01 1.757362e-03
    endloop
  endfacet
  facet normal 7.851171e-01 -1.164611e-01 -6.082992e-01
    outer loop
      vertex   3.022392e-01 -1.853877e-01 1.757362e-03
      vertex   3.046895e-01 -1.753597e-01 3.000003e-03
      vertex   3.031744e-01 -1.855737e-01 3.000003e-03
    endloop
  endfacet
  facet normal 7.699214e-01 -1.928553e-01 -6.082992e-01
    outer loop
      vertex   3.022392e-01 -1.853877e-01 1.757362e-03
      vertex   3.031744e-01 -1.855737e-01 3.000003e-03
      vertex   2.997530e-01 -1.953132e-01 1.757362e-03
    endloop
  endfacet
  facet normal 7.699214e-01 -1.928553e-01 -6.082992e-01
    outer loop
      vertex   2.997530e-01 -1.953132e-01 1.757362e-03
      vertex   3.031744e-01 -1.855737e-01 3.000003e-03
      vertex   3.006654e-01 -1.955900e-01 3.000003e-03
    endloop
  endfacet
  facet normal 7.473109e-01 -2.673921e-01 -6.082992e-01
    outer loop
      vertex   2.997530e-01 -1.953132e-01 1.757362e-03
      vertex   3.006654e-01 -1.955900e-01 3.000003e-03
      vertex   2.963059e-01 -2.049472e-01 1.757362e-03
    endloop
  endfacet
  facet normal 7.473109e-01 -2.673921e-01 -6.082992e-01
    outer loop
      vertex   2.963059e-01 -2.049472e-01 1.757362e-03
      vertex   3.006654e-01 -1.955900e-01 3.000003e-03
      vertex   2.971868e-01 -2.053121e-01 3.000003e-03
    endloop
  endfacet
  facet normal 7.175034e-01 -3.393538e-01 -6.082992e-01
    outer loop
      vertex   2.963059e-01 -2.049472e-01 1.757362e-03
      vertex   2.971868e-01 -2.053121e-01 3.000003e-03
      vertex   2.919311e-01 -2.141970e-01 1.757362e-03
    endloop
  endfacet
  facet normal 7.175034e-01 -3.393538e-01 -6.082992e-01
    outer loop
      vertex   2.919311e-01 -2.141970e-01 1.757362e-03
      vertex   2.971868e-01 -2.053121e-01 3.000003e-03
      vertex   2.927720e-01 -2.146465e-01 3.000003e-03
    endloop
  endfacet
  facet normal 6.807859e-01 -4.080474e-01 -6.082992e-01
    outer loop
      vertex   2.919311e-01 -2.141970e-01 1.757362e-03
      vertex   2.927720e-01 -2.146465e-01 3.000003e-03
      vertex   2.866707e-01 -2.229734e-01 1.757362e-03
    endloop
  endfacet
  facet normal 6.807859e-01 -4.080474e-01 -6.082992e-01
    outer loop
      vertex   2.866707e-01 -2.229734e-01 1.757362e-03
      vertex   2.927720e-01 -2.146465e-01 3.000003e-03
      vertex   2.874635e-01 -2.235032e-01 3.000003e-03
    endloop
  endfacet
  facet normal 6.375121e-01 -4.728112e-01 -6.082992e-01
    outer loop
      vertex   2.866707e-01 -2.229734e-01 1.757362e-03
      vertex   2.874635e-01 -2.235032e-01 3.000003e-03
      vertex   2.805754e-01 -2.311920e-01 1.757362e-03
    endloop
  endfacet
  facet normal 6.375121e-01 -4.728112e-01 -6.082992e-01
    outer loop
      vertex   2.805754e-01 -2.311920e-01 1.757362e-03
      vertex   2.874635e-01 -2.235032e-01 3.000003e-03
      vertex   2.813125e-01 -2.317969e-01 3.000003e-03
    endloop
  endfacet
  facet normal 5.880987e-01 -5.330216e-01 -6.082992e-01
    outer loop
      vertex   2.805754e-01 -2.311920e-01 1.757362e-03
      vertex   2.813125e-01 -2.317969e-01 3.000003e-03
      vertex   2.737039e-01 -2.387735e-01 1.757362e-03
    endloop
  endfacet
  facet normal 5.880987e-01 -5.330216e-01 -6.082992e-01
    outer loop
      vertex   2.737039e-01 -2.387735e-01 1.757362e-03
      vertex   2.813125e-01 -2.317969e-01 3.000003e-03
      vertex   2.743781e-01 -2.394477e-01 3.000003e-03
    endloop
  endfacet
  facet normal 5.330216e-01 -5.880987e-01 -6.082992e-01
    outer loop
      vertex   2.737039e-01 -2.387735e-01 1.757362e-03
      vertex   2.743781e-01 -2.394477e-01 3.000003e-03
      vertex   2.661224e-01 -2.456450e-01 1.757362e-03
    endloop
  endfacet
  facet normal 5.330216e-01 -5.880987e-01 -6.082992e-01
    outer loop
      vertex   2.661224e-01 -2.456450e-01 1.757362e-03
      vertex   2.743781e-01 -2.394477e-01 3.000003e-03
      vertex   2.667273e-01 -2.463821e-01 3.000003e-03
    endloop
  endfacet
  facet normal 4.728112e-01 -6.375121e-01 -6.082992e-01
    outer loop
      vertex   2.661224e-01 -2.456450e-01 1.757362e-03
      vertex   2.667273e-01 -2.463821e-01 3.000003e-03
      vertex   2.579038e-01 -2.517403e-01 1.757362e-03
    endloop
  endfacet
  facet normal 4.728112e-01 -6.375121e-01 -6.082992e-01
    outer loop
      vertex   2.579038e-01 -2.517403e-01 1.757362e-03
      vertex   2.667273e-01 -2.463821e-01 3.000003e-03
      vertex   2.584336e-01 -2.525331e-01 3.000003e-03
    endloop
  endfacet
  facet normal 4.080474e-01 -6.807859e-01 -6.082992e-01
    outer loop
      vertex   2.579038e-01 -2.517403e-01 1.757362e-03
      vertex   2.584336e-01 -2.525331e-01 3.000003e-03
      vertex   2.491274e-01 -2.570007e-01 1.757362e-03
    endloop
  endfacet
  facet normal 4.080474e-01 -6.807859e-01 -6.082992e-01
    outer loop
      vertex   2.491274e-01 -2.570007e-01 1.757362e-03
      vertex   2.584336e-01 -2.525331e-01 3.000003e-03
      vertex   2.495769e-01 -2.578416e-01 3.000003e-03
    endloop
  endfacet
  facet normal 3.393538e-01 -7.175034e-01 -6.082992e-01
    outer loop
      vertex   2.491274e-01 -2.570007e-01 1.757362e-03
      vertex   2.495769e-01 -2.578416e-01 3.000003e-03
      vertex   2.398776e-01 -2.613755e-01 1.757362e-03
    endloop
  endfacet
  facet normal 3.393538e-01 -7.175034e-01 -6.082992e-01
    outer loop
      vertex   2.398776e-01 -2.613755e-01 1.757362e-03
      vertex   2.495769e-01 -2.578416e-01 3.000003e-03
      vertex   2.402425e-01 -2.622564e-01 3.000003e-03
    endloop
  endfacet
  facet normal 2.673921e-01 -7.473109e-01 -6.082992e-01
    outer loop
      vertex   2.398776e-01 -2.613755e-01 1.757362e-03
      vertex   2.402425e-01 -2.622564e-01 3.000003e-03
      vertex   2.302436e-01 -2.648226e-01 1.757362e-03
    endloop
  endfacet
  facet normal 2.673921e-01 -7.473109e-01 -6.082992e-01
    outer loop
      vertex   2.302436e-01 -2.648226e-01 1.757362e-03
      vertex   2.402425e-01 -2.622564e-01 3.000003e-03
      vertex   2.305204e-01 -2.657351e-01 3.000003e-03
    endloop
  endfacet
  facet normal 1.928553e-01 -7.699214e-01 -6.082992e-01
    outer loop
      vertex   2.302436e-01 -2.648226e-01 1.757362e-03
      vertex   2.305204e-01 -2.657351e-01 3.000003e-03
      vertex   2.203181e-01 -2.673088e-01 1.757362e-03
    endloop
  endfacet
  facet normal 1.928553e-01 -7.699214e-01 -6.082992e-01
    outer loop
      vertex   2.203181e-01 -2.673088e-01 1.757362e-03
      vertex   2.305204e-01 -2.657351e-01 3.000003e-03
      vertex   2.205041e-01 -2.682440e-01 3.000003e-03
    endloop
  endfacet
  facet normal 1.164611e-01 -7.851171e-01 -6.082992e-01
    outer loop
      vertex   2.203181e-01 -2.673088e-01 1.757362e-03
      vertex   2.205041e-01 -2.682440e-01 3.000003e-03
      vertex   2.101967e-01 -2.688102e-01 1.757362e-03
    endloop
  endfacet
  facet normal 1.164611e-01 -7.851171e-01 -6.082992e-01
    outer loop
      vertex   2.101967e-01 -2.688102e-01 1.757362e-03
      vertex   2.205041e-01 -2.682440e-01 3.000003e-03
      vertex   2.102901e-01 -2.697591e-01 3.000003e-03
    endloop
  endfacet
  facet normal 9.229296e-01 -4.534062e-02 -3.822894e-01
    outer loop
      vertex   3.051962e-01 -1.650464e-01 3.000003e-03
      vertex   3.057956e-01 -1.650464e-01 4.447088e-03
      vertex   3.046895e-01 -1.753597e-01 3.000003e-03
    endloop
  endfacet
  facet normal 9.229296e-01 -4.534062e-02 -3.822894e-01
    outer loop
      vertex   3.046895e-01 -1.753597e-01 3.000003e-03
      vertex   3.057956e-01 -1.650464e-01 4.447088e-03
      vertex   3.052860e-01 -1.754185e-01 4.447088e-03
    endloop
  endfacet
  facet normal 9.140413e-01 -1.355852e-01 -3.822894e-01
    outer loop
      vertex   3.046895e-01 -1.753597e-01 3.000003e-03
      vertex   3.052860e-01 -1.754185e-01 4.447088e-03
      vertex   3.031744e-01 -1.855737e-01 3.000003e-03
    endloop
  endfacet
  facet normal 9.140413e-01 -1.355852e-01 -3.822894e-01
    outer loop
      vertex   3.031744e-01 -1.855737e-01 3.000003e-03
      vertex   3.052860e-01 -1.754185e-01 4.447088e-03
      vertex   3.037623e-01 -1.856907e-01 4.447088e-03
    endloop
  endfacet
  facet normal 8.963502e-01 -2.245240e-01 -3.822894e-01
    outer loop
      vertex   3.031744e-01 -1.855737e-01 3.000003e-03
      vertex   3.037623e-01 -1.856907e-01 4.447088e-03
      vertex   3.006654e-01 -1.955900e-01 3.000003e-03
    endloop
  endfacet
  facet normal 8.963502e-01 -2.245240e-01 -3.822894e-01
    outer loop
      vertex   3.006654e-01 -1.955900e-01 3.000003e-03
      vertex   3.037623e-01 -1.856907e-01 4.447088e-03
      vertex   3.012390e-01 -1.957640e-01 4.447088e-03
    endloop
  endfacet
  facet normal 8.700269e-01 -3.113006e-01 -3.822894e-01
    outer loop
      vertex   3.006654e-01 -1.955900e-01 3.000003e-03
      vertex   3.012390e-01 -1.957640e-01 4.447088e-03
      vertex   2.971868e-01 -2.053121e-01 3.000003e-03
    endloop
  endfacet
  facet normal 8.700269e-01 -3.113006e-01 -3.822894e-01
    outer loop
      vertex   2.971868e-01 -2.053121e-01 3.000003e-03
      vertex   3.012390e-01 -1.957640e-01 4.447088e-03
      vertex   2.977406e-01 -2.055415e-01 4.447088e-03
    endloop
  endfacet
  facet normal 8.353246e-01 -3.950791e-01 -3.822894e-01
    outer loop
      vertex   2.971868e-01 -2.053121e-01 3.000003e-03
      vertex   2.977406e-01 -2.055415e-01 4.447088e-03
      vertex   2.927720e-01 -2.146465e-01 3.000003e-03
    endloop
  endfacet
  facet normal 8.353246e-01 -3.950791e-01 -3.822894e-01
    outer loop
      vertex   2.927720e-01 -2.146465e-01 3.000003e-03
      vertex   2.977406e-01 -2.055415e-01 4.447088e-03
      vertex   2.933006e-01 -2.149290e-01 4.447088e-03
    endloop
  endfacet
  facet normal 7.925778e-01 -4.750529e-01 -3.822894e-01
    outer loop
      vertex   2.927720e-01 -2.146465e-01 3.000003e-03
      vertex   2.933006e-01 -2.149290e-01 4.447088e-03
      vertex   2.874635e-01 -2.235032e-01 3.000003e-03
    endloop
  endfacet
  facet normal 7.925778e-01 -4.750529e-01 -3.822894e-01
    outer loop
      vertex   2.874635e-01 -2.235032e-01 3.000003e-03
      vertex   2.933006e-01 -2.149290e-01 4.447088e-03
      vertex   2.879619e-01 -2.238362e-01 4.447088e-03
    endloop
  endfacet
  facet normal 7.421980e-01 -5.504516e-01 -3.822894e-01
    outer loop
      vertex   2.874635e-01 -2.235032e-01 3.000003e-03
      vertex   2.879619e-01 -2.238362e-01 4.447088e-03
      vertex   2.813125e-01 -2.317969e-01 3.000003e-03
    endloop
  endfacet
  facet normal 7.421980e-01 -5.504516e-01 -3.822894e-01
    outer loop
      vertex   2.813125e-01 -2.317969e-01 3.000003e-03
      vertex   2.879619e-01 -2.238362e-01 4.447088e-03
      vertex   2.817758e-01 -2.321771e-01 4.447088e-03
    endloop
  endfacet
  facet normal 6.846704e-01 -6.205491e-01 -3.822894e-01
    outer loop
      vertex   2.813125e-01 -2.317969e-01 3.000003e-03
      vertex   2.817758e-01 -2.321771e-01 4.447088e-03
      vertex   2.743781e-01 -2.394477e-01 3.000003e-03
    endloop
  endfacet
  facet normal 6.846704e-01 -6.205491e-01 -3.822894e-01
    outer loop
      vertex   2.743781e-01 -2.394477e-01 3.000003e-03
      vertex   2.817758e-01 -2.321771e-01 4.447088e-03
      vertex   2.748020e-01 -2.398716e-01 4.447088e-03
    endloop
  endfacet
  facet normal 6.205491e-01 -6.846704e-01 -3.822894e-01
    outer loop
      vertex   2.743781e-01 -2.394477e-01 3.000003e-03
      vertex   2.748020e-01 -2.398716e-01 4.447088e-03
      vertex   2.667273e-01 -2.463821e-01 3.000003e-03
    endloop
  endfacet
  facet normal 6.205491e-01 -6.846704e-01 -3.822894e-01
    outer loop
      vertex   2.667273e-01 -2.463821e-01 3.000003e-03
      vertex   2.748020e-01 -2.398716e-01 4.447088e-03
      vertex   2.671075e-01 -2.468454e-01 4.447088e-03
    endloop
  endfacet
  facet normal 5.504516e-01 -7.421980e-01 -3.822894e-01
    outer loop
      vertex   2.667273e-01 -2.463821e-01 3.000003e-03
      vertex   2.671075e-01 -2.468454e-01 4.447088e-03
      vertex   2.584336e-01 -2.525331e-01 3.000003e-03
    endloop
  endfacet
  facet normal 5.504516e-01 -7.421980e-01 -3.822894e-01
    outer loop
      vertex   2.584336e-01 -2.525331e-01 3.000003e-03
      vertex   2.671075e-01 -2.468454e-01 4.447088e-03
      vertex   2.587666e-01 -2.530315e-01 4.447088e-03
    endloop
  endfacet
  facet normal 4.750529e-01 -7.925778e-01 -3.822894e-01
    outer loop
      vertex   2.584336e-01 -2.525331e-01 3.000003e-03
      vertex   2.587666e-01 -2.530315e-01 4.447088e-03
      vertex   2.495769e-01 -2.578416e-01 3.000003e-03
    endloop
  endfacet
  facet normal 4.750529e-01 -7.925778e-01 -3.822894e-01
    outer loop
      vertex   2.495769e-01 -2.578416e-01 3.000003e-03
      vertex   2.587666e-01 -2.530315e-01 4.447088e-03
      vertex   2.498594e-01 -2.583702e-01 4.447088e-03
    endloop
  endfacet
  facet normal 3.950791e-01 -8.353246e-01 -3.822894e-01
    outer loop
      vertex   2.495769e-01 -2.578416e-01 3.000003e-03
      vertex   2.498594e-01 -2.583702e-01 4.447088e-03
      vertex   2.402425e-01 -2.622564e-01 3.000003e-03
    endloop
  endfacet
  facet normal 3.950791e-01 -8.353246e-01 -3.822894e-01
    outer loop
      vertex   2.402425e-01 -2.622564e-01 3.000003e-03
      vertex   2.498594e-01 -2.583702e-01 4.447088e-03
      vertex   2.404719e-01 -2.628102e-01 4.447088e-03
    endloop
  endfacet
  facet normal 3.113006e-01 -8.700269e-01 -3.822894e-01
    outer loop
      vertex   2.402425e-01 -2.622564e-01 3.000003e-03
      vertex   2.404719e-01 -2.628102e-01 4.447088e-03
      vertex   2.305204e-01 -2.657351e-01 3.000003e-03
    endloop
  endfacet
  facet normal 3.113006e-01 -8.700269e-01 -3.822894e-01
    outer loop
      vertex   2.305204e-01 -2.657351e-01 3.000003e-03
      vertex   2.404719e-01 -2.628102e-01 4.447088e-03
      vertex   2.306944e-01 -2.663087e-01 4.447088e-03
    endloop
  endfacet
  facet normal 2.245240e-01 -8.963502e-01 -3.822894e-01
    outer loop
      vertex   2.305204e-01 -2.657351e-01 3.000003e-03
      vertex   2.306944e-01 -2.663087e-01 4.447088e-03
      vertex   2.205041e-01 -2.682440e-01 3.000003e-03
    endloop
  endfacet
  facet normal 2.245240e-01 -8.963502e-01 -3.822894e-01
    outer loop
      vertex   2.205041e-01 -2.682440e-01 3.000003e-03
      vertex   2.306944e-01 -2.663087e-01 4.447088e-03
      vertex   2.206210e-01 -2.688319e-01 4.447088e-03
    endloop
  endfacet
  facet normal 1.355852e-01 -9.140413e-01 -3.822894e-01
    outer loop
      vertex   2.205041e-01 -2.682440e-01 3.000003e-03
      vertex   2.206210e-01 -2.688319e-01 4.447088e-03
      vertex   2.102901e-01 -2.697591e-01 3.000003e-03
    endloop
  endfacet
  facet normal 1.355852e-01 -9.140413e-01 -3.822894e-01
    outer loop
      vertex   2.102901e-01 -2.697591e-01 3.000003e-03
      vertex   2.206210e-01 -2.688319e-01 4.447088e-03
      vertex   2.103489e-01 -2.703556e-01 4.447088e-03
    endloop
  endfacet
  facet normal 9.902710e-01 -4.864889e-02 -1.303712e-01
    outer loop
      vertex   3.057956e-01 -1.650464e-01 4.447088e-03
      vertex   3.060000e-01 -1.650464e-01 6.000002e-03
      vertex   3.052860e-01 -1.754185e-01 4.447088e-03
    endloop
  endfacet
  facet normal 9.902710e-01 -4.864889e-02 -1.303712e-01
    outer loop
      vertex   3.052860e-01 -1.754185e-01 4.447088e-03
      vertex   3.060000e-01 -1.650464e-01 6.000002e-03
      vertex   3.054895e-01 -1.754385e-01 6.000002e-03
    endloop
  endfacet
  facet normal 9.807341e-01 -1.454782e-01 -1.303712e-01
    outer loop
      vertex   3.052860e-01 -1.754185e-01 4.447088e-03
      vertex   3.054895e-01 -1.754385e-01 6.000002e-03
      vertex   3.037623e-01 -1.856907e-01 4.447088e-03
    endloop
  endfacet
  facet normal 9.807341e-01 -1.454782e-01 -1.303712e-01
    outer loop
      vertex   3.037623e-01 -1.856907e-01 4.447088e-03
      vertex   3.054895e-01 -1.754385e-01 6.000002e-03
      vertex   3.039628e-01 -1.857305e-01 6.000002e-03
    endloop
  endfacet
  facet normal 9.617523e-01 -2.409064e-01 -1.303712e-01
    outer loop
      vertex   3.037623e-01 -1.856907e-01 4.447088e-03
      vertex   3.039628e-01 -1.857305e-01 6.000002e-03
      vertex   3.012390e-01 -1.957640e-01 4.447088e-03
    endloop
  endfacet
  facet normal 9.617523e-01 -2.409064e-01 -1.303712e-01
    outer loop
      vertex   3.012390e-01 -1.957640e-01 4.447088e-03
      vertex   3.039628e-01 -1.857305e-01 6.000002e-03
      vertex   3.014347e-01 -1.958233e-01 6.000002e-03
    endloop
  endfacet
  facet normal 9.335082e-01 -3.340146e-01 -1.303712e-01
    outer loop
      vertex   3.012390e-01 -1.957640e-01 4.447088e-03
      vertex   3.014347e-01 -1.958233e-01 6.000002e-03
      vertex   2.977406e-01 -2.055415e-01 4.447088e-03
    endloop
  endfacet
  facet normal 9.335082e-01 -3.340146e-01 -1.303712e-01
    outer loop
      vertex   2.977406e-01 -2.055415e-01 4.447088e-03
      vertex   3.014347e-01 -1.958233e-01 6.000002e-03
      vertex   2.979295e-01 -2.056198e-01 6.000002e-03
    endloop
  endfacet
  facet normal 8.962740e-01 -4.239060e-01 -1.303712e-01
    outer loop
      vertex   2.977406e-01 -2.055415e-01 4.447088e-03
      vertex   2.979295e-01 -2.056198e-01 6.000002e-03
      vertex   2.933006e-01 -2.149290e-01 4.447088e-03
    endloop
  endfacet
  facet normal 8.962740e-01 -4.239060e-01 -1.303712e-01
    outer loop
      vertex   2.933006e-01 -2.149290e-01 4.447088e-03
      vertex   2.979295e-01 -2.056198e-01 6.000002e-03
      vertex   2.934809e-01 -2.150254e-01 6.000002e-03
    endloop
  endfacet
  facet normal 8.504081e-01 -5.097150e-01 -1.303712e-01
    outer loop
      vertex   2.933006e-01 -2.149290e-01 4.447088e-03
      vertex   2.934809e-01 -2.150254e-01 6.000002e-03
      vertex   2.879619e-01 -2.238362e-01 4.447088e-03
    endloop
  endfacet
  facet normal 8.504081e-01 -5.097150e-01 -1.303712e-01
    outer loop
      vertex   2.879619e-01 -2.238362e-01 4.447088e-03
      vertex   2.934809e-01 -2.150254e-01 6.000002e-03
      vertex   2.881319e-01 -2.239498e-01 6.000002e-03
    endloop
  endfacet
  facet normal 7.963524e-01 -5.906152e-01 -1.303712e-01
    outer loop
      vertex   2.879619e-01 -2.238362e-01 4.447088e-03
      vertex   2.881319e-01 -2.239498e-01 6.000002e-03
      vertex   2.817758e-01 -2.321771e-01 4.447088e-03
    endloop
  endfacet
  facet normal 7.963524e-01 -5.906152e-01 -1.303712e-01
    outer loop
      vertex   2.817758e-01 -2.321771e-01 4.447088e-03
      vertex   2.881319e-01 -2.239498e-01 6.000002e-03
      vertex   2.819338e-01 -2.323068e-01 6.000002e-03
    endloop
  endfacet
  facet normal 7.346273e-01 -6.658274e-01 -1.303712e-01
    outer loop
      vertex   2.817758e-01 -2.321771e-01 4.447088e-03
      vertex   2.819338e-01 -2.323068e-01 6.000002e-03
      vertex   2.748020e-01 -2.398716e-01 4.447088e-03
    endloop
  endfacet
  facet normal 7.346273e-01 -6.658274e-01 -1.303712e-01
    outer loop
      vertex   2.748020e-01 -2.398716e-01 4.447088e-03
      vertex   2.819338e-01 -2.323068e-01 6.000002e-03
      vertex   2.749465e-01 -2.400161e-01 6.000002e-03
    endloop
  endfacet
  facet normal 6.658274e-01 -7.346273e-01 -1.303712e-01
    outer loop
      vertex   2.748020e-01 -2.398716e-01 4.447088e-03
      vertex   2.749465e-01 -2.400161e-01 6.000002e-03
      vertex   2.671075e-01 -2.468454e-01 4.447088e-03
    endloop
  endfacet
  facet normal 6.658274e-01 -7.346273e-01 -1.303712e-01
    outer loop
      vertex   2.671075e-01 -2.468454e-01 4.447088e-03
      vertex   2.749465e-01 -2.400161e-01 6.000002e-03
      vertex   2.672372e-01 -2.470035e-01 6.000002e-03
    endloop
  endfacet
  facet normal 5.906152e-01 -7.963524e-01 -1.303712e-01
    outer loop
      vertex   2.671075e-01 -2.468454e-01 4.447088e-03
      vertex   2.672372e-01 -2.470035e-01 6.000002e-03
      vertex   2.587666e-01 -2.530315e-01 4.447088e-03
    endloop
  endfacet
  facet normal 5.906152e-01 -7.963524e-01 -1.303712e-01
    outer loop
      vertex   2.587666e-01 -2.530315e-01 4.447088e-03
      vertex   2.672372e-01 -2.470035e-01 6.000002e-03
      vertex   2.588801e-01 -2.532015e-01 6.000002e-03
    endloop
  endfacet
  facet normal 5.097150e-01 -8.504081e-01 -1.303712e-01
    outer loop
      vertex   2.587666e-01 -2.530315e-01 4.447088e-03
      vertex   2.588801e-01 -2.532015e-01 6.000002e-03
      vertex   2.498594e-01 -2.583702e-01 4.447088e-03
    endloop
  endfacet
  facet normal 5.097150e-01 -8.504081e-01 -1.303712e-01
    outer loop
      vertex   2.498594e-01 -2.583702e-01 4.447088e-03
      vertex   2.588801e-01 -2.532015e-01 6.000002e-03
      vertex   2.499558e-01 -2.585505e-01 6.000002e-03
    endloop
  endfacet
  facet normal 4.239060e-01 -8.962740e-01 -1.303712e-01
    outer loop
      vertex   2.498594e-01 -2.583702e-01 4.447088e-03
      vertex   2.499558e-01 -2.585505e-01 6.000002e-03
      vertex   2.404719e-01 -2.628102e-01 4.447088e-03
    endloop
  endfacet
  facet normal 4.239060e-01 -8.962740e-01 -1.303712e-01
    outer loop
      vertex   2.404719e-01 -2.628102e-01 4.447088e-03
      vertex   2.499558e-01 -2.585505e-01 6.000002e-03
      vertex   2.405501e-01 -2.629991e-01 6.000002e-03
    endloop
  endfacet
  facet normal 3.340146e-01 -9.335082e-01 -1.303712e-01
    outer loop
      vertex   2.404719e-01 -2.628102e-01 4.447088e-03
      vertex   2.405501e-01 -2.629991e-01 6.000002e-03
      vertex   2.306944e-01 -2.663087e-01 4.447088e-03
    endloop
  endfacet
  facet normal 3.340146e-01 -9.335082e-01 -1.303712e-01
    outer loop
      vertex   2.306944e-01 -2.663087e-01 4.447088e-03
      vertex   2.405501e-01 -2.629991e-01 6.000002e-03
      vertex   2.307537e-01 -2.665043e-01 6.000002e-03
    endloop
  endfacet
  facet normal 2.409064e-01 -9.617523e-01 -1.303712e-01
    outer loop
      vertex   2.306944e-01 -2.663087e-01 4.447088e-03
      vertex   2.307537e-01 -2.665043e-01 6.000002e-03
      vertex   2.206210e-01 -2.688319e-01 4.447088e-03
    endloop
  endfacet
  facet normal 2.409064e-01 -9.617523e-01 -1.303712e-01
    outer loop
      vertex   2.206210e-01 -2.688319e-01 4.447088e-03
      vertex   2.307537e-01 -2.665043e-01 6.000002e-03
      vertex   2.206609e-01 -2.690324e-01 6.000002e-03
    endloop
  endfacet
  facet normal 1.454782e-01 -9.807341e-01 -1.303712e-01
    outer loop
      vertex   2.206210e-01 -2.688319e-01 4.447088e-03
      vertex   2.206609e-01 -2.690324e-01 6.000002e-03
      vertex   2.103489e-01 -2.703556e-01 4.447088e-03
    endloop
  endfacet
  facet normal 1.454782e-01 -9.807341e-01 -1.303712e-01
    outer loop
      vertex   2.103489e-01 -2.703556e-01 4.447088e-03
      vertex   2.206609e-01 -2.690324e-01 6.000002e-03
      vertex   2.103689e-01 -2.705591e-01 6.000002e-03
    endloop
  endfacet
  facet normal 9.902709e-01 -4.864889e-02 1.303720e-01
    outer loop
      vertex   3.060000e-01 -1.650464e-01 6.000002e-03
      vertex   3.057956e-01 -1.650464e-01 7.552916e-03
      vertex   3.054895e-01 -1.754385e-01 6.000002e-03
    endloop
  endfacet
  facet normal 9.902709e-01 -4.864889e-02 1.303720e-01
    outer loop
      vertex   3.054895e-01 -1.754385e-01 6.000002e-03
      vertex   3.057956e-01 -1.650464e-01 7.552916e-03
      vertex   3.052860e-01 -1.754185e-01 7.552916e-03
    endloop
  endfacet
  facet normal 9.807340e-01 -1.454782e-01 1.303720e-01
    outer loop
      vertex   3.054895e-01 -1.754385e-01 6.000002e-03
      vertex   3.052860e-01 -1.754185e-01 7.552916e-03
      vertex   3.039628e-01 -1.857305e-01 6.000002e-03
    endloop
  endfacet
  facet normal 9.807340e-01 -1.454782e-01 1.303720e-01
    outer loop
      vertex   3.039628e-01 -1.857305e-01 6.000002e-03
      vertex   3.052860e-01 -1.754185e-01 7.552916e-03
      vertex   3.037623e-01 -1.856907e-01 7.552916e-03
    endloop
  endfacet
  facet normal 9.617522e-01 -2.409064e-01 1.303720e-01
    outer loop
      vertex   3.039628e-01 -1.857305e-01 6.000002e-03
      vertex   3.037623e-01 -1.856907e-01 7.552916e-03
      vertex   3.014347e-01 -1.958233e-01 6.000002e-03
    endloop
  endfacet
  facet normal 9.617522e-01 -2.409064e-01 1.303720e-01
    outer loop
      vertex   3.014347e-01 -1.958233e-01 6.000002e-03
      vertex   3.037623e-01 -1.856907e-01 7.552916e-03
      vertex   3.012390e-01 -1.957640e-01 7.552916e-03
    endloop
  endfacet
  facet normal 9.335081e-01 -3.340145e-01 1.303720e-01
    outer loop
      vertex   3.014347e-01 -1.958233e-01 6.000002e-03
      vertex   3.012390e-01 -1.957640e-01 7.552916e-03
      vertex   2.979295e-01 -2.056198e-01 6.000002e-03
    endloop
  endfacet
  facet normal 9.335081e-01 -3.340145e-01 1.303720e-01
    outer loop
      vertex   2.979295e-01 -2.056198e-01 6.000002e-03
      vertex   3.012390e-01 -1.957640e-01 7.552916e-03
      vertex   2.977406e-01 -2.055415e-01 7.552916e-03
    endloop
  endfacet
  facet normal 8.962739e-01 -4.239060e-01 1.303720e-01
    outer loop
      vertex   2.979295e-01 -2.056198e-01 6.000002e-03
      vertex   2.977406e-01 -2.055415e-01 7.552916e-03
      vertex   2.934809e-01 -2.150254e-01 6.000002e-03
    endloop
  endfacet
  facet normal 8.962739e-01 -4.239060e-01 1.303720e-01
    outer loop
      vertex   2.934809e-01 -2.150254e-01 6.000002e-03
      vertex   2.977406e-01 -2.055415e-01 7.552916e-03
      vertex   2.933006e-01 -2.149290e-01 7.552916e-03
    endloop
  endfacet
  facet normal 8.504080e-01 -5.097150e-01 1.303720e-01
    outer loop
      vertex   2.934809e-01 -2.150254e-01 6.000002e-03
      vertex   2.933006e-01 -2.149290e-01 7.552916e-03
      vertex   2.881319e-01 -2.239498e-01 6.000002e-03
    endloop
  endfacet
  facet normal 8.504080e-01 -5.097150e-01 1.303720e-01
    outer loop
      vertex   2.881319e-01 -2.239498e-01 6.000002e-03
      vertex   2.933006e-01 -2.149290e-01 7.552916e-03
      vertex   2.879619e-01 -2.238362e-01 7.552916e-03
    endloop
  endfacet
  facet normal 7.963523e-01 -5.906151e-01 1.303720e-01
    outer loop
      vertex   2.881319e-01 -2.239498e-01 6.000002e-03
      vertex   2.879619e-01 -2.238362e-01 7.552916e-03
      vertex   2.819338e-01 -2.323068e-01 6.000002e-03
    endloop
  endfacet
  facet normal 7.963523e-01 -5.906151e-01 1.303720e-01
    outer loop
      vertex   2.819338e-01 -2.323068e-01 6.000002e-03
      vertex   2.879619e-01 -2.238362e-01 7.552916e-03
      vertex   2.817758e-01 -2.321771e-01 7.552916e-03
    endloop
  endfacet
  facet normal 7.346272e-01 -6.658273e-01 1.303720e-01
    outer loop
      vertex   2.819338e-01 -2.323068e-01 6.000002e-03
      vertex   2.817758e-01 -2.321771e-01 7.552916e-03
      vertex   2.749465e-01 -2.400161e-01 6.000002e-03
    endloop
  endfacet
  facet normal 7.346272e-01 -6.658273e-01 1.303720e-01
    outer loop
      vertex   2.749465e-01 -2.400161e-01 6.000002e-03
      vertex   2.817758e-01 -2.321771e-01 7.552916e-03
      vertex   2.748020e-01 -2.398716e-01 7.552916e-03
    endloop
  endfacet
  facet normal 6.658273e-01 -7.346272e-01 1.303720e-01
    outer loop
      vertex   2.749465e-01 -2.400161e-01 6.000002e-03
      vertex   2.748020e-01 -2.398716e-01 7.552916e-03
      vertex   2.672372e-01 -2.470035e-01 6.000002e-03
    endloop
  endfacet
  facet normal 6.658273e-01 -7.346272e-01 1.303720e-01
    outer loop
      vertex   2.672372e-01 -2.470035e-01 6.000002e-03
      vertex   2.748020e-01 -2.398716e-01 7.552916e-03
      vertex   2.671075e-01 -2.468454e-01 7.552916e-03
    endloop
  endfacet
  facet normal 5.906151e-01 -7.963523e-01 1.303720e-01
    outer loop
      vertex   2.672372e-01 -2.470035e-01 6.000002e-03
      vertex   2.671075e-01 -2.468454e-01 7.552916e-03
      vertex   2.588801e-01 -2.532015e-01 6.000002e-03
    endloop
  endfacet
  facet normal 5.906151e-01 -7.963523e-01 1.303720e-01
    outer loop
      vertex   2.588801e-01 -2.532015e-01 6.000002e-03
      vertex   2.671075e-01 -2.468454e-01 7.552916e-03
      vertex   2.587666e-01 -2.530315e-01 7.552916e-03
    endloop
  endfacet
  facet normal 5.097150e-01 -8.504080e-01 1.303720e-01
    outer loop
      vertex   2.588801e-01 -2.532015e-01 6.000002e-03
      vertex   2.587666e-01 -2.530315e-01 7.552916e-03
      vertex   2.499558e-01 -2.585505e-01 6.000002e-03
    endloop
  endfacet
  facet normal 5.097150e-01 -8.504080e-01 1.303720e-01
    outer loop
      vertex   2.499558e-01 -2.585505e-01 6.000002e-03
      vertex   2.587666e-01 -2.530315e-01 7.552916e-03
      vertex   2.498594e-01 -2.583702e-01 7.552916e-03
    endloop
  endfacet
  facet normal 4.239060e-01 -8.962739e-01 1.303720e-01
    outer loop
      vertex   2.499558e-01 -2.585505e-01 6.000002e-03
      vertex   2.498594e-01 -2.583702e-01 7.552916e-03
      vertex   2.405501e-01 -2.629991e-01 6.000002e-03
    endloop
  endfacet
  facet normal 4.239060e-01 -8.962739e-01 1.303720e-01
    outer loop
      vertex   2.405501e-01 -2.629991e-01 6.000002e-03
      vertex   2.498594e-01 -2.583702e-01 7.552916e-03
      vertex   2.404719e-01 -2.628102e-01 7.552916e-03
    endloop
  endfacet
  facet normal 3.340145e-01 -9.335081e-01 1.303720e-01
    outer loop
      vertex   2.405501e-01 -2.629991e-01 6.000002e-03
      vertex   2.404719e-01 -2.628102e-01 7.552916e-03
      vertex   2.307537e-01 -2.665043e-01 6.000002e-03
    endloop
  endfacet
  facet normal 3.340145e-01 -9.335081e-01 1.303720e-01
    outer loop
      vertex   2.307537e-01 -2.665043e-01 6.000002e-03
      vertex   2.404719e-01 -2.628102e-01 7.552916e-03
      vertex   2.306944e-01 -2.663087e-01 7.552916e-03
    endloop
  endfacet
  facet normal 2.409064e-01 -9.617522e-01 1.303720e-01
    outer loop
      vertex   2.307537e-01 -2.665043e-01 6.000002e-03
      vertex   2.306944e-01 -2.663087e-01 7.552916e-03
      vertex   2.206609e-01 -2.690324e-01 6.000002e-03
    endloop
  endfacet
  facet normal 2.409064e-01 -9.617522e-01 1.303720e-01
    outer loop
      vertex   2.206609e-01 -2.690324e-01 6.000002e-03
      vertex   2.306944e-01 -2.663087e-01 7.552916e-03
      vertex   2.206210e-01 -2.688319e-01 7.552916e-03
    endloop
  endfacet
  facet normal 1.454782e-01 -9.807340e-01 1.303720e-01
    outer loop
      vertex   2.206609e-01 -2.690324e-01 6.000002e-03
      vertex   2.206210e-01 -2.688319e-01 7.552916e-03
      vertex   2.103689e-01 -2.705591e-01 6.000002e-03
    endloop
  endfacet
  facet normal 1.454782e-01 -9.807340e-01 1.303720e-01
    outer loop
      vertex   2.103689e-01 -2.705591e-01 6.000002e-03
      vertex   2.206210e-01 -2.688319e-01 7.552916e-03
      vertex   2.103489e-01 -2.703556e-01 7.552916e-03
    endloop
  endfacet
  facet normal 9.229293e-01 -4.534061e-02 3.822901e-01
    outer loop
      vertex   3.057956e-01 -1.650464e-01 7.552916e-03
      vertex   3.051962e-01 -1.650464e-01 9.000001e-03
      vertex   3.052860e-01 -1.754185e-01 7.552916e-03
    endloop
  endfacet
  facet normal 9.229293e-01 -4.534061e-02 3.822901e-01
    outer loop
      vertex   3.052860e-01 -1.754185e-01 7.552916e-03
      vertex   3.051962e-01 -1.650464e-01 9.000001e-03
      vertex   3.046895e-01 -1.753597e-01 9.000001e-03
    endloop
  endfacet
  facet normal 9.140410e-01 -1.355852e-01 3.822901e-01
    outer loop
      vertex   3.052860e-01 -1.754185e-01 7.552916e-03
      vertex   3.046895e-01 -1.753597e-01 9.000001e-03
      vertex   3.037623e-01 -1.856907e-01 7.552916e-03
    endloop
  endfacet
  facet normal 9.140410e-01 -1.355852e-01 3.822901e-01
    outer loop
      vertex   3.037623e-01 -1.856907e-01 7.552916e-03
      vertex   3.046895e-01 -1.753597e-01 9.000001e-03
      vertex   3.031744e-01 -1.855737e-01 9.000001e-03
    endloop
  endfacet
  facet normal 8.963500e-01 -2.245240e-01 3.822901e-01
    outer loop
      vertex   3.037623e-01 -1.856907e-01 7.552916e-03
      vertex   3.031744e-01 -1.855737e-01 9.000001e-03
      vertex   3.012390e-01 -1.957640e-01 7.552916e-03
    endloop
  endfacet
  facet normal 8.963500e-01 -2.245240e-01 3.822901e-01
    outer loop
      vertex   3.012390e-01 -1.957640e-01 7.552916e-03
      vertex   3.031744e-01 -1.855737e-01 9.000001e-03
      vertex   3.006654e-01 -1.955900e-01 9.000001e-03
    endloop
  endfacet
  facet normal 8.700266e-01 -3.113005e-01 3.822901e-01
    outer loop
      vertex   3.012390e-01 -1.957640e-01 7.552916e-03
      vertex   3.006654e-01 -1.955900e-01 9.000001e-03
      vertex   2.977406e-01 -2.055415e-01 7.552916e-03
    endloop
  endfacet
  facet normal 8.700266e-01 -3.113005e-01 3.822901e-01
    outer loop
      vertex   2.977406e-01 -2.055415e-01 7.552916e-03
      vertex   3.006654e-01 -1.955900e-01 9.000001e-03
      vertex   2.971868e-01 -2.053121e-01 9.000001e-03
    endloop
  endfacet
  facet normal 8.353244e-01 -3.950790e-01 3.822901e-01
    outer loop
      vertex   2.977406e-01 -2.055415e-01 7.552916e-03
      vertex   2.971868e-01 -2.053121e-01 9.000001e-03
      vertex   2.933006e-01 -2.149290e-01 7.552916e-03
    endloop
  endfacet
  facet normal 8.353244e-01 -3.950790e-01 3.822901e-01
    outer loop
      vertex   2.933006e-01 -2.149290e-01 7.552916e-03
      vertex   2.971868e-01 -2.053121e-01 9.000001e-03
      vertex   2.927720e-01 -2.146465e-01 9.000001e-03
    endloop
  endfacet
  facet normal 7.925776e-01 -4.750527e-01 3.822901e-01
    outer loop
      vertex   2.933006e-01 -2.149290e-01 7.552916e-03
      vertex   2.927720e-01 -2.146465e-01 9.000001e-03
      vertex   2.879619e-01 -2.238362e-01 7.552916e-03
    endloop
  endfacet
  facet normal 7.925776e-01 -4.750527e-01 3.822901e-01
    outer loop
      vertex   2.879619e-01 -2.238362e-01 7.552916e-03
      vertex   2.927720e-01 -2.146465e-01 9.000001e-03
      vertex   2.874635e-01 -2.235032e-01 9.000001e-03
    endloop
  endfacet
  facet normal 7.421978e-01 -5.504514e-01 3.822901e-01
    outer loop
      vertex   2.879619e-01 -2.238362e-01 7.552916e-03
      vertex   2.874635e-01 -2.235032e-01 9.000001e-03
      vertex   2.817758e-01 -2.321771e-01 7.552916e-03
    endloop
  endfacet
  facet normal 7.421978e-01 -5.504514e-01 3.822901e-01
    outer loop
      vertex   2.817758e-01 -2.321771e-01 7.552916e-03
      vertex   2.874635e-01 -2.235032e-01 9.000001e-03
      vertex   2.813125e-01 -2.317969e-01 9.000001e-03
    endloop
  endfacet
  facet normal 6.846702e-01 -6.205489e-01 3.822901e-01
    outer loop
      vertex   2.817758e-01 -2.321771e-01 7.552916e-03
      vertex   2.813125e-01 -2.317969e-01 9.000001e-03
      vertex   2.748020e-01 -2.398716e-01 7.552916e-03
    endloop
  endfacet
  facet normal 6.846702e-01 -6.205489e-01 3.822901e-01
    outer loop
      vertex   2.748020e-01 -2.398716e-01 7.552916e-03
      vertex   2.813125e-01 -2.317969e-01 9.000001e-03
      vertex   2.743781e-01 -2.394477e-01 9.000001e-03
    endloop
  endfacet
  facet normal 6.205489e-01 -6.846702e-01 3.822901e-01
    outer loop
      vertex   2.748020e-01 -2.398716e-01 7.552916e-03
      vertex   2.743781e-01 -2.394477e-01 9.000001e-03
      vertex   2.671075e-01 -2.468454e-01 7.552916e-03
    endloop
  endfacet
  facet normal 6.205489e-01 -6.846702e-01 3.822901e-01
    outer loop
      vertex   2.671075e-01 -2.468454e-01 7.552916e-03
      vertex   2.743781e-01 -2.394477e-01 9.000001e-03
      vertex   2.667273e-01 -2.463821e-01 9.000001e-03
    endloop
  endfacet
  facet normal 5.504514e-01 -7.421978e-01 3.822901e-01
    outer loop
      vertex   2.671075e-01 -2.468454e-01 7.552916e-03
      vertex   2.667273e-01 -2.463821e-01 9.000001e-03
      vertex   2.587666e-01 -2.530315e-01 7.552916e-03
    endloop
  endfacet
  facet normal 5.504514e-01 -7.421978e-01 3.822901e-01
    outer loop
      vertex   2.587666e-01 -2.530315e-01 7.552916e-03
      vertex   2.667273e-01 -2.463821e-01 9.000001e-03
      vertex   2.584336e-01 -2.525331e-01 9.000001e-03
    endloop
  endfacet
  facet normal 4.750527e-01 -7.925776e-01 3.822901e-01
    outer loop
      vertex   2.587666e-01 -2.530315e-01 7.552916e-03
      vertex   2.584336e-01 -2.525331e-01 9.000001e-03
      vertex   2.498594e-01 -2.583702e-01 7.552916e-03
    endloop
  endfacet
  facet normal 4.750527e-01 -7.925776e-01 3.822901e-01
    outer loop
      vertex   2.498594e-01 -2.583702e-01 7.552916e-03
      vertex   2.584336e-01 -2.525331e-01 9.000001e-03
      vertex   2.495769e-01 -2.578416e-01 9.000001e-03
    endloop
  endfacet
  facet normal 3.950790e-01 -8.353244e-01 3.822901e-01
    outer loop
      vertex   2.498594e-01 -2.583702e-01 7.552916e-03
      vertex   2.495769e-01 -2.578416e-01 9.000001e-03
      vertex   2.404719e-01 -2.628102e-01 7.552916e-03
    endloop
  endfacet
  facet normal 3.950790e-01 -8.353244e-01 3.822901e-01
    outer loop
      vertex   2.404719e-01 -2.628102e-01 7.552916e-03
      vertex   2.495769e-01 -2.578416e-01 9.000001e-03
      vertex   2.402425e-01 -2.622564e-01 9.000001e-03
    endloop
  endfacet
  facet normal 3.113005e-01 -8.700266e-01 3.822901e-01
    outer loop
      vertex   2.404719e-01 -2.628102e-01 7.552916e-03
      vertex   2.402425e-01 -2.622564e-01 9.000001e-03
      vertex   2.306944e-01 -2.663087e-01 7.552916e-03
    endloop
  endfacet
  facet normal 3.113005e-01 -8.700266e-01 3.822901e-01
    outer loop
      vertex   2.306944e-01 -2.663087e-01 7.552916e-03
      vertex   2.402425e-01 -2.622564e-01 9.000001e-03
      vertex   2.305204e-01 -2.657351e-01 9.000001e-03
    endloop
  endfacet
  facet normal 2.245240e-01 -8.963500e-01 3.822901e-01
    outer loop
      vertex   2.306944e-01 -2.663087e-01 7.552916e-03
      vertex   2.305204e-01 -2.657351e-01 9.000001e-03
      vertex   2.206210e-01 -2.688319e-01 7.552916e-03
    endloop
  endfacet
  facet normal 2.245240e-01 -8.963500e-01 3.822901e-01
    outer loop
      vertex   2.206210e-01 -2.688319e-01 7.552916e-03
      vertex   2.305204e-01 -2.657351e-01 9.000001e-03
      vertex   2.205041e-01 -2.682440e-01 9.000001e-03
    endloop
  endfacet
  facet normal 1.355852e-01 -9.140410e-01 3.822901e-01
    outer loop
      vertex   2.206210e-01 -2.688319e-01 7.552916e-03
      vertex   2.205041e-01 -2.682440e-01 9.000001e-03
      vertex   2.103489e-01 -2.703556e-01 7.552916e-03
    endloop
  endfacet
  facet normal 1.355852e-01 -9.140410e-01 3.822901e-01
    outer loop
      vertex   2.103489e-01 -2.703556e-01 7.552916e-03
      vertex   2.205041e-01 -2.682440e-01 9.000001e-03
      vertex   2.102901e-01 -2.697591e-01 9.000001e-03
    endloop
  endfacet
  facet normal 7.927513e-01 -3.894538e-02 6.082998e-01
    outer loop
      vertex   3.051962e-01 -1.650464e-01 9.000001e-03
      vertex   3.042426e-01 -1.650464e-01 1.024264e-02
      vertex   3.046895e-01 -1.753597e-01 9.000001e-03
    endloop
  endfacet
  facet normal 7.927513e-01 -3.894538e-02 6.082998e-01
    outer loop
      vertex   3.046895e-01 -1.753597e-01 9.000001e-03
      vertex   3.042426e-01 -1.650464e-01 1.024264e-02
      vertex   3.037406e-01 -1.752663e-01 1.024264e-02
    endloop
  endfacet
  facet normal 7.851167e-01 -1.164611e-01 6.082998e-01
    outer loop
      vertex   3.046895e-01 -1.753597e-01 9.000001e-03
      vertex   3.037406e-01 -1.752663e-01 1.024264e-02
      vertex   3.031744e-01 -1.855737e-01 9.000001e-03
    endloop
  endfacet
  facet normal 7.851167e-01 -1.164611e-01 6.082998e-01
    outer loop
      vertex   3.031744e-01 -1.855737e-01 9.000001e-03
      vertex   3.037406e-01 -1.752663e-01 1.024264e-02
      vertex   3.022392e-01 -1.853877e-01 1.024264e-02
    endloop
  endfacet
  facet normal 7.699210e-01 -1.928552e-01 6.082998e-01
    outer loop
      vertex   3.031744e-01 -1.855737e-01 9.000001e-03
      vertex   3.022392e-01 -1.853877e-01 1.024264e-02
      vertex   3.006654e-01 -1.955900e-01 9.000001e-03
    endloop
  endfacet
  facet normal 7.699210e-01 -1.928552e-01 6.082998e-01
    outer loop
      vertex   3.006654e-01 -1.955900e-01 9.000001e-03
      vertex   3.022392e-01 -1.853877e-01 1.024264e-02
      vertex   2.997530e-01 -1.953132e-01 1.024264e-02
    endloop
  endfacet
  facet normal 7.473105e-01 -2.673920e-01 6.082998e-01
    outer loop
      vertex   3.006654e-01 -1.955900e-01 9.000001e-03
      vertex   2.997530e-01 -1.953132e-01 1.024264e-02
      vertex   2.971868e-01 -2.053121e-01 9.000001e-03
    endloop
  endfacet
  facet normal 7.473105e-01 -2.673920e-01 6.082998e-01
    outer loop
      vertex   2.971868e-01 -2.053121e-01 9.000001e-03
      vertex   2.997530e-01 -1.953132e-01 1.024264e-02
      vertex   2.963059e-01 -2.049472e-01 1.024264e-02
    endloop
  endfacet
  facet normal 7.175030e-01 -3.393536e-01 6.082998e-01
    outer loop
      vertex   2.971868e-01 -2.053121e-01 9.000001e-03
      vertex   2.963059e-01 -2.049472e-01 1.024264e-02
      vertex   2.927720e-01 -2.146465e-01 9.000001e-03
    endloop
  endfacet
  facet normal 7.175030e-01 -3.393536e-01 6.082998e-01
    outer loop
      vertex   2.927720e-01 -2.146465e-01 9.000001e-03
      vertex   2.963059e-01 -2.049472e-01 1.024264e-02
      vertex   2.919311e-01 -2.141970e-01 1.024264e-02
    endloop
  endfacet
  facet normal 6.807855e-01 -4.080471e-01 6.082998e-01
    outer loop
      vertex   2.927720e-01 -2.146465e-01 9.000001e-03
      vertex   2.919311e-01 -2.141970e-01 1.024264e-02
      vertex   2.874635e-01 -2.235032e-01 9.000001e-03
    endloop
  endfacet
  facet normal 6.807855e-01 -4.080471e-01 6.082998e-01
    outer loop
      vertex   2.874635e-01 -2.235032e-01 9.000001e-03
      vertex   2.919311e-01 -2.141970e-01 1.024264e-02
      vertex   2.866707e-01 -2.229734e-01 1.024264e-02
    endloop
  endfacet
  facet normal 6.375117e-01 -4.728109e-01 6.082998e-01
    outer loop
      vertex   2.874635e-01 -2.235032e-01 9.000001e-03
      vertex   2.866707e-01 -2.229734e-01 1.024264e-02
      vertex   2.813125e-01 -2.317969e-01 9.000001e-03
    endloop
  endfacet
  facet normal 6.375117e-01 -4.728109e-01 6.082998e-01
    outer loop
      vertex   2.813125e-01 -2.317969e-01 9.000001e-03
      vertex   2.866707e-01 -2.229734e-01 1.024264e-02
      vertex   2.805754e-01 -2.311920e-01 1.024264e-02
    endloop
  endfacet
  facet normal 5.880984e-01 -5.330213e-01 6.082998e-01
    outer loop
      vertex   2.813125e-01 -2.317969e-01 9.000001e-03
      vertex   2.805754e-01 -2.311920e-01 1.024264e-02
      vertex   2.743781e-01 -2.394477e-01 9.000001e-03
    endloop
  endfacet
  facet normal 5.880984e-01 -5.330213e-01 6.082998e-01
    outer loop
      vertex   2.743781e-01 -2.394477e-01 9.000001e-03
      vertex   2.805754e-01 -2.311920e-01 1.024264e-02
      vertex   2.737039e-01 -2.387735e-01 1.024264e-02
    endloop
  endfacet
  facet normal 5.330213e-01 -5.880984e-01 6.082998e-01
    outer loop
      vertex   2.743781e-01 -2.394477e-01 9.000001e-03
      vertex   2.737039e-01 -2.387735e-01 1.024264e-02
      vertex   2.667273e-01 -2.463821e-01 9.000001e-03
    endloop
  endfacet
  facet normal 5.330213e-01 -5.880984e-01 6.082998e-01
    outer loop
      vertex   2.667273e-01 -2.463821e-01 9.000001e-03
      vertex   2.737039e-01 -2.387735e-01 1.024264e-02
      vertex   2.661224e-01 -2.456450e-01 1.024264e-02
    endloop
  endfacet
  facet normal 4.728109e-01 -6.375117e-01 6.082998e-01
    outer loop
      vertex   2.667273e-01 -2.463821e-01 9.000001e-03
      vertex   2.661224e-01 -2.456450e-01 1.024264e-02
      vertex   2.584336e-01 -2.525331e-01 9.000001e-03
    endloop
  endfacet
  facet normal 4.728109e-01 -6.375117e-01 6.082998e-01
    outer loop
      vertex   2.584336e-01 -2.525331e-01 9.000001e-03
      vertex   2.661224e-01 -2.456450e-01 1.024264e-02
      vertex   2.579038e-01 -2.517403e-01 1.024264e-02
    endloop
  endfacet
  facet normal 4.080471e-01 -6.807855e-01 6.082998e-01
    outer loop
      vertex   2.584336e-01 -2.525331e-01 9.000001e-03
      vertex   2.579038e-01 -2.517403e-01 1.024264e-02
      vertex   2.495769e-01 -2.578416e-01 9.000001e-03
    endloop
  endfacet
  facet normal 4.080471e-01 -6.807855e-01 6.082998e-01
    outer loop
      vertex   2.495769e-01 -2.578416e-01 9.000001e-03
      vertex   2.579038e-01 -2.517403e-01 1.024264e-02
      vertex   2.491274e-01 -2.570007e-01 1.024264e-02
    endloop
  endfacet
  facet normal 3.393536e-01 -7.175030e-01 6.082998e-01
    outer loop
      vertex   2.495769e-01 -2.578416e-01 9.000001e-03
      vertex   2.491274e-01 -2.570007e-01 1.024264e-02
      vertex   2.402425e-01 -2.622564e-01 9.000001e-03
    endloop
  endfacet
  facet normal 3.393536e-01 -7.175030e-01 6.082998e-01
    outer loop
      vertex   2.402425e-01 -2.622564e-01 9.000001e-03
      vertex   2.491274e-01 -2.570007e-01 1.024264e-02
      vertex   2.398776e-01 -2.613755e-01 1.024264e-02
    endloop
  endfacet
  facet normal 2.673920e-01 -7.473105e-01 6.082998e-01
    outer loop
      vertex   2.402425e-01 -2.622564e-01 9.000001e-03
      vertex   2.398776e-01 -2.613755e-01 1.024264e-02
      vertex   2.305204e-01 -2.657351e-01 9.000001e-03
    endloop
  endfacet
  facet normal 2.673920e-01 -7.473105e-01 6.082998e-01
    outer loop
      vertex   2.305204e-01 -2.657351e-01 9.000001e-03
      vertex   2.398776e-01 -2.613755e-01 1.024264e-02
      vertex   2.302436e-01 -2.648226e-01 1.024264e-02
    endloop
  endfacet
  facet normal 1.928552e-01 -7.699210e-01 6.082998e-01
    outer loop
      vertex   2.305204e-01 -2.657351e-01 9.000001e-03
      vertex   2.302436e-01 -2.648226e-01 1.024264e-02
      vertex   2.205041e-01 -2.682440e-01 9.000001e-03
    endloop
  endfacet
  facet normal 1.928552e-01 -7.699210e-01 6.082998e-01
    outer loop
      vertex   2.205041e-01 -2.682440e-01 9.000001e-03
      vertex   2.302436e-01 -2.648226e-01 1.024264e-02
      vertex   2.203181e-01 -2.673088e-01 1.024264e-02
    endloop
  endfacet
  facet normal 1.164611e-01 -7.851167e-01 6.082998e-01
    outer loop
      vertex   2.205041e-01 -2.682440e-01 9.000001e-03
      vertex   2.203181e-01 -2.673088e-01 1.024264e-02
      vertex   2.102901e-01 -2.697591e-01 9.000001e-03
    endloop
  endfacet
  facet normal 1.164611e-01 -7.851167e-01 6.082998e-01
    outer loop
      vertex   2.102901e-01 -2.697591e-01 9.000001e-03
      vertex   2.203181e-01 -2.673088e-01 1.024264e-02
      vertex   2.101967e-01 -2.688102e-01 1.024264e-02
    endloop
  endfacet
  facet normal 6.084893e-01 -2.989316e-02 7.929989e-01
    outer loop
      vertex   3.042426e-01 -1.650464e-01 1.024264e-02
      vertex   3.030000e-01 -1.650464e-01 1.119615e-02
      vertex   3.037406e-01 -1.752663e-01 1.024264e-02
    endloop
  endfacet
  facet normal 6.084893e-01 -2.989316e-02 7.929989e-01
    outer loop
      vertex   3.037406e-01 -1.752663e-01 1.024264e-02
      vertex   3.030000e-01 -1.650464e-01 1.119615e-02
      vertex   3.025039e-01 -1.751445e-01 1.119615e-02
    endloop
  endfacet
  facet normal 6.026292e-01 -8.939159e-02 7.929989e-01
    outer loop
      vertex   3.037406e-01 -1.752663e-01 1.024264e-02
      vertex   3.025039e-01 -1.751445e-01 1.119615e-02
      vertex   3.022392e-01 -1.853877e-01 1.024264e-02
    endloop
  endfacet
  facet normal 6.026292e-01 -8.939159e-02 7.929989e-01
    outer loop
      vertex   3.022392e-01 -1.853877e-01 1.024264e-02
      vertex   3.025039e-01 -1.751445e-01 1.119615e-02
      vertex   3.010204e-01 -1.851453e-01 1.119615e-02
    endloop
  endfacet
  facet normal 5.909654e-01 -1.480291e-01 7.929989e-01
    outer loop
      vertex   3.022392e-01 -1.853877e-01 1.024264e-02
      vertex   3.010204e-01 -1.851453e-01 1.119615e-02
      vertex   2.997530e-01 -1.953132e-01 1.024264e-02
    endloop
  endfacet
  facet normal 5.909654e-01 -1.480291e-01 7.929989e-01
    outer loop
      vertex   2.997530e-01 -1.953132e-01 1.024264e-02
      vertex   3.010204e-01 -1.851453e-01 1.119615e-02
      vertex   2.985639e-01 -1.949525e-01 1.119615e-02
    endloop
  endfacet
  facet normal 5.736104e-01 -2.052411e-01 7.929989e-01
    outer loop
      vertex   2.997530e-01 -1.953132e-01 1.024264e-02
      vertex   2.985639e-01 -1.949525e-01 1.119615e-02
      vertex   2.963059e-01 -2.049472e-01 1.024264e-02
    endloop
  endfacet
  facet normal 5.736104e-01 -2.052411e-01 7.929989e-01
    outer loop
      vertex   2.963059e-01 -2.049472e-01 1.024264e-02
      vertex   2.985639e-01 -1.949525e-01 1.119615e-02
      vertex   2.951578e-01 -2.044717e-01 1.119615e-02
    endloop
  endfacet
  facet normal 5.507311e-01 -2.604764e-01 7.929989e-01
    outer loop
      vertex   2.963059e-01 -2.049472e-01 1.024264e-02
      vertex   2.951578e-01 -2.044717e-01 1.119615e-02
      vertex   2.919311e-01 -2.141970e-01 1.024264e-02
    endloop
  endfacet
  facet normal 5.507311e-01 -2.604764e-01 7.929989e-01
    outer loop
      vertex   2.919311e-01 -2.141970e-01 1.024264e-02
      vertex   2.951578e-01 -2.044717e-01 1.119615e-02
      vertex   2.908352e-01 -2.136112e-01 1.119615e-02
    endloop
  endfacet
  facet normal 5.225481e-01 -3.132033e-01 7.929989e-01
    outer loop
      vertex   2.919311e-01 -2.141970e-01 1.024264e-02
      vertex   2.908352e-01 -2.136112e-01 1.119615e-02
      vertex   2.866707e-01 -2.229734e-01 1.024264e-02
    endloop
  endfacet
  facet normal 5.225481e-01 -3.132033e-01 7.929989e-01
    outer loop
      vertex   2.866707e-01 -2.229734e-01 1.024264e-02
      vertex   2.908352e-01 -2.136112e-01 1.119615e-02
      vertex   2.856375e-01 -2.222830e-01 1.119615e-02
    endloop
  endfacet
  facet normal 4.893326e-01 -3.629138e-01 7.929989e-01
    outer loop
      vertex   2.866707e-01 -2.229734e-01 1.024264e-02
      vertex   2.856375e-01 -2.222830e-01 1.119615e-02
      vertex   2.805754e-01 -2.311920e-01 1.024264e-02
    endloop
  endfacet
  facet normal 4.893326e-01 -3.629138e-01 7.929989e-01
    outer loop
      vertex   2.805754e-01 -2.311920e-01 1.024264e-02
      vertex   2.856375e-01 -2.222830e-01 1.119615e-02
      vertex   2.796148e-01 -2.304037e-01 1.119615e-02
    endloop
  endfacet
  facet normal 4.514045e-01 -4.091292e-01 7.929989e-01
    outer loop
      vertex   2.805754e-01 -2.311920e-01 1.024264e-02
      vertex   2.796148e-01 -2.304037e-01 1.119615e-02
      vertex   2.737039e-01 -2.387735e-01 1.024264e-02
    endloop
  endfacet
  facet normal 4.514045e-01 -4.091292e-01 7.929989e-01
    outer loop
      vertex   2.737039e-01 -2.387735e-01 1.024264e-02
      vertex   2.796148e-01 -2.304037e-01 1.119615e-02
      vertex   2.728252e-01 -2.378948e-01 1.119615e-02
    endloop
  endfacet
  facet normal 4.091292e-01 -4.514045e-01 7.929989e-01
    outer loop
      vertex   2.737039e-01 -2.387735e-01 1.024264e-02
      vertex   2.728252e-01 -2.378948e-01 1.119615e-02
      vertex   2.661224e-01 -2.456450e-01 1.024264e-02
    endloop
  endfacet
  facet normal 4.091292e-01 -4.514045e-01 7.929989e-01
    outer loop
      vertex   2.661224e-01 -2.456450e-01 1.024264e-02
      vertex   2.728252e-01 -2.378948e-01 1.119615e-02
      vertex   2.653340e-01 -2.446844e-01 1.119615e-02
    endloop
  endfacet
  facet normal 3.629138e-01 -4.893326e-01 7.929989e-01
    outer loop
      vertex   2.661224e-01 -2.456450e-01 1.024264e-02
      vertex   2.653340e-01 -2.446844e-01 1.119615e-02
      vertex   2.579038e-01 -2.517403e-01 1.024264e-02
    endloop
  endfacet
  facet normal 3.629138e-01 -4.893326e-01 7.929989e-01
    outer loop
      vertex   2.579038e-01 -2.517403e-01 1.024264e-02
      vertex   2.653340e-01 -2.446844e-01 1.119615e-02
      vertex   2.572134e-01 -2.507071e-01 1.119615e-02
    endloop
  endfacet
  facet normal 3.132033e-01 -5.225481e-01 7.929989e-01
    outer loop
      vertex   2.579038e-01 -2.517403e-01 1.024264e-02
      vertex   2.572134e-01 -2.507071e-01 1.119615e-02
      vertex   2.491274e-01 -2.570007e-01 1.024264e-02
    endloop
  endfacet
  facet normal 3.132033e-01 -5.225481e-01 7.929989e-01
    outer loop
      vertex   2.491274e-01 -2.570007e-01 1.024264e-02
      vertex   2.572134e-01 -2.507071e-01 1.119615e-02
      vertex   2.485416e-01 -2.559048e-01 1.119615e-02
    endloop
  endfacet
  facet normal 2.604764e-01 -5.507311e-01 7.929989e-01
    outer loop
      vertex   2.491274e-01 -2.570007e-01 1.024264e-02
      vertex   2.485416e-01 -2.559048e-01 1.119615e-02
      vertex   2.398776e-01 -2.613755e-01 1.024264e-02
    endloop
  endfacet
  facet normal 2.604764e-01 -5.507311e-01 7.929989e-01
    outer loop
      vertex   2.398776e-01 -2.613755e-01 1.024264e-02
      vertex   2.485416e-01 -2.559048e-01 1.119615e-02
      vertex   2.394021e-01 -2.602274e-01 1.119615e-02
    endloop
  endfacet
  facet normal 2.052411e-01 -5.736104e-01 7.929989e-01
    outer loop
      vertex   2.398776e-01 -2.613755e-01 1.024264e-02
      vertex   2.394021e-01 -2.602274e-01 1.119615e-02
      vertex   2.302436e-01 -2.648226e-01 1.024264e-02
    endloop
  endfacet
  facet normal 2.052411e-01 -5.736104e-01 7.929989e-01
    outer loop
      vertex   2.302436e-01 -2.648226e-01 1.024264e-02
      vertex   2.394021e-01 -2.602274e-01 1.119615e-02
      vertex   2.298829e-01 -2.636335e-01 1.119615e-02
    endloop
  endfacet
  facet normal 1.480291e-01 -5.909654e-01 7.929989e-01
    outer loop
      vertex   2.302436e-01 -2.648226e-01 1.024264e-02
      vertex   2.298829e-01 -2.636335e-01 1.119615e-02
      vertex   2.203181e-01 -2.673088e-01 1.024264e-02
    endloop
  endfacet
  facet normal 1.480291e-01 -5.909654e-01 7.929989e-01
    outer loop
      vertex   2.203181e-01 -2.673088e-01 1.024264e-02
      vertex   2.298829e-01 -2.636335e-01 1.119615e-02
      vertex   2.200757e-01 -2.660901e-01 1.119615e-02
    endloop
  endfacet
  facet normal 8.939159e-02 -6.026292e-01 7.929989e-01
    outer loop
      vertex   2.203181e-01 -2.673088e-01 1.024264e-02
      vertex   2.200757e-01 -2.660901e-01 1.119615e-02
      vertex   2.101967e-01 -2.688102e-01 1.024264e-02
    endloop
  endfacet
  facet normal 8.939159e-02 -6.026292e-01 7.929989e-01
    outer loop
      vertex   2.101967e-01 -2.688102e-01 1.024264e-02
      vertex   2.200757e-01 -2.660901e-01 1.119615e-02
      vertex   2.100749e-01 -2.675735e-01 1.119615e-02
    endloop
  endfacet
  facet normal 3.826157e-01 -1.879671e-02 9.237163e-01
    outer loop
      vertex   3.030000e-01 -1.650464e-01 1.119615e-02
      vertex   3.015529e-01 -1.650464e-01 1.179556e-02
      vertex   3.025039e-01 -1.751445e-01 1.119615e-02
    endloop
  endfacet
  facet normal 3.826157e-01 -1.879671e-02 9.237163e-01
    outer loop
      vertex   3.025039e-01 -1.751445e-01 1.119615e-02
      vertex   3.015529e-01 -1.650464e-01 1.179556e-02
      vertex   3.010638e-01 -1.750026e-01 1.179556e-02
    endloop
  endfacet
  facet normal 3.789309e-01 -5.620909e-02 9.237163e-01
    outer loop
      vertex   3.025039e-01 -1.751445e-01 1.119615e-02
      vertex   3.010638e-01 -1.750026e-01 1.179556e-02
      vertex   3.010204e-01 -1.851453e-01 1.119615e-02
    endloop
  endfacet
  facet normal 3.789309e-01 -5.620909e-02 9.237163e-01
    outer loop
      vertex   3.010204e-01 -1.851453e-01 1.119615e-02
      vertex   3.010638e-01 -1.750026e-01 1.179556e-02
      vertex   2.996012e-01 -1.848630e-01 1.179556e-02
    endloop
  endfacet
  facet normal 3.715968e-01 -9.308016e-02 9.237163e-01
    outer loop
      vertex   3.010204e-01 -1.851453e-01 1.119615e-02
      vertex   2.996012e-01 -1.848630e-01 1.179556e-02
      vertex   2.985639e-01 -1.949525e-01 1.119615e-02
    endloop
  endfacet
  facet normal 3.715968e-01 -9.308016e-02 9.237163e-01
    outer loop
      vertex   2.985639e-01 -1.949525e-01 1.119615e-02
      vertex   2.996012e-01 -1.848630e-01 1.179556e-02
      vertex   2.971791e-01 -1.945324e-01 1.179556e-02
    endloop
  endfacet
  facet normal 3.606840e-01 -1.290548e-01 9.237163e-01
    outer loop
      vertex   2.985639e-01 -1.949525e-01 1.119615e-02
      vertex   2.971791e-01 -1.945324e-01 1.179556e-02
      vertex   2.951578e-01 -2.044717e-01 1.119615e-02
    endloop
  endfacet
  facet normal 3.606840e-01 -1.290548e-01 9.237163e-01
    outer loop
      vertex   2.951578e-01 -2.044717e-01 1.119615e-02
      vertex   2.971791e-01 -1.945324e-01 1.179556e-02
      vertex   2.938209e-01 -2.039179e-01 1.179556e-02
    endloop
  endfacet
  facet normal 3.462977e-01 -1.637866e-01 9.237163e-01
    outer loop
      vertex   2.951578e-01 -2.044717e-01 1.119615e-02
      vertex   2.938209e-01 -2.039179e-01 1.179556e-02
      vertex   2.908352e-01 -2.136112e-01 1.119615e-02
    endloop
  endfacet
  facet normal 3.462977e-01 -1.637866e-01 9.237163e-01
    outer loop
      vertex   2.908352e-01 -2.136112e-01 1.119615e-02
      vertex   2.938209e-01 -2.039179e-01 1.179556e-02
      vertex   2.895589e-01 -2.129291e-01 1.179556e-02
    endloop
  endfacet
  facet normal 3.285762e-01 -1.969410e-01 9.237163e-01
    outer loop
      vertex   2.908352e-01 -2.136112e-01 1.119615e-02
      vertex   2.895589e-01 -2.129291e-01 1.179556e-02
      vertex   2.856375e-01 -2.222830e-01 1.119615e-02
    endloop
  endfacet
  facet normal 3.285762e-01 -1.969410e-01 9.237163e-01
    outer loop
      vertex   2.856375e-01 -2.222830e-01 1.119615e-02
      vertex   2.895589e-01 -2.129291e-01 1.179556e-02
      vertex   2.844343e-01 -2.214791e-01 1.179556e-02
    endloop
  endfacet
  facet normal 3.076905e-01 -2.281988e-01 9.237163e-01
    outer loop
      vertex   2.856375e-01 -2.222830e-01 1.119615e-02
      vertex   2.844343e-01 -2.214791e-01 1.179556e-02
      vertex   2.796148e-01 -2.304037e-01 1.119615e-02
    endloop
  endfacet
  facet normal 3.076905e-01 -2.281988e-01 9.237163e-01
    outer loop
      vertex   2.796148e-01 -2.304037e-01 1.119615e-02
      vertex   2.844343e-01 -2.214791e-01 1.179556e-02
      vertex   2.784962e-01 -2.294856e-01 1.179556e-02
    endloop
  endfacet
  facet normal 2.838415e-01 -2.572589e-01 9.237163e-01
    outer loop
      vertex   2.796148e-01 -2.304037e-01 1.119615e-02
      vertex   2.784962e-01 -2.294856e-01 1.179556e-02
      vertex   2.728252e-01 -2.378948e-01 1.119615e-02
    endloop
  endfacet
  facet normal 2.838415e-01 -2.572589e-01 9.237163e-01
    outer loop
      vertex   2.728252e-01 -2.378948e-01 1.119615e-02
      vertex   2.784962e-01 -2.294856e-01 1.179556e-02
      vertex   2.718020e-01 -2.368716e-01 1.179556e-02
    endloop
  endfacet
  facet normal 2.572589e-01 -2.838415e-01 9.237163e-01
    outer loop
      vertex   2.728252e-01 -2.378948e-01 1.119615e-02
      vertex   2.718020e-01 -2.368716e-01 1.179556e-02
      vertex   2.653340e-01 -2.446844e-01 1.119615e-02
    endloop
  endfacet
  facet normal 2.572589e-01 -2.838415e-01 9.237163e-01
    outer loop
      vertex   2.653340e-01 -2.446844e-01 1.119615e-02
      vertex   2.718020e-01 -2.368716e-01 1.179556e-02
      vertex   2.644160e-01 -2.435658e-01 1.179556e-02
    endloop
  endfacet
  facet normal 2.281988e-01 -3.076905e-01 9.237163e-01
    outer loop
      vertex   2.653340e-01 -2.446844e-01 1.119615e-02
      vertex   2.644160e-01 -2.435658e-01 1.179556e-02
      vertex   2.572134e-01 -2.507071e-01 1.119615e-02
    endloop
  endfacet
  facet normal 2.281988e-01 -3.076905e-01 9.237163e-01
    outer loop
      vertex   2.572134e-01 -2.507071e-01 1.119615e-02
      vertex   2.644160e-01 -2.435658e-01 1.179556e-02
      vertex   2.564095e-01 -2.495039e-01 1.179556e-02
    endloop
  endfacet
  facet normal 1.969410e-01 -3.285762e-01 9.237163e-01
    outer loop
      vertex   2.572134e-01 -2.507071e-01 1.119615e-02
      vertex   2.564095e-01 -2.495039e-01 1.179556e-02
      vertex   2.485416e-01 -2.559048e-01 1.119615e-02
    endloop
  endfacet
  facet normal 1.969410e-01 -3.285762e-01 9.237163e-01
    outer loop
      vertex   2.485416e-01 -2.559048e-01 1.119615e-02
      vertex   2.564095e-01 -2.495039e-01 1.179556e-02
      vertex   2.478595e-01 -2.546286e-01 1.179556e-02
    endloop
  endfacet
  facet normal 1.637866e-01 -3.462977e-01 9.237163e-01
    outer loop
      vertex   2.485416e-01 -2.559048e-01 1.119615e-02
      vertex   2.478595e-01 -2.546286e-01 1.179556e-02
      vertex   2.394021e-01 -2.602274e-01 1.119615e-02
    endloop
  endfacet
  facet normal 1.637866e-01 -3.462977e-01 9.237163e-01
    outer loop
      vertex   2.394021e-01 -2.602274e-01 1.119615e-02
      vertex   2.478595e-01 -2.546286e-01 1.179556e-02
      vertex   2.388483e-01 -2.588905e-01 1.179556e-02
    endloop
  endfacet
  facet normal 1.290548e-01 -3.606840e-01 9.237163e-01
    outer loop
      vertex   2.394021e-01 -2.602274e-01 1.119615e-02
      vertex   2.388483e-01 -2.588905e-01 1.179556e-02
      vertex   2.298829e-01 -2.636335e-01 1.119615e-02
    endloop
  endfacet
  facet normal 1.290548e-01 -3.606840e-01 9.237163e-01
    outer loop
      vertex   2.298829e-01 -2.636335e-01 1.119615e-02
      vertex   2.388483e-01 -2.588905e-01 1.179556e-02
      vertex   2.294628e-01 -2.622487e-01 1.179556e-02
    endloop
  endfacet
  facet normal 9.308016e-02 -3.715968e-01 9.237163e-01
    outer loop
      vertex   2.298829e-01 -2.636335e-01 1.119615e-02
      vertex   2.294628e-01 -2.622487e-01 1.179556e-02
      vertex   2.200757e-01 -2.660901e-01 1.119615e-02
    endloop
  endfacet
  facet normal 9.308016e-02 -3.715968e-01 9.237163e-01
    outer loop
      vertex   2.200757e-01 -2.660901e-01 1.119615e-02
      vertex   2.294628e-01 -2.622487e-01 1.179556e-02
      vertex   2.197933e-01 -2.646708e-01 1.179556e-02
    endloop
  endfacet
  facet normal 5.620909e-02 -3.789309e-01 9.237163e-01
    outer loop
      vertex   2.200757e-01 -2.660901e-01 1.119615e-02
      vertex   2.197933e-01 -2.646708e-01 1.179556e-02
      vertex   2.100749e-01 -2.675735e-01 1.119615e-02
    endloop
  endfacet
  facet normal 5.620909e-02 -3.789309e-01 9.237163e-01
    outer loop
      vertex   2.100749e-01 -2.675735e-01 1.119615e-02
      vertex   2.197933e-01 -2.646708e-01 1.179556e-02
      vertex   2.099330e-01 -2.661334e-01 1.179556e-02
    endloop
  endfacet
  facet normal 1.305235e-01 -6.412207e-03 9.914245e-01
    outer loop
      vertex   3.015529e-01 -1.650464e-01 1.179556e-02
      vertex   3.000000e-01 -1.650464e-01 1.200000e-02
      vertex   3.010638e-01 -1.750026e-01 1.179556e-02
    endloop
  endfacet
  facet normal 1.305235e-01 -6.412207e-03 9.914245e-01
    outer loop
      vertex   3.010638e-01 -1.750026e-01 1.179556e-02
      vertex   3.000000e-01 -1.650464e-01 1.200000e-02
      vertex   2.995184e-01 -1.748504e-01 1.200000e-02
    endloop
  endfacet
  facet normal 1.292665e-01 -1.917487e-02 9.914245e-01
    outer loop
      vertex   3.010638e-01 -1.750026e-01 1.179556e-02
      vertex   2.995184e-01 -1.748504e-01 1.200000e-02
      vertex   2.996012e-01 -1.848630e-01 1.179556e-02
    endloop
  endfacet
  facet normal 1.292665e-01 -1.917487e-02 9.914245e-01
    outer loop
      vertex   2.996012e-01 -1.848630e-01 1.179556e-02
      vertex   2.995184e-01 -1.748504e-01 1.200000e-02
      vertex   2.980781e-01 -1.845600e-01 1.200000e-02
    endloop
  endfacet
  facet normal 1.267645e-01 -3.175287e-02 9.914245e-01
    outer loop
      vertex   2.996012e-01 -1.848630e-01 1.179556e-02
      vertex   2.980781e-01 -1.845600e-01 1.200000e-02
      vertex   2.971791e-01 -1.945324e-01 1.179556e-02
    endloop
  endfacet
  facet normal 1.267645e-01 -3.175287e-02 9.914245e-01
    outer loop
      vertex   2.971791e-01 -1.945324e-01 1.179556e-02
      vertex   2.980781e-01 -1.845600e-01 1.200000e-02
      vertex   2.956930e-01 -1.940816e-01 1.200000e-02
    endloop
  endfacet
  facet normal 1.230418e-01 -4.402507e-02 9.914245e-01
    outer loop
      vertex   2.971791e-01 -1.945324e-01 1.179556e-02
      vertex   2.956930e-01 -1.940816e-01 1.200000e-02
      vertex   2.938209e-01 -2.039179e-01 1.179556e-02
    endloop
  endfacet
  facet normal 1.230418e-01 -4.402507e-02 9.914245e-01
    outer loop
      vertex   2.938209e-01 -2.039179e-01 1.179556e-02
      vertex   2.956930e-01 -1.940816e-01 1.200000e-02
      vertex   2.923862e-01 -2.033237e-01 1.200000e-02
    endloop
  endfacet
  facet normal 1.181341e-01 -5.587328e-02 9.914245e-01
    outer loop
      vertex   2.938209e-01 -2.039179e-01 1.179556e-02
      vertex   2.923862e-01 -2.033237e-01 1.200000e-02
      vertex   2.895589e-01 -2.129291e-01 1.179556e-02
    endloop
  endfacet
  facet normal 1.181341e-01 -5.587328e-02 9.914245e-01
    outer loop
      vertex   2.895589e-01 -2.129291e-01 1.179556e-02
      vertex   2.923862e-01 -2.033237e-01 1.200000e-02
      vertex   2.881894e-01 -2.121970e-01 1.200000e-02
    endloop
  endfacet
  facet normal 1.120887e-01 -6.718340e-02 9.914245e-01
    outer loop
      vertex   2.895589e-01 -2.129291e-01 1.179556e-02
      vertex   2.881894e-01 -2.121970e-01 1.200000e-02
      vertex   2.844343e-01 -2.214791e-01 1.179556e-02
    endloop
  endfacet
  facet normal 1.120887e-01 -6.718340e-02 9.914245e-01
    outer loop
      vertex   2.844343e-01 -2.214791e-01 1.179556e-02
      vertex   2.881894e-01 -2.121970e-01 1.200000e-02
      vertex   2.831431e-01 -2.206163e-01 1.200000e-02
    endloop
  endfacet
  facet normal 1.049639e-01 -7.784651e-02 9.914245e-01
    outer loop
      vertex   2.844343e-01 -2.214791e-01 1.179556e-02
      vertex   2.831431e-01 -2.206163e-01 1.200000e-02
      vertex   2.784962e-01 -2.294856e-01 1.179556e-02
    endloop
  endfacet
  facet normal 1.049639e-01 -7.784651e-02 9.914245e-01
    outer loop
      vertex   2.784962e-01 -2.294856e-01 1.179556e-02
      vertex   2.831431e-01 -2.206163e-01 1.200000e-02
      vertex   2.772958e-01 -2.285005e-01 1.200000e-02
    endloop
  endfacet
  facet normal 9.682815e-02 -8.775992e-02 9.914245e-01
    outer loop
      vertex   2.784962e-01 -2.294856e-01 1.179556e-02
      vertex   2.772958e-01 -2.285005e-01 1.200000e-02
      vertex   2.718020e-01 -2.368716e-01 1.179556e-02
    endloop
  endfacet
  facet normal 9.682815e-02 -8.775992e-02 9.914245e-01
    outer loop
      vertex   2.718020e-01 -2.368716e-01 1.179556e-02
      vertex   2.772958e-01 -2.285005e-01 1.200000e-02
      vertex   2.707039e-01 -2.357735e-01 1.200000e-02
    endloop
  endfacet
  facet normal 8.775992e-02 -9.682815e-02 9.914245e-01
    outer loop
      vertex   2.718020e-01 -2.368716e-01 1.179556e-02
      vertex   2.707039e-01 -2.357735e-01 1.200000e-02
      vertex   2.644160e-01 -2.435658e-01 1.179556e-02
    endloop
  endfacet
  facet normal 8.775992e-02 -9.682815e-02 9.914245e-01
    outer loop
      vertex   2.644160e-01 -2.435658e-01 1.179556e-02
      vertex   2.707039e-01 -2.357735e-01 1.200000e-02
      vertex   2.634309e-01 -2.423654e-01 1.200000e-02
    endloop
  endfacet
  facet normal 7.784651e-02 -1.049639e-01 9.914245e-01
    outer loop
      vertex   2.644160e-01 -2.435658e-01 1.179556e-02
      vertex   2.634309e-01 -2.423654e-01 1.200000e-02
      vertex   2.564095e-01 -2.495039e-01 1.179556e-02
    endloop
  endfacet
  facet normal 7.784651e-02 -1.049639e-01 9.914245e-01
    outer loop
      vertex   2.564095e-01 -2.495039e-01 1.179556e-02
      vertex   2.634309e-01 -2.423654e-01 1.200000e-02
      vertex   2.555467e-01 -2.482127e-01 1.200000e-02
    endloop
  endfacet
  facet normal 6.718340e-02 -1.120887e-01 9.914245e-01
    outer loop
      vertex   2.564095e-01 -2.495039e-01 1.179556e-02
      vertex   2.555467e-01 -2.482127e-01 1.200000e-02
      vertex   2.478595e-01 -2.546286e-01 1.179556e-02
    endloop
  endfacet
  facet normal 6.718340e-02 -1.120887e-01 9.914245e-01
    outer loop
      vertex   2.478595e-01 -2.546286e-01 1.179556e-02
      vertex   2.555467e-01 -2.482127e-01 1.200000e-02
      vertex   2.471274e-01 -2.532590e-01 1.200000e-02
    endloop
  endfacet
  facet normal 5.587328e-02 -1.181341e-01 9.914245e-01
    outer loop
      vertex   2.478595e-01 -2.546286e-01 1.179556e-02
      vertex   2.471274e-01 -2.532590e-01 1.200000e-02
      vertex   2.388483e-01 -2.588905e-01 1.179556e-02
    endloop
  endfacet
  facet normal 5.587328e-02 -1.181341e-01 9.914245e-01
    outer loop
      vertex   2.388483e-01 -2.588905e-01 1.179556e-02
      vertex   2.471274e-01 -2.532590e-01 1.200000e-02
      vertex   2.382540e-01 -2.574558e-01 1.200000e-02
    endloop
  endfacet
  facet normal 4.402507e-02 -1.230418e-01 9.914245e-01
    outer loop
      vertex   2.388483e-01 -2.588905e-01 1.179556e-02
      vertex   2.382540e-01 -2.574558e-01 1.200000e-02
      vertex   2.294628e-01 -2.622487e-01 1.179556e-02
    endloop
  endfacet
  facet normal 4.402507e-02 -1.230418e-01 9.914245e-01
    outer loop
      vertex   2.294628e-01 -2.622487e-01 1.179556e-02
      vertex   2.382540e-01 -2.574558e-01 1.200000e-02
      vertex   2.290120e-01 -2.607627e-01 1.200000e-02
    endloop
  endfacet
  facet normal 3.175287e-02 -1.267645e-01 9.914245e-01
    outer loop
      vertex   2.294628e-01 -2.622487e-01 1.179556e-02
      vertex   2.290120e-01 -2.607627e-01 1.200000e-02
      vertex   2.197933e-01 -2.646708e-01 1.179556e-02
    endloop
  endfacet
  facet normal 3.175287e-02 -1.267645e-01 9.914245e-01
    outer loop
      vertex   2.197933e-01 -2.646708e-01 1.179556e-02
      vertex   2.290120e-01 -2.607627e-01 1.200000e-02
      vertex   2.194904e-01 -2.631477e-01 1.200000e-02
    endloop
  endfacet
  facet normal 1.917487e-02 -1.292665e-01 9.914245e-01
    outer loop
      vertex   2.197933e-01 -2.646708e-01 1.179556e-02
      vertex   2.194904e-01 -2.631477e-01 1.200000e-02
      vertex   2.099330e-01 -2.661334e-01 1.179556e-02
    endloop
  endfacet
  facet normal 1.917487e-02 -1.292665e-01 9.914245e-01
    outer loop
      vertex   2.099330e-01 -2.661334e-01 1.179556e-02
      vertex   2.194904e-01 -2.631477e-01 1.200000e-02
      vertex   2.097808e-01 -2.645880e-01 1.200000e-02
    endloop
  endfacet
  facet normal -9.987955e-01 4.906767e-02 -3.720803e-07
    outer loop
      vertex   3.000000e-01 -1.650464e-01 1.200000e-02
      vertex   3.000000e-01 -1.650464e-01 1.332268e-17
      vertex   2.995184e-01 -1.748504e-01 1.200000e-02
    endloop
  endfacet
  facet normal -9.987955e-01 4.906767e-02 -3.720803e-07
    outer loop
      vertex   2.995184e-01 -1.748504e-01 1.200000e-02
      vertex   3.000000e-01 -1.650464e-01 1.332268e-17
      vertex   2.995184e-01 -1.748504e-01 1.332268e-17
    endloop
  endfacet
  facet normal -9.891765e-01 1.467305e-01 -3.720803e-07
    outer loop
      vertex   2.995184e-01 -1.748504e-01 1.200000e-02
      vertex   2.995184e-01 -1.748504e-01 1.332268e-17
      vertex   2.980781e-01 -1.845600e-01 1.200000e-02
    endloop
  endfacet
  facet normal -9.891765e-01 1.467305e-01 -3.720803e-07
    outer loop
      vertex   2.980781e-01 -1.845600e-01 1.200000e-02
      vertex   2.995184e-01 -1.748504e-01 1.332268e-17
      vertex   2.980781e-01 -1.845600e-01 1.332268e-17
    endloop
  endfacet
  facet normal -9.700313e-01 2.429802e-01 -3.720803e-07
    outer loop
      vertex   2.980781e-01 -1.845600e-01 1.200000e-02
      vertex   2.980781e-01 -1.845600e-01 1.332268e-17
      vertex   2.956930e-01 -1.940816e-01 1.200000e-02
    endloop
  endfacet
  facet normal -9.700313e-01 2.429802e-01 -3.720803e-07
    outer loop
      vertex   2.956930e-01 -1.940816e-01 1.200000e-02
      vertex   2.980781e-01 -1.845600e-01 1.332268e-17
      vertex   2.956930e-01 -1.940816e-01 1.332268e-17
    endloop
  endfacet
  facet normal -9.415441e-01 3.368899e-01 -3.720803e-07
    outer loop
      vertex   2.956930e-01 -1.940816e-01 1.200000e-02
      vertex   2.956930e-01 -1.940816e-01 1.332268e-17
      vertex   2.923862e-01 -2.033237e-01 1.200000e-02
    endloop
  endfacet
  facet normal -9.415441e-01 3.368899e-01 -3.720803e-07
    outer loop
      vertex   2.923862e-01 -2.033237e-01 1.200000e-02
      vertex   2.956930e-01 -1.940816e-01 1.332268e-17
      vertex   2.923862e-01 -2.033237e-01 1.332268e-17
    endloop
  endfacet
  facet normal -9.039893e-01 4.275551e-01 -3.720803e-07
    outer loop
      vertex   2.923862e-01 -2.033237e-01 1.200000e-02
      vertex   2.923862e-01 -2.033237e-01 1.332268e-17
      vertex   2.881894e-01 -2.121970e-01 1.200000e-02
    endloop
  endfacet
  facet normal -9.039893e-01 4.275551e-01 -3.720803e-07
    outer loop
      vertex   2.881894e-01 -2.121970e-01 1.200000e-02
      vertex   2.923862e-01 -2.033237e-01 1.332268e-17
      vertex   2.881894e-01 -2.121970e-01 1.332268e-17
    endloop
  endfacet
  facet normal -8.577286e-01 5.141027e-01 -3.720803e-07
    outer loop
      vertex   2.881894e-01 -2.121970e-01 1.200000e-02
      vertex   2.881894e-01 -2.121970e-01 1.332268e-17
      vertex   2.831431e-01 -2.206163e-01 1.200000e-02
    endloop
  endfacet
  facet normal -8.577286e-01 5.141027e-01 -3.720803e-07
    outer loop
      vertex   2.831431e-01 -2.206163e-01 1.200000e-02
      vertex   2.881894e-01 -2.121970e-01 1.332268e-17
      vertex   2.831431e-01 -2.206163e-01 1.332268e-17
    endloop
  endfacet
  facet normal -8.032075e-01 5.956993e-01 -3.720803e-07
    outer loop
      vertex   2.831431e-01 -2.206163e-01 1.200000e-02
      vertex   2.831431e-01 -2.206163e-01 1.332268e-17
      vertex   2.772958e-01 -2.285005e-01 1.200000e-02
    endloop
  endfacet
  facet normal -8.032075e-01 5.956993e-01 -3.720803e-07
    outer loop
      vertex   2.772958e-01 -2.285005e-01 1.200000e-02
      vertex   2.831431e-01 -2.206163e-01 1.332268e-17
      vertex   2.772958e-01 -2.285005e-01 1.332268e-17
    endloop
  endfacet
  facet normal -7.409511e-01 6.715590e-01 -3.720803e-07
    outer loop
      vertex   2.772958e-01 -2.285005e-01 1.200000e-02
      vertex   2.772958e-01 -2.285005e-01 1.332268e-17
      vertex   2.707039e-01 -2.357735e-01 1.200000e-02
    endloop
  endfacet
  facet normal -7.409511e-01 6.715590e-01 -3.720803e-07
    outer loop
      vertex   2.707039e-01 -2.357735e-01 1.200000e-02
      vertex   2.772958e-01 -2.285005e-01 1.332268e-17
      vertex   2.707039e-01 -2.357735e-01 1.332268e-17
    endloop
  endfacet
  facet normal -6.715590e-01 7.409511e-01 -3.720803e-07
    outer loop
      vertex   2.707039e-01 -2.357735e-01 1.200000e-02
      vertex   2.707039e-01 -2.357735e-01 1.332268e-17
      vertex   2.634309e-01 -2.423654e-01 1.200000e-02
    endloop
  endfacet
  facet normal -6.715590e-01 7.409511e-01 -3.720803e-07
    outer loop
      vertex   2.634309e-01 -2.423654e-01 1.200000e-02
      vertex   2.707039e-01 -2.357735e-01 1.332268e-17
      vertex   2.634309e-01 -2.423654e-01 1.332268e-17
    endloop
  endfacet
  facet normal -5.956993e-01 8.032075e-01 -3.720803e-07
    outer loop
      vertex   2.634309e-01 -2.423654e-01 1.200000e-02
      vertex   2.634309e-01 -2.423654e-01 1.332268e-17
      vertex   2.555467e-01 -2.482127e-01 1.200000e-02
    endloop
  endfacet
  facet normal -5.956993e-01 8.032075e-01 -3.720803e-07
    outer loop
      vertex   2.555467e-01 -2.482127e-01 1.200000e-02
      vertex   2.634309e-01 -2.423654e-01 1.332268e-17
      vertex   2.555467e-01 -2.482127e-01 1.332268e-17
    endloop
  endfacet
  facet normal -5.141027e-01 8.577286e-01 -3.720803e-07
    outer loop
      vertex   2.555467e-01 -2.482127e-01 1.200000e-02
      vertex   2.555467e-01 -2.482127e-01 1.332268e-17
      vertex   2.471274e-01 -2.532590e-01 1.200000e-02
    endloop
  endfacet
  facet normal -5.141027e-01 8.577286e-01 -3.720803e-07
    outer loop
      vertex   2.471274e-01 -2.532590e-01 1.200000e-02
      vertex   2.555467e-01 -2.482127e-01 1.332268e-17
      vertex   2.471274e-01 -2.532590e-01 1.332268e-17
    endloop
  endfacet
  facet normal -4.275551e-01 9.039893e-01 -3.720803e-07
    outer loop
      vertex   2.471274e-01 -2.532590e-01 1.200000e-02
      vertex   2.471274e-01 -2.532590e-01 1.332268e-17
      vertex   2.382540e-01 -2.574558e-01 1.200000e-02
    endloop
  endfacet
  facet normal -4.275551e-01 9.039893e-01 -3.720803e-07
    outer loop
      vertex   2.382540e-01 -2.574558e-01 1.200000e-02
      vertex   2.471274e-01 -2.532590e-01 1.332268e-17
      vertex   2.382540e-01 -2.574558e-01 1.332268e-17
    endloop
  endfacet
  facet normal -3.368899e-01 9.415441e-01 -3.720803e-07
    outer loop
      vertex   2.382540e-01 -2.574558e-01 1.200000e-02
      vertex   2.382540e-01 -2.574558e-01 1.332268e-17
      vertex   2.290120e-01 -2.607627e-01 1.200000e-02
    endloop
  endfacet
  facet normal -3.368899e-01 9.415441e-01 -3.720803e-07
    outer loop
      vertex   2.290120e-01 -2.607627e-01 1.200000e-02
      vertex   2.382540e-01 -2.574558e-01 1.332268e-17
      vertex   2.290120e-01 -2.607627e-01 1.332268e-17
    endloop
  endfacet
  facet normal -2.429802e-01 9.700313e-01 -3.720803e-07
    outer loop
      vertex   2.290120e-01 -2.607627e-01 1.200000e-02
      vertex   2.290120e-01 -2.607627e-01 1.332268e-17
      vertex   2.194904e-01 -2.631477e-01 1.200000e-02
    endloop
  endfacet
  facet normal -2.429802e-01 9.700313e-01 -3.720803e-07
    outer loop
      vertex   2.194904e-01 -2.631477e-01 1.200000e-02
      vertex   2.290120e-01 -2.607627e-01 1.332268e-17
      vertex   2.194904e-01 -2.631477e-01 1.332268e-17
    endloop
  endfacet
  facet normal -1.467305e-01 9.891765e-01 -3.720803e-07
    outer loop
      vertex   2.194904e-01 -2.631477e-01 1.200000e-02
      vertex   2.194904e-01 -2.631477e-01 1.332268e-17
      vertex   2.097808e-01 -2.645880e-01 1.200000e-02
    endloop
  endfacet
  facet normal -1.467305e-01 9.891765e-01 -3.720803e-07
    outer loop
      vertex   2.097808e-01 -2.645880e-01 1.200000e-02
      vertex   2.194904e-01 -2.631477e-01 1.332268e-17
      vertex   2.097808e-01 -2.645880e-01 1.332268e-17
    endloop
  endfacet
  facet normal -4.906767e-02 9.987955e-01 -3.720803e-07
    outer loop
      vertex   2.097808e-01 -2.645880e-01 1.200000e-02
      vertex   2.097808e-01 -2.645880e-01 1.332268e-17
      vertex   1.999768e-01 -2.650696e-01 1.200000e-02
    endloop
  endfacet
  facet normal -4.906767e-02 9.987955e-01 -3.720803e-07
    outer loop
      vertex   1.999768e-01 -2.650696e-01 1.200000e-02
      vertex   2.097808e-01 -2.645880e-01 1.332268e-17
      vertex   1.999768e-01 -2.650696e-01 1.332268e-17
    endloop
  endfacet
  facet normal 1.305269e-01 -2.195665e-17 -9.914448e-01
    outer loop
      vertex   3.000000e-01 1.649537e-01 1.332268e-17
      vertex   3.015529e-01 -4.634808e-05 2.044461e-04
      vertex   3.000000e-01 -1.650464e-01 1.332268e-17
    endloop
  endfacet
  facet normal 1.305269e-01 -3.277459e-17 -9.914448e-01
    outer loop
      vertex   3.000000e-01 -1.650464e-01 1.332268e-17
      vertex   3.015529e-01 -4.634808e-05 2.044461e-04
      vertex   3.015529e-01 -3.304637e-02 2.044461e-04
    endloop
  endfacet
  facet normal 1.305269e-01 0.000000e+00 -9.914448e-01
    outer loop
      vertex   3.000000e-01 -1.650464e-01 1.332268e-17
      vertex   3.015529e-01 -3.304637e-02 2.044461e-04
      vertex   3.015529e-01 -6.604639e-02 2.044461e-04
    endloop
  endfacet
  facet normal 3.826840e-01 0.000000e+00 -9.238793e-01
    outer loop
      vertex   3.015529e-01 -6.604639e-02 2.044461e-04
      vertex   3.015529e-01 -3.304637e-02 2.044461e-04
      vertex   3.030000e-01 -6.604639e-02 8.038494e-04
    endloop
  endfacet
  facet normal 3.826840e-01 0.000000e+00 -9.238793e-01
    outer loop
      vertex   3.015529e-01 -6.604639e-02 2.044461e-04
      vertex   3.030000e-01 -6.604639e-02 8.038494e-04
      vertex   3.030000e-01 -9.904640e-02 8.038494e-04
    endloop
  endfacet
  facet normal 6.087619e-01 0.000000e+00 -7.933530e-01
    outer loop
      vertex   3.030000e-01 -9.904640e-02 8.038494e-04
      vertex   3.030000e-01 -6.604639e-02 8.038494e-04
      vertex   3.042426e-01 -9.904640e-02 1.757362e-03
    endloop
  endfacet
  facet normal 6.087619e-01 -1.638730e-17 -7.933530e-01
    outer loop
      vertex   3.030000e-01 -9.904640e-02 8.038494e-04
      vertex   3.042426e-01 -9.904640e-02 1.757362e-03
      vertex   3.042426e-01 -1.320464e-01 1.757362e-03
    endloop
  endfacet
  facet normal 7.933537e-01 -1.200036e-17 -6.087610e-01
    outer loop
      vertex   3.042426e-01 -1.320464e-01 1.757362e-03
      vertex   3.042426e-01 -9.904640e-02 1.757362e-03
      vertex   3.051962e-01 -1.320464e-01 3.000003e-03
    endloop
  endfacet
  facet normal 7.933537e-01 4.916189e-17 -6.087610e-01
    outer loop
      vertex   3.042426e-01 -1.320464e-01 1.757362e-03
      vertex   3.051962e-01 -1.320464e-01 3.000003e-03
      vertex   3.051962e-01 -1.650464e-01 3.000003e-03
    endloop
  endfacet
  facet normal 9.238797e-01 3.017495e-17 -3.826830e-01
    outer loop
      vertex   3.051962e-01 -1.650464e-01 3.000003e-03
      vertex   3.051962e-01 -1.320464e-01 3.000003e-03
      vertex   3.057956e-01 -1.650464e-01 4.447088e-03
    endloop
  endfacet
  facet normal 9.238797e-01 4.023326e-17 -3.826830e-01
    outer loop
      vertex   3.057956e-01 -1.650464e-01 4.447088e-03
      vertex   3.051962e-01 -1.320464e-01 3.000003e-03
      vertex   3.057956e-01 -1.320464e-01 4.447088e-03
    endloop
  endfacet
  facet normal 9.914449e-01 1.372279e-17 -1.305258e-01
    outer loop
      vertex   3.057956e-01 -1.650464e-01 4.447088e-03
      vertex   3.057956e-01 -1.320464e-01 4.447088e-03
      vertex   3.060000e-01 -1.650464e-01 6.000002e-03
    endloop
  endfacet
  facet normal 9.914449e-01 0.000000e+00 -1.305258e-01
    outer loop
      vertex   3.060000e-01 -1.650464e-01 6.000002e-03
      vertex   3.057956e-01 -1.320464e-01 4.447088e-03
      vertex   3.060000e-01 -1.320464e-01 6.000002e-03
    endloop
  endfacet
  facet normal 9.914448e-01 -0.000000e+00 1.305265e-01
    outer loop
      vertex   3.060000e-01 -1.650464e-01 6.000002e-03
      vertex   3.060000e-01 -1.320464e-01 6.000002e-03
      vertex   3.057956e-01 -1.650464e-01 7.552916e-03
    endloop
  endfacet
  facet normal 9.914448e-01 -0.000000e+00 1.305265e-01
    outer loop
      vertex   3.057956e-01 -1.650464e-01 7.552916e-03
      vertex   3.060000e-01 -1.320464e-01 6.000002e-03
      vertex   3.057956e-01 -1.320464e-01 7.552916e-03
    endloop
  endfacet
  facet normal 9.238794e-01 -0.000000e+00 3.826837e-01
    outer loop
      vertex   3.057956e-01 -1.650464e-01 7.552916e-03
      vertex   3.057956e-01 -1.320464e-01 7.552916e-03
      vertex   3.051962e-01 -1.650464e-01 9.000001e-03
    endloop
  endfacet
  facet normal 9.238794e-01 1.207000e-16 3.826837e-01
    outer loop
      vertex   3.051962e-01 -1.650464e-01 9.000001e-03
      vertex   3.057956e-01 -1.320464e-01 7.552916e-03
      vertex   3.051962e-01 -1.320464e-01 9.000001e-03
    endloop
  endfacet
  facet normal 7.933532e-01 1.920059e-16 6.087616e-01
    outer loop
      vertex   3.051962e-01 -1.650464e-01 9.000001e-03
      vertex   3.051962e-01 -1.320464e-01 9.000001e-03
      vertex   3.042426e-01 -1.650464e-01 1.024264e-02
    endloop
  endfacet
  facet normal 7.933532e-01 1.280039e-16 6.087616e-01
    outer loop
      vertex   3.042426e-01 -1.650464e-01 1.024264e-02
      vertex   3.051962e-01 -1.320464e-01 9.000001e-03
      vertex   3.042426e-01 -1.320464e-01 1.024264e-02
    endloop
  endfacet
  facet normal 6.087613e-01 1.668179e-16 7.933534e-01
    outer loop
      vertex   3.042426e-01 -1.650464e-01 1.024264e-02
      vertex   3.042426e-01 -1.320464e-01 1.024264e-02
      vertex   3.030000e-01 -1.650464e-01 1.119615e-02
    endloop
  endfacet
  facet normal 6.087613e-01 2.085224e-16 7.933534e-01
    outer loop
      vertex   3.030000e-01 -1.650464e-01 1.119615e-02
      vertex   3.042426e-01 -1.320464e-01 1.024264e-02
      vertex   3.030000e-01 -1.320464e-01 1.119615e-02
    endloop
  endfacet
  facet normal 3.826833e-01 2.428295e-16 9.238796e-01
    outer loop
      vertex   3.030000e-01 -1.650464e-01 1.119615e-02
      vertex   3.030000e-01 -1.320464e-01 1.119615e-02
      vertex   3.015529e-01 -1.650464e-01 1.179556e-02
    endloop
  endfacet
  facet normal 3.826833e-01 -0.000000e+00 9.238796e-01
    outer loop
      vertex   3.015529e-01 -1.650464e-01 1.179556e-02
      vertex   3.030000e-01 -1.320464e-01 1.119615e-02
      vertex   3.015529e-01 -1.320464e-01 1.179556e-02
    endloop
  endfacet
  facet normal 1.305262e-01 -0.000000e+00 9.914449e-01
    outer loop
      vertex   3.015529e-01 -1.650464e-01 1.179556e-02
      vertex   3.015529e-01 -1.320464e-01 1.179556e-02
      vertex   3.000000e-01 -1.650464e-01 1.200000e-02
    endloop
  endfacet
  facet normal 1.305262e-01 -0.000000e+00 9.914449e-01
    outer loop
      vertex   3.000000e-01 -1.650464e-01 1.200000e-02
      vertex   3.015529e-01 -1.320464e-01 1.179556e-02
      vertex   3.000000e-01 -1.200002e-01 1.200000e-02
    endloop
  endfacet
  facet normal 1.305262e-01 0.000000e+00 9.914449e-01
    outer loop
      vertex   3.000000e-01 -1.200002e-01 1.200000e-02
      vertex   3.015529e-01 -1.320464e-01 1.179556e-02
      vertex   3.015529e-01 -9.904640e-02 1.179556e-02
    endloop
  endfacet
  facet normal 1.305262e-01 0.000000e+00 9.914449e-01
    outer loop
      vertex   3.000000e-01 -1.200002e-01 1.200000e-02
      vertex   3.015529e-01 -9.904640e-02 1.179556e-02
      vertex   3.015529e-01 -6.604639e-02 1.179556e-02
    endloop
  endfacet
  facet normal 3.826833e-01 0.000000e+00 9.238796e-01
    outer loop
      vertex   3.015529e-01 -6.604639e-02 1.179556e-02
      vertex   3.015529e-01 -9.904640e-02 1.179556e-02
      vertex   3.030000e-01 -6.604639e-02 1.119615e-02
    endloop
  endfacet
  facet normal 3.826833e-01 0.000000e+00 9.238796e-01
    outer loop
      vertex   3.015529e-01 -6.604639e-02 1.179556e-02
      vertex   3.030000e-01 -6.604639e-02 1.119615e-02
      vertex   3.030000e-01 -3.304637e-02 1.119615e-02
    endloop
  endfacet
  facet normal 6.087613e-01 0.000000e+00 7.933534e-01
    outer loop
      vertex   3.030000e-01 -3.304637e-02 1.119615e-02
      vertex   3.030000e-01 -6.604639e-02 1.119615e-02
      vertex   3.042426e-01 -3.304637e-02 1.024264e-02
    endloop
  endfacet
  facet normal 6.087613e-01 0.000000e+00 7.933534e-01
    outer loop
      vertex   3.030000e-01 -3.304637e-02 1.119615e-02
      vertex   3.042426e-01 -3.304637e-02 1.024264e-02
      vertex   3.042426e-01 -4.634808e-05 1.024264e-02
    endloop
  endfacet
  facet normal 7.933532e-01 0.000000e+00 6.087616e-01
    outer loop
      vertex   3.042426e-01 -4.634808e-05 1.024264e-02
      vertex   3.042426e-01 -3.304637e-02 1.024264e-02
      vertex   3.051962e-01 -4.634808e-05 9.000001e-03
    endloop
  endfacet
  facet normal 7.933532e-01 0.000000e+00 6.087616e-01
    outer loop
      vertex   3.042426e-01 -4.634808e-05 1.024264e-02
      vertex   3.051962e-01 -4.634808e-05 9.000001e-03
      vertex   3.051962e-01 3.295367e-02 9.000001e-03
    endloop
  endfacet
  facet normal 9.238794e-01 0.000000e+00 3.826837e-01
    outer loop
      vertex   3.051962e-01 3.295367e-02 9.000001e-03
      vertex   3.051962e-01 -4.634808e-05 9.000001e-03
      vertex   3.057956e-01 3.295367e-02 7.552916e-03
    endloop
  endfacet
  facet normal 9.238794e-01 0.000000e+00 3.826837e-01
    outer loop
      vertex   3.051962e-01 3.295367e-02 9.000001e-03
      vertex   3.057956e-01 3.295367e-02 7.552916e-03
      vertex   3.057956e-01 6.595369e-02 7.552916e-03
    endloop
  endfacet
  facet normal 9.914448e-01 0.000000e+00 1.305265e-01
    outer loop
      vertex   3.057956e-01 6.595369e-02 7.552916e-03
      vertex   3.057956e-01 3.295367e-02 7.552916e-03
      vertex   3.060000e-01 6.595369e-02 6.000002e-03
    endloop
  endfacet
  facet normal 9.914448e-01 0.000000e+00 1.305265e-01
    outer loop
      vertex   3.057956e-01 6.595369e-02 7.552916e-03
      vertex   3.060000e-01 6.595369e-02 6.000002e-03
      vertex   3.060000e-01 9.895371e-02 6.000002e-03
    endloop
  endfacet
  facet normal 9.914449e-01 0.000000e+00 -1.305258e-01
    outer loop
      vertex   3.060000e-01 9.895371e-02 6.000002e-03
      vertex   3.060000e-01 6.595369e-02 6.000002e-03
      vertex   3.057956e-01 9.895371e-02 4.447088e-03
    endloop
  endfacet
  facet normal 9.914449e-01 0.000000e+00 -1.305258e-01
    outer loop
      vertex   3.060000e-01 9.895371e-02 6.000002e-03
      vertex   3.057956e-01 9.895371e-02 4.447088e-03
      vertex   3.057956e-01 1.319537e-01 4.447088e-03
    endloop
  endfacet
  facet normal 9.238797e-01 0.000000e+00 -3.826830e-01
    outer loop
      vertex   3.057956e-01 1.319537e-01 4.447088e-03
      vertex   3.057956e-01 9.895371e-02 4.447088e-03
      vertex   3.051962e-01 1.319537e-01 3.000003e-03
    endloop
  endfacet
  facet normal 9.238797e-01 4.096824e-18 -3.826830e-01
    outer loop
      vertex   3.057956e-01 1.319537e-01 4.447088e-03
      vertex   3.051962e-01 1.319537e-01 3.000003e-03
      vertex   3.051962e-01 1.649537e-01 3.000003e-03
    endloop
  endfacet
  facet normal 7.933537e-01 8.000238e-18 -6.087610e-01
    outer loop
      vertex   3.051962e-01 1.649537e-01 3.000003e-03
      vertex   3.051962e-01 1.319537e-01 3.000003e-03
      vertex   3.042426e-01 1.649537e-01 1.757362e-03
    endloop
  endfacet
  facet normal 7.933537e-01 -8.400250e-17 -6.087610e-01
    outer loop
      vertex   3.042426e-01 1.649537e-01 1.757362e-03
      vertex   3.051962e-01 1.319537e-01 3.000003e-03
      vertex   3.042426e-01 1.319537e-01 1.757362e-03
    endloop
  endfacet
  facet normal 6.087619e-01 -1.094742e-16 -7.933530e-01
    outer loop
      vertex   3.042426e-01 1.649537e-01 1.757362e-03
      vertex   3.042426e-01 1.319537e-01 1.757362e-03
      vertex   3.030000e-01 1.649537e-01 8.038494e-04
    endloop
  endfacet
  facet normal 6.087619e-01 -1.329330e-16 -7.933530e-01
    outer loop
      vertex   3.030000e-01 1.649537e-01 8.038494e-04
      vertex   3.042426e-01 1.319537e-01 1.757362e-03
      vertex   3.030000e-01 1.319537e-01 8.038494e-04
    endloop
  endfacet
  facet normal 3.826840e-01 -1.548038e-16 -9.238793e-01
    outer loop
      vertex   3.030000e-01 1.649537e-01 8.038494e-04
      vertex   3.030000e-01 1.319537e-01 8.038494e-04
      vertex   3.015529e-01 1.649537e-01 2.044461e-04
    endloop
  endfacet
  facet normal 3.826840e-01 -6.222504e-17 -9.238793e-01
    outer loop
      vertex   3.015529e-01 1.649537e-01 2.044461e-04
      vertex   3.030000e-01 1.319537e-01 8.038494e-04
      vertex   3.015529e-01 1.319537e-01 2.044461e-04
    endloop
  endfacet
  facet normal 1.305269e-01 -6.677570e-17 -9.914448e-01
    outer loop
      vertex   3.015529e-01 1.649537e-01 2.044461e-04
      vertex   3.015529e-01 1.319537e-01 2.044461e-04
      vertex   3.000000e-01 1.649537e-01 1.332268e-17
    endloop
  endfacet
  facet normal 1.305269e-01 0.000000e+00 -9.914448e-01
    outer loop
      vertex   3.000000e-01 1.649537e-01 1.332268e-17
      vertex   3.015529e-01 1.319537e-01 2.044461e-04
      vertex   3.015529e-01 9.895371e-02 2.044461e-04
    endloop
  endfacet
  facet normal 1.305269e-01 0.000000e+00 -9.914448e-01
    outer loop
      vertex   3.000000e-01 1.649537e-01 1.332268e-17
      vertex   3.015529e-01 9.895371e-02 2.044461e-04
      vertex   3.015529e-01 6.595369e-02 2.044461e-04
    endloop
  endfacet
  facet normal 3.826840e-01 0.000000e+00 -9.238793e-01
    outer loop
      vertex   3.015529e-01 6.595369e-02 2.044461e-04
      vertex   3.015529e-01 9.895371e-02 2.044461e-04
      vertex   3.030000e-01 6.595369e-02 8.038494e-04
    endloop
  endfacet
  facet normal 3.826840e-01 0.000000e+00 -9.238793e-01
    outer loop
      vertex   3.015529e-01 6.595369e-02 2.044461e-04
      vertex   3.030000e-01 6.595369e-02 8.038494e-04
      vertex   3.030000e-01 3.295367e-02 8.038494e-04
    endloop
  endfacet
  facet normal 6.087619e-01 0.000000e+00 -7.933530e-01
    outer loop
      vertex   3.030000e-01 3.295367e-02 8.038494e-04
      vertex   3.030000e-01 6.595369e-02 8.038494e-04
      vertex   3.042426e-01 3.295367e-02 1.757362e-03
    endloop
  endfacet
  facet normal 6.087619e-01 0.000000e+00 -7.933530e-01
    outer loop
      vertex   3.030000e-01 3.295367e-02 8.038494e-04
      vertex   3.042426e-01 3.295367e-02 1.757362e-03
      vertex   3.042426e-01 -4.634808e-05 1.757362e-03
    endloop
  endfacet
  facet normal 7.933537e-01 0.000000e+00 -6.087610e-01
    outer loop
      vertex   3.042426e-01 -4.634808e-05 1.757362e-03
      vertex   3.042426e-01 3.295367e-02 1.757362e-03
      vertex   3.051962e-01 -4.634808e-05 3.000003e-03
    endloop
  endfacet
  facet normal 7.933537e-01 -8.193648e-18 -6.087610e-01
    outer loop
      vertex   3.042426e-01 -4.634808e-05 1.757362e-03
      vertex   3.051962e-01 -4.634808e-05 3.000003e-03
      vertex   3.051962e-01 -3.304637e-02 3.000003e-03
    endloop
  endfacet
  facet normal 9.238797e-01 -5.029158e-18 -3.826830e-01
    outer loop
      vertex   3.051962e-01 -3.304637e-02 3.000003e-03
      vertex   3.051962e-01 -4.634808e-05 3.000003e-03
      vertex   3.057956e-01 -3.304637e-02 4.447088e-03
    endloop
  endfacet
  facet normal 9.238797e-01 0.000000e+00 -3.826830e-01
    outer loop
      vertex   3.051962e-01 -3.304637e-02 3.000003e-03
      vertex   3.057956e-01 -3.304637e-02 4.447088e-03
      vertex   3.057956e-01 -6.604639e-02 4.447088e-03
    endloop
  endfacet
  facet normal 9.914449e-01 0.000000e+00 -1.305258e-01
    outer loop
      vertex   3.057956e-01 -6.604639e-02 4.447088e-03
      vertex   3.057956e-01 -3.304637e-02 4.447088e-03
      vertex   3.060000e-01 -6.604639e-02 6.000002e-03
    endloop
  endfacet
  facet normal 9.914449e-01 0.000000e+00 -1.305258e-01
    outer loop
      vertex   3.057956e-01 -6.604639e-02 4.447088e-03
      vertex   3.060000e-01 -6.604639e-02 6.000002e-03
      vertex   3.060000e-01 -9.904640e-02 6.000002e-03
    endloop
  endfacet
  facet normal 9.914448e-01 -0.000000e+00 1.305265e-01
    outer loop
      vertex   3.060000e-01 -9.904640e-02 6.000002e-03
      vertex   3.060000e-01 -6.604639e-02 6.000002e-03
      vertex   3.057956e-01 -9.904640e-02 7.552916e-03
    endloop
  endfacet
  facet normal 9.914448e-01 0.000000e+00 1.305265e-01
    outer loop
      vertex   3.060000e-01 -9.904640e-02 6.000002e-03
      vertex   3.057956e-01 -9.904640e-02 7.552916e-03
      vertex   3.057956e-01 -1.320464e-01 7.552916e-03
    endloop
  endfacet
  facet normal 9.238794e-01 -0.000000e+00 3.826837e-01
    outer loop
      vertex   3.057956e-01 -1.320464e-01 7.552916e-03
      vertex   3.057956e-01 -9.904640e-02 7.552916e-03
      vertex   3.051962e-01 -1.320464e-01 9.000001e-03
    endloop
  endfacet
  facet normal 9.238797e-01 -3.072618e-17 -3.826830e-01
    outer loop
      vertex   3.051962e-01 1.649537e-01 3.000003e-03
      vertex   3.057956e-01 1.649537e-01 4.447088e-03
      vertex   3.057956e-01 1.319537e-01 4.447088e-03
    endloop
  endfacet
  facet normal 9.914449e-01 -1.029209e-17 -1.305258e-01
    outer loop
      vertex   3.057956e-01 1.319537e-01 4.447088e-03
      vertex   3.057956e-01 1.649537e-01 4.447088e-03
      vertex   3.060000e-01 1.319537e-01 6.000002e-03
    endloop
  endfacet
  facet normal 9.914449e-01 0.000000e+00 -1.305258e-01
    outer loop
      vertex   3.057956e-01 1.319537e-01 4.447088e-03
      vertex   3.060000e-01 1.319537e-01 6.000002e-03
      vertex   3.060000e-01 9.895371e-02 6.000002e-03
    endloop
  endfacet
  facet normal 9.914448e-01 -0.000000e+00 1.305265e-01
    outer loop
      vertex   3.060000e-01 9.895371e-02 6.000002e-03
      vertex   3.060000e-01 1.319537e-01 6.000002e-03
      vertex   3.057956e-01 9.895371e-02 7.552916e-03
    endloop
  endfacet
  facet normal 9.914448e-01 0.000000e+00 1.305265e-01
    outer loop
      vertex   3.060000e-01 9.895371e-02 6.000002e-03
      vertex   3.057956e-01 9.895371e-02 7.552916e-03
      vertex   3.057956e-01 6.595369e-02 7.552916e-03
    endloop
  endfacet
  facet normal 9.238794e-01 -0.000000e+00 3.826837e-01
    outer loop
      vertex   3.057956e-01 6.595369e-02 7.552916e-03
      vertex   3.057956e-01 9.895371e-02 7.552916e-03
      vertex   3.051962e-01 6.595369e-02 9.000001e-03
    endloop
  endfacet
  facet normal 9.238794e-01 -2.048412e-17 3.826837e-01
    outer loop
      vertex   3.057956e-01 6.595369e-02 7.552916e-03
      vertex   3.051962e-01 6.595369e-02 9.000001e-03
      vertex   3.051962e-01 3.295367e-02 9.000001e-03
    endloop
  endfacet
  facet normal 7.933532e-01 -3.200098e-17 6.087616e-01
    outer loop
      vertex   3.051962e-01 3.295367e-02 9.000001e-03
      vertex   3.051962e-01 6.595369e-02 9.000001e-03
      vertex   3.042426e-01 3.295367e-02 1.024264e-02
    endloop
  endfacet
  facet normal 7.933532e-01 -1.335565e-15 6.087616e-01
    outer loop
      vertex   3.051962e-01 3.295367e-02 9.000001e-03
      vertex   3.042426e-01 3.295367e-02 1.024264e-02
      vertex   3.042426e-01 -4.634808e-05 1.024264e-02
    endloop
  endfacet
  facet normal 6.087613e-01 -1.024031e-15 7.933534e-01
    outer loop
      vertex   3.042426e-01 -4.634808e-05 1.024264e-02
      vertex   3.042426e-01 3.295367e-02 1.024264e-02
      vertex   3.030000e-01 -4.634808e-05 1.119615e-02
    endloop
  endfacet
  facet normal 6.087613e-01 -4.096824e-17 7.933534e-01
    outer loop
      vertex   3.042426e-01 -4.634808e-05 1.024264e-02
      vertex   3.030000e-01 -4.634808e-05 1.119615e-02
      vertex   3.030000e-01 -3.304637e-02 1.119615e-02
    endloop
  endfacet
  facet normal 3.826833e-01 -4.856590e-17 9.238796e-01
    outer loop
      vertex   3.030000e-01 -3.304637e-02 1.119615e-02
      vertex   3.030000e-01 -4.634808e-05 1.119615e-02
      vertex   3.015529e-01 -3.304637e-02 1.179556e-02
    endloop
  endfacet
  facet normal 3.826833e-01 0.000000e+00 9.238796e-01
    outer loop
      vertex   3.030000e-01 -3.304637e-02 1.119615e-02
      vertex   3.015529e-01 -3.304637e-02 1.179556e-02
      vertex   3.015529e-01 -6.604639e-02 1.179556e-02
    endloop
  endfacet
  facet normal 1.305262e-01 -0.000000e+00 9.914449e-01
    outer loop
      vertex   3.015529e-01 -6.604639e-02 1.179556e-02
      vertex   3.015529e-01 -3.304637e-02 1.179556e-02
      vertex   3.000000e-01 -1.200002e-01 1.200000e-02
    endloop
  endfacet
  facet normal 9.914449e-01 0.000000e+00 -1.305258e-01
    outer loop
      vertex   3.057956e-01 1.649537e-01 4.447088e-03
      vertex   3.060000e-01 1.649537e-01 6.000002e-03
      vertex   3.060000e-01 1.319537e-01 6.000002e-03
    endloop
  endfacet
  facet normal 9.914448e-01 -0.000000e+00 1.305265e-01
    outer loop
      vertex   3.060000e-01 1.319537e-01 6.000002e-03
      vertex   3.060000e-01 1.649537e-01 6.000002e-03
      vertex   3.057956e-01 1.319537e-01 7.552916e-03
    endloop
  endfacet
  facet normal 9.914448e-01 -3.072618e-18 1.305265e-01
    outer loop
      vertex   3.060000e-01 1.319537e-01 6.000002e-03
      vertex   3.057956e-01 1.319537e-01 7.552916e-03
      vertex   3.057956e-01 9.895371e-02 7.552916e-03
    endloop
  endfacet
  facet normal 9.238794e-01 -1.005833e-17 3.826837e-01
    outer loop
      vertex   3.057956e-01 9.895371e-02 7.552916e-03
      vertex   3.057956e-01 1.319537e-01 7.552916e-03
      vertex   3.051962e-01 9.895371e-02 9.000001e-03
    endloop
  endfacet
  facet normal 9.238794e-01 0.000000e+00 3.826837e-01
    outer loop
      vertex   3.057956e-01 9.895371e-02 7.552916e-03
      vertex   3.051962e-01 9.895371e-02 9.000001e-03
      vertex   3.051962e-01 6.595369e-02 9.000001e-03
    endloop
  endfacet
  facet normal 7.933532e-01 -0.000000e+00 6.087616e-01
    outer loop
      vertex   3.051962e-01 6.595369e-02 9.000001e-03
      vertex   3.051962e-01 9.895371e-02 9.000001e-03
      vertex   3.042426e-01 6.595369e-02 1.024264e-02
    endloop
  endfacet
  facet normal 7.933532e-01 0.000000e+00 6.087616e-01
    outer loop
      vertex   3.051962e-01 6.595369e-02 9.000001e-03
      vertex   3.042426e-01 6.595369e-02 1.024264e-02
      vertex   3.042426e-01 3.295367e-02 1.024264e-02
    endloop
  endfacet
  facet normal 6.087613e-01 -0.000000e+00 7.933534e-01
    outer loop
      vertex   3.042426e-01 3.295367e-02 1.024264e-02
      vertex   3.042426e-01 6.595369e-02 1.024264e-02
      vertex   3.030000e-01 3.295367e-02 1.119615e-02
    endloop
  endfacet
  facet normal 6.087613e-01 -1.024206e-15 7.933534e-01
    outer loop
      vertex   3.042426e-01 3.295367e-02 1.024264e-02
      vertex   3.030000e-01 3.295367e-02 1.119615e-02
      vertex   3.030000e-01 -4.634808e-05 1.119615e-02
    endloop
  endfacet
  facet normal 3.826833e-01 -6.437328e-16 9.238796e-01
    outer loop
      vertex   3.030000e-01 -4.634808e-05 1.119615e-02
      vertex   3.030000e-01 3.295367e-02 1.119615e-02
      vertex   3.015529e-01 -4.634808e-05 1.179556e-02
    endloop
  endfacet
  facet normal 3.826833e-01 0.000000e+00 9.238796e-01
    outer loop
      vertex   3.030000e-01 -4.634808e-05 1.119615e-02
      vertex   3.015529e-01 -4.634808e-05 1.179556e-02
      vertex   3.015529e-01 -3.304637e-02 1.179556e-02
    endloop
  endfacet
  facet normal 1.305262e-01 -0.000000e+00 9.914449e-01
    outer loop
      vertex   3.015529e-01 -3.304637e-02 1.179556e-02
      vertex   3.015529e-01 -4.634808e-05 1.179556e-02
      vertex   3.000000e-01 -1.200002e-01 1.200000e-02
    endloop
  endfacet
  facet normal 9.914448e-01 3.072618e-18 1.305265e-01
    outer loop
      vertex   3.060000e-01 1.649537e-01 6.000002e-03
      vertex   3.057956e-01 1.649537e-01 7.552916e-03
      vertex   3.057956e-01 1.319537e-01 7.552916e-03
    endloop
  endfacet
  facet normal 9.238794e-01 1.005833e-17 3.826837e-01
    outer loop
      vertex   3.057956e-01 1.319537e-01 7.552916e-03
      vertex   3.057956e-01 1.649537e-01 7.552916e-03
      vertex   3.051962e-01 1.319537e-01 9.000001e-03
    endloop
  endfacet
  facet normal 9.238794e-01 0.000000e+00 3.826837e-01
    outer loop
      vertex   3.057956e-01 1.319537e-01 7.552916e-03
      vertex   3.051962e-01 1.319537e-01 9.000001e-03
      vertex   3.051962e-01 9.895371e-02 9.000001e-03
    endloop
  endfacet
  facet normal 7.933532e-01 -0.000000e+00 6.087616e-01
    outer loop
      vertex   3.051962e-01 9.895371e-02 9.000001e-03
      vertex   3.051962e-01 1.319537e-01 9.000001e-03
      vertex   3.042426e-01 9.895371e-02 1.024264e-02
    endloop
  endfacet
  facet normal 7.933532e-01 0.000000e+00 6.087616e-01
    outer loop
      vertex   3.051962e-01 9.895371e-02 9.000001e-03
      vertex   3.042426e-01 9.895371e-02 1.024264e-02
      vertex   3.042426e-01 6.595369e-02 1.024264e-02
    endloop
  endfacet
  facet normal 6.087613e-01 -0.000000e+00 7.933534e-01
    outer loop
      vertex   3.042426e-01 6.595369e-02 1.024264e-02
      vertex   3.042426e-01 9.895371e-02 1.024264e-02
      vertex   3.030000e-01 6.595369e-02 1.119615e-02
    endloop
  endfacet
  facet normal 6.087613e-01 0.000000e+00 7.933534e-01
    outer loop
      vertex   3.042426e-01 6.595369e-02 1.024264e-02
      vertex   3.030000e-01 6.595369e-02 1.119615e-02
      vertex   3.030000e-01 3.295367e-02 1.119615e-02
    endloop
  endfacet
  facet normal 3.826833e-01 -0.000000e+00 9.238796e-01
    outer loop
      vertex   3.030000e-01 3.295367e-02 1.119615e-02
      vertex   3.030000e-01 6.595369e-02 1.119615e-02
      vertex   3.015529e-01 3.295367e-02 1.179556e-02
    endloop
  endfacet
  facet normal 3.826833e-01 0.000000e+00 9.238796e-01
    outer loop
      vertex   3.030000e-01 3.295367e-02 1.119615e-02
      vertex   3.015529e-01 3.295367e-02 1.179556e-02
      vertex   3.015529e-01 -4.634808e-05 1.179556e-02
    endloop
  endfacet
  facet normal 1.305262e-01 -0.000000e+00 9.914449e-01
    outer loop
      vertex   3.015529e-01 -4.634808e-05 1.179556e-02
      vertex   3.015529e-01 3.295367e-02 1.179556e-02
      vertex   3.000000e-01 -1.200002e-01 1.200000e-02
    endloop
  endfacet
  facet normal 9.238794e-01 -1.003722e-16 3.826837e-01
    outer loop
      vertex   3.057956e-01 1.649537e-01 7.552916e-03
      vertex   3.051962e-01 1.649537e-01 9.000001e-03
      vertex   3.051962e-01 1.319537e-01 9.000001e-03
    endloop
  endfacet
  facet normal 7.933532e-01 -1.600049e-16 6.087616e-01
    outer loop
      vertex   3.051962e-01 1.319537e-01 9.000001e-03
      vertex   3.051962e-01 1.649537e-01 9.000001e-03
      vertex   3.042426e-01 1.319537e-01 1.024264e-02
    endloop
  endfacet
  facet normal 7.933532e-01 0.000000e+00 6.087616e-01
    outer loop
      vertex   3.051962e-01 1.319537e-01 9.000001e-03
      vertex   3.042426e-01 1.319537e-01 1.024264e-02
      vertex   3.042426e-01 9.895371e-02 1.024264e-02
    endloop
  endfacet
  facet normal 6.087613e-01 -0.000000e+00 7.933534e-01
    outer loop
      vertex   3.042426e-01 9.895371e-02 1.024264e-02
      vertex   3.042426e-01 1.319537e-01 1.024264e-02
      vertex   3.030000e-01 9.895371e-02 1.119615e-02
    endloop
  endfacet
  facet normal 6.087613e-01 0.000000e+00 7.933534e-01
    outer loop
      vertex   3.042426e-01 9.895371e-02 1.024264e-02
      vertex   3.030000e-01 9.895371e-02 1.119615e-02
      vertex   3.030000e-01 6.595369e-02 1.119615e-02
    endloop
  endfacet
  facet normal 3.826833e-01 -0.000000e+00 9.238796e-01
    outer loop
      vertex   3.030000e-01 6.595369e-02 1.119615e-02
      vertex   3.030000e-01 9.895371e-02 1.119615e-02
      vertex   3.015529e-01 6.595369e-02 1.179556e-02
    endloop
  endfacet
  facet normal 3.826833e-01 0.000000e+00 9.238796e-01
    outer loop
      vertex   3.030000e-01 6.595369e-02 1.119615e-02
      vertex   3.015529e-01 6.595369e-02 1.179556e-02
      vertex   3.015529e-01 3.295367e-02 1.179556e-02
    endloop
  endfacet
  facet normal 1.305262e-01 -0.000000e+00 9.914449e-01
    outer loop
      vertex   3.015529e-01 3.295367e-02 1.179556e-02
      vertex   3.015529e-01 6.595369e-02 1.179556e-02
      vertex   3.000000e-01 1.649537e-01 1.200000e-02
    endloop
  endfacet
  facet normal 1.305262e-01 0.000000e+00 9.914449e-01
    outer loop
      vertex   3.015529e-01 3.295367e-02 1.179556e-02
      vertex   3.000000e-01 1.649537e-01 1.200000e-02
      vertex   3.000000e-01 -1.200002e-01 1.200000e-02
    endloop
  endfacet
  facet normal 7.933532e-01 -1.310984e-16 6.087616e-01
    outer loop
      vertex   3.051962e-01 1.649537e-01 9.000001e-03
      vertex   3.042426e-01 1.649537e-01 1.024264e-02
      vertex   3.042426e-01 1.319537e-01 1.024264e-02
    endloop
  endfacet
  facet normal 6.087613e-01 -1.668179e-16 7.933534e-01
    outer loop
      vertex   3.042426e-01 1.319537e-01 1.024264e-02
      vertex   3.042426e-01 1.649537e-01 1.024264e-02
      vertex   3.030000e-01 1.319537e-01 1.119615e-02
    endloop
  endfacet
  facet normal 6.087613e-01 0.000000e+00 7.933534e-01
    outer loop
      vertex   3.042426e-01 1.319537e-01 1.024264e-02
      vertex   3.030000e-01 1.319537e-01 1.119615e-02
      vertex   3.030000e-01 9.895371e-02 1.119615e-02
    endloop
  endfacet
  facet normal 3.826833e-01 -0.000000e+00 9.238796e-01
    outer loop
      vertex   3.030000e-01 9.895371e-02 1.119615e-02
      vertex   3.030000e-01 1.319537e-01 1.119615e-02
      vertex   3.015529e-01 9.895371e-02 1.179556e-02
    endloop
  endfacet
  facet normal 3.826833e-01 0.000000e+00 9.238796e-01
    outer loop
      vertex   3.030000e-01 9.895371e-02 1.119615e-02
      vertex   3.015529e-01 9.895371e-02 1.179556e-02
      vertex   3.015529e-01 6.595369e-02 1.179556e-02
    endloop
  endfacet
  facet normal 1.305262e-01 -0.000000e+00 9.914449e-01
    outer loop
      vertex   3.015529e-01 6.595369e-02 1.179556e-02
      vertex   3.015529e-01 9.895371e-02 1.179556e-02
      vertex   3.000000e-01 1.649537e-01 1.200000e-02
    endloop
  endfacet
  facet normal 6.087613e-01 -1.679698e-16 7.933534e-01
    outer loop
      vertex   3.042426e-01 1.649537e-01 1.024264e-02
      vertex   3.030000e-01 1.649537e-01 1.119615e-02
      vertex   3.030000e-01 1.319537e-01 1.119615e-02
    endloop
  endfacet
  facet normal 3.826833e-01 -1.942636e-16 9.238796e-01
    outer loop
      vertex   3.030000e-01 1.319537e-01 1.119615e-02
      vertex   3.030000e-01 1.649537e-01 1.119615e-02
      vertex   3.015529e-01 1.319537e-01 1.179556e-02
    endloop
  endfacet
  facet normal 3.826833e-01 0.000000e+00 9.238796e-01
    outer loop
      vertex   3.030000e-01 1.319537e-01 1.119615e-02
      vertex   3.015529e-01 1.319537e-01 1.179556e-02
      vertex   3.015529e-01 9.895371e-02 1.179556e-02
    endloop
  endfacet
  facet normal 1.305262e-01 -0.000000e+00 9.914449e-01
    outer loop
      vertex   3.015529e-01 9.895371e-02 1.179556e-02
      vertex   3.015529e-01 1.319537e-01 1.179556e-02
      vertex   3.000000e-01 1.649537e-01 1.200000e-02
    endloop
  endfacet
  facet normal 3.826833e-01 0.000000e+00 9.238796e-01
    outer loop
      vertex   3.030000e-01 1.649537e-01 1.119615e-02
      vertex   3.015529e-01 1.649537e-01 1.179556e-02
      vertex   3.015529e-01 1.319537e-01 1.179556e-02
    endloop
  endfacet
  facet normal 1.305262e-01 -0.000000e+00 9.914449e-01
    outer loop
      vertex   3.015529e-01 1.319537e-01 1.179556e-02
      vertex   3.015529e-01 1.649537e-01 1.179556e-02
      vertex   3.000000e-01 1.649537e-01 1.200000e-02
    endloop
  endfacet
  facet normal 7.933537e-01 1.229047e-16 -6.087610e-01
    outer loop
      vertex   3.051962e-01 -1.650464e-01 3.000003e-03
      vertex   3.042426e-01 -1.650464e-01 1.757362e-03
      vertex   3.042426e-01 -1.320464e-01 1.757362e-03
    endloop
  endfacet
  facet normal 6.087619e-01 1.616048e-16 -7.933530e-01
    outer loop
      vertex   3.042426e-01 -1.320464e-01 1.757362e-03
      vertex   3.042426e-01 -1.650464e-01 1.757362e-03
      vertex   3.030000e-01 -1.320464e-01 8.038494e-04
    endloop
  endfacet
  facet normal 6.087619e-01 0.000000e+00 -7.933530e-01
    outer loop
      vertex   3.042426e-01 -1.320464e-01 1.757362e-03
      vertex   3.030000e-01 -1.320464e-01 8.038494e-04
      vertex   3.030000e-01 -9.904640e-02 8.038494e-04
    endloop
  endfacet
  facet normal 3.826840e-01 0.000000e+00 -9.238793e-01
    outer loop
      vertex   3.030000e-01 -9.904640e-02 8.038494e-04
      vertex   3.030000e-01 -1.320464e-01 8.038494e-04
      vertex   3.015529e-01 -9.904640e-02 2.044461e-04
    endloop
  endfacet
  facet normal 3.826840e-01 0.000000e+00 -9.238793e-01
    outer loop
      vertex   3.030000e-01 -9.904640e-02 8.038494e-04
      vertex   3.015529e-01 -9.904640e-02 2.044461e-04
      vertex   3.015529e-01 -6.604639e-02 2.044461e-04
    endloop
  endfacet
  facet normal 1.305269e-01 0.000000e+00 -9.914448e-01
    outer loop
      vertex   3.015529e-01 -6.604639e-02 2.044461e-04
      vertex   3.015529e-01 -9.904640e-02 2.044461e-04
      vertex   3.000000e-01 -1.650464e-01 1.332268e-17
    endloop
  endfacet
  facet normal 6.087619e-01 1.638730e-16 -7.933530e-01
    outer loop
      vertex   3.042426e-01 -1.650464e-01 1.757362e-03
      vertex   3.030000e-01 -1.650464e-01 8.038494e-04
      vertex   3.030000e-01 -1.320464e-01 8.038494e-04
    endloop
  endfacet
  facet normal 3.826840e-01 1.881928e-16 -9.238793e-01
    outer loop
      vertex   3.030000e-01 -1.320464e-01 8.038494e-04
      vertex   3.030000e-01 -1.650464e-01 8.038494e-04
      vertex   3.015529e-01 -1.320464e-01 2.044461e-04
    endloop
  endfacet
  facet normal 3.826840e-01 0.000000e+00 -9.238793e-01
    outer loop
      vertex   3.030000e-01 -1.320464e-01 8.038494e-04
      vertex   3.015529e-01 -1.320464e-01 2.044461e-04
      vertex   3.015529e-01 -9.904640e-02 2.044461e-04
    endloop
  endfacet
  facet normal 1.305269e-01 0.000000e+00 -9.914448e-01
    outer loop
      vertex   3.015529e-01 -9.904640e-02 2.044461e-04
      vertex   3.015529e-01 -1.320464e-01 2.044461e-04
      vertex   3.000000e-01 -1.650464e-01 1.332268e-17
    endloop
  endfacet
  facet normal 3.826840e-01 1.208563e-16 -9.238793e-01
    outer loop
      vertex   3.030000e-01 -1.650464e-01 8.038494e-04
      vertex   3.015529e-01 -1.650464e-01 2.044461e-04
      vertex   3.015529e-01 -1.320464e-01 2.044461e-04
    endloop
  endfacet
  facet normal 1.305269e-01 1.335514e-16 -9.914448e-01
    outer loop
      vertex   3.015529e-01 -1.320464e-01 2.044461e-04
      vertex   3.015529e-01 -1.650464e-01 2.044461e-04
      vertex   3.000000e-01 -1.650464e-01 1.332268e-17
    endloop
  endfacet
  facet normal 3.826840e-01 0.000000e+00 -9.238793e-01
    outer loop
      vertex   3.015529e-01 9.895371e-02 2.044461e-04
      vertex   3.015529e-01 1.319537e-01 2.044461e-04
      vertex   3.030000e-01 9.895371e-02 8.038494e-04
    endloop
  endfacet
  facet normal 3.826840e-01 0.000000e+00 -9.238793e-01
    outer loop
      vertex   3.030000e-01 9.895371e-02 8.038494e-04
      vertex   3.015529e-01 1.319537e-01 2.044461e-04
      vertex   3.030000e-01 1.319537e-01 8.038494e-04
    endloop
  endfacet
  facet normal 6.087619e-01 0.000000e+00 -7.933530e-01
    outer loop
      vertex   3.030000e-01 9.895371e-02 8.038494e-04
      vertex   3.030000e-01 1.319537e-01 8.038494e-04
      vertex   3.042426e-01 9.895371e-02 1.757362e-03
    endloop
  endfacet
  facet normal 6.087619e-01 0.000000e+00 -7.933530e-01
    outer loop
      vertex   3.042426e-01 9.895371e-02 1.757362e-03
      vertex   3.030000e-01 1.319537e-01 8.038494e-04
      vertex   3.042426e-01 1.319537e-01 1.757362e-03
    endloop
  endfacet
  facet normal 7.933537e-01 0.000000e+00 -6.087610e-01
    outer loop
      vertex   3.042426e-01 9.895371e-02 1.757362e-03
      vertex   3.042426e-01 1.319537e-01 1.757362e-03
      vertex   3.051962e-01 9.895371e-02 3.000003e-03
    endloop
  endfacet
  facet normal 7.933537e-01 0.000000e+00 -6.087610e-01
    outer loop
      vertex   3.051962e-01 9.895371e-02 3.000003e-03
      vertex   3.042426e-01 1.319537e-01 1.757362e-03
      vertex   3.051962e-01 1.319537e-01 3.000003e-03
    endloop
  endfacet
  facet normal 9.238797e-01 0.000000e+00 -3.826830e-01
    outer loop
      vertex   3.051962e-01 9.895371e-02 3.000003e-03
      vertex   3.051962e-01 1.319537e-01 3.000003e-03
      vertex   3.057956e-01 9.895371e-02 4.447088e-03
    endloop
  endfacet
  facet normal 1.305269e-01 -2.195665e-16 -9.914448e-01
    outer loop
      vertex   3.015529e-01 -4.634808e-05 2.044461e-04
      vertex   3.000000e-01 1.649537e-01 1.332268e-17
      vertex   3.015529e-01 3.295367e-02 2.044461e-04
    endloop
  endfacet
  facet normal 1.305269e-01 0.000000e+00 -9.914448e-01
    outer loop
      vertex   3.015529e-01 3.295367e-02 2.044461e-04
      vertex   3.000000e-01 1.649537e-01 1.332268e-17
      vertex   3.015529e-01 6.595369e-02 2.044461e-04
    endloop
  endfacet
  facet normal 3.826840e-01 0.000000e+00 -9.238793e-01
    outer loop
      vertex   3.015529e-01 3.295367e-02 2.044461e-04
      vertex   3.015529e-01 6.595369e-02 2.044461e-04
      vertex   3.030000e-01 3.295367e-02 8.038494e-04
    endloop
  endfacet
  facet normal 3.826840e-01 -6.437339e-16 -9.238793e-01
    outer loop
      vertex   3.015529e-01 -4.634808e-05 2.044461e-04
      vertex   3.015529e-01 3.295367e-02 2.044461e-04
      vertex   3.030000e-01 -4.634808e-05 8.038494e-04
    endloop
  endfacet
  facet normal 3.826840e-01 -6.437339e-16 -9.238793e-01
    outer loop
      vertex   3.030000e-01 -4.634808e-05 8.038494e-04
      vertex   3.015529e-01 3.295367e-02 2.044461e-04
      vertex   3.030000e-01 3.295367e-02 8.038494e-04
    endloop
  endfacet
  facet normal 6.087619e-01 -1.024032e-15 -7.933530e-01
    outer loop
      vertex   3.030000e-01 -4.634808e-05 8.038494e-04
      vertex   3.030000e-01 3.295367e-02 8.038494e-04
      vertex   3.042426e-01 -4.634808e-05 1.757362e-03
    endloop
  endfacet
  facet normal 3.826840e-01 -3.111252e-17 -9.238793e-01
    outer loop
      vertex   3.015529e-01 -3.304637e-02 2.044461e-04
      vertex   3.015529e-01 -4.634808e-05 2.044461e-04
      vertex   3.030000e-01 -3.304637e-02 8.038494e-04
    endloop
  endfacet
  facet normal 3.826840e-01 -3.338905e-17 -9.238793e-01
    outer loop
      vertex   3.030000e-01 -3.304637e-02 8.038494e-04
      vertex   3.015529e-01 -4.634808e-05 2.044461e-04
      vertex   3.030000e-01 -4.634808e-05 8.038494e-04
    endloop
  endfacet
  facet normal 6.087619e-01 -2.867182e-17 -7.933530e-01
    outer loop
      vertex   3.030000e-01 -3.304637e-02 8.038494e-04
      vertex   3.030000e-01 -4.634808e-05 8.038494e-04
      vertex   3.042426e-01 -3.304637e-02 1.757362e-03
    endloop
  endfacet
  facet normal 6.087619e-01 -2.606529e-17 -7.933530e-01
    outer loop
      vertex   3.042426e-01 -3.304637e-02 1.757362e-03
      vertex   3.030000e-01 -4.634808e-05 8.038494e-04
      vertex   3.042426e-01 -4.634808e-05 1.757362e-03
    endloop
  endfacet
  facet normal 7.933537e-01 -2.000060e-17 -6.087610e-01
    outer loop
      vertex   3.042426e-01 -3.304637e-02 1.757362e-03
      vertex   3.042426e-01 -4.634808e-05 1.757362e-03
      vertex   3.051962e-01 -3.304637e-02 3.000003e-03
    endloop
  endfacet
  facet normal 3.826840e-01 0.000000e+00 -9.238793e-01
    outer loop
      vertex   3.015529e-01 9.895371e-02 2.044461e-04
      vertex   3.030000e-01 9.895371e-02 8.038494e-04
      vertex   3.030000e-01 6.595369e-02 8.038494e-04
    endloop
  endfacet
  facet normal 6.087619e-01 0.000000e+00 -7.933530e-01
    outer loop
      vertex   3.030000e-01 6.595369e-02 8.038494e-04
      vertex   3.030000e-01 9.895371e-02 8.038494e-04
      vertex   3.042426e-01 6.595369e-02 1.757362e-03
    endloop
  endfacet
  facet normal 6.087619e-01 0.000000e+00 -7.933530e-01
    outer loop
      vertex   3.030000e-01 6.595369e-02 8.038494e-04
      vertex   3.042426e-01 6.595369e-02 1.757362e-03
      vertex   3.042426e-01 3.295367e-02 1.757362e-03
    endloop
  endfacet
  facet normal 7.933537e-01 0.000000e+00 -6.087610e-01
    outer loop
      vertex   3.042426e-01 3.295367e-02 1.757362e-03
      vertex   3.042426e-01 6.595369e-02 1.757362e-03
      vertex   3.051962e-01 3.295367e-02 3.000003e-03
    endloop
  endfacet
  facet normal 7.933537e-01 0.000000e+00 -6.087610e-01
    outer loop
      vertex   3.042426e-01 3.295367e-02 1.757362e-03
      vertex   3.051962e-01 3.295367e-02 3.000003e-03
      vertex   3.051962e-01 -4.634808e-05 3.000003e-03
    endloop
  endfacet
  facet normal 9.238797e-01 0.000000e+00 -3.826830e-01
    outer loop
      vertex   3.051962e-01 -4.634808e-05 3.000003e-03
      vertex   3.051962e-01 3.295367e-02 3.000003e-03
      vertex   3.057956e-01 -4.634808e-05 4.447088e-03
    endloop
  endfacet
  facet normal 9.238797e-01 0.000000e+00 -3.826830e-01
    outer loop
      vertex   3.051962e-01 -4.634808e-05 3.000003e-03
      vertex   3.057956e-01 -4.634808e-05 4.447088e-03
      vertex   3.057956e-01 -3.304637e-02 4.447088e-03
    endloop
  endfacet
  facet normal 9.914449e-01 0.000000e+00 -1.305258e-01
    outer loop
      vertex   3.057956e-01 -3.304637e-02 4.447088e-03
      vertex   3.057956e-01 -4.634808e-05 4.447088e-03
      vertex   3.060000e-01 -3.304637e-02 6.000002e-03
    endloop
  endfacet
  facet normal 9.914449e-01 0.000000e+00 -1.305258e-01
    outer loop
      vertex   3.057956e-01 -3.304637e-02 4.447088e-03
      vertex   3.060000e-01 -3.304637e-02 6.000002e-03
      vertex   3.060000e-01 -6.604639e-02 6.000002e-03
    endloop
  endfacet
  facet normal 9.914448e-01 -0.000000e+00 1.305265e-01
    outer loop
      vertex   3.060000e-01 -6.604639e-02 6.000002e-03
      vertex   3.060000e-01 -3.304637e-02 6.000002e-03
      vertex   3.057956e-01 -6.604639e-02 7.552916e-03
    endloop
  endfacet
  facet normal 9.914448e-01 0.000000e+00 1.305265e-01
    outer loop
      vertex   3.060000e-01 -6.604639e-02 6.000002e-03
      vertex   3.057956e-01 -6.604639e-02 7.552916e-03
      vertex   3.057956e-01 -9.904640e-02 7.552916e-03
    endloop
  endfacet
  facet normal 9.238794e-01 -0.000000e+00 3.826837e-01
    outer loop
      vertex   3.057956e-01 -9.904640e-02 7.552916e-03
      vertex   3.057956e-01 -6.604639e-02 7.552916e-03
      vertex   3.051962e-01 -9.904640e-02 9.000001e-03
    endloop
  endfacet
  facet normal 9.238794e-01 0.000000e+00 3.826837e-01
    outer loop
      vertex   3.057956e-01 -9.904640e-02 7.552916e-03
      vertex   3.051962e-01 -9.904640e-02 9.000001e-03
      vertex   3.051962e-01 -1.320464e-01 9.000001e-03
    endloop
  endfacet
  facet normal 7.933532e-01 -0.000000e+00 6.087616e-01
    outer loop
      vertex   3.051962e-01 -1.320464e-01 9.000001e-03
      vertex   3.051962e-01 -9.904640e-02 9.000001e-03
      vertex   3.042426e-01 -1.320464e-01 1.024264e-02
    endloop
  endfacet
  facet normal 6.087619e-01 -1.042612e-17 -7.933530e-01
    outer loop
      vertex   3.042426e-01 6.595369e-02 1.757362e-03
      vertex   3.030000e-01 9.895371e-02 8.038494e-04
      vertex   3.042426e-01 9.895371e-02 1.757362e-03
    endloop
  endfacet
  facet normal 3.826840e-01 0.000000e+00 -9.238793e-01
    outer loop
      vertex   3.015529e-01 -3.304637e-02 2.044461e-04
      vertex   3.030000e-01 -3.304637e-02 8.038494e-04
      vertex   3.030000e-01 -6.604639e-02 8.038494e-04
    endloop
  endfacet
  facet normal 6.087619e-01 0.000000e+00 -7.933530e-01
    outer loop
      vertex   3.030000e-01 -6.604639e-02 8.038494e-04
      vertex   3.030000e-01 -3.304637e-02 8.038494e-04
      vertex   3.042426e-01 -6.604639e-02 1.757362e-03
    endloop
  endfacet
  facet normal 6.087619e-01 0.000000e+00 -7.933530e-01
    outer loop
      vertex   3.030000e-01 -6.604639e-02 8.038494e-04
      vertex   3.042426e-01 -6.604639e-02 1.757362e-03
      vertex   3.042426e-01 -9.904640e-02 1.757362e-03
    endloop
  endfacet
  facet normal 7.933537e-01 0.000000e+00 -6.087610e-01
    outer loop
      vertex   3.042426e-01 -9.904640e-02 1.757362e-03
      vertex   3.042426e-01 -6.604639e-02 1.757362e-03
      vertex   3.051962e-01 -9.904640e-02 3.000003e-03
    endloop
  endfacet
  facet normal 7.933537e-01 -1.638730e-17 -6.087610e-01
    outer loop
      vertex   3.042426e-01 -9.904640e-02 1.757362e-03
      vertex   3.051962e-01 -9.904640e-02 3.000003e-03
      vertex   3.051962e-01 -1.320464e-01 3.000003e-03
    endloop
  endfacet
  facet normal 9.238797e-01 -1.005832e-17 -3.826830e-01
    outer loop
      vertex   3.051962e-01 -1.320464e-01 3.000003e-03
      vertex   3.051962e-01 -9.904640e-02 3.000003e-03
      vertex   3.057956e-01 -1.320464e-01 4.447088e-03
    endloop
  endfacet
  facet normal 6.087619e-01 0.000000e+00 -7.933530e-01
    outer loop
      vertex   3.042426e-01 -6.604639e-02 1.757362e-03
      vertex   3.030000e-01 -3.304637e-02 8.038494e-04
      vertex   3.042426e-01 -3.304637e-02 1.757362e-03
    endloop
  endfacet
  facet normal 7.933537e-01 -8.000238e-18 -6.087610e-01
    outer loop
      vertex   3.042426e-01 6.595369e-02 1.757362e-03
      vertex   3.042426e-01 9.895371e-02 1.757362e-03
      vertex   3.051962e-01 6.595369e-02 3.000003e-03
    endloop
  endfacet
  facet normal 7.933537e-01 0.000000e+00 -6.087610e-01
    outer loop
      vertex   3.051962e-01 6.595369e-02 3.000003e-03
      vertex   3.042426e-01 9.895371e-02 1.757362e-03
      vertex   3.051962e-01 9.895371e-02 3.000003e-03
    endloop
  endfacet
  facet normal 9.238797e-01 0.000000e+00 -3.826830e-01
    outer loop
      vertex   3.051962e-01 6.595369e-02 3.000003e-03
      vertex   3.051962e-01 9.895371e-02 3.000003e-03
      vertex   3.057956e-01 6.595369e-02 4.447088e-03
    endloop
  endfacet
  facet normal 9.238797e-01 0.000000e+00 -3.826830e-01
    outer loop
      vertex   3.057956e-01 6.595369e-02 4.447088e-03
      vertex   3.051962e-01 9.895371e-02 3.000003e-03
      vertex   3.057956e-01 9.895371e-02 4.447088e-03
    endloop
  endfacet
  facet normal 9.914449e-01 0.000000e+00 -1.305258e-01
    outer loop
      vertex   3.057956e-01 6.595369e-02 4.447088e-03
      vertex   3.057956e-01 9.895371e-02 4.447088e-03
      vertex   3.060000e-01 6.595369e-02 6.000002e-03
    endloop
  endfacet
  facet normal 7.933537e-01 0.000000e+00 -6.087610e-01
    outer loop
      vertex   3.042426e-01 -6.604639e-02 1.757362e-03
      vertex   3.042426e-01 -3.304637e-02 1.757362e-03
      vertex   3.051962e-01 -6.604639e-02 3.000003e-03
    endloop
  endfacet
  facet normal 7.933537e-01 0.000000e+00 -6.087610e-01
    outer loop
      vertex   3.051962e-01 -6.604639e-02 3.000003e-03
      vertex   3.042426e-01 -3.304637e-02 1.757362e-03
      vertex   3.051962e-01 -3.304637e-02 3.000003e-03
    endloop
  endfacet
  facet normal 9.238797e-01 0.000000e+00 -3.826830e-01
    outer loop
      vertex   3.051962e-01 -6.604639e-02 3.000003e-03
      vertex   3.051962e-01 -3.304637e-02 3.000003e-03
      vertex   3.057956e-01 -6.604639e-02 4.447088e-03
    endloop
  endfacet
  facet normal 7.933537e-01 0.000000e+00 -6.087610e-01
    outer loop
      vertex   3.042426e-01 6.595369e-02 1.757362e-03
      vertex   3.051962e-01 6.595369e-02 3.000003e-03
      vertex   3.051962e-01 3.295367e-02 3.000003e-03
    endloop
  endfacet
  facet normal 9.238797e-01 0.000000e+00 -3.826830e-01
    outer loop
      vertex   3.051962e-01 3.295367e-02 3.000003e-03
      vertex   3.051962e-01 6.595369e-02 3.000003e-03
      vertex   3.057956e-01 3.295367e-02 4.447088e-03
    endloop
  endfacet
  facet normal 9.238797e-01 0.000000e+00 -3.826830e-01
    outer loop
      vertex   3.051962e-01 3.295367e-02 3.000003e-03
      vertex   3.057956e-01 3.295367e-02 4.447088e-03
      vertex   3.057956e-01 -4.634808e-05 4.447088e-03
    endloop
  endfacet
  facet normal 9.914449e-01 0.000000e+00 -1.305258e-01
    outer loop
      vertex   3.057956e-01 -4.634808e-05 4.447088e-03
      vertex   3.057956e-01 3.295367e-02 4.447088e-03
      vertex   3.060000e-01 -4.634808e-05 6.000002e-03
    endloop
  endfacet
  facet normal 9.914449e-01 7.169442e-18 -1.305258e-01
    outer loop
      vertex   3.057956e-01 -4.634808e-05 4.447088e-03
      vertex   3.060000e-01 -4.634808e-05 6.000002e-03
      vertex   3.060000e-01 -3.304637e-02 6.000002e-03
    endloop
  endfacet
  facet normal 9.914448e-01 -6.861434e-18 1.305265e-01
    outer loop
      vertex   3.060000e-01 -3.304637e-02 6.000002e-03
      vertex   3.060000e-01 -4.634808e-05 6.000002e-03
      vertex   3.057956e-01 -3.304637e-02 7.552916e-03
    endloop
  endfacet
  facet normal 9.914448e-01 0.000000e+00 1.305265e-01
    outer loop
      vertex   3.060000e-01 -3.304637e-02 6.000002e-03
      vertex   3.057956e-01 -3.304637e-02 7.552916e-03
      vertex   3.057956e-01 -6.604639e-02 7.552916e-03
    endloop
  endfacet
  facet normal 9.238794e-01 -0.000000e+00 3.826837e-01
    outer loop
      vertex   3.057956e-01 -6.604639e-02 7.552916e-03
      vertex   3.057956e-01 -3.304637e-02 7.552916e-03
      vertex   3.051962e-01 -6.604639e-02 9.000001e-03
    endloop
  endfacet
  facet normal 9.238794e-01 0.000000e+00 3.826837e-01
    outer loop
      vertex   3.057956e-01 -6.604639e-02 7.552916e-03
      vertex   3.051962e-01 -6.604639e-02 9.000001e-03
      vertex   3.051962e-01 -9.904640e-02 9.000001e-03
    endloop
  endfacet
  facet normal 7.933532e-01 -0.000000e+00 6.087616e-01
    outer loop
      vertex   3.051962e-01 -9.904640e-02 9.000001e-03
      vertex   3.051962e-01 -6.604639e-02 9.000001e-03
      vertex   3.042426e-01 -9.904640e-02 1.024264e-02
    endloop
  endfacet
  facet normal 7.933532e-01 0.000000e+00 6.087616e-01
    outer loop
      vertex   3.051962e-01 -9.904640e-02 9.000001e-03
      vertex   3.042426e-01 -9.904640e-02 1.024264e-02
      vertex   3.042426e-01 -1.320464e-01 1.024264e-02
    endloop
  endfacet
  facet normal 6.087613e-01 -0.000000e+00 7.933534e-01
    outer loop
      vertex   3.042426e-01 -1.320464e-01 1.024264e-02
      vertex   3.042426e-01 -9.904640e-02 1.024264e-02
      vertex   3.030000e-01 -1.320464e-01 1.119615e-02
    endloop
  endfacet
  facet normal 9.238797e-01 0.000000e+00 -3.826830e-01
    outer loop
      vertex   3.057956e-01 3.295367e-02 4.447088e-03
      vertex   3.051962e-01 6.595369e-02 3.000003e-03
      vertex   3.057956e-01 6.595369e-02 4.447088e-03
    endloop
  endfacet
  facet normal 7.933537e-01 -8.193648e-18 -6.087610e-01
    outer loop
      vertex   3.042426e-01 -6.604639e-02 1.757362e-03
      vertex   3.051962e-01 -6.604639e-02 3.000003e-03
      vertex   3.051962e-01 -9.904640e-02 3.000003e-03
    endloop
  endfacet
  facet normal 9.238797e-01 -5.029158e-18 -3.826830e-01
    outer loop
      vertex   3.051962e-01 -9.904640e-02 3.000003e-03
      vertex   3.051962e-01 -6.604639e-02 3.000003e-03
      vertex   3.057956e-01 -9.904640e-02 4.447088e-03
    endloop
  endfacet
  facet normal 9.238797e-01 0.000000e+00 -3.826830e-01
    outer loop
      vertex   3.051962e-01 -9.904640e-02 3.000003e-03
      vertex   3.057956e-01 -9.904640e-02 4.447088e-03
      vertex   3.057956e-01 -1.320464e-01 4.447088e-03
    endloop
  endfacet
  facet normal 9.914449e-01 0.000000e+00 -1.305258e-01
    outer loop
      vertex   3.057956e-01 -1.320464e-01 4.447088e-03
      vertex   3.057956e-01 -9.904640e-02 4.447088e-03
      vertex   3.060000e-01 -1.320464e-01 6.000002e-03
    endloop
  endfacet
  facet normal 9.238797e-01 0.000000e+00 -3.826830e-01
    outer loop
      vertex   3.057956e-01 -9.904640e-02 4.447088e-03
      vertex   3.051962e-01 -6.604639e-02 3.000003e-03
      vertex   3.057956e-01 -6.604639e-02 4.447088e-03
    endloop
  endfacet
  facet normal 9.914449e-01 0.000000e+00 -1.305258e-01
    outer loop
      vertex   3.057956e-01 3.295367e-02 4.447088e-03
      vertex   3.057956e-01 6.595369e-02 4.447088e-03
      vertex   3.060000e-01 3.295367e-02 6.000002e-03
    endloop
  endfacet
  facet normal 9.914449e-01 0.000000e+00 -1.305258e-01
    outer loop
      vertex   3.060000e-01 3.295367e-02 6.000002e-03
      vertex   3.057956e-01 6.595369e-02 4.447088e-03
      vertex   3.060000e-01 6.595369e-02 6.000002e-03
    endloop
  endfacet
  facet normal 9.914448e-01 -0.000000e+00 1.305265e-01
    outer loop
      vertex   3.060000e-01 3.295367e-02 6.000002e-03
      vertex   3.060000e-01 6.595369e-02 6.000002e-03
      vertex   3.057956e-01 3.295367e-02 7.552916e-03
    endloop
  endfacet
  facet normal 9.914449e-01 0.000000e+00 -1.305258e-01
    outer loop
      vertex   3.060000e-01 -1.320464e-01 6.000002e-03
      vertex   3.057956e-01 -9.904640e-02 4.447088e-03
      vertex   3.060000e-01 -9.904640e-02 6.000002e-03
    endloop
  endfacet
  facet normal 9.914449e-01 0.000000e+00 -1.305258e-01
    outer loop
      vertex   3.060000e-01 -9.904640e-02 6.000002e-03
      vertex   3.057956e-01 -9.904640e-02 4.447088e-03
      vertex   3.057956e-01 -6.604639e-02 4.447088e-03
    endloop
  endfacet
  facet normal 9.914449e-01 0.000000e+00 -1.305258e-01
    outer loop
      vertex   3.057956e-01 3.295367e-02 4.447088e-03
      vertex   3.060000e-01 3.295367e-02 6.000002e-03
      vertex   3.060000e-01 -4.634808e-05 6.000002e-03
    endloop
  endfacet
  facet normal 9.914448e-01 -0.000000e+00 1.305265e-01
    outer loop
      vertex   3.060000e-01 -4.634808e-05 6.000002e-03
      vertex   3.060000e-01 3.295367e-02 6.000002e-03
      vertex   3.057956e-01 -4.634808e-05 7.552916e-03
    endloop
  endfacet
  facet normal 9.914448e-01 -3.072618e-18 1.305265e-01
    outer loop
      vertex   3.060000e-01 -4.634808e-05 6.000002e-03
      vertex   3.057956e-01 -4.634808e-05 7.552916e-03
      vertex   3.057956e-01 -3.304637e-02 7.552916e-03
    endloop
  endfacet
  facet normal 9.238794e-01 -1.005833e-17 3.826837e-01
    outer loop
      vertex   3.057956e-01 -3.304637e-02 7.552916e-03
      vertex   3.057956e-01 -4.634808e-05 7.552916e-03
      vertex   3.051962e-01 -3.304637e-02 9.000001e-03
    endloop
  endfacet
  facet normal 9.238794e-01 0.000000e+00 3.826837e-01
    outer loop
      vertex   3.057956e-01 -3.304637e-02 7.552916e-03
      vertex   3.051962e-01 -3.304637e-02 9.000001e-03
      vertex   3.051962e-01 -6.604639e-02 9.000001e-03
    endloop
  endfacet
  facet normal 7.933532e-01 -0.000000e+00 6.087616e-01
    outer loop
      vertex   3.051962e-01 -6.604639e-02 9.000001e-03
      vertex   3.051962e-01 -3.304637e-02 9.000001e-03
      vertex   3.042426e-01 -6.604639e-02 1.024264e-02
    endloop
  endfacet
  facet normal 7.933532e-01 0.000000e+00 6.087616e-01
    outer loop
      vertex   3.051962e-01 -6.604639e-02 9.000001e-03
      vertex   3.042426e-01 -6.604639e-02 1.024264e-02
      vertex   3.042426e-01 -9.904640e-02 1.024264e-02
    endloop
  endfacet
  facet normal 6.087613e-01 -0.000000e+00 7.933534e-01
    outer loop
      vertex   3.042426e-01 -9.904640e-02 1.024264e-02
      vertex   3.042426e-01 -6.604639e-02 1.024264e-02
      vertex   3.030000e-01 -9.904640e-02 1.119615e-02
    endloop
  endfacet
  facet normal 6.087613e-01 -8.193648e-17 7.933534e-01
    outer loop
      vertex   3.042426e-01 -9.904640e-02 1.024264e-02
      vertex   3.030000e-01 -9.904640e-02 1.119615e-02
      vertex   3.030000e-01 -1.320464e-01 1.119615e-02
    endloop
  endfacet
  facet normal 3.826833e-01 -9.713180e-17 9.238796e-01
    outer loop
      vertex   3.030000e-01 -1.320464e-01 1.119615e-02
      vertex   3.030000e-01 -9.904640e-02 1.119615e-02
      vertex   3.015529e-01 -1.320464e-01 1.179556e-02
    endloop
  endfacet
  facet normal 9.914448e-01 -1.667764e-15 1.305265e-01
    outer loop
      vertex   3.057956e-01 -4.634808e-05 7.552916e-03
      vertex   3.060000e-01 3.295367e-02 6.000002e-03
      vertex   3.057956e-01 3.295367e-02 7.552916e-03
    endloop
  endfacet
  facet normal 9.914448e-01 0.000000e+00 1.305265e-01
    outer loop
      vertex   3.057956e-01 -1.320464e-01 7.552916e-03
      vertex   3.060000e-01 -1.320464e-01 6.000002e-03
      vertex   3.060000e-01 -9.904640e-02 6.000002e-03
    endloop
  endfacet
  facet normal 9.238794e-01 -2.011667e-17 3.826837e-01
    outer loop
      vertex   3.051962e-01 -3.304637e-02 9.000001e-03
      vertex   3.057956e-01 -4.634808e-05 7.552916e-03
      vertex   3.051962e-01 -4.634808e-05 9.000001e-03
    endloop
  endfacet
  facet normal 9.238794e-01 -1.554745e-15 3.826837e-01
    outer loop
      vertex   3.051962e-01 -4.634808e-05 9.000001e-03
      vertex   3.057956e-01 -4.634808e-05 7.552916e-03
      vertex   3.057956e-01 3.295367e-02 7.552916e-03
    endloop
  endfacet
  facet normal 7.933532e-01 -0.000000e+00 6.087616e-01
    outer loop
      vertex   3.042426e-01 -6.604639e-02 1.024264e-02
      vertex   3.051962e-01 -3.304637e-02 9.000001e-03
      vertex   3.042426e-01 -3.304637e-02 1.024264e-02
    endloop
  endfacet
  facet normal 7.933532e-01 -3.277459e-17 6.087616e-01
    outer loop
      vertex   3.042426e-01 -3.304637e-02 1.024264e-02
      vertex   3.051962e-01 -3.304637e-02 9.000001e-03
      vertex   3.051962e-01 -4.634808e-05 9.000001e-03
    endloop
  endfacet
  facet normal 6.087613e-01 -0.000000e+00 7.933534e-01
    outer loop
      vertex   3.030000e-01 -9.904640e-02 1.119615e-02
      vertex   3.042426e-01 -6.604639e-02 1.024264e-02
      vertex   3.030000e-01 -6.604639e-02 1.119615e-02
    endloop
  endfacet
  facet normal 6.087613e-01 0.000000e+00 7.933534e-01
    outer loop
      vertex   3.030000e-01 -6.604639e-02 1.119615e-02
      vertex   3.042426e-01 -6.604639e-02 1.024264e-02
      vertex   3.042426e-01 -3.304637e-02 1.024264e-02
    endloop
  endfacet
  facet normal 3.826833e-01 -0.000000e+00 9.238796e-01
    outer loop
      vertex   3.015529e-01 -1.320464e-01 1.179556e-02
      vertex   3.030000e-01 -9.904640e-02 1.119615e-02
      vertex   3.015529e-01 -9.904640e-02 1.179556e-02
    endloop
  endfacet
  facet normal 3.826833e-01 0.000000e+00 9.238796e-01
    outer loop
      vertex   3.015529e-01 -9.904640e-02 1.179556e-02
      vertex   3.030000e-01 -9.904640e-02 1.119615e-02
      vertex   3.030000e-01 -6.604639e-02 1.119615e-02
    endloop
  endfacet
  facet normal -1.000000e+00 -0.000000e+00 -3.725290e-07
    outer loop
      vertex   3.000000e-01 1.649537e-01 1.200000e-02
      vertex   3.000000e-01 1.649537e-01 1.332268e-17
      vertex   3.000000e-01 -1.200002e-01 1.200000e-02
    endloop
  endfacet
  facet normal -1.000000e+00 1.682155e-16 -3.725290e-07
    outer loop
      vertex   3.000000e-01 -1.200002e-01 1.200000e-02
      vertex   3.000000e-01 1.649537e-01 1.332268e-17
      vertex   3.000000e-01 -1.650464e-01 1.332268e-17
    endloop
  endfacet
  facet normal -1.000000e+00 -0.000000e+00 -3.725290e-07
    outer loop
      vertex   3.000000e-01 -1.200002e-01 1.200000e-02
      vertex   3.000000e-01 -1.650464e-01 1.332268e-17
      vertex   3.000000e-01 -1.650464e-01 1.200000e-02
    endloop
  endfacet
endsolid
