solid Visualization Toolkit generated SLA File
 facet normal 0.99797170006639813 0.049400468813472487 0.04015071042450423
  outer loop
   vertex 0.069996699690818787 0.050500001758337021 0.00067963299807161093
   vertex 0.069798558950424194 0.052457891404628754 0.0031956080347299576
   vertex 0.069825068116188049 0.050500001758337021 0.0049456460401415825
  endloop
 endfacet
 facet normal 0.9965719890899376 0.081321803374351548 0.015199830830265049
  outer loop
   vertex 0.069863550364971161 0.052457891404628754 -0.0010655330261215568
   vertex 0.069798558950424194 0.052457891404628754 0.0031956080347299576
   vertex 0.069996699690818787 0.050500001758337021 0.00067963299807161093
  endloop
 endfacet
 facet normal 0.99856317053077726 0.049400992253663442 -0.020763824885490709
  outer loop
   vertex 0.069907940924167633 0.050500001758337021 -0.0035889078862965107
   vertex 0.069863550364971161 0.052457891404628754 -0.0010655330261215568
   vertex 0.069996699690818787 0.050500001758337021 0.00067963299807161093
  endloop
 endfacet
 facet normal 0.99564482768164342 0.081323395716127567 -0.045583795585588595
  outer loop
   vertex 0.069668643176555634 0.052457891404628754 -0.0053227110765874386
   vertex 0.069863550364971161 0.052457891404628754 -0.0010655330261215568
   vertex 0.069907940924167633 0.050500001758337021 -0.0035889078862965107
  endloop
 endfacet
 facet normal 0.99543980102783169 0.049401279922450643 -0.081603407230915651
  outer loop
   vertex 0.069559112191200256 0.050500001758337021 -0.007844097912311554
   vertex 0.069668643176555634 0.052457891404628754 -0.0053227110765874386
   vertex 0.069907940924167633 0.050500001758337021 -0.0035889078862965107
  endloop
 endfacet
 facet normal 0.99101389239811555 0.081322558542090306 -0.1061984300548017
  outer loop
   vertex 0.069214560091495514 0.052457891404628754 -0.009560086764395237
   vertex 0.069668643176555634 0.052457891404628754 -0.0053227110765874386
   vertex 0.069559112191200256 0.050500001758337021 -0.007844097912311554
  endloop
 endfacet
 facet normal 0.98861335286424612 0.049401048203601895 -0.14213787311937381
  outer loop
   vertex 0.068951517343521118 0.050500001758337021 -0.012070110067725182
   vertex 0.069214560091495514 0.052457891404628754 -0.009560086764395237
   vertex 0.069559112191200256 0.050500001758337021 -0.007844097912311554
  endloop
 endfacet
 facet normal 0.98269670484192184 0.08132028259857664 -0.16641573823084374
  outer loop
   vertex 0.068502999842166901 0.052457891404628754 -0.013761900365352631
   vertex 0.069214560091495514 0.052457891404628754 -0.009560086764395237
   vertex 0.068951517343521118 0.050500001758337021 -0.012070110067725182
  endloop
 endfacet
 facet normal 0.97810975913775455 0.049399742055524908 -0.20214095221980904
  outer loop
   vertex 0.06808742880821228 0.050500001758337021 -0.016251219436526299
   vertex 0.068502999842166901 0.052457891404628754 -0.013761900365352631
   vertex 0.068951517343521118 0.050500001758337021 -0.012070110067725182
  endloop
 endfacet
 facet normal 0.97072307822973125 0.081323112812440521 -0.22601605410830894
  outer loop
   vertex 0.067536599934101105 0.052457891404628754 -0.017912520095705986
   vertex 0.068502999842166901 0.052457891404628754 -0.013761900365352631
   vertex 0.06808742880821228 0.050500001758337021 -0.016251219436526299
  endloop
 endfacet
 facet normal 0.96396689333990226 0.049403026227603598 -0.26139466242479392
  outer loop
   vertex 0.06697005033493042 0.050500001758337021 -0.020371869206428528
   vertex 0.067536599934101105 0.052457891404628754 -0.017912520095705986
   vertex 0.06808742880821228 0.050500001758337021 -0.016251219436526299
  endloop
 endfacet
 facet normal 0.95513831736649091 0.08132634059898497 -0.28477503581438812
  outer loop
   vertex 0.06631895899772644 0.052457891404628754 -0.021996499970555305
   vertex 0.067536599934101105 0.052457891404628754 -0.017912520095705986
   vertex 0.06697005033493042 0.050500001758337021 -0.020371869206428528
  endloop
 endfacet
 facet normal 0.94623771620326391 0.04940540438611396 -0.3196768531687525
  outer loop
   vertex 0.065603531897068024 0.050500001758337021 -0.024416739121079445
   vertex 0.06631895899772644 0.052457891404628754 -0.021996499970555305
   vertex 0.06697005033493042 0.050500001758337021 -0.020371869206428528
  endloop
 endfacet
 facet normal 0.93600057946624504 0.081327356026437425 -0.34247449014576625
  outer loop
   vertex 0.064854606986045837 0.052457891404628754 -0.025998650118708611
   vertex 0.06631895899772644 0.052457891404628754 -0.021996499970555305
   vertex 0.065603531897068024 0.050500001758337021 -0.024416739121079445
  endloop
 endfacet
 facet normal 0.92498851668416204 0.049405747217787656 -0.37676957964289731
  outer loop
   vertex 0.063992962241172791 0.050500001758337021 -0.028370769694447517
   vertex 0.064854606986045837 0.052457891404628754 -0.025998650118708611
   vertex 0.065603531897068024 0.050500001758337021 -0.024416739121079445
  endloop
 endfacet
 facet normal 0.91338198924975611 0.081323977575444323 -0.3988981729532825
  outer loop
   vertex 0.063148997724056244 0.052457891404628754 -0.029904089868068695
   vertex 0.064854606986045837 0.052457891404628754 -0.025998650118708611
   vertex 0.063992962241172791 0.050500001758337021 -0.028370769694447517
  endloop
 endfacet
 facet normal 0.90029959328655362 0.049402214650203453 -0.4324581638907069
  outer loop
   vertex 0.062144339084625244 0.050500001758337021 -0.032219268381595612
   vertex 0.063148997724056244 0.052457891404628754 -0.029904089868068695
   vertex 0.063992962241172791 0.050500001758337021 -0.028370769694447517
  endloop
 endfacet
 facet normal 0.88736463626679696 0.081323069903380951 -0.45383979618868248
  outer loop
   vertex 0.061208471655845642 0.052457891404628754 -0.033698279410600662
   vertex 0.063148997724056244 0.052457891404628754 -0.029904089868068695
   vertex 0.062144339084625244 0.050500001758337021 -0.032219268381595612
  endloop
 endfacet
 facet normal 0.87225960478520959 0.04939948593241146 -0.48654174810550793
  outer loop
   vertex 0.06006452813744545 0.050500001758337021 -0.035947900265455246
   vertex 0.061208471655845642 0.052457891404628754 -0.033698279410600662
   vertex 0.062144339084625244 0.050500001758337021 -0.032219268381595612
  endloop
 endfacet
 facet normal 0.8580459855767959 0.081318752482005485 -0.50709402198242814
  outer loop
   vertex 0.059040240943431854 0.052457891404628754 -0.037367109209299088
   vertex 0.061208471655845642 0.052457891404628754 -0.033698279410600662
   vertex 0.06006452813744545 0.050500001758337021 -0.035947900265455246
  endloop
 endfacet
 facet normal 0.84097772188858577 0.049399523714656973 -0.5388099464039704
  outer loop
   vertex 0.057761289179325104 0.050500001758337021 -0.039542809128761292
   vertex 0.059040240943431854 0.052457891404628754 -0.037367109209299088
   vertex 0.06006452813744545 0.050500001758337021 -0.035947900265455246
  endloop
 endfacet
 facet normal 0.825534358317354 0.081325299541536319 -0.55846147485035535
  outer loop
   vertex 0.05665237084031105 0.052457891404628754 -0.040896929800510406
   vertex 0.059040240943431854 0.052457891404628754 -0.037367109209299088
   vertex 0.057761289179325104 0.050500001758337021 -0.039542809128761292
  endloop
 endfacet
 facet normal 0.80656406798851377 0.049405375650949802 -0.5890785287944289
  outer loop
   vertex 0.055243160575628281 0.050500001758337021 -0.04299062117934227
   vertex 0.05665237084031105 0.052457891404628754 -0.040896929800510406
   vertex 0.057761289179325104 0.050500001758337021 -0.039542809128761292
  endloop
 endfacet
 facet normal 0.78995494718861337 0.081324284224023602 -0.60774792653507692
  outer loop
   vertex 0.054053761065006256 0.052457891404628754 -0.044274620711803436
   vertex 0.05665237084031105 0.052457891404628754 -0.040896929800510406
   vertex 0.055243160575628281 0.050500001758337021 -0.04299062117934227
  endloop
 endfacet
 facet normal 0.7691515943920163 0.049401666188466392 -0.63715406317626389
  outer loop
   vertex 0.052519530057907104 0.050500001758337021 -0.046278499066829681
   vertex 0.054053761065006256 0.052457891404628754 -0.044274620711803436
   vertex 0.055243160575628281 0.050500001758337021 -0.04299062117934227
  endloop
 endfacet
 facet normal 0.75143349370676538 0.081323681885279095 -0.65477794961365832
  outer loop
   vertex 0.051254060119390488 0.052457891404628754 -0.047487601637840271
   vertex 0.054053761065006256 0.052457891404628754 -0.044274620711803436
   vertex 0.052519530057907104 0.050500001758337021 -0.046278499066829681
  endloop
 endfacet
 facet normal 0.7288772020081874 0.049402544800788817 -0.68285973154076229
  outer loop
   vertex 0.049600519239902496 0.050500001758337021 -0.049394220113754272
   vertex 0.051254060119390488 0.052457891404628754 -0.047487601637840271
   vertex 0.052519530057907104 0.050500001758337021 -0.046278499066829681
  endloop
 endfacet
 facet normal 0.71011755677749921 0.081324637345956879 -0.69937068777358979
  outer loop
   vertex 0.048263691365718842 0.052457891404628754 -0.050523921847343445
   vertex 0.051254060119390488 0.052457891404628754 -0.047487601637840271
   vertex 0.049600519239902496 0.050500001758337021 -0.049394220113754272
  endloop
 endfacet
 facet normal 0.68589155512712319 0.049403940005509066 -0.72602481040060096
  outer loop
   vertex 0.046496991068124771 0.050500001758337021 -0.05232619121670723
   vertex 0.048263691365718842 0.052457891404628754 -0.050523921847343445
   vertex 0.049600519239902496 0.050500001758337021 -0.049394220113754272
  endloop
 endfacet
 facet normal 0.66616025566449688 0.081325967357318923 -0.7413613159630118
  outer loop
   vertex 0.045093778520822525 0.052457891404628754 -0.05337228998541832
   vertex 0.048263691365718842 0.052457891404628754 -0.050523921847343445
   vertex 0.046496991068124771 0.050500001758337021 -0.05232619121670723
  endloop
 endfacet
 facet normal 0.64035371601858471 0.04940448864432162 -0.7664896052021728
  outer loop
   vertex 0.043220490217208862 0.050500001758337021 -0.055063501000404358
   vertex 0.045093778520822525 0.052457891404628754 -0.05337228998541832
   vertex 0.046496991068124771 0.050500001758337021 -0.05232619121670723
  endloop
 endfacet
 facet normal 0.6197258357713773 0.081323924289400884 -0.78059356121841006
  outer loop
   vertex 0.041756119579076767 0.052457891404628754 -0.05602211132645607
   vertex 0.045093778520822525 0.052457891404628754 -0.05337228998541832
   vertex 0.043220490217208862 0.050500001758337021 -0.055063501000404358
  endloop
 endfacet
 facet normal 0.59243443321059019 0.049401437951826319 -0.80410256825528093
  outer loop
   vertex 0.039783209562301636 0.050500001758337021 -0.057595968246459961
   vertex 0.041756119579076767 0.052457891404628754 -0.05602211132645607
   vertex 0.043220490217208862 0.050500001758337021 -0.055063501000404358
  endloop
 endfacet
 facet normal 0.57098485119095554 0.08132130591972779 -0.81692297367251976
  outer loop
   vertex 0.038263119757175446 0.052457891404628754 -0.058463528752326965
   vertex 0.041756119579076767 0.052457891404628754 -0.05602211132645607
   vertex 0.039783209562301636 0.050500001758337021 -0.057595968246459961
  endloop
 endfacet
 facet normal 0.54231286660783318 0.049400785040263108 -0.83872302767302154
  outer loop
   vertex 0.03619794175028801 0.050500001758337021 -0.059914179146289825
   vertex 0.038263119757175446 0.052457891404628754 -0.058463528752326965
   vertex 0.039783209562301636 0.050500001758337021 -0.057595968246459961
  endloop
 endfacet
 facet normal 0.52012043420057441 0.08132221967188108 -0.85021257960268048
  outer loop
   vertex 0.034627780318260193 0.052457891404628754 -0.060687460005283356
   vertex 0.038263119757175446 0.052457891404628754 -0.058463528752326965
   vertex 0.03619794175028801 0.050500001758337021 -0.059914179146289825
  endloop
 endfacet
 facet normal 0.4901715012386067 0.049400160543246745 -0.87022498442172536
  outer loop
   vertex 0.032478000968694687 0.050500001758337021 -0.062009509652853012
   vertex 0.034627780318260193 0.052457891404628754 -0.060687460005283356
   vertex 0.03619794175028801 0.050500001758337021 -0.059914179146289825
  endloop
 endfacet
 facet normal 0.46731782173205899 0.081324493596411668 -0.88034105904069404
  outer loop
   vertex 0.030863620340824127 0.052457891404628754 -0.062685616314411163
   vertex 0.034627780318260193 0.052457891404628754 -0.060687460005283356
   vertex 0.032478000968694687 0.050500001758337021 -0.062009509652853012
  endloop
 endfacet
 facet normal 0.43620771087734544 0.049405797438709154 -0.89848867558283196
  outer loop
   vertex 0.028637239709496498 0.050500001758337021 -0.06387416273355484
   vertex 0.030863620340824127 0.052457891404628754 -0.062685616314411163
   vertex 0.032478000968694687 0.050500001758337021 -0.062009509652853012
  endloop
 endfacet
 facet normal 0.4127840415351483 0.081324461942906601 -0.90719108623465083
  outer loop
   vertex 0.026984650641679764 0.052457891404628754 -0.064450599253177643
   vertex 0.030863620340824127 0.052457891404628754 -0.062685616314411163
   vertex 0.028637239709496498 0.050500001758337021 -0.06387416273355484
  endloop
 endfacet
 facet normal 0.38061963285863004 0.049400066984786918 -0.92341124558046206
  outer loop
   vertex 0.024689950048923492 0.050500001758337021 -0.065501190721988678
   vertex 0.026984650641679764 0.052457891404628754 -0.064450599253177643
   vertex 0.028637239709496498 0.050500001758337021 -0.06387416273355484
  endloop
 endfacet
 facet normal 0.35670777704788392 0.081320396233466111 -0.93066994952560345
  outer loop
   vertex 0.023005299270153046 0.052457891404628754 -0.06597580760717392
   vertex 0.026984650641679764 0.052457891404628754 -0.064450599253177643
   vertex 0.024689950048923492 0.050500001758337021 -0.065501190721988678
  endloop
 endfacet
 facet normal 0.3236200353351199 0.04940159474114747 -0.94489658437668578
  outer loop
   vertex 0.020650820806622505 0.050500001758337021 -0.066884562373161316
   vertex 0.023005299270153046 0.052457891404628754 -0.06597580760717392
   vertex 0.024689950048923492 0.050500001758337021 -0.065501190721988678
  endloop
 endfacet
 facet normal 0.29930562441950187 0.081327801322507776 -0.95068498038146088
  outer loop
   vertex 0.018940359354019165 0.052457891404628754 -0.067255578935146332
   vertex 0.023005299270153046 0.052457891404628754 -0.06597580760717392
   vertex 0.020650820806622505 0.050500001758337021 -0.066884562373161316
  endloop
 endfacet
 facet normal 0.26540848116548516 0.049405486532353847 -0.96286937640883141
  outer loop
   vertex 0.01653485931456089 0.050500001758337021 -0.068019099533557892
   vertex 0.018940359354019165 0.052457891404628754 -0.067255578935146332
   vertex 0.020650820806622505 0.050500001758337021 -0.066884562373161316
  endloop
 endfacet
 facet normal 0.24079418413635112 0.081321603291723416 -0.96716335627657668
  outer loop
   vertex 0.01480496022850275 0.052457891404628754 -0.068285167217254639
   vertex 0.018940359354019165 0.052457891404628754 -0.067255578935146332
   vertex 0.01653485931456089 0.050500001758337021 -0.068019099533557892
  endloop
 endfacet
 facet normal 0.20621938680807372 0.04940113502977251 -0.97725794566341206
  outer loop
   vertex 0.012357389554381371 0.050500001758337021 -0.068900622427463531
   vertex 0.01480496022850275 0.052457891404628754 -0.068285167217254639
   vertex 0.01653485931456089 0.050500001758337021 -0.068019099533557892
  endloop
 endfacet
 facet normal 0.1813821499697543 0.081326165855289678 -0.98004416758614887
  outer loop
   vertex 0.010614490136504173 0.052457891404628754 -0.069060720503330231
   vertex 0.01480496022850275 0.052457891404628754 -0.068285167217254639
   vertex 0.012357389554381371 0.050500001758337021 -0.068900622427463531
  endloop
 endfacet
 facet normal 0.14625310660088695 0.049402937182948019 -0.98801284334126294
  outer loop
   vertex 0.0081339478492736816 0.050500001758337021 -0.069525808095932007
   vertex 0.010614490136504173 0.052457891404628754 -0.069060720503330231
   vertex 0.012357389554381371 0.050500001758337021 -0.068900622427463531
  endloop
 endfacet
 facet normal 0.12129889179562882 0.081319466835344634 -0.98927939590530622
  outer loop
   vertex 0.006384529173374176 0.052457891404628754 -0.069579370319843292
   vertex 0.010614490136504173 0.052457891404628754 -0.069060720503330231
   vertex 0.0081339478492736816 0.050500001758337021 -0.069525808095932007
  endloop
 endfacet
 facet normal 0.08575163817690655 0.049398197910162388 -0.99509118908429961
  outer loop
   vertex 0.0038802479393780231 0.050500001758337021 -0.069892369210720062
   vertex 0.006384529173374176 0.052457891404628754 -0.069579370319843292
   vertex 0.0081339478492736816 0.050500001758337021 -0.069525808095932007
  endloop
 endfacet
 facet normal 0.060760974349920116 0.081321945735688017 -0.9948340792000494
  outer loop
   vertex 0.0021308180876076221 0.052457891404628754 -0.069839172065258026
   vertex 0.006384529173374176 0.052457891404628754 -0.069579370319843292
   vertex 0.0038802479393780231 0.050500001758337021 -0.069892369210720062
  endloop
 endfacet
 facet normal 0.02492774204537461 0.049402668847409924 -0.99846781820310682
  outer loop
   vertex -0.00038788581150583923 0.050500001758337021 -0.069998927414417267
   vertex 0.0021308180876076221 0.052457891404628754 -0.069839172065258026
   vertex 0.0038802479393780231 0.050500001758337021 -0.069892369210720062
  endloop
 endfacet
 facet normal 0 0.081325408872426064 -0.99668760294875358
  outer loop
   vertex -0.0021308180876076221 0.052457891404628754 -0.069839172065258026
   vertex 0.0021308180876076221 0.052457891404628754 -0.069839172065258026
   vertex -0.00038788581150583923 0.050500001758337021 -0.069998927414417267
  endloop
 endfacet
 facet normal -0.035990272252442446 0.049404231612756401 -0.99813021304935368
  outer loop
   vertex -0.0046545770019292831 0.050500001758337021 -0.069845080375671387
   vertex -0.0021308180876076221 0.052457891404628754 -0.069839172065258026
   vertex -0.00038788581150583923 0.050500001758337021 -0.069998927414417267
  endloop
 endfacet
 facet normal -0.060760963135193378 0.081324200330503332 -0.99483389558231661
  outer loop
   vertex -0.006384529173374176 0.052457891404628754 -0.069579370319843292
   vertex -0.0021308180876076221 0.052457891404628754 -0.069839172065258026
   vertex -0.0046545770019292831 0.050500001758337021 -0.069845080375671387
  endloop
 endfacet
 facet normal -0.096774073833259838 0.049401370155180063 -0.99407961615783358
  outer loop
   vertex -0.0089039532467722893 0.050500001758337021 -0.069431401789188385
   vertex -0.006384529173374176 0.052457891404628754 -0.069579370319843292
   vertex -0.0046545770019292831 0.050500001758337021 -0.069845080375671387
  endloop
 endfacet
 facet normal -0.12129885860781693 0.081322809069056728 -0.98927912523491501
  outer loop
   vertex -0.010614490136504173 0.052457891404628754 -0.069060720503330231
   vertex -0.006384529173374176 0.052457891404628754 -0.069579370319843292
   vertex -0.0089039532467722893 0.050500001758337021 -0.069431401789188385
  endloop
 endfacet
 facet normal -0.15719523300077978 0.049403306829415766 -0.98633106612138566
  outer loop
   vertex -0.01312020979821682 0.050500001758337021 -0.068759441375732422
   vertex -0.010614490136504173 0.052457891404628754 -0.069060720503330231
   vertex -0.0089039532467722893 0.050500001758337021 -0.069431401789188385
  endloop
 endfacet
 facet normal -0.18138216270590232 0.081325308158827186 -0.98004423640211336
  outer loop
   vertex -0.01480496022850275 0.052457891404628754 -0.068285167217254639
   vertex -0.010614490136504173 0.052457891404628754 -0.069060720503330231
   vertex -0.01312020979821682 0.050500001758337021 -0.068759441375732422
  endloop
 endfacet
 facet normal -0.21703641459486775 0.049402005168660293 -0.97491263025212704
  outer loop
   vertex -0.017287649214267731 0.050500001758337021 -0.067831680178642273
   vertex -0.01480496022850275 0.052457891404628754 -0.068285167217254639
   vertex -0.01312020979821682 0.050500001758337021 -0.068759441375732422
  endloop
 endfacet
 facet normal -0.24079416115887176 0.081322768935126105 -0.96716326398624108
  outer loop
   vertex -0.018940359354019165 0.052457891404628754 -0.067255578935146332
   vertex -0.01480496022850275 0.052457891404628754 -0.068285167217254639
   vertex -0.017287649214267731 0.050500001758337021 -0.067831680178642273
  endloop
 endfacet
 facet normal -0.27606503323734949 0.049403153804310582 -0.95986844193246024
  outer loop
   vertex -0.021390780806541443 0.050500001758337021 -0.066651590168476105
   vertex -0.018940359354019165 0.052457891404628754 -0.067255578935146332
   vertex -0.017287649214267731 0.050500001758337021 -0.067831680178642273
  endloop
 endfacet
 facet normal -0.29930573613695843 0.081323242031345708 -0.95068533522981435
  outer loop
   vertex -0.023005299270153046 0.052457891404628754 -0.06597580760717392
   vertex -0.018940359354019165 0.052457891404628754 -0.067255578935146332
   vertex -0.021390780806541443 0.050500001758337021 -0.066651590168476105
  endloop
 endfacet
 facet normal -0.33406869722137544 0.049401368099819175 -0.9412532126726999
  outer loop
   vertex -0.025414340198040009 0.050500001758337021 -0.065223552286624908
   vertex -0.023005299270153046 0.052457891404628754 -0.06597580760717392
   vertex -0.021390780806541443 0.050500001758337021 -0.066651590168476105
  endloop
 endfacet
 facet normal -0.35670769035665451 0.081323364983194674 -0.93066972334348097
  outer loop
   vertex -0.026984650641679764 0.052457891404628754 -0.064450599253177643
   vertex -0.023005299270153046 0.052457891404628754 -0.06597580760717392
   vertex -0.025414340198040009 0.050500001758337021 -0.065223552286624908
  endloop
 endfacet
 facet normal -0.39083105369592142 0.04940150872247695 -0.91913577800174806
  outer loop
   vertex -0.029343359172344208 0.050500001758337021 -0.063552871346473694
   vertex -0.026984650641679764 0.052457891404628754 -0.064450599253177643
   vertex -0.025414340198040009 0.050500001758337021 -0.065223552286624908
  endloop
 endfacet
 facet normal -0.41278400444463303 0.081325559517382393 -0.90719100471942382
  outer loop
   vertex -0.030863620340824127 0.052457891404628754 -0.062685616314411163
   vertex -0.026984650641679764 0.052457891404628754 -0.064450599253177643
   vertex -0.029343359172344208 0.050500001758337021 -0.063552871346473694
  endloop
 endfacet
 facet normal -0.44613927290906802 0.049405171672533957 -0.89359883514929439
  outer loop
   vertex -0.033163208514451981 0.050500001758337021 -0.061645768582820892
   vertex -0.030863620340824127 0.052457891404628754 -0.062685616314411163
   vertex -0.029343359172344208 0.050500001758337021 -0.063552871346473694
  endloop
 endfacet
 facet normal -0.46731794792151166 0.081321195097163124 -0.88034129675847672
  outer loop
   vertex -0.034627780318260193 0.052457891404628754 -0.060687460005283356
   vertex -0.030863620340824127 0.052457891404628754 -0.062685616314411163
   vertex -0.033163208514451981 0.050500001758337021 -0.061645768582820892
  endloop
 endfacet
 facet normal -0.49978376985062783 0.049399553548050132 -0.86474034686901713
  outer loop
   vertex -0.036859698593616486 0.050500001758337021 -0.059509351849555969
   vertex -0.034627780318260193 0.052457891404628754 -0.060687460005283356
   vertex -0.033163208514451981 0.050500001758337021 -0.061645768582820892
  endloop
 endfacet
 facet normal -0.52012034786231243 0.081324247368846442 -0.85021243847022021
  outer loop
   vertex -0.038263119757175446 0.052457891404628754 -0.058463528752326965
   vertex -0.034627780318260193 0.052457891404628754 -0.060687460005283356
   vertex -0.036859698593616486 0.050500001758337021 -0.059509351849555969
  endloop
 endfacet
 facet normal -0.55157415680854138 0.049403117239887731 -0.83266156483167197
  outer loop
   vertex -0.040419060736894608 0.050500001758337021 -0.057151548564434052
   vertex -0.038263119757175446 0.052457891404628754 -0.058463528752326965
   vertex -0.036859698593616486 0.050500001758337021 -0.059509351849555969
  endloop
 endfacet
 facet normal -0.57098473877316336 0.081323710936235513 -0.81692281283344159
  outer loop
   vertex -0.041756119579076767 0.052457891404628754 -0.05602211132645607
   vertex -0.038263119757175446 0.052457891404628754 -0.058463528752326965
   vertex -0.040419060736894608 0.050500001758337021 -0.057151548564434052
  endloop
 endfacet
 facet normal -0.60130938462069983 0.049403230001082446 -0.79748752017353575
  outer loop
   vertex -0.043828070163726807 0.050500001758337021 -0.054581139236688614
   vertex -0.041756119579076767 0.052457891404628754 -0.05602211132645607
   vertex -0.040419060736894608 0.050500001758337021 -0.057151548564434052
  endloop
 endfacet
 facet normal -0.61972571985125369 0.08132620911461827 -0.78059341520787306
  outer loop
   vertex -0.045093778520822525 0.052457891404628754 -0.05337228998541832
   vertex -0.041756119579076767 0.052457891404628754 -0.05602211132645607
   vertex -0.043828070163726807 0.050500001758337021 -0.054581139236688614
  endloop
 endfacet
 facet normal -0.64881016955370074 0.04940469993595515 -0.75934480936392545
  outer loop
   vertex -0.047074031084775925 0.050500001758337021 -0.051807679235935211
   vertex -0.045093778520822525 0.052457891404628754 -0.05337228998541832
   vertex -0.043828070163726807 0.050500001758337021 -0.054581139236688614
  endloop
 endfacet
 facet normal -0.66616035526085293 0.0813241411146952 -0.74136142680253569
  outer loop
   vertex -0.048263691365718842 0.052457891404628754 -0.050523921847343445
   vertex -0.045093778520822525 0.052457891404628754 -0.05337228998541832
   vertex -0.047074031084775925 0.050500001758337021 -0.051807679235935211
  endloop
 endfacet
 facet normal -0.69389561457247606 0.049402279142432032 -0.71837893266201713
  outer loop
   vertex -0.050144869834184647 0.050500001758337021 -0.048841498792171478
   vertex -0.048263691365718842 0.052457891404628754 -0.050523921847343445
   vertex -0.047074031084775925 0.050500001758337021 -0.051807679235935211
  endloop
 endfacet
 facet normal -0.71011767997453012 0.081322518147055822 -0.69937080910616545
  outer loop
   vertex -0.051254060119390488 0.052457891404628754 -0.047487601637840271
   vertex -0.048263691365718842 0.052457891404628754 -0.050523921847343445
   vertex -0.050144869834184647 0.050500001758337021 -0.048841498792171478
  endloop
 endfacet
 facet normal -0.73640046608884591 0.049400243110510333 -0.67473992732367105
  outer loop
   vertex -0.053029168397188187 0.050500001758337021 -0.045693621039390564
   vertex -0.051254060119390488 0.052457891404628754 -0.047487601637840271
   vertex -0.050144869834184647 0.050500001758337021 -0.048841498792171478
  endloop
 endfacet
 facet normal -0.75143367840782194 0.081320679350102371 -0.65477811055694879
  outer loop
   vertex -0.054053761065006256 0.052457891404628754 -0.044274620711803436
   vertex -0.051254060119390488 0.052457891404628754 -0.047487601637840271
   vertex -0.053029168397188187 0.050500001758337021 -0.045693621039390564
  endloop
 endfacet
 facet normal -0.77616499092655589 0.049399586981175123 -0.62859174960069941
  outer loop
   vertex -0.055716201663017273 0.050500001758337021 -0.042375758290290833
   vertex -0.054053761065006256 0.052457891404628754 -0.044274620711803436
   vertex -0.053029168397188187 0.050500001758337021 -0.045693621039390564
  endloop
 endfacet
 facet normal -0.78995496355258454 0.081324031186454246 -0.60774793912461711
  outer loop
   vertex -0.05665237084031105 0.052457891404628754 -0.040896929800510406
   vertex -0.054053761065006256 0.052457891404628754 -0.044274620711803436
   vertex -0.055716201663017273 0.050500001758337021 -0.042375758290290833
  endloop
 endfacet
 facet normal -0.81304292792766986 0.049404358575971856 -0.58010378959329212
  outer loop
   vertex -0.058195959776639938 0.050500001758337021 -0.038900259882211685
   vertex -0.05665237084031105 0.052457891404628754 -0.040896929800510406
   vertex -0.055716201663017273 0.050500001758337021 -0.042375758290290833
  endloop
 endfacet
 facet normal -0.82553447789557188 0.081323530189995163 -0.55846155574320644
  outer loop
   vertex -0.059040240943431854 0.052457891404628754 -0.037367109209299088
   vertex -0.05665237084031105 0.052457891404628754 -0.040896929800510406
   vertex -0.058195959776639938 0.050500001758337021 -0.038900259882211685
  endloop
 endfacet
 facet normal -0.8468962946841514 0.049400627954924899 -0.52945844408028309
  outer loop
   vertex -0.060459230095148087 0.050500001758337021 -0.035280041396617889
   vertex -0.059040240943431854 0.052457891404628754 -0.037367109209299088
   vertex -0.058195959776639938 0.050500001758337021 -0.038900259882211685
  endloop
 endfacet
 facet normal -0.85804580059880919 0.081321385963581211 -0.50709391266284298
  outer loop
   vertex -0.061208471655845642 0.052457891404628754 -0.033698279410600662
   vertex -0.059040240943431854 0.052457891404628754 -0.037367109209299088
   vertex -0.060459230095148087 0.050500001758337021 -0.035280041396617889
  endloop
 endfacet
 facet normal -0.87759819813152196 0.049401092167835427 -0.47684477005513137
  outer loop
   vertex -0.062497589737176895 0.050500001758337021 -0.031528588384389877
   vertex -0.061208471655845642 0.052457891404628754 -0.033698279410600662
   vertex -0.060459230095148087 0.050500001758337021 -0.035280041396617889
  endloop
 endfacet
 facet normal -0.88736448634092435 0.081325133731073168 -0.45383971950957591
  outer loop
   vertex -0.063148997724056244 0.052457891404628754 -0.029904089868068695
   vertex -0.061208471655845642 0.052457891404628754 -0.033698279410600662
   vertex -0.062497589737176895 0.050500001758337021 -0.031528588384389877
  endloop
 endfacet
 facet normal -0.90503665229072916 0.04940456498431646 -0.42245455018155548
  outer loop
   vertex -0.064303450286388397 0.050500001758337021 -0.027659840881824493
   vertex -0.063148997724056244 0.052457891404628754 -0.029904089868068695
   vertex -0.062497589737176895 0.050500001758337021 -0.031528588384389877
  endloop
 endfacet
 facet normal -0.91338176222313916 0.081327013673377496 -0.39889807380472936
  outer loop
   vertex -0.064854606986045837 0.052457891404628754 -0.025998650118708611
   vertex -0.063148997724056244 0.052457891404628754 -0.029904089868068695
   vertex -0.064303450286388397 0.050500001758337021 -0.027659840881824493
  endloop
 endfacet
 facet normal -0.92910809318603271 0.04940568829687126 -0.36649315019537088
  outer loop
   vertex -0.065870091319084167 0.050500001758337021 -0.023688200861215591
   vertex -0.064854606986045837 0.052457891404628754 -0.025998650118708611
   vertex -0.064303450286388397 0.050500001758337021 -0.027659840881824493
  endloop
 endfacet
 facet normal -0.93599950140246502 0.081317494257608022 -0.34247977823807468
  outer loop
   vertex -0.06631866842508316 0.052457891404628754 -0.02199736051261425
   vertex -0.064854606986045837 0.052457891404628754 -0.025998650118708611
   vertex -0.065870091319084167 0.050500001758337021 -0.023688200861215591
  endloop
 endfacet
 facet normal -0.94972229333284508 0.049407512152273098 -0.30917060547458958
  outer loop
   vertex -0.067191697657108307 0.050500001758337021 -0.019628439098596573
   vertex -0.06631866842508316 0.052457891404628754 -0.02199736051261425
   vertex -0.065870091319084167 0.050500001758337021 -0.023688200861215591
  endloop
 endfacet
 facet normal -0.95513587088007357 0.08132978776554721 -0.28478225678608221
  outer loop
   vertex -0.067536599934101105 0.052457891404628754 -0.017912520095705986
   vertex -0.06631866842508316 0.052457891404628754 -0.02199736051261425
   vertex -0.067191697657108307 0.050500001758337021 -0.019628439098596573
  endloop
 endfacet
 facet normal -0.96680413744443072 0.049401945192401195 -0.25069744241124042
  outer loop
   vertex -0.068263351917266846 0.050500001758337021 -0.015495649538934231
   vertex -0.067536599934101105 0.052457891404628754 -0.017912520095705986
   vertex -0.067191697657108307 0.050500001758337021 -0.019628439098596573
  endloop
 endfacet
 facet normal -0.97072300988299043 0.081323972863877256 -0.22601603819495425
  outer loop
   vertex -0.068502999842166901 0.052457891404628754 -0.013761900365352631
   vertex -0.067536599934101105 0.052457891404628754 -0.017912520095705986
   vertex -0.068263351917266846 0.050500001758337021 -0.015495649538934231
  endloop
 endfacet
 facet normal -0.98028959651678538 0.049402136145285096 -0.19128966492009045
  outer loop
   vertex -0.069081053137779236 0.050500001758337021 -0.011305229738354683
   vertex -0.068502999842166901 0.052457891404628754 -0.013761900365352631
   vertex -0.068263351917266846 0.050500001758337021 -0.015495649538934231
  endloop
 endfacet
 facet normal -0.98269644877771278 0.081323465626304534 -0.16641569486739888
  outer loop
   vertex -0.069214560091495514 0.052457891404628754 -0.009560086764395237
   vertex -0.068502999842166901 0.052457891404628754 -0.013761900365352631
   vertex -0.069081053137779236 0.050500001758337021 -0.011305229738354683
  endloop
 endfacet
 facet normal -0.99012805217939825 0.049401941456126003 -0.13117121813796009
  outer loop
   vertex -0.069641768932342529 0.050500001758337021 -0.0070727430284023285
   vertex -0.069214560091495514 0.052457891404628754 -0.009560086764395237
   vertex -0.069081053137779236 0.050500001758337021 -0.011305229738354683
  endloop
 endfacet
 facet normal -0.99101400349144719 0.081321189177128009 -0.10619844195971798
  outer loop
   vertex -0.069668643176555634 0.052457891404628754 -0.0053227110765874386
   vertex -0.069214560091495514 0.052457891404628754 -0.009560086764395237
   vertex -0.069641768932342529 0.050500001758337021 -0.0070727430284023285
  endloop
 endfacet
 facet normal -0.99628304990784278 0.049400215879406205 -0.070567011679640593
  outer loop
   vertex -0.069943420588970184 0.050500001758337021 -0.0028139480855315924
   vertex -0.069668643176555634 0.052457891404628754 -0.0053227110765874386
   vertex -0.069641768932342529 0.050500001758337021 -0.0070727430284023285
  endloop
 endfacet
 facet normal -0.99564484688690047 0.081323160092374308 -0.045583796464866516
  outer loop
   vertex -0.069863550364971161 0.052457891404628754 -0.0010655330261215568
   vertex -0.069668643176555634 0.052457891404628754 -0.0053227110765874386
   vertex -0.069943420588970184 0.050500001758337021 -0.0028139480855315924
  endloop
 endfacet
 facet normal -0.99873196042753065 0.049400988194089307 -0.009696060335454457
  outer loop
   vertex -0.069984868168830872 0.050500001758337021 0.0014553139917552471
   vertex -0.069863550364971161 0.052457891404628754 -0.0010655330261215568
   vertex -0.069943420588970184 0.050500001758337021 -0.0028139480855315924
  endloop
 endfacet
 facet normal -0.99657201986639787 0.081321426130321242 0.015199831299671167
  outer loop
   vertex -0.069798558950424194 0.052457891404628754 0.0031956080347299576
   vertex -0.069863550364971161 0.052457891404628754 -0.0010655330261215568
   vertex -0.069984868168830872 0.050500001758337021 0.0014553139917552471
  endloop
 endfacet
 facet normal -0.99746547109428252 0.049400130657068796 0.051208017592223133
  outer loop
   vertex -0.06976597011089325 0.050500001758337021 0.0057191629894077778
   vertex -0.069798558950424194 0.052457891404628754 0.0031956080347299576
   vertex -0.069984868168830872 0.050500001758337021 0.0014553139917552471
  endloop
 endfacet
 facet normal -0.99379151730042325 0.081322854648696707 0.075927685685192786
  outer loop
   vertex -0.069473907351493835 0.052457891404628754 0.0074448618106544018
   vertex -0.069798558950424194 0.052457891404628754 0.0031956080347299576
   vertex -0.06976597011089325 0.050500001758337021 0.0057191629894077778
  endloop
 endfacet
 facet normal -0.99248819595156412 0.049402690253860265 0.11192209385322806
  outer loop
   vertex -0.069287538528442383 0.050500001758337021 0.0099617363885045052
   vertex -0.069473907351493835 0.052457891404628754 0.0074448618106544018
   vertex -0.06976597011089325 0.050500001758337021 0.0057191629894077778
  endloop
 endfacet
 facet normal -0.9873144765641807 0.081322804798161855 0.13636981259266132
  outer loop
   vertex -0.06889081746339798 0.052457891404628754 0.011666419915854931
   vertex -0.069473907351493835 0.052457891404628754 0.0074448618106544018
   vertex -0.069287538528442383 0.050500001758337021 0.0099617363885045052
  endloop
 endfacet
 facet normal -0.9838192712009628 0.049402515284639799 0.17221798134096677
  outer loop
   vertex -0.068551361560821533 0.050500001758337021 0.014167250134050846
   vertex -0.06889081746339798 0.052457891404628754 0.011666419915854931
   vertex -0.069287538528442383 0.050500001758337021 0.0099617363885045052
  endloop
 endfacet
 facet normal -0.9771642794230736 0.081324833063666932 0.19630650153968993
  outer loop
   vertex -0.068051449954509735 0.052457891404628754 0.015844579786062241
   vertex -0.06889081746339798 0.052457891404628754 0.011666419915854931
   vertex -0.068551361560821533 0.050500001758337021 0.014167250134050846
  endloop
 endfacet
 facet normal -0.97148969086366666 0.049402079854699271 0.23187758635031425
  outer loop
   vertex -0.067560158669948578 0.050500001758337021 0.018320059403777122
   vertex -0.068051449954509735 0.052457891404628754 0.015844579786062241
   vertex -0.068551361560821533 0.050500001758337021 0.014167250134050846
  endloop
 endfacet
 facet normal -0.9633786382339099 0.081323879807612742 0.25551521670463062
  outer loop
   vertex -0.066958919167518616 0.052457891404628754 0.019963789731264114
   vertex -0.068051449954509735 0.052457891404628754 0.015844579786062241
   vertex -0.067560158669948578 0.050500001758337021 0.018320059403777122
  endloop
 endfacet
 facet normal -0.9555467909803973 0.049404187759182948 0.2906708731175523
  outer loop
   vertex -0.066317632794380188 0.050500001758337021 0.022404719144105911
   vertex -0.066958919167518616 0.052457891404628754 0.019963789731264114
   vertex -0.067560158669948578 0.050500001758337021 0.018320059403777122
  endloop
 endfacet
 facet normal -0.94601041741535241 0.081323943183866931 0.31376855547785182
  outer loop
   vertex -0.065617308020591736 0.052457891404628754 0.024008739739656448
   vertex -0.066958919167518616 0.052457891404628754 0.019963789731264114
   vertex -0.066317632794380188 0.050500001758337021 0.022404719144105911
  endloop
 endfacet
 facet normal -0.93604947774395164 0.049402711020929746 0.34838304688813121
  outer loop
   vertex -0.064828403294086456 0.050500001758337021 0.026406040415167809
   vertex -0.065617308020591736 0.052457891404628754 0.024008739739656448
   vertex -0.066317632794380188 0.050500001758337021 0.022404719144105911
  endloop
 endfacet
 facet normal -0.9251220998419365 0.081324418092882336 0.37085770776121163
  outer loop
   vertex -0.064031593501567841 0.052457891404628754 0.027964379638433456
   vertex -0.065617308020591736 0.052457891404628754 0.024008739739656448
   vertex -0.064828403294086456 0.050500001758337021 0.026406040415167809
  endloop
 endfacet
 facet normal -0.91306852309899833 0.049400970713797551 0.40480293504166737
  outer loop
   vertex -0.0630979984998703 0.050500001758337021 0.030309120193123817
   vertex -0.064031593501567841 0.052457891404628754 0.027964379638433456
   vertex -0.064828403294086456 0.050500001758337021 0.026406040415167809
  endloop
 endfacet
 facet normal -0.90079133608542439 0.081322608247919217 0.42656957488924552
  outer loop
   vertex -0.062207669019699097 0.052457891404628754 0.03181597962975502
   vertex -0.064031593501567841 0.052457891404628754 0.027964379638433456
   vertex -0.0630979984998703 0.050500001758337021 0.030309120193123817
  endloop
 endfacet
 facet normal -0.88669193875753638 0.049402064490891233 0.4597138694519009
  outer loop
   vertex -0.061132870614528656 0.050500001758337021 0.034099441021680832
   vertex -0.062207669019699097 0.052457891404628754 0.03181597962975502
   vertex -0.0630979984998703 0.050500001758337021 0.030309120193123817
  endloop
 endfacet
 facet normal -0.87311107682014788 0.081322558119011901 0.48069084563255615
  outer loop
   vertex -0.060152329504489899 0.052457891404628754 0.035549230873584747
   vertex -0.062207669019699097 0.052457891404628754 0.03181597962975502
   vertex -0.061132870614528656 0.050500001758337021 0.034099441021680832
  endloop
 endfacet
 facet normal -0.85701704555703218 0.04940124446791145 0.51291451594755766
  outer loop
   vertex -0.058940321207046509 0.050500001758337021 0.037762921303510666
   vertex -0.060152329504489899 0.052457891404628754 0.035549230873584747
   vertex -0.061132870614528656 0.050500001758337021 0.034099441021680832
  endloop
 endfacet
 facet normal -0.84218178843979208 0.081323493294036681 0.53302563227185229
  outer loop
   vertex -0.05787321925163269 0.052457891404628754 0.039150230586528778
   vertex -0.060152329504489899 0.052457891404628754 0.035549230873584747
   vertex -0.058940321207046509 0.050500001758337021 0.037762921303510666
  endloop
 endfacet
 facet normal -0.8241546262169237 0.04940466894561979 0.56420592940132819
  outer loop
   vertex -0.056528519839048386 0.050500001758337021 0.041285920888185501
   vertex -0.05787321925163269 0.052457891404628754 0.039150230586528778
   vertex -0.058940321207046509 0.050500001758337021 0.037762921303510666
  endloop
 endfacet
 facet normal -0.80812015760536893 0.081328236377706226 0.58337597554198783
  outer loop
   vertex -0.05537882074713707 0.052457891404628754 0.04260559007525444
   vertex -0.05787321925163269 0.052457891404628754 0.039150230586528778
   vertex -0.056528519839048386 0.050500001758337021 0.041285920888185501
  endloop
 endfacet
 facet normal -0.78822386289834123 0.049406462326297966 0.61340210583109089
  outer loop
   vertex -0.05390641838312149 0.050500001758337021 0.04465533047914505
   vertex -0.05537882074713707 0.052457891404628754 0.04260559007525444
   vertex -0.056528519839048386 0.050500001758337021 0.041285920888185501
  endloop
 endfacet
 facet normal -0.77105297459112565 0.081325532581501117 0.63155638554646254
  outer loop
   vertex -0.052678409963846207 0.052457891404628754 0.045902460813522339
   vertex -0.05537882074713707 0.052457891404628754 0.04260559007525444
   vertex -0.05390641838312149 0.050500001758337021 0.04465533047914505
  endloop
 endfacet
 facet normal -0.7493622812588574 0.049402498202909595 0.66031474661545531
  outer loop
   vertex -0.051083780825138092 0.050500001758337021 0.047858618199825287
   vertex -0.052678409963846207 0.052457891404628754 0.045902460813522339
   vertex -0.05390641838312149 0.050500001758337021 0.04465533047914505
  endloop
 endfacet
 facet normal -0.73111535985529241 0.081323768605979507 0.67738967754416479
  outer loop
   vertex -0.049782030284404755 0.052457891404628754 0.049028560519218445
   vertex -0.052678409963846207 0.052457891404628754 0.045902460813522339
   vertex -0.051083780825138092 0.050500001758337021 0.047858618199825287
  endloop
 endfacet
 facet normal -0.70771330880662608 0.049402961245289423 0.70477033135495537
  outer loop
   vertex -0.048071108758449554 0.050500001758337021 0.05088387057185173
   vertex -0.049782030284404755 0.052457891404628754 0.049028560519218445
   vertex -0.051083780825138092 0.050500001758337021 0.047858618199825287
  endloop
 endfacet
 facet normal -0.68846049613184557 0.081322493436386686 0.72070021321433086
  outer loop
   vertex -0.046700458973646164 0.052457891404628754 0.051972281187772751
   vertex -0.049782030284404755 0.052457891404628754 0.049028560519218445
   vertex -0.048071108758449554 0.050500001758337021 0.05088387057185173
  endloop
 endfacet
 facet normal -0.6634323527646574 0.049401177259187759 0.74660366794609134
  outer loop
   vertex -0.044879619032144547 0.050500001758337021 0.053719829767942429
   vertex -0.046700458973646164 0.052457891404628754 0.051972281187772751
   vertex -0.048071108758449554 0.050500001758337021 0.05088387057185173
  endloop
 endfacet
 facet normal -0.64324177259515125 0.081324439918685279 0.76133196272096704
  outer loop
   vertex -0.043445158749818802 0.052457891404628754 0.054722651839256287
   vertex -0.046700458973646164 0.052457891404628754 0.051972281187772751
   vertex -0.044879619032144547 0.050500001758337021 0.053719829767942429
  endloop
 endfacet
 facet normal -0.61668196298086575 0.049404209920888682 0.78566060138978522
  outer loop
   vertex -0.041521169245243073 0.050500001758337021 0.056355949491262436
   vertex -0.043445158749818802 0.052457891404628754 0.054722651839256287
   vertex -0.044879619032144547 0.050500001758337021 0.053719829767942429
  endloop
 endfacet
 facet normal -0.59563319526226877 0.081324206272236271 0.79912919492147882
  outer loop
   vertex -0.040028240531682968 0.052457891404628754 0.057269461452960968
   vertex -0.043445158749818802 0.052457891404628754 0.054722651839256287
   vertex -0.041521169245243073 0.050500001758337021 0.056355949491262436
  endloop
 endfacet
 facet normal -0.56763710220261665 0.049401054867960398 0.82179538571407718
  outer loop
   vertex -0.038008250296115875 0.050500001758337021 0.058782421052455902
   vertex -0.040028240531682968 0.052457891404628754 0.057269461452960968
   vertex -0.041521169245243073 0.050500001758337021 0.056355949491262436
  endloop
 endfacet
 facet normal -0.54580649229652645 0.081321002819255986 0.83395573471703666
  outer loop
   vertex -0.036462411284446716 0.052457891404628754 0.059603221714496613
   vertex -0.040028240531682968 0.052457891404628754 0.057269461452960968
   vertex -0.038008250296115875 0.050500001758337021 0.058782421052455902
  endloop
 endfacet
 facet normal -0.51648319896130879 0.049400677121786848 0.85487114718570434
  outer loop
   vertex -0.034353949129581451 0.050500001758337021 0.060990221798419952
   vertex -0.036462411284446716 0.052457891404628754 0.059603221714496613
   vertex -0.038008250296115875 0.050500001758337021 0.058782421052455902
  endloop
 endfacet
 facet normal -0.49394772434864342 0.081326338955639038 0.86567989014581448
  outer loop
   vertex -0.032760940492153168 0.052457891404628754 0.061715241521596909
   vertex -0.036462411284446716 0.052457891404628754 0.059603221714496613
   vertex -0.034353949129581451 0.050500001758337021 0.060990221798419952
  endloop
 endfacet
 facet normal -0.46340297602479502 0.049405086549943654 0.88476935934420553
  outer loop
   vertex -0.030571840703487396 0.050500001758337021 0.062971122562885284
   vertex -0.032760940492153168 0.052457891404628754 0.061715241521596909
   vertex -0.034353949129581451 0.050500001758337021 0.060990221798419952
  endloop
 endfacet
 facet normal -0.44025597482991302 0.081323172607681529 0.89418187088734025
  outer loop
   vertex -0.028937600553035736 0.052457891404628754 0.063597686588764191
   vertex -0.032760940492153168 0.052457891404628754 0.061715241521596909
   vertex -0.030571840703487396 0.050500001758337021 0.062971122562885284
  endloop
 endfacet
 facet normal -0.40860469771454072 0.049402360526415758 0.91137347326989204
  outer loop
   vertex -0.026676010340452194 0.050500001758337021 0.064717777073383331
   vertex -0.028937600553035736 0.052457891404628754 0.063597686588764191
   vertex -0.030571840703487396 0.050500001758337021 0.062971122562885284
  endloop
 endfacet
 facet normal -0.38492432756207345 0.081323983195514343 0.91935829348959541
  outer loop
   vertex -0.025006599724292755 0.052457891404628754 0.065243549644947052
   vertex -0.028937600553035736 0.052457891404628754 0.063597686588764191
   vertex -0.026676010340452194 0.050500001758337021 0.064717777073383331
  endloop
 endfacet
 facet normal -0.35228418697990166 0.04940324476300529 0.93458823607554375
  outer loop
   vertex -0.022680940106511116 0.050500001758337021 0.066223680973052979
   vertex -0.025006599724292755 0.052457891404628754 0.065243549644947052
   vertex -0.026676010340452194 0.050500001758337021 0.064717777073383331
  endloop
 endfacet
 facet normal -0.32815880796780217 0.081327713617297862 0.94111508315983006
  outer loop
   vertex -0.020982589572668076 0.052457891404628754 0.066646687686443329
   vertex -0.025006599724292755 0.052457891404628754 0.065243549644947052
   vertex -0.022680940106511116 0.050500001758337021 0.066223680973052979
  endloop
 endfacet
 facet normal -0.29464980283268299 0.049406160908689378 0.95432726302612014
  outer loop
   vertex -0.018601490184664726 0.050500001758337021 0.067483216524124146
   vertex -0.020982589572668076 0.052457891404628754 0.066646687686443329
   vertex -0.022680940106511116 0.050500001758337021 0.066223680973052979
  endloop
 endfacet
 facet normal -0.27017606595109378 0.081324693829237973 0.95937020360274428
  outer loop
   vertex -0.016880510374903679 0.052457891404628754 0.067801907658576965
   vertex -0.020982589572668076 0.052457891404628754 0.066646687686443329
   vertex -0.018601490184664726 0.050500001758337021 0.067483216524124146
  endloop
 endfacet
 facet normal -0.23592482252953753 0.049403925433835226 0.97051467287524007
  outer loop
   vertex -0.014452850446105003 0.050500001758337021 0.068491719663143158
   vertex -0.016880510374903679 0.052457891404628754 0.067801907658576965
   vertex -0.018601490184664726 0.050500001758337021 0.067483216524124146
  endloop
 endfacet
 facet normal -0.21118749764009492 0.081324540034243775 0.9740565486812014
  outer loop
   vertex -0.012715639546513557 0.052457891404628754 0.068704903125762939
   vertex -0.016880510374903679 0.052457891404628754 0.067801907658576965
   vertex -0.014452850446105003 0.050500001758337021 0.068491719663143158
  endloop
 endfacet
 facet normal -0.17631734615125352 0.049400769631259278 0.98309295461111845
  outer loop
   vertex -0.010250439867377281 0.050500001758337021 0.069245420396327972
   vertex -0.012715639546513557 0.052457891404628754 0.068704903125762939
   vertex -0.014452850446105003 0.050500001758337021 0.068491719663143158
  endloop
 endfacet
 facet normal -0.15140931641722122 0.081322409877880267 0.98512023862761233
  outer loop
   vertex -0.0085034631192684174 0.052457891404628754 0.069352298974990845
   vertex -0.012715639546513557 0.052457891404628754 0.068704903125762939
   vertex -0.010250439867377281 0.050500001758337021 0.069245420396327972
  endloop
 endfacet
 facet normal -0.11605800049434746 0.049403031595252854 0.99201304476828955
  outer loop
   vertex -0.0060098930262029171 0.050500001758337021 0.069741532206535339
   vertex -0.0085034631192684174 0.052457891404628754 0.069352298974990845
   vertex -0.010250439867377281 0.050500001758337021 0.069245420396327972
  endloop
 endfacet
 facet normal -0.091073501010951963 0.081323709098479732 0.9925180460586468
  outer loop
   vertex -0.0042596547864377499 0.052457891404628754 0.069741711020469666
   vertex -0.0085034631192684174 0.052457891404628754 0.069352298974990845
   vertex -0.0060098930262029171 0.050500001758337021 0.069741532206535339
  endloop
 endfacet
 facet normal -0.055364967456840226 0.049401947844394181 0.99724328422290365
  outer loop
   vertex -0.0017469939775764942 0.050500001758337021 0.069978199899196625
   vertex -0.0042596547864377499 0.052457891404628754 0.069741711020469666
   vertex -0.0060098930262029171 0.050500001758337021 0.069741532206535339
  endloop
 endfacet
 facet normal -0.030394425294271315 0.081324827831231877 0.99622409692260083
  outer loop
   vertex 2.2534401663026852e-17 0.052457891404628754 0.069871671497821808
   vertex -0.0042596547864377499 0.052457891404628754 0.069741711020469666
   vertex -0.0017469939775764942 0.050500001758337021 0.069978199899196625
  endloop
 endfacet
 facet normal 0.0055356237582395587 0.049403185716299654 0.99876357668403604
  outer loop
   vertex 0.0025224050041288137 0.050500001758337021 0.069954536855220795
   vertex 2.2534401663026852e-17 0.052457891404628754 0.069871671497821808
   vertex -0.0017469939775764942 0.050500001758337021 0.069978199899196625
  endloop
 endfacet
 facet normal 0.030394432265759538 0.08132202605094796 0.99622432542385297
  outer loop
   vertex 0.0042596547864377499 0.052457891404628754 0.069741711020469666
   vertex 2.2534401663026852e-17 0.052457891404628754 0.069871671497821808
   vertex 0.0025224050041288137 0.050500001758337021 0.069954536855220795
  endloop
 endfacet
 facet normal 0.066411832671400467 0.049400949030727212 0.9965686201742906
  outer loop
   vertex 0.0067824190482497215 0.050500001758337021 0.069670647382736206
   vertex 0.0042596547864377499 0.052457891404628754 0.069741711020469666
   vertex 0.0025224050041288137 0.050500001758337021 0.069954536855220795
  endloop
 endfacet
 facet normal 0.091073492754270333 0.081324816516497547 0.99251795607741822
  outer loop
   vertex 0.0085034631192684174 0.052457891404628754 0.069352298974990845
   vertex 0.0042596547864377499 0.052457891404628754 0.069741711020469666
   vertex 0.0067824190482497215 0.050500001758337021 0.069670647382736206
  endloop
 endfacet
 facet normal 0.12704579153246578 0.049402923430959554 0.99066579531664645
  outer loop
   vertex 0.011017199605703354 0.050500001758337021 0.069127567112445831
   vertex 0.0085034631192684174 0.052457891404628754 0.069352298974990845
   vertex 0.0067824190482497215 0.050500001758337021 0.069670647382736206
  endloop
 endfacet
 facet normal 0.15140934841026707 0.081319828699524199 0.98512044678519295
  outer loop
   vertex 0.012715639546513557 0.052457891404628754 0.068704903125762939
   vertex 0.0085034631192684174 0.052457891404628754 0.069352298974990845
   vertex 0.011017199605703354 0.050500001758337021 0.069127567112445831
  endloop
 endfacet
 facet normal 0.18720207585738416 0.049397634774931788 0.98107861890540071
  outer loop
   vertex 0.015211000107228756 0.050500001758337021 0.068327337503433228
   vertex 0.012715639546513557 0.052457891404628754 0.068704903125762939
   vertex 0.011017199605703354 0.050500001758337021 0.069127567112445831
  endloop
 endfacet
 facet normal 0.21118754842400173 0.081321602639195176 0.97405678291096187
  outer loop
   vertex 0.016880510374903679 0.052457891404628754 0.067801907658576965
   vertex 0.012715639546513557 0.052457891404628754 0.068704903125762939
   vertex 0.015211000107228756 0.050500001758337021 0.068327337503433228
  endloop
 endfacet
 facet normal 0.24666265211132726 0.049403643955917398 0.96784131758118452
  outer loop
   vertex 0.019348220899701118 0.050500001758337021 0.067272931337356567
   vertex 0.016880510374903679 0.052457891404628754 0.067801907658576965
   vertex 0.015211000107228756 0.050500001758337021 0.068327337503433228
  endloop
 endfacet
 facet normal 0.27017598262971376 0.081328460825438195 0.95936990773623598
  outer loop
   vertex 0.020982589572668076 0.052457891404628754 0.066646687686443329
   vertex 0.016880510374903679 0.052457891404628754 0.067801907658576965
   vertex 0.019348220899701118 0.050500001758337021 0.067272931337356567
  endloop
 endfacet
 facet normal 0.30521095602974802 0.049406207585794955 0.95100226023464141
  outer loop
   vertex 0.02341344952583313 0.050500001758337021 0.065968252718448639
   vertex 0.020982589572668076 0.052457891404628754 0.066646687686443329
   vertex 0.019348220899701118 0.050500001758337021 0.067272931337356567
  endloop
 endfacet
 facet normal 0.32815891654050372 0.081323672263919511 0.94111539453165538
  outer loop
   vertex 0.025006599724292755 0.052457891404628754 0.065243549644947052
   vertex 0.020982589572668076 0.052457891404628754 0.066646687686443329
   vertex 0.02341344952583313 0.050500001758337021 0.065968252718448639
  endloop
 endfacet
 facet normal 0.36261959260351295 0.049400523598896913 0.93062700333066684
  outer loop
   vertex 0.027391590178012848 0.050500001758337021 0.064418166875839233
   vertex 0.025006599724292755 0.052457891404628754 0.065243549644947052
   vertex 0.02341344952583313 0.050500001758337021 0.065968252718448639
  endloop
 endfacet
 facet normal 0.38492440801677974 0.081321430009077197 0.91935848564866718
  outer loop
   vertex 0.028937600553035736 0.052457891404628754 0.063597686588764191
   vertex 0.025006599724292755 0.052457891404628754 0.065243549644947052
   vertex 0.027391590178012848 0.050500001758337021 0.064418166875839233
  endloop
 endfacet
 facet normal 0.41867870817767783 0.049400897544545498 0.90678977202020994
  outer loop
   vertex 0.031267829239368439 0.050500001758337021 0.062628448009490967
   vertex 0.028937600553035736 0.052457891404628754 0.063597686588764191
   vertex 0.027391590178012848 0.050500001758337021 0.064418166875839233
  endloop
 endfacet
 facet normal 0.44025597961960666 0.081323039713246947 0.89418188061544723
  outer loop
   vertex 0.032760940492153168 0.052457891404628754 0.061715241521596909
   vertex 0.028937600553035736 0.052457891404628754 0.063597686588764191
   vertex 0.031267829239368439 0.050500001758337021 0.062628448009490967
  endloop
 endfacet
 facet normal 0.47318100434706778 0.049402837820914473 0.87957893150094313
  outer loop
   vertex 0.035027749836444855 0.050500001758337021 0.060605749487876892
   vertex 0.032760940492153168 0.052457891404628754 0.061715241521596909
   vertex 0.031267829239368439 0.050500001758337021 0.062628448009490967
  endloop
 endfacet
 facet normal 0.49394788072377105 0.081322471868955457 0.86568016420478189
  outer loop
   vertex 0.036462411284446716 0.052457891404628754 0.059603221714496613
   vertex 0.032760940492153168 0.052457891404628754 0.061715241521596909
   vertex 0.035027749836444855 0.050500001758337021 0.060605749487876892
  endloop
 endfacet
 facet normal 0.5259249429159224 0.049398756901981471 0.84909523449105673
  outer loop
   vertex 0.038657359778881073 0.050500001758337021 0.058357588946819305
   vertex 0.036462411284446716 0.052457891404628754 0.059603221714496613
   vertex 0.035027749836444855 0.050500001758337021 0.060605749487876892
  endloop
 endfacet
 facet normal 0.54580656032618236 0.0813194802418854 0.8339558386617909
  outer loop
   vertex 0.040028240531682968 0.052457891404628754 0.057269461452960968
   vertex 0.036462411284446716 0.052457891404628754 0.059603221714496613
   vertex 0.038657359778881073 0.050500001758337021 0.058357588946819305
  endloop
 endfacet
 facet normal 0.57670903499384341 0.049399796727303456 0.81545468852645087
  outer loop
   vertex 0.042143169790506363 0.050500001758337021 0.055892340838909149
   vertex 0.040028240531682968 0.052457891404628754 0.057269461452960968
   vertex 0.038657359778881073 0.050500001758337021 0.058357588946819305
  endloop
 endfacet
 facet normal 0.59563317143410621 0.081324694934396563 0.7991291629525078
  outer loop
   vertex 0.043445158749818802 0.052457891404628754 0.054722651839256287
   vertex 0.040028240531682968 0.052457891404628754 0.057269461452960968
   vertex 0.042143169790506363 0.050500001758337021 0.055892340838909149
  endloop
 endfacet
 facet normal 0.62535159609904323 0.049403603811888658 0.77877767378551432
  outer loop
   vertex 0.045472200959920883 0.050500001758337021 0.053219158202409744
   vertex 0.043445158749818802 0.052457891404628754 0.054722651839256287
   vertex 0.042143169790506363 0.050500001758337021 0.055892340838909149
  endloop
 endfacet
 facet normal 0.64325736782723919 0.081350928577211989 0.76131595619400849
  outer loop
   vertex 0.046702679246664047 0.052457891404628754 0.051970280706882477
   vertex 0.043445158749818802 0.052457891404628754 0.054722651839256287
   vertex 0.045472200959920883 0.050500001758337021 0.053219158202409744
  endloop
 endfacet
 facet normal 0.67166461273116618 0.049395064206352549 0.73920685578310419
  outer loop
   vertex 0.048632070422172546 0.050500001758337021 0.050348009914159775
   vertex 0.046702679246664047 0.052457891404628754 0.051970280706882477
   vertex 0.045472200959920883 0.050500001758337021 0.053219158202409744
  endloop
 endfacet
 facet normal 0.68847610959860273 0.081307029031984904 0.7206870427182418
  outer loop
   vertex 0.049782030284404755 0.052457891404628754 0.049028560519218445
   vertex 0.046702679246664047 0.052457891404628754 0.051970280706882477
   vertex 0.048632070422172546 0.050500001758337021 0.050348009914159775
  endloop
 endfacet
 facet normal 0.71548118814074491 0.049403816058216803 0.69688301197230662
  outer loop
   vertex 0.051611028611660004 0.050500001758337021 0.047289550304412842
   vertex 0.049782030284404755 0.052457891404628754 0.049028560519218445
   vertex 0.048632070422172546 0.050500001758337021 0.050348009914159775
  endloop
 endfacet
 facet normal 0.7311154133936113 0.081322874102651529 0.67738972714824452
  outer loop
   vertex 0.052678409963846207 0.052457891404628754 0.045902460813522339
   vertex 0.049782030284404755 0.052457891404628754 0.049028560519218445
   vertex 0.051611028611660004 0.050500001758337021 0.047289550304412842
  endloop
 endfacet
 facet normal 0.75663450109271857 0.049401142257172181 0.65196913953028435
  outer loop
   vertex 0.054397989064455032 0.050500001758337021 0.044055178761482239
   vertex 0.052678409963846207 0.052457891404628754 0.045902460813522339
   vertex 0.051611028611660004 0.050500001758337021 0.047289550304412842
  endloop
 endfacet
 facet normal 0.77105305829502535 0.081324206542715549 0.63155645410690409
  outer loop
   vertex 0.05537882074713707 0.052457891404628754 0.04260559007525444
   vertex 0.052678409963846207 0.052457891404628754 0.045902460813522339
   vertex 0.054397989064455032 0.050500001758337021 0.044055178761482239
  endloop
 endfacet
 facet normal 0.79497277439036229 0.049405376554647724 0.60462996679422343
  outer loop
   vertex 0.05698259174823761 0.050500001758337021 0.040656920522451401
   vertex 0.05537882074713707 0.052457891404628754 0.04260559007525444
   vertex 0.054397989064455032 0.050500001758337021 0.044055178761482239
  endloop
 endfacet
 facet normal 0.80812012535146827 0.081328723885485302 0.5833759522581351
  outer loop
   vertex 0.05787321925163269 0.052457891404628754 0.039150230586528778
   vertex 0.05537882074713707 0.052457891404628754 0.04260559007525444
   vertex 0.05698259174823761 0.050500001758337021 0.040656920522451401
  endloop
 endfacet
 facet normal 0.830356763604297 0.049405731160530791 0.55503758329061903
  outer loop
   vertex 0.059355199337005615 0.050500001758337021 0.037107411772012711
   vertex 0.05787321925163269 0.052457891404628754 0.039150230586528778
   vertex 0.05698259174823761 0.050500001758337021 0.040656920522451401
  endloop
 endfacet
 facet normal 0.84218180862432934 0.081323200531191769 0.53302564504685623
  outer loop
   vertex 0.060152329504489899 0.052457891404628754 0.035549230873584747
   vertex 0.05787321925163269 0.052457891404628754 0.039150230586528778
   vertex 0.059355199337005615 0.050500001758337021 0.037107411772012711
  endloop
 endfacet
 facet normal 0.86264800792259966 0.049402303592260312 0.50338635939698306
  outer loop
   vertex 0.061507020145654678 0.050500001758337021 0.033419858664274216
   vertex 0.060152329504489899 0.052457891404628754 0.035549230873584747
   vertex 0.059355199337005615 0.050500001758337021 0.037107411772012711
  endloop
 endfacet
 facet normal 0.87311089251821894 0.081325136581014174 0.48069074416522573
  outer loop
   vertex 0.062207669019699097 0.052457891404628754 0.03181597962975502
   vertex 0.060152329504489899 0.052457891404628754 0.035549230873584747
   vertex 0.061507020145654678 0.050500001758337021 0.033419858664274216
  endloop
 endfacet
 facet normal 0.89173248166428809 0.049403644899445737 0.44985826769717102
  outer loop
   vertex 0.063430018723011017 0.050500001758337021 0.029607990756630898
   vertex 0.062207669019699097 0.052457891404628754 0.03181597962975502
   vertex 0.061507020145654678 0.050500001758337021 0.033419858664274216
  endloop
 endfacet
 facet normal 0.90079131907112386 0.08132283897378792 0.42656956683212655
  outer loop
   vertex 0.064031593501567841 0.052457891404628754 0.027964379638433456
   vertex 0.062207669019699097 0.052457891404628754 0.03181597962975502
   vertex 0.063430018723011017 0.050500001758337021 0.029607990756630898
  endloop
 endfacet
 facet normal 0.91749884443450647 0.049400720179422396 0.39465863642786225
  outer loop
   vertex 0.065117061138153076 0.050500001758337021 0.025685969740152359
   vertex 0.064031593501567841 0.052457891404628754 0.027964379638433456
   vertex 0.063430018723011017 0.050500001758337021 0.029607990756630898
  endloop
 endfacet
 facet normal 0.92512210019252294 0.081324413463816372 0.37085770790175276
  outer loop
   vertex 0.065617308020591736 0.052457891404628754 0.024008739739656448
   vertex 0.064031593501567841 0.052457891404628754 0.027964379638433456
   vertex 0.065117061138153076 0.050500001758337021 0.025685969740152359
  endloop
 endfacet
 facet normal 0.93985193307462123 0.049405022761563097 0.33799036616718392
  outer loop
   vertex 0.066561862826347351 0.050500001758337021 0.02166840061545372
   vertex 0.065617308020591736 0.052457891404628754 0.024008739739656448
   vertex 0.065117061138153076 0.050500001758337021 0.025685969740152359
  endloop
 endfacet
 facet normal 0.9460100027174736 0.081329297713071749 0.31376841793269167
  outer loop
   vertex 0.066958919167518616 0.052457891404628754 0.019963789731264114
   vertex 0.065617308020591736 0.052457891404628754 0.024008739739656448
   vertex 0.066561862826347351 0.050500001758337021 0.02166840061545372
  endloop
 endfacet
 facet normal 0.95870979637813047 0.049407317639038738 0.28006149912531492
  outer loop
   vertex 0.067759037017822266 0.050500001758337021 0.017570219933986664
   vertex 0.066958919167518616 0.052457891404628754 0.019963789731264114
   vertex 0.066561862826347351 0.050500001758337021 0.02166840061545372
  endloop
 endfacet
 facet normal 0.96337864794437089 0.081323756683446935 0.25551521928011911
  outer loop
   vertex 0.068051449954509735 0.052457891404628754 0.015844579786062241
   vertex 0.066958919167518616 0.052457891404628754 0.019963789731264114
   vertex 0.067759037017822266 0.050500001758337021 0.017570219933986664
  endloop
 endfacet
 facet normal 0.97399967971881674 0.049402342456946795 0.22109733708800935
  outer loop
   vertex 0.068704158067703247 0.050500001758337021 0.013406679965555668
   vertex 0.068051449954509735 0.052457891404628754 0.015844579786062241
   vertex 0.067759037017822266 0.050500001758337021 0.017570219933986664
  endloop
 endfacet
 facet normal 0.97716418121480553 0.08132606070681056 0.196306481810232
  outer loop
   vertex 0.06889081746339798 0.052457891404628754 0.011666419915854931
   vertex 0.068051449954509735 0.052457891404628754 0.015844579786062241
   vertex 0.068704158067703247 0.050500001758337021 0.013406679965555668
  endloop
 endfacet
 facet normal 0.98566720692522891 0.049404624596820795 0.16130511542001794
  outer loop
   vertex 0.069393686950206757 0.050500001758337021 0.0091932611539959908
   vertex 0.06889081746339798 0.052457891404628754 0.011666419915854931
   vertex 0.068704158067703247 0.050500001758337021 0.013406679965555668
  endloop
 endfacet
 facet normal 0.98731426947511702 0.081325366925568868 0.13636978398911354
  outer loop
   vertex 0.069473907351493835 0.052457891404628754 0.0074448618106544018
   vertex 0.06889081746339798 0.052457891404628754 0.011666419915854931
   vertex 0.069393686950206757 0.050500001758337021 0.0091932611539959908
  endloop
 endfacet
 facet normal 0.99366761286728655 0.049404156861971887 0.10091533294493082
  outer loop
   vertex 0.069825068116188049 0.050500001758337021 0.0049456460401415825
   vertex 0.069473907351493835 0.052457891404628754 0.0074448618106544018
   vertex 0.069393686950206757 0.050500001758337021 0.0091932611539959908
  endloop
 endfacet
 facet normal 0.99379152784468705 0.081322725042132768 0.075927686490795912
  outer loop
   vertex 0.069798558950424194 0.052457891404628754 0.0031956080347299576
   vertex 0.069473907351493835 0.052457891404628754 0.0074448618106544018
   vertex 0.069825068116188049 0.050500001758337021 0.0049456460401415825
  endloop
 endfacet
 facet normal 0.064395876931565427 0.99792315152485334 -0.0015983381742290708
  outer loop
   vertex 0.054997410625219345 0.06549999862909317 0.00053399737225845456
   vertex 0.056951269507408142 0.065371669828891754 -0.00086859980365261436
   vertex 0.054903201758861542 0.06549999862909317 -0.0032616090029478073
  endloop
 endfacet
 facet normal 0.066260793326563344 0.99780182694949204 0.0010106453336125849
  outer loop
   vertex 0.056898288428783417 0.065371669828891754 0.0026049909647554159
   vertex 0.056951269507408142 0.065371669828891754 -0.00086859980365261436
   vertex 0.054997410625219345 0.06549999862909317 0.00053399737225845456
  endloop
 endfacet
 facet normal 0.064271026367520426 0.99792842539284554 0.0028448132841145161
  outer loop
   vertex 0.054829519242048264 0.06549999862909317 0.0043270587921142578
   vertex 0.056898288428783417 0.065371669828891754 0.0026049909647554159
   vertex 0.054997410625219345 0.06549999862909317 0.00053399737225845456
  endloop
 endfacet
 facet normal 0.066098568307405486 0.99780031990581797 0.0050498379735158007
  outer loop
   vertex 0.056633651256561279 0.065371669828891754 0.0060688918456435204
   vertex 0.056898288428783417 0.065371669828891754 0.0026049909647554159
   vertex 0.054829519242048264 0.06549999862909317 0.0043270587921142578
  endloop
 endfacet
 facet normal 0.063958092915350193 0.99792605949694024 0.0072761341068298575
  outer loop
   vertex 0.054400350898504257 0.06549999862909317 0.0080995000898838043
   vertex 0.056633651256561279 0.065371669828891754 0.0060688918456435204
   vertex 0.054829519242048264 0.06549999862909317 0.0043270587921142578
  endloop
 endfacet
 facet normal 0.065570382344230863 0.99780684384980955 0.0090568938225598396
  outer loop
   vertex 0.056158319115638733 0.065371669828891754 0.0095102163031697273
   vertex 0.056633651256561279 0.065371669828891754 0.0060688918456435204
   vertex 0.054400350898504257 0.06549999862909317 0.0080995000898838043
  endloop
 endfacet
 facet normal 0.063457555685051861 0.99791595591460402 0.011699724677129462
  outer loop
   vertex 0.053711939603090286 0.06549999862909317 0.011833339929580688
   vertex 0.056158319115638733 0.065371669828891754 0.0095102163031697273
   vertex 0.054400350898504257 0.06549999862909317 0.0080995000898838043
  endloop
 endfacet
 facet normal 0.064681713037378269 0.99782134195868211 0.012994057500457524
  outer loop
   vertex 0.055474091321229935 0.065371669828891754 0.012916159816086292
   vertex 0.056158319115638733 0.065371669828891754 0.0095102163031697273
   vertex 0.053711939603090286 0.06549999862909317 0.011833339929580688
  endloop
 endfacet
 facet normal 0.062767210637380624 0.99789802235687408 0.016118754450710458
  outer loop
   vertex 0.052767559885978699 0.06549999862909317 0.015510800294578075
   vertex 0.055474091321229935 0.065371669828891754 0.012916159816086292
   vertex 0.053711939603090286 0.06549999862909317 0.011833339929580688
  endloop
 endfacet
 facet normal 0.063443705118904403 0.9978435470742949 0.016827116300033213
  outer loop
   vertex 0.054583478718996048 0.065371669828891754 0.016274059191346169
   vertex 0.055474091321229935 0.065371669828891754 0.012916159816086292
   vertex 0.052767559885978699 0.06549999862909317 0.015510800294578075
  endloop
 endfacet
 facet normal 0.06189030610890138 0.99787183794388246 0.020527665435805684
  outer loop
   vertex 0.053489819169044495 0.065371669828891754 0.019571410492062569
   vertex 0.054583478718996048 0.065371669828891754 0.016274059191346169
   vertex 0.052767559885978699 0.06549999862909317 0.015510800294578075
  endloop
 endfacet
 facet normal 0.18525130080102009 0.98076837874273681 0.061443818321076406
  outer loop
   vertex 0.056427650153636932 0.064988888800144196 0.016823900863528252
   vertex 0.054583478718996048 0.065371669828891754 0.016274059191346169
   vertex 0.053489819169044495 0.065371669828891754 0.019571410492062569
  endloop
 endfacet
 facet normal 0.18525125675343737 0.98076839011252392 0.061443769638265359
  outer loop
   vertex 0.055297039449214935 0.064988888800144196 0.020232660695910454
   vertex 0.056427650153636932 0.064988888800144196 0.016823900863528252
   vertex 0.053489819169044495 0.065371669828891754 0.019571410492062569
  endloop
 endfacet
 facet normal 0.30522356624235791 0.94688428942278779 0.10123594744259289
  outer loop
   vertex 0.058208171278238297 0.064358189702033997 0.017354760318994522
   vertex 0.056427650153636932 0.064988888800144196 0.016823900863528252
   vertex 0.055297039449214935 0.064988888800144196 0.020232660695910454
  endloop
 endfacet
 facet normal 0.30522417450470718 0.94688402128609017 0.10123662149144955
  outer loop
   vertex 0.057041879743337631 0.064358189702033997 0.020871080458164215
   vertex 0.058208171278238297 0.064358189702033997 0.017354760318994522
   vertex 0.055297039449214935 0.064988888800144196 0.020232660695910454
  endloop
 endfacet
 facet normal 0.4199549768372185 0.8967920486164993 0.13929048412534667
  outer loop
   vertex 0.059894561767578125 0.063490383327007294 0.017857549712061882
   vertex 0.058208171278238297 0.064358189702033997 0.017354760318994522
   vertex 0.057041879743337631 0.064358189702033997 0.020871080458164215
  endloop
 endfacet
 facet normal 0.41995455940772208 0.89679231749367583 0.13929001154780599
  outer loop
   vertex 0.05869448184967041 0.063490383327007294 0.021475749090313911
   vertex 0.059894561767578125 0.063490383327007294 0.017857549712061882
   vertex 0.057041879743337631 0.064358189702033997 0.020871080458164215
  endloop
 endfacet
 facet normal 0.52749278729323112 0.83134890513735382 0.17495815865669465
  outer loop
   vertex 0.06145796924829483 0.062400300055742264 0.018323680385947227
   vertex 0.059894561767578125 0.063490383327007294 0.017857549712061882
   vertex 0.05869448184967041 0.063490383327007294 0.021475749090313911
  endloop
 endfacet
 facet normal 0.52749192321310912 0.83134966837425972 0.17495713714777025
  outer loop
   vertex 0.060226570814847946 0.062400300055742264 0.022036319598555565
   vertex 0.06145796924829483 0.062400300055742264 0.018323680385947227
   vertex 0.05869448184967041 0.063490383327007294 0.021475749090313911
  endloop
 endfacet
 facet normal 0.62598640028380681 0.75168654853174455 0.20762552688952945
  outer loop
   vertex 0.062871649861335754 0.061106599867343903 0.018745170906186104
   vertex 0.06145796924829483 0.062400300055742264 0.018323680385947227
   vertex 0.060226570814847946 0.062400300055742264 0.022036319598555565
  endloop
 endfacet
 facet normal 0.62598539259565678 0.75168774086233259 0.20762424832890805
  outer loop
   vertex 0.061611931771039963 0.061106599867343903 0.022543210536241531
   vertex 0.062871649861335754 0.061106599867343903 0.018745170906186104
   vertex 0.060226570814847946 0.062400300055742264 0.022036319598555565
  endloop
 endfacet
 facet normal 0.71375602170302388 0.65917264392025765 0.23673564790679477
  outer loop
   vertex 0.064111419022083282 0.059631418436765671 0.019114809110760689
   vertex 0.062871649861335754 0.061106599867343903 0.018745170906186104
   vertex 0.061611931771039963 0.061106599867343903 0.022543210536241531
  endloop
 endfacet
 facet normal 0.71375675425793772 0.65917147885697536 0.23673668328478789
  outer loop
   vertex 0.062826856970787048 0.059631418436765671 0.022987740114331245
   vertex 0.064111419022083282 0.059631418436765671 0.019114809110760689
   vertex 0.061611931771039963 0.061106599867343903 0.022543210536241531
  endloop
 endfacet
 facet normal 0.78930563876998605 0.55539197299543019 0.26179450899158946
  outer loop
   vertex 0.065156057476997375 0.057999998331069946 0.019426269456744194
   vertex 0.064111419022083282 0.059631418436765671 0.019114809110760689
   vertex 0.062826856970787048 0.059631418436765671 0.022987740114331245
  endloop
 endfacet
 facet normal 0.78930623312753778 0.55539066201490828 0.26179549822840503
  outer loop
   vertex 0.063850559294223785 0.057999998331069946 0.023362310603260994
   vertex 0.065156057476997375 0.057999998331069946 0.019426269456744194
   vertex 0.062826856970787048 0.059631418436765671 0.022987740114331245
  endloop
 endfacet
 facet normal 0.85134789382617659 0.44212221648651184 0.28237335102092614
  outer loop
   vertex 0.065987691283226013 0.056240249425172806 0.019674219191074371
   vertex 0.065156057476997375 0.057999998331069946 0.019426269456744194
   vertex 0.063850559294223785 0.057999998331069946 0.023362310603260994
  endloop
 endfacet
 facet normal 0.85134658069081859 0.44212655230124126 0.28237052129475082
  outer loop
   vertex 0.064665541052818298 0.056240249425172806 0.023660499602556229
   vertex 0.065987691283226013 0.056240249425172806 0.019674219191074371
   vertex 0.063850559294223785 0.057999998331069946 0.023362310603260994
  endloop
 endfacet
 facet normal 0.89882528870989797 0.3213078596523069 0.29811802981574598
  outer loop
   vertex 0.066592097282409668 0.054382290691137314 0.01985442079603672
   vertex 0.065987691283226013 0.056240249425172806 0.019674219191074371
   vertex 0.064665541052818298 0.056240249425172806 0.023660499602556229
  endloop
 endfacet
 facet normal 0.89882567057922425 0.3213055791761501 0.29811933633712279
  outer loop
   vertex 0.065257832407951355 0.054382290691137314 0.023877210915088654
   vertex 0.066592097282409668 0.054382290691137314 0.01985442079603672
   vertex 0.064665541052818298 0.056240249425172806 0.023660499602556229
  endloop
 endfacet
 facet normal 0.93093347969788542 0.19499928370119049 0.3087687415099033
  outer loop
   vertex 0.066958919167518616 0.052457891404628754 0.019963789731264114
   vertex 0.066592097282409668 0.054382290691137314 0.01985442079603672
   vertex 0.065257832407951355 0.054382290691137314 0.023877210915088654
  endloop
 endfacet
 facet normal 0.93093341120884898 0.19500097373861722 0.30876788067421684
  outer loop
   vertex 0.065617308020591736 0.052457891404628754 0.024008739739656448
   vertex 0.066958919167518616 0.052457891404628754 0.019963789731264114
   vertex 0.065257832407951355 0.054382290691137314 0.023877210915088654
  endloop
 endfacet
 facet normal 0.066055050666241261 0.99781139682491626 -0.0030243425384371345
  outer loop
   vertex 0.056792378425598145 0.065371669828891754 -0.004338960163295269
   vertex 0.054903201758861542 0.06549999862909317 -0.0032616090029478073
   vertex 0.056951269507408142 0.065371669828891754 -0.00086859980365261436
  endloop
 endfacet
 facet normal 0.06433282354238111 0.99791012197731077 -0.0060560936496723596
  outer loop
   vertex 0.054547358304262161 0.06549999862909317 -0.0070416717790067196
   vertex 0.054903201758861542 0.06549999862909317 -0.0032616090029478073
   vertex 0.056792378425598145 0.065371669828891754 -0.004338960163295269
  endloop
 endfacet
 facet normal 0.065485352868032004 0.99782885605380855 -0.0070173061852141843
  outer loop
   vertex 0.05642222985625267 0.065371669828891754 -0.0077931787818670273
   vertex 0.054547358304262161 0.06549999862909317 -0.0070416717790067196
   vertex 0.056792378425598145 0.065371669828891754 -0.004338960163295269
  endloop
 endfacet
 facet normal 0.064080546940445723 0.99788914887652946 -0.010532333943100186
  outer loop
   vertex 0.053931578993797302 0.06549999862909317 -0.010788179934024811
   vertex 0.054547358304262161 0.06549999862909317 -0.0070416717790067196
   vertex 0.05642222985625267 0.065371669828891754 -0.0077931787818670273
  endloop
 endfacet
 facet normal 0.064560656351839704 0.99785389154367765 -0.010933104891024455
  outer loop
   vertex 0.055842179805040359 0.065371669828891754 -0.011218409985303879
   vertex 0.053931578993797302 0.06549999862909317 -0.010788179934024811
   vertex 0.05642222985625267 0.065371669828891754 -0.0077931787818670273
  endloop
 endfacet
 facet normal 0.063684053866955026 0.9978599489100255 -0.014827799713788592
  outer loop
   vertex 0.05505438894033432 0.065371669828891754 -0.014601900242269039
   vertex 0.053931578993797302 0.06549999862909317 -0.010788179934024811
   vertex 0.055842179805040359 0.065371669828891754 -0.011218409985303879
  endloop
 endfacet
 facet normal 0.19009079891232819 0.98076836174074933 -0.044259561421679854
  outer loop
   vertex 0.056914471089839935 0.064988888800144196 -0.01509524043649435
   vertex 0.05505438894033432 0.065371669828891754 -0.014601900242269039
   vertex 0.055842179805040359 0.065371669828891754 -0.011218409985303879
  endloop
 endfacet
 facet normal 0.18703907350171947 0.98076835584625455 -0.055765734589019129
  outer loop
   vertex 0.055888339877128601 0.064988888800144196 -0.018536899238824844
   vertex 0.05505438894033432 0.065371669828891754 -0.014601900242269039
   vertex 0.056914471089839935 0.064988888800144196 -0.01509524043649435
  endloop
 endfacet
 facet normal 0.3081694101726688 0.94688412136097844 -0.09188076702051047
  outer loop
   vertex 0.057651840150356293 0.064358189702033997 -0.019121810793876648
   vertex 0.055888339877128601 0.064988888800144196 -0.018536899238824844
   vertex 0.056914471089839935 0.064988888800144196 -0.01509524043649435
  endloop
 endfacet
 facet normal 0.30199474073444804 0.94688411278429174 -0.11049730098712034
  outer loop
   vertex 0.056378860026597977 0.064358189702033997 -0.0226009301841259
   vertex 0.055888339877128601 0.064988888800144196 -0.018536899238824844
   vertex 0.057651840150356293 0.064358189702033997 -0.019121810793876648
  endloop
 endfacet
 facet normal 0.41551159771705021 0.89679224861310336 -0.15203215117230334
  outer loop
   vertex 0.058012250810861588 0.063490383327007294 -0.023255720734596252
   vertex 0.056378860026597977 0.064358189702033997 -0.0226009301841259
   vertex 0.057651840150356293 0.064358189702033997 -0.019121810793876648
  endloop
 endfacet
 facet normal 0.40547059949476971 0.89679227016754104 -0.17707969141914651
  outer loop
   vertex 0.056486591696739197 0.063490383327007294 -0.026749119162559509
   vertex 0.056378860026597977 0.064358189702033997 -0.0226009301841259
   vertex 0.058012250810861588 0.063490383327007294 -0.023255720734596252
  endloop
 endfacet
 facet normal 0.50930071655947662 0.83134823168947813 -0.22242503856081844
  outer loop
   vertex 0.057961039245128632 0.062400300055742264 -0.02744733914732933
   vertex 0.056486591696739197 0.063490383327007294 -0.026749119162559509
   vertex 0.058012250810861588 0.063490383327007294 -0.023255720734596252
  endloop
 endfacet
 facet normal 0.49479369370291215 0.83134824220516046 -0.25305987602585023
  outer loop
   vertex 0.056179940700531006 0.062400300055742264 -0.030929820612072945
   vertex 0.056486591696739197 0.063490383327007294 -0.026749119162559509
   vertex 0.057961039245128632 0.062400300055742264 -0.02744733914732933
  endloop
 endfacet
 facet normal 0.58718038420675978 0.75168659348966294 -0.30031060848845892
  outer loop
   vertex 0.057472210377454758 0.061106599867343903 -0.031641289591789246
   vertex 0.056179940700531006 0.062400300055742264 -0.030929820612072945
   vertex 0.057961039245128632 0.062400300055742264 -0.02744733914732933
  endloop
 endfacet
 facet normal 0.56777921773910656 0.75168674267074365 -0.33554999746180197
  outer loop
   vertex 0.055436331778764725 0.061106599867343903 -0.035086169838905334
   vertex 0.056179940700531006 0.062400300055742264 -0.030929820612072945
   vertex 0.057472210377454758 0.061106599867343903 -0.031641289591789246
  endloop
 endfacet
 facet normal 0.64738864830572318 0.6591711608484162 -0.38259811650168946
  outer loop
   vertex 0.056529480963945389 0.059631418436765671 -0.035778030753135681
   vertex 0.055436331778764725 0.061106599867343903 -0.035086169838905334
   vertex 0.057472210377454758 0.061106599867343903 -0.031641289591789246
  endloop
 endfacet
 facet normal 0.62286058114227028 0.65917113269509664 -0.42135271955996245
  outer loop
   vertex 0.054243169724941254 0.059631418436765671 -0.039157748222351074
   vertex 0.055436331778764725 0.061106599867343903 -0.035086169838905334
   vertex 0.056529480963945389 0.059631418436765671 -0.035778030753135681
  endloop
 endfacet
 facet normal 0.68878875947476204 0.55539081088619158 -0.4659518129639556
  outer loop
   vertex 0.055127009749412537 0.057999998331069946 -0.039795789867639542
   vertex 0.054243169724941254 0.059631418436765671 -0.039157748222351074
   vertex 0.056529480963945389 0.059631418436765671 -0.035778030753135681
  endloop
 endfacet
 facet normal 0.65910030597218128 0.55539090114762968 -0.50707764059343108
  outer loop
   vertex 0.052598360925912857 0.057999998331069946 -0.043082531541585922
   vertex 0.054243169724941254 0.059631418436765671 -0.039157748222351074
   vertex 0.055127009749412537 0.057999998331069946 -0.039795789867639542
  endloop
 endfacet
 facet normal 0.7109065451572909 0.44212480373736085 -0.54693467797601292
  outer loop
   vertex 0.053269721567630768 0.056240249425172806 -0.043632421642541885
   vertex 0.052598360925912857 0.057999998331069946 -0.043082531541585922
   vertex 0.055127009749412537 0.057999998331069946 -0.039795789867639542
  endloop
 endfacet
 facet normal 0.67624095385565119 0.44212458314559633 -0.58925718095474389
  outer loop
   vertex 0.050510630011558533 0.056240249425172806 -0.046798799186944962
   vertex 0.052598360925912857 0.057999998331069946 -0.043082531541585922
   vertex 0.053269721567630768 0.056240249425172806 -0.043632421642541885
  endloop
 endfacet
 facet normal 0.71395450455274356 0.32130366557336903 -0.62211969902741615
  outer loop
   vertex 0.050973270088434219 0.054382290691137314 -0.047227438539266586
   vertex 0.050510630011558533 0.056240249425172806 -0.046798799186944962
   vertex 0.053269721567630768 0.056240249425172806 -0.043632421642541885
  endloop
 endfacet
 facet normal 0.67470034469420903 0.32130360861796869 -0.66448734823063926
  outer loop
   vertex 0.047999288886785507 0.054382290691137314 -0.050247129052877426
   vertex 0.050510630011558533 0.056240249425172806 -0.046798799186944962
   vertex 0.050973270088434219 0.054382290691137314 -0.047227438539266586
  endloop
 endfacet
 facet normal 0.69880120357886222 0.19500113545819361 -0.68822339036591085
  outer loop
   vertex 0.048263691365718842 0.052457891404628754 -0.050523921847343445
   vertex 0.047999288886785507 0.054382290691137314 -0.050247129052877426
   vertex 0.050973270088434219 0.054382290691137314 -0.047227438539266586
  endloop
 endfacet
 facet normal 0.65554341575786401 0.19500130472845839 -0.7295459692238121
  outer loop
   vertex 0.045093778520822525 0.052457891404628754 -0.05337228998541832
   vertex 0.047999288886785507 0.054382290691137314 -0.050247129052877426
   vertex 0.048263691365718842 0.052457891404628754 -0.050523921847343445
  endloop
 endfacet
 facet normal 0.063281287067003145 0.99788379106030989 -0.014947181883130392
  outer loop
   vertex 0.05505438894033432 0.065371669828891754 -0.014601900242269039
   vertex 0.053058788180351257 0.06549999862909317 -0.014483279548585415
   vertex 0.053931578993797302 0.06549999862909317 -0.010788179934024811
  endloop
 endfacet
 facet normal 0.063049148749850542 0.99783337310319387 -0.01879798828124447
  outer loop
   vertex 0.054061800241470337 0.065371669828891754 -0.017931079491972923
   vertex 0.053058788180351257 0.06549999862909317 -0.014483279548585415
   vertex 0.05505438894033432 0.065371669828891754 -0.014601900242269039
  endloop
 endfacet
 facet normal 0.18703978879696068 0.98076822875683278 -0.055765570632546287
  outer loop
   vertex 0.055888339877128601 0.064988888800144196 -0.018536899238824844
   vertex 0.054061800241470337 0.065371669828891754 -0.017931079491972923
   vertex 0.05505438894033432 0.065371669828891754 -0.014601900242269039
  endloop
 endfacet
 facet normal 0.1832922094763767 0.98076823021470394 -0.067064480515288127
  outer loop
   vertex 0.054654311388731003 0.064988888800144196 -0.021909590810537338
   vertex 0.054061800241470337 0.065371669828891754 -0.017931079491972923
   vertex 0.055888339877128601 0.064988888800144196 -0.018536899238824844
  endloop
 endfacet
 facet normal 0.30199652195118931 0.94688357943684631 -0.11049700322746464
  outer loop
   vertex 0.056378860026597977 0.064358189702033997 -0.0226009301841259
   vertex 0.054654311388731003 0.064988888800144196 -0.021909590810537338
   vertex 0.055888339877128601 0.064988888800144196 -0.018536899238824844
  endloop
 endfacet
 facet normal 0.29469807964466921 0.94688361138401123 -0.12870302384216592
  outer loop
   vertex 0.054896149784326553 0.064358189702033997 -0.025995969772338867
   vertex 0.054654311388731003 0.064988888800144196 -0.021909590810537338
   vertex 0.056378860026597977 0.064358189702033997 -0.0226009301841259
  endloop
 endfacet
 facet normal 0.40546908109314633 0.89679292197561444 -0.17707986721228131
  outer loop
   vertex 0.056486591696739197 0.063490383327007294 -0.026749119162559509
   vertex 0.054896149784326553 0.064358189702033997 -0.025995969772338867
   vertex 0.056378860026597977 0.064358189702033997 -0.0226009301841259
  endloop
 endfacet
 facet normal 0.39391931275790643 0.89679290623534524 -0.20146974552597746
  outer loop
   vertex 0.054750788956880569 0.063490383327007294 -0.030143009498715401
   vertex 0.054896149784326553 0.064358189702033997 -0.025995969772338867
   vertex 0.056486591696739197 0.063490383327007294 -0.026749119162559509
  endloop
 endfacet
 facet normal 0.49479029126020779 0.83135018870396582 -0.25306013399292904
  outer loop
   vertex 0.056179940700531006 0.062400300055742264 -0.030929820612072945
   vertex 0.054750788956880569 0.063490383327007294 -0.030143009498715401
   vertex 0.056486591696739197 0.063490383327007294 -0.026749119162559509
  endloop
 endfacet
 facet normal 0.47844260189075427 0.83135011223992217 -0.28275372247713054
  outer loop
   vertex 0.054189831018447876 0.062400300055742264 -0.034297250211238861
   vertex 0.054750788956880569 0.063490383327007294 -0.030143009498715401
   vertex 0.056179940700531006 0.062400300055742264 -0.030929820612072945
  endloop
 endfacet
 facet normal 0.56777832496503244 0.75168739735411239 -0.33555004151229456
  outer loop
   vertex 0.055436331778764725 0.061106599867343903 -0.035086169838905334
   vertex 0.054189831018447876 0.062400300055742264 -0.034297250211238861
   vertex 0.056179940700531006 0.062400300055742264 -0.030929820612072945
  endloop
 endfacet
 facet normal 0.54626585944309003 0.75168735833724365 -0.36953988434657298
  outer loop
   vertex 0.053194228559732437 0.061106599867343903 -0.038400519639253616
   vertex 0.054189831018447876 0.062400300055742264 -0.034297250211238861
   vertex 0.055436331778764725 0.061106599867343903 -0.035086169838905334
  endloop
 endfacet
 facet normal 0.6228574600084722 0.65917400201597787 -0.42135284451162042
  outer loop
   vertex 0.054243169724941254 0.059631418436765671 -0.039157748222351074
   vertex 0.053194228559732437 0.061106599867343903 -0.038400519639253616
   vertex 0.055436331778764725 0.061106599867343903 -0.035086169838905334
  endloop
 endfacet
 facet normal 0.59601114829881641 0.65917405801838969 -0.45854146196292328
  outer loop
   vertex 0.051755059510469437 0.059631418436765671 -0.042391788214445114
   vertex 0.053194228559732437 0.061106599867343903 -0.038400519639253616
   vertex 0.054243169724941254 0.059631418436765671 -0.039157748222351074
  endloop
 endfacet
 facet normal 0.65909848976668528 0.55539296729222698 -0.50707773829030389
  outer loop
   vertex 0.052598360925912857 0.057999998331069946 -0.043082531541585922
   vertex 0.051755059510469437 0.059631418436765671 -0.042391788214445114
   vertex 0.054243169724941254 0.059631418436765671 -0.039157748222351074
  endloop
 endfacet
 facet normal 0.62696010922816181 0.55539308654600017 -0.54631450726986808
  outer loop
   vertex 0.049874048680067062 0.057999998331069946 -0.046209000051021576
   vertex 0.051755059510469437 0.059631418436765671 -0.042391788214445114
   vertex 0.052598360925912857 0.057999998331069946 -0.043082531541585922
  endloop
 endfacet
 facet normal 0.6762417801645062 0.44212342899247425 -0.58925709863851128
  outer loop
   vertex 0.050510630011558533 0.056240249425172806 -0.046798799186944962
   vertex 0.049874048680067062 0.057999998331069946 -0.046209000051021576
   vertex 0.052598360925912857 0.057999998331069946 -0.043082531541585922
  endloop
 endfacet
 facet normal 0.63905930480892104 0.44212337716707129 -0.6293886909529931
  outer loop
   vertex 0.04756363108754158 0.056240249425172806 -0.049791079014539719
   vertex 0.049874048680067062 0.057999998331069946 -0.046209000051021576
   vertex 0.050510630011558533 0.056240249425172806 -0.046798799186944962
  endloop
 endfacet
 facet normal 0.67469775707409063 0.32130802192071561 -0.66448784161080654
  outer loop
   vertex 0.047999288886785507 0.054382290691137314 -0.050247129052877426
   vertex 0.04756363108754158 0.056240249425172806 -0.049791079014539719
   vertex 0.050510630011558533 0.056240249425172806 -0.046798799186944962
  endloop
 endfacet
 facet normal 0.63293409053996808 0.32130781871688535 -0.70438322145245658
  outer loop
   vertex 0.044846739619970322 0.054382290691137314 -0.053079899400472641
   vertex 0.04756363108754158 0.056240249425172806 -0.049791079014539719
   vertex 0.047999288886785507 0.054382290691137314 -0.050247129052877426
  endloop
 endfacet
 facet normal 0.65554420845487882 0.19499966354721054 -0.72954569560634175
  outer loop
   vertex 0.045093778520822525 0.052457891404628754 -0.05337228998541832
   vertex 0.044846739619970322 0.054382290691137314 -0.053079899400472641
   vertex 0.047999288886785507 0.054382290691137314 -0.050247129052877426
  endloop
 endfacet
 facet normal 0.6098491405302966 0.1949996519717517 -0.76815308469429067
  outer loop
   vertex 0.041756119579076767 0.052457891404628754 -0.05602211132645607
   vertex 0.044846739619970322 0.054382290691137314 -0.053079899400472641
   vertex 0.045093778520822525 0.052457891404628754 -0.05337228998541832
  endloop
 endfacet
 facet normal 0.061765740903308226 0.99790648273180294 -0.019174070316638148
  outer loop
   vertex 0.054061800241470337 0.065371669828891754 -0.017931079491972923
   vertex 0.051933139562606812 0.06549999862909317 -0.01810934953391552
   vertex 0.053058788180351257 0.06549999862909317 -0.014483279548585415
  endloop
 endfacet
 facet normal 0.062055961793284257 0.99781436339810436 -0.02270580988086833
  outer loop
   vertex 0.052868090569972992 0.065371669828891754 -0.021193539723753929
   vertex 0.051933139562606812 0.06549999862909317 -0.01810934953391552
   vertex 0.054061800241470337 0.065371669828891754 -0.017931079491972923
  endloop
 endfacet
 facet normal 0.18329077837002863 0.98076848144121742 -0.067064717817920158
  outer loop
   vertex 0.054654311388731003 0.064988888800144196 -0.021909590810537338
   vertex 0.052868090569972992 0.065371669828891754 -0.021193539723753929
   vertex 0.054061800241470337 0.065371669828891754 -0.017931079491972923
  endloop
 endfacet
 facet normal 0.17886140679919113 0.9807684761614216 -0.078113976507520153
  outer loop
   vertex 0.053216949105262756 0.064988888800144196 -0.025200789794325829
   vertex 0.052868090569972992 0.065371669828891754 -0.021193539723753929
   vertex 0.054654311388731003 0.064988888800144196 -0.021909590810537338
  endloop
 endfacet
 facet normal 0.29469771878244727 0.94688371854400855 -0.12870306173783247
  outer loop
   vertex 0.054896149784326553 0.064358189702033997 -0.025995969772338867
   vertex 0.053216949105262756 0.064988888800144196 -0.025200789794325829
   vertex 0.054654311388731003 0.064988888800144196 -0.021909590810537338
  endloop
 endfacet
 facet normal 0.28630366830296872 0.94688371238200286 -0.14642897507645228
  outer loop
   vertex 0.053209230303764343 0.064358189702033997 -0.029294300824403763
   vertex 0.053216949105262756 0.064988888800144196 -0.025200789794325829
   vertex 0.054896149784326553 0.064358189702033997 -0.025995969772338867
  endloop
 endfacet
 facet normal 0.39392132515568878 0.8967920468349152 -0.20146963622647829
  outer loop
   vertex 0.054750788956880569 0.063490383327007294 -0.030143009498715401
   vertex 0.053209230303764343 0.064358189702033997 -0.029294300824403763
   vertex 0.054896149784326553 0.064358189702033997 -0.025995969772338867
  endloop
 endfacet
 facet normal 0.38090574712126296 0.89679207424477869 -0.22511061143744387
  outer loop
   vertex 0.052811309695243835 0.063490383327007294 -0.033424768596887589
   vertex 0.053209230303764343 0.064358189702033997 -0.029294300824403763
   vertex 0.054750788956880569 0.063490383327007294 -0.030143009498715401
  endloop
 endfacet
 facet normal 0.47844265070816444 0.83135008438905311 -0.28275372176093405
  outer loop
   vertex 0.054189831018447876 0.062400300055742264 -0.034297250211238861
   vertex 0.052811309695243835 0.063490383327007294 -0.033424768596887589
   vertex 0.054750788956880569 0.063490383327007294 -0.030143009498715401
  endloop
 endfacet
 facet normal 0.46031486280228701 0.83135009387398717 -0.31139564624288557
  outer loop
   vertex 0.051998138427734375 0.062400300055742264 -0.037537079304456711
   vertex 0.052811309695243835 0.063490383327007294 -0.033424768596887589
   vertex 0.054189831018447876 0.062400300055742264 -0.034297250211238861
  endloop
 endfacet
 facet normal 0.54626550272721031 0.75168761962114983 -0.36953988017327444
  outer loop
   vertex 0.053194228559732437 0.061106599867343903 -0.038400519639253616
   vertex 0.051998138427734375 0.062400300055742264 -0.037537079304456711
   vertex 0.054189831018447876 0.062400300055742264 -0.034297250211238861
  endloop
 endfacet
 facet normal 0.52272198232089173 0.75168753624533324 -0.40215367342837738
  outer loop
   vertex 0.050754241645336151 0.061106599867343903 -0.041572030633687973
   vertex 0.051998138427734375 0.062400300055742264 -0.037537079304456711
   vertex 0.053194228559732437 0.061106599867343903 -0.038400519639253616
  endloop
 endfacet
 facet normal 0.59601531334018243 0.65917023122790308 -0.45854154940087732
  outer loop
   vertex 0.051755059510469437 0.059631418436765671 -0.042391788214445114
   vertex 0.050754241645336151 0.061106599867343903 -0.041572030633687973
   vertex 0.053194228559732437 0.061106599867343903 -0.038400519639253616
  endloop
 endfacet
 facet normal 0.56695079476161903 0.65917027816460372 -0.4940256478195918
  outer loop
   vertex 0.049074418842792511 0.059631418436765671 -0.045468129217624664
   vertex 0.050754241645336151 0.061106599867343903 -0.041572030633687973
   vertex 0.051755059510469437 0.059631418436765671 -0.042391788214445114
  endloop
 endfacet
 facet normal 0.62695821084862535 0.55539524310105037 -0.5463144934835753
  outer loop
   vertex 0.049874048680067062 0.057999998331069946 -0.046209000051021576
   vertex 0.049074418842792511 0.059631418436765671 -0.045468129217624664
   vertex 0.051755059510469437 0.059631418436765671 -0.042391788214445114
  endloop
 endfacet
 facet normal 0.59248709604736693 0.55539527417961165 -0.58351960587139839
  outer loop
   vertex 0.046964198350906372 0.057999998331069946 -0.049163568764925003
   vertex 0.049074418842792511 0.059631418436765671 -0.045468129217624664
   vertex 0.049874048680067062 0.057999998331069946 -0.046209000051021576
  endloop
 endfacet
 facet normal 0.6390610271584769 0.44212098154487151 -0.62938862497264114
  outer loop
   vertex 0.04756363108754158 0.056240249425172806 -0.049791079014539719
   vertex 0.046964198350906372 0.057999998331069946 -0.049163568764925003
   vertex 0.049874048680067062 0.057999998331069946 -0.046209000051021576
  endloop
 endfacet
 facet normal 0.59950182936829843 0.44212107070138612 -0.66717802378819646
  outer loop
   vertex 0.044439699500799179 0.056240249425172806 -0.052598129957914352
   vertex 0.046964198350906372 0.057999998331069946 -0.049163568764925003
   vertex 0.04756363108754158 0.056240249425172806 -0.049791079014539719
  endloop
 endfacet
 facet normal 0.63293316862673399 0.32130937587024949 -0.70438333954601229
  outer loop
   vertex 0.044846739619970322 0.054382290691137314 -0.053079899400472641
   vertex 0.044439699500799179 0.056240249425172806 -0.052598129957914352
   vertex 0.04756363108754158 0.056240249425172806 -0.049791079014539719
  endloop
 endfacet
 facet normal 0.58881358416536433 0.32130941710267691 -0.74165950515278611
  outer loop
   vertex 0.041527360677719116 0.054382290691137314 -0.055715199559926987
   vertex 0.044439699500799179 0.056240249425172806 -0.052598129957914352
   vertex 0.044846739619970322 0.054382290691137314 -0.053079899400472641
  endloop
 endfacet
 facet normal 0.60984754934111762 0.1950028843163934 -0.76815352740902021
  outer loop
   vertex 0.041756119579076767 0.052457891404628754 -0.05602211132645607
   vertex 0.041527360677719116 0.054382290691137314 -0.055715199559926987
   vertex 0.044846739619970322 0.054382290691137314 -0.053079899400472641
  endloop
 endfacet
 facet normal 0.5618844683659715 0.19500283034491417 -0.80390281773766803
  outer loop
   vertex 0.038263119757175446 0.052457891404628754 -0.058463528752326965
   vertex 0.041527360677719116 0.054382290691137314 -0.055715199559926987
   vertex 0.041756119579076767 0.052457891404628754 -0.05602211132645607
  endloop
 endfacet
 facet normal 0.060085148060761255 0.99792110238299769 -0.023307689744352635
  outer loop
   vertex 0.052868090569972992 0.065371669828891754 -0.021193539723753929
   vertex 0.050560019910335541 0.06549999862909317 -0.021649129688739777
   vertex 0.051933139562606812 0.06549999862909317 -0.01810934953391552
  endloop
 endfacet
 facet normal 0.060711564917902291 0.99780313264450993 -0.026514418153559642
  outer loop
   vertex 0.051477711647748947 0.065371669828891754 -0.024377169087529182
   vertex 0.050560019910335541 0.06549999862909317 -0.021649129688739777
   vertex 0.052868090569972992 0.065371669828891754 -0.021193539723753929
  endloop
 endfacet
 facet normal 0.1788618830126924 0.98076839324762011 -0.078113927129774496
  outer loop
   vertex 0.053216949105262756 0.064988888800144196 -0.025200789794325829
   vertex 0.051477711647748947 0.065371669828891754 -0.024377169087529182
   vertex 0.052868090569972992 0.065371669828891754 -0.021193539723753929
  endloop
 endfacet
 facet normal 0.17376708700074259 0.98076840326609527 -0.088872597746157092
  outer loop
   vertex 0.051581628620624542 0.064988888800144196 -0.028398230671882629
   vertex 0.051477711647748947 0.065371669828891754 -0.024377169087529182
   vertex 0.053216949105262756 0.064988888800144196 -0.025200789794325829
  endloop
 endfacet
 facet normal 0.28630352010784027 0.94688375619030463 -0.14642898154668466
  outer loop
   vertex 0.053209230303764343 0.064358189702033997 -0.029294300824403763
   vertex 0.051581628620624542 0.064988888800144196 -0.028398230671882629
   vertex 0.053216949105262756 0.064988888800144196 -0.025200789794325829
  endloop
 endfacet
 facet normal 0.2768439067006539 0.94688374456975866 -0.16361120252681877
  outer loop
   vertex 0.051324360072612762 0.064358189702033997 -0.032483659684658051
   vertex 0.051581628620624542 0.064988888800144196 -0.028398230671882629
   vertex 0.053209230303764343 0.064358189702033997 -0.029294300824403763
  endloop
 endfacet
 facet normal 0.38090607958613371 0.89679193246989075 -0.22511061367967711
  outer loop
   vertex 0.052811309695243835 0.063490383327007294 -0.033424768596887589
   vertex 0.051324360072612762 0.064358189702033997 -0.032483659684658051
   vertex 0.053209230303764343 0.064358189702033997 -0.029294300824403763
  endloop
 endfacet
 facet normal 0.36647424477971502 0.89679196099062397 -0.24791290126923329
  outer loop
   vertex 0.050675380975008011 0.063490383327007294 -0.036582179367542267
   vertex 0.051324360072612762 0.064358189702033997 -0.032483659684658051
   vertex 0.052811309695243835 0.063490383327007294 -0.033424768596887589
  endloop
 endfacet
 facet normal 0.46031698971418306 0.83134887927170231 -0.31139574485557298
  outer loop
   vertex 0.051998138427734375 0.062400300055742264 -0.037537079304456711
   vertex 0.050675380975008011 0.063490383327007294 -0.036582179367542267
   vertex 0.052811309695243835 0.063490383327007294 -0.033424768596887589
  endloop
 endfacet
 facet normal 0.44047695263427639 0.83134898666216261 -0.33887891137368914
  outer loop
   vertex 0.049613021314144135 0.062400300055742264 -0.040637269616127014
   vertex 0.050675380975008011 0.063490383327007294 -0.036582179367542267
   vertex 0.051998138427734375 0.062400300055742264 -0.037537079304456711
  endloop
 endfacet
 facet normal 0.52272187880860377 0.75168761226067116 -0.4021536658898614
  outer loop
   vertex 0.050754241645336151 0.061106599867343903 -0.041572030633687973
   vertex 0.049613021314144135 0.062400300055742264 -0.040637269616127014
   vertex 0.051998138427734375 0.062400300055742264 -0.037537079304456711
  endloop
 endfacet
 facet normal 0.49723125930633699 0.75168766253841501 -0.43327443122825554
  outer loop
   vertex 0.048125438392162323 0.061106599867343903 -0.044588878750801086
   vertex 0.049613021314144135 0.062400300055742264 -0.040637269616127014
   vertex 0.050754241645336151 0.061106599867343903 -0.041572030633687973
  endloop
 endfacet
 facet normal 0.56695006048565144 0.65917095493606659 -0.49402558747901931
  outer loop
   vertex 0.049074418842792511 0.059631418436765671 -0.045468129217624664
   vertex 0.048125438392162323 0.061106599867343903 -0.044588878750801086
   vertex 0.050754241645336151 0.061106599867343903 -0.041572030633687973
  endloop
 endfacet
 facet normal 0.53577867587118799 0.65917102969653918 -0.5276691805388305
  outer loop
   vertex 0.046211220324039459 0.059631418436765671 -0.048375330865383148
   vertex 0.048125438392162323 0.061106599867343903 -0.044588878750801086
   vertex 0.049074418842792511 0.059631418436765671 -0.045468129217624664
  endloop
 endfacet
 facet normal 0.59248746532124796 0.55539485371793229 -0.58351963111864502
  outer loop
   vertex 0.046964198350906372 0.057999998331069946 -0.049163568764925003
   vertex 0.046211220324039459 0.059631418436765671 -0.048375330865383148
   vertex 0.049074418842792511 0.059631418436765671 -0.045468129217624664
  endloop
 endfacet
 facet normal 0.55581001723964807 0.55539478723326918 -0.61855626668086872
  outer loop
   vertex 0.04387962818145752 0.057999998331069946 -0.051935240626335144
   vertex 0.046211220324039459 0.059631418436765671 -0.048375330865383148
   vertex 0.046964198350906372 0.057999998331069946 -0.049163568764925003
  endloop
 endfacet
 facet normal 0.59949954438624797 0.4421242473773675 -0.66717797187982553
  outer loop
   vertex 0.044439699500799179 0.056240249425172806 -0.052598129957914352
   vertex 0.04387962818145752 0.057999998331069946 -0.051935240626335144
   vertex 0.046964198350906372 0.057999998331069946 -0.049163568764925003
  endloop
 endfacet
 facet normal 0.55771322733664785 0.44212419519589946 -0.70248284824337082
  outer loop
   vertex 0.041150450706481934 0.056240249425172806 -0.05520952120423317
   vertex 0.04387962818145752 0.057999998331069946 -0.051935240626335144
   vertex 0.044439699500799179 0.056240249425172806 -0.052598129957914352
  endloop
 endfacet
 facet normal 0.58881611605885253 0.32130516590086511 -0.74165933678123785
  outer loop
   vertex 0.041527360677719116 0.054382290691137314 -0.055715199559926987
   vertex 0.041150450706481934 0.056240249425172806 -0.05520952120423317
   vertex 0.044439699500799179 0.056240249425172806 -0.052598129957914352
  endloop
 endfacet
 facet normal 0.54250570578395374 0.32130512684445794 -0.77617689649674637
  outer loop
   vertex 0.038053501397371292 0.054382290691137314 -0.058143239468336105
   vertex 0.041150450706481934 0.056240249425172806 -0.05520952120423317
   vertex 0.041527360677719116 0.054382290691137314 -0.055715199559926987
  endloop
 endfacet
 facet normal 0.56188460588917 0.195002555136566 -0.80390278837368312
  outer loop
   vertex 0.038263119757175446 0.052457891404628754 -0.058463528752326965
   vertex 0.038053501397371292 0.054382290691137314 -0.058143239468336105
   vertex 0.041527360677719116 0.054382290691137314 -0.055715199559926987
  endloop
 endfacet
 facet normal 0.51183078648447222 0.19500266259465993 -0.83666194343216072
  outer loop
   vertex 0.034627780318260193 0.052457891404628754 -0.060687460005283356
   vertex 0.038053501397371292 0.054382290691137314 -0.058143239468336105
   vertex 0.038263119757175446 0.052457891404628754 -0.058463528752326965
  endloop
 endfacet
 facet normal 0.058237699855348525 0.99792795941403212 -0.027352479509257673
  outer loop
   vertex 0.051477711647748947 0.065371669828891754 -0.024377169087529182
   vertex 0.048945948481559753 0.06549999862909317 -0.02508573979139328
   vertex 0.050560019910335541 0.06549999862909317 -0.021649129688739777
  endloop
 endfacet
 facet normal 0.059024820265073059 0.99779995486737161 -0.030188088037288154
  outer loop
   vertex 0.049895830452442169 0.065371669828891754 -0.027470119297504425
   vertex 0.048945948481559753 0.06549999862909317 -0.02508573979139328
   vertex 0.051477711647748947 0.065371669828891754 -0.024377169087529182
  endloop
 endfacet
 facet normal 0.17376687248692663 0.98076844044934564 -0.088872606829497006
  outer loop
   vertex 0.051581628620624542 0.064988888800144196 -0.028398230671882629
   vertex 0.049895830452442169 0.065371669828891754 -0.027470119297504425
   vertex 0.051477711647748947 0.065371669828891754 -0.024377169087529182
  endloop
 endfacet
 facet normal 0.16802550628743126 0.98076843602273978 -0.099301078233629006
  outer loop
   vertex 0.049754410982131958 0.064988888800144196 -0.031490031629800797
   vertex 0.049895830452442169 0.065371669828891754 -0.027470119297504425
   vertex 0.051581628620624542 0.064988888800144196 -0.028398230671882629
  endloop
 endfacet
 facet normal 0.27684345745780781 0.94688387726499335 -0.16361119472218191
  outer loop
   vertex 0.051324360072612762 0.064358189702033997 -0.032483659684658051
   vertex 0.049754410982131958 0.064988888800144196 -0.031490031629800797
   vertex 0.051581628620624542 0.064988888800144196 -0.028398230671882629
  endloop
 endfacet
 facet normal 0.26635448168805748 0.94688385653341256 -0.18018394024190362
  outer loop
   vertex 0.049248561263084412 0.064358189702033997 -0.035552181303501129
   vertex 0.049754410982131958 0.064988888800144196 -0.031490031629800797
   vertex 0.051324360072612762 0.064358189702033997 -0.032483659684658051
  endloop
 endfacet
 facet normal 0.3664738678795243 0.8967921220800168 -0.24791287569757528
  outer loop
   vertex 0.050675380975008011 0.063490383327007294 -0.036582179367542267
   vertex 0.049248561263084412 0.064358189702033997 -0.035552181303501129
   vertex 0.051324360072612762 0.064358189702033997 -0.032483659684658051
  endloop
 endfacet
 facet normal 0.35067796485852915 0.89679205443697863 -0.2697943217737977
  outer loop
   vertex 0.048350919038057327 0.063490383327007294 -0.03960350900888443
   vertex 0.049248561263084412 0.064358189702033997 -0.035552181303501129
   vertex 0.050675380975008011 0.063490383327007294 -0.036582179367542267
  endloop
 endfacet
 facet normal 0.44047344537483046 0.83135099895741937 -0.3388785334778926
  outer loop
   vertex 0.049613021314144135 0.062400300055742264 -0.040637269616127014
   vertex 0.048350919038057327 0.063490383327007294 -0.03960350900888443
   vertex 0.050675380975008011 0.063490383327007294 -0.036582179367542267
  endloop
 endfacet
 facet normal 0.41899485765636085 0.83135091174448295 -0.36510131580034422
  outer loop
   vertex 0.047043319791555405 0.062400300055742264 -0.043586291372776031
   vertex 0.048350919038057327 0.063490383327007294 -0.03960350900888443
   vertex 0.049613021314144135 0.062400300055742264 -0.040637269616127014
  endloop
 endfacet
 facet normal 0.49723116734923145 0.75168773049621584 -0.43327441885942092
  outer loop
   vertex 0.048125438392162323 0.061106599867343903 -0.044588878750801086
   vertex 0.047043319791555405 0.062400300055742264 -0.043586291372776031
   vertex 0.049613021314144135 0.062400300055742264 -0.040637269616127014
  endloop
 endfacet
 facet normal 0.46989387308769204 0.75168762853010396 -0.46278013910434418
  outer loop
   vertex 0.045317608863115311 0.061106599867343903 -0.047439869493246078
   vertex 0.047043319791555405 0.062400300055742264 -0.043586291372776031
   vertex 0.048125438392162323 0.061106599867343903 -0.044588878750801086
  endloop
 endfacet
 facet normal 0.53578066207793407 0.65916918637201793 -0.52766946650434732
  outer loop
   vertex 0.046211220324039459 0.059631418436765671 -0.048375330865383148
   vertex 0.045317608863115311 0.061106599867343903 -0.047439869493246078
   vertex 0.048125438392162323 0.061106599867343903 -0.044588878750801086
  endloop
 endfacet
 facet normal 0.50261465579892495 0.65916923375159253 -0.55935179364284393
  outer loop
   vertex 0.043176118284463882 0.059631418436765671 -0.051102571189403534
   vertex 0.045317608863115311 0.061106599867343903 -0.047439869493246078
   vertex 0.046211220324039459 0.059631418436765671 -0.048375330865383148
  endloop
 endfacet
 facet normal 0.55581429847410924 0.55538988295314085 -0.61855682319818461
  outer loop
   vertex 0.04387962818145752 0.057999998331069946 -0.051935240626335144
   vertex 0.043176118284463882 0.059631418436765671 -0.051102571189403534
   vertex 0.046211220324039459 0.059631418436765671 -0.048375330865383148
  endloop
 endfacet
 facet normal 0.51707115375032264 0.55538999587609206 -0.6512905453329294
  outer loop
   vertex 0.040631838142871857 0.057999998331069946 -0.05451371893286705
   vertex 0.043176118284463882 0.059631418436765671 -0.051102571189403534
   vertex 0.04387962818145752 0.057999998331069946 -0.051935240626335144
  endloop
 endfacet
 facet normal 0.55771366303014147 0.44212358750635128 -0.70248288480219612
  outer loop
   vertex 0.041150450706481934 0.056240249425172806 -0.05520952120423317
   vertex 0.040631838142871857 0.057999998331069946 -0.05451371893286705
   vertex 0.04387962818145752 0.057999998331069946 -0.051935240626335144
  endloop
 endfacet
 facet normal 0.5138482274389693 0.44212367415606535 -0.73517797566886522
  outer loop
   vertex 0.037708118557929993 0.056240249425172806 -0.057615518569946289
   vertex 0.040631838142871857 0.057999998331069946 -0.05451371893286705
   vertex 0.041150450706481934 0.056240249425172806 -0.05520952120423317
  endloop
 endfacet
 facet normal 0.54250418248643428 0.32130767895500262 -0.77617690472551071
  outer loop
   vertex 0.038053501397371292 0.054382290691137314 -0.058143239468336105
   vertex 0.037708118557929993 0.056240249425172806 -0.057615518569946289
   vertex 0.041150450706481934 0.056240249425172806 -0.05520952120423317
  endloop
 endfacet
 facet normal 0.4941783931368679 0.32130766206551892 -0.8078051139072181
  outer loop
   vertex 0.034438081085681915 0.054382290691137314 -0.060354989022016525
   vertex 0.037708118557929993 0.056240249425172806 -0.057615518569946289
   vertex 0.038053501397371292 0.054382290691137314 -0.058143239468336105
  endloop
 endfacet
 facet normal 0.51183161175238556 0.1950010293058364 -0.83666181924396421
  outer loop
   vertex 0.034627780318260193 0.052457891404628754 -0.060687460005283356
   vertex 0.034438081085681915 0.054382290691137314 -0.060354989022016525
   vertex 0.038053501397371292 0.054382290691137314 -0.058143239468336105
  endloop
 endfacet
 facet normal 0.45986996246501666 0.1950011819137395 -0.86631065829451104
  outer loop
   vertex 0.030863620340824127 0.052457891404628754 -0.062685616314411163
   vertex 0.034438081085681915 0.054382290691137314 -0.060354989022016525
   vertex 0.034627780318260193 0.052457891404628754 -0.060687460005283356
  endloop
 endfacet
 facet normal 0.05622268832510792 0.99792715947457855 -0.031311239204107812
  outer loop
   vertex 0.049895830452442169 0.065371669828891754 -0.027470119297504425
   vertex 0.047098629176616669 0.06549999862909317 -0.028402799740433693
   vertex 0.048945948481559753 0.06549999862909317 -0.02508573979139328
  endloop
 endfacet
 facet normal 0.057011157178529337 0.99780485347641235 -0.033692763853391802
  outer loop
   vertex 0.048128340393304825 0.065371669828891754 -0.030460869893431664
   vertex 0.047098629176616669 0.06549999862909317 -0.028402799740433693
   vertex 0.049895830452442169 0.065371669828891754 -0.027470119297504425
  endloop
 endfacet
 facet normal 0.16802629318597945 0.98076829972197821 -0.099301092937788007
  outer loop
   vertex 0.049754410982131958 0.064988888800144196 -0.031490031629800797
   vertex 0.048128340393304825 0.065371669828891754 -0.030460869893431664
   vertex 0.049895830452442169 0.065371669828891754 -0.027470119297504425
  endloop
 endfacet
 facet normal 0.16165974965521593 0.98076830658707459 -0.10936020361966604
  outer loop
   vertex 0.047742109745740891 0.064988888800144196 -0.034464679658412933
   vertex 0.048128340393304825 0.065371669828891754 -0.030460869893431664
   vertex 0.049754410982131958 0.064988888800144196 -0.031490031629800797
  endloop
 endfacet
 facet normal 0.26635355393371202 0.94688413137081251 -0.18018386738280229
  outer loop
   vertex 0.049248561263084412 0.064358189702033997 -0.035552181303501129
   vertex 0.047742109745740891 0.064988888800144196 -0.034464679658412933
   vertex 0.049754410982131958 0.064988888800144196 -0.031490031629800797
  endloop
 endfacet
 facet normal 0.25487369696793039 0.94688414545581534 -0.19608624041046274
  outer loop
   vertex 0.046989560127258301 0.064358189702033997 -0.038488440215587616
   vertex 0.047742109745740891 0.064988888800144196 -0.034464679658412933
   vertex 0.049248561263084412 0.064358189702033997 -0.035552181303501129
  endloop
 endfacet
 facet normal 0.35068012617245037 0.89679112510302739 -0.26979460158446533
  outer loop
   vertex 0.048350919038057327 0.063490383327007294 -0.03960350900888443
   vertex 0.046989560127258301 0.064358189702033997 -0.038488440215587616
   vertex 0.049248561263084412 0.064358189702033997 -0.035552181303501129
  endloop
 endfacet
 facet normal 0.33358005553317116 0.89679113509581743 -0.29067164733431056
  outer loop
   vertex 0.045846600085496902 0.063490383327007294 -0.042477510869503021
   vertex 0.046989560127258301 0.064358189702033997 -0.038488440215587616
   vertex 0.048350919038057327 0.063490383327007294 -0.03960350900888443
  endloop
 endfacet
 facet normal 0.41899738648459606 0.83134944849330372 -0.36510174555725938
  outer loop
   vertex 0.047043319791555405 0.062400300055742264 -0.043586291372776031
   vertex 0.045846600085496902 0.063490383327007294 -0.042477510869503021
   vertex 0.048350919038057327 0.063490383327007294 -0.03960350900888443
  endloop
 endfacet
 facet normal 0.39596024692622578 0.83134948856995394 -0.38996603789124834
  outer loop
   vertex 0.044298630207777023 0.062400300055742264 -0.046373169869184494
   vertex 0.045846600085496902 0.063490383327007294 -0.042477510869503021
   vertex 0.047043319791555405 0.062400300055742264 -0.043586291372776031
  endloop
 endfacet
 facet normal 0.46989350831834897 0.75168790083990533 -0.46278006717140507
  outer loop
   vertex 0.045317608863115311 0.061106599867343903 -0.047439869493246078
   vertex 0.044298630207777023 0.062400300055742264 -0.046373169869184494
   vertex 0.047043319791555405 0.062400300055742264 -0.043586291372776031
  endloop
 endfacet
 facet normal 0.44080556284966249 0.75168792458669043 -0.49056673327014988
  outer loop
   vertex 0.042341191321611404 0.061106599867343903 -0.050114370882511139
   vertex 0.044298630207777023 0.062400300055742264 -0.046373169869184494
   vertex 0.045317608863115311 0.061106599867343903 -0.047439869493246078
  endloop
 endfacet
 facet normal 0.50261303436776306 0.65917075471954034 -0.55935145821397581
  outer loop
   vertex 0.043176118284463882 0.059631418436765671 -0.051102571189403534
   vertex 0.042341191321611404 0.061106599867343903 -0.050114370882511139
   vertex 0.045317608863115311 0.061106599867343903 -0.047439869493246078
  endloop
 endfacet
 facet normal 0.46757821475001399 0.6591706805018176 -0.58895214326629342
  outer loop
   vertex 0.039980389177799225 0.059631418436765671 -0.053639709949493408
   vertex 0.042341191321611404 0.061106599867343903 -0.050114370882511139
   vertex 0.043176118284463882 0.059631418436765671 -0.051102571189403534
  endloop
 endfacet
 facet normal 0.51706936230180967 0.55539206831692944 -0.65129020030969531
  outer loop
   vertex 0.040631838142871857 0.057999998331069946 -0.05451371893286705
   vertex 0.039980389177799225 0.059631418436765671 -0.053639709949493408
   vertex 0.043176118284463882 0.059631418436765671 -0.051102571189403534
  endloop
 endfacet
 facet normal 0.47640256386020269 0.55539197250257988 -0.68160131603974994
  outer loop
   vertex 0.037232890725135803 0.057999998331069946 -0.056889399886131287
   vertex 0.039980389177799225 0.059631418436765671 -0.053639709949493408
   vertex 0.040631838142871857 0.057999998331069946 -0.05451371893286705
  endloop
 endfacet
 facet normal 0.51384993354950448 0.44212127781328608 -0.7351782243074918
  outer loop
   vertex 0.037708118557929993 0.056240249425172806 -0.057615518569946289
   vertex 0.037232890725135803 0.057999998331069946 -0.056889399886131287
   vertex 0.040631838142871857 0.057999998331069946 -0.05451371893286705
  endloop
 endfacet
 facet normal 0.46807472573231684 0.44212130899306551 -0.7651371114152512
  outer loop
   vertex 0.034125510603189468 0.056240249425172806 -0.059807188808917999
   vertex 0.037232890725135803 0.057999998331069946 -0.056889399886131287
   vertex 0.037708118557929993 0.056240249425172806 -0.057615518569946289
  endloop
 endfacet
 facet normal 0.49417694389570987 0.32131009381787068 -0.8078050332429525
  outer loop
   vertex 0.034438081085681915 0.054382290691137314 -0.060354989022016525
   vertex 0.034125510603189468 0.056240249425172806 -0.059807188808917999
   vertex 0.037708118557929993 0.056240249425172806 -0.057615518569946289
  endloop
 endfacet
 facet normal 0.44401061020559474 0.32131009593119975 -0.83642955488046844
  outer loop
   vertex 0.030694540590047836 0.054382290691137314 -0.062342211604118347
   vertex 0.034125510603189468 0.056240249425172806 -0.059807188808917999
   vertex 0.034438081085681915 0.054382290691137314 -0.060354989022016525
  endloop
 endfacet
 facet normal 0.45987258417976329 0.19499603093068915 -0.8663104260258585
  outer loop
   vertex 0.030863620340824127 0.052457891404628754 -0.062685616314411163
   vertex 0.030694540590047836 0.054382290691137314 -0.062342211604118347
   vertex 0.034438081085681915 0.054382290691137314 -0.060354989022016525
  endloop
 endfacet
 facet normal 0.40620573953905798 0.19499597958001014 -0.89273370335904711
  outer loop
   vertex 0.026984650641679764 0.052457891404628754 -0.064450599253177643
   vertex 0.030694540590047836 0.054382290691137314 -0.062342211604118347
   vertex 0.030863620340824127 0.052457891404628754 -0.062685616314411163
  endloop
 endfacet
 facet normal 0.054038630948225169 0.99791868119518645 -0.035187101143762549
  outer loop
   vertex 0.048128340393304825 0.065371669828891754 -0.030460869893431664
   vertex 0.045026861131191254 0.06549999862909317 -0.031584519892930984
   vertex 0.047098629176616669 0.06549999862909317 -0.028402799740433693
  endloop
 endfacet
 facet normal 0.054690161243138559 0.99781772393155521 -0.03699697381205979
  outer loop
   vertex 0.046181801706552505 0.065371669828891754 -0.033338308334350586
   vertex 0.045026861131191254 0.06549999862909317 -0.031584519892930984
   vertex 0.048128340393304825 0.065371669828891754 -0.030460869893431664
  endloop
 endfacet
 facet normal 0.16165992266004114 0.98076827653023413 -0.10936021743515195
  outer loop
   vertex 0.047742109745740891 0.064988888800144196 -0.034464679658412933
   vertex 0.046181801706552505 0.065371669828891754 -0.033338308334350586
   vertex 0.048128340393304825 0.065371669828891754 -0.030460869893431664
  endloop
 endfacet
 facet normal 0.15469250386283401 0.98076827511397846 -0.1190118472195027
  outer loop
   vertex 0.04555220901966095 0.064988888800144196 -0.0373111292719841
   vertex 0.046181801706552505 0.065371669828891754 -0.033338308334350586
   vertex 0.047742109745740891 0.064988888800144196 -0.034464679658412933
  endloop
 endfacet
 facet normal 0.25487453981306185 0.94688389410097973 -0.1960863586465027
  outer loop
   vertex 0.046989560127258301 0.064358189702033997 -0.038488440215587616
   vertex 0.04555220901966095 0.064988888800144196 -0.0373111292719841
   vertex 0.047742109745740891 0.064988888800144196 -0.034464679658412933
  endloop
 endfacet
 facet normal 0.24244581506041857 0.94688389675260076 -0.21126029638883767
  outer loop
   vertex 0.044555749744176865 0.064358189702033997 -0.041281521320343018
   vertex 0.04555220901966095 0.064988888800144196 -0.0373111292719841
   vertex 0.046989560127258301 0.064358189702033997 -0.038488440215587616
  endloop
 endfacet
 facet normal 0.33357946688321843 0.89679139070029679 -0.29067153427835923
  outer loop
   vertex 0.045846600085496902 0.063490383327007294 -0.042477510869503021
   vertex 0.044555749744176865 0.064358189702033997 -0.041281521320343018
   vertex 0.046989560127258301 0.064358189702033997 -0.038488440215587616
  endloop
 endfacet
 facet normal 0.31523855840182041 0.89679138715951279 -0.31046716285826242
  outer loop
   vertex 0.043171729892492294 0.063490383327007294 -0.045193489640951157
   vertex 0.044555749744176865 0.064358189702033997 -0.041281521320343018
   vertex 0.045846600085496902 0.063490383327007294 -0.042477510869503021
  endloop
 endfacet
 facet normal 0.39595888395186418 0.83135028698306213 -0.38996571971491845
  outer loop
   vertex 0.044298630207777023 0.062400300055742264 -0.046373169869184494
   vertex 0.043171729892492294 0.063490383327007294 -0.045193489640951157
   vertex 0.045846600085496902 0.063490383327007294 -0.042477510869503021
  endloop
 endfacet
 facet normal 0.37144807424958187 0.83135032456694591 -0.41337992933705803
  outer loop
   vertex 0.041389141231775284 0.062400300055742264 -0.048987530171871185
   vertex 0.043171729892492294 0.063490383327007294 -0.045193489640951157
   vertex 0.044298630207777023 0.062400300055742264 -0.046373169869184494
  endloop
 endfacet
 facet normal 0.44080523383542447 0.75168817366203267 -0.49056664725594074
  outer loop
   vertex 0.042341191321611404 0.061106599867343903 -0.050114370882511139
   vertex 0.041389141231775284 0.062400300055742264 -0.048987530171871185
   vertex 0.044298630207777023 0.062400300055742264 -0.046373169869184494
  endloop
 endfacet
 facet normal 0.41007814607008675 0.7516882342461072 -0.51652755261620853
  outer loop
   vertex 0.039207261055707932 0.061106599867343903 -0.052602440118789673
   vertex 0.041389141231775284 0.062400300055742264 -0.048987530171871185
   vertex 0.042341191321611404 0.061106599867343903 -0.050114370882511139
  endloop
 endfacet
 facet normal 0.46757666533229569 0.65917215525617812 -0.58895172278520047
  outer loop
   vertex 0.039980389177799225 0.059631418436765671 -0.053639709949493408
   vertex 0.039207261055707932 0.061106599867343903 -0.052602440118789673
   vertex 0.042341191321611404 0.061106599867343903 -0.050114370882511139
  endloop
 endfacet
 facet normal 0.4308029935258133 0.65917216676245682 -0.61636096188425649
  outer loop
   vertex 0.036635939031839371 0.059631418436765671 -0.055977299809455872
   vertex 0.039207261055707932 0.061106599867343903 -0.052602440118789673
   vertex 0.039980389177799225 0.059631418436765671 -0.053639709949493408
  endloop
 endfacet
 facet normal 0.47640245479257215 0.55539210041712539 -0.68160128804299136
  outer loop
   vertex 0.037232890725135803 0.057999998331069946 -0.056889399886131287
   vertex 0.036635939031839371 0.059631418436765671 -0.055977299809455872
   vertex 0.039980389177799225 0.059631418436765671 -0.053639709949493408
  endloop
 endfacet
 facet normal 0.43396315524824353 0.55539207120770229 -0.70937692880908343
  outer loop
   vertex 0.033695429563522339 0.057999998331069946 -0.0590534508228302
   vertex 0.036635939031839371 0.059631418436765671 -0.055977299809455872
   vertex 0.037232890725135803 0.057999998331069946 -0.056889399886131287
  endloop
 endfacet
 facet normal 0.46807457007248382 0.44212153000245002 -0.76513707893406391
  outer loop
   vertex 0.034125510603189468 0.056240249425172806 -0.059807188808917999
   vertex 0.033695429563522339 0.057999998331069946 -0.0590534508228302
   vertex 0.037232890725135803 0.057999998331069946 -0.056889399886131287
  endloop
 endfacet
 facet normal 0.4205594012592781 0.44212145993568636 -0.79224895372400128
  outer loop
   vertex 0.03041595034301281 0.056240249425172806 -0.061776380985975266
   vertex 0.033695429563522339 0.057999998331069946 -0.0590534508228302
   vertex 0.034125510603189468 0.056240249425172806 -0.059807188808917999
  endloop
 endfacet
 facet normal 0.44401245602444112 0.32130698238059124 -0.83642977109176475
  outer loop
   vertex 0.030694540590047836 0.054382290691137314 -0.062342211604118347
   vertex 0.03041595034301281 0.056240249425172806 -0.061776380985975266
   vertex 0.034125510603189468 0.056240249425172806 -0.059807188808917999
  endloop
 endfacet
 facet normal 0.39219210706855434 0.32130697976173822 -0.86194383570480826
  outer loop
   vertex 0.0268368199467659 0.054382290691137314 -0.064097508788108826
   vertex 0.03041595034301281 0.056240249425172806 -0.061776380985975266
   vertex 0.030694540590047836 0.054382290691137314 -0.062342211604118347
  endloop
 endfacet
 facet normal 0.40620181935999977 0.19500365451522991 -0.89273381064812984
  outer loop
   vertex 0.026984650641679764 0.052457891404628754 -0.064450599253177643
   vertex 0.0268368199467659 0.054382290691137314 -0.064097508788108826
   vertex 0.030694540590047836 0.054382290691137314 -0.062342211604118347
  endloop
 endfacet
 facet normal 0.35102246030841827 0.19500375280887577 -0.91583664959941402
  outer loop
   vertex 0.023005299270153046 0.052457891404628754 -0.06597580760717392
   vertex 0.0268368199467659 0.054382290691137314 -0.064097508788108826
   vertex 0.026984650641679764 0.052457891404628754 -0.064450599253177643
  endloop
 endfacet
 facet normal 0.051683341925758589 0.99790236801455656 -0.03898327947114949
  outer loop
   vertex 0.046181801706552505 0.065371669828891754 -0.033338308334350586
   vertex 0.042740520089864731 0.06549999862909317 -0.034615710377693176
   vertex 0.045026861131191254 0.06549999862909317 -0.031584519892930984
  endloop
 endfacet
 facet normal 0.052084855442214743 0.9978383902221547 -0.040071371731228891
  outer loop
   vertex 0.044063471257686615 0.065371669828891754 -0.036091718822717667
   vertex 0.042740520089864731 0.06549999862909317 -0.034615710377693176
   vertex 0.046181801706552505 0.065371669828891754 -0.033338308334350586
  endloop
 endfacet
 facet normal 0.15469170961327353 0.98076841403669091 -0.11901173473601978
  outer loop
   vertex 0.04555220901966095 0.064988888800144196 -0.0373111292719841
   vertex 0.044063471257686615 0.065371669828891754 -0.036091718822717667
   vertex 0.046181801706552505 0.065371669828891754 -0.033338308334350586
  endloop
 endfacet
 facet normal 0.14714832998637531 0.98076841978438156 -0.12822119846526198
  outer loop
   vertex 0.043192841112613678 0.064988888800144196 -0.040018770843744278
   vertex 0.044063471257686615 0.065371669828891754 -0.036091718822717667
   vertex 0.04555220901966095 0.064988888800144196 -0.0373111292719841
  endloop
 endfacet
 facet normal 0.24244486764873638 0.94688418226418802 -0.2112601039682282
  outer loop
   vertex 0.044555749744176865 0.064358189702033997 -0.041281521320343018
   vertex 0.043192841112613678 0.064988888800144196 -0.040018770843744278
   vertex 0.04555220901966095 0.064988888800144196 -0.0373111292719841
  endloop
 endfacet
 facet normal 0.22911500102742727 0.94688417045385498 -0.22564725579567099
  outer loop
   vertex 0.041956190019845963 0.064358189702033997 -0.043921031057834625
   vertex 0.043192841112613678 0.064988888800144196 -0.040018770843744278
   vertex 0.044555749744176865 0.064358189702033997 -0.041281521320343018
  endloop
 endfacet
 facet normal 0.31523837101062491 0.89679146964793799 -0.31046711485962392
  outer loop
   vertex 0.043171729892492294 0.063490383327007294 -0.045193489640951157
   vertex 0.041956190019845963 0.064358189702033997 -0.043921031057834625
   vertex 0.044555749744176865 0.064358189702033997 -0.041281521320343018
  endloop
 endfacet
 facet normal 0.29572466670088327 0.8967914434780474 -0.32910792820777152
  outer loop
   vertex 0.040336251258850098 0.063490383327007294 -0.047741349786520004
   vertex 0.041956190019845963 0.064358189702033997 -0.043921031057834625
   vertex 0.043171729892492294 0.063490383327007294 -0.045193489640951157
  endloop
 endfacet
 facet normal 0.37144863778223897 0.83134998905807944 -0.41338009771014644
  outer loop
   vertex 0.041389141231775284 0.062400300055742264 -0.048987530171871185
   vertex 0.040336251258850098 0.063490383327007294 -0.047741349786520004
   vertex 0.043171729892492294 0.063490383327007294 -0.045193489640951157
  endloop
 endfacet
 facet normal 0.34555655802402935 0.83134996516307036 -0.43525613221406462
  outer loop
   vertex 0.038325678557157516 0.062400300055742264 -0.051419660449028015
   vertex 0.040336251258850098 0.063490383327007294 -0.047741349786520004
   vertex 0.041389141231775284 0.062400300055742264 -0.048987530171871185
  endloop
 endfacet
 facet normal 0.41007956047525923 0.75168714408752713 -0.51652801617526556
  outer loop
   vertex 0.039207261055707932 0.061106599867343903 -0.052602440118789673
   vertex 0.038325678557157516 0.062400300055742264 -0.051419660449028015
   vertex 0.041389141231775284 0.062400300055742264 -0.048987530171871185
  endloop
 endfacet
 facet normal 0.37782727560650431 0.75168718014350533 -0.54056723265073314
  outer loop
   vertex 0.035927478224039078 0.061106599867343903 -0.054894831031560898
   vertex 0.038325678557157516 0.062400300055742264 -0.051419660449028015
   vertex 0.039207261055707932 0.061106599867343903 -0.052602440118789673
  endloop
 endfacet
 facet normal 0.43080299592634341 0.65917216443476989 -0.61636096269577922
  outer loop
   vertex 0.036635939031839371 0.059631418436765671 -0.055977299809455872
   vertex 0.035927478224039078 0.061106599867343903 -0.054894831031560898
   vertex 0.039207261055707932 0.061106599867343903 -0.052602440118789673
  endloop
 endfacet
 facet normal 0.39242564536084518 0.65917204195714796 -0.64147823966613859
  outer loop
   vertex 0.033155199140310287 0.059631418436765671 -0.058106649667024612
   vertex 0.035927478224039078 0.061106599867343903 -0.054894831031560898
   vertex 0.036635939031839371 0.059631418436765671 -0.055977299809455872
  endloop
 endfacet
 facet normal 0.43396272436116928 0.5553925855582641 -0.70937678970483542
  outer loop
   vertex 0.033695429563522339 0.057999998331069946 -0.0590534508228302
   vertex 0.033155199140310287 0.059631418436765671 -0.058106649667024612
   vertex 0.036635939031839371 0.059631418436765671 -0.055977299809455872
  endloop
 endfacet
 facet normal 0.38990979057249608 0.55539271847707616 -0.73451295664430283
  outer loop
   vertex 0.030032619833946228 0.057999998331069946 -0.060997821390628815
   vertex 0.033155199140310287 0.059631418436765671 -0.058106649667024612
   vertex 0.033695429563522339 0.057999998331069946 -0.0590534508228302
  endloop
 endfacet
 facet normal 0.42055827759764247 0.44212307894131969 -0.79224864670856465
  outer loop
   vertex 0.03041595034301281 0.056240249425172806 -0.061776380985975266
   vertex 0.030032619833946228 0.057999998331069946 -0.060997821390628815
   vertex 0.033695429563522339 0.057999998331069946 -0.0590534508228302
  endloop
 endfacet
 facet normal 0.37147669177480058 0.44212303492094318 -0.81641428788351345
  outer loop
   vertex 0.026593239977955818 0.056240249425172806 -0.063515752553939819
   vertex 0.030032619833946228 0.057999998331069946 -0.060997821390628815
   vertex 0.03041595034301281 0.056240249425172806 -0.061776380985975266
  endloop
 endfacet
 facet normal 0.39219318048261936 0.32130515266388893 -0.86194402837687922
  outer loop
   vertex 0.0268368199467659 0.054382290691137314 -0.064097508788108826
   vertex 0.026593239977955818 0.056240249425172806 -0.063515752553939819
   vertex 0.03041595034301281 0.056240249425172806 -0.061776380985975266
  endloop
 endfacet
 facet normal 0.33891465649484032 0.32130498175065264 -0.88425107538255043
  outer loop
   vertex 0.022879259660840034 0.054382290691137314 -0.065614357590675354
   vertex 0.026593239977955818 0.056240249425172806 -0.063515752553939819
   vertex 0.0268368199467659 0.054382290691137314 -0.064097508788108826
  endloop
 endfacet
 facet normal 0.35102071370680832 0.19500717294087214 -0.91583659080120383
  outer loop
   vertex 0.023005299270153046 0.052457891404628754 -0.06597580760717392
   vertex 0.022879259660840034 0.054382290691137314 -0.065614357590675354
   vertex 0.0268368199467659 0.054382290691137314 -0.064097508788108826
  endloop
 endfacet
 facet normal 0.29453518374673482 0.19500702558029856 -0.93553262129634052
  outer loop
   vertex 0.018940359354019165 0.052457891404628754 -0.067255578935146332
   vertex 0.022879259660840034 0.054382290691137314 -0.065614357590675354
   vertex 0.023005299270153046 0.052457891404628754 -0.06597580760717392
  endloop
 endfacet
 facet normal 0.049153887719855009 0.99787797220554686 -0.042701849011132213
  outer loop
   vertex 0.044063471257686615 0.065371669828891754 -0.036091718822717667
   vertex 0.040250509977340698 0.06549999862909317 -0.037481948733329773
   vertex 0.042740520089864731 0.06549999862909317 -0.034615710377693176
  endloop
 endfacet
 facet normal 0.049222578049767159 0.99786646078205421 -0.042891307469365703
  outer loop
   vertex 0.041781209409236908 0.065371669828891754 -0.03871086984872818
   vertex 0.040250509977340698 0.06549999862909317 -0.037481948733329773
   vertex 0.044063471257686615 0.065371669828891754 -0.036091718822717667
  endloop
 endfacet
 facet normal 0.14714813758343159 0.98076845379452671 -0.12822115912446294
  outer loop
   vertex 0.043192841112613678 0.064988888800144196 -0.040018770843744278
   vertex 0.041781209409236908 0.065371669828891754 -0.03871086984872818
   vertex 0.044063471257686615 0.065371669828891754 -0.036091718822717667
  endloop
 endfacet
 facet normal 0.13905782513287154 0.98076845574188731 -0.13695312150874606
  outer loop
   vertex 0.040672801434993744 0.064988888800144196 -0.042577538639307022
   vertex 0.041781209409236908 0.065371669828891754 -0.03871086984872818
   vertex 0.043192841112613678 0.064988888800144196 -0.040018770843744278
  endloop
 endfacet
 facet normal 0.22911502170755155 0.94688416413167409 -0.2256472613275175
  outer loop
   vertex 0.041956190019845963 0.064358189702033997 -0.043921031057834625
   vertex 0.040672801434993744 0.064988888800144196 -0.042577538639307022
   vertex 0.043192841112613678 0.064988888800144196 -0.040018770843744278
  endloop
 endfacet
 facet normal 0.21493244165652226 0.9468841675839057 -0.23919535677454004
  outer loop
   vertex 0.039200551807880402 0.064358189702033997 -0.046397149562835693
   vertex 0.040672801434993744 0.064988888800144196 -0.042577538639307022
   vertex 0.041956190019845963 0.064358189702033997 -0.043921031057834625
  endloop
 endfacet
 facet normal 0.29572468682474257 0.89679143446208953 -0.32910793469291466
  outer loop
   vertex 0.040336251258850098 0.063490383327007294 -0.047741349786520004
   vertex 0.039200551807880402 0.064358189702033997 -0.046397149562835693
   vertex 0.041956190019845963 0.064358189702033997 -0.043921031057834625
  endloop
 endfacet
 facet normal 0.27511113649248259 0.89679145309984643 -0.3465241004964596
  outer loop
   vertex 0.037350721657276154 0.063490383327007294 -0.050111610442399979
   vertex 0.039200551807880402 0.064358189702033997 -0.046397149562835693
   vertex 0.040336251258850098 0.063490383327007294 -0.047741349786520004
  endloop
 endfacet
 facet normal 0.34555710246113847 0.83134963438216447 -0.43525633177623452
  outer loop
   vertex 0.038325678557157516 0.062400300055742264 -0.051419660449028015
   vertex 0.037350721657276154 0.063490383327007294 -0.050111610442399979
   vertex 0.040336251258850098 0.063490383327007294 -0.047741349786520004
  endloop
 endfacet
 facet normal 0.31837914343775814 0.83134963141972484 -0.45551345903510587
  outer loop
   vertex 0.035119649022817612 0.062400300055742264 -0.053660500794649124
   vertex 0.037350721657276154 0.063490383327007294 -0.050111610442399979
   vertex 0.038325678557157516 0.062400300055742264 -0.051419660449028015
  endloop
 endfacet
 facet normal 0.37782704252916993 0.75168736380016954 -0.54056714017484675
  outer loop
   vertex 0.035927478224039078 0.061106599867343903 -0.054894831031560898
   vertex 0.035119649022817612 0.062400300055742264 -0.053660500794649124
   vertex 0.038325678557157516 0.062400300055742264 -0.051419660449028015
  endloop
 endfacet
 facet normal 0.34416881863542903 0.75168751059844452 -0.5625955125037938
  outer loop
   vertex 0.032514050602912903 0.061106599867343903 -0.056983001530170441
   vertex 0.035119649022817612 0.062400300055742264 -0.053660500794649124
   vertex 0.035927478224039078 0.061106599867343903 -0.054894831031560898
  endloop
 endfacet
 facet normal 0.39242541060256708 0.65917227482399254 -0.6414781439899333
  outer loop
   vertex 0.033155199140310287 0.059631418436765671 -0.058106649667024612
   vertex 0.032514050602912903 0.061106599867343903 -0.056983001530170441
   vertex 0.035927478224039078 0.061106599867343903 -0.054894831031560898
  endloop
 endfacet
 facet normal 0.35258944189563823 0.6591722233525823 -0.66420829972542184
  outer loop
   vertex 0.029551109299063683 0.059631418436765671 -0.060019850730895996
   vertex 0.032514050602912903 0.061106599867343903 -0.056983001530170441
   vertex 0.033155199140310287 0.059631418436765671 -0.058106649667024612
  endloop
 endfacet
 facet normal 0.3899101600790657 0.55539226768566063 -0.73451310135497005
  outer loop
   vertex 0.030032619833946228 0.057999998331069946 -0.060997821390628815
   vertex 0.029551109299063683 0.059631418436765671 -0.060019850730895996
   vertex 0.033155199140310287 0.059631418436765671 -0.058106649667024612
  endloop
 endfacet
 facet normal 0.34440510119215073 0.55539225586168983 -0.75691780822073906
  outer loop
   vertex 0.026258090510964394 0.057999998331069946 -0.06271526962518692
   vertex 0.029551109299063683 0.059631418436765671 -0.060019850730895996
   vertex 0.030032619833946228 0.057999998331069946 -0.060997821390628815
  endloop
 endfacet
 facet normal 0.37147657000739681 0.44212321367688828 -0.81641424648493266
  outer loop
   vertex 0.026593239977955818 0.056240249425172806 -0.063515752553939819
   vertex 0.026258090510964394 0.057999998331069946 -0.06271526962518692
   vertex 0.030032619833946228 0.057999998331069946 -0.060997821390628815
  endloop
 endfacet
 facet normal 0.32101428133631299 0.44212327647352134 -0.83754214197164356
  outer loop
   vertex 0.022671610116958618 0.056240249425172806 -0.065018840134143829
   vertex 0.026258090510964394 0.057999998331069946 -0.06271526962518692
   vertex 0.026593239977955818 0.056240249425172806 -0.063515752553939819
  endloop
 endfacet
 facet normal 0.33891717952105421 0.32130063150157429 -0.88425168906945439
  outer loop
   vertex 0.022879259660840034 0.054382290691137314 -0.065614357590675354
   vertex 0.022671610116958618 0.056240249425172806 -0.065018840134143829
   vertex 0.026593239977955818 0.056240249425172806 -0.063515752553939819
  endloop
 endfacet
 facet normal 0.28438070931833043 0.32130073579199503 -0.90326820454786627
  outer loop
   vertex 0.018836589530110359 0.054382290691137314 -0.066887132823467255
   vertex 0.022671610116958618 0.056240249425172806 -0.065018840134143829
   vertex 0.022879259660840034 0.054382290691137314 -0.065614357590675354
  endloop
 endfacet
 facet normal 0.29453879431288055 0.19499992772015559 -0.93553296405516828
  outer loop
   vertex 0.018940359354019165 0.052457891404628754 -0.067255578935146332
   vertex 0.018836589530110359 0.054382290691137314 -0.066887132823467255
   vertex 0.022879259660840034 0.054382290691137314 -0.065614357590675354
  endloop
 endfacet
 facet normal 0.2369565519375606 0.19499969050871485 -0.95174929114518803
  outer loop
   vertex 0.01480496022850275 0.052457891404628754 -0.068285167217254639
   vertex 0.018836589530110359 0.054382290691137314 -0.066887132823467255
   vertex 0.018940359354019165 0.052457891404628754 -0.067255578935146332
  endloop
 endfacet
 facet normal 0.046717196789118835 0.99784797661451541 -0.046009989029387827
  outer loop
   vertex 0.03934352844953537 0.065371669828891754 -0.041186019778251648
   vertex 0.040250509977340698 0.06549999862909317 -0.037481948733329773
   vertex 0.041781209409236908 0.065371669828891754 -0.03871086984872818
  endloop
 endfacet
 facet normal 0.045913843673877124 0.99789424065122134 -0.04581488223506839
  outer loop
   vertex 0.037568680942058563 0.06549999862909317 -0.040169570595026016
   vertex 0.040250509977340698 0.06549999862909317 -0.037481948733329773
   vertex 0.03934352844953537 0.065371669828891754 -0.041186019778251648
  endloop
 endfacet
 facet normal 0.044063287746910818 0.99782451457754251 -0.049037381465821893
  outer loop
   vertex 0.03675948828458786 0.065371669828891754 -0.043507948517799377
   vertex 0.037568680942058563 0.06549999862909317 -0.040169570595026016
   vertex 0.03934352844953537 0.065371669828891754 -0.041186019778251648
  endloop
 endfacet
 facet normal 0.042447974381795643 0.99791353252167325 -0.04864926598621723
  outer loop
   vertex 0.034707818180322647 0.06549999862909317 -0.042665760964155197
   vertex 0.037568680942058563 0.06549999862909317 -0.040169570595026016
   vertex 0.03675948828458786 0.065371669828891754 -0.043507948517799377
  endloop
 endfacet
 facet normal 0.041140177458096866 0.9978087249094636 -0.051819246359501026
  outer loop
   vertex 0.03403870016336441 0.065371669828891754 -0.045668028295040131
   vertex 0.034707818180322647 0.06549999862909317 -0.042665760964155197
   vertex 0.03675948828458786 0.065371669828891754 -0.043507948517799377
  endloop
 endfacet
 facet normal 0.038884042018771797 0.99792492032573299 -0.051321386079899924
  outer loop
   vertex 0.031681559979915619 0.06549999862909317 -0.044958628714084625
   vertex 0.034707818180322647 0.06549999862909317 -0.042665760964155197
   vertex 0.03403870016336441 0.065371669828891754 -0.045668028295040131
  endloop
 endfacet
 facet normal 0.037972391259975223 0.99780085892599824 -0.054328109009421213
  outer loop
   vertex 0.031191280111670494 0.065371669828891754 -0.047658219933509827
   vertex 0.031681559979915619 0.06549999862909317 -0.044958628714084625
   vertex 0.03403870016336441 0.065371669828891754 -0.045668028295040131
  endloop
 endfacet
 facet normal 0.035219716356773761 0.99792857663315626 -0.053834259711369688
  outer loop
   vertex 0.028504319489002228 0.06549999862909317 -0.047037258744239807
   vertex 0.031681559979915619 0.06549999862909317 -0.044958628714084625
   vertex 0.031191280111670494 0.065371669828891754 -0.047658219933509827
  endloop
 endfacet
 facet normal 0.034588386729356407 0.9978010336401506 -0.056539727361453733
  outer loop
   vertex 0.028227830305695534 0.065371669828891754 -0.049471121281385422
   vertex 0.028504319489002228 0.06549999862909317 -0.047037258744239807
   vertex 0.031191280111670494 0.065371669828891754 -0.047658219933509827
  endloop
 endfacet
 facet normal 0.031451996363121189 0.99792457735039686 -0.056189944338875378
  outer loop
   vertex 0.025191249325871468 0.06549999862909317 -0.048891730606555939
   vertex 0.028504319489002228 0.06549999862909317 -0.047037258744239807
   vertex 0.028227830305695534 0.065371669828891754 -0.049471121281385422
  endloop
 endfacet
 facet normal 0.03101896830757303 0.99780925196065795 -0.058433896899369071
  outer loop
   vertex 0.02515937015414238 0.065371669828891754 -0.051099978387355804
   vertex 0.025191249325871468 0.06549999862909317 -0.048891730606555939
   vertex 0.028227830305695534 0.065371669828891754 -0.049471121281385422
  endloop
 endfacet
 facet normal 0.027577837832371239 0.99791284329172891 -0.058390239371906898
  outer loop
   vertex 0.021758129820227623 0.06549999862909317 -0.050513200461864471
   vertex 0.025191249325871468 0.06549999862909317 -0.048891730606555939
   vertex 0.02515937015414238 0.065371669828891754 -0.051099978387355804
  endloop
 endfacet
 facet normal 0.027297870975483057 0.99782541243535028 -0.059993937513959247
  outer loop
   vertex 0.021997310221195221 0.065371669828891754 -0.05253874883055687
   vertex 0.021758129820227623 0.06549999862909317 -0.050513200461864471
   vertex 0.02515937015414238 0.065371669828891754 -0.051099978387355804
  endloop
 endfacet
 facet normal 0.023593887968823862 0.99789321371127837 -0.060435606057119937
  outer loop
   vertex 0.018221320584416389 0.06549999862909317 -0.051893960684537888
   vertex 0.021758129820227623 0.06549999862909317 -0.050513200461864471
   vertex 0.021997310221195221 0.065371669828891754 -0.05253874883055687
  endloop
 endfacet
 facet normal 0.023460291650100242 0.9978492106399055 -0.061209211243160436
  outer loop
   vertex 0.018753420561552048 0.065371669828891754 -0.053782068192958832
   vertex 0.018221320584416389 0.06549999862909317 -0.051893960684537888
   vertex 0.021997310221195221 0.065371669828891754 -0.05253874883055687
  endloop
 endfacet
 facet normal 0.019612335437980199 0.99786508389910056 -0.062294707910937552
  outer loop
   vertex 0.015439770184457302 0.065371669828891754 -0.054825309664011002
   vertex 0.018221320584416389 0.06549999862909317 -0.051893960684537888
   vertex 0.018753420561552048 0.065371669828891754 -0.053782068192958832
  endloop
 endfacet
 facet normal 0.058611185440523648 0.98076838933336163 -0.18616684835303002
  outer loop
   vertex 0.015961429104208946 0.064988888800144196 -0.056677650660276413
   vertex 0.015439770184457302 0.065371669828891754 -0.054825309664011002
   vertex 0.018753420561552048 0.065371669828891754 -0.053782068192958832
  endloop
 endfacet
 facet normal 0.047152927931941285 0.98076837924323468 -0.18939373712993726
  outer loop
   vertex 0.012476439587771893 0.064988888800144196 -0.05754530057311058
   vertex 0.015439770184457302 0.065371669828891754 -0.054825309664011002
   vertex 0.015961429104208946 0.064988888800144196 -0.056677650660276413
  endloop
 endfacet
 facet normal 0.077690279681434271 0.9468839771373383 -0.31204960228078654
  outer loop
   vertex 0.012870119884610176 0.064358189702033997 -0.059361081570386887
   vertex 0.012476439587771893 0.064988888800144196 -0.05754530057311058
   vertex 0.015961429104208946 0.064988888800144196 -0.056677650660276413
  endloop
 endfacet
 facet normal 0.058522067620697102 0.94688397787705625 -0.31620547123843556
  outer loop
   vertex 0.009227297268807888 0.064358189702033997 -0.060035280883312225
   vertex 0.012476439587771893 0.064988888800144196 -0.05754530057311058
   vertex 0.012870119884610176 0.064358189702033997 -0.059361081570386887
  endloop
 endfacet
 facet normal 0.080519630511154253 0.8967928127413326 -0.43506234049597581
  outer loop
   vertex 0.0094946268945932388 0.063490383327007294 -0.061774611473083496
   vertex 0.009227297268807888 0.064358189702033997 -0.060035280883312225
   vertex 0.012870119884610176 0.064358189702033997 -0.059361081570386887
  endloop
 endfacet
 facet normal 0.053845669714228189 0.89679280998786359 -0.43916204276678744
  outer loop
   vertex 0.005710940808057785 0.063490383327007294 -0.062238529324531555
   vertex 0.009227297268807888 0.064358189702033997 -0.060035280883312225
   vertex 0.0094946268945932388 0.063490383327007294 -0.061774611473083496
  endloop
 endfacet
 facet normal 0.067633926689264379 0.83135009016600048 -0.5516182371364946
  outer loop
   vertex 0.0058600129559636116 0.062400300055742264 -0.063863128423690796
   vertex 0.005710940808057785 0.063490383327007294 -0.062238529324531555
   vertex 0.0094946268945932388 0.063490383327007294 -0.061774611473083496
  endloop
 endfacet
 facet normal 0.033880835396275663 0.83135006651348142 -0.55471538278731758
  outer loop
   vertex 0.0019557629711925983 0.062400300055742264 -0.06410159170627594
   vertex 0.005710940808057785 0.063490383327007294 -0.062238529324531555
   vertex 0.0058600129559636116 0.062400300055742264 -0.063863128423690796
  endloop
 endfacet
 facet normal 0.040207049331445414 0.75168848944112976 -0.65829158283071754
  outer loop
   vertex 0.0020007500424981117 0.061106599867343903 -0.065576091408729553
   vertex 0.0019557629711925983 0.062400300055742264 -0.06410159170627594
   vertex 0.0058600129559636116 0.062400300055742264 -0.063863128423690796
  endloop
 endfacet
 facet normal 0 0.75168849840876761 -0.65951831010213224
  outer loop
   vertex -0.0020007500424981117 0.061106599867343903 -0.065576091408729553
   vertex 0.0019557629711925983 0.062400300055742264 -0.06410159170627594
   vertex 0.0020007500424981117 0.061106599867343903 -0.065576091408729553
  endloop
 endfacet
 facet normal 0 0.65916890737296707 -0.75199491457903422
  outer loop
   vertex -0.0020402029622346163 0.059631418436765671 -0.066869176924228668
   vertex -0.0020007500424981117 0.061106599867343903 -0.065576091408729553
   vertex 0.0020007500424981117 0.061106599867343903 -0.065576091408729553
  endloop
 endfacet
 facet normal -0.045842272560677695 0.65916894982489804 -0.75059628405236178
  outer loop
   vertex -0.0061130188405513763 0.059631418436765671 -0.066620431840419769
   vertex -0.0020007500424981117 0.061106599867343903 -0.065576091408729553
   vertex -0.0020402029622346163 0.059631418436765671 -0.066869176924228668
  endloop
 endfacet
 facet normal -0.050694400234804177 0.55539152521260648 -0.83004236729630132
  outer loop
   vertex -0.0062126251868903637 0.057999998331069946 -0.067705951631069183
   vertex -0.0061130188405513763 0.059631418436765671 -0.066620431840419769
   vertex -0.0020402029622346163 0.059631418436765671 -0.066869176924228668
  endloop
 endfacet
 facet normal -0.10120804440076536 0.55539152755714249 -0.82540728302233712
  outer loop
   vertex -0.010328689590096474 0.057999998331069946 -0.06720125675201416
   vertex -0.0061130188405513763 0.059631418436765671 -0.066620431840419769
   vertex -0.0062126251868903637 0.057999998331069946 -0.067705951631069183
  endloop
 endfacet
 facet normal -0.10916325428586629 0.44212387006312454 -0.89028639629847461
  outer loop
   vertex -0.010460530407726765 0.056240249425172806 -0.068058997392654419
   vertex -0.010328689590096474 0.057999998331069946 -0.06720125675201416
   vertex -0.0062126251868903637 0.057999998331069946 -0.067705951631069183
  endloop
 endfacet
 facet normal -0.16323031699264065 0.44212405867624094 -0.881976292399138
  outer loop
   vertex -0.014590219594538212 0.056240249425172806 -0.067294701933860779
   vertex -0.010328689590096474 0.057999998331069946 -0.06720125675201416
   vertex -0.010460530407726765 0.056240249425172806 -0.068058997392654419
  endloop
 endfacet
 facet normal -0.17233344131336886 0.32130500127997902 -0.93116286500137269
  outer loop
   vertex -0.014723850414156914 0.054382290691137314 -0.067911073565483093
   vertex -0.014590219594538212 0.056240249425172806 -0.067294701933860779
   vertex -0.010460530407726765 0.056240249425172806 -0.068058997392654419
  endloop
 endfacet
 facet normal -0.22878277948109063 0.32130488327125517 -0.91892415998217813
  outer loop
   vertex -0.018836589530110359 0.054382290691137314 -0.066887132823467255
   vertex -0.014590219594538212 0.056240249425172806 -0.067294701933860779
   vertex -0.014723850414156914 0.054382290691137314 -0.067911073565483093
  endloop
 endfacet
 facet normal -0.23695526911883172 0.19499968278684418 -0.95174961210911579
  outer loop
   vertex -0.018940359354019165 0.052457891404628754 -0.067255578935146332
   vertex -0.018836589530110359 0.054382290691137314 -0.066887132823467255
   vertex -0.014723850414156914 0.054382290691137314 -0.067911073565483093
  endloop
 endfacet
 facet normal -0.29453560636716147 0.19499994720170766 -0.93553396366634378
  outer loop
   vertex -0.023005299270153046 0.052457891404628754 -0.06597580760717392
   vertex -0.018836589530110359 0.054382290691137314 -0.066887132823467255
   vertex -0.018940359354019165 0.052457891404628754 -0.067255578935146332
  endloop
 endfacet
 facet normal 0.019432299045083916 0.99787921785582845 -0.062124490543284332
  outer loop
   vertex 0.015439770184457302 0.065371669828891754 -0.054825309664011002
   vertex 0.014597680419683456 0.06549999862909317 -0.053027421236038208
   vertex 0.018221320584416389 0.06549999862909317 -0.051893960684537888
  endloop
 endfacet
 facet normal 0.015880607438758285 0.997837299521244 -0.063785029525173537
  outer loop
   vertex 0.012068689800798893 0.065371669828891754 -0.055664610117673874
   vertex 0.014597680419683456 0.06549999862909317 -0.053027421236038208
   vertex 0.015439770184457302 0.065371669828891754 -0.054825309664011002
  endloop
 endfacet
 facet normal 0.047153707814552616 0.98076818300613833 -0.18939455916730469
  outer loop
   vertex 0.012476439587771893 0.064988888800144196 -0.05754530057311058
   vertex 0.012068689800798893 0.065371669828891754 -0.055664610117673874
   vertex 0.015439770184457302 0.065371669828891754 -0.054825309664011002
  endloop
 endfacet
 facet normal 0.035519423060892792 0.98076819171884499 -0.191916973449375
  outer loop
   vertex 0.008945045992732048 0.064988888800144196 -0.058198880404233932
   vertex 0.012068689800798893 0.065371669828891754 -0.055664610117673874
   vertex 0.012476439587771893 0.064988888800144196 -0.05754530057311058
  endloop
 endfacet
 facet normal 0.058522453799999569 0.94688380071387124 -0.31620593028417526
  outer loop
   vertex 0.009227297268807888 0.064358189702033997 -0.060035280883312225
   vertex 0.008945045992732048 0.064988888800144196 -0.058198880404233932
   vertex 0.012476439587771893 0.064988888800144196 -0.05754530057311058
  endloop
 endfacet
 facet normal 0.039136411487926674 0.94688380439597397 -0.31918552954113472
  outer loop
   vertex 0.0055501437745988369 0.064358189702033997 -0.060486149042844772
   vertex 0.008945045992732048 0.064988888800144196 -0.058198880404233932
   vertex 0.009227297268807888 0.064358189702033997 -0.060035280883312225
  endloop
 endfacet
 facet normal 0.053847417900331325 0.89679157660317521 -0.43916434704909535
  outer loop
   vertex 0.005710940808057785 0.063490383327007294 -0.062238529324531555
   vertex 0.0055501437745988369 0.064358189702033997 -0.060486149042844772
   vertex 0.009227297268807888 0.064358189702033997 -0.060035280883312225
  endloop
 endfacet
 facet normal 0.026974438513248374 0.89679158676793225 -0.44163019549069493
  outer loop
   vertex 0.0019060110207647085 0.063490383327007294 -0.062470931559801102
   vertex 0.0055501437745988369 0.064358189702033997 -0.060486149042844772
   vertex 0.005710940808057785 0.063490383327007294 -0.062238529324531555
  endloop
 endfacet
 facet normal 0.033881669229105571 0.83134923553147466 -0.55471657724596801
  outer loop
   vertex 0.0019557629711925983 0.062400300055742264 -0.06410159170627594
   vertex 0.0019060110207647085 0.063490383327007294 -0.062470931559801102
   vertex 0.005710940808057785 0.063490383327007294 -0.062238529324531555
  endloop
 endfacet
 facet normal 0 0.83134924929692045 -0.55575032675964009
  outer loop
   vertex -0.0019557629711925983 0.062400300055742264 -0.06410159170627594
   vertex 0.0019060110207647085 0.063490383327007294 -0.062470931559801102
   vertex 0.0019557629711925983 0.062400300055742264 -0.06410159170627594
  endloop
 endfacet
 facet normal 0 0.75168849840876761 -0.65951831010213224
  outer loop
   vertex -0.0020007500424981117 0.061106599867343903 -0.065576091408729553
   vertex -0.0019557629711925983 0.062400300055742264 -0.06410159170627594
   vertex 0.0019557629711925983 0.062400300055742264 -0.06410159170627594
  endloop
 endfacet
 facet normal -0.040208012460245156 0.75168847486081525 -0.6582915406530897
  outer loop
   vertex -0.0059948069974780083 0.061106599867343903 -0.065332137048244476
   vertex -0.0019557629711925983 0.062400300055742264 -0.06410159170627594
   vertex -0.0020007500424981117 0.061106599867343903 -0.065576091408729553
  endloop
 endfacet
 facet normal -0.045845609827586273 0.65917459742260631 -0.75059112049922472
  outer loop
   vertex -0.0061130188405513763 0.059631418436765671 -0.066620431840419769
   vertex -0.0059948069974780083 0.061106599867343903 -0.065332137048244476
   vertex -0.0020007500424981117 0.061106599867343903 -0.065576091408729553
  endloop
 endfacet
 facet normal -0.091517869748477296 0.65917456768667604 -0.74640027386904439
  outer loop
   vertex -0.010163090191781521 0.059631418436765671 -0.066123843193054199
   vertex -0.0059948069974780083 0.061106599867343903 -0.065332137048244476
   vertex -0.0061130188405513763 0.059631418436765671 -0.066620431840419769
  endloop
 endfacet
 facet normal -0.10120555992401856 0.55538643577083013 -0.82541101373936088
  outer loop
   vertex -0.010328689590096474 0.057999998331069946 -0.06720125675201416
   vertex -0.010163090191781521 0.059631418436765671 -0.066123843193054199
   vertex -0.0061130188405513763 0.059631418436765671 -0.066620431840419769
  endloop
 endfacet
 facet normal -0.15133655609530539 0.55538652477496164 -0.8177059709257376
  outer loop
   vertex -0.014406340196728706 0.057999998331069946 -0.066446587443351746
   vertex -0.010163090191781521 0.059631418436765671 -0.066123843193054199
   vertex -0.010328689590096474 0.057999998331069946 -0.06720125675201416
  endloop
 endfacet
 facet normal -0.16323114693172325 0.44212600845635297 -0.88197516139504017
  outer loop
   vertex -0.014590219594538212 0.056240249425172806 -0.067294701933860779
   vertex -0.014406340196728706 0.057999998331069946 -0.066446587443351746
   vertex -0.010328689590096474 0.057999998331069946 -0.06720125675201416
  endloop
 endfacet
 facet normal -0.21669814797298492 0.44212599475901843 -0.87038297169891077
  outer loop
   vertex -0.018665630370378494 0.056240249425172806 -0.066280052065849304
   vertex -0.014406340196728706 0.057999998331069946 -0.066446587443351746
   vertex -0.014590219594538212 0.056240249425172806 -0.067294701933860779
  endloop
 endfacet
 facet normal -0.22878325254656348 0.32130608226462787 -0.91892362297090369
  outer loop
   vertex -0.018836589530110359 0.054382290691137314 -0.066887132823467255
   vertex -0.018665630370378494 0.056240249425172806 -0.066280052065849304
   vertex -0.014590219594538212 0.056240249425172806 -0.067294701933860779
  endloop
 endfacet
 facet normal -0.28438018188774566 0.32130591220132088 -0.90326652928909623
  outer loop
   vertex -0.022879259660840034 0.054382290691137314 -0.065614357590675354
   vertex -0.018665630370378494 0.056240249425172806 -0.066280052065849304
   vertex -0.018836589530110359 0.054382290691137314 -0.066887132823467255
  endloop
 endfacet
 facet normal -0.29453836936023009 0.19500704508365233 -0.93553161429337006
  outer loop
   vertex -0.023005299270153046 0.052457891404628754 -0.06597580760717392
   vertex -0.022879259660840034 0.054382290691137314 -0.065614357590675354
   vertex -0.018836589530110359 0.054382290691137314 -0.066887132823467255
  endloop
 endfacet
 facet normal -0.35102221760969732 0.19500716355024672 -0.91583601638527923
  outer loop
   vertex -0.026984650641679764 0.052457891404628754 -0.064450599253177643
   vertex -0.022879259660840034 0.054382290691137314 -0.065614357590675354
   vertex -0.023005299270153046 0.052457891404628754 -0.06597580760717392
  endloop
 endfacet
 facet normal 0.015014143349686402 0.99790327723002914 -0.062957325173826184
  outer loop
   vertex 0.012068689800798893 0.065371669828891754 -0.055664610117673874
   vertex 0.010904479771852493 0.06549999862909317 -0.053908180445432663
   vertex 0.014597680419683456 0.06549999862909317 -0.053027421236038208
  endloop
 endfacet
 facet normal 0.012018145805750597 0.99781700200365653 -0.064936851508418797
  outer loop
   vertex 0.0086527029052376747 0.065371669828891754 -0.056296821683645248
   vertex 0.010904479771852493 0.06549999862909317 -0.053908180445432663
   vertex 0.012068689800798893 0.065371669828891754 -0.055664610117673874
  endloop
 endfacet
 facet normal 0.035518764503648818 0.98076836916017363 -0.1919161885381942
  outer loop
   vertex 0.008945045992732048 0.064988888800144196 -0.058198880404233932
   vertex 0.0086527029052376747 0.065371669828891754 -0.056296821683645248
   vertex 0.012068689800798893 0.065371669828891754 -0.055664610117673874
  endloop
 endfacet
 facet normal 0.023752850347530611 0.98076836514557619 -0.19372458808845469
  outer loop
   vertex 0.0053803729824721813 0.064988888800144196 -0.058635950088500977
   vertex 0.0086527029052376747 0.065371669828891754 -0.056296821683645248
   vertex 0.008945045992732048 0.064988888800144196 -0.058198880404233932
  endloop
 endfacet
 facet normal 0.039135675140968461 0.94688416932577124 -0.31918453723748075
  outer loop
   vertex 0.0055501437745988369 0.064358189702033997 -0.060486149042844772
   vertex 0.0053803729824721813 0.064988888800144196 -0.058635950088500977
   vertex 0.008945045992732048 0.064988888800144196 -0.058198880404233932
  endloop
 endfacet
 facet normal 0.019604206809519052 0.94688416825861388 -0.32097670784118082
  outer loop
   vertex 0.0018523449543863535 0.064358189702033997 -0.060711998492479324
   vertex 0.0053803729824721813 0.064988888800144196 -0.058635950088500977
   vertex 0.0055501437745988369 0.064358189702033997 -0.060486149042844772
  endloop
 endfacet
 facet normal 0.026973214855517312 0.89679252742298587 -0.44162836009324774
  outer loop
   vertex 0.0019060110207647085 0.063490383327007294 -0.062470931559801102
   vertex 0.0018523449543863535 0.064358189702033997 -0.060711998492479324
   vertex 0.0055501437745988369 0.064358189702033997 -0.060486149042844772
  endloop
 endfacet
 facet normal 0 0.8967925205488273 -0.44245132510557716
  outer loop
   vertex -0.0019060110207647085 0.063490383327007294 -0.062470931559801102
   vertex 0.0018523449543863535 0.064358189702033997 -0.060711998492479324
   vertex 0.0019060110207647085 0.063490383327007294 -0.062470931559801102
  endloop
 endfacet
 facet normal 0 0.83134924929692045 -0.55575032675964009
  outer loop
   vertex -0.0019557629711925983 0.062400300055742264 -0.06410159170627594
   vertex -0.0019060110207647085 0.063490383327007294 -0.062470931559801102
   vertex 0.0019060110207647085 0.063490383327007294 -0.062470931559801102
  endloop
 endfacet
 facet normal -0.033880910202849029 0.83134924623758111 -0.5547166075610428
  outer loop
   vertex -0.0058600129559636116 0.062400300055742264 -0.063863128423690796
   vertex -0.0019060110207647085 0.063490383327007294 -0.062470931559801102
   vertex -0.0019557629711925983 0.062400300055742264 -0.06410159170627594
  endloop
 endfacet
 facet normal -0.0402071394399506 0.75168719261942141 -0.65829305813595607
  outer loop
   vertex -0.0059948069974780083 0.061106599867343903 -0.065332137048244476
   vertex -0.0058600129559636116 0.062400300055742264 -0.063863128423690796
   vertex -0.0019557629711925983 0.062400300055742264 -0.06410159170627594
  endloop
 endfacet
 facet normal -0.080263917589811593 0.75168718748230323 -0.65461750336213942
  outer loop
   vertex -0.0099665643647313118 0.061106599867343903 -0.064845152199268341
   vertex -0.0058600129559636116 0.062400300055742264 -0.063863128423690796
   vertex -0.0059948069974780083 0.061106599867343903 -0.065332137048244476
  endloop
 endfacet
 facet normal -0.091517632240028443 0.65917412298395917 -0.74640069572415813
  outer loop
   vertex -0.010163090191781521 0.059631418436765671 -0.066123843193054199
   vertex -0.0099665643647313118 0.061106599867343903 -0.064845152199268341
   vertex -0.0059948069974780083 0.061106599867343903 -0.065332137048244476
  endloop
 endfacet
 facet normal -0.1368530375908657 0.65917399602525673 -0.73943281578940501
  outer loop
   vertex -0.014175360091030598 0.059631418436765671 -0.065381258726119995
   vertex -0.0099665643647313118 0.061106599867343903 -0.064845152199268341
   vertex -0.010163090191781521 0.059631418436765671 -0.066123843193054199
  endloop
 endfacet
 facet normal -0.15133894629434913 0.55539192803794946 -0.8177018586286845
  outer loop
   vertex -0.014406340196728706 0.057999998331069946 -0.066446587443351746
   vertex -0.014175360091030598 0.059631418436765671 -0.065381258726119995
   vertex -0.010163090191781521 0.059631418436765671 -0.066123843193054199
  endloop
 endfacet
 facet normal -0.20090555996207662 0.55539202197572002 -0.80695517713318232
  outer loop
   vertex -0.01843038946390152 0.057999998331069946 -0.065444730222225189
   vertex -0.014175360091030598 0.059631418436765671 -0.065381258726119995
   vertex -0.014406340196728706 0.057999998331069946 -0.066446587443351746
  endloop
 endfacet
 facet normal -0.21669733109609388 0.44212389752874837 -0.87038424039605577
  outer loop
   vertex -0.018665630370378494 0.056240249425172806 -0.066280052065849304
   vertex -0.01843038946390152 0.057999998331069946 -0.065444730222225189
   vertex -0.014406340196728706 0.057999998331069946 -0.066446587443351746
  endloop
 endfacet
 facet normal -0.26935624605218356 0.44212390096694704 -0.85555459726802052
  outer loop
   vertex -0.022671610116958618 0.056240249425172806 -0.065018840134143829
   vertex -0.01843038946390152 0.057999998331069946 -0.065444730222225189
   vertex -0.018665630370378494 0.056240249425172806 -0.066280052065849304
  endloop
 endfacet
 facet normal -0.28437827598152493 0.32130071209039768 -0.90326897907543524
  outer loop
   vertex -0.022879259660840034 0.054382290691137314 -0.065614357590675354
   vertex -0.022671610116958618 0.056240249425172806 -0.065018840134143829
   vertex -0.018665630370378494 0.056240249425172806 -0.066280052065849304
  endloop
 endfacet
 facet normal -0.33891518233811868 0.32130065133569202 -0.88425244734294062
  outer loop
   vertex -0.0268368199467659 0.054382290691137314 -0.064097508788108826
   vertex -0.022671610116958618 0.056240249425172806 -0.065018840134143829
   vertex -0.022879259660840034 0.054382290691137314 -0.065614357590675354
  endloop
 endfacet
 facet normal -0.35102095774098341 0.19500374341714782 -0.9158372275027381
  outer loop
   vertex -0.026984650641679764 0.052457891404628754 -0.064450599253177643
   vertex -0.0268368199467659 0.054382290691137314 -0.064097508788108826
   vertex -0.022879259660840034 0.054382290691137314 -0.065614357590675354
  endloop
 endfacet
 facet normal -0.40620510931370418 0.19500363342727434 -0.89273231828897226
  outer loop
   vertex -0.030863620340824127 0.052457891404628754 -0.062685616314411163
   vertex -0.0268368199467659 0.054382290691137314 -0.064097508788108826
   vertex -0.026984650641679764 0.052457891404628754 -0.064450599253177643
  endloop
 endfacet
 facet normal 0.010594540805527613 0.99791921345914669 -0.063600307500814551
  outer loop
   vertex 0.0086527029052376747 0.065371669828891754 -0.056296821683645248
   vertex 0.0071593089960515499 0.06549999862909317 -0.054532051086425781
   vertex 0.010904479771852493 0.06549999862909317 -0.053908180445432663
  endloop
 endfacet
 facet normal 0.008060098293403142 0.99780445214827929 -0.065736672326586323
  outer loop
   vertex 0.0052045308984816074 0.065371669828891754 -0.05671960860490799
   vertex 0.0071593089960515499 0.06549999862909317 -0.054532051086425781
   vertex 0.0086527029052376747 0.065371669828891754 -0.056296821683645248
  endloop
 endfacet
 facet normal 0.023752957590243654 0.98076833392356488 -0.19372473300668344
  outer loop
   vertex 0.0053803729824721813 0.064988888800144196 -0.058635950088500977
   vertex 0.0052045308984816074 0.065371669828891754 -0.05671960860490799
   vertex 0.0086527029052376747 0.065371669828891754 -0.056296821683645248
  endloop
 endfacet
 facet normal 0.011899003178239753 0.98076833436225419 -0.19481244322592364
  outer loop
   vertex 0.0017956839874386787 0.064988888800144196 -0.058854900300502777
   vertex 0.0052045308984816074 0.065371669828891754 -0.05671960860490799
   vertex 0.0053803729824721813 0.064988888800144196 -0.058635950088500977
  endloop
 endfacet
 facet normal 0.01960510991475933 0.94688367963199493 -0.32097809413074258
  outer loop
   vertex 0.0018523449543863535 0.064358189702033997 -0.060711998492479324
   vertex 0.0017956839874386787 0.064988888800144196 -0.058854900300502777
   vertex 0.0053803729824721813 0.064988888800144196 -0.058635950088500977
  endloop
 endfacet
 facet normal 0 0.9468836839473509 -0.3215762570126926
  outer loop
   vertex -0.0018523449543863535 0.064358189702033997 -0.060711998492479324
   vertex 0.0017956839874386787 0.064988888800144196 -0.058854900300502777
   vertex 0.0018523449543863535 0.064358189702033997 -0.060711998492479324
  endloop
 endfacet
 facet normal 0 0.89679252054882741 -0.44245132510557722
  outer loop
   vertex -0.0019060110207647085 0.063490383327007294 -0.062470931559801102
   vertex -0.0018523449543863535 0.064358189702033997 -0.060711998492479324
   vertex 0.0018523449543863535 0.064358189702033997 -0.060711998492479324
  endloop
 endfacet
 facet normal -0.026974323936957628 0.89679251399134374 -0.44162831962774951
  outer loop
   vertex -0.005710940808057785 0.063490383327007294 -0.062238529324531555
   vertex -0.0018523449543863535 0.064358189702033997 -0.060711998492479324
   vertex -0.0019060110207647085 0.063490383327007294 -0.062470931559801102
  endloop
 endfacet
 facet normal -0.03388159246814295 0.83135007721899135 -0.55471532050214689
  outer loop
   vertex -0.0058600129559636116 0.062400300055742264 -0.063863128423690796
   vertex -0.005710940808057785 0.063490383327007294 -0.062238529324531555
   vertex -0.0019060110207647085 0.063490383327007294 -0.062470931559801102
  endloop
 endfacet
 facet normal -0.067635700871084448 0.83135006503507458 -0.5516180574762346
  outer loop
   vertex -0.009742463007569313 0.062400300055742264 -0.063387088477611542
   vertex -0.005710940808057785 0.063490383327007294 -0.062238529324531555
   vertex -0.0058600129559636116 0.062400300055742264 -0.063863128423690796
  endloop
 endfacet
 facet normal -0.080264626166591566 0.75168835397788558 -0.65461607701029934
  outer loop
   vertex -0.0099665643647313118 0.061106599867343903 -0.064845152199268341
   vertex -0.009742463007569313 0.062400300055742264 -0.063387088477611542
   vertex -0.0058600129559636116 0.062400300055742264 -0.063863128423690796
  endloop
 endfacet
 facet normal -0.12002248969756293 0.75168835303943726 -0.64850537536064934
  outer loop
   vertex -0.013901240192353725 0.061106599867343903 -0.064116939902305603
   vertex -0.009742463007569313 0.062400300055742264 -0.063387088477611542
   vertex -0.0099665643647313118 0.061106599867343903 -0.064845152199268341
  endloop
 endfacet
 facet normal -0.13685151613373558 0.65917079467666728 -0.73943595123393113
  outer loop
   vertex -0.014175360091030598 0.059631418436765671 -0.065381258726119995
   vertex -0.013901240192353725 0.061106599867343903 -0.064116939902305603
   vertex -0.0099665643647313118 0.061106599867343903 -0.064845152199268341
  endloop
 endfacet
 facet normal -0.18167674798045419 0.65917082820438178 -0.72971732779727505
  outer loop
   vertex -0.018134899437427521 0.059631418436765671 -0.06439545750617981
   vertex -0.013901240192353725 0.061106599867343903 -0.064116939902305603
   vertex -0.014175360091030598 0.059631418436765671 -0.065381258726119995
  endloop
 endfacet
 facet normal -0.20090622332821714 0.55539370077190009 -0.80695385653139151
  outer loop
   vertex -0.01843038946390152 0.057999998331069946 -0.065444730222225189
   vertex -0.018134899437427521 0.059631418436765671 -0.06439545750617981
   vertex -0.014175360091030598 0.059631418436765671 -0.065381258726119995
  endloop
 endfacet
 facet normal -0.24972727539045403 0.55539361745952742 -0.79320502873549681
  outer loop
   vertex -0.022385880351066589 0.057999998331069946 -0.064199410378932953
   vertex -0.018134899437427521 0.059631418436765671 -0.06439545750617981
   vertex -0.01843038946390152 0.057999998331069946 -0.065444730222225189
  endloop
 endfacet
 facet normal -0.26935672211713108 0.44212525381554402 -0.85555374827584929
  outer loop
   vertex -0.022671610116958618 0.056240249425172806 -0.065018840134143829
   vertex -0.022385880351066589 0.057999998331069946 -0.064199410378932953
   vertex -0.01843038946390152 0.057999998331069946 -0.065444730222225189
  endloop
 endfacet
 facet normal -0.32101393164482694 0.44212525871583741 -0.83754122960925581
  outer loop
   vertex -0.026593239977955818 0.056240249425172806 -0.063515752553939819
   vertex -0.022385880351066589 0.057999998331069946 -0.064199410378932953
   vertex -0.022671610116958618 0.056240249425172806 -0.065018840134143829
  endloop
 endfacet
 facet normal -0.33891664885727468 0.32130500158851755 -0.88425030454139941
  outer loop
   vertex -0.0268368199467659 0.054382290691137314 -0.064097508788108826
   vertex -0.026593239977955818 0.056240249425172806 -0.063515752553939819
   vertex -0.022671610116958618 0.056240249425172806 -0.065018840134143829
  endloop
 endfacet
 facet normal -0.39219236264367008 0.32130516099065864 -0.86194439739738593
  outer loop
   vertex -0.030694540590047836 0.054382290691137314 -0.062342211604118347
   vertex -0.026593239977955818 0.056240249425172806 -0.063515752553939819
   vertex -0.0268368199467659 0.054382290691137314 -0.064097508788108826
  endloop
 endfacet
 facet normal -0.40620245305268649 0.19499595849622742 -0.89273520335210121
  outer loop
   vertex -0.030863620340824127 0.052457891404628754 -0.062685616314411163
   vertex -0.030694540590047836 0.054382290691137314 -0.062342211604118347
   vertex -0.0268368199467659 0.054382290691137314 -0.064097508788108826
  endloop
 endfacet
 facet normal -0.45987044131410787 0.19499604507532928 -0.86631156035836665
  outer loop
   vertex -0.034627780318260193 0.052457891404628754 -0.060687460005283356
   vertex -0.030694540590047836 0.054382290691137314 -0.062342211604118347
   vertex -0.030863620340824127 0.052457891404628754 -0.062685616314411163
  endloop
 endfacet
 facet normal 0.006169186081679272 0.99792735345459993 -0.064054183081103208
  outer loop
   vertex 0.0052045308984816074 0.065371669828891754 -0.05671960860490799
   vertex 0.0033800220116972923 0.06549999862909317 -0.054896041750907898
   vertex 0.0071593089960515499 0.06549999862909317 -0.054532051086425781
  endloop
 endfacet
 facet normal 0.0040417638759808324 0.99779993017101021 -0.066173737203651495
  outer loop
   vertex 0.0017369979759678245 0.065371669828891754 -0.056931398808956146
   vertex 0.0033800220116972923 0.06549999862909317 -0.054896041750907898
   vertex 0.0052045308984816074 0.065371669828891754 -0.05671960860490799
  endloop
 endfacet
 facet normal 0.011898742740502427 0.98076841715926699 -0.19481204229744511
  outer loop
   vertex 0.0017956839874386787 0.064988888800144196 -0.058854900300502777
   vertex 0.0017369979759678245 0.065371669828891754 -0.056931398808956146
   vertex 0.0052045308984816074 0.065371669828891754 -0.05671960860490799
  endloop
 endfacet
 facet normal 0 0.98076841855800978 -0.19517507309905299
  outer loop
   vertex -0.0017956839874386787 0.064988888800144196 -0.058854900300502777
   vertex 0.0017369979759678245 0.065371669828891754 -0.056931398808956146
   vertex 0.0017956839874386787 0.064988888800144196 -0.058854900300502777
  endloop
 endfacet
 facet normal 0 0.9468836839473509 -0.3215762570126926
  outer loop
   vertex -0.0018523449543863535 0.064358189702033997 -0.060711998492479324
   vertex -0.0017956839874386787 0.064988888800144196 -0.058854900300502777
   vertex 0.0017956839874386787 0.064988888800144196 -0.058854900300502777
  endloop
 endfacet
 facet normal -0.019604293158980959 0.94688368722140404 -0.32097812162783773
  outer loop
   vertex -0.0055501437745988369 0.064358189702033997 -0.060486149042844772
   vertex -0.0017956839874386787 0.064988888800144196 -0.058854900300502777
   vertex -0.0018523449543863535 0.064358189702033997 -0.060711998492479324
  endloop
 endfacet
 facet normal -0.026973332746438792 0.89679157333632775 -0.44163029030344336
  outer loop
   vertex -0.005710940808057785 0.063490383327007294 -0.062238529324531555
   vertex -0.0055501437745988369 0.064358189702033997 -0.060486149042844772
   vertex -0.0018523449543863535 0.064358189702033997 -0.060711998492479324
  endloop
 endfacet
 facet normal -0.05384596960583303 0.89679159421411969 -0.43916448866467467
  outer loop
   vertex -0.0094946268945932388 0.063490383327007294 -0.061774611473083496
   vertex -0.0055501437745988369 0.064358189702033997 -0.060486149042844772
   vertex -0.005710940808057785 0.063490383327007294 -0.062238529324531555
  endloop
 endfacet
 facet normal -0.067634286400323804 0.83134811426856126 -0.55162117091825458
  outer loop
   vertex -0.009742463007569313 0.062400300055742264 -0.063387088477611542
   vertex -0.0094946268945932388 0.063490383327007294 -0.061774611473083496
   vertex -0.005710940808057785 0.063490383327007294 -0.062238529324531555
  endloop
 endfacet
 facet normal -0.10113813728152961 0.83134816105155596 -0.54647169396357487
  outer loop
   vertex -0.013588669709861279 0.062400300055742264 -0.062675252556800842
   vertex -0.0094946268945932388 0.063490383327007294 -0.061774611473083496
   vertex -0.009742463007569313 0.062400300055742264 -0.063387088477611542
  endloop
 endfacet
 facet normal -0.12002214911317528 0.75168771256444977 -0.64850618077384581
  outer loop
   vertex -0.013901240192353725 0.061106599867343903 -0.064116939902305603
   vertex -0.013588669709861279 0.062400300055742264 -0.062675252556800842
   vertex -0.009742463007569313 0.062400300055742264 -0.063387088477611542
  endloop
 endfacet
 facet normal -0.15933638021597604 0.75168767014973947 -0.63998247201351244
  outer loop
   vertex -0.017784209921956062 0.061106599867343903 -0.063150197267532349
   vertex -0.013588669709861279 0.062400300055742264 -0.062675252556800842
   vertex -0.013901240192353725 0.061106599867343903 -0.064116939902305603
  endloop
 endfacet
 facet normal -0.18167731608854976 0.65917219826376927 -0.72971594874647716
  outer loop
   vertex -0.018134899437427521 0.059631418436765671 -0.06439545750617981
   vertex -0.017784209921956062 0.061106599867343903 -0.063150197267532349
   vertex -0.013901240192353725 0.061106599867343903 -0.064116939902305603
  endloop
 endfacet
 facet normal -0.22582324550464786 0.65917223729620877 -0.71728364219997254
  outer loop
   vertex -0.022026969119906425 0.059631418436765671 -0.063170112669467926
   vertex -0.017784209921956062 0.061106599867343903 -0.063150197267532349
   vertex -0.018134899437427521 0.059631418436765671 -0.06439545750617981
  endloop
 endfacet
 facet normal -0.24972634693976301 0.55539093758768843 -0.79320719745195789
  outer loop
   vertex -0.022385880351066589 0.057999998331069946 -0.064199410378932953
   vertex -0.022026969119906425 0.059631418436765671 -0.063170112669467926
   vertex -0.018134899437427521 0.059631418436765671 -0.06439545750617981
  endloop
 endfacet
 facet normal -0.29761966860867051 0.55539101656580425 -0.7765071484379702
  outer loop
   vertex -0.026258090510964394 0.057999998331069946 -0.06271526962518692
   vertex -0.022026969119906425 0.059631418436765671 -0.063170112669467926
   vertex -0.022385880351066589 0.057999998331069946 -0.064199410378932953
  endloop
 endfacet
 facet normal -0.32101330727158084 0.44212326382415668 -0.83754252198920431
  outer loop
   vertex -0.026593239977955818 0.056240249425172806 -0.063515752553939819
   vertex -0.026258090510964394 0.057999998331069946 -0.06271526962518692
   vertex -0.022385880351066589 0.057999998331069946 -0.064199410378932953
  endloop
 endfacet
 facet normal -0.37147665551448938 0.44212321254322712 -0.81641420819227895
  outer loop
   vertex -0.03041595034301281 0.056240249425172806 -0.061776380985975266
   vertex -0.026258090510964394 0.057999998331069946 -0.06271526962518692
   vertex -0.026593239977955818 0.056240249425172806 -0.063515752553939819
  endloop
 endfacet
 facet normal -0.39219292256639399 0.32130698809138519 -0.86194346154053092
  outer loop
   vertex -0.030694540590047836 0.054382290691137314 -0.062342211604118347
   vertex -0.03041595034301281 0.056240249425172806 -0.061776380985975266
   vertex -0.026593239977955818 0.056240249425172806 -0.063515752553939819
  endloop
 endfacet
 facet normal -0.44401110327806831 0.32130699657482342 -0.83643048373302309
  outer loop
   vertex -0.034438081085681915 0.054382290691137314 -0.060354989022016525
   vertex -0.03041595034301281 0.056240249425172806 -0.061776380985975266
   vertex -0.030694540590047836 0.054382290691137314 -0.062342211604118347
  endloop
 endfacet
 facet normal -0.45987210269155304 0.19500119605611071 -0.86630951899580078
  outer loop
   vertex -0.034627780318260193 0.052457891404628754 -0.060687460005283356
   vertex -0.034438081085681915 0.054382290691137314 -0.060354989022016525
   vertex -0.030694540590047836 0.054382290691137314 -0.062342211604118347
  endloop
 endfacet
 facet normal -0.51183095547782775 0.19500103379419165 -0.83666221967640586
  outer loop
   vertex -0.038263119757175446 0.052457891404628754 -0.058463528752326965
   vertex -0.034438081085681915 0.054382290691137314 -0.060354989022016525
   vertex -0.034627780318260193 0.052457891404628754 -0.060687460005283356
  endloop
 endfacet
 facet normal 0.001735177063335203 0.99792782741441266 -0.064319829232586778
  outer loop
   vertex 0.0017369979759678245 0.065371669828891754 -0.056931398808956146
   vertex -0.00041537269135005772 0.06549999862909317 -0.054998431354761124
   vertex 0.0033800220116972923 0.06549999862909317 -0.054896041750907898
  endloop
 endfacet
 facet normal 0 0.99780347351988485 -0.066243703335883058
  outer loop
   vertex -0.0017369979759678245 0.065371669828891754 -0.056931398808956146
   vertex -0.00041537269135005772 0.06549999862909317 -0.054998431354761124
   vertex 0.0017369979759678245 0.065371669828891754 -0.056931398808956146
  endloop
 endfacet
 facet normal 0 0.98076841855800978 -0.19517507309905299
  outer loop
   vertex -0.0017956839874386787 0.064988888800144196 -0.058854900300502777
   vertex -0.0017369979759678245 0.065371669828891754 -0.056931398808956146
   vertex 0.0017369979759678245 0.065371669828891754 -0.056931398808956146
  endloop
 endfacet
 facet normal -0.011898978234249534 0.98076841578373997 -0.19481203483880033
  outer loop
   vertex -0.0053803729824721813 0.064988888800144196 -0.058635950088500977
   vertex -0.0017369979759678245 0.065371669828891754 -0.056931398808956146
   vertex -0.0017956839874386787 0.064988888800144196 -0.058854900300502777
  endloop
 endfacet
 facet normal -0.019605020836970462 0.946884175847581 -0.32097663573448648
  outer loop
   vertex -0.0055501437745988369 0.064358189702033997 -0.060486149042844772
   vertex -0.0053803729824721813 0.064988888800144196 -0.058635950088500977
   vertex -0.0017956839874386787 0.064988888800144196 -0.058854900300502777
  endloop
 endfacet
 facet normal -0.039136282745309052 0.94688416365760908 -0.31918447955267082
  outer loop
   vertex -0.009227297268807888 0.064358189702033997 -0.060035280883312225
   vertex -0.0053803729824721813 0.064988888800144196 -0.058635950088500977
   vertex -0.0055501437745988369 0.064358189702033997 -0.060486149042844772
  endloop
 endfacet
 facet normal -0.053847109312271192 0.89679282759918399 -0.43916183029194672
  outer loop
   vertex -0.0094946268945932388 0.063490383327007294 -0.061774611473083496
   vertex -0.009227297268807888 0.064358189702033997 -0.060035280883312225
   vertex -0.0055501437745988369 0.064358189702033997 -0.060486149042844772
  endloop
 endfacet
 facet normal -0.080520745923178136 0.89679279906980436 -0.43506216223951316
  outer loop
   vertex -0.013242989778518677 0.063490383327007294 -0.061080869287252426
   vertex -0.009227297268807888 0.064358189702033997 -0.060035280883312225
   vertex -0.0094946268945932388 0.063490383327007294 -0.061774611473083496
  endloop
 endfacet
 facet normal -0.10113958068687671 0.83135046520623224 -0.5464679214920708
  outer loop
   vertex -0.013588669709861279 0.062400300055742264 -0.062675252556800842
   vertex -0.013242989778518677 0.063490383327007294 -0.061080869287252426
   vertex -0.0094946268945932388 0.063490383327007294 -0.061774611473083496
  endloop
 endfacet
 facet normal -0.13426547762205604 0.83135044275393566 -0.53928584521731715
  outer loop
   vertex -0.017384329810738564 0.062400300055742264 -0.061730250716209412
   vertex -0.013242989778518677 0.063490383327007294 -0.061080869287252426
   vertex -0.013588669709861279 0.062400300055742264 -0.062675252556800842
  endloop
 endfacet
 facet normal -0.15933605172876236 0.75168694678617742 -0.63998340341821625
  outer loop
   vertex -0.017784209921956062 0.061106599867343903 -0.063150197267532349
   vertex -0.017384329810738564 0.062400300055742264 -0.061730250716209412
   vertex -0.013588669709861279 0.062400300055742264 -0.062675252556800842
  endloop
 endfacet
 facet normal -0.198054701318365 0.75168691887428085 -0.62907957467953413
  outer loop
   vertex -0.02160101942718029 0.061106599867343903 -0.061948541551828384
   vertex -0.017384329810738564 0.062400300055742264 -0.061730250716209412
   vertex -0.017784209921956062 0.061106599867343903 -0.063150197267532349
  endloop
 endfacet
 facet normal -0.22582374750534998 0.65917366129632959 -0.71728217551799756
  outer loop
   vertex -0.022026969119906425 0.059631418436765671 -0.063170112669467926
   vertex -0.02160101942718029 0.061106599867343903 -0.061948541551828384
   vertex -0.017784209921956062 0.061106599867343903 -0.063150197267532349
  endloop
 endfacet
 facet normal -0.26913264111005919 0.65917360704384897 -0.7021807297739846
  outer loop
   vertex -0.025837099179625511 0.059631418436765671 -0.061709761619567871
   vertex -0.02160101942718029 0.061106599867343903 -0.061948541551828384
   vertex -0.022026969119906425 0.059631418436765671 -0.063170112669467926
  endloop
 endfacet
 facet normal -0.2976200973124874 0.55539246258085573 -0.77650594987036548
  outer loop
   vertex -0.026258090510964394 0.057999998331069946 -0.06271526962518692
   vertex -0.025837099179625511 0.059631418436765671 -0.061709761619567871
   vertex -0.022026969119906425 0.059631418436765671 -0.063170112669467926
  endloop
 endfacet
 facet normal -0.34440505604343336 0.55539241908902326 -0.75691770899494903
  outer loop
   vertex -0.030032619833946228 0.057999998331069946 -0.060997821390628815
   vertex -0.025837099179625511 0.059631418436765671 -0.061709761619567871
   vertex -0.026258090510964394 0.057999998331069946 -0.06271526962518692
  endloop
 endfacet
 facet normal -0.37147660673055627 0.44212303378728618 -0.816414327193416
  outer loop
   vertex -0.03041595034301281 0.056240249425172806 -0.061776380985975266
   vertex -0.030032619833946228 0.057999998331069946 -0.060997821390628815
   vertex -0.026258090510964394 0.057999998331069946 -0.06271526962518692
  endloop
 endfacet
 facet normal -0.42055902945525064 0.44212306867495116 -0.79224825332032256
  outer loop
   vertex -0.034125510603189468 0.056240249425172806 -0.059807188808917999
   vertex -0.030032619833946228 0.057999998331069946 -0.060997821390628815
   vertex -0.03041595034301281 0.056240249425172806 -0.061776380985975266
  endloop
 endfacet
 facet normal -0.44401195843424857 0.32131011012494559 -0.83642883373236132
  outer loop
   vertex -0.034438081085681915 0.054382290691137314 -0.060354989022016525
   vertex -0.034125510603189468 0.056240249425172806 -0.059807188808917999
   vertex -0.03041595034301281 0.056240249425172806 -0.061776380985975266
  endloop
 endfacet
 facet normal -0.49417796452455209 0.32131008273160849 -0.80780441327921537
  outer loop
   vertex -0.038053501397371292 0.054382290691137314 -0.058143239468336105
   vertex -0.034125510603189468 0.056240249425172806 -0.059807188808917999
   vertex -0.034438081085681915 0.054382290691137314 -0.060354989022016525
  endloop
 endfacet
 facet normal -0.51183144182782625 0.19500266707938152 -0.83666154147801985
  outer loop
   vertex -0.038263119757175446 0.052457891404628754 -0.058463528752326965
   vertex -0.038053501397371292 0.054382290691137314 -0.058143239468336105
   vertex -0.034438081085681915 0.054382290691137314 -0.060354989022016525
  endloop
 endfacet
 facet normal -0.56188449962612119 0.19500255589271392 -0.80390286246238252
  outer loop
   vertex -0.041756119579076767 0.052457891404628754 -0.05602211132645607
   vertex -0.038053501397371292 0.054382290691137314 -0.058143239468336105
   vertex -0.038263119757175446 0.052457891404628754 -0.058463528752326965
  endloop
 endfacet
 facet normal -0.0027111539508992283 0.99792062541919446 -0.064397787285110239
  outer loop
   vertex -0.0017369979759678245 0.065371669828891754 -0.056931398808956146
   vertex -0.0042087878100574017 0.06549999862909317 -0.054838728159666061
   vertex -0.00041537269135005772 0.06549999862909317 -0.054998431354761124
  endloop
 endfacet
 facet normal -0.0040278904641562465 0.99781502429954005 -0.065946594912224238
  outer loop
   vertex -0.0052045308984816074 0.065371669828891754 -0.05671960860490799
   vertex -0.0042087878100574017 0.06549999862909317 -0.054838728159666061
   vertex -0.0017369979759678245 0.065371669828891754 -0.056931398808956146
  endloop
 endfacet
 facet normal -0.011898768526757189 0.98076833298682164 -0.19481246448263417
  outer loop
   vertex -0.0053803729824721813 0.064988888800144196 -0.058635950088500977
   vertex -0.0052045308984816074 0.065371669828891754 -0.05671960860490799
   vertex -0.0017369979759678245 0.065371669828891754 -0.056931398808956146
  endloop
 endfacet
 facet normal -0.023752869124173834 0.98076833444222034 -0.19372474122786409
  outer loop
   vertex -0.008945045992732048 0.064988888800144196 -0.058198880404233932
   vertex -0.0052045308984816074 0.065371669828891754 -0.05671960860490799
   vertex -0.0053803729824721813 0.064988888800144196 -0.058635950088500977
  endloop
 endfacet
 facet normal -0.039135807943935175 0.94688379872782846 -0.31918562035801773
  outer loop
   vertex -0.009227297268807888 0.064358189702033997 -0.060035280883312225
   vertex -0.008945045992732048 0.064988888800144196 -0.058198880404233932
   vertex -0.0053803729824721813 0.064988888800144196 -0.058635950088500977
  endloop
 endfacet
 facet normal -0.05852216108063675 0.9468838034655761 -0.31620597621964108
  outer loop
   vertex -0.012870119884610176 0.064358189702033997 -0.059361081570386887
   vertex -0.008945045992732048 0.064988888800144196 -0.058198880404233932
   vertex -0.009227297268807888 0.064358189702033997 -0.060035280883312225
  endloop
 endfacet
 facet normal -0.080519988697387246 0.89679184168139758 -0.43506427584192642
  outer loop
   vertex -0.013242989778518677 0.063490383327007294 -0.061080869287252426
   vertex -0.012870119884610176 0.064358189702033997 -0.059361081570386887
   vertex -0.009227297268807888 0.064358189702033997 -0.060035280883312225
  endloop
 endfacet
 facet normal -0.10689238842875004 0.89679186389317023 -0.42934644536901773
  outer loop
   vertex -0.016942089423537254 0.063490383327007294 -0.060159921646118164
   vertex -0.012870119884610176 0.064358189702033997 -0.059361081570386887
   vertex -0.013242989778518677 0.063490383327007294 -0.061080869287252426
  endloop
 endfacet
 facet normal -0.13426436852534579 0.83134833203309855 -0.53928937516909703
  outer loop
   vertex -0.017384329810738564 0.062400300055742264 -0.061730250716209412
   vertex -0.016942089423537254 0.063490383327007294 -0.060159921646118164
   vertex -0.013242989778518677 0.063490383327007294 -0.061080869287252426
  endloop
 endfacet
 facet normal -0.16689267337802166 0.83134843369354627 -0.53010057288030177
  outer loop
   vertex -0.021115310490131378 0.062400300055742264 -0.06055561825633049
   vertex -0.016942089423537254 0.063490383327007294 -0.060159921646118164
   vertex -0.017384329810738564 0.062400300055742264 -0.061730250716209412
  endloop
 endfacet
 facet normal -0.19805457694604076 0.7516865870118411 -0.62908001037802386
  outer loop
   vertex -0.02160101942718029 0.061106599867343903 -0.061948541551828384
   vertex -0.021115310490131378 0.062400300055742264 -0.06055561825633049
   vertex -0.017384329810738564 0.062400300055742264 -0.061730250716209412
  endloop
 endfacet
 facet normal -0.23603836821243929 0.75168667195369088 -0.61583523440835464
  outer loop
   vertex -0.025337470695376396 0.061106599867343903 -0.060516428202390671
   vertex -0.021115310490131378 0.062400300055742264 -0.06055561825633049
   vertex -0.02160101942718029 0.061106599867343903 -0.061948541551828384
  endloop
 endfacet
 facet normal -0.26913279762809977 0.65917414847733546 -0.7021801615113118
  outer loop
   vertex -0.025837099179625511 0.059631418436765671 -0.061709761619567871
   vertex -0.025337470695376396 0.061106599867343903 -0.060516428202390671
   vertex -0.02160101942718029 0.061106599867343903 -0.061948541551828384
  endloop
 endfacet
 facet normal -0.31143920662717772 0.65917406060722916 -0.68446707619724934
  outer loop
   vertex -0.029551109299063683 0.059631418436765671 -0.060019850730895996
   vertex -0.025337470695376396 0.061106599867343903 -0.060516428202390671
   vertex -0.025837099179625511 0.059631418436765671 -0.061709761619567871
  endloop
 endfacet
 facet normal -0.34440501566274367 0.55539225453181162 -0.75691784811326557
  outer loop
   vertex -0.030032619833946228 0.057999998331069946 -0.060997821390628815
   vertex -0.029551109299063683 0.059631418436765671 -0.060019850730895996
   vertex -0.025837099179625511 0.059631418436765671 -0.061709761619567871
  endloop
 endfacet
 facet normal -0.38990993059543633 0.55539227132859892 -0.73451322041983846
  outer loop
   vertex -0.033695429563522339 0.057999998331069946 -0.0590534508228302
   vertex -0.029551109299063683 0.059631418436765671 -0.060019850730895996
   vertex -0.030032619833946228 0.057999998331069946 -0.060997821390628815
  endloop
 endfacet
 facet normal -0.42055865414673493 0.4421214496679795 -0.7922493560526076
  outer loop
   vertex -0.034125510603189468 0.056240249425172806 -0.059807188808917999
   vertex -0.033695429563522339 0.057999998331069946 -0.0590534508228302
   vertex -0.030032619833946228 0.057999998331069946 -0.060997821390628815
  endloop
 endfacet
 facet normal -0.46807466924336893 0.44212152860112869 -0.76513701907574194
  outer loop
   vertex -0.037708118557929993 0.056240249425172806 -0.057615518569946289
   vertex -0.033695429563522339 0.057999998331069946 -0.0590534508228302
   vertex -0.034125510603189468 0.056240249425172806 -0.059807188808917999
  endloop
 endfacet
 facet normal -0.49417737643303827 0.32130765097952219 -0.80780574028895147
  outer loop
   vertex -0.038053501397371292 0.054382290691137314 -0.058143239468336105
   vertex -0.037708118557929993 0.056240249425172806 -0.057615518569946289
   vertex -0.034125510603189468 0.056240249425172806 -0.059807188808917999
  endloop
 endfacet
 facet normal -0.54250521197223822 0.32130766732104998 -0.77617618998759685
  outer loop
   vertex -0.041527360677719116 0.054382290691137314 -0.055715199559926987
   vertex -0.037708118557929993 0.056240249425172806 -0.057615518569946289
   vertex -0.038053501397371292 0.054382290691137314 -0.058143239468336105
  endloop
 endfacet
 facet normal -0.56188457445677753 0.19500283110093897 -0.80390274340254919
  outer loop
   vertex -0.041756119579076767 0.052457891404628754 -0.05602211132645607
   vertex -0.041527360677719116 0.054382290691137314 -0.055715199559926987
   vertex -0.038053501397371292 0.054382290691137314 -0.058143239468336105
  endloop
 endfacet
 facet normal -0.6098487420384483 0.19500287543931821 -0.76815258276238307
  outer loop
   vertex -0.045093778520822525 0.052457891404628754 -0.05337228998541832
   vertex -0.041527360677719116 0.054382290691137314 -0.055715199559926987
   vertex -0.041756119579076767 0.052457891404628754 -0.05602211132645607
  endloop
 endfacet
 facet normal -0.0071733502249425483 0.99790563300730184 -0.064287562240658985
  outer loop
   vertex -0.0052045308984816074 0.065371669828891754 -0.05671960860490799
   vertex -0.0079821459949016571 0.06549999862909317 -0.054417688399553299
   vertex -0.0042087878100574017 0.06549999862909317 -0.054838728159666061
  endloop
 endfacet
 facet normal -0.0080049715656762329 0.99783441465097578 -0.065287068921627028
  outer loop
   vertex -0.0086527029052376747 0.065371669828891754 -0.056296821683645248
   vertex -0.0079821459949016571 0.06549999862909317 -0.054417688399553299
   vertex -0.0052045308984816074 0.065371669828891754 -0.05671960860490799
  endloop
 endfacet
 facet normal -0.023752938179136013 0.98076836566427206 -0.19372457469327636
  outer loop
   vertex -0.008945045992732048 0.064988888800144196 -0.058198880404233932
   vertex -0.0086527029052376747 0.065371669828891754 -0.056296821683645248
   vertex -0.0052045308984816074 0.065371669828891754 -0.05671960860490799
  endloop
 endfacet
 facet normal -0.035519263487961424 0.9807683662125275 -0.19191611125198005
  outer loop
   vertex -0.012476439587771893 0.064988888800144196 -0.05754530057311058
   vertex -0.0086527029052376747 0.065371669828891754 -0.056296821683645248
   vertex -0.008945045992732048 0.064988888800144196 -0.058198880404233932
  endloop
 endfacet
 facet normal -0.058522357390576783 0.94688398062867229 -0.31620540936905223
  outer loop
   vertex -0.012870119884610176 0.064358189702033997 -0.059361081570386887
   vertex -0.012476439587771893 0.064988888800144196 -0.05754530057311058
   vertex -0.008945045992732048 0.064988888800144196 -0.058198880404233932
  endloop
 endfacet
 facet normal -0.07769063450042657 0.94688397376327482 -0.31204952418036297
  outer loop
   vertex -0.016465069726109505 0.064358189702033997 -0.058466050773859024
   vertex -0.012476439587771893 0.064988888800144196 -0.05754530057311058
   vertex -0.012870119884610176 0.064358189702033997 -0.059361081570386887
  endloop
 endfacet
 facet normal -0.10689321512468447 0.89679312626840491 -0.42934360276828248
  outer loop
   vertex -0.016942089423537254 0.063490383327007294 -0.060159921646118164
   vertex -0.016465069726109505 0.064358189702033997 -0.058466050773859024
   vertex -0.012870119884610176 0.064358189702033997 -0.059361081570386887
  endloop
 endfacet
 facet normal -0.13286903229000233 0.89679309138994234 -0.42202840128786229
  outer loop
   vertex -0.020578170195221901 0.063490383327007294 -0.05901515856385231
   vertex -0.016465069726109505 0.064358189702033997 -0.058466050773859024
   vertex -0.016942089423537254 0.063490383327007294 -0.060159921646118164
  endloop
 endfacet
 facet normal -0.16689319791929547 0.83134967514003988 -0.530098460790843
  outer loop
   vertex -0.021115310490131378 0.062400300055742264 -0.06055561825633049
   vertex -0.020578170195221901 0.063490383327007294 -0.05901515856385231
   vertex -0.016942089423537254 0.063490383327007294 -0.060159921646118164
  endloop
 endfacet
 facet normal -0.19889884004846026 0.83134960679532599 -0.51893841899461823
  outer loop
   vertex -0.02476775087416172 0.062400300055742264 -0.05915571004152298
   vertex -0.020578170195221901 0.063490383327007294 -0.05901515856385231
   vertex -0.021115310490131378 0.062400300055742264 -0.06055561825633049
  endloop
 endfacet
 facet normal -0.23603804176147339 0.75168556169550593 -0.61583671470603374
  outer loop
   vertex -0.025337470695376396 0.061106599867343903 -0.060516428202390671
   vertex -0.02476775087416172 0.062400300055742264 -0.05915571004152298
   vertex -0.021115310490131378 0.062400300055742264 -0.06055561825633049
  endloop
 endfacet
 facet normal -0.27314262757539265 0.75168562965379604 -0.60030144025579912
  outer loop
   vertex -0.028979659080505371 0.061106599867343903 -0.058859199285507202
   vertex -0.02476775087416172 0.062400300055742264 -0.05915571004152298
   vertex -0.025337470695376396 0.061106599867343903 -0.060516428202390671
  endloop
 endfacet
 facet normal -0.311439064954247 0.65917342971661064 -0.68446774823658774
  outer loop
   vertex -0.029551109299063683 0.059631418436765671 -0.060019850730895996
   vertex -0.028979659080505371 0.061106599867343903 -0.058859199285507202
   vertex -0.025337470695376396 0.061106599867343903 -0.060516428202390671
  endloop
 endfacet
 facet normal -0.3525889671448223 0.65917337846245272 -0.66420740538941858
  outer loop
   vertex -0.033155199140310287 0.059631418436765671 -0.058106649667024612
   vertex -0.028979659080505371 0.061106599867343903 -0.058859199285507202
   vertex -0.029551109299063683 0.059631418436765671 -0.060019850730895996
  endloop
 endfacet
 facet normal -0.389910017774732 0.55539272211926116 -0.7345128332819415
  outer loop
   vertex -0.033695429563522339 0.057999998331069946 -0.0590534508228302
   vertex -0.033155199140310287 0.059631418436765671 -0.058106649667024612
   vertex -0.029551109299063683 0.059631418436765671 -0.060019850730895996
  endloop
 endfacet
 facet normal -0.43396297743240358 0.55539258140095138 -0.70937663814280716
  outer loop
   vertex -0.037232890725135803 0.057999998331069946 -0.056889399886131287
   vertex -0.033155199140310287 0.059631418436765671 -0.058106649667024612
   vertex -0.033695429563522339 0.057999998331069946 -0.0590534508228302
  endloop
 endfacet
 facet normal -0.46807462728236365 0.44212130759162488 -0.76513717245206958
  outer loop
   vertex -0.037708118557929993 0.056240249425172806 -0.057615518569946289
   vertex -0.037232890725135803 0.057999998331069946 -0.056889399886131287
   vertex -0.033695429563522339 0.057999998331069946 -0.0590534508228302
  endloop
 endfacet
 facet normal -0.51384889983139925 0.44212129300979597 -0.73517893768075726
  outer loop
   vertex -0.041150450706481934 0.056240249425172806 -0.05520952120423317
   vertex -0.037232890725135803 0.057999998331069946 -0.056889399886131287
   vertex -0.037708118557929993 0.056240249425172806 -0.057615518569946289
  endloop
 endfacet
 facet normal -0.54250468082031822 0.32130511520869093 -0.77617761770665261
  outer loop
   vertex -0.041527360677719116 0.054382290691137314 -0.055715199559926987
   vertex -0.041150450706481934 0.056240249425172806 -0.05520952120423317
   vertex -0.037708118557929993 0.056240249425172806 -0.057615518569946289
  endloop
 endfacet
 facet normal -0.58881447695525746 0.32130518527930502 -0.74166062969564328
  outer loop
   vertex -0.044846739619970322 0.054382290691137314 -0.053079899400472641
   vertex -0.041150450706481934 0.056240249425172806 -0.05520952120423317
   vertex -0.041527360677719116 0.054382290691137314 -0.055715199559926987
  endloop
 endfacet
 facet normal -0.60984795002719272 0.19499964309302475 -0.76815403210633715
  outer loop
   vertex -0.045093778520822525 0.052457891404628754 -0.05337228998541832
   vertex -0.044846739619970322 0.054382290691137314 -0.053079899400472641
   vertex -0.041527360677719116 0.054382290691137314 -0.055715199559926987
  endloop
 endfacet
 facet normal -0.65554363324602583 0.1949996680547858 -0.72954621126363428
  outer loop
   vertex -0.048263691365718842 0.052457891404628754 -0.050523921847343445
   vertex -0.044846739619970322 0.054382290691137314 -0.053079899400472641
   vertex -0.045093778520822525 0.052457891404628754 -0.05337228998541832
  endloop
 endfacet
 facet normal -0.011654850233909374 0.99788261334800088 -0.06398792420284731
  outer loop
   vertex -0.0086527029052376747 0.065371669828891754 -0.056296821683645248
   vertex -0.011717470362782478 0.06549999862909317 -0.053737331181764603
   vertex -0.0079821459949016571 0.06549999862909317 -0.054417688399553299
  endloop
 endfacet
 facet normal -0.011895701024485854 0.99786130501950066 -0.064275253728904011
  outer loop
   vertex -0.012068689800798893 0.065371669828891754 -0.055664610117673874
   vertex -0.011717470362782478 0.06549999862909317 -0.053737331181764603
   vertex -0.0086527029052376747 0.065371669828891754 -0.056296821683645248
  endloop
 endfacet
 facet normal -0.035518929465412741 0.98076818877125937 -0.19191707986517109
  outer loop
   vertex -0.012476439587771893 0.064988888800144196 -0.05754530057311058
   vertex -0.012068689800798893 0.065371669828891754 -0.055664610117673874
   vertex -0.0086527029052376747 0.065371669828891754 -0.056296821683645248
  endloop
 endfacet
 facet normal -0.047153162208814485 0.98076818626647899 -0.18939467812288266
  outer loop
   vertex -0.015961429104208946 0.064988888800144196 -0.056677650660276413
   vertex -0.012068689800798893 0.065371669828891754 -0.055664610117673874
   vertex -0.012476439587771893 0.064988888800144196 -0.05754530057311058
  endloop
 endfacet
 facet normal -0.077690436613778169 0.94688375653245693 -0.31205023261286541
  outer loop
   vertex -0.016465069726109505 0.064358189702033997 -0.058466050773859024
   vertex -0.015961429104208946 0.064988888800144196 -0.056677650660276413
   vertex -0.012476439587771893 0.064988888800144196 -0.05754530057311058
  endloop
 endfacet
 facet normal -0.096569444831400467 0.94688374798385944 -0.3067336142795471
  outer loop
   vertex -0.019998770207166672 0.064358189702033997 -0.057353530079126358
   vertex -0.015961429104208946 0.064988888800144196 -0.056677650660276413
   vertex -0.016465069726109505 0.064358189702033997 -0.058466050773859024
  endloop
 endfacet
 facet normal -0.13286855568135744 0.89679216840131848 -0.42203051264714397
  outer loop
   vertex -0.020578170195221901 0.063490383327007294 -0.05901515856385231
   vertex -0.019998770207166672 0.064358189702033997 -0.057353530079126358
   vertex -0.016465069726109505 0.064358189702033997 -0.058466050773859024
  endloop
 endfacet
 facet normal -0.15835081735355111 0.89679218408833927 -0.41314500747501304
  outer loop
   vertex -0.024137690663337708 0.063490383327007294 -0.057650860399007797
   vertex -0.019998770207166672 0.064358189702033997 -0.057353530079126358
   vertex -0.020578170195221901 0.063490383327007294 -0.05901515856385231
  endloop
 endfacet
 facet normal -0.1988990445635935 0.83135024987867856 -0.51893731037414181
  outer loop
   vertex -0.02476775087416172 0.062400300055742264 -0.05915571004152298
   vertex -0.024137690663337708 0.063490383327007294 -0.057650860399007797
   vertex -0.020578170195221901 0.063490383327007294 -0.05901515856385231
  endloop
 endfacet
 facet normal -0.23016487562465612 0.83135024086941178 -0.50584672286677668
  outer loop
   vertex -0.028328049927949905 0.062400300055742264 -0.057535741478204727
   vertex -0.024137690663337708 0.063490383327007294 -0.057650860399007797
   vertex -0.02476775087416172 0.062400300055742264 -0.05915571004152298
  endloop
 endfacet
 facet normal -0.27314262925136451 0.75168563755170692 -0.60030142960360811
  outer loop
   vertex -0.028979659080505371 0.061106599867343903 -0.058859199285507202
   vertex -0.028328049927949905 0.062400300055742264 -0.057535741478204727
   vertex -0.02476775087416172 0.062400300055742264 -0.05915571004152298
  endloop
 endfacet
 facet normal -0.30923189601078371 0.75168561139731216 -0.58253272535354184
  outer loop
   vertex -0.032514050602912903 0.061106599867343903 -0.056983001530170441
   vertex -0.028328049927949905 0.062400300055742264 -0.057535741478204727
   vertex -0.028979659080505371 0.061106599867343903 -0.058859199285507202
  endloop
 endfacet
 facet normal -0.35258878143992189 0.65917221196299369 -0.66420866162564085
  outer loop
   vertex -0.033155199140310287 0.059631418436765671 -0.058106649667024612
   vertex -0.032514050602912903 0.061106599867343903 -0.056983001530170441
   vertex -0.028979659080505371 0.061106599867343903 -0.058859199285507202
  endloop
 endfacet
 facet normal -0.39242553987923412 0.65917227255066513 -0.64147806724071488
  outer loop
   vertex -0.036635939031839371 0.059631418436765671 -0.055977299809455872
   vertex -0.032514050602912903 0.061106599867343903 -0.056983001530170441
   vertex -0.033155199140310287 0.059631418436765671 -0.058106649667024612
  endloop
 endfacet
 facet normal -0.43396290507458629 0.55539206705092048 -0.70937708510786512
  outer loop
   vertex -0.037232890725135803 0.057999998331069946 -0.056889399886131287
   vertex -0.036635939031839371 0.059631418436765671 -0.055977299809455872
   vertex -0.033155199140310287 0.059631418436765671 -0.058106649667024612
  endloop
 endfacet
 facet normal -0.47640251531427763 0.55539209938345735 -0.68160124658385501
  outer loop
   vertex -0.040631838142871857 0.057999998331069946 -0.05451371893286705
   vertex -0.036635939031839371 0.059631418436765671 -0.055977299809455872
   vertex -0.037232890725135803 0.057999998331069946 -0.056889399886131287
  endloop
 endfacet
 facet normal -0.51384925257384795 0.44212368935054286 -0.73517725001822709
  outer loop
   vertex -0.041150450706481934 0.056240249425172806 -0.05520952120423317
   vertex -0.040631838142871857 0.057999998331069946 -0.05451371893286705
   vertex -0.037232890725135803 0.057999998331069946 -0.056889399886131287
  endloop
 endfacet
 facet normal -0.55771341240542771 0.44212359136060686 -0.70248308135178072
  outer loop
   vertex -0.044439699500799179 0.056240249425172806 -0.052598129957914352
   vertex -0.040631838142871857 0.057999998331069946 -0.05451371893286705
   vertex -0.041150450706481934 0.056240249425172806 -0.05520952120423317
  endloop
 endfacet
 facet normal -0.58881521508990842 0.3213094364810738 -0.74165820194132537
  outer loop
   vertex -0.044846739619970322 0.054382290691137314 -0.053079899400472641
   vertex -0.044439699500799179 0.056240249425172806 -0.052598129957914352
   vertex -0.041150450706481934 0.056240249425172806 -0.05520952120423317
  endloop
 endfacet
 facet normal -0.63293373901927552 0.3213093687707716 -0.70438283025014725
  outer loop
   vertex -0.047999288886785507 0.054382290691137314 -0.050247129052877426
   vertex -0.044439699500799179 0.056240249425172806 -0.052598129957914352
   vertex -0.044846739619970322 0.054382290691137314 -0.053079899400472641
  endloop
 endfacet
 facet normal -0.65554398976880102 0.19500130923417269 -0.72954545223375955
  outer loop
   vertex -0.048263691365718842 0.052457891404628754 -0.050523921847343445
   vertex -0.047999288886785507 0.054382290691137314 -0.050247129052877426
   vertex -0.044846739619970322 0.054382290691137314 -0.053079899400472641
  endloop
 endfacet
 facet normal -0.69880009985868796 0.19500114463044818 -0.68822450844931626
  outer loop
   vertex -0.051254060119390488 0.052457891404628754 -0.047487601637840271
   vertex -0.047999288886785507 0.054382290691137314 -0.050247129052877426
   vertex -0.048263691365718842 0.052457891404628754 -0.050523921847343445
  endloop
 endfacet
 facet normal -0.015824270423878316 0.99785263329750851 -0.063558749883709159
  outer loop
   vertex -0.015439770184457302 0.065371669828891754 -0.054825309664011002
   vertex -0.011717470362782478 0.06549999862909317 -0.053737331181764603
   vertex -0.012068689800798893 0.065371669828891754 -0.055664610117673874
  endloop
 endfacet
 facet normal -0.016012856910603151 0.99789023291965762 -0.062917974038521229
  outer loop
   vertex -0.015396949835121632 0.06549999862909317 -0.052800890058279037
   vertex -0.011717470362782478 0.06549999862909317 -0.053737331181764603
   vertex -0.015439770184457302 0.065371669828891754 -0.054825309664011002
  endloop
 endfacet
 facet normal -0.0197822139814544 0.99782789877113431 -0.062834293534461377
  outer loop
   vertex -0.018753420561552048 0.065371669828891754 -0.053782068192958832
   vertex -0.015396949835121632 0.06549999862909317 -0.052800890058279037
   vertex -0.015439770184457302 0.065371669828891754 -0.054825309664011002
  endloop
 endfacet
 facet normal -0.020215972647561656 0.99791086927875483 -0.061361318639947322
  outer loop
   vertex -0.019003050401806831 0.06549999862909317 -0.051612831652164459
   vertex -0.015396949835121632 0.06549999862909317 -0.052800890058279037
   vertex -0.018753420561552048 0.065371669828891754 -0.053782068192958832
  endloop
 endfacet
 facet normal -0.023668607407540558 0.99781080308736758 -0.061752718689385581
  outer loop
   vertex -0.021997310221195221 0.065371669828891754 -0.05253874883055687
   vertex -0.019003050401806831 0.06549999862909317 -0.051612831652164459
   vertex -0.018753420561552048 0.065371669828891754 -0.053782068192958832
  endloop
 endfacet
 facet normal -0.024327135774839869 0.99792354765576941 -0.059638775130915395
  outer loop
   vertex -0.022518599405884743 0.06549999862909317 -0.050178810954093933
   vertex -0.019003050401806831 0.06549999862909317 -0.051612831652164459
   vertex -0.021997310221195221 0.065371669828891754 -0.05253874883055687
  endloop
 endfacet
 facet normal -0.02744680148780812 0.99780159346122532 -0.060321249774258831
  outer loop
   vertex -0.02515937015414238 0.065371669828891754 -0.051099978387355804
   vertex -0.022518599405884743 0.06549999862909317 -0.050178810954093933
   vertex -0.021997310221195221 0.065371669828891754 -0.05253874883055687
  endloop
 endfacet
 facet normal -0.028350036240251685 0.99792848598882011 -0.057749565342414086
  outer loop
   vertex -0.025926839560270309 0.06549999862909317 -0.048505660146474838
   vertex -0.022518599405884743 0.06549999862909317 -0.050178810954093933
   vertex -0.02515937015414238 0.065371669828891754 -0.051099978387355804
  endloop
 endfacet
 facet normal -0.031081233838568641 0.99780043828916132 -0.058551193438135439
  outer loop
   vertex -0.028227830305695534 0.065371669828891754 -0.049471121281385422
   vertex -0.025926839560270309 0.06549999862909317 -0.048505660146474838
   vertex -0.02515937015414238 0.065371669828891754 -0.051099978387355804
  endloop
 endfacet
 facet normal -0.032287763908837371 0.99792578160112211 -0.055692321890515852
  outer loop
   vertex -0.029211519286036491 0.06549999862909317 -0.04660135880112648
   vertex -0.025926839560270309 0.06549999862909317 -0.048505660146474838
   vertex -0.028227830305695534 0.065371669828891754 -0.049471121281385422
  endloop
 endfacet
 facet normal -0.034538768064573677 0.9978073450828483 -0.056458618467858712
  outer loop
   vertex -0.031191280111670494 0.065371669828891754 -0.047658219933509827
   vertex -0.029211519286036491 0.06549999862909317 -0.04660135880112648
   vertex -0.028227830305695534 0.065371669828891754 -0.049471121281385422
  endloop
 endfacet
 facet normal -0.036143375638134814 0.99791535362560313 -0.053465908724795244
  outer loop
   vertex -0.032356999814510345 0.06549999862909317 -0.044474989175796509
   vertex -0.029211519286036491 0.06549999862909317 -0.04660135880112648
   vertex -0.031191280111670494 0.065371669828891754 -0.047658219933509827
  endloop
 endfacet
 facet normal -0.037788121025079086 0.9978221741045834 -0.054064468688744836
  outer loop
   vertex -0.03403870016336441 0.065371669828891754 -0.045668028295040131
   vertex -0.032356999814510345 0.06549999862909317 -0.044474989175796509
   vertex -0.031191280111670494 0.065371669828891754 -0.047658219933509827
  endloop
 endfacet
 facet normal -0.039920009450847678 0.9978970442269357 -0.051067425709443795
  outer loop
   vertex -0.035348281264305115 0.06549999862909317 -0.042136669158935547
   vertex -0.032356999814510345 0.06549999862909317 -0.044474989175796509
   vertex -0.03403870016336441 0.065371669828891754 -0.045668028295040131
  endloop
 endfacet
 facet normal -0.040801233807883711 0.99784472174312222 -0.051392320526955131
  outer loop
   vertex -0.03675948828458786 0.065371669828891754 -0.043507948517799377
   vertex -0.035348281264305115 0.06549999862909317 -0.042136669158935547
   vertex -0.03403870016336441 0.065371669828891754 -0.045668028295040131
  endloop
 endfacet
 facet normal -0.043596578185884728 0.99787040405017968 -0.048517987295572149
  outer loop
   vertex -0.03934352844953537 0.065371669828891754 -0.041186019778251648
   vertex -0.035348281264305115 0.06549999862909317 -0.042136669158935547
   vertex -0.03675948828458786 0.065371669828891754 -0.043507948517799377
  endloop
 endfacet
 facet normal -0.13045030989815326 0.98076836278763191 -0.14517622120148987
  outer loop
   vertex -0.040672801434993744 0.064988888800144196 -0.042577538639307022
   vertex -0.03934352844953537 0.065371669828891754 -0.041186019778251648
   vertex -0.03675948828458786 0.065371669828891754 -0.043507948517799377
  endloop
 endfacet
 facet normal -0.1390581445271806 0.9807683665318665 -0.13695343606887653
  outer loop
   vertex -0.043192841112613678 0.064988888800144196 -0.040018770843744278
   vertex -0.03934352844953537 0.065371669828891754 -0.041186019778251648
   vertex -0.040672801434993744 0.064988888800144196 -0.042577538639307022
  endloop
 endfacet
 facet normal -0.22911500823818778 0.94688417055205487 -0.22564724806201869
  outer loop
   vertex -0.044555749744176865 0.064358189702033997 -0.041281521320343018
   vertex -0.043192841112613678 0.064988888800144196 -0.040018770843744278
   vertex -0.040672801434993744 0.064988888800144196 -0.042577538639307022
  endloop
 endfacet
 facet normal -0.24244519107906873 0.94688417782993273 -0.21125975266947147
  outer loop
   vertex -0.046989560127258301 0.064358189702033997 -0.038488440215587616
   vertex -0.043192841112613678 0.064988888800144196 -0.040018770843744278
   vertex -0.044555749744176865 0.064358189702033997 -0.041281521320343018
  endloop
 endfacet
 facet normal -0.33357986305239706 0.89679113144612066 -0.29067187948876461
  outer loop
   vertex -0.048350919038057327 0.063490383327007294 -0.03960350900888443
   vertex -0.046989560127258301 0.064358189702033997 -0.038488440215587616
   vertex -0.044555749744176865 0.064358189702033997 -0.041281521320343018
  endloop
 endfacet
 facet normal -0.35067943646637745 0.89679113837289903 -0.26979545395625892
  outer loop
   vertex -0.050675380975008011 0.063490383327007294 -0.036582179367542267
   vertex -0.046989560127258301 0.064358189702033997 -0.038488440215587616
   vertex -0.048350919038057327 0.063490383327007294 -0.03960350900888443
  endloop
 endfacet
 facet normal -0.44047586193259869 0.83134896074185538 -0.3388803926581932
  outer loop
   vertex -0.051998138427734375 0.062400300055742264 -0.037537079304456711
   vertex -0.050675380975008011 0.063490383327007294 -0.036582179367542267
   vertex -0.048350919038057327 0.063490383327007294 -0.03960350900888443
  endloop
 endfacet
 facet normal -0.46031634833438151 0.83134889492257424 -0.3113966511816002
  outer loop
   vertex -0.054189831018447876 0.062400300055742264 -0.034297250211238861
   vertex -0.050675380975008011 0.063490383327007294 -0.036582179367542267
   vertex -0.051998138427734375 0.062400300055742264 -0.037537079304456711
  endloop
 endfacet
 facet normal -0.54626575219198503 0.75168735536611697 -0.36954004893220666
  outer loop
   vertex -0.055436331778764725 0.061106599867343903 -0.035086169838905334
   vertex -0.054189831018447876 0.062400300055742264 -0.034297250211238861
   vertex -0.051998138427734375 0.062400300055742264 -0.037537079304456711
  endloop
 endfacet
 facet normal -0.56777858266318992 0.751687389910493 -0.33554962214034684
  outer loop
   vertex -0.057472210377454758 0.061106599867343903 -0.031641289591789246
   vertex -0.054189831018447876 0.062400300055742264 -0.034297250211238861
   vertex -0.055436331778764725 0.061106599867343903 -0.035086169838905334
  endloop
 endfacet
 facet normal -0.64738770191667561 0.65917241495146106 -0.38259755719829724
  outer loop
   vertex -0.058605510741472244 0.059631418436765671 -0.032265219837427139
   vertex -0.057472210377454758 0.061106599867343903 -0.031641289591789246
   vertex -0.055436331778764725 0.061106599867343903 -0.035086169838905334
  endloop
 endfacet
 facet normal -0.66950792445972918 0.65917253663185416 -0.34241890432035493
  outer loop
   vertex -0.060463521629571915 0.059631418436765671 -0.028632380068302155
   vertex -0.057472210377454758 0.061106599867343903 -0.031641289591789246
   vertex -0.058605510741472244 0.059631418436765671 -0.032265219837427139
  endloop
 endfacet
 facet normal -0.74037436843831894 0.5553915616063293 -0.37866344932676455
  outer loop
   vertex -0.061448719352483749 0.057999998331069946 -0.029098920524120331
   vertex -0.060463521629571915 0.059631418436765671 -0.028632380068302155
   vertex -0.058605510741472244 0.059631418436765671 -0.032265219837427139
  endloop
 endfacet
 facet normal -0.7620828867592393 0.55539150930201253 -0.3328211908877457
  outer loop
   vertex -0.063108399510383606 0.057999998331069946 -0.025298640131950378
   vertex -0.060463521629571915 0.059631418436765671 -0.028632380068302155
   vertex -0.061448719352483749 0.057999998331069946 -0.029098920524120331
  endloop
 endfacet
 facet normal -0.82198562647616702 0.44212144107885543 -0.35898225750716328
  outer loop
   vertex -0.063913896679878235 0.056240249425172806 -0.02562154084444046
   vertex -0.063108399510383606 0.057999998331069946 -0.025298640131950378
   vertex -0.061448719352483749 0.057999998331069946 -0.029098920524120331
  endloop
 endfacet
 facet normal -0.84233215101047954 0.44212181784928928 -0.30822856057753395
  outer loop
   vertex -0.064532212913036346 0.057999998331069946 -0.021407619118690491
   vertex -0.063108399510383606 0.057999998331069946 -0.025298640131950378
   vertex -0.063913896679878235 0.056240249425172806 -0.02562154084444046
  endloop
 endfacet
 facet normal -0.84234174148194496 0.44210690598069691 -0.30822374055438889
  outer loop
   vertex -0.065356157720088959 0.056240249425172806 -0.021679999306797981
   vertex -0.064532212913036346 0.057999998331069946 -0.021407619118690491
   vertex -0.063913896679878235 0.056240249425172806 -0.02562154084444046
  endloop
 endfacet
 facet normal -0.85955387411920625 0.44212884194496027 -0.25629909209178264
  outer loop
   vertex -0.065718181431293488 0.057999998331069946 -0.017430219799280167
   vertex -0.064532212913036346 0.057999998331069946 -0.021407619118690491
   vertex -0.065356157720088959 0.056240249425172806 -0.021679999306797981
  endloop
 endfacet
 facet normal -0.85955756540403261 0.44212290772721186 -0.25629694929812896
  outer loop
   vertex -0.066556990146636963 0.056240249425172806 -0.01765269972383976
   vertex -0.065718181431293488 0.057999998331069946 -0.017430219799280167
   vertex -0.065356157720088959 0.056240249425172806 -0.021679999306797981
  endloop
 endfacet
 facet normal -0.8735880186464009 0.4421230055398731 -0.20339916826242149
  outer loop
   vertex -0.067509368062019348 0.056240249425172806 -0.013562289997935295
   vertex -0.065718181431293488 0.057999998331069946 -0.017430219799280167
   vertex -0.066556990146636963 0.056240249425172806 -0.01765269972383976
  endloop
 endfacet
 facet normal -0.92230603812918155 0.3213056584129898 -0.21474227786406649
  outer loop
   vertex -0.06812770664691925 0.054382290691137314 -0.013686509802937508
   vertex -0.067509368062019348 0.056240249425172806 -0.013562289997935295
   vertex -0.066556990146636963 0.056240249425172806 -0.01765269972383976
  endloop
 endfacet
 facet normal -0.93368174799870474 0.32130570173983858 -0.15811717010986837
  outer loop
   vertex -0.06883537769317627 0.054382290691137314 -0.0095077129080891609
   vertex -0.067509368062019348 0.056240249425172806 -0.013562289997935295
   vertex -0.06812770664691925 0.054382290691137314 -0.013686509802937508
  endloop
 endfacet
 facet normal -0.96703442381585736 0.19500082919572886 -0.16376538024903384
  outer loop
   vertex -0.069214560091495514 0.052457891404628754 -0.009560086764395237
   vertex -0.06883537769317627 0.054382290691137314 -0.0095077129080891609
   vertex -0.06812770664691925 0.054382290691137314 -0.013686509802937508
  endloop
 endfacet
 facet normal -0.97521956175446245 0.19500083547284333 -0.10450588756777007
  outer loop
   vertex -0.069668643176555634 0.052457891404628754 -0.0053227110765874386
   vertex -0.06883537769317627 0.054382290691137314 -0.0095077129080891609
   vertex -0.069214560091495514 0.052457891404628754 -0.009560086764395237
  endloop
 endfacet
 facet normal -0.043580581581464231 0.99787439543078127 -0.048450220357332888
  outer loop
   vertex -0.03934352844953537 0.065371669828891754 -0.041186019778251648
   vertex -0.03817111998796463 0.06549999862909317 -0.039597548544406891
   vertex -0.035348281264305115 0.06549999862909317 -0.042136669158935547
  endloop
 endfacet
 facet normal -0.046788304704049072 0.99784141337833232 -0.046080020508387116
  outer loop
   vertex -0.041781209409236908 0.065371669828891754 -0.03871086984872818
   vertex -0.03817111998796463 0.06549999862909317 -0.039597548544406891
   vertex -0.03934352844953537 0.065371669828891754 -0.041186019778251648
  endloop
 endfacet
 facet normal -0.13905800080208425 0.98076845724879824 -0.13695293234808786
  outer loop
   vertex -0.043192841112613678 0.064988888800144196 -0.040018770843744278
   vertex -0.041781209409236908 0.065371669828891754 -0.03871086984872818
   vertex -0.03934352844953537 0.065371669828891754 -0.041186019778251648
  endloop
 endfacet
 facet normal -0.1471482032776634 0.9807684532295311 -0.12822108805461105
  outer loop
   vertex -0.04555220901966095 0.064988888800144196 -0.0373111292719841
   vertex -0.041781209409236908 0.065371669828891754 -0.03871086984872818
   vertex -0.043192841112613678 0.064988888800144196 -0.040018770843744278
  endloop
 endfacet
 facet normal -0.2424455113181303 0.94688389231784587 -0.21126066484486958
  outer loop
   vertex -0.046989560127258301 0.064358189702033997 -0.038488440215587616
   vertex -0.04555220901966095 0.064988888800144196 -0.0373111292719841
   vertex -0.043192841112613678 0.064988888800144196 -0.040018770843744278
  endloop
 endfacet
 facet normal -0.25487427445959249 0.9468838980051163 -0.19608668470177348
  outer loop
   vertex -0.049248561263084412 0.064358189702033997 -0.035552181303501129
   vertex -0.04555220901966095 0.064988888800144196 -0.0373111292719841
   vertex -0.046989560127258301 0.064358189702033997 -0.038488440215587616
  endloop
 endfacet
 facet normal -0.35067861192268751 0.8967920677095601 -0.26979343660139105
  outer loop
   vertex -0.050675380975008011 0.063490383327007294 -0.036582179367542267
   vertex -0.049248561263084412 0.064358189702033997 -0.035552181303501129
   vertex -0.046989560127258301 0.064358189702033997 -0.038488440215587616
  endloop
 endfacet
 facet normal -0.36647397820183125 0.89679211978019713 -0.24791272093433248
  outer loop
   vertex -0.052811309695243835 0.063490383327007294 -0.033424768596887589
   vertex -0.049248561263084412 0.064358189702033997 -0.035552181303501129
   vertex -0.050675380975008011 0.063490383327007294 -0.036582179367542267
  endloop
 endfacet
 facet normal -0.46031546540092311 0.8313501095211695 -0.31139471368645782
  outer loop
   vertex -0.054189831018447876 0.062400300055742264 -0.034297250211238861
   vertex -0.052811309695243835 0.063490383327007294 -0.033424768596887589
   vertex -0.050675380975008011 0.063490383327007294 -0.036582179367542267
  endloop
 endfacet
 facet normal -0.47844263729566411 0.83135008474787064 -0.28275374340099896
  outer loop
   vertex -0.056179940700531006 0.062400300055742264 -0.030929820612072945
   vertex -0.052811309695243835 0.063490383327007294 -0.033424768596887589
   vertex -0.054189831018447876 0.062400300055742264 -0.034297250211238861
  endloop
 endfacet
 facet normal -0.56777897464707838 0.75168673522818563 -0.33555042546643282
  outer loop
   vertex -0.057472210377454758 0.061106599867343903 -0.031641289591789246
   vertex -0.056179940700531006 0.062400300055742264 -0.030929820612072945
   vertex -0.054189831018447876 0.062400300055742264 -0.034297250211238861
  endloop
 endfacet
 facet normal -0.58717964272136769 0.75168661732248576 -0.30031199861458346
  outer loop
   vertex -0.059294290840625763 0.061106599867343903 -0.028078699484467506
   vertex -0.056179940700531006 0.062400300055742264 -0.030929820612072945
   vertex -0.057472210377454758 0.061106599867343903 -0.031641289591789246
  endloop
 endfacet
 facet normal -0.66950775647951266 0.6591728819383107 -0.34241856802882586
  outer loop
   vertex -0.060463521629571915 0.059631418436765671 -0.028632380068302155
   vertex -0.059294290840625763 0.061106599867343903 -0.028078699484467506
   vertex -0.057472210377454758 0.061106599867343903 -0.031641289591789246
  endloop
 endfacet
 facet normal -0.68913765202371347 0.65917298660227819 -0.30096556330762447
  outer loop
   vertex -0.062096599489450455 0.059631418436765671 -0.024893030524253845
   vertex -0.059294290840625763 0.061106599867343903 -0.028078699484467506
   vertex -0.060463521629571915 0.059631418436765671 -0.028632380068302155
  endloop
 endfacet
 facet normal -0.76208385471201834 0.55538897884994598 -0.33282319714720221
  outer loop
   vertex -0.063108399510383606 0.057999998331069946 -0.025298640131950378
   vertex -0.062096599489450455 0.059631418436765671 -0.024893030524253845
   vertex -0.060463521629571915 0.059631418436765671 -0.028632380068302155
  endloop
 endfacet
 facet normal -0.78094722499839164 0.55538928654968056 -0.28576943880189215
  outer loop
   vertex -0.063497297465801239 0.059631418436765671 -0.021065220236778259
   vertex -0.062096599489450455 0.059631418436765671 -0.024893030524253845
   vertex -0.063108399510383606 0.057999998331069946 -0.025298640131950378
  endloop
 endfacet
 facet normal -0.78095130308643812 0.55538434023176142 -0.28576790728303514
  outer loop
   vertex -0.064532212913036346 0.057999998331069946 -0.021407619118690491
   vertex -0.063497297465801239 0.059631418436765671 -0.021065220236778259
   vertex -0.063108399510383606 0.057999998331069946 -0.025298640131950378
  endloop
 endfacet
 facet normal -0.79690769132381623 0.55540258548653254 -0.23762596563469324
  outer loop
   vertex -0.064664527773857117 0.059631418436765671 -0.017150770872831345
   vertex -0.063497297465801239 0.059631418436765671 -0.021065220236778259
   vertex -0.064532212913036346 0.057999998331069946 -0.021407619118690491
  endloop
 endfacet
 facet normal -0.79691645161255975 0.55539168640132019 -0.23762206089827717
  outer loop
   vertex -0.065718181431293488 0.057999998331069946 -0.017430219799280167
   vertex -0.064664527773857117 0.059631418436765671 -0.017150770872831345
   vertex -0.064532212913036346 0.057999998331069946 -0.021407619118690491
  endloop
 endfacet
 facet normal -0.8099250262319152 0.5553921433858735 -0.18857629476813079
  outer loop
   vertex -0.066658556461334229 0.057999998331069946 -0.013391359709203243
   vertex -0.064664527773857117 0.059631418436765671 -0.017150770872831345
   vertex -0.065718181431293488 0.057999998331069946 -0.017430219799280167
  endloop
 endfacet
 facet normal -0.8735879482159129 0.44212320051734277 -0.20339904694027719
  outer loop
   vertex -0.067509368062019348 0.056240249425172806 -0.013562289997935295
   vertex -0.066658556461334229 0.057999998331069946 -0.013391359709203243
   vertex -0.065718181431293488 0.057999998331069946 -0.017430219799280167
  endloop
 endfacet
 facet normal -0.88436309278788849 0.44212303073780784 -0.14976363312184901
  outer loop
   vertex -0.068210609257221222 0.056240249425172806 -0.0094214193522930145
   vertex -0.066658556461334229 0.057999998331069946 -0.013391359709203243
   vertex -0.067509368062019348 0.056240249425172806 -0.013562289997935295
  endloop
 endfacet
 facet normal -0.93368093451821621 0.32130892291258617 -0.15811542800733924
  outer loop
   vertex -0.06883537769317627 0.054382290691137314 -0.0095077129080891609
   vertex -0.068210609257221222 0.056240249425172806 -0.0094214193522930145
   vertex -0.067509368062019348 0.056240249425172806 -0.013562289997935295
  endloop
 endfacet
 facet normal -0.94158350798994772 0.32130895499885531 -0.10090120375341138
  outer loop
   vertex -0.069286972284317017 0.054382290691137314 -0.0052935509011149406
   vertex -0.068210609257221222 0.056240249425172806 -0.0094214193522930145
   vertex -0.06883537769317627 0.054382290691137314 -0.0095077129080891609
  endloop
 endfacet
 facet normal -0.97521949803530028 0.19500126737348231 -0.10450567627891154
  outer loop
   vertex -0.069668643176555634 0.052457891404628754 -0.0053227110765874386
   vertex -0.069286972284317017 0.054382290691137314 -0.0052935509011149406
   vertex -0.06883537769317627 0.054382290691137314 -0.0095077129080891609
  endloop
 endfacet
 facet normal -0.9797766742650007 0.19500125928025597 -0.044857300914442386
  outer loop
   vertex -0.069863550364971161 0.052457891404628754 -0.0010655330261215568
   vertex -0.069286972284317017 0.054382290691137314 -0.0052935509011149406
   vertex -0.069668643176555634 0.052457891404628754 -0.0053227110765874386
  endloop
 endfacet
 facet normal -0.046538982035181073 0.99789981400877059 -0.045056457388373064
  outer loop
   vertex -0.041781209409236908 0.065371669828891754 -0.03871086984872818
   vertex -0.040812041610479355 0.06549999862909317 -0.036869730800390244
   vertex -0.03817111998796463 0.06549999862909317 -0.039597548544406891
  endloop
 endfacet
 facet normal -0.049756958807049868 0.99781983326091206 -0.043356953322842763
  outer loop
   vertex -0.044063471257686615 0.065371669828891754 -0.036091718822717667
   vertex -0.040812041610479355 0.06549999862909317 -0.036869730800390244
   vertex -0.041781209409236908 0.065371669828891754 -0.03871086984872818
  endloop
 endfacet
 facet normal -0.14714826857300647 0.98076841921941527 -0.1282212732654599
  outer loop
   vertex -0.04555220901966095 0.064988888800144196 -0.0373111292719841
   vertex -0.044063471257686615 0.065371669828891754 -0.036091718822717667
   vertex -0.041781209409236908 0.065371669828891754 -0.03871086984872818
  endloop
 endfacet
 facet normal -0.1546919597593579 0.98076841172852269 -0.11901142861641495
  outer loop
   vertex -0.047742109745740891 0.064988888800144196 -0.034464679658412933
   vertex -0.044063471257686615 0.065371669828891754 -0.036091718822717667
   vertex -0.04555220901966095 0.064988888800144196 -0.0373111292719841
  endloop
 endfacet
 facet normal -0.25487394409956626 0.94688414935933629 -0.1960859003375236
  outer loop
   vertex -0.049248561263084412 0.064358189702033997 -0.035552181303501129
   vertex -0.047742109745740891 0.064988888800144196 -0.034464679658412933
   vertex -0.04555220901966095 0.064988888800144196 -0.0373111292719841
  endloop
 endfacet
 facet normal -0.26635382180387213 0.94688412710175363 -0.18018349384230911
  outer loop
   vertex -0.051324360072612762 0.064358189702033997 -0.032483659684658051
   vertex -0.047742109745740891 0.064988888800144196 -0.034464679658412933
   vertex -0.049248561263084412 0.064358189702033997 -0.035552181303501129
  endloop
 endfacet
 facet normal -0.3664741421794957 0.89679195869066342 -0.24791306125649415
  outer loop
   vertex -0.052811309695243835 0.063490383327007294 -0.033424768596887589
   vertex -0.051324360072612762 0.064358189702033997 -0.032483659684658051
   vertex -0.049248561263084412 0.064358189702033997 -0.035552181303501129
  endloop
 endfacet
 facet normal -0.38090599097493699 0.89679193449440897 -0.22511075555196583
  outer loop
   vertex -0.054750788956880569 0.063490383327007294 -0.030143009498715401
   vertex -0.051324360072612762 0.064358189702033997 -0.032483659684658051
   vertex -0.052811309695243835 0.063490383327007294 -0.033424768596887589
  endloop
 endfacet
 facet normal -0.47844261437900554 0.83135011259878688 -0.28275370029084801
  outer loop
   vertex -0.056179940700531006 0.062400300055742264 -0.030929820612072945
   vertex -0.054750788956880569 0.063490383327007294 -0.030143009498715401
   vertex -0.052811309695243835 0.063490383327007294 -0.033424768596887589
  endloop
 endfacet
 facet normal -0.49479113470288277 0.83135016362971004 -0.2530585672374836
  outer loop
   vertex -0.057961039245128632 0.062400300055742264 -0.02744733914732933
   vertex -0.054750788956880569 0.063490383327007294 -0.030143009498715401
   vertex -0.056179940700531006 0.062400300055742264 -0.030929820612072945
  endloop
 endfacet
 facet normal -0.58717823362885568 0.75168871283633609 -0.30030950858564143
  outer loop
   vertex -0.059294290840625763 0.061106599867343903 -0.028078699484467506
   vertex -0.057961039245128632 0.062400300055742264 -0.02744733914732933
   vertex -0.056179940700531006 0.062400300055742264 -0.030929820612072945
  endloop
 endfacet
 facet normal -0.60439359009974136 0.75168867273970275 -0.26395554080407158
  outer loop
   vertex -0.060895789414644241 0.061106599867343903 -0.024411659687757492
   vertex -0.057961039245128632 0.062400300055742264 -0.02744733914732933
   vertex -0.059294290840625763 0.061106599867343903 -0.028078699484467506
  endloop
 endfacet
 facet normal -0.68913770875541469 0.65917288249496764 -0.30096566142105435
  outer loop
   vertex -0.062096599489450455 0.059631418436765671 -0.024893030524253845
   vertex -0.060895789414644241 0.061106599867343903 -0.024411659687757492
   vertex -0.059294290840625763 0.061106599867343903 -0.028078699484467506
  endloop
 endfacet
 facet normal -0.70619383197326668 0.65917339186876867 -0.25841964154285263
  outer loop
   vertex -0.062269128859043121 0.061106599867343903 -0.020658679306507111
   vertex -0.060895789414644241 0.061106599867343903 -0.024411659687757492
   vertex -0.062096599489450455 0.059631418436765671 -0.024893030524253845
  endloop
 endfacet
 facet normal -0.70620061282990176 0.65916690491545504 -0.25841765787741805
  outer loop
   vertex -0.063497297465801239 0.059631418436765671 -0.021065220236778259
   vertex -0.062269128859043121 0.061106599867343903 -0.020658679306507111
   vertex -0.062096599489450455 0.059631418436765671 -0.024893030524253845
  endloop
 endfacet
 facet normal -0.72062718731686737 0.65918132999385226 -0.21488701935509411
  outer loop
   vertex -0.063414067029953003 0.061106599867343903 -0.01681911014020443
   vertex -0.062269128859043121 0.061106599867343903 -0.020658679306507111
   vertex -0.063497297465801239 0.059631418436765671 -0.021065220236778259
  endloop
 endfacet
 facet normal -0.72063747736608041 0.65917128409296655 -0.21488332751212152
  outer loop
   vertex -0.064664527773857117 0.059631418436765671 -0.017150770872831345
   vertex -0.063414067029953003 0.061106599867343903 -0.01681911014020443
   vertex -0.063497297465801239 0.059631418436765671 -0.021065220236778259
  endloop
 endfacet
 facet normal -0.73240243820156814 0.65917156945260447 -0.17052715485162018
  outer loop
   vertex -0.065589830279350281 0.059631418436765671 -0.013176660053431988
   vertex -0.063414067029953003 0.061106599867343903 -0.01681911014020443
   vertex -0.064664527773857117 0.059631418436765671 -0.017150770872831345
  endloop
 endfacet
 facet normal -0.80992559617571958 0.55539104822995711 -0.18857707232172893
  outer loop
   vertex -0.066658556461334229 0.057999998331069946 -0.013391359709203243
   vertex -0.065589830279350281 0.059631418436765671 -0.013176660053431988
   vertex -0.064664527773857117 0.059631418436765671 -0.017150770872831345
  endloop
 endfacet
 facet normal -0.81991546566451368 0.55539109622277028 -0.1388501328793513
  outer loop
   vertex -0.067350961267948151 0.057999998331069946 -0.0093026822432875633
   vertex -0.065589830279350281 0.059631418436765671 -0.013176660053431988
   vertex -0.066658556461334229 0.057999998331069946 -0.013391359709203243
  endloop
 endfacet
 facet normal -0.88436347125974513 0.44212208096089084 -0.14976420209190666
  outer loop
   vertex -0.068210609257221222 0.056240249425172806 -0.0094214193522930145
   vertex -0.067350961267948151 0.057999998331069946 -0.0093026822432875633
   vertex -0.066658556461334229 0.057999998331069946 -0.013391359709203243
  endloop
 endfacet
 facet normal -0.89184852262309333 0.44212210361646964 -0.095573313161955512
  outer loop
   vertex -0.068658113479614258 0.056240249425172806 -0.0052455049008131027
   vertex -0.067350961267948151 0.057999998331069946 -0.0093026822432875633
   vertex -0.068210609257221222 0.056240249425172806 -0.0094214193522930145
  endloop
 endfacet
 facet normal -0.94158458610431406 0.32130517270136877 -0.10090318729411514
  outer loop
   vertex -0.069286972284317017 0.054382290691137314 -0.0052935509011149406
   vertex -0.068658113479614258 0.056240249425172806 -0.0052455049008131027
   vertex -0.068210609257221222 0.056240249425172806 -0.0094214193522930145
  endloop
 endfacet
 facet normal -0.94598484140588368 0.32130515776356539 -0.043309068620961851
  outer loop
   vertex -0.069480806589126587 0.054382290691137314 -0.0010596959618851542
   vertex -0.068658113479614258 0.056240249425172806 -0.0052455049008131027
   vertex -0.069286972284317017 0.054382290691137314 -0.0052935509011149406
  endloop
 endfacet
 facet normal -0.97977623270271008 0.19500375280172677 -0.044856105761955645
  outer loop
   vertex -0.069863550364971161 0.052457891404628754 -0.0010655330261215568
   vertex -0.069480806589126587 0.054382290691137314 -0.0010596959618851542
   vertex -0.069286972284317017 0.054382290691137314 -0.0052935509011149406
  endloop
 endfacet
 facet normal -0.98068843507697234 0.19500375461824815 0.014957573033915665
  outer loop
   vertex -0.069798558950424194 0.052457891404628754 0.0031956080347299576
   vertex -0.069480806589126587 0.054382290691137314 -0.0010596959618851542
   vertex -0.069863550364971161 0.052457891404628754 -0.0010655330261215568
  endloop
 endfacet
 facet normal -0.049332352919735561 0.9979171067689202 -0.041566416412172187
  outer loop
   vertex -0.044063471257686615 0.065371669828891754 -0.036091718822717667
   vertex -0.043258488178253174 0.06549999862909317 -0.03396620973944664
   vertex -0.040812041610479355 0.06549999862909317 -0.036869730800390244
  endloop
 endfacet
 facet normal -0.052473241395279244 0.99780599710416318 -0.040370175630525522
  outer loop
   vertex -0.046181801706552505 0.065371669828891754 -0.033338308334350586
   vertex -0.043258488178253174 0.06549999862909317 -0.03396620973944664
   vertex -0.044063471257686615 0.065371669828891754 -0.036091718822717667
  endloop
 endfacet
 facet normal -0.15469227210052741 0.98076827280609247 -0.11901216748438115
  outer loop
   vertex -0.047742109745740891 0.064988888800144196 -0.034464679658412933
   vertex -0.046181801706552505 0.065371669828891754 -0.033338308334350586
   vertex -0.044063471257686615 0.065371669828891754 -0.036091718822717667
  endloop
 endfacet
 facet normal -0.1616598726779791 0.98076827702951808 -0.10936028684257378
  outer loop
   vertex -0.049754410982131958 0.064988888800144196 -0.031490031629800797
   vertex -0.046181801706552505 0.065371669828891754 -0.033338308334350586
   vertex -0.047742109745740891 0.064988888800144196 -0.034464679658412933
  endloop
 endfacet
 facet normal -0.2663542346411284 0.94688385226417759 -0.18018432787034988
  outer loop
   vertex -0.051324360072612762 0.064358189702033997 -0.032483659684658051
   vertex -0.049754410982131958 0.064988888800144196 -0.031490031629800797
   vertex -0.047742109745740891 0.064988888800144196 -0.034464679658412933
  endloop
 endfacet
 facet normal -0.27684357555251482 0.9468838752042531 -0.16361100682251056
  outer loop
   vertex -0.053209230303764343 0.064358189702033997 -0.029294300824403763
   vertex -0.049754410982131958 0.064988888800144196 -0.031490031629800797
   vertex -0.051324360072612762 0.064358189702033997 -0.032483659684658051
  endloop
 endfacet
 facet normal -0.38090582866756167 0.89679207626905855 -0.22511046539001528
  outer loop
   vertex -0.054750788956880569 0.063490383327007294 -0.030143009498715401
   vertex -0.053209230303764343 0.064358189702033997 -0.029294300824403763
   vertex -0.051324360072612762 0.064358189702033997 -0.032483659684658051
  endloop
 endfacet
 facet normal -0.39392084144279388 0.89679205910732362 -0.20147052737074944
  outer loop
   vertex -0.056486591696739197 0.063490383327007294 -0.026749119162559509
   vertex -0.053209230303764343 0.064358189702033997 -0.029294300824403763
   vertex -0.054750788956880569 0.063490383327007294 -0.030143009498715401
  endloop
 endfacet
 facet normal -0.49479291704952572 0.8313482171274672 -0.2530614769509627
  outer loop
   vertex -0.057961039245128632 0.062400300055742264 -0.02744733914732933
   vertex -0.056486591696739197 0.063490383327007294 -0.026749119162559509
   vertex -0.054750788956880569 0.063490383327007294 -0.030143009498715401
  endloop
 endfacet
 facet normal -0.50930043656185842 0.83134824109706618 -0.22242564452579416
  outer loop
   vertex -0.059526529163122177 0.062400300055742264 -0.023862749338150024
   vertex -0.056486591696739197 0.063490383327007294 -0.026749119162559509
   vertex -0.057961039245128632 0.062400300055742264 -0.02744733914732933
  endloop
 endfacet
 facet normal -0.604393521858267 0.75168876450835931 -0.26395543572288266
  outer loop
   vertex -0.060895789414644241 0.061106599867343903 -0.024411659687757492
   vertex -0.059526529163122177 0.062400300055742264 -0.023862749338150024
   vertex -0.057961039245128632 0.062400300055742264 -0.02744733914732933
  endloop
 endfacet
 facet normal -0.61935027706402146 0.75168913557771999 -0.22664659219838271
  outer loop
   vertex -0.060868728905916214 0.062400300055742264 -0.020194960758090019
   vertex -0.059526529163122177 0.062400300055742264 -0.023862749338150024
   vertex -0.060895789414644241 0.061106599867343903 -0.024411659687757492
  endloop
 endfacet
 facet normal -0.61936001679860719 0.75168180723744937 -0.22664428132973305
  outer loop
   vertex -0.062269128859043121 0.061106599867343903 -0.020658679306507111
   vertex -0.060868728905916214 0.062400300055742264 -0.020194960758090019
   vertex -0.060895789414644241 0.061106599867343903 -0.024411659687757492
  endloop
 endfacet
 facet normal -0.63201149514541921 0.75169244870746377 -0.18846732491397258
  outer loop
   vertex -0.061988189816474915 0.062400300055742264 -0.016440929844975471
   vertex -0.060868728905916214 0.062400300055742264 -0.020194960758090019
   vertex -0.062269128859043121 0.061106599867343903 -0.020658679306507111
  endloop
 endfacet
 facet normal -0.63201985529096916 0.75168605116174725 -0.18846480575121005
  outer loop
   vertex -0.063414067029953003 0.061106599867343903 -0.01681911014020443
   vertex -0.061988189816474915 0.062400300055742264 -0.016440929844975471
   vertex -0.062269128859043121 0.061106599867343903 -0.020658679306507111
  endloop
 endfacet
 facet normal -0.64233957798870778 0.75168646274653761 -0.14955710706244268
  outer loop
   vertex -0.064321473240852356 0.061106599867343903 -0.012921850197017193
   vertex -0.061988189816474915 0.062400300055742264 -0.016440929844975471
   vertex -0.063414067029953003 0.061106599867343903 -0.01681911014020443
  endloop
 endfacet
 facet normal -0.73240185536106217 0.65917239344042056 -0.17052647298792423
  outer loop
   vertex -0.065589830279350281 0.059631418436765671 -0.013176660053431988
   vertex -0.064321473240852356 0.061106599867343903 -0.012921850197017193
   vertex -0.063414067029953003 0.061106599867343903 -0.01681911014020443
  endloop
 endfacet
 facet normal -0.74143549801930031 0.65917233152555932 -0.12555970543144046
  outer loop
   vertex -0.066271133720874786 0.059631418436765671 -0.0091535337269306183
   vertex -0.064321473240852356 0.061106599867343903 -0.012921850197017193
   vertex -0.065589830279350281 0.059631418436765671 -0.013176660053431988
  endloop
 endfacet
 facet normal -0.81991537031150818 0.55539126566768149 -0.13885001817426271
  outer loop
   vertex -0.067350961267948151 0.057999998331069946 -0.0093026822432875633
   vertex -0.066271133720874786 0.059631418436765671 -0.0091535337269306183
   vertex -0.065589830279350281 0.059631418436765671 -0.013176660053431988
  endloop
 endfacet
 facet normal -0.82685526885253824 0.5553912557351901 -0.088605402903467051
  outer loop
   vertex -0.067792810499668121 0.057999998331069946 -0.0051793968304991722
   vertex -0.066271133720874786 0.059631418436765671 -0.0091535337269306183
   vertex -0.067350961267948151 0.057999998331069946 -0.0093026822432875633
  endloop
 endfacet
 facet normal -0.89184583253612981 0.44212829815117149 -0.095569759662176942
  outer loop
   vertex -0.068658113479614258 0.056240249425172806 -0.0052455049008131027
   vertex -0.067792810499668121 0.057999998331069946 -0.0051793968304991722
   vertex -0.067350961267948151 0.057999998331069946 -0.0093026822432875633
  endloop
 endfacet
 facet normal -0.89601327851192503 0.44212831056222207 -0.0410214788824921
  outer loop
   vertex -0.068850189447402954 0.056240249425172806 -0.0010500779608264565
   vertex -0.067792810499668121 0.057999998331069946 -0.0051793968304991722
   vertex -0.068658113479614258 0.056240249425172806 -0.0052455049008131027
  endloop
 endfacet
 facet normal -0.9459849826882103 0.32130471134869104 -0.043309294539637354
  outer loop
   vertex -0.069480806589126587 0.054382290691137314 -0.0010596959618851542
   vertex -0.068850189447402954 0.056240249425172806 -0.0010500779608264565
   vertex -0.068658113479614258 0.056240249425172806 -0.0052455049008131027
  endloop
 endfacet
 facet normal -0.94686574422278624 0.32130469926067629 0.014441352098593582
  outer loop
   vertex -0.069416172802448273 0.054382290691137314 0.0031781010329723358
   vertex -0.068850189447402954 0.056240249425172806 -0.0010500779608264565
   vertex -0.069480806589126587 0.054382290691137314 -0.0010596959618851542
  endloop
 endfacet
 facet normal -0.98068859520732499 0.19500297719349713 0.014957209497624233
  outer loop
   vertex -0.069798558950424194 0.052457891404628754 0.0031956080347299576
   vertex -0.069416172802448273 0.054382290691137314 0.0031781010329723358
   vertex -0.069480806589126587 0.054382290691137314 -0.0010596959618851542
  endloop
 endfacet
 facet normal -0.97795251863098498 0.19500297026938773 0.074717554091588381
  outer loop
   vertex -0.069473907351493835 0.052457891404628754 0.0074448618106544018
   vertex -0.069416172802448273 0.054382290691137314 0.0031781010329723358
   vertex -0.069798558950424194 0.052457891404628754 0.0031956080347299576
  endloop
 endfacet
 facet normal -0.051964648316088581 0.99792653559674138 -0.037977689203937084
  outer loop
   vertex -0.046181801706552505 0.065371669828891754 -0.033338308334350586
   vertex -0.045498780906200409 0.06549999862909317 -0.030900830402970314
   vertex -0.043258488178253174 0.06549999862909317 -0.03396620973944664
  endloop
 endfacet
 facet normal -0.054910007943017737 0.99780012440682331 -0.037145696405177363
  outer loop
   vertex -0.048128340393304825 0.065371669828891754 -0.030460869893431664
   vertex -0.045498780906200409 0.06549999862909317 -0.030900830402970314
   vertex -0.046181801706552505 0.065371669828891754 -0.033338308334350586
  endloop
 endfacet
 facet normal -0.1616597954810782 0.98076830708635376 -0.10936013140072356
  outer loop
   vertex -0.049754410982131958 0.064988888800144196 -0.031490031629800797
   vertex -0.048128340393304825 0.065371669828891754 -0.030460869893431664
   vertex -0.046181801706552505 0.065371669828891754 -0.033338308334350586
  endloop
 endfacet
 facet normal -0.168026086136353 0.98076830198649545 -0.099301420917453712
  outer loop
   vertex -0.051581628620624542 0.064988888800144196 -0.028398230671882629
   vertex -0.048128340393304825 0.065371669828891754 -0.030460869893431664
   vertex -0.049754410982131958 0.064988888800144196 -0.031490031629800797
  endloop
 endfacet
 facet normal -0.27684379905463263 0.94688374250854634 -0.16361139660184754
  outer loop
   vertex -0.053209230303764343 0.064358189702033997 -0.029294300824403763
   vertex -0.051581628620624542 0.064988888800144196 -0.028398230671882629
   vertex -0.049754410982131958 0.064988888800144196 -0.031490031629800797
  endloop
 endfacet
 facet normal -0.28630355524159529 0.94688375550990433 -0.14642891725162199
  outer loop
   vertex -0.054896149784326553 0.064358189702033997 -0.025995969772338867
   vertex -0.051581628620624542 0.064988888800144196 -0.028398230671882629
   vertex -0.053209230303764343 0.064358189702033997 -0.029294300824403763
  endloop
 endfacet
 facet normal -0.39391975217803943 0.89679291850696052 -0.20146883173275185
  outer loop
   vertex -0.056486591696739197 0.063490383327007294 -0.026749119162559509
   vertex -0.054896149784326553 0.064358189702033997 -0.025995969772338867
   vertex -0.053209230303764343 0.064358189702033997 -0.029294300824403763
  endloop
 endfacet
 facet normal -0.40546940607334969 0.89679291266853645 -0.17707917022057612
  outer loop
   vertex -0.058012250810861588 0.063490383327007294 -0.023255720734596252
   vertex -0.054896149784326553 0.064358189702033997 -0.025995969772338867
   vertex -0.056486591696739197 0.063490383327007294 -0.026749119162559509
  endloop
 endfacet
 facet normal -0.50929970261187429 0.83134897132788588 -0.22242459574319182
  outer loop
   vertex -0.059526529163122177 0.062400300055742264 -0.023862749338150024
   vertex -0.058012250810861588 0.063490383327007294 -0.023255720734596252
   vertex -0.056486591696739197 0.063490383327007294 -0.026749119162559509
  endloop
 endfacet
 facet normal -0.52190146240127455 0.83134944855797133 -0.19098941836072508
  outer loop
   vertex -0.059320051223039627 0.063490383327007294 -0.019681999459862709
   vertex -0.058012250810861588 0.063490383327007294 -0.023255720734596252
   vertex -0.059526529163122177 0.062400300055742264 -0.023862749338150024
  endloop
 endfacet
 facet normal -0.52190761710141931 0.83134586900103824 -0.19098818106476392
  outer loop
   vertex -0.060868728905916214 0.062400300055742264 -0.020194960758090019
   vertex -0.059320051223039627 0.063490383327007294 -0.019681999459862709
   vertex -0.059526529163122177 0.062400300055742264 -0.023862749338150024
  endloop
 endfacet
 facet normal -0.53256916916461838 0.83135301138068185 -0.15881514576255007
  outer loop
   vertex -0.060411278158426285 0.063490383327007294 -0.016022689640522003
   vertex -0.059320051223039627 0.063490383327007294 -0.019681999459862709
   vertex -0.060868728905916214 0.062400300055742264 -0.020194960758090019
  endloop
 endfacet
 facet normal -0.53257229704033049 0.83135116529113717 -0.15881432049489236
  outer loop
   vertex -0.061988189816474915 0.062400300055742264 -0.016440929844975471
   vertex -0.060411278158426285 0.063490383327007294 -0.016022689640522003
   vertex -0.060868728905916214 0.062400300055742264 -0.020194960758090019
  endloop
 endfacet
 facet normal -0.54126939144833164 0.83135152295419046 -0.12602416896334284
  outer loop
   vertex -0.062875188887119293 0.062400300055742264 -0.012631299905478954
   vertex -0.060411278158426285 0.063490383327007294 -0.016022689640522003
   vertex -0.061988189816474915 0.062400300055742264 -0.016440929844975471
  endloop
 endfacet
 facet normal -0.64233873950843601 0.7516873551368729 -0.14955622305356078
  outer loop
   vertex -0.064321473240852356 0.061106599867343903 -0.012921850197017193
   vertex -0.062875188887119293 0.062400300055742264 -0.012631299905478954
   vertex -0.061988189816474915 0.062400300055742264 -0.016440929844975471
  endloop
 endfacet
 facet normal -0.65026146259029993 0.7516873417226162 -0.11011889285636095
  outer loop
   vertex -0.064989596605300903 0.061106599867343903 -0.0089765246957540512
   vertex -0.062875188887119293 0.062400300055742264 -0.012631299905478954
   vertex -0.064321473240852356 0.061106599867343903 -0.012921850197017193
  endloop
 endfacet
 facet normal -0.74143446477468311 0.65917369739041609 -0.12555863615429727
  outer loop
   vertex -0.066271133720874786 0.059631418436765671 -0.0091535337269306183
   vertex -0.064989596605300903 0.061106599867343903 -0.0089765246957540512
   vertex -0.064321473240852356 0.061106599867343903 -0.012921850197017193
  endloop
 endfacet
 facet normal -0.74770998344274342 0.65917367253496817 -0.080123967056148868
  outer loop
   vertex -0.066705897450447083 0.059631418436765671 -0.0050963559187948704
   vertex -0.064989596605300903 0.061106599867343903 -0.0089765246957540512
   vertex -0.066271133720874786 0.059631418436765671 -0.0091535337269306183
  endloop
 endfacet
 facet normal -0.82685496123553315 0.5553917659119848 -0.088605075686169876
  outer loop
   vertex -0.067792810499668121 0.057999998331069946 -0.0051793968304991722
   vertex -0.066705897450447083 0.059631418436765671 -0.0050963559187948704
   vertex -0.066271133720874786 0.059631418436765671 -0.0091535337269306183
  endloop
 endfacet
 facet normal -0.83071864001541296 0.55539174892852194 -0.038033489887996833
  outer loop
   vertex -0.067982472479343414 0.057999998331069946 -0.0010368439834564924
   vertex -0.066705897450447083 0.059631418436765671 -0.0050963559187948704
   vertex -0.067792810499668121 0.057999998331069946 -0.0051793968304991722
  endloop
 endfacet
 facet normal -0.89601457341303814 0.44212554624885697 -0.041022988501582557
  outer loop
   vertex -0.068850189447402954 0.056240249425172806 -0.0010500779608264565
   vertex -0.067982472479343414 0.057999998331069946 -0.0010368439834564924
   vertex -0.067792810499668121 0.057999998331069946 -0.0051793968304991722
  endloop
 endfacet
 facet normal -0.8968488576289656 0.44212553983809527 0.013679678084384772
  outer loop
   vertex -0.0687861368060112 0.056240249425172806 0.0031492561101913452
   vertex -0.067982472479343414 0.057999998331069946 -0.0010368439834564924
   vertex -0.068850189447402954 0.056240249425172806 -0.0010500779608264565
  endloop
 endfacet
 facet normal -0.94686487163257893 0.32130721576686483 0.014442574713859626
  outer loop
   vertex -0.069416172802448273 0.054382290691137314 0.0031781010329723358
   vertex -0.0687861368060112 0.056240249425172806 0.0031492561101913452
   vertex -0.068850189447402954 0.056240249425172806 -0.0010500779608264565
  endloop
 endfacet
 facet normal -0.94422334614728543 0.32130720311633687 0.072138435081311972
  outer loop
   vertex -0.069093309342861176 0.054382290691137314 0.0074040759354829788
   vertex -0.0687861368060112 0.056240249425172806 0.0031492561101913452
   vertex -0.069416172802448273 0.054382290691137314 0.0031781010329723358
  endloop
 endfacet
 facet normal -0.97795361871429831 0.19499827100929037 0.074715419740480599
  outer loop
   vertex -0.069473907351493835 0.052457891404628754 0.0074448618106544018
   vertex -0.069093309342861176 0.054382290691137314 0.0074040759354829788
   vertex -0.069416172802448273 0.054382290691137314 0.0031781010329723358
  endloop
 endfacet
 facet normal -0.97157962428119993 0.19499830097738258 0.13419648392389663
  outer loop
   vertex -0.06889081746339798 0.052457891404628754 0.011666419915854931
   vertex -0.069093309342861176 0.054382290691137314 0.0074040759354829788
   vertex -0.069473907351493835 0.052457891404628754 0.0074448618106544018
  endloop
 endfacet
 facet normal -0.054438045717206285 0.99792828775238573 -0.034287485794134383
  outer loop
   vertex -0.048128340393304825 0.065371669828891754 -0.030460869893431664
   vertex -0.047522250562906265 0.06549999862909317 -0.027688179165124893
   vertex -0.045498780906200409 0.06549999862909317 -0.030900830402970314
  endloop
 endfacet
 facet normal -0.057043802864441474 0.9978023360210394 -0.033712056978469497
  outer loop
   vertex -0.049895830452442169 0.065371669828891754 -0.027470119297504425
   vertex -0.047522250562906265 0.06549999862909317 -0.027688179165124893
   vertex -0.048128340393304825 0.065371669828891754 -0.030460869893431664
  endloop
 endfacet
 facet normal -0.16802569374393189 0.98076843828715166 -0.099300738676265321
  outer loop
   vertex -0.051581628620624542 0.064988888800144196 -0.028398230671882629
   vertex -0.049895830452442169 0.065371669828891754 -0.027470119297504425
   vertex -0.048128340393304825 0.065371669828891754 -0.030460869893431664
  endloop
 endfacet
 facet normal -0.17376692341048858 0.98076843983165873 -0.088872514078466663
  outer loop
   vertex -0.053216949105262756 0.064988888800144196 -0.025200789794325829
   vertex -0.049895830452442169 0.065371669828891754 -0.027470119297504425
   vertex -0.051581628620624542 0.064988888800144196 -0.028398230671882629
  endloop
 endfacet
 facet normal -0.28630363673665876 0.94688371170157559 -0.14642904119610534
  outer loop
   vertex -0.054896149784326553 0.064358189702033997 -0.025995969772338867
   vertex -0.053216949105262756 0.064988888800144196 -0.025200789794325829
   vertex -0.051581628620624542 0.064988888800144196 -0.028398230671882629
  endloop
 endfacet
 facet normal -0.2946977949755174 0.94688371687972051 -0.1287028995190598
  outer loop
   vertex -0.056378860026597977 0.064358189702033997 -0.0226009301841259
   vertex -0.053216949105262756 0.064988888800144196 -0.025200789794325829
   vertex -0.054896149784326553 0.064358189702033997 -0.025995969772338867
  endloop
 endfacet
 facet normal -0.40547030908771803 0.89679226086100716 -0.17708040351239848
  outer loop
   vertex -0.058012250810861588 0.063490383327007294 -0.023255720734596252
   vertex -0.056378860026597977 0.064358189702033997 -0.0226009301841259
   vertex -0.054896149784326553 0.064358189702033997 -0.025995969772338867
  endloop
 endfacet
 facet normal -0.41550209291575363 0.89679256214183634 -0.1520562766534454
  outer loop
   vertex -0.057649590075016022 0.064358189702033997 -0.019128590822219849
   vertex -0.056378860026597977 0.064358189702033997 -0.0226009301841259
   vertex -0.058012250810861588 0.063490383327007294 -0.023255720734596252
  endloop
 endfacet
 facet normal -0.41550873962600271 0.89678968419324212 -0.15205508744858121
  outer loop
   vertex -0.059320051223039627 0.063490383327007294 -0.019681999459862709
   vertex -0.057649590075016022 0.064358189702033997 -0.019128590822219849
   vertex -0.058012250810861588 0.063490383327007294 -0.023255720734596252
  endloop
 endfacet
 facet normal -0.42399629513032677 0.89679401381978963 -0.12644223381745454
  outer loop
   vertex -0.058710351586341858 0.064358189702033997 -0.015571559779345989
   vertex -0.057649590075016022 0.064358189702033997 -0.019128590822219849
   vertex -0.059320051223039627 0.063490383327007294 -0.019681999459862709
  endloop
 endfacet
 facet normal -0.42400396356871417 0.89679064875059822 -0.12644038591961734
  outer loop
   vertex -0.060411278158426285 0.063490383327007294 -0.016022689640522003
   vertex -0.058710351586341858 0.064358189702033997 -0.015571559779345989
   vertex -0.059320051223039627 0.063490383327007294 -0.019681999459862709
  endloop
 endfacet
 facet normal -0.43092809522520864 0.89679093702188184 -0.10033440098484983
  outer loop
   vertex -0.061275720596313477 0.063490383327007294 -0.012309979647397995
   vertex -0.058710351586341858 0.064358189702033997 -0.015571559779345989
   vertex -0.060411278158426285 0.063490383327007294 -0.016022689640522003
  endloop
 endfacet
 facet normal -0.54127119959093517 0.83135007608441291 -0.12602594767678224
  outer loop
   vertex -0.062875188887119293 0.062400300055742264 -0.012631299905478954
   vertex -0.061275720596313477 0.063490383327007294 -0.012309979647397995
   vertex -0.060411278158426285 0.063490383327007294 -0.016022689640522003
  endloop
 endfacet
 facet normal -0.5479474976769888 0.83135012502066619 -0.092792830637119239
  outer loop
   vertex -0.063528291881084442 0.062400300055742264 -0.0087746856734156609
   vertex -0.061275720596313477 0.063490383327007294 -0.012309979647397995
   vertex -0.062875188887119293 0.062400300055742264 -0.012631299905478954
  endloop
 endfacet
 facet normal -0.65026201210416257 0.75168679123596793 -0.1101194056268941
  outer loop
   vertex -0.064989596605300903 0.061106599867343903 -0.0089765246957540512
   vertex -0.063528291881084442 0.062400300055742264 -0.0087746856734156609
   vertex -0.062875188887119293 0.062400300055742264 -0.012631299905478954
  endloop
 endfacet
 facet normal -0.65576569970173282 0.75168680122688281 -0.070273038613636665
  outer loop
   vertex -0.065415963530540466 0.061106599867343903 -0.0049978038296103477
   vertex -0.063528291881084442 0.062400300055742264 -0.0087746856734156609
   vertex -0.064989596605300903 0.061106599867343903 -0.0089765246957540512
  endloop
 endfacet
 facet normal -0.7477124407454494 0.65917061159470014 -0.08012621770900874
  outer loop
   vertex -0.066705897450447083 0.059631418436765671 -0.0050963559187948704
   vertex -0.065415963530540466 0.061106599867343903 -0.0049978038296103477
   vertex -0.064989596605300903 0.061106599867343903 -0.0089765246957540512
  endloop
 endfacet
 facet normal -0.75120648962325809 0.65917062349585243 -0.034393299754326041
  outer loop
   vertex -0.066892519593238831 0.059631418436765671 -0.001020219991914928
   vertex -0.065415963530540466 0.061106599867343903 -0.0049978038296103477
   vertex -0.066705897450447083 0.059631418436765671 -0.0050963559187948704
  endloop
 endfacet
 facet normal -0.83071886409343432 0.55539139932017523 -0.038033700851902399
  outer loop
   vertex -0.067982472479343414 0.057999998331069946 -0.0010368439834564924
   vertex -0.066892519593238831 0.059631418436765671 -0.001020219991914928
   vertex -0.066705897450447083 0.059631418436765671 -0.0050963559187948704
  endloop
 endfacet
 facet normal -0.83149238292502958 0.55539141747464482 0.012680320704167695
  outer loop
   vertex -0.067919239401817322 0.057999998331069946 0.0031095671001821756
   vertex -0.066892519593238831 0.059631418436765671 -0.001020219991914928
   vertex -0.067982472479343414 0.057999998331069946 -0.0010368439834564924
  endloop
 endfacet
 facet normal -0.8968514052795068 0.44212045319513898 0.013677050657904821
  outer loop
   vertex -0.0687861368060112 0.056240249425172806 0.0031492561101913452
   vertex -0.067919239401817322 0.057999998331069946 0.0031095671001821756
   vertex -0.067982472479343414 0.057999998331069946 -0.0010368439834564924
  endloop
 endfacet
 facet normal -0.89434931958213626 0.44212046054949183 0.068328565962379656
  outer loop
   vertex -0.068466201424598694 0.056240249425172806 0.007336874958127737
   vertex -0.067919239401817322 0.057999998331069946 0.0031095671001821756
   vertex -0.0687861368060112 0.056240249425172806 0.0031492561101913452
  endloop
 endfacet
 facet normal -0.94422294791347405 0.32130826303251747 0.072138926666643663
  outer loop
   vertex -0.069093309342861176 0.054382290691137314 0.0074040759354829788
   vertex -0.068466201424598694 0.056240249425172806 0.007336874958127737
   vertex -0.0687861368060112 0.056240249425172806 0.0031492561101913452
  endloop
 endfacet
 facet normal -0.93806869344756139 0.32130825094997562 0.12956903273951181
  outer loop
   vertex -0.068513408303260803 0.054382290691137314 0.011602509766817093
   vertex -0.068466201424598694 0.056240249425172806 0.007336874958127737
   vertex -0.069093309342861176 0.054382290691137314 0.0074040759354829788
  endloop
 endfacet
 facet normal -0.97157897240236091 0.19500079525727892 0.13419757909366781
  outer loop
   vertex -0.06889081746339798 0.052457891404628754 0.011666419915854931
   vertex -0.068513408303260803 0.054382290691137314 0.011602509766817093
   vertex -0.069093309342861176 0.054382290691137314 0.0074040759354829788
  endloop
 endfacet
 facet normal -0.96159088037634965 0.1950007139632445 0.19317789814277811
  outer loop
   vertex -0.068051449954509735 0.052457891404628754 0.015844579786062241
   vertex -0.068513408303260803 0.054382290691137314 0.011602509766817093
   vertex -0.06889081746339798 0.052457891404628754 0.011666419915854931
  endloop
 endfacet
 facet normal -0.056754623223757336 0.99792236517354016 -0.030493701467302466
  outer loop
   vertex -0.049895830452442169 0.065371669828891754 -0.027470119297504425
   vertex -0.049319259822368622 0.06549999862909317 -0.024343600496649742
   vertex -0.047522250562906265 0.06549999862909317 -0.027688179165124893
  endloop
 endfacet
 facet normal -0.058855895527345395 0.99781254336913328 -0.030101691927460164
  outer loop
   vertex -0.051477711647748947 0.065371669828891754 -0.024377169087529182
   vertex -0.049319259822368622 0.06549999862909317 -0.024343600496649742
   vertex -0.049895830452442169 0.065371669828891754 -0.027470119297504425
  endloop
 endfacet
 facet normal -0.1737670416037374 0.98076840264848009 -0.088872693323842095
  outer loop
   vertex -0.053216949105262756 0.064988888800144196 -0.025200789794325829
   vertex -0.051477711647748947 0.065371669828891754 -0.024377169087529182
   vertex -0.049895830452442169 0.065371669828891754 -0.027470119297504425
  endloop
 endfacet
 facet normal -0.17886178227844191 0.98076839462517984 -0.078114140490225525
  outer loop
   vertex -0.054654311388731003 0.064988888800144196 -0.021909590810537338
   vertex -0.051477711647748947 0.065371669828891754 -0.024377169087529182
   vertex -0.053216949105262756 0.064988888800144196 -0.025200789794325829
  endloop
 endfacet
 facet normal -0.29469801243305127 0.9468836097198311 -0.12870318998358876
  outer loop
   vertex -0.056378860026597977 0.064358189702033997 -0.0226009301841259
   vertex -0.054654311388731003 0.064988888800144196 -0.021909590810537338
   vertex -0.053216949105262756 0.064988888800144196 -0.025200789794325829
  endloop
 endfacet
 facet normal -0.30198873780442975 0.94688377508489274 -0.11051659929743424
  outer loop
   vertex -0.055885918438434601 0.064988888800144196 -0.01854420080780983
   vertex -0.054654311388731003 0.064988888800144196 -0.021909590810537338
   vertex -0.056378860026597977 0.064358189702033997 -0.0226009301841259
  endloop
 endfacet
 facet normal -0.3019914205517869 0.94688297209338856 -0.11051614847027996
  outer loop
   vertex -0.057649590075016022 0.064358189702033997 -0.019128590822219849
   vertex -0.055885918438434601 0.064988888800144196 -0.01854420080780983
   vertex -0.056378860026597977 0.064358189702033997 -0.0226009301841259
  endloop
 endfacet
 facet normal -0.30816062358943214 0.94688511539512121 -0.091899990816867269
  outer loop
   vertex -0.056914471089839935 0.064988888800144196 -0.01509524043649435
   vertex -0.055885918438434601 0.064988888800144196 -0.01854420080780983
   vertex -0.057649590075016022 0.064358189702033997 -0.019128590822219849
  endloop
 endfacet
 facet normal -0.30816392092358691 0.94688411578025478 -0.091899233533507221
  outer loop
   vertex -0.058710351586341858 0.064358189702033997 -0.015571559779345989
   vertex -0.056914471089839935 0.064988888800144196 -0.01509524043649435
   vertex -0.057649590075016022 0.064358189702033997 -0.019128590822219849
  endloop
 endfacet
 facet normal -0.31319724814312838 0.9468842817595533 -0.072922155153743839
  outer loop
   vertex -0.059550449252128601 0.064358189702033997 -0.011963379569351673
   vertex -0.056914471089839935 0.064988888800144196 -0.01509524043649435
   vertex -0.058710351586341858 0.064358189702033997 -0.015571559779345989
  endloop
 endfacet
 facet normal -0.43092695748746401 0.89679160369479405 -0.10033332872538867
  outer loop
   vertex -0.061275720596313477 0.063490383327007294 -0.012309979647397995
   vertex -0.059550449252128601 0.064358189702033997 -0.011963379569351673
   vertex -0.058710351586341858 0.064358189702033997 -0.015571559779345989
  endloop
 endfacet
 facet normal -0.43624191372827098 0.89679159950274556 -0.073877058468803103
  outer loop
   vertex -0.061912219971418381 0.063490383327007294 -0.0085514690726995468
   vertex -0.059550449252128601 0.064358189702033997 -0.011963379569351673
   vertex -0.061275720596313477 0.063490383327007294 -0.012309979647397995
  endloop
 endfacet
 facet normal -0.54794954899036374 0.83134857370549509 -0.092794616002740124
  outer loop
   vertex -0.063528291881084442 0.062400300055742264 -0.0087746856734156609
   vertex -0.061912219971418381 0.063490383327007294 -0.0085514690726995468
   vertex -0.061275720596313477 0.063490383327007294 -0.012309979647397995
  endloop
 endfacet
 facet normal -0.55258753515406722 0.83134859070611489 -0.059216017455662295
  outer loop
   vertex -0.063945069909095764 0.062400300055742264 -0.0048854281194508076
   vertex -0.061912219971418381 0.063490383327007294 -0.0085514690726995468
   vertex -0.063528291881084442 0.062400300055742264 -0.0087746856734156609
  endloop
 endfacet
 facet normal -0.65576526592410911 0.75168721310819808 -0.070272680730940409
  outer loop
   vertex -0.065415963530540466 0.061106599867343903 -0.0049978038296103477
   vertex -0.063945069909095764 0.062400300055742264 -0.0048854281194508076
   vertex -0.063528291881084442 0.062400300055742264 -0.0087746856734156609
  endloop
 endfacet
 facet normal -0.65882963654822113 0.75168723226532685 -0.030163137353916271
  outer loop
   vertex -0.065598972141742706 0.061106599867343903 -0.0010004909709095955
   vertex -0.063945069909095764 0.062400300055742264 -0.0048854281194508076
   vertex -0.065415963530540466 0.061106599867343903 -0.0049978038296103477
  endloop
 endfacet
 facet normal -0.75120533567777414 0.65917198729803006 -0.034392365589013756
  outer loop
   vertex -0.066892519593238831 0.059631418436765671 -0.001020219991914928
   vertex -0.065598972141742706 0.061106599867343903 -0.0010004909709095955
   vertex -0.065415963530540466 0.061106599867343903 -0.0049978038296103477
  endloop
 endfacet
 facet normal -0.75190477682918078 0.65917197284069251 0.011468077553344251
  outer loop
   vertex -0.066830292344093323 0.059631418436765671 0.0030597110744565725
   vertex -0.065598972141742706 0.061106599867343903 -0.0010004909709095955
   vertex -0.066892519593238831 0.059631418436765671 -0.001020219991914928
  endloop
 endfacet
 facet normal -0.83149046053133946 0.55539425899222472 0.012681921142264062
  outer loop
   vertex -0.067919239401817322 0.057999998331069946 0.0031095671001821756
   vertex -0.066830292344093323 0.059631418436765671 0.0030597110744565725
   vertex -0.066892519593238831 0.059631418436765671 -0.001020219991914928
  endloop
 endfacet
 facet normal -0.82917062858912005 0.55539423954294731 0.063350669827831788
  outer loop
   vertex -0.067603327333927155 0.057999998331069946 0.0072444090619683266
   vertex -0.066830292344093323 0.059631418436765671 0.0030597110744565725
   vertex -0.067919239401817322 0.057999998331069946 0.0031095671001821756
  endloop
 endfacet
 facet normal -0.89434738282808712 0.44212410511359052 0.068330333718324698
  outer loop
   vertex -0.068466201424598694 0.056240249425172806 0.007336874958127737
   vertex -0.067603327333927155 0.057999998331069946 0.0072444090619683266
   vertex -0.067919239401817322 0.057999998331069946 0.0031095671001821756
  endloop
 endfacet
 facet normal -0.88851846925683053 0.44212408128426123 0.12272418888730488
  outer loop
   vertex -0.067891567945480347 0.056240249425172806 0.011497199535369873
   vertex -0.067603327333927155 0.057999998331069946 0.0072444090619683266
   vertex -0.068466201424598694 0.056240249425172806 0.007336874958127737
  endloop
 endfacet
 facet normal -0.93806938849824062 0.32130652753197869 0.12956827438797963
  outer loop
   vertex -0.068513408303260803 0.054382290691137314 0.011602509766817093
   vertex -0.067891567945480347 0.056240249425172806 0.011497199535369873
   vertex -0.068466201424598694 0.056240249425172806 0.007336874958127737
  endloop
 endfacet
 facet normal -0.92842546734270037 0.32130663174578405 0.18651595102207061
  outer loop
   vertex -0.067678637802600861 0.054382290691137314 0.015757769346237183
   vertex -0.067891567945480347 0.056240249425172806 0.011497199535369873
   vertex -0.068513408303260803 0.054382290691137314 0.011602509766817093
  endloop
 endfacet
 facet normal -0.96159039177473093 0.19500241266109802 0.19317861554237936
  outer loop
   vertex -0.068051449954509735 0.052457891404628754 0.015844579786062241
   vertex -0.067678637802600861 0.054382290691137314 0.015757769346237183
   vertex -0.068513408303260803 0.054382290691137314 0.011602509766817093
  endloop
 endfacet
 facet normal -0.94802450353509493 0.19500262949609853 0.25144286664497817
  outer loop
   vertex -0.066958919167518616 0.052457891404628754 0.019963789731264114
   vertex -0.067678637802600861 0.054382290691137314 0.015757769346237183
   vertex -0.068051449954509735 0.052457891404628754 0.015844579786062241
  endloop
 endfacet
 facet normal -0.058916186833134501 0.99790867476836864 -0.026592475459823153
  outer loop
   vertex -0.051477711647748947 0.065371669828891754 -0.024377169087529182
   vertex -0.050881240516901016 0.06549999862909317 -0.020882999524474144
   vertex -0.049319259822368622 0.06549999862909317 -0.024343600496649742
  endloop
 endfacet
 facet normal -0.06033080087801776 0.99783063223055557 -0.026348127974991704
  outer loop
   vertex -0.052868090569972992 0.065371669828891754 -0.021193539723753929
   vertex -0.050881240516901016 0.06549999862909317 -0.020882999524474144
   vertex -0.051477711647748947 0.065371669828891754 -0.024377169087529182
  endloop
 endfacet
 facet normal -0.17886149484620326 0.98076847753888219 -0.07811375760674176
  outer loop
   vertex -0.054654311388731003 0.064988888800144196 -0.021909590810537338
   vertex -0.052868090569972992 0.065371669828891754 -0.021193539723753929
   vertex -0.051477711647748947 0.065371669828891754 -0.024377169087529182
  endloop
 endfacet
 facet normal -0.18328572141178176 0.98076856091309217 -0.067077375105358744
  outer loop
   vertex -0.054059218615293503 0.065371669828891754 -0.017938839271664619
   vertex -0.052868090569972992 0.065371669828891754 -0.021193539723753929
   vertex -0.054654311388731003 0.064988888800144196 -0.021909590810537338
  endloop
 endfacet
 facet normal -0.18328881192363131 0.98076801860708185 -0.067076859654895418
  outer loop
   vertex -0.055885918438434601 0.064988888800144196 -0.01854420080780983
   vertex -0.054059218615293503 0.065371669828891754 -0.017938839271664619
   vertex -0.054654311388731003 0.064988888800144196 -0.021909590810537338
  endloop
 endfacet
 facet normal -0.1870331603237945 0.98076875082501547 -0.055778619061720033
  outer loop
   vertex -0.05505438894033432 0.065371669828891754 -0.014601900242269039
   vertex -0.054059218615293503 0.065371669828891754 -0.017938839271664619
   vertex -0.055885918438434601 0.064988888800144196 -0.01854420080780983
  endloop
 endfacet
 facet normal -0.18703580072642348 0.98076828155992124 -0.055778016571268352
  outer loop
   vertex -0.056914471089839935 0.064988888800144196 -0.01509524043649435
   vertex -0.05505438894033432 0.065371669828891754 -0.014601900242269039
   vertex -0.055885918438434601 0.064988888800144196 -0.01854420080780983
  endloop
 endfacet
 facet normal -0.19009080329140818 0.98076836164060099 -0.044259544833160386
  outer loop
   vertex -0.057728879153728485 0.064988888800144196 -0.01159743033349514
   vertex -0.05505438894033432 0.065371669828891754 -0.014601900242269039
   vertex -0.056914471089839935 0.064988888800144196 -0.01509524043649435
  endloop
 endfacet
 facet normal -0.31319828993638199 0.94688386314832251 -0.072923116295416313
  outer loop
   vertex -0.059550449252128601 0.064358189702033997 -0.011963379569351673
   vertex -0.057728879153728485 0.064988888800144196 -0.01159743033349514
   vertex -0.056914471089839935 0.064988888800144196 -0.01509524043649435
  endloop
 endfacet
 facet normal -0.31706151842167718 0.94688385074830794 -0.053693265203342652
  outer loop
   vertex -0.060169018805027008 0.064358189702033997 -0.0083106942474842072
   vertex -0.057728879153728485 0.064988888800144196 -0.01159743033349514
   vertex -0.059550449252128601 0.064358189702033997 -0.011963379569351673
  endloop
 endfacet
 facet normal -0.43624039592364339 0.89679244203713249 -0.073875793528458564
  outer loop
   vertex -0.061912219971418381 0.063490383327007294 -0.0085514690726995468
   vertex -0.060169018805027008 0.064358189702033997 -0.0083106942474842072
   vertex -0.059550449252128601 0.064358189702033997 -0.011963379569351673
  endloop
 endfacet
 facet normal -0.43993279641561717 0.89679243887105553 -0.047142933952388361
  outer loop
   vertex -0.062318388372659683 0.063490383327007294 -0.004761149175465107
   vertex -0.060169018805027008 0.064358189702033997 -0.0083106942474842072
   vertex -0.061912219971418381 0.063490383327007294 -0.0085514690726995468
  endloop
 endfacet
 facet normal -0.55258591790057809 0.83134975419081403 -0.059214774717537021
  outer loop
   vertex -0.063945069909095764 0.062400300055742264 -0.0048854281194508076
   vertex -0.062318388372659683 0.063490383327007294 -0.004761149175465107
   vertex -0.061912219971418381 0.063490383327007294 -0.0085514690726995468
  endloop
 endfacet
 facet normal -0.5551681042116321 0.83134973331909767 -0.025416470571810353
  outer loop
   vertex -0.064123958349227905 0.062400300055742264 -0.00097799510695040226
   vertex -0.062318388372659683 0.063490383327007294 -0.004761149175465107
   vertex -0.063945069909095764 0.062400300055742264 -0.0048854281194508076
  endloop
 endfacet
 facet normal -0.65882834753496167 0.75168839966095047 -0.030162199845352622
  outer loop
   vertex -0.065598972141742706 0.061106599867343903 -0.0010004909709095955
   vertex -0.064123958349227905 0.062400300055742264 -0.00097799510695040226
   vertex -0.063945069909095764 0.062400300055742264 -0.0048854281194508076
  endloop
 endfacet
 facet normal -0.65944174108743236 0.75168839445697 0.010057223785842966
  outer loop
   vertex -0.0655379518866539 0.061106599867343903 0.0030005439184606075
   vertex -0.064123958349227905 0.062400300055742264 -0.00097799510695040226
   vertex -0.065598972141742706 0.061106599867343903 -0.0010004909709095955
  endloop
 endfacet
 facet normal -0.75190572281329682 0.65917090551072377 0.011467402878864342
  outer loop
   vertex -0.066830292344093323 0.059631418436765671 0.0030597110744565725
   vertex -0.0655379518866539 0.061106599867343903 0.0030005439184606075
   vertex -0.065598972141742706 0.061106599867343903 -0.0010004909709095955
  endloop
 endfacet
 facet normal -0.74980811907594236 0.65917092542665834 0.057284165700132263
  outer loop
   vertex -0.066519461572170258 0.059631418436765671 0.0071282600983977318
   vertex -0.0655379518866539 0.061106599867343903 0.0030005439184606075
   vertex -0.066830292344093323 0.059631418436765671 0.0030597110744565725
  endloop
 endfacet
 facet normal -0.82917474044494954 0.55538844504554652 0.063347651242493253
  outer loop
   vertex -0.067603327333927155 0.057999998331069946 0.0072444090619683266
   vertex -0.066519461572170258 0.059631418436765671 0.0071282600983977318
   vertex -0.066830292344093323 0.059631418436765671 0.0030597110744565725
  endloop
 endfacet
 facet normal -0.82377047252946578 0.55538851858991123 0.11377962035041407
  outer loop
   vertex -0.067035943269729614 0.057999998331069946 0.011352299712598324
   vertex -0.066519461572170258 0.059631418436765671 0.0071282600983977318
   vertex -0.067603327333927155 0.057999998331069946 0.0072444090619683266
  endloop
 endfacet
 facet normal -0.88852009966376455 0.44212116979125382 0.12272287364589786
  outer loop
   vertex -0.067891567945480347 0.056240249425172806 0.011497199535369873
   vertex -0.067035943269729614 0.057999998331069946 0.011352299712598324
   vertex -0.067603327333927155 0.057999998331069946 0.0072444090619683266
  endloop
 endfacet
 facet normal -0.87938512619644194 0.44212124370334405 0.17666523622568236
  outer loop
   vertex -0.067064367234706879 0.056240249425172806 0.015614749863743782
   vertex -0.067035943269729614 0.057999998331069946 0.011352299712598324
   vertex -0.067891567945480347 0.056240249425172806 0.011497199535369873
  endloop
 endfacet
 facet normal -0.9284243449650641 0.32130924572836311 0.18651703484041837
  outer loop
   vertex -0.067678637802600861 0.054382290691137314 0.015757769346237183
   vertex -0.067064367234706879 0.056240249425172806 0.015614749863743782
   vertex -0.067891567945480347 0.056240249425172806 0.011497199535369873
  endloop
 endfacet
 facet normal -0.91532706501372429 0.32130916622696853 0.24276899256678419
  outer loop
   vertex -0.066592097282409668 0.054382290691137314 0.01985442079603672
   vertex -0.067064367234706879 0.056240249425172806 0.015614749863743782
   vertex -0.067678637802600861 0.054382290691137314 0.015757769346237183
  endloop
 endfacet
 facet normal -0.94802556156785178 0.1949992475150279 0.25144150031872636
  outer loop
   vertex -0.066958919167518616 0.052457891404628754 0.019963789731264114
   vertex -0.066592097282409668 0.054382290691137314 0.01985442079603672
   vertex -0.067678637802600861 0.054382290691137314 0.015757769346237183
  endloop
 endfacet
 facet normal -0.93093372925620765 0.19499928834260841 0.30876798616275952
  outer loop
   vertex -0.065617308020591736 0.052457891404628754 0.024008739739656448
   vertex -0.066592097282409668 0.054382290691137314 0.01985442079603672
   vertex -0.066958919167518616 0.052457891404628754 0.019963789731264114
  endloop
 endfacet
 facet normal -0.060923349600796123 0.99788700604730951 -0.022580270931855946
  outer loop
   vertex -0.052868090569972992 0.065371669828891754 -0.021193539723753929
   vertex -0.052200738340616226 0.06549999862909317 -0.01732289046049118
   vertex -0.050881240516901016 0.06549999862909317 -0.020882999524474144
  endloop
 endfacet
 facet normal -0.061449093864211692 0.99785683872666886 -0.022488625340070657
  outer loop
   vertex -0.054059218615293503 0.065371669828891754 -0.017938839271664619
   vertex -0.052200738340616226 0.06549999862909317 -0.01732289046049118
   vertex -0.052868090569972992 0.065371669828891754 -0.021193539723753929
  endloop
 endfacet
 facet normal -0.062704644941610682 0.9978569165083796 -0.018700312273735063
  outer loop
   vertex -0.05505438894033432 0.065371669828891754 -0.014601900242269039
   vertex -0.052200738340616226 0.06549999862909317 -0.01732289046049118
   vertex -0.054059218615293503 0.065371669828891754 -0.017938839271664619
  endloop
 endfacet
 facet normal -0.062350795253450129 0.99788599982246251 -0.01832783919579296
  outer loop
   vertex -0.053271491080522537 0.06549999862909317 -0.013680219650268555
   vertex -0.052200738340616226 0.06549999862909317 -0.01732289046049118
   vertex -0.05505438894033432 0.065371669828891754 -0.014601900242269039
  endloop
 endfacet
 facet normal -0.064105511721519945 0.99783149880134592 -0.014925929343983733
  outer loop
   vertex -0.055842179805040359 0.065371669828891754 -0.011218409985303879
   vertex -0.053271491080522537 0.06549999862909317 -0.013680219650268555
   vertex -0.05505438894033432 0.065371669828891754 -0.014601900242269039
  endloop
 endfacet
 facet normal -0.063135932682255758 0.99790800194964158 -0.013909480551613913
  outer loop
   vertex -0.054088369011878967 0.06549999862909317 -0.0099723637104034424
   vertex -0.053271491080522537 0.06549999862909317 -0.013680219650268555
   vertex -0.055842179805040359 0.065371669828891754 -0.011218409985303879
  endloop
 endfacet
 facet normal -0.06517029392900997 0.9978131247304135 -0.011036344727069314
  outer loop
   vertex -0.05642222985625267 0.065371669828891754 -0.0077931787818670273
   vertex -0.054088369011878967 0.06549999862909317 -0.0099723637104034424
   vertex -0.055842179805040359 0.065371669828891754 -0.011218409985303879
  endloop
 endfacet
 facet normal -0.063731353590888315 0.99792197896807899 -0.0094888598844161051
  outer loop
   vertex -0.054647501558065414 0.06549999862909317 -0.0062169837765395641
   vertex -0.054088369011878967 0.06549999862909317 -0.0099723637104034424
   vertex -0.05642222985625267 0.065371669828891754 -0.0077931787818670273
  endloop
 endfacet
 facet normal -0.065880208850145311 0.99780256557646896 -0.0070596183237947975
  outer loop
   vertex -0.056792378425598145 0.065371669828891754 -0.004338960163295269
   vertex -0.054647501558065414 0.06549999862909317 -0.0062169837765395641
   vertex -0.05642222985625267 0.065371669828891754 -0.0077931787818670273
  endloop
 endfacet
 facet normal -0.064138405371782961 0.9979281756731222 -0.0050617342955730097
  outer loop
   vertex -0.054946210235357285 0.06549999862909317 -0.0024319770745933056
   vertex -0.054647501558065414 0.06549999862909317 -0.0062169837765395641
   vertex -0.056792378425598145 0.065371669828891754 -0.004338960163295269
  endloop
 endfacet
 facet normal -0.066225923622404773 0.99780004660742583 -0.0030321659878900001
  outer loop
   vertex -0.056951269507408142 0.065371669828891754 -0.00086859980365261436
   vertex -0.054946210235357285 0.06549999862909317 -0.0024319770745933056
   vertex -0.056792378425598145 0.065371669828891754 -0.004338960163295269
  endloop
 endfacet
 facet normal -0.06435696156157672 0.9979267463785334 -0.00062478869723643746
  outer loop
   vertex -0.054983068257570267 0.06549999862909317 0.001364619005471468
   vertex -0.054946210235357285 0.06549999862909317 -0.0024319770745933056
   vertex -0.056951269507408142 0.065371669828891754 -0.00086859980365261436
  endloop
 endfacet
 facet normal -0.066203720638964611 0.99780561620405306 0.0010097748302198152
  outer loop
   vertex -0.056898288428783417 0.065371669828891754 0.0026049909647554159
   vertex -0.054983068257570267 0.06549999862909317 0.001364619005471468
   vertex -0.056951269507408142 0.065371669828891754 -0.00086859980365261436
  endloop
 endfacet
 facet normal -0.064387930318088704 0.99791761347519403 0.0038250680158883965
  outer loop
   vertex -0.054757911711931229 0.06549999862909317 0.005154712125658989
   vertex -0.054983068257570267 0.06549999862909317 0.001364619005471468
   vertex -0.056898288428783417 0.065371669828891754 0.0026049909647554159
  endloop
 endfacet
 facet normal -0.065815248076880481 0.99781915716160707 0.0050281927050113973
  outer loop
   vertex -0.056633651256561279 0.065371669828891754 0.0060688918456435204
   vertex -0.054757911711931229 0.06549999862909317 0.005154712125658989
   vertex -0.056898288428783417 0.065371669828891754 0.0026049909647554159
  endloop
 endfacet
 facet normal -0.064230307777515636 0.99790065436056985 0.0082916578289255437
  outer loop
   vertex -0.054271809756755829 0.06549999862909317 0.0089202411472797394
   vertex -0.054757911711931229 0.06549999862909317 0.005154712125658989
   vertex -0.056633651256561279 0.065371669828891754 0.0060688918456435204
  endloop
 endfacet
 facet normal -0.065066918235176338 0.99784042994767363 0.0089873529595031268
  outer loop
   vertex -0.056158319115638733 0.065371669828891754 0.0095102163031697273
   vertex -0.054271809756755829 0.06549999862909317 0.0089202411472797394
   vertex -0.056633651256561279 0.065371669828891754 0.0060688918456435204
  endloop
 endfacet
 facet normal -0.06388356686770652 0.9978755383411454 0.012778883543897838
  outer loop
   vertex -0.053527079522609711 0.06549999862909317 0.012643259949982166
   vertex -0.054271809756755829 0.06549999862909317 0.0089202411472797394
   vertex -0.056158319115638733 0.065371669828891754 0.0095102163031697273
  endloop
 endfacet
 facet normal -0.063968974479490473 0.99786914239600266 0.012850873818871428
  outer loop
   vertex -0.055474091321229935 0.065371669828891754 0.012916159816086292
   vertex -0.053527079522609711 0.06549999862909317 0.012643259949982166
   vertex -0.056158319115638733 0.065371669828891754 0.0095102163031697273
  endloop
 endfacet
 facet normal -0.063411313104088401 0.99784575089910355 0.016818524995356417
  outer loop
   vertex -0.054583478718996048 0.065371669828891754 0.016274059191346169
   vertex -0.053527079522609711 0.06549999862909317 0.012643259949982166
   vertex -0.055474091321229935 0.065371669828891754 0.012916159816086292
  endloop
 endfacet
 facet normal -0.18865251387043391 0.98076837949100903 0.050036134952110754
  outer loop
   vertex -0.056427650153636932 0.064988888800144196 0.016823900863528252
   vertex -0.054583478718996048 0.065371669828891754 0.016274059191346169
   vertex -0.055474091321229935 0.065371669828891754 0.012916159816086292
  endloop
 endfacet
 facet normal -0.18525131008144147 0.98076837893161506 0.061443787325992053
  outer loop
   vertex -0.055297039449214935 0.064988888800144196 0.020232660695910454
   vertex -0.054583478718996048 0.065371669828891754 0.016274059191346169
   vertex -0.056427650153636932 0.064988888800144196 0.016823900863528252
  endloop
 endfacet
 facet normal -0.30522432727055604 0.94688401712161241 0.10123619985891714
  outer loop
   vertex -0.057041879743337631 0.064358189702033997 0.020871080458164215
   vertex -0.055297039449214935 0.064988888800144196 0.020232660695910454
   vertex -0.056427650153636932 0.064988888800144196 0.016823900863528252
  endloop
 endfacet
 facet normal -0.29848501427980179 0.94688401631880403 0.11965515404844618
  outer loop
   vertex -0.055663399398326874 0.064358189702033997 0.024309759959578514
   vertex -0.055297039449214935 0.064988888800144196 0.020232660695910454
   vertex -0.057041879743337631 0.064358189702033997 0.020871080458164215
  endloop
 endfacet
 facet normal -0.41068330998284736 0.89679167817841887 0.16463263604603903
  outer loop
   vertex -0.057276058942079544 0.063490383327007294 0.025014050304889679
   vertex -0.055663399398326874 0.064358189702033997 0.024309759959578514
   vertex -0.057041879743337631 0.064358189702033997 0.020871080458164215
  endloop
 endfacet
 facet normal -0.39988279336853982 0.89679167127698178 0.18936327494002514
  outer loop
   vertex -0.055644571781158447 0.063490383327007294 0.028459299355745316
   vertex -0.055663399398326874 0.064358189702033997 0.024309759959578514
   vertex -0.057276058942079544 0.063490383327007294 0.025014050304889679
  endloop
 endfacet
 facet normal -0.50227755698498611 0.83135051615643396 0.23785200237884244
  outer loop
   vertex -0.057097051292657852 0.062400300055742264 0.029202170670032501
   vertex -0.055644571781158447 0.063490383327007294 0.028459299355745316
   vertex -0.057276058942079544 0.063490383327007294 0.025014050304889679
  endloop
 endfacet
 facet normal -0.48684195410488501 0.83135053549474991 0.2680320854971085
  outer loop
   vertex -0.05521056056022644 0.062400300055742264 0.032628711313009262
   vertex -0.055644571781158447 0.063490383327007294 0.028459299355745316
   vertex -0.057097051292657852 0.062400300055742264 0.029202170670032501
  endloop
 endfacet
 facet normal -0.57774655072528325 0.75168752542570327 0.31807984413417428
  outer loop
   vertex -0.056480541825294495 0.061106599867343903 0.033379249274730682
   vertex -0.05521056056022644 0.062400300055742264 0.032628711313009262
   vertex -0.057097051292657852 0.062400300055742264 0.029202170670032501
  endloop
 endfacet
 facet normal -0.55728174382441475 0.75168746055268942 0.35270812245802929
  outer loop
   vertex -0.054340559989213943 0.061106599867343903 0.036760438233613968
   vertex -0.05521056056022644 0.062400300055742264 0.032628711313009262
   vertex -0.056480541825294495 0.061106599867343903 0.033379249274730682
  endloop
 endfacet
 facet normal -0.63541993989770562 0.65917136542383614 0.40216241866399155
  outer loop
   vertex -0.05541209876537323 0.059631418436765671 0.037485320121049881
   vertex -0.054340559989213943 0.061106599867343903 0.036760438233613968
   vertex -0.056480541825294495 0.061106599867343903 0.033379249274730682
  endloop
 endfacet
 facet normal -0.60972076400580133 0.65917145457111304 0.44015177316328652
  outer loop
   vertex -0.053023781627416611 0.059631418436765671 0.040793739259243011
   vertex -0.054340559989213943 0.061106599867343903 0.036760438233613968
   vertex -0.05541209876537323 0.059631418436765671 0.037485320121049881
  endloop
 endfacet
 facet normal -0.67425851760870592 0.55539055626160927 0.48674097983170739
  outer loop
   vertex -0.053887750953435898 0.057999998331069946 0.041458439081907272
   vertex -0.053023781627416611 0.059631418436765671 0.040793739259243011
   vertex -0.05541209876537323 0.059631418436765671 0.037485320121049881
  endloop
 endfacet
 facet normal -0.64333059127590531 0.55539069879969483 0.52694109918982446
  outer loop
   vertex -0.051260050386190414 0.057999998331069946 0.044666539877653122
   vertex -0.053023781627416611 0.059631418436765671 0.040793739259243011
   vertex -0.053887750953435898 0.057999998331069946 0.041458439081907272
  endloop
 endfacet
 facet normal -0.69389812097056802 0.44212237616163175 0.56836009906634666
  outer loop
   vertex -0.051914319396018982 0.056240249425172806 0.045236650854349136
   vertex -0.051260050386190414 0.057999998331069946 0.044666539877653122
   vertex -0.053887750953435898 0.057999998331069946 0.041458439081907272
  endloop
 endfacet
 facet normal -0.6579568634467674 0.44212237706860985 0.60960689754832487
  outer loop
   vertex -0.049059949815273285 0.056240249425172806 0.048317410051822662
   vertex -0.051260050386190414 0.057999998331069946 0.044666539877653122
   vertex -0.051914319396018982 0.056240249425172806 0.045236650854349136
  endloop
 endfacet
 facet normal -0.69464903780185316 0.32130704652142322 0.64360274714814547
  outer loop
   vertex -0.049509301781654358 0.054382290691137314 0.048759970813989639
   vertex -0.049059949815273285 0.056240249425172806 0.048317410051822662
   vertex -0.051914319396018982 0.056240249425172806 0.045236650854349136
  endloop
 endfacet
 facet normal -0.65411939897258098 0.32130722024710223 0.68475505263183689
  outer loop
   vertex -0.046444609761238098 0.054382290691137314 0.05168754979968071
   vertex -0.049059949815273285 0.056240249425172806 0.048317410051822662
   vertex -0.049509301781654358 0.054382290691137314 0.048759970813989639
  endloop
 endfacet
 facet normal -0.67748526173080792 0.19500626359051962 0.70921525455816536
  outer loop
   vertex -0.046700458973646164 0.052457891404628754 0.051972281187772751
   vertex -0.046444609761238098 0.054382290691137314 0.05168754979968071
   vertex -0.049509301781654358 0.054382290691137314 0.048759970813989639
  endloop
 endfacet
 facet normal -0.632989478397464 0.19500625656854848 0.74919749074408148
  outer loop
   vertex -0.043445158749818802 0.052457891404628754 0.054722651839256287
   vertex -0.046444609761238098 0.054382290691137314 0.05168754979968071
   vertex -0.046700458973646164 0.052457891404628754 0.051972281187772751
  endloop
 endfacet
 facet normal -0.062544240055429995 0.99789615935060505 0.01707258589671478
  outer loop
   vertex -0.054583478718996048 0.065371669828891754 0.016274059191346169
   vertex -0.052527260035276413 0.06549999862909317 0.016306029632687569
   vertex -0.053527079522609711 0.06549999862909317 0.012643259949982166
  endloop
 endfacet
 facet normal -0.062597032938934927 0.99782290405750296 0.020762071319917953
  outer loop
   vertex -0.053489819169044495 0.065371669828891754 0.019571410492062569
   vertex -0.052527260035276413 0.06549999862909317 0.016306029632687569
   vertex -0.054583478718996048 0.065371669828891754 0.016274059191346169
  endloop
 endfacet
 facet normal -0.18525124567121384 0.9807683903014176 0.061443800035721405
  outer loop
   vertex -0.055297039449214935 0.064988888800144196 0.020232660695910454
   vertex -0.053489819169044495 0.065371669828891754 0.019571410492062569
   vertex -0.054583478718996048 0.065371669828891754 0.016274059191346169
  endloop
 endfacet
 facet normal -0.18116093326396154 0.9807683972729514 0.072622773078262037
  outer loop
   vertex -0.053960729390382767 0.064988888800144196 0.023566149175167084
   vertex -0.053489819169044495 0.065371669828891754 0.019571410492062569
   vertex -0.055297039449214935 0.064988888800144196 0.020232660695910454
  endloop
 endfacet
 facet normal -0.2984853219064284 0.94688392463145965 0.11965511222233656
  outer loop
   vertex -0.055663399398326874 0.064358189702033997 0.024309759959578514
   vertex -0.053960729390382767 0.064988888800144196 0.023566149175167084
   vertex -0.055297039449214935 0.064988888800144196 0.020232660695910454
  endloop
 endfacet
 facet normal -0.29063506461479799 0.94688394672463905 0.13763012261682872
  outer loop
   vertex -0.054077841341495514 0.064358189702033997 0.027658000588417053
   vertex -0.053960729390382767 0.064988888800144196 0.023566149175167084
   vertex -0.055663399398326874 0.064358189702033997 0.024309759959578514
  endloop
 endfacet
 facet normal -0.39988088215001882 0.89679248920563703 0.18936343732431563
  outer loop
   vertex -0.055644571781158447 0.063490383327007294 0.028459299355745316
   vertex -0.054077841341495514 0.064358189702033997 0.027658000588417053
   vertex -0.055663399398326874 0.064358189702033997 0.024309759959578514
  endloop
 endfacet
 facet normal -0.38759318139928056 0.89679247401161899 0.2133888101304845
  outer loop
   vertex -0.053806081414222717 0.063490383327007294 0.031798679381608963
   vertex -0.054077841341495514 0.064358189702033997 0.027658000588417053
   vertex -0.055644571781158447 0.063490383327007294 0.028459299355745316
  endloop
 endfacet
 facet normal -0.48684534690702763 0.83134859809181239 0.26803193213823245
  outer loop
   vertex -0.05521056056022644 0.062400300055742264 0.032628711313009262
   vertex -0.053806081414222717 0.063490383327007294 0.031798679381608963
   vertex -0.055644571781158447 0.063490383327007294 0.028459299355745316
  endloop
 endfacet
 facet normal -0.4695993206034515 0.83134863301021078 0.29721360749607467
  outer loop
   vertex -0.053118690848350525 0.062400300055742264 0.035933878272771835
   vertex -0.053806081414222717 0.063490383327007294 0.031798679381608963
   vertex -0.05521056056022644 0.062400300055742264 0.032628711313009262
  endloop
 endfacet
 facet normal -0.55728101583861411 0.75168799383839724 0.35270813614813018
  outer loop
   vertex -0.054340559989213943 0.061106599867343903 0.036760438233613968
   vertex -0.053118690848350525 0.062400300055742264 0.035933878272771835
   vertex -0.05521056056022644 0.062400300055742264 0.032628711313009262
  endloop
 endfacet
 facet normal -0.53474200890314483 0.75168784620272555 0.38602637964954756
  outer loop
   vertex -0.051998421549797058 0.061106599867343903 0.040004879236221313
   vertex -0.053118690848350525 0.062400300055742264 0.035933878272771835
   vertex -0.054340559989213943 0.061106599867343903 0.036760438233613968
  endloop
 endfacet
 facet normal -0.60971908744856895 0.65917299470180568 0.44015178911000419
  outer loop
   vertex -0.053023781627416611 0.059631418436765671 0.040793739259243011
   vertex -0.051998421549797058 0.061106599867343903 0.040004879236221313
   vertex -0.054340559989213943 0.061106599867343903 0.036760438233613968
  endloop
 endfacet
 facet normal -0.58175086630014583 0.65917299316123801 0.4765048736853425
  outer loop
   vertex -0.050438199192285538 0.059631418436765671 0.043950401246547699
   vertex -0.051998421549797058 0.061106599867343903 0.040004879236221313
   vertex -0.053023781627416611 0.059631418436765671 0.040793739259243011
  endloop
 endfacet
 facet normal -0.64332707883268725 0.55539468991453389 0.52694118083078334
  outer loop
   vertex -0.051260050386190414 0.057999998331069946 0.044666539877653122
   vertex -0.050438199192285538 0.059631418436765671 0.043950401246547699
   vertex -0.053023781627416611 0.059631418436765671 0.040793739259243011
  endloop
 endfacet
 facet normal -0.61000582510943568 0.55539466563559459 0.56518108488880148
  outer loop
   vertex -0.048441648483276367 0.057999998331069946 0.047708470374345779
   vertex -0.050438199192285538 0.059631418436765671 0.043950401246547699
   vertex -0.051260050386190414 0.057999998331069946 0.044666539877653122
  endloop
 endfacet
 facet normal -0.65795519126937529 0.4421247067040503 0.60960701275783991
  outer loop
   vertex -0.049059949815273285 0.056240249425172806 0.048317410051822662
   vertex -0.048441648483276367 0.057999998331069946 0.047708470374345779
   vertex -0.051260050386190414 0.057999998331069946 0.044666539877653122
  endloop
 endfacet
 facet normal -0.61956855868590732 0.44212462303772493 0.64858354804266882
  outer loop
   vertex -0.046023070812225342 0.056240249425172806 0.051218431442975998
   vertex -0.048441648483276367 0.057999998331069946 0.047708470374345779
   vertex -0.049059949815273285 0.056240249425172806 0.048317410051822662
  endloop
 endfacet
 facet normal -0.65412156746664563 0.32130354145812079 0.68475470733792576
  outer loop
   vertex -0.046444609761238098 0.054382290691137314 0.05168754979968071
   vertex -0.046023070812225342 0.056240249425172806 0.051218431442975998
   vertex -0.049059949815273285 0.056240249425172806 0.048317410051822662
  endloop
 endfacet
 facet normal -0.61116060723245735 0.32130343453397614 0.72335801310549186
  outer loop
   vertex -0.04320714995265007 0.054382290691137314 0.054422859102487564
   vertex -0.046023070812225342 0.056240249425172806 0.051218431442975998
   vertex -0.046444609761238098 0.054382290691137314 0.05168754979968071
  endloop
 endfacet
 facet normal -0.63299164766195992 0.19500181014454998 0.74919681528323789
  outer loop
   vertex -0.043445158749818802 0.052457891404628754 0.054722651839256287
   vertex -0.04320714995265007 0.054382290691137314 0.054422859102487564
   vertex -0.046444609761238098 0.054382290691137314 0.05168754979968071
  endloop
 endfacet
 facet normal -0.58614022094738094 0.19500185588961802 0.78639297910609551
  outer loop
   vertex -0.040028240531682968 0.052457891404628754 0.057269461452960968
   vertex -0.04320714995265007 0.054382290691137314 0.054422859102487564
   vertex -0.043445158749818802 0.052457891404628754 0.054722651839256287
  endloop
 endfacet
 facet normal -0.060946287747191352 0.99791477114094262 0.021252283372774388
  outer loop
   vertex -0.053489819169044495 0.065371669828891754 0.019571410492062569
   vertex -0.051277130842208862 0.06549999862909317 0.01989109069108963
   vertex -0.052527260035276413 0.06549999862909317 0.016306029632687569
  endloop
 endfacet
 facet normal -0.061427301698562586 0.99780775453002679 0.024624613819907878
  outer loop
   vertex -0.052197180688381195 0.065371669828891754 0.022795960307121277
   vertex -0.051277130842208862 0.06549999862909317 0.01989109069108963
   vertex -0.053489819169044495 0.065371669828891754 0.019571410492062569
  endloop
 endfacet
 facet normal -0.18116102358898337 0.98076838148913936 0.072622760918087448
  outer loop
   vertex -0.053960729390382767 0.064988888800144196 0.023566149175167084
   vertex -0.052197180688381195 0.065371669828891754 0.022795960307121277
   vertex -0.053489819169044495 0.065371669828891754 0.019571410492062569
  endloop
 endfacet
 facet normal -0.1763965242717164 0.9807683807021701 0.083532326914199609
  outer loop
   vertex -0.052423670887947083 0.064988888800144196 0.026811979711055756
   vertex -0.052197180688381195 0.065371669828891754 0.022795960307121277
   vertex -0.053960729390382767 0.064988888800144196 0.023566149175167084
  endloop
 endfacet
 facet normal -0.29063560309220543 0.94688378725779832 0.13763008262570589
  outer loop
   vertex -0.054077841341495514 0.064358189702033997 0.027658000588417053
   vertex -0.052423670887947083 0.064988888800144196 0.026811979711055756
   vertex -0.053960729390382767 0.064988888800144196 0.023566149175167084
  endloop
 endfacet
 facet normal -0.28170496907093928 0.94688378998180922 0.15509158155885258
  outer loop
   vertex -0.052291121333837509 0.064358189702033997 0.03090335987508297
   vertex -0.052423670887947083 0.064988888800144196 0.026811979711055756
   vertex -0.054077841341495514 0.064358189702033997 0.027658000588417053
  endloop
 endfacet
 facet normal -0.38759471832585496 0.89679181844196609 0.21338877360689076
  outer loop
   vertex -0.053806081414222717 0.063490383327007294 0.031798679381608963
   vertex -0.052291121333837509 0.064358189702033997 0.03090335987508297
   vertex -0.054077841341495514 0.064358189702033997 0.027658000588417053
  endloop
 endfacet
 facet normal -0.3738636498858785 0.89679180971191175 0.23662295181922569
  outer loop
   vertex -0.051767420023679733 0.063490383327007294 0.035019759088754654
   vertex -0.052291121333837509 0.064358189702033997 0.03090335987508297
   vertex -0.053806081414222717 0.063490383327007294 0.031798679381608963
  endloop
 endfacet
 facet normal -0.46959666212964274 0.83135014973023358 0.29721356540409882
  outer loop
   vertex -0.053118690848350525 0.062400300055742264 0.035933878272771835
   vertex -0.051767420023679733 0.063490383327007294 0.035019759088754654
   vertex -0.053806081414222717 0.063490383327007294 0.031798679381608963
  endloop
 endfacet
 facet normal -0.45060449022121135 0.83135019270718324 0.32528825751663965
  outer loop
   vertex -0.050829220563173294 0.062400300055742264 0.039105359464883804
   vertex -0.051767420023679733 0.063490383327007294 0.035019759088754654
   vertex -0.053118690848350525 0.062400300055742264 0.035933878272771835
  endloop
 endfacet
 facet normal -0.53474175982510164 0.75168802879488761 0.38602636913248534
  outer loop
   vertex -0.051998421549797058 0.061106599867343903 0.040004879236221313
   vertex -0.050829220563173294 0.062400300055742264 0.039105359464883804
   vertex -0.053118690848350525 0.062400300055742264 0.035933878272771835
  endloop
 endfacet
 facet normal -0.5102130439396485 0.75168798399088732 0.4179088710682673
  outer loop
   vertex -0.049462839961051941 0.061106599867343903 0.043100498616695404
   vertex -0.050829220563173294 0.062400300055742264 0.039105359464883804
   vertex -0.051998421549797058 0.061106599867343903 0.040004879236221313
  endloop
 endfacet
 facet normal -0.58175126025147128 0.65917263080350841 0.4765048939889352
  outer loop
   vertex -0.050438199192285538 0.059631418436765671 0.043950401246547699
   vertex -0.049462839961051941 0.061106599867343903 0.043100498616695404
   vertex -0.051998421549797058 0.061106599867343903 0.040004879236221313
  endloop
 endfacet
 facet normal -0.55162047492279287 0.65917265701183825 0.51108341774499566
  outer loop
   vertex -0.047664988785982132 0.059631418436765671 0.046943571418523788
   vertex -0.049462839961051941 0.061106599867343903 0.043100498616695404
   vertex -0.050438199192285538 0.059631418436765671 0.043950401246547699
  endloop
 endfacet
 facet normal -0.61000908170457291 0.55539096359799911 0.56518120792505999
  outer loop
   vertex -0.048441648483276367 0.057999998331069946 0.047708470374345779
   vertex -0.047664988785982132 0.059631418436765671 0.046943571418523788
   vertex -0.050438199192285538 0.059631418436765671 0.043950401246547699
  endloop
 endfacet
 facet normal -0.57441927681429483 0.55539089926658769 0.60131808839913792
  outer loop
   vertex -0.045443050563335419 0.057999998331069946 0.05057293176651001
   vertex -0.047664988785982132 0.059631418436765671 0.046943571418523788
   vertex -0.048441648483276367 0.057999998331069946 0.047708470374345779
  endloop
 endfacet
 facet normal -0.61957039310879547 0.44212207333000253 0.64858353375443678
  outer loop
   vertex -0.046023070812225342 0.056240249425172806 0.051218431442975998
   vertex -0.045443050563335419 0.057999998331069946 0.05057293176651001
   vertex -0.048441648483276367 0.057999998331069946 0.047708470374345779
  endloop
 endfacet
 facet normal -0.57887670764861709 0.44212214417049162 0.68514944864312965
  outer loop
   vertex -0.042814988642930984 0.056240249425172806 0.053928911685943604
   vertex -0.045443050563335419 0.057999998331069946 0.05057293176651001
   vertex -0.046023070812225342 0.056240249425172806 0.051218431442975998
  endloop
 endfacet
 facet normal -0.61115892398407812 0.32130626788214312 0.72335817673837921
  outer loop
   vertex -0.04320714995265007 0.054382290691137314 0.054422859102487564
   vertex -0.042814988642930984 0.056240249425172806 0.053928911685943604
   vertex -0.046023070812225342 0.056240249425172806 0.051218431442975998
  endloop
 endfacet
 facet normal -0.56592363626154352 0.32130607629586166 0.75927125802039286
  outer loop
   vertex -0.039808951318264008 0.054382290691137314 0.056955710053443909
   vertex -0.042814988642930984 0.056240249425172806 0.053928911685943604
   vertex -0.04320714995265007 0.054382290691137314 0.054422859102487564
  endloop
 endfacet
 facet normal -0.58613905352797413 0.19500420851718706 0.78639326585997416
  outer loop
   vertex -0.040028240531682968 0.052457891404628754 0.057269461452960968
   vertex -0.039808951318264008 0.054382290691137314 0.056955710053443909
   vertex -0.04320714995265007 0.054382290691137314 0.054422859102487564
  endloop
 endfacet
 facet normal -0.53710722365479757 0.19500435803560398 0.82066383534609166
  outer loop
   vertex -0.036462411284446716 0.052457891404628754 0.059603221714496613
   vertex -0.039808951318264008 0.054382290691137314 0.056955710053443909
   vertex -0.040028240531682968 0.052457891404628754 0.057269461452960968
  endloop
 endfacet
 facet normal -0.05918205149764301 0.99792550884581321 0.025340946615209217
  outer loop
   vertex -0.052197180688381195 0.065371669828891754 0.022795960307121277
   vertex -0.049782641232013702 0.06549999862909317 0.023381369188427925
   vertex -0.051277130842208862 0.06549999862909317 0.01989109069108963
  endloop
 endfacet
 facet normal -0.059909841642246282 0.99780055440146631 0.02837013412952365
  outer loop
   vertex -0.050710361450910568 0.065371669828891754 0.025935709476470947
   vertex -0.049782641232013702 0.06549999862909317 0.023381369188427925
   vertex -0.052197180688381195 0.065371669828891754 0.022795960307121277
  endloop
 endfacet
 facet normal -0.17639699536775821 0.9807682988997577 0.083532292549064829
  outer loop
   vertex -0.052423670887947083 0.064988888800144196 0.026811979711055756
   vertex -0.050710361450910568 0.065371669828891754 0.025935709476470947
   vertex -0.052197180688381195 0.065371669828891754 0.022795960307121277
  endloop
 endfacet
 facet normal -0.17097639609535234 0.98076830221682854 0.094130809754112227
  outer loop
   vertex -0.050691600888967514 0.064988888800144196 0.029958060011267662
   vertex -0.050710361450910568 0.065371669828891754 0.025935709476470947
   vertex -0.052423670887947083 0.064988888800144196 0.026811979711055756
  endloop
 endfacet
 facet normal -0.28170375330661052 0.94688414906474172 0.15509159752516696
  outer loop
   vertex -0.052291121333837509 0.064358189702033997 0.03090335987508297
   vertex -0.050691600888967514 0.064988888800144196 0.029958060011267662
   vertex -0.052423670887947083 0.064988888800144196 0.026811979711055756
  endloop
 endfacet
 facet normal -0.27172427501467045 0.94688415651041213 0.1719776512146772
  outer loop
   vertex -0.050309859216213226 0.064358189702033997 0.034033749252557755
   vertex -0.050691600888967514 0.064988888800144196 0.029958060011267662
   vertex -0.052291121333837509 0.064358189702033997 0.03090335987508297
  endloop
 endfacet
 facet normal -0.37386369716963941 0.89679178953488292 0.23662295358115715
  outer loop
   vertex -0.051767420023679733 0.063490383327007294 0.035019759088754654
   vertex -0.050309859216213226 0.064358189702033997 0.034033749252557755
   vertex -0.052291121333837509 0.064358189702033997 0.03090335987508297
  endloop
 endfacet
 facet normal -0.35874367880079139 0.8967917581148952 0.25897396683386886
  outer loop
   vertex -0.049536190927028656 0.063490383327007294 0.03811056911945343
   vertex -0.050309859216213226 0.064358189702033997 0.034033749252557755
   vertex -0.051767420023679733 0.063490383327007294 0.035019759088754654
  endloop
 endfacet
 facet normal -0.45060567396187251 0.831349515444325 0.32528834864447975
  outer loop
   vertex -0.050829220563173294 0.062400300055742264 0.039105359464883804
   vertex -0.049536190927028656 0.063490383327007294 0.03811056911945343
   vertex -0.051767420023679733 0.063490383327007294 0.035019759088754654
  endloop
 endfacet
 facet normal -0.42993667612442138 0.83134953317928739 0.35215395526057258
  outer loop
   vertex -0.048350658267736435 0.062400300055742264 0.042131379246711731
   vertex -0.049536190927028656 0.063490383327007294 0.03811056911945343
   vertex -0.050829220563173294 0.062400300055742264 0.039105359464883804
  endloop
 endfacet
 facet normal -0.51021567539105583 0.75168604634775937 0.41790914360818077
  outer loop
   vertex -0.049462839961051941 0.061106599867343903 0.043100498616695404
   vertex -0.048350658267736435 0.062400300055742264 0.042131379246711731
   vertex -0.050829220563173294 0.062400300055742264 0.039105359464883804
  endloop
 endfacet
 facet normal -0.48378934156546649 0.75168602738932722 0.44823653266473501
  outer loop
   vertex -0.046743258833885193 0.061106599867343903 0.046035788953304291
   vertex -0.048350658267736435 0.062400300055742264 0.042131379246711731
   vertex -0.049462839961051941 0.061106599867343903 0.043100498616695404
  endloop
 endfacet
 facet normal -0.55162113839060001 0.6591720436831886 0.51108349269682629
  outer loop
   vertex -0.047664988785982132 0.059631418436765671 0.046943571418523788
   vertex -0.046743258833885193 0.061106599867343903 0.046035788953304291
   vertex -0.049462839961051941 0.061106599867343903 0.043100498616695404
  endloop
 endfacet
 facet normal -0.51943707391313598 0.65917210271845184 0.54376214031715553
  outer loop
   vertex -0.044714469462633133 0.059631418436765671 0.049762099981307983
   vertex -0.046743258833885193 0.061106599867343903 0.046035788953304291
   vertex -0.047664988785982132 0.059631418436765671 0.046943571418523788
  endloop
 endfacet
 facet normal -0.57441816554595893 0.5553921678202095 0.60131797829000877
  outer loop
   vertex -0.045443050563335419 0.057999998331069946 0.05057293176651001
   vertex -0.044714469462633133 0.059631418436765671 0.049762099981307983
   vertex -0.047664988785982132 0.059631418436765671 0.046943571418523788
  endloop
 endfacet
 facet normal -0.53669041298335007 0.55539223060219312 0.6352187582230876
  outer loop
   vertex -0.042275398969650269 0.057999998331069946 0.05324925109744072
   vertex -0.044714469462633133 0.059631418436765671 0.049762099981307983
   vertex -0.045443050563335419 0.057999998331069946 0.05057293176651001
  endloop
 endfacet
 facet normal -0.57887637326324048 0.44212260958595406 0.68514943083279534
  outer loop
   vertex -0.042814988642930984 0.056240249425172806 0.053928911685943604
   vertex -0.042275398969650269 0.057999998331069946 0.05324925109744072
   vertex -0.045443050563335419 0.057999998331069946 0.05057293176651001
  endloop
 endfacet
 facet normal -0.53602998365155241 0.44212266439088532 0.71916577105589574
  outer loop
   vertex -0.039447631686925888 0.056240249425172806 0.056438770145177841
   vertex -0.042275398969650269 0.057999998331069946 0.05324925109744072
   vertex -0.042814988642930984 0.056240249425172806 0.053928911685943604
  endloop
 endfacet
 facet normal -0.56592262300617502 0.32130777495668983 0.75927129441471164
  outer loop
   vertex -0.039808951318264008 0.054382290691137314 0.056955710053443909
   vertex -0.039447631686925888 0.056240249425172806 0.056438770145177841
   vertex -0.042814988642930984 0.056240249425172806 0.053928911685943604
  endloop
 endfacet
 facet normal -0.51858130822992388 0.32130760423485943 0.79236030328089724
  outer loop
   vertex -0.036262650042772293 0.054382290691137314 0.059276681393384933
   vertex -0.039447631686925888 0.056240249425172806 0.056438770145177841
   vertex -0.039808951318264008 0.054382290691137314 0.056955710053443909
  endloop
 endfacet
 facet normal -0.53710551240158999 0.19500776196277994 0.82066414648264818
  outer loop
   vertex -0.036462411284446716 0.052457891404628754 0.059603221714496613
   vertex -0.036262650042772293 0.054382290691137314 0.059276681393384933
   vertex -0.039808951318264008 0.054382290691137314 0.056955710053443909
  endloop
 endfacet
 facet normal -0.48607487754697093 0.19500775783398916 0.85188214431472697
  outer loop
   vertex -0.032760940492153168 0.052457891404628754 0.061715241521596909
   vertex -0.036262650042772293 0.054382290691137314 0.059276681393384933
   vertex -0.036462411284446716 0.052457891404628754 0.059603221714496613
  endloop
 endfacet
 facet normal -0.057251124414598169 0.99792852674086985 0.029342192659397713
  outer loop
   vertex -0.050710361450910568 0.065371669828891754 0.025935709476470947
   vertex -0.048050921410322189 0.06549999862909317 0.026760220527648926
   vertex -0.049782641232013702 0.06549999862909317 0.023381369188427925
  endloop
 endfacet
 facet normal -0.058057769098998874 0.99780138873916868 0.031963793226610394
  outer loop
   vertex -0.049034889787435532 0.065371669828891754 0.028978969901800156
   vertex -0.048050921410322189 0.06549999862909317 0.026760220527648926
   vertex -0.050710361450910568 0.065371669828891754 0.025935709476470947
  endloop
 endfacet
 facet normal -0.17097549705387377 0.98076845792572787 0.094130820378718144
  outer loop
   vertex -0.050691600888967514 0.064988888800144196 0.029958060011267662
   vertex -0.049034889787435532 0.065371669828891754 0.028978969901800156
   vertex -0.050710361450910568 0.065371669828891754 0.025935709476470947
  endloop
 endfacet
 facet normal -0.16491906660698463 0.98076845142137392 0.1043788588077155
  outer loop
   vertex -0.048770949244499207 0.064988888800144196 0.03299269825220108
   vertex -0.049034889787435532 0.065371669828891754 0.028978969901800156
   vertex -0.050691600888967514 0.064988888800144196 0.029958060011267662
  endloop
 endfacet
 facet normal -0.27172556007020621 0.946883776559306 0.17197771278081114
  outer loop
   vertex -0.050309859216213226 0.064358189702033997 0.034033749252557755
   vertex -0.048770949244499207 0.064988888800144196 0.03299269825220108
   vertex -0.050691600888967514 0.064988888800144196 0.029958060011267662
  endloop
 endfacet
 facet normal -0.2607356032656814 0.94688378747460189 0.18822337316984342
  outer loop
   vertex -0.048141449689865112 0.064358189702033997 0.037037529051303864
   vertex -0.048770949244499207 0.064988888800144196 0.03299269825220108
   vertex -0.050309859216213226 0.064358189702033997 0.034033749252557755
  endloop
 endfacet
 facet normal -0.35874237527762776 0.89679231666392678 0.25897383835575533
  outer loop
   vertex -0.049536190927028656 0.063490383327007294 0.03811056911945343
   vertex -0.048141449689865112 0.064358189702033997 0.037037529051303864
   vertex -0.050309859216213226 0.064358189702033997 0.034033749252557755
  endloop
 endfacet
 facet normal -0.34228737087822769 0.89679230927840792 0.28036210470812739
  outer loop
   vertex -0.047120679169893265 0.063490383327007294 0.04105960950255394
   vertex -0.048141449689865112 0.064358189702033997 0.037037529051303864
   vertex -0.049536190927028656 0.063490383327007294 0.03811056911945343
  endloop
 endfacet
 facet normal -0.42993624707099365 0.83134978027663808 0.3521538957451627
  outer loop
   vertex -0.048350658267736435 0.062400300055742264 0.042131379246711731
   vertex -0.047120679169893265 0.063490383327007294 0.04105960950255394
   vertex -0.049536190927028656 0.063490383327007294 0.03811056911945343
  endloop
 endfacet
 facet normal -0.40766781707562405 0.83134979733105008 0.3777094986870434
  outer loop
   vertex -0.045692231506109238 0.062400300055742264 0.045000661164522171
   vertex -0.047120679169893265 0.063490383327007294 0.04105960950255394
   vertex -0.048350658267736435 0.062400300055742264 0.042131379246711731
  endloop
 endfacet
 facet normal -0.48378862945790191 0.75168655606539958 0.44823641467174852
  outer loop
   vertex -0.046743258833885193 0.061106599867343903 0.046035788953304291
   vertex -0.045692231506109238 0.062400300055742264 0.045000661164522171
   vertex -0.048350658267736435 0.062400300055742264 0.042131379246711731
  endloop
 endfacet
 facet normal -0.4555614665112519 0.75168662418659138 0.47689723132880901
  outer loop
   vertex -0.04384978860616684 0.061106599867343903 0.048799809068441391
   vertex -0.045692231506109238 0.062400300055742264 0.045000661164522171
   vertex -0.046743258833885193 0.061106599867343903 0.046035788953304291
  endloop
 endfacet
 facet normal -0.5194344941265101 0.65917450858294702 0.54376168819250825
  outer loop
   vertex -0.044714469462633133 0.059631418436765671 0.049762099981307983
   vertex -0.04384978860616684 0.061106599867343903 0.048799809068441391
   vertex -0.046743258833885193 0.061106599867343903 0.046035788953304291
  endloop
 endfacet
 facet normal -0.48531897448372585 0.65917448197117245 0.57441665655175878
  outer loop
   vertex -0.041597601026296616 0.059631418436765671 0.052395511418581009
   vertex -0.04384978860616684 0.061106599867343903 0.048799809068441391
   vertex -0.044714469462633133 0.059631418436765671 0.049762099981307983
  endloop
 endfacet
 facet normal -0.53669001735542921 0.55539268582184165 0.63521869447193569
  outer loop
   vertex -0.042275398969650269 0.057999998331069946 0.05324925109744072
   vertex -0.041597601026296616 0.059631418436765671 0.052395511418581009
   vertex -0.044714469462633133 0.059631418436765671 0.049762099981307983
  endloop
 endfacet
 facet normal -0.49696681276526217 0.55539266486660277 0.66675555852374446
  outer loop
   vertex -0.03895048052072525 0.057999998331069946 0.055727481842041016
   vertex -0.041597601026296616 0.059631418436765671 0.052395511418581009
   vertex -0.042275398969650269 0.057999998331069946 0.05324925109744072
  endloop
 endfacet
 facet normal -0.53603088559380219 0.44212140257452415 0.71916587452065606
  outer loop
   vertex -0.039447631686925888 0.056240249425172806 0.056438770145177841
   vertex -0.03895048052072525 0.057999998331069946 0.055727481842041016
   vertex -0.042275398969650269 0.057999998331069946 0.05324925109744072
  endloop
 endfacet
 facet normal -0.49119142681356132 0.44212143057393627 0.75050624437916169
  outer loop
   vertex -0.035933531820774078 0.056240249425172806 0.058738678693771362
   vertex -0.03895048052072525 0.057999998331069946 0.055727481842041016
   vertex -0.039447631686925888 0.056240249425172806 0.056438770145177841
  endloop
 endfacet
 facet normal -0.51858412310689506 0.32130288680040392 0.79236037394305603
  outer loop
   vertex -0.036262650042772293 0.054382290691137314 0.059276681393384933
   vertex -0.035933531820774078 0.056240249425172806 0.058738678693771362
   vertex -0.039447631686925888 0.056240249425172806 0.056438770145177841
  endloop
 endfacet
 facet normal -0.46931349671734102 0.32130304910822172 0.82250178871094382
  outer loop
   vertex -0.032581459730863571 0.054382290691137314 0.061377141624689102
   vertex -0.035933531820774078 0.056240249425172806 0.058738678693771362
   vertex -0.036262650042772293 0.054382290691137314 0.059276681393384933
  endloop
 endfacet
 facet normal -0.48607753160332828 0.19500252679491456 0.85188182737631746
  outer loop
   vertex -0.032760940492153168 0.052457891404628754 0.061715241521596909
   vertex -0.032581459730863571 0.054382290691137314 0.061377141624689102
   vertex -0.036262650042772293 0.054382290691137314 0.059276681393384933
  endloop
 endfacet
 facet normal -0.43323925587771644 0.19500243383356985 0.87993056428647076
  outer loop
   vertex -0.028937600553035736 0.052457891404628754 0.063597686588764191
   vertex -0.032581459730863571 0.054382290691137314 0.061377141624689102
   vertex -0.032760940492153168 0.052457891404628754 0.061715241521596909
  endloop
 endfacet
 facet normal -0.055152084682149334 0.99792387188668374 0.033259486975939889
  outer loop
   vertex -0.049034889787435532 0.065371669828891754 0.028978969901800156
   vertex -0.046090211719274521 0.06549999862909317 0.030011540278792381
   vertex -0.048050921410322189 0.06549999862909317 0.026760220527648926
  endloop
 endfacet
 facet normal -0.055887884177274708 0.99781028728588783 0.035371952004962827
  outer loop
   vertex -0.047177009284496307 0.065371669828891754 0.031914431601762772
   vertex -0.046090211719274521 0.06549999862909317 0.030011540278792381
   vertex -0.049034889787435532 0.065371669828891754 0.028978969901800156
  endloop
 endfacet
 facet normal -0.16491919728604643 0.98076842876272097 0.10437886524018869
  outer loop
   vertex -0.048770949244499207 0.064988888800144196 0.03299269825220108
   vertex -0.047177009284496307 0.065371669828891754 0.031914431601762772
   vertex -0.049034889787435532 0.065371669828891754 0.028978969901800156
  endloop
 endfacet
 facet normal -0.15824912638165825 0.98076842305083234 0.11423884779629639
  outer loop
   vertex -0.046668868511915207 0.064988888800144196 0.035904601216316223
   vertex -0.047177009284496307 0.065371669828891754 0.031914431601762772
   vertex -0.048770949244499207 0.064988888800144196 0.03299269825220108
  endloop
 endfacet
 facet normal -0.26073611359744225 0.94688363586005286 0.18822342895226499
  outer loop
   vertex -0.048141449689865112 0.064358189702033997 0.037037529051303864
   vertex -0.046668868511915207 0.064988888800144196 0.035904601216316223
   vertex -0.048770949244499207 0.064988888800144196 0.03299269825220108
  endloop
 endfacet
 facet normal -0.24877655337608667 0.94688364169780903 0.2037684852360894
  outer loop
   vertex -0.04579395055770874 0.064358189702033997 0.039903540164232254
   vertex -0.046668868511915207 0.064988888800144196 0.035904601216316223
   vertex -0.048141449689865112 0.064358189702033997 0.037037529051303864
  endloop
 endfacet
 facet normal -0.34228821957161082 0.89679194273593354 0.28036224101402596
  outer loop
   vertex -0.047120679169893265 0.063490383327007294 0.04105960950255394
   vertex -0.04579395055770874 0.064358189702033997 0.039903540164232254
   vertex -0.048141449689865112 0.064358189702033997 0.037037529051303864
  endloop
 endfacet
 facet normal -0.32455943568503448 0.89679193870803398 0.30070814983318606
  outer loop
   vertex -0.044529881328344345 0.063490383327007294 0.043855901807546616
   vertex -0.04579395055770874 0.064358189702033997 0.039903540164232254
   vertex -0.047120679169893265 0.063490383327007294 0.04105960950255394
  endloop
 endfacet
 facet normal -0.40766844062410479 0.83134943447828269 0.37770962433031874
  outer loop
   vertex -0.045692231506109238 0.062400300055742264 0.045000661164522171
   vertex -0.044529881328344345 0.063490383327007294 0.043855901807546616
   vertex -0.047120679169893265 0.063490383327007294 0.04105960950255394
  endloop
 endfacet
 facet normal -0.38388287162220613 0.83134945224182744 0.40186070861966894
  outer loop
   vertex -0.042863819748163223 0.062400300055742264 0.047702539712190628
   vertex -0.044529881328344345 0.063490383327007294 0.043855901807546616
   vertex -0.045692231506109238 0.062400300055742264 0.045000661164522171
  endloop
 endfacet
 facet normal -0.45556281999240106 0.75168560718256405 0.47689754140187313
  outer loop
   vertex -0.04384978860616684 0.061106599867343903 0.048799809068441391
   vertex -0.042863819748163223 0.062400300055742264 0.047702539712190628
   vertex -0.045692231506109238 0.062400300055742264 0.045000661164522171
  endloop
 endfacet
 facet normal -0.42564252893335242 0.75168559963920945 0.50378288662702941
  outer loop
   vertex -0.040793199092149734 0.061106599867343903 0.051382299512624741
   vertex -0.042863819748163223 0.062400300055742264 0.047702539712190628
   vertex -0.04384978860616684 0.061106599867343903 0.048799809068441391
  endloop
 endfacet
 facet normal -0.48532087563964343 0.65917268646289584 0.57441711072151969
  outer loop
   vertex -0.041597601026296616 0.059631418436765671 0.052395511418581009
   vertex -0.040793199092149734 0.061106599867343903 0.051382299512624741
   vertex -0.04384978860616684 0.061106599867343903 0.048799809068441391
  endloop
 endfacet
 facet normal -0.4493989019350787 0.65917273336316862 0.602936094897357
  outer loop
   vertex -0.038325991481542587 0.059631418436765671 0.05483400821685791
   vertex -0.040793199092149734 0.061106599867343903 0.051382299512624741
   vertex -0.041597601026296616 0.059631418436765671 0.052395511418581009
  endloop
 endfacet
 facet normal -0.49696678583211057 0.5553926962229111 0.6667555524792772
  outer loop
   vertex -0.03895048052072525 0.057999998331069946 0.055727481842041016
   vertex -0.038325991481542587 0.059631418436765671 0.05483400821685791
   vertex -0.041597601026296616 0.059631418436765671 0.052395511418581009
  endloop
 endfacet
 facet normal -0.45539360458999267 0.55539269381675616 0.69581292065719813
  outer loop
   vertex -0.035480659455060959 0.057999998331069946 0.057998400181531906
   vertex -0.038325991481542587 0.059631418436765671 0.05483400821685791
   vertex -0.03895048052072525 0.057999998331069946 0.055727481842041016
  endloop
 endfacet
 facet normal -0.49118883023715654 0.44212509562078905 0.75050578470293072
  outer loop
   vertex -0.035933531820774078 0.056240249425172806 0.058738678693771362
   vertex -0.035480659455060959 0.057999998331069946 0.057998400181531906
   vertex -0.03895048052072525 0.057999998331069946 0.055727481842041016
  endloop
 endfacet
 facet normal -0.44452138544606579 0.44212496288832215 0.77905471892037848
  outer loop
   vertex -0.032285749912261963 0.056240249425172806 0.060820069164037704
   vertex -0.035480659455060959 0.057999998331069946 0.057998400181531906
   vertex -0.035933531820774078 0.056240249425172806 0.058738678693771362
  endloop
 endfacet
 facet normal -0.46931179610539542 0.32130590885363658 0.82250164192666897
  outer loop
   vertex -0.032581459730863571 0.054382290691137314 0.061377141624689102
   vertex -0.032285749912261963 0.056240249425172806 0.060820069164037704
   vertex -0.035933531820774078 0.056240249425172806 0.058738678693771362
  endloop
 endfacet
 facet normal -0.41829908224453977 0.32130608924806608 0.84958123496549143
  outer loop
   vertex -0.028779070824384689 0.054382290691137314 0.063249282538890839
   vertex -0.032285749912261963 0.056240249425172806 0.060820069164037704
   vertex -0.032581459730863571 0.054382290691137314 0.061377141624689102
  endloop
 endfacet
 facet normal -0.43324177980094775 0.19499748606683495 0.87993041808004424
  outer loop
   vertex -0.028937600553035736 0.052457891404628754 0.063597686588764191
   vertex -0.028779070824384689 0.054382290691137314 0.063249282538890839
   vertex -0.032581459730863571 0.054382290691137314 0.061377141624689102
  endloop
 endfacet
 facet normal -0.37878988271432473 0.19499744154638662 0.90470670526067831
  outer loop
   vertex -0.025006599724292755 0.052457891404628754 0.065243549644947052
   vertex -0.028779070824384689 0.054382290691137314 0.063249282538890839
   vertex -0.028937600553035736 0.052457891404628754 0.063597686588764191
  endloop
 endfacet
 facet normal -0.052882749799501486 0.9979115032889887 0.037095099098854098
  outer loop
   vertex -0.047177009284496307 0.065371669828891754 0.031914431601762772
   vertex -0.043909858912229538 0.06549999862909317 0.033119849860668182
   vertex -0.046090211719274521 0.06549999862909317 0.030011540278792381
  endloop
 endfacet
 facet normal -0.053421616458657915 0.99782708959861832 0.038564623142134644
  outer loop
   vertex -0.045143630355596542 0.065371669828891754 0.034731168299913406
   vertex -0.043909858912229538 0.06549999862909317 0.033119849860668182
   vertex -0.047177009284496307 0.065371669828891754 0.031914431601762772
  endloop
 endfacet
 facet normal -0.15824930982307064 0.98076839108823466 0.11423886809101888
  outer loop
   vertex -0.046668868511915207 0.064988888800144196 0.035904601216316223
   vertex -0.045143630355596542 0.065371669828891754 0.034731168299913406
   vertex -0.047177009284496307 0.065371669828891754 0.031914431601762772
  endloop
 endfacet
 facet normal -0.15099041162402821 0.98076838567687663 0.12367404438434054
  outer loop
   vertex -0.04439317062497139 0.064988888800144196 0.038682941347360611
   vertex -0.045143630355596542 0.065371669828891754 0.034731168299913406
   vertex -0.046668868511915207 0.064988888800144196 0.035904601216316223
  endloop
 endfacet
 facet normal -0.24877537677283695 0.94688399425995406 0.20376828341488337
  outer loop
   vertex -0.04579395055770874 0.064358189702033997 0.039903540164232254
   vertex -0.04439317062497139 0.064988888800144196 0.038682941347360611
   vertex -0.046668868511915207 0.064988888800144196 0.035904601216316223
  endloop
 endfacet
 facet normal -0.23588998701023425 0.94688398879496316 0.21855577272644022
  outer loop
   vertex -0.043276090174913406 0.064358189702033997 0.042621098458766937
   vertex -0.04439317062497139 0.064988888800144196 0.038682941347360611
   vertex -0.04579395055770874 0.064358189702033997 0.039903540164232254
  endloop
 endfacet
 facet normal -0.32455764556012773 0.89679272095822904 0.30070774906011716
  outer loop
   vertex -0.044529881328344345 0.063490383327007294 0.043855901807546616
   vertex -0.043276090174913406 0.064358189702033997 0.042621098458766937
   vertex -0.04579395055770874 0.064358189702033997 0.039903540164232254
  endloop
 endfacet
 facet normal -0.30562188177669158 0.89679266482829567 0.31993465221735207
  outer loop
   vertex -0.041773419827222824 0.063490383327007294 0.04648904874920845
   vertex -0.043276090174913406 0.064358189702033997 0.042621098458766937
   vertex -0.044529881328344345 0.063490383327007294 0.043855901807546616
  endloop
 endfacet
 facet normal -0.38388284210977169 0.83134946966200007 0.40186070077383185
  outer loop
   vertex -0.042863819748163223 0.062400300055742264 0.047702539712190628
   vertex -0.041773419827222824 0.063490383327007294 0.04648904874920845
   vertex -0.044529881328344345 0.063490383327007294 0.043855901807546616
  endloop
 endfacet
 facet normal -0.35867040556405305 0.83134947730087383 0.42451570850097109
  outer loop
   vertex -0.03987596184015274 0.062400300055742264 0.050226960331201553
   vertex -0.041773419827222824 0.063490383327007294 0.04648904874920845
   vertex -0.042863819748163223 0.062400300055742264 0.047702539712190628
  endloop
 endfacet
 facet normal -0.42564275630845488 0.75168542604220934 0.50378295354039482
  outer loop
   vertex -0.040793199092149734 0.061106599867343903 0.051382299512624741
   vertex -0.03987596184015274 0.062400300055742264 0.050226960331201553
   vertex -0.042863819748163223 0.062400300055742264 0.047702539712190628
  endloop
 endfacet
 facet normal -0.39413739864744546 0.75168547453400159 0.52879547876472754
  outer loop
   vertex -0.037584848701953888 0.061106599867343903 0.053773641586303711
   vertex -0.03987596184015274 0.062400300055742264 0.050226960331201553
   vertex -0.040793199092149734 0.061106599867343903 0.051382299512624741
  endloop
 endfacet
 facet normal -0.44939781706600507 0.65917377505514285 0.60293576465147714
  outer loop
   vertex -0.038325991481542587 0.059631418436765671 0.05483400821685791
   vertex -0.037584848701953888 0.061106599867343903 0.053773641586303711
   vertex -0.040793199092149734 0.061106599867343903 0.051382299512624741
  endloop
 endfacet
 facet normal -0.41180464042944764 0.65917369766507272 0.62921139089127187
  outer loop
   vertex -0.034911800175905228 0.059631418436765671 0.057068519294261932
   vertex -0.037584848701953888 0.061106599867343903 0.053773641586303711
   vertex -0.038325991481542587 0.059631418436765671 0.05483400821685791
  endloop
 endfacet
 facet normal -0.45539389135216873 0.55539235468945403 0.69581300366666965
  outer loop
   vertex -0.035480659455060959 0.057999998331069946 0.057998400181531906
   vertex -0.034911800175905228 0.059631418436765671 0.057068519294261932
   vertex -0.038325991481542587 0.059631418436765671 0.05483400821685791
  endloop
 endfacet
 facet normal -0.41212750818532778 0.55539229586492989 0.72228132655554278
  outer loop
   vertex -0.031878851354122162 0.057999998331069946 0.060053560882806778
   vertex -0.034911800175905228 0.059631418436765671 0.057068519294261932
   vertex -0.035480659455060959 0.057999998331069946 0.057998400181531906
  endloop
 endfacet
 facet normal -0.44452200188129043 0.44212408164708772 0.77905486730471629
  outer loop
   vertex -0.032285749912261963 0.056240249425172806 0.060820069164037704
   vertex -0.031878851354122162 0.057999998331069946 0.060053560882806778
   vertex -0.035480659455060959 0.057999998331069946 0.057998400181531906
  endloop
 endfacet
 facet normal -0.3962008263264854 0.44212395761859669 0.80470572964151277
  outer loop
   vertex -0.028517860919237137 0.056240249425172806 0.062675207853317261
   vertex -0.031878851354122162 0.057999998331069946 0.060053560882806778
   vertex -0.032285749912261963 0.056240249425172806 0.060820069164037704
  endloop
 endfacet
 facet normal -0.41829522049098505 0.32131262969789642 0.84958066274546318
  outer loop
   vertex -0.028779070824384689 0.054382290691137314 0.063249282538890839
   vertex -0.028517860919237137 0.056240249425172806 0.062675207853317261
   vertex -0.032285749912261963 0.056240249425172806 0.060820069164037704
  endloop
 endfacet
 facet normal -0.36572358441688574 0.32131261912429232 0.8735012653641393
  outer loop
   vertex -0.024869609624147415 0.054382290691137314 0.064886122941970825
   vertex -0.028517860919237137 0.056240249425172806 0.062675207853317261
   vertex -0.028779070824384689 0.054382290691137314 0.063249282538890839
  endloop
 endfacet
 facet normal -0.37878889370690433 0.19499937711792473 0.90470670215706972
  outer loop
   vertex -0.025006599724292755 0.052457891404628754 0.065243549644947052
   vertex -0.024869609624147415 0.054382290691137314 0.064886122941970825
   vertex -0.028779070824384689 0.054382290691137314 0.063249282538890839
  endloop
 endfacet
 facet normal -0.32292898522114316 0.19499949962133797 0.92611665877008742
  outer loop
   vertex -0.020982589572668076 0.052457891404628754 0.066646687686443329
   vertex -0.024869609624147415 0.054382290691137314 0.064886122941970825
   vertex -0.025006599724292755 0.052457891404628754 0.065243549644947052
  endloop
 endfacet
 facet normal -0.050440735395889828 0.99789119303571638 0.040852161197129477
  outer loop
   vertex -0.045143630355596542 0.065371669828891754 0.034731168299913406
   vertex -0.041520260274410248 0.06549999862909317 0.036070320755243301
   vertex -0.043909858912229538 0.06549999862909317 0.033119849860668182
  endloop
 endfacet
 facet normal -0.050684189727807721 0.997851514026037 0.041514682554261495
  outer loop
   vertex -0.042942311614751816 0.065371669828891754 0.037418700754642487
   vertex -0.041520260274410248 0.06549999862909317 0.036070320755243301
   vertex -0.045143630355596542 0.065371669828891754 0.034731168299913406
  endloop
 endfacet
 facet normal -0.15099040315662127 0.98076838716503401 0.12367404292048889
  outer loop
   vertex -0.04439317062497139 0.064988888800144196 0.038682941347360611
   vertex -0.042942311614751816 0.065371669828891754 0.037418700754642487
   vertex -0.045143630355596542 0.065371669828891754 0.034731168299913406
  endloop
 endfacet
 facet normal -0.14316978288057161 0.98076838874855721 0.13264908933531713
  outer loop
   vertex -0.041952330619096756 0.064988888800144196 0.041317369788885117
   vertex -0.042942311614751816 0.065371669828891754 0.037418700754642487
   vertex -0.04439317062497139 0.064988888800144196 0.038682941347360611
  endloop
 endfacet
 facet normal -0.23588989173517935 0.94688401769950659 0.21855575033022057
  outer loop
   vertex -0.043276090174913406 0.064358189702033997 0.042621098458766937
   vertex -0.041952330619096756 0.064988888800144196 0.041317369788885117
   vertex -0.04439317062497139 0.064988888800144196 0.038682941347360611
  endloop
 endfacet
 facet normal -0.22212740169292799 0.9468840257342791 0.23252969536468612
  outer loop
   vertex -0.040597248822450638 0.064358189702033997 0.045180100947618484
   vertex -0.041952330619096756 0.064988888800144196 0.041317369788885117
   vertex -0.043276090174913406 0.064358189702033997 0.042621098458766937
  endloop
 endfacet
 facet normal -0.3056224160174682 0.89679242769806367 0.3199348065638668
  outer loop
   vertex -0.041773419827222824 0.063490383327007294 0.04648904874920845
   vertex -0.040597248822450638 0.064358189702033997 0.045180100947618484
   vertex -0.043276090174913406 0.064358189702033997 0.042621098458766937
  endloop
 endfacet
 facet normal -0.28554913339951776 0.89679244075462416 0.33797190803400862
  outer loop
   vertex -0.038861561566591263 0.063490383327007294 0.048949249088764191
   vertex -0.040597248822450638 0.064358189702033997 0.045180100947618484
   vertex -0.041773419827222824 0.063490383327007294 0.04648904874920845
  endloop
 endfacet
 facet normal -0.35866864215278388 0.83135053732979125 0.4245151224841649
  outer loop
   vertex -0.03987596184015274 0.062400300055742264 0.050226960331201553
   vertex -0.038861561566591263 0.063490383327007294 0.048949249088764191
   vertex -0.041773419827222824 0.063490383327007294 0.04648904874920845
  endloop
 endfacet
 facet normal -0.33212125317262253 0.83135048156818681 0.44559157306595315
  outer loop
   vertex -0.036739751696586609 0.062400300055742264 0.052564531564712524
   vertex -0.038861561566591263 0.063490383327007294 0.048949249088764191
   vertex -0.03987596184015274 0.062400300055742264 0.050226960331201553
  endloop
 endfacet
 facet normal -0.39413713317002785 0.75168568131617164 0.52879538269613768
  outer loop
   vertex -0.037584848701953888 0.061106599867343903 0.053773641586303711
   vertex -0.036739751696586609 0.062400300055742264 0.052564531564712524
   vertex -0.03987596184015274 0.062400300055742264 0.050226960331201553
  endloop
 endfacet
 facet normal -0.36116823391310932 0.7516857488984412 0.55183878235864803
  outer loop
   vertex -0.034236688166856766 0.061106599867343903 0.05596495047211647
   vertex -0.036739751696586609 0.062400300055742264 0.052564531564712524
   vertex -0.037584848701953888 0.061106599867343903 0.053773641586303711
  endloop
 endfacet
 facet normal -0.4118079841697555 0.65917042007222459 0.62921263613809386
  outer loop
   vertex -0.034911800175905228 0.059631418436765671 0.057068519294261932
   vertex -0.034236688166856766 0.061106599867343903 0.05596495047211647
   vertex -0.037584848701953888 0.061106599867343903 0.053773641586303711
  endloop
 endfacet
 facet normal -0.37268117952927199 0.65917042373580681 0.65314859786776491
  outer loop
   vertex -0.031367741525173187 0.059631418436765671 0.059090729802846909
   vertex -0.034236688166856766 0.061106599867343903 0.05596495047211647
   vertex -0.034911800175905228 0.059631418436765671 0.057068519294261932
  endloop
 endfacet
 facet normal -0.41212780159554752 0.55539194197208186 0.72228143126104294
  outer loop
   vertex -0.031878851354122162 0.057999998331069946 0.060053560882806778
   vertex -0.031367741525173187 0.059631418436765671 0.059090729802846909
   vertex -0.034911800175905228 0.059631418436765671 0.057068519294261932
  endloop
 endfacet
 facet normal -0.36732799330266563 0.55539192918091629 0.74606296673735051
  outer loop
   vertex -0.028158450499176979 0.057999998331069946 0.061885319650173187
   vertex -0.031367741525173187 0.059631418436765671 0.059090729802846909
   vertex -0.031878851354122162 0.057999998331069946 0.060053560882806778
  endloop
 endfacet
 facet normal -0.39620110563309607 0.44212355161452549 0.80470581519140927
  outer loop
   vertex -0.028517860919237137 0.056240249425172806 0.062675207853317261
   vertex -0.028158450499176979 0.057999998331069946 0.061885319650173187
   vertex -0.031878851354122162 0.057999998331069946 0.060053560882806778
  endloop
 endfacet
 facet normal -0.34640803211889099 0.44212349484202235 0.8273622487110428
  outer loop
   vertex -0.024643890559673309 0.056240249425172806 0.064297199249267578
   vertex -0.028158450499176979 0.057999998331069946 0.061885319650173187
   vertex -0.028517860919237137 0.056240249425172806 0.062675207853317261
  endloop
 endfacet
 facet normal -0.3657261926718719 0.32130815301340154 0.873501816140558
  outer loop
   vertex -0.024869609624147415 0.054382290691137314 0.064886122941970825
   vertex -0.024643890559673309 0.056240249425172806 0.064297199249267578
   vertex -0.028517860919237137 0.056240249425172806 0.062675207853317261
  endloop
 endfacet
 facet normal -0.31179102763940125 0.32130826765452569 0.89417411739571939
  outer loop
   vertex -0.020867630839347839 0.054382290691137314 0.066281579434871674
   vertex -0.024643890559673309 0.056240249425172806 0.064297199249267578
   vertex -0.024869609624147415 0.054382290691137314 0.064886122941970825
  endloop
 endfacet
 facet normal -0.32292912754292541 0.19499922051408591 0.92611666791137282
  outer loop
   vertex -0.020982589572668076 0.052457891404628754 0.066646687686443329
   vertex -0.020867630839347839 0.054382290691137314 0.066281579434871674
   vertex -0.024869609624147415 0.054382290691137314 0.064886122941970825
  endloop
 endfacet
 facet normal -0.26587027211329256 0.1949989154336994 0.94408072821453393
  outer loop
   vertex -0.016880510374903679 0.052457891404628754 0.067801907658576965
   vertex -0.020867630839347839 0.054382290691137314 0.066281579434871674
   vertex -0.020982589572668076 0.052457891404628754 0.066646687686443329
  endloop
 endfacet
 facet normal -0.047936449069436816 0.99786248021939805 0.044413595002032805
  outer loop
   vertex -0.040581248700618744 0.065371669828891754 0.039967041462659836
   vertex -0.041520260274410248 0.06549999862909317 0.036070320755243301
   vertex -0.042942311614751816 0.065371669828891754 0.037418700754642487
  endloop
 endfacet
 facet normal -0.047610428477069186 0.99788155425219016 0.044335660404049848
  outer loop
   vertex -0.038932789117097855 0.06549999862909317 0.038848910480737686
   vertex -0.041520260274410248 0.06549999862909317 0.036070320755243301
   vertex -0.040581248700618744 0.065371669828891754 0.039967041462659836
  endloop
 endfacet
 facet normal -0.04542499145769989 0.99783532950702969 0.047552343145897895
  outer loop
   vertex -0.038069218397140503 0.065371669828891754 0.042366690933704376
   vertex -0.038932789117097855 0.06549999862909317 0.038848910480737686
   vertex -0.040581248700618744 0.065371669828891754 0.039967041462659836
  endloop
 endfacet
 facet normal -0.044193039643862779 0.99790489576852259 0.047252452298796703
  outer loop
   vertex -0.036159798502922058 0.06549999862909317 0.041442360728979111
   vertex -0.038932789117097855 0.06549999862909317 0.038848910480737686
   vertex -0.038069218397140503 0.065371669828891754 0.042366690933704376
  endloop
 endfacet
 facet normal -0.042633866748300907 0.99781563996344624 0.050460896250725147
  outer loop
   vertex -0.035415560007095337 0.065371669828891754 0.044608738273382187
   vertex -0.036159798502922058 0.06549999862909317 0.041442360728979111
   vertex -0.038069218397140503 0.065371669828891754 0.042366690933704376
  endloop
 endfacet
 facet normal -0.04067849914205398 0.99792019024300804 0.050005535822631779
  outer loop
   vertex -0.033214479684829712 0.06549999862909317 0.043838318437337875
   vertex -0.036159798502922058 0.06549999862909317 0.041442360728979111
   vertex -0.035415560007095337 0.065371669828891754 0.044608738273382187
  endloop
 endfacet
 facet normal -0.03958525216204941 0.99780378064317754 0.053109539119152095
  outer loop
   vertex -0.032630160450935364 0.065371669828891754 0.046684838831424713
   vertex -0.033214479684829712 0.06549999862909317 0.043838318437337875
   vertex -0.035415560007095337 0.065371669828891754 0.044608738273382187
  endloop
 endfacet
 facet normal -0.037064671604747981 0.99792769809911452 0.052597713690185052
  outer loop
   vertex -0.030110880732536316 0.06549999862909317 0.046025369316339493
   vertex -0.033214479684829712 0.06549999862909317 0.043838318437337875
   vertex -0.032630160450935364 0.065371669828891754 0.046684838831424713
  endloop
 endfacet
 facet normal -0.036305643471326109 0.99779993301168257 0.055472461041624406
  outer loop
   vertex -0.029723379760980606 0.065371669828891754 0.048587270081043243
   vertex -0.030110880732536316 0.06549999862909317 0.046025369316339493
   vertex -0.032630160450935364 0.065371669828891754 0.046684838831424713
  endloop
 endfacet
 facet normal -0.033348881500275977 0.99792753850946425 0.055031627153141582
  outer loop
   vertex -0.026863789185881615 0.06549999862909317 0.047993090003728867
   vertex -0.030110880732536316 0.06549999862909317 0.046025369316339493
   vertex -0.029723379760980606 0.065371669828891754 0.048587270081043243
  endloop
 endfacet
 facet normal -0.032824729390950956 0.99780414834899056 0.057527547122718709
  outer loop
   vertex -0.026706019416451454 0.065371669828891754 0.050308950245380402
   vertex -0.026863789185881615 0.06549999862909317 0.047993090003728867
   vertex -0.029723379760980606 0.065371669828891754 0.048587270081043243
  endloop
 endfacet
 facet normal -0.029528493044075697 0.99791968706013834 0.05730939082158755
  outer loop
   vertex -0.023488689213991165 0.06549999862909317 0.04973210021853447
   vertex -0.026863789185881615 0.06549999862909317 0.047993090003728867
   vertex -0.026706019416451454 0.065371669828891754 0.050308950245380402
  endloop
 endfacet
 facet normal -0.029175263006176302 0.99781635077144315 0.059256511555109491
  outer loop
   vertex -0.023589309304952621 0.065371669828891754 0.05184347927570343
   vertex -0.023488689213991165 0.06549999862909317 0.04973210021853447
   vertex -0.026706019416451454 0.065371669828891754 0.050308950245380402
  endloop
 endfacet
 facet normal -0.025599900152623367 0.99790403111623971 0.059432228581255978
  outer loop
   vertex -0.020001649856567383 0.06549999862909317 0.051234111189842224
   vertex -0.023488689213991165 0.06549999862909317 0.04973210021853447
   vertex -0.023589309304952621 0.065371669828891754 0.05184347927570343
  endloop
 endfacet
 facet normal -0.025391394430538842 0.99783635614876054 0.060645555786361813
  outer loop
   vertex -0.020384849980473518 0.065371669828891754 0.05318513885140419
   vertex -0.020001649856567383 0.06549999862909317 0.051234111189842224
   vertex -0.023589309304952621 0.065371669828891754 0.05184347927570343
  endloop
 endfacet
 facet normal -0.021559499767000525 0.99788030195010158 0.061401066356951597
  outer loop
   vertex -0.016419289633631706 0.06549999862909317 0.052491970360279083
   vertex -0.020001649856567383 0.06549999862909317 0.051234111189842224
   vertex -0.020384849980473518 0.065371669828891754 0.05318513885140419
  endloop
 endfacet
 facet normal -0.021509308621837753 0.99786386364463042 0.061685162517586344
  outer loop
   vertex -0.017104560509324074 0.065371669828891754 0.054328959435224533
   vertex -0.016419289633631706 0.06549999862909317 0.052491970360279083
   vertex -0.020384849980473518 0.065371669828891754 0.05318513885140419
  endloop
 endfacet
 facet normal -0.017764791075296285 0.99785028478348992 0.06308106970842349
  outer loop
   vertex -0.013760630041360855 0.065371669828891754 0.055270671844482422
   vertex -0.016419289633631706 0.06549999862909317 0.052491970360279083
   vertex -0.017104560509324074 0.065371669828891754 0.054328959435224533
  endloop
 endfacet
 facet normal -0.052907223499027739 0.98076819934074089 0.18786847756753861
  outer loop
   vertex -0.0142255499958992 0.064988888800144196 0.057138051837682724
   vertex -0.013760630041360855 0.065371669828891754 0.055270671844482422
   vertex -0.017104560509324074 0.065371669828891754 0.054328959435224533
  endloop
 endfacet
 facet normal -0.041355561938859434 0.98076819848695163 0.19074448441142547
  outer loop
   vertex -0.010715729556977749 0.064988888800144196 0.057899020612239838
   vertex -0.013760630041360855 0.065371669828891754 0.055270671844482422
   vertex -0.0142255499958992 0.064988888800144196 0.057138051837682724
  endloop
 endfacet
 facet normal -0.068138230634733177 0.94688374404343467 0.31427433365175611
  outer loop
   vertex -0.011053849942982197 0.064358189702033997 0.059725958853960037
   vertex -0.010715729556977749 0.064988888800144196 0.057899020612239838
   vertex -0.0142255499958992 0.064988888800144196 0.057138051837682724
  endloop
 endfacet
 facet normal -0.048852573641914067 0.9468837590608562 0.31784362959691936
  outer loop
   vertex -0.0073921591974794865 0.064358189702033997 0.060288760811090469
   vertex -0.010715729556977749 0.064988888800144196 0.057899020612239838
   vertex -0.011053849942982197 0.064358189702033997 0.059725958853960037
  endloop
 endfacet
 facet normal -0.067215869375070306 0.89679123919551151 0.43731853403021054
  outer loop
   vertex -0.0076063219457864761 0.063490383327007294 0.062035419046878815
   vertex -0.0073921591974794865 0.064358189702033997 0.060288760811090469
   vertex -0.011053849942982197 0.064358189702033997 0.059725958853960037
  endloop
 endfacet
 facet normal -0.040429926766943479 0.8967912554370131 0.44060284292469737
  outer loop
   vertex -0.0038102481048554182 0.063490383327007294 0.062383748590946198
   vertex -0.0073921591974794865 0.064358189702033997 0.060288760811090469
   vertex -0.0076063219457864761 0.063490383327007294 0.062035419046878815
  endloop
 endfacet
 facet normal -0.050782579640310223 0.83134916894203181 0.55342541403920764
  outer loop
   vertex -0.003909706138074398 0.062400300055742264 0.064012132585048676
   vertex -0.0038102481048554182 0.063490383327007294 0.062383748590946198
   vertex -0.0076063219457864761 0.063490383327007294 0.062035419046878815
  endloop
 endfacet
 facet normal -0.016947869606145128 0.83134917272596665 0.55549196458964545
  outer loop
   vertex 2.4480613714937542e-17 0.062400300055742264 0.064131416380405426
   vertex -0.0038102481048554182 0.063490383327007294 0.062383748590946198
   vertex -0.003909706138074398 0.062400300055742264 0.064012132585048676
  endloop
 endfacet
 facet normal -0.020112324284685106 0.7516883547817933 0.65921173510284869
  outer loop
   vertex 2.4316560638411125e-17 0.061106599867343903 0.065606601536273956
   vertex 2.4480613714937542e-17 0.062400300055742264 0.064131416380405426
   vertex -0.003909706138074398 0.062400300055742264 0.064012132585048676
  endloop
 endfacet
 facet normal 0.020113221914721872 0.75168834120544836 0.65921172319673649
  outer loop
   vertex 0.0039996388368308544 0.061106599867343903 0.065484568476676941
   vertex 2.4480613714937542e-17 0.062400300055742264 0.064131416380405426
   vertex 2.4316560638411125e-17 0.061106599867343903 0.065606601536273956
  endloop
 endfacet
 facet normal 0.022933389885819302 0.65917151332174906 0.75164285112908535
  outer loop
   vertex 0.0040785078890621662 0.059631418436765671 0.066775858402252197
   vertex 0.0039996388368308544 0.061106599867343903 0.065484568476676941
   vertex 2.4316560638411125e-17 0.061106599867343903 0.065606601536273956
  endloop
 endfacet
 facet normal 0.068712387797810776 0.65917152414907587 0.74884678640834645
  outer loop
   vertex 0.0081418436020612717 0.059631418436765671 0.066403016448020935
   vertex 0.0039996388368308544 0.061106599867343903 0.065484568476676941
   vertex 0.0040785078890621662 0.059631418436765671 0.066775858402252197
  endloop
 endfacet
 facet normal 0.07598549106391192 0.55539014857494595 0.82811109641984371
  outer loop
   vertex 0.0082745077088475227 0.057999998331069946 0.067484989762306213
   vertex 0.0081418436020612717 0.059631418436765671 0.066403016448020935
   vertex 0.0040785078890621662 0.059631418436765671 0.066775858402252197
  endloop
 endfacet
 facet normal 0.12632975771441582 0.55539018253463812 0.82193828080942799
  outer loop
   vertex 0.012373269535601139 0.057999998331069946 0.066855020821094513
   vertex 0.0081418436020612717 0.059631418436765671 0.066403016448020935
   vertex 0.0082745077088475227 0.057999998331069946 0.067484989762306213
  endloop
 endfacet
 facet normal 0.13625944166947351 0.44212399488517745 0.88654370321078646
  outer loop
   vertex 0.012531200423836708 0.056240249425172806 0.067708343267440796
   vertex 0.012373269535601139 0.057999998331069946 0.066855020821094513
   vertex 0.0082745077088475227 0.057999998331069946 0.067484989762306213
  endloop
 endfacet
 facet normal 0.19005341118295688 0.44212403436189102 0.87658772472427837
  outer loop
   vertex 0.016635660082101822 0.056240249425172806 0.066818453371524811
   vertex 0.012373269535601139 0.057999998331069946 0.066855020821094513
   vertex 0.012531200423836708 0.056240249425172806 0.067708343267440796
  endloop
 endfacet
 facet normal 0.20065251985307658 0.32130359726724744 0.9254742377072076
  outer loop
   vertex 0.016788030043244362 0.054382290691137314 0.067430458962917328
   vertex 0.016635660082101822 0.056240249425172806 0.066818453371524811
   vertex 0.012531200423836708 0.056240249425172806 0.067708343267440796
  endloop
 endfacet
 facet normal 0.25669849770173675 0.32130361872390867 0.91152063381614812
  outer loop
   vertex 0.020867630839347839 0.054382290691137314 0.066281579434871674
   vertex 0.016635660082101822 0.056240249425172806 0.066818453371524811
   vertex 0.016788030043244362 0.054382290691137314 0.067430458962917328
  endloop
 endfacet
 facet normal 0.26586810339467748 0.19499890227042832 0.94408134168123725
  outer loop
   vertex 0.020982589572668076 0.052457891404628754 0.066646687686443329
   vertex 0.020867630839347839 0.054382290691137314 0.066281579434871674
   vertex 0.016788030043244362 0.054382290691137314 0.067430458962917328
  endloop
 endfacet
 facet normal 0.32292900344138004 0.19499922128001343 0.92611671102326287
  outer loop
   vertex 0.025006599724292755 0.052457891404628754 0.065243549644947052
   vertex 0.020867630839347839 0.054382290691137314 0.066281579434871674
   vertex 0.020982589572668076 0.052457891404628754 0.066646687686443329
  endloop
 endfacet
 facet normal -0.017223107790981882 0.99789228849858613 0.062564727387519489
  outer loop
   vertex -0.013760630041360855 0.065371669828891754 0.055270671844482422
   vertex -0.012758679687976837 0.06549999862909317 0.053499680012464523
   vertex -0.016419289633631706 0.06549999862909317 0.052491970360279083
  endloop
 endfacet
 facet normal -0.013963348075644767 0.99782620124682819 0.064404169242703244
  outer loop
   vertex -0.010365519672632217 0.065371669828891754 0.056006759405136108
   vertex -0.012758679687976837 0.06549999862909317 0.053499680012464523
   vertex -0.013760630041360855 0.065371669828891754 0.055270671844482422
  endloop
 endfacet
 facet normal -0.041354762442224989 0.98076840644072649 0.19074358849268039
  outer loop
   vertex -0.010715729556977749 0.064988888800144196 0.057899020612239838
   vertex -0.010365519672632217 0.065371669828891754 0.056006759405136108
   vertex -0.013760630041360855 0.065371669828891754 0.055270671844482422
  endloop
 endfacet
 facet normal -0.029649864549270932 0.98076840664624498 0.19290987029386492
  outer loop
   vertex -0.0071660419926047325 0.064988888800144196 0.05844460055232048
   vertex -0.010365519672632217 0.065371669828891754 0.056006759405136108
   vertex -0.010715729556977749 0.064988888800144196 0.057899020612239838
  endloop
 endfacet
 facet normal -0.048851781627978902 0.94688413625288614 0.31784262763889598
  outer loop
   vertex -0.0073921591974794865 0.064358189702033997 0.060288760811090469
   vertex -0.0071660419926047325 0.064988888800144196 0.05844460055232048
   vertex -0.010715729556977749 0.064988888800144196 0.057899020612239838
  endloop
 endfacet
 facet normal -0.029383357041482979 0.94688413126691418 0.32022969925332356
  outer loop
   vertex -0.0037029669620096684 0.064358189702033997 0.060627270489931107
   vertex -0.0071660419926047325 0.064988888800144196 0.05844460055232048
   vertex -0.0073921591974794865 0.064358189702033997 0.060288760811090469
  endloop
 endfacet
 facet normal -0.040428232360399552 0.89679250155086032 0.44060046208596293
  outer loop
   vertex -0.0038102481048554182 0.063490383327007294 0.062383748590946198
   vertex -0.0037029669620096684 0.064358189702033997 0.060627270489931107
   vertex -0.0073921591974794865 0.064358189702033997 0.060288760811090469
  endloop
 endfacet
 facet normal -0.013492998835766315 0.89679249280369422 0.44224559221472648
  outer loop
   vertex 2.4571279327518254e-17 0.063490383327007294 0.0625
   vertex -0.0037029669620096684 0.064358189702033997 0.060627270489931107
   vertex -0.0038102481048554182 0.063490383327007294 0.062383748590946198
  endloop
 endfacet
 facet normal -0.016948182224239536 0.8313488467845972 0.55549244285517885
  outer loop
   vertex 2.4480613714937542e-17 0.062400300055742264 0.064131416380405426
   vertex 2.4571279327518254e-17 0.063490383327007294 0.0625
   vertex -0.0038102481048554182 0.063490383327007294 0.062383748590946198
  endloop
 endfacet
 facet normal 0.01694788428346608 0.83134885098370781 0.55549244566094957
  outer loop
   vertex 0.003909706138074398 0.062400300055742264 0.064012132585048676
   vertex 2.4571279327518254e-17 0.063490383327007294 0.0625
   vertex 2.4480613714937542e-17 0.062400300055742264 0.064131416380405426
  endloop
 endfacet
 facet normal 0.020112366256802492 0.75168714720287277 0.65921311080223444
  outer loop
   vertex 0.0039996388368308544 0.061106599867343903 0.065484568476676941
   vertex 0.003909706138074398 0.062400300055742264 0.064012132585048676
   vertex 2.4480613714937542e-17 0.062400300055742264 0.064131416380405426
  endloop
 endfacet
 facet normal 0.060263653897718199 0.75168715280292375 0.65676077557199619
  outer loop
   vertex 0.0079843988642096519 0.061106599867343903 0.065118931233882904
   vertex 0.003909706138074398 0.062400300055742264 0.064012132585048676
   vertex 0.0039996388368308544 0.061106599867343903 0.065484568476676941
  endloop
 endfacet
 facet normal 0.068713236987916163 0.65917303311929998 0.74884538021606606
  outer loop
   vertex 0.0081418436020612717 0.059631418436765671 0.066403016448020935
   vertex 0.0079843988642096519 0.061106599867343903 0.065118931233882904
   vertex 0.0039996388368308544 0.061106599867343903 0.065484568476676941
  endloop
 endfacet
 facet normal 0.11423715696329145 0.65917304259678433 0.74326359515493712
  outer loop
   vertex 0.012174890376627445 0.059631418436765671 0.065783150494098663
   vertex 0.0079843988642096519 0.061106599867343903 0.065118931233882904
   vertex 0.0081418436020612717 0.059631418436765671 0.066403016448020935
  endloop
 endfacet
 facet normal 0.12632930719259516 0.55538921443782008 0.82193900420309773
  outer loop
   vertex 0.012373269535601139 0.057999998331069946 0.066855020821094513
   vertex 0.012174890376627445 0.059631418436765671 0.065783150494098663
   vertex 0.0081418436020612717 0.059631418436765671 0.066403016448020935
  endloop
 endfacet
 facet normal 0.17620269556279677 0.55538927845466468 0.81270865594874231
  outer loop
   vertex 0.016426000744104385 0.057999998331069946 0.065976351499557495
   vertex 0.012174890376627445 0.059631418436765671 0.065783150494098663
   vertex 0.012373269535601139 0.057999998331069946 0.066855020821094513
  endloop
 endfacet
 facet normal 0.19005253887844833 0.44212189515176159 0.87658899279723479
  outer loop
   vertex 0.016635660082101822 0.056240249425172806 0.066818453371524811
   vertex 0.016426000744104385 0.057999998331069946 0.065976351499557495
   vertex 0.012373269535601139 0.057999998331069946 0.066855020821094513
  endloop
 endfacet
 facet normal 0.2431410216995489 0.44212197726437968 0.8633716469671302
  outer loop
   vertex 0.020678240805864334 0.056240249425172806 0.065679989755153656
   vertex 0.016426000744104385 0.057999998331069946 0.065976351499557495
   vertex 0.016635660082101822 0.056240249425172806 0.066818453371524811
  endloop
 endfacet
 facet normal 0.25670009971277913 0.32130782668168323 0.91151869938062313
  outer loop
   vertex 0.020867630839347839 0.054382290691137314 0.066281579434871674
   vertex 0.020678240805864334 0.056240249425172806 0.065679989755153656
   vertex 0.016635660082101822 0.056240249425172806 0.066818453371524811
  endloop
 endfacet
 facet normal 0.31179110680167799 0.32130755904007091 0.8941743444223258
  outer loop
   vertex 0.024869609624147415 0.054382290691137314 0.064886122941970825
   vertex 0.020678240805864334 0.056240249425172806 0.065679989755153656
   vertex 0.020867630839347839 0.054382290691137314 0.066281579434871674
  endloop
 endfacet
 facet normal 0.32292910922237777 0.19499950038769934 0.92611661537054235
  outer loop
   vertex 0.025006599724292755 0.052457891404628754 0.065243549644947052
   vertex 0.024869609624147415 0.054382290691137314 0.064886122941970825
   vertex 0.020867630839347839 0.054382290691137314 0.066281579434871674
  endloop
 endfacet
 facet normal 0.37878973450362891 0.19499937179951013 0.90470635127231569
  outer loop
   vertex 0.028937600553035736 0.052457891404628754 0.063597686588764191
   vertex 0.024869609624147415 0.054382290691137314 0.064886122941970825
   vertex 0.025006599724292755 0.052457891404628754 0.065243549644947052
  endloop
 endfacet
 facet normal -0.012804736027614666 0.99791222995095719 0.063302606972943806
  outer loop
   vertex -0.010365519672632217 0.065371669828891754 0.056006759405136108
   vertex -0.0090372785925865173 0.06549999862909317 0.054252438247203827
   vertex -0.012758679687976837 0.06549999862909317 0.053499680012464523
  endloop
 endfacet
 facet normal -0.010049031183132221 0.99780973803746342 0.065381523765426747
  outer loop
   vertex -0.0069318409077823162 0.065371669828891754 0.056534510105848312
   vertex -0.0090372785925865173 0.06549999862909317 0.054252438247203827
   vertex -0.010365519672632217 0.065371669828891754 0.056006759405136108
  endloop
 endfacet
 facet normal -0.029649940135811986 0.98076838550198397 0.19290996617534978
  outer loop
   vertex -0.0071660419926047325 0.064988888800144196 0.05844460055232048
   vertex -0.0069318409077823162 0.065371669828891754 0.056534510105848312
   vertex -0.010365519672632217 0.065371669828891754 0.056006759405136108
  endloop
 endfacet
 facet normal -0.017834113407678175 0.98076838576619552 0.19435873502503898
  outer loop
   vertex -0.0035896981135010719 0.064988888800144196 0.05877276137471199
   vertex -0.0069318409077823162 0.065371669828891754 0.056534510105848312
   vertex -0.0071660419926047325 0.064988888800144196 0.05844460055232048
  endloop
 endfacet
 facet normal -0.029383953670178556 0.946883822758389 0.32023055673244005
  outer loop
   vertex -0.0037029669620096684 0.064358189702033997 0.060627270489931107
   vertex -0.0035896981135010719 0.064988888800144196 0.05877276137471199
   vertex -0.0071660419926047325 0.064988888800144196 0.05844460055232048
  endloop
 endfacet
 facet normal -0.0098069830440686515 0.94688382385522729 0.32142627024696707
  outer loop
   vertex 2.4587002376601662e-17 0.064358189702033997 0.060740251094102859
   vertex -0.0035896981135010719 0.064988888800144196 0.05877276137471199
   vertex -0.0037029669620096684 0.064358189702033997 0.060627270489931107
  endloop
 endfacet
 facet normal -0.013493295645314287 0.89679225358603376 0.44224606824788271
  outer loop
   vertex 2.4571279327518254e-17 0.063490383327007294 0.0625
   vertex 2.4587002376601662e-17 0.064358189702033997 0.060740251094102859
   vertex -0.0037029669620096684 0.064358189702033997 0.060627270489931107
  endloop
 endfacet
 facet normal 0.013493013411024326 0.89679225700184773 0.44224606993236448
  outer loop
   vertex 0.0038102481048554182 0.063490383327007294 0.062383748590946198
   vertex 2.4587002376601662e-17 0.064358189702033997 0.060740251094102859
   vertex 2.4571279327518254e-17 0.063490383327007294 0.0625
  endloop
 endfacet
 facet normal 0.016948167163535938 0.83134917692521515 0.55549194922659695
  outer loop
   vertex 0.003909706138074398 0.062400300055742264 0.064012132585048676
   vertex 0.0038102481048554182 0.063490383327007294 0.062383748590946198
   vertex 2.4571279327518254e-17 0.063490383327007294 0.0625
  endloop
 endfacet
 facet normal 0.050781155415580662 0.83134918906404209 0.55342551449785737
  outer loop
   vertex 0.0078048678115010262 0.062400300055742264 0.063654720783233643
   vertex 0.0038102481048554182 0.063490383327007294 0.062383748590946198
   vertex 0.003909706138074398 0.062400300055742264 0.064012132585048676
  endloop
 endfacet
 facet normal 0.060263079064234872 0.75168626082205592 0.65676184922165937
  outer loop
   vertex 0.0079843988642096519 0.061106599867343903 0.065118931233882904
   vertex 0.0078048678115010262 0.062400300055742264 0.063654720783233643
   vertex 0.003909706138074398 0.062400300055742264 0.064012132585048676
  endloop
 endfacet
 facet normal 0.10018939473383642 0.75168629381384366 0.65186639802591084
  outer loop
   vertex 0.011939460411667824 0.061106599867343903 0.064511053264141083
   vertex 0.0078048678115010262 0.062400300055742264 0.063654720783233643
   vertex 0.0079843988642096519 0.061106599867343903 0.065118931233882904
  endloop
 endfacet
 facet normal 0.11423687910402078 0.65917249227613783 0.74326412591960767
  outer loop
   vertex 0.012174890376627445 0.059631418436765671 0.065783150494098663
   vertex 0.011939460411667824 0.061106599867343903 0.064511053264141083
   vertex 0.0079843988642096519 0.061106599867343903 0.065118931233882904
  endloop
 endfacet
 facet normal 0.15933764883047946 0.65917243109814649 0.73491715162005433
  outer loop
   vertex 0.016162650659680367 0.059631418436765671 0.064918562769889832
   vertex 0.011939460411667824 0.061106599867343903 0.064511053264141083
   vertex 0.012174890376627445 0.059631418436765671 0.065783150494098663
  endloop
 endfacet
 facet normal 0.17620337878757503 0.55539090926062451 0.81270739335538167
  outer loop
   vertex 0.016426000744104385 0.057999998331069946 0.065976351499557495
   vertex 0.016162650659680367 0.059631418436765671 0.064918562769889832
   vertex 0.012174890376627445 0.059631418436765671 0.065783150494098663
  endloop
 endfacet
 facet normal 0.22542332939164575 0.55539077720185048 0.80045325108035503
  outer loop
   vertex 0.020417630672454834 0.057999998331069946 0.064852230250835419
   vertex 0.016162650659680367 0.059631418436765671 0.064918562769889832
   vertex 0.016426000744104385 0.057999998331069946 0.065976351499557495
  endloop
 endfacet
 facet normal 0.24314194909500536 0.44212447785309344 0.86337010526969904
  outer loop
   vertex 0.020678240805864334 0.056240249425172806 0.065679989755153656
   vertex 0.020417630672454834 0.057999998331069946 0.064852230250835419
   vertex 0.016426000744104385 0.057999998331069946 0.065976351499557495
  endloop
 endfacet
 facet normal 0.29532194820046059 0.44212456246820492 0.84694203944153257
  outer loop
   vertex 0.024643890559673309 0.056240249425172806 0.064297199249267578
   vertex 0.020417630672454834 0.057999998331069946 0.064852230250835419
   vertex 0.020678240805864334 0.056240249425172806 0.065679989755153656
  endloop
 endfacet
 facet normal 0.31179135735922114 0.32130827089921044 0.89417400125918123
  outer loop
   vertex 0.024869609624147415 0.054382290691137314 0.064886122941970825
   vertex 0.024643890559673309 0.056240249425172806 0.064297199249267578
   vertex 0.020678240805864334 0.056240249425172806 0.065679989755153656
  endloop
 endfacet
 facet normal 0.36572416698498394 0.32130817337819129 0.87350265678102534
  outer loop
   vertex 0.028779070824384689 0.054382290691137314 0.063249282538890839
   vertex 0.024643890559673309 0.056240249425172806 0.064297199249267578
   vertex 0.024869609624147415 0.054382290691137314 0.064886122941970825
  endloop
 endfacet
 facet normal 0.37878904273391145 0.1949974362290936 0.90470705809604901
  outer loop
   vertex 0.028937600553035736 0.052457891404628754 0.063597686588764191
   vertex 0.028779070824384689 0.054382290691137314 0.063249282538890839
   vertex 0.024869609624147415 0.054382290691137314 0.064886122941970825
  endloop
 endfacet
 facet normal 0.43323968920260547 0.194997499654915 0.87993144439096016
  outer loop
   vertex 0.032760940492153168 0.052457891404628754 0.061715241521596909
   vertex 0.028779070824384689 0.054382290691137314 0.063249282538890839
   vertex 0.028937600553035736 0.052457891404628754 0.063597686588764191
  endloop
 endfacet
 facet normal -0.0083828465316485197 0.99792425091059644 0.063850742584182815
  outer loop
   vertex -0.0069318409077823162 0.065371669828891754 0.056534510105848312
   vertex -0.0052728070877492428 0.06549999862909317 0.054746668785810471
   vertex -0.0090372785925865173 0.06549999862909317 0.054252438247203827
  endloop
 endfacet
 facet normal -0.0060562277599592665 0.99780118403745477 0.066000903317854687
  outer loop
   vertex -0.0034723789431154728 0.065371669828891754 0.056851949542760849
   vertex -0.0052728070877492428 0.06549999862909317 0.054746668785810471
   vertex -0.0069318409077823162 0.065371669828891754 0.056534510105848312
  endloop
 endfacet
 facet normal -0.01783434339040536 0.98076831589872771 0.19435906648522111
  outer loop
   vertex -0.0035896981135010719 0.064988888800144196 0.05877276137471199
   vertex -0.0034723789431154728 0.065371669828891754 0.056851949542760849
   vertex -0.0069318409077823162 0.065371669828891754 0.056534510105848312
  endloop
 endfacet
 facet normal -0.0059523398267176623 0.9807683174514914 0.19508479472772319
  outer loop
   vertex 2.4527518164391749e-17 0.064988888800144196 0.058882288634777069
   vertex -0.0034723789431154728 0.065371669828891754 0.056851949542760849
   vertex -0.0035896981135010719 0.064988888800144196 0.05877276137471199
  endloop
 endfacet
 facet normal -0.0098072265069363875 0.94688368559217939 0.32142667012494847
  outer loop
   vertex 2.4587002376601662e-17 0.064358189702033997 0.060740251094102859
   vertex 2.4527518164391749e-17 0.064988888800144196 0.058882288634777069
   vertex -0.0035896981135010719 0.064988888800144196 0.05877276137471199
  endloop
 endfacet
 facet normal 0.0098069952669212427 0.94688368773972542 0.32142667085394883
  outer loop
   vertex 0.0037029669620096684 0.064358189702033997 0.060627270489931107
   vertex 2.4527518164391749e-17 0.064988888800144196 0.058882288634777069
   vertex 2.4587002376601662e-17 0.064358189702033997 0.060740251094102859
  endloop
 endfacet
 facet normal 0.013493280647473866 0.89679249621944923 0.44224557668998515
  outer loop
   vertex 0.0038102481048554182 0.063490383327007294 0.062383748590946198
   vertex 0.0037029669620096684 0.064358189702033997 0.060627270489931107
   vertex 2.4587002376601662e-17 0.064358189702033997 0.060740251094102859
  endloop
 endfacet
 facet normal 0.040429699272093889 0.89679248375769427 0.44060036369988809
  outer loop
   vertex 0.0076063219457864761 0.063490383327007294 0.062035419046878815
   vertex 0.0037029669620096684 0.064358189702033997 0.060627270489931107
   vertex 0.0038102481048554182 0.063490383327007294 0.062383748590946198
  endloop
 endfacet
 facet normal 0.050782363396885702 0.83135075092931687 0.55342305743173326
  outer loop
   vertex 0.0078048678115010262 0.062400300055742264 0.063654720783233643
   vertex 0.0076063219457864761 0.063490383327007294 0.062035419046878815
   vertex 0.0038102481048554182 0.063490383327007294 0.062383748590946198
  endloop
 endfacet
 facet normal 0.084426584421376183 0.83135072150102218 0.54929785153655042
  outer loop
   vertex 0.01167100016027689 0.062400300055742264 0.063060499727725983
   vertex 0.0076063219457864761 0.063490383327007294 0.062035419046878815
   vertex 0.0078048678115010262 0.062400300055742264 0.063654720783233643
  endloop
 endfacet
 facet normal 0.10019080544596934 0.75168876932266115 0.65186332660939816
  outer loop
   vertex 0.011939460411667824 0.061106599867343903 0.064511053264141083
   vertex 0.01167100016027689 0.062400300055742264 0.063060499727725983
   vertex 0.0078048678115010262 0.062400300055742264 0.063654720783233643
  endloop
 endfacet
 facet normal 0.13974499940888799 0.75168870560391898 0.64454280308425971
  outer loop
   vertex 0.015850100666284561 0.061106599867343903 0.063663177192211151
   vertex 0.01167100016027689 0.062400300055742264 0.063060499727725983
   vertex 0.011939460411667824 0.061106599867343903 0.064511053264141083
  endloop
 endfacet
 facet normal 0.15933875934902536 0.65917492571088909 0.7349146733350459
  outer loop
   vertex 0.016162650659680367 0.059631418436765671 0.064918562769889832
   vertex 0.015850100666284561 0.061106599867343903 0.063663177192211151
   vertex 0.011939460411667824 0.061106599867343903 0.064511053264141083
  endloop
 endfacet
 facet normal 0.20384465916387279 0.65917488710688177 0.72383411299688982
  outer loop
   vertex 0.020090280100703239 0.059631418436765671 0.063812471926212311
   vertex 0.015850100666284561 0.061106599867343903 0.063663177192211151
   vertex 0.016162650659680367 0.059631418436765671 0.064918562769889832
  endloop
 endfacet
 facet normal 0.22542249022249525 0.55538851510163456 0.80045505694891483
  outer loop
   vertex 0.020417630672454834 0.057999998331069946 0.064852230250835419
   vertex 0.020090280100703239 0.059631418436765671 0.063812471926212311
   vertex 0.016162650659680367 0.059631418436765671 0.064918562769889832
  endloop
 endfacet
 facet normal 0.27380144555795377 0.5553885231821647 0.78522376220279344
  outer loop
   vertex 0.024333300068974495 0.057999998331069946 0.063486866652965546
   vertex 0.020090280100703239 0.059631418436765671 0.063812471926212311
   vertex 0.020417630672454834 0.057999998331069946 0.064852230250835419
  endloop
 endfacet
 facet normal 0.29532205768730041 0.44212489165625102 0.84694182941999463
  outer loop
   vertex 0.024643890559673309 0.056240249425172806 0.064297199249267578
   vertex 0.024333300068974495 0.057999998331069946 0.063486866652965546
   vertex 0.020417630672454834 0.057999998331069946 0.064852230250835419
  endloop
 endfacet
 facet normal 0.34640774461253826 0.44212500511516556 0.82736156202978706
  outer loop
   vertex 0.028517860919237137 0.056240249425172806 0.062675207853317261
   vertex 0.024333300068974495 0.057999998331069946 0.063486866652965546
   vertex 0.024643890559673309 0.056240249425172806 0.064297199249267578
  endloop
 endfacet
 facet normal 0.36572560476397509 0.32131263948423677 0.87350041197912287
  outer loop
   vertex 0.028779070824384689 0.054382290691137314 0.063249282538890839
   vertex 0.028517860919237137 0.056240249425172806 0.062675207853317261
   vertex 0.024643890559673309 0.056240249425172806 0.064297199249267578
  endloop
 endfacet
 facet normal 0.41829810645417426 0.32131259987994604 0.84957925309840399
  outer loop
   vertex 0.032581459730863571 0.054382290691137314 0.061377141624689102
   vertex 0.028517860919237137 0.056240249425172806 0.062675207853317261
   vertex 0.028779070824384689 0.054382290691137314 0.063249282538890839
  endloop
 endfacet
 facet normal 0.43324134408686155 0.19500244742684478 0.87992953312827848
  outer loop
   vertex 0.032760940492153168 0.052457891404628754 0.061715241521596909
   vertex 0.032581459730863571 0.054382290691137314 0.061377141624689102
   vertex 0.028779070824384689 0.054382290691137314 0.063249282538890839
  endloop
 endfacet
 facet normal 0.48607539156742718 0.19500254115879978 0.85188304517356317
  outer loop
   vertex 0.036462411284446716 0.052457891404628754 0.059603221714496613
   vertex 0.032581459730863571 0.054382290691137314 0.061377141624689102
   vertex 0.032760940492153168 0.052457891404628754 0.061715241521596909
  endloop
 endfacet
 facet normal -0.0039535075741427006 0.99792854986346036 0.064210428633301925
  outer loop
   vertex -0.0034723789431154728 0.065371669828891754 0.056851949542760849
   vertex -0.0014832080341875553 0.06549999862909317 0.054979998618364334
   vertex -0.0052728070877492428 0.06549999862909317 0.054746668785810471
  endloop
 endfacet
 facet normal -0.0020213858795299412 0.9978006910479793 0.066254772985053598
  outer loop
   vertex 1.0443181703261576e-17 0.065371669828891754 0.056957889348268509
   vertex -0.0014832080341875553 0.06549999862909317 0.054979998618364334
   vertex -0.0034723789431154728 0.065371669828891754 0.056851949542760849
  endloop
 endfacet
 facet normal -0.0059518745962697413 0.98076847271659218 0.19508402834151597
  outer loop
   vertex 2.4527518164391749e-17 0.064988888800144196 0.058882288634777069
   vertex 1.0443181703261576e-17 0.065371669828891754 0.056957889348268509
   vertex -0.0034723789431154728 0.065371669828891754 0.056851949542760849
  endloop
 endfacet
 facet normal 0.0059523164274311712 0.98076847013725499 0.1950840278284616
  outer loop
   vertex 0.0035896981135010719 0.064988888800144196 0.05877276137471199
   vertex 1.0443181703261576e-17 0.065371669828891754 0.056957889348268509
   vertex 2.4527518164391749e-17 0.064988888800144196 0.058882288634777069
  endloop
 endfacet
 facet normal 0.009807213898109058 0.94688382600264831 0.32142625687728626
  outer loop
   vertex 0.0037029669620096684 0.064358189702033997 0.060627270489931107
   vertex 0.0035896981135010719 0.064988888800144196 0.05877276137471199
   vertex 2.4527518164391749e-17 0.064988888800144196 0.058882288634777069
  endloop
 endfacet
 facet normal 0.029383438756557637 0.94688382754998579 0.32023058981166741
  outer loop
   vertex 0.0073921591974794865 0.064358189702033997 0.060288760811090469
   vertex 0.0035896981135010719 0.064988888800144196 0.05877276137471199
   vertex 0.0037029669620096684 0.064358189702033997 0.060627270489931107
  endloop
 endfacet
 facet normal 0.040428466437723895 0.8967912376434436 0.44060301313930483
  outer loop
   vertex 0.0076063219457864761 0.063490383327007294 0.062035419046878815
   vertex 0.0073921591974794865 0.064358189702033997 0.060288760811090469
   vertex 0.0037029669620096684 0.064358189702033997 0.060627270489931107
  endloop
 endfacet
 facet normal 0.067215016428679331 0.8967912496037056 0.43731864378358787
  outer loop
   vertex 0.011374100111424923 0.063490383327007294 0.061456318944692612
   vertex 0.0073921591974794865 0.064358189702033997 0.060288760811090469
   vertex 0.0076063219457864761 0.063490383327007294 0.062035419046878815
  endloop
 endfacet
 facet normal 0.084426157610668282 0.83135009019663297 0.54929887260138155
  outer loop
   vertex 0.01167100016027689 0.062400300055742264 0.063060499727725983
   vertex 0.011374100111424923 0.063490383327007294 0.061456318944692612
   vertex 0.0076063219457864761 0.063490383327007294 0.062035419046878815
  endloop
 endfacet
 facet normal 0.11775568958734316 0.83135014241826277 0.54313031426255676
  outer loop
   vertex 0.015493709594011307 0.062400300055742264 0.062231700867414474
   vertex 0.011374100111424923 0.063490383327007294 0.061456318944692612
   vertex 0.01167100016027689 0.062400300055742264 0.063060499727725983
  endloop
 endfacet
 facet normal 0.13974362629583317 0.75168592133771117 0.64454634788536869
  outer loop
   vertex 0.015850100666284561 0.061106599867343903 0.063663177192211151
   vertex 0.015493709594011307 0.062400300055742264 0.062231700867414474
   vertex 0.01167100016027689 0.062400300055742264 0.063060499727725983
  endloop
 endfacet
 facet normal 0.17877860200570747 0.75168592683198421 0.63482791279812656
  outer loop
   vertex 0.019701780751347542 0.061106599867343903 0.062578476965427399
   vertex 0.015493709594011307 0.062400300055742264 0.062231700867414474
   vertex 0.015850100666284561 0.061106599867343903 0.063663177192211151
  endloop
 endfacet
 facet normal 0.20384445301132617 0.65917434993665247 0.72383466023816834
  outer loop
   vertex 0.020090280100703239 0.059631418436765671 0.063812471926212311
   vertex 0.019701780751347542 0.061106599867343903 0.062578476965427399
   vertex 0.015850100666284561 0.061106599867343903 0.063663177192211151
  endloop
 endfacet
 facet normal 0.24759419586010134 0.65917428499775521 0.71006082568614359
  outer loop
   vertex 0.02394317090511322 0.059631418436765671 0.062468990683555603
   vertex 0.019701780751347542 0.061106599867343903 0.062578476965427399
   vertex 0.020090280100703239 0.059631418436765671 0.063812471926212311
  endloop
 endfacet
 facet normal 0.27380231471483368 0.55539122568759025 0.78522154764501673
  outer loop
   vertex 0.024333300068974495 0.057999998331069946 0.063486866652965546
   vertex 0.02394317090511322 0.059631418436765671 0.062468990683555603
   vertex 0.020090280100703239 0.059631418436765671 0.063812471926212311
  endloop
 endfacet
 facet normal 0.32116309863857728 0.55539113314805644 0.76706906683387066
  outer loop
   vertex 0.028158450499176979 0.057999998331069946 0.061885319650173187
   vertex 0.02394317090511322 0.059631418436765671 0.062468990683555603
   vertex 0.024333300068974495 0.057999998331069946 0.063486866652965546
  endloop
 endfacet
 facet normal 0.34640729915438284 0.44212348520303268 0.82736256074618808
  outer loop
   vertex 0.028517860919237137 0.056240249425172806 0.062675207853317261
   vertex 0.028158450499176979 0.057999998331069946 0.061885319650173187
   vertex 0.024333300068974495 0.057999998331069946 0.063486866652965546
  endloop
 endfacet
 facet normal 0.39620091416536907 0.4421235541888372 0.80470590804713005
  outer loop
   vertex 0.032285749912261963 0.056240249425172806 0.060820069164037704
   vertex 0.028158450499176979 0.057999998331069946 0.061885319650173187
   vertex 0.028517860919237137 0.056240249425172806 0.062675207853317261
  endloop
 endfacet
 facet normal 0.41829620521083882 0.32130605944176094 0.84958266276579564
  outer loop
   vertex 0.032581459730863571 0.054382290691137314 0.061377141624689102
   vertex 0.032285749912261963 0.056240249425172806 0.060820069164037704
   vertex 0.028517860919237137 0.056240249425172806 0.062675207853317261
  endloop
 endfacet
 facet normal 0.46931301803863629 0.32130589581284091 0.82250094979603161
  outer loop
   vertex 0.036262650042772293 0.054382290691137314 0.059276681393384933
   vertex 0.032285749912261963 0.056240249425172806 0.060820069164037704
   vertex 0.032581459730863571 0.054382290691137314 0.061377141624689102
  endloop
 endfacet
 facet normal 0.48607701474948767 0.19500777220239168 0.85188092155704875
  outer loop
   vertex 0.036462411284446716 0.052457891404628754 0.059603221714496613
   vertex 0.036262650042772293 0.054382290691137314 0.059276681393384933
   vertex 0.032581459730863571 0.054382290691137314 0.061377141624689102
  endloop
 endfacet
 facet normal 0.53710685405486103 0.19500775261262021 0.82066327062216293
  outer loop
   vertex 0.040028240531682968 0.052457891404628754 0.057269461452960968
   vertex 0.036262650042772293 0.054382290691137314 0.059276681393384933
   vertex 0.036462411284446716 0.052457891404628754 0.059603221714496613
  endloop
 endfacet
 facet normal 0.00048629786254001653 0.99792518558577814 0.064382353855533855
  outer loop
   vertex 1.0443181703261576e-17 0.065371669828891754 0.056957889348268509
   vertex 0.0023134590592235327 0.06549999862909317 0.054951321333646774
   vertex -0.0014832080341875553 0.06549999862909317 0.054979998618364334
  endloop
 endfacet
 facet normal 0.0020179066376412183 0.99780826381211218 0.06614073420411988
  outer loop
   vertex 0.0034723789431154728 0.065371669828891754 0.056851949542760849
   vertex 0.0023134590592235327 0.06549999862909317 0.054951321333646774
   vertex 1.0443181703261576e-17 0.065371669828891754 0.056957889348268509
  endloop
 endfacet
 facet normal 0.0059518987843416122 0.98076831487211591 0.19508482115164916
  outer loop
   vertex 0.0035896981135010719 0.064988888800144196 0.05877276137471199
   vertex 0.0034723789431154728 0.065371669828891754 0.056851949542760849
   vertex 1.0443181703261576e-17 0.065371669828891754 0.056957889348268509
  endloop
 endfacet
 facet normal 0.017834144955387578 0.98076831705940137 0.19435907883651715
  outer loop
   vertex 0.0071660419926047325 0.064988888800144196 0.05844460055232048
   vertex 0.0034723789431154728 0.065371669828891754 0.056851949542760849
   vertex 0.0035896981135010719 0.064988888800144196 0.05877276137471199
  endloop
 endfacet
 facet normal 0.029383869375196204 0.94688413605878941 0.32022963807358862
  outer loop
   vertex 0.0073921591974794865 0.064358189702033997 0.060288760811090469
   vertex 0.0071660419926047325 0.064988888800144196 0.05844460055232048
   vertex 0.0035896981135010719 0.064988888800144196 0.05877276137471199
  endloop
 endfacet
 facet normal 0.048852407537369517 0.9468841303941844 0.31784254889088087
  outer loop
   vertex 0.011053849942982197 0.064358189702033997 0.059725958853960037
   vertex 0.0071660419926047325 0.064988888800144196 0.05844460055232048
   vertex 0.0073921591974794865 0.064358189702033997 0.060288760811090469
  endloop
 endfacet
 facet normal 0.067215641733589737 0.89679197850011183 0.43731705295379969
  outer loop
   vertex 0.011374100111424923 0.063490383327007294 0.061456318944692612
   vertex 0.011053849942982197 0.064358189702033997 0.059725958853960037
   vertex 0.0073921591974794865 0.064358189702033997 0.060288760811090469
  endloop
 endfacet
 facet normal 0.093749786931619991 0.89679198442591368 0.43240619112092721
  outer loop
   vertex 0.015099570155143738 0.063490383327007294 0.060648601502180099
   vertex 0.011053849942982197 0.064358189702033997 0.059725958853960037
   vertex 0.011374100111424923 0.063490383327007294 0.061456318944692612
  endloop
 endfacet
 facet normal 0.11775577796546849 0.83135029579392361 0.54313006033463385
  outer loop
   vertex 0.015493709594011307 0.062400300055742264 0.062231700867414474
   vertex 0.015099570155143738 0.063490383327007294 0.060648601502180099
   vertex 0.011374100111424923 0.063490383327007294 0.061456318944692612
  endloop
 endfacet
 facet normal 0.1506488148548884 0.83135028796482002 0.53494077549166907
  outer loop
   vertex 0.019258780404925346 0.062400300055742264 0.061171390116214752
   vertex 0.015099570155143738 0.063490383327007294 0.060648601502180099
   vertex 0.015493709594011307 0.062400300055742264 0.062231700867414474
  endloop
 endfacet
 facet normal 0.17877870988968031 0.75168618702383272 0.6348275743284576
  outer loop
   vertex 0.019701780751347542 0.061106599867343903 0.062578476965427399
   vertex 0.019258780404925346 0.062400300055742264 0.061171390116214752
   vertex 0.015493709594011307 0.062400300055742264 0.062231700867414474
  endloop
 endfacet
 facet normal 0.21714818502660327 0.75168621455218165 0.62274754161848256
  outer loop
   vertex 0.023480160161852837 0.061106599867343903 0.061260979622602463
   vertex 0.019258780404925346 0.062400300055742264 0.061171390116214752
   vertex 0.019701780751347542 0.061106599867343903 0.062578476965427399
  endloop
 endfacet
 facet normal 0.24759400194773934 0.65917368082163907 0.71006145417953415
  outer loop
   vertex 0.02394317090511322 0.059631418436765671 0.062468990683555603
   vertex 0.023480160161852837 0.061106599867343903 0.061260979622602463
   vertex 0.019701780751347542 0.061106599867343903 0.062578476965427399
  endloop
 endfacet
 facet normal 0.29042069147139543 0.65917373084139619 0.69364675053943059
  outer loop
   vertex 0.027706990018486977 0.059631418436765671 0.06089312955737114
   vertex 0.023480160161852837 0.061106599867343903 0.061260979622602463
   vertex 0.02394317090511322 0.059631418436765671 0.062468990683555603
  endloop
 endfacet
 facet normal 0.3211624632128689 0.5553887888922987 0.76707103021544765
  outer loop
   vertex 0.028158450499176979 0.057999998331069946 0.061885319650173187
   vertex 0.027706990018486977 0.059631418436765671 0.06089312955737114
   vertex 0.02394317090511322 0.059631418436765671 0.062468990683555603
  endloop
 endfacet
 facet normal 0.36732889406806157 0.55538887582794194 0.74606479624045363
  outer loop
   vertex 0.031878851354122162 0.057999998331069946 0.060053560882806778
   vertex 0.027706990018486977 0.059631418436765671 0.06089312955737114
   vertex 0.028158450499176979 0.057999998331069946 0.061885319650173187
  endloop
 endfacet
 facet normal 0.39620101667298219 0.4421239601937168 0.80470563450861976
  outer loop
   vertex 0.032285749912261963 0.056240249425172806 0.060820069164037704
   vertex 0.031878851354122162 0.057999998331069946 0.060053560882806778
   vertex 0.028158450499176979 0.057999998331069946 0.061885319650173187
  endloop
 endfacet
 facet normal 0.44452159935546415 0.44212408723433744 0.77905509381151239
  outer loop
   vertex 0.035933531820774078 0.056240249425172806 0.058738678693771362
   vertex 0.031878851354122162 0.057999998331069946 0.060053560882806778
   vertex 0.032285749912261963 0.056240249425172806 0.060820069164037704
  endloop
 endfacet
 facet normal 0.46931227916725754 0.3213030360748918 0.82250248852626018
  outer loop
   vertex 0.036262650042772293 0.054382290691137314 0.059276681393384933
   vertex 0.035933531820774078 0.056240249425172806 0.058738678693771362
   vertex 0.032285749912261963 0.056240249425172806 0.060820069164037704
  endloop
 endfacet
 facet normal 0.518582180755919 0.32130290831184438 0.79236163644688518
  outer loop
   vertex 0.039808951318264008 0.054382290691137314 0.056955710053443909
   vertex 0.035933531820774078 0.056240249425172806 0.058738678693771362
   vertex 0.036262650042772293 0.054382290691137314 0.059276681393384933
  endloop
 endfacet
 facet normal 0.53710588403622583 0.19500434868962363 0.82066471431748556
  outer loop
   vertex 0.040028240531682968 0.052457891404628754 0.057269461452960968
   vertex 0.039808951318264008 0.054382290691137314 0.056955710053443909
   vertex 0.036262650042772293 0.054382290691137314 0.059276681393384933
  endloop
 endfacet
 facet normal 0.58613994218277288 0.19500420205222935 0.78639260510253328
  outer loop
   vertex 0.043445158749818802 0.052457891404628754 0.054722651839256287
   vertex 0.039808951318264008 0.054382290691137314 0.056955710053443909
   vertex 0.040028240531682968 0.052457891404628754 0.057269461452960968
  endloop
 endfacet
 facet normal 0.0049400107496623815 0.99791412460809981 0.06436611065959276
  outer loop
   vertex 0.0034723789431154728 0.065371669828891754 0.056851949542760849
   vertex 0.0060991011559963226 0.06549999862909317 0.054660778492689133
   vertex 0.0023134590592235327 0.06549999862909317 0.054951321333646774
  endloop
 endfacet
 facet normal 0.0060250922064973888 0.99782375909163423 0.065661587371487584
  outer loop
   vertex 0.0069318409077823162 0.065371669828891754 0.056534510105848312
   vertex 0.0060991011559963226 0.06549999862909317 0.054660778492689133
   vertex 0.0034723789431154728 0.065371669828891754 0.056851949542760849
  endloop
 endfacet
 facet normal 0.017834310776461328 0.98076838692685331 0.1943587110577418
  outer loop
   vertex 0.0071660419926047325 0.064988888800144196 0.05844460055232048
   vertex 0.0069318409077823162 0.065371669828891754 0.056534510105848312
   vertex 0.0034723789431154728 0.065371669828891754 0.056851949542760849
  endloop
 endfacet
 facet normal 0.029649880422205541 0.98076838585324577 0.19290997356738077
  outer loop
   vertex 0.010715729556977749 0.064988888800144196 0.057899020612239838
   vertex 0.0069318409077823162 0.065371669828891754 0.056534510105848312
   vertex 0.0071660419926047325 0.064988888800144196 0.05844460055232048
  endloop
 endfacet
 facet normal 0.04885195297148047 0.94688375320277363 0.31784374244509039
  outer loop
   vertex 0.011053849942982197 0.064358189702033997 0.059725958853960037
   vertex 0.010715729556977749 0.064988888800144196 0.057899020612239838
   vertex 0.0071660419926047325 0.064988888800144196 0.05844460055232048
  endloop
 endfacet
 facet normal 0.06813804935488478 0.9468837457566196 0.31427436779353229
  outer loop
   vertex 0.014674419537186623 0.064358189702033997 0.058940980583429337
   vertex 0.010715729556977749 0.064988888800144196 0.057899020612239838
   vertex 0.011053849942982197 0.064358189702033997 0.059725958853960037
  endloop
 endfacet
 facet normal 0.093750090823141133 0.8967924046097755 0.43240525378962447
  outer loop
   vertex 0.015099570155143738 0.063490383327007294 0.060648601502180099
   vertex 0.014674419537186623 0.064358189702033997 0.058940980583429337
   vertex 0.011053849942982197 0.064358189702033997 0.059725958853960037
  endloop
 endfacet
 facet normal 0.1199363733462126 0.89679245562204923 0.42588561596740121
  outer loop
   vertex 0.018768860027194023 0.063490383327007294 0.059615269303321838
   vertex 0.014674419537186623 0.064358189702033997 0.058940980583429337
   vertex 0.015099570155143738 0.063490383327007294 0.060648601502180099
  endloop
 endfacet
 facet normal 0.15064845513163952 0.83134952940050366 0.53494205567707165
  outer loop
   vertex 0.019258780404925346 0.062400300055742264 0.061171390116214752
   vertex 0.018768860027194023 0.063490383327007294 0.059615269303321838
   vertex 0.015099570155143738 0.063490383327007294 0.060648601502180099
  endloop
 endfacet
 facet normal 0.18298068311882906 0.83134956177807617 0.52476278044157032
  outer loop
   vertex 0.022952210158109665 0.062400300055742264 0.059883520007133484
   vertex 0.018768860027194023 0.063490383327007294 0.059615269303321838
   vertex 0.019258780404925346 0.062400300055742264 0.061171390116214752
  endloop
 endfacet
 facet normal 0.21714777279866868 0.75168498238984149 0.62274917263546925
  outer loop
   vertex 0.023480160161852837 0.061106599867343903 0.061260979622602463
   vertex 0.022952210158109665 0.062400300055742264 0.059883520007133484
   vertex 0.019258780404925346 0.062400300055742264 0.061171390116214752
  endloop
 endfacet
 facet normal 0.25470901993181161 0.75168494735192526 0.60835273903378562
  outer loop
   vertex 0.027171200141310692 0.061106599867343903 0.059715591371059418
   vertex 0.022952210158109665 0.062400300055742264 0.059883520007133484
   vertex 0.023480160161852837 0.061106599867343903 0.061260979622602463
  endloop
 endfacet
 facet normal 0.29042060751484566 0.65917340408565273 0.69364709620731557
  outer loop
   vertex 0.027706990018486977 0.059631418436765671 0.06089312955737114
   vertex 0.027171200141310692 0.061106599867343903 0.059715591371059418
   vertex 0.023480160161852837 0.061106599867343903 0.061260979622602463
  endloop
 endfacet
 facet normal 0.33216965528516701 0.65917336189628506 0.67465087198793605
  outer loop
   vertex 0.031367741525173187 0.059631418436765671 0.059090729802846909
   vertex 0.027171200141310692 0.061106599867343903 0.059715591371059418
   vertex 0.027706990018486977 0.059631418436765671 0.06089312955737114
  endloop
 endfacet
 facet normal 0.36732956971513192 0.55539195405627217 0.74606217206239023
  outer loop
   vertex 0.031878851354122162 0.057999998331069946 0.060053560882806778
   vertex 0.031367741525173187 0.059631418436765671 0.059090729802846909
   vertex 0.027706990018486977 0.059631418436765671 0.06089312955737114
  endloop
 endfacet
 facet normal 0.41212762437359984 0.55539194483191467 0.72228153018334629
  outer loop
   vertex 0.035480659455060959 0.057999998331069946 0.057998400181531906
   vertex 0.031367741525173187 0.059631418436765671 0.059090729802846909
   vertex 0.031878851354122162 0.057999998331069946 0.060053560882806778
  endloop
 endfacet
 facet normal 0.44452178524140118 0.44212496847773941 0.77905448762866103
  outer loop
   vertex 0.035933531820774078 0.056240249425172806 0.058738678693771362
   vertex 0.035480659455060959 0.057999998331069946 0.057998400181531906
   vertex 0.031878851354122162 0.057999998331069946 0.060053560882806778
  endloop
 endfacet
 facet normal 0.49119044377572979 0.44212507238300425 0.75050474236591236
  outer loop
   vertex 0.039447631686925888 0.056240249425172806 0.056438770145177841
   vertex 0.035480659455060959 0.057999998331069946 0.057998400181531906
   vertex 0.035933531820774078 0.056240249425172806 0.058738678693771362
  endloop
 endfacet
 facet normal 0.51858324258363764 0.32130762574686239 0.79235902856492657
  outer loop
   vertex 0.039808951318264008 0.054382290691137314 0.056955710053443909
   vertex 0.039447631686925888 0.056240249425172806 0.056438770145177841
   vertex 0.035933531820774078 0.056240249425172806 0.058738678693771362
  endloop
 endfacet
 facet normal 0.56592329339625791 0.32130776721509136 0.75927079801529662
  outer loop
   vertex 0.04320714995265007 0.054382290691137314 0.054422859102487564
   vertex 0.039447631686925888 0.056240249425172806 0.056438770145177841
   vertex 0.039808951318264008 0.054382290691137314 0.056955710053443909
  endloop
 endfacet
 facet normal 0.58613933382801819 0.19500184942833493 0.78639364192443473
  outer loop
   vertex 0.043445158749818802 0.052457891404628754 0.054722651839256287
   vertex 0.04320714995265007 0.054382290691137314 0.054422859102487564
   vertex 0.039808951318264008 0.054382290691137314 0.056955710053443909
  endloop
 endfacet
 facet normal 0.63300678336203964 0.19500169457729494 0.74918405704448054
  outer loop
   vertex 0.046702679246664047 0.052457891404628754 0.051970280706882477
   vertex 0.04320714995265007 0.054382290691137314 0.054422859102487564
   vertex 0.043445158749818802 0.052457891404628754 0.054722651839256287
  endloop
 endfacet
 facet normal 0.0094112873688986434 0.99789514606815999 0.064161554872569276
  outer loop
   vertex 0.0069318409077823162 0.065371669828891754 0.056534510105848312
   vertex 0.0098556783050298691 0.06549999862909317 0.054109759628772736
   vertex 0.0060991011559963226 0.06549999862909317 0.054660778492689133
  endloop
 endfacet
 facet normal 0.0099634699373872121 0.99784691675823267 0.064824840785731475
  outer loop
   vertex 0.010365519672632217 0.065371669828891754 0.056006759405136108
   vertex 0.0098556783050298691 0.06549999862909317 0.054109759628772736
   vertex 0.0069318409077823162 0.065371669828891754 0.056534510105848312
  endloop
 endfacet
 facet normal 0.029649923726569084 0.98076840699748535 0.19290985941268926
  outer loop
   vertex 0.010715729556977749 0.064988888800144196 0.057899020612239838
   vertex 0.010365519672632217 0.065371669828891754 0.056006759405136108
   vertex 0.0069318409077823162 0.065371669828891754 0.056534510105848312
  endloop
 endfacet
 facet normal 0.041355344198300108 0.9807684029860827 0.19074348012545334
  outer loop
   vertex 0.0142255499958992 0.064988888800144196 0.057138051837682724
   vertex 0.010365519672632217 0.065371669828891754 0.056006759405136108
   vertex 0.010715729556977749 0.064988888800144196 0.057899020612239838
  endloop
 endfacet
 facet normal 0.068138160751562385 0.94688385605227854 0.31427401132922544
  outer loop
   vertex 0.014674419537186623 0.064358189702033997 0.058940980583429337
   vertex 0.0142255499958992 0.064988888800144196 0.057138051837682724
   vertex 0.010715729556977749 0.064988888800144196 0.057899020612239838
  endloop
 endfacet
 facet normal 0.087170547948545576 0.94688384899172762 0.30953557483585209
  outer loop
   vertex 0.018240399658679962 0.064358189702033997 0.057936739176511765
   vertex 0.0142255499958992 0.064988888800144196 0.057138051837682724
   vertex 0.014674419537186623 0.064358189702033997 0.058940980583429337
  endloop
 endfacet
 facet normal 0.11993654054425885 0.89679274099289119 0.42588496797225955
  outer loop
   vertex 0.018768860027194023 0.063490383327007294 0.059615269303321838
   vertex 0.018240399658679962 0.064358189702033997 0.057936739176511765
   vertex 0.014674419537186623 0.064358189702033997 0.058940980583429337
  endloop
 endfacet
 facet normal 0.14567724564352194 0.89679276322776957 0.41778089942458896
  outer loop
   vertex 0.022368330508470535 0.063490383327007294 0.058360159397125244
   vertex 0.018240399658679962 0.064358189702033997 0.057936739176511765
   vertex 0.018768860027194023 0.063490383327007294 0.059615269303321838
  endloop
 endfacet
 facet normal 0.18298083161989095 0.83134996264857708 0.52476209358518133
  outer loop
   vertex 0.022952210158109665 0.062400300055742264 0.059883520007133484
   vertex 0.022368330508470535 0.063490383327007294 0.058360159397125244
   vertex 0.018768860027194023 0.063490383327007294 0.059615269303321838
  endloop
 endfacet
 facet normal 0.21463310236280392 0.83134998774586877 0.51263030464952208
  outer loop
   vertex 0.026560250669717789 0.062400300055742264 0.058372870087623596
   vertex 0.022368330508470535 0.063490383327007294 0.058360159397125244
   vertex 0.022952210158109665 0.062400300055742264 0.059883520007133484
  endloop
 endfacet
 facet normal 0.25470967046899051 0.75168751624804797 0.60834929250096048
  outer loop
   vertex 0.027171200141310692 0.061106599867343903 0.059715591371059418
   vertex 0.026560250669717789 0.062400300055742264 0.058372870087623596
   vertex 0.022952210158109665 0.062400300055742264 0.059883520007133484
  endloop
 endfacet
 facet normal 0.29132275925889628 0.75168745461385755 0.59168996992844392
  outer loop
   vertex 0.030761159956455231 0.061106599867343903 0.057948049157857895
   vertex 0.026560250669717789 0.062400300055742264 0.058372870087623596
   vertex 0.027171200141310692 0.061106599867343903 0.059715591371059418
  endloop
 endfacet
 facet normal 0.33216952011858358 0.65917265778156853 0.67465162649872323
  outer loop
   vertex 0.031367741525173187 0.059631418436765671 0.059090729802846909
   vertex 0.030761159956455231 0.061106599867343903 0.057948049157857895
   vertex 0.027171200141310692 0.061106599867343903 0.059715591371059418
  endloop
 endfacet
 facet normal 0.3726802091802513 0.65917265740970155 0.65314689726645447
  outer loop
   vertex 0.034911800175905228 0.059631418436765671 0.057068519294261932
   vertex 0.030761159956455231 0.061106599867343903 0.057948049157857895
   vertex 0.031367741525173187 0.059631418436765671 0.059090729802846909
  endloop
 endfacet
 facet normal 0.41212768351398582 0.55539229872503271 0.72228122431523867
  outer loop
   vertex 0.035480659455060959 0.057999998331069946 0.057998400181531906
   vertex 0.034911800175905228 0.059631418436765671 0.057068519294261932
   vertex 0.031367741525173187 0.059631418436765671 0.059090729802846909
  endloop
 endfacet
 facet normal 0.4553937276195415 0.55539235742977289 0.69581310863864732
  outer loop
   vertex 0.03895048052072525 0.057999998331069946 0.055727481842041016
   vertex 0.034911800175905228 0.059631418436765671 0.057068519294261932
   vertex 0.035480659455060959 0.057999998331069946 0.057998400181531906
  endloop
 endfacet
 facet normal 0.49118982581778869 0.44212140733299149 0.75050730588781434
  outer loop
   vertex 0.039447631686925888 0.056240249425172806 0.056438770145177841
   vertex 0.03895048052072525 0.057999998331069946 0.055727481842041016
   vertex 0.035480659455060959 0.057999998331069946 0.057998400181531906
  endloop
 endfacet
 facet normal 0.53603035298913226 0.44212141057628424 0.71916626657844773
  outer loop
   vertex 0.042814988642930984 0.056240249425172806 0.053928911685943604
   vertex 0.03895048052072525 0.057999998331069946 0.055727481842041016
   vertex 0.039447631686925888 0.056240249425172806 0.056438770145177841
  endloop
 endfacet
 facet normal 0.56592296901158778 0.32130606854918242 0.75927175863361174
  outer loop
   vertex 0.04320714995265007 0.054382290691137314 0.054422859102487564
   vertex 0.042814988642930984 0.056240249425172806 0.053928911685943604
   vertex 0.039447631686925888 0.056240249425172806 0.056438770145177841
  endloop
 endfacet
 facet normal 0.6111898568708376 0.3213058928139807 0.72333220728875036
  outer loop
   vertex 0.046449039131402969 0.054382290691137314 0.051683578640222549
   vertex 0.042814988642930984 0.056240249425172806 0.053928911685943604
   vertex 0.04320714995265007 0.054382290691137314 0.054422859102487564
  endloop
 endfacet
 facet normal 0.63301689557890661 0.19504547786839194 0.74916411518086901
  outer loop
   vertex 0.046702679246664047 0.052457891404628754 0.051970280706882477
   vertex 0.046449039131402969 0.054382290691137314 0.051683578640222549
   vertex 0.04320714995265007 0.054382290691137314 0.054422859102487564
  endloop
 endfacet
 facet normal 0.67750870111895922 0.19495660862069397 0.7092065148200617
  outer loop
   vertex 0.049782030284404755 0.052457891404628754 0.049028560519218445
   vertex 0.046449039131402969 0.054382290691137314 0.051683578640222549
   vertex 0.046702679246664047 0.052457891404628754 0.051970280706882477
  endloop
 endfacet
 facet normal 0.013829580442125051 0.9978676956322734 0.063787183025520389
  outer loop
   vertex 0.013760630041360855 0.065371669828891754 0.055270671844482422
   vertex 0.0098556783050298691 0.06549999862909317 0.054109759628772736
   vertex 0.010365519672632217 0.065371669828891754 0.056006759405136108
  endloop
 endfacet
 facet normal 0.013875505712667394 0.9978768563205459 0.06363371717134135
  outer loop
   vertex 0.013565289787948132 0.06549999862909317 0.053300868719816208
   vertex 0.0098556783050298691 0.06549999862909317 0.054109759628772736
   vertex 0.013760630041360855 0.065371669828891754 0.055270671844482422
  endloop
 endfacet
 facet normal 0.017809862451656066 0.99783935095745968 0.063241113844149904
  outer loop
   vertex 0.017104560509324074 0.065371669828891754 0.054328959435224533
   vertex 0.013565289787948132 0.06549999862909317 0.053300868719816208
   vertex 0.013760630041360855 0.065371669828891754 0.055270671844482422
  endloop
 endfacet
 facet normal 0.018126067413325179 0.99790156823396758 0.062160323328595141
  outer loop
   vertex 0.017210250720381737 0.06549999862909317 0.052237991243600845
   vertex 0.013565289787948132 0.06549999862909317 0.053300868719816208
   vertex 0.017104560509324074 0.065371669828891754 0.054328959435224533
  endloop
 endfacet
 facet normal 0.021736855248585339 0.99781837860687927 0.062337728850518255
  outer loop
   vertex 0.020384849980473518 0.065371669828891754 0.05318513885140419
   vertex 0.017210250720381737 0.06549999862909317 0.052237991243600845
   vertex 0.017104560509324074 0.065371669828891754 0.054328959435224533
  endloop
 endfacet
 facet normal 0.022282942570560148 0.99791817832878271 0.060520904085785573
  outer loop
   vertex 0.020773209631443024 0.06549999862909317 0.05092616006731987
   vertex 0.017210250720381737 0.06549999862909317 0.052237991243600845
   vertex 0.020384849980473518 0.065371669828891754 0.05318513885140419
  endloop
 endfacet
 facet normal 0.02557336044760786 0.99780519953336211 0.061080168791550246
  outer loop
   vertex 0.023589309304952621 0.065371669828891754 0.05184347927570343
   vertex 0.020773209631443024 0.06549999862909317 0.05092616006731987
   vertex 0.020384849980473518 0.065371669828891754 0.05318513885140419
  endloop
 endfacet
 facet normal 0.026349383586852571 0.99792698803678181 0.058714874882176978
  outer loop
   vertex 0.024237159639596939 0.06549999862909317 0.049371648579835892
   vertex 0.020773209631443024 0.06549999862909317 0.05092616006731987
   vertex 0.023589309304952621 0.065371669828891754 0.05184347927570343
  endloop
 endfacet
 facet normal 0.029284036378293042 0.99780001995035639 0.059477436061612127
  outer loop
   vertex 0.026706019416451454 0.065371669828891754 0.050308950245380402
   vertex 0.024237159639596939 0.06549999862909317 0.049371648579835892
   vertex 0.023589309304952621 0.065371669828891754 0.05184347927570343
  endloop
 endfacet
 facet normal 0.030329215252936286 0.99792809781237035 0.056741962415173375
  outer loop
   vertex 0.027585620060563087 0.06549999862909317 0.047581858932971954
   vertex 0.024237159639596939 0.06549999862909317 0.049371648579835892
   vertex 0.026706019416451454 0.065371669828891754 0.050308950245380402
  endloop
 endfacet
 facet normal 0.032834121352906892 0.99780289021130075 0.057544007168057083
  outer loop
   vertex 0.029723379760980606 0.065371669828891754 0.048587270081043243
   vertex 0.027585620060563087 0.06549999862909317 0.047581858932971954
   vertex 0.026706019416451454 0.065371669828891754 0.050308950245380402
  endloop
 endfacet
 facet normal 0.034225650841467607 0.99792154024794966 0.054600405984185148
  outer loop
   vertex 0.030802620574831963 0.06549999862909317 0.045565318316221237
   vertex 0.027585620060563087 0.06549999862909317 0.047581858932971954
   vertex 0.029723379760980606 0.065371669828891754 0.048587270081043243
  endloop
 endfacet
 facet normal 0.036191365773212664 0.9978137764738334 0.055297852783777898
  outer loop
   vertex 0.032630160450935364 0.065371669828891754 0.046684838831424713
   vertex 0.030802620574831963 0.06549999862909317 0.045565318316221237
   vertex 0.029723379760980606 0.065371669828891754 0.048587270081043243
  endloop
 endfacet
 facet normal 0.038041415103692584 0.99790719270698791 0.052288483249823395
  outer loop
   vertex 0.033872831612825394 0.06549999862909317 0.043331649154424667
   vertex 0.030802620574831963 0.06549999862909317 0.045565318316221237
   vertex 0.032630160450935364 0.065371669828891754 0.046684838831424713
  endloop
 endfacet
 facet normal 0.039325968945837786 0.99783248801900004 0.052761671886730303
  outer loop
   vertex 0.035415560007095337 0.065371669828891754 0.044608738273382187
   vertex 0.033872831612825394 0.06549999862909317 0.043331649154424667
   vertex 0.032630160450935364 0.065371669828891754 0.046684838831424713
  endloop
 endfacet
 facet normal 0.041779623008151016 0.99788482974276593 0.049802908253915451
  outer loop
   vertex 0.036781620234251022 0.06549999862909317 0.040891468524932861
   vertex 0.033872831612825394 0.06549999862909317 0.043331649154424667
   vertex 0.035415560007095337 0.065371669828891754 0.044608738273382187
  endloop
 endfacet
 facet normal 0.042240411587817765 0.99785701304322227 0.049971283246984868
  outer loop
   vertex 0.03808915987610817 0.065371669828891754 0.042348761111497879
   vertex 0.036781620234251022 0.06549999862909317 0.040891468524932861
   vertex 0.035415560007095337 0.065371669828891754 0.044608738273382187
  endloop
 endfacet
 facet normal 0.045210922952112091 0.99785676054553762 0.047306002572441594
  outer loop
   vertex 0.040581248700618744 0.065371669828891754 0.039967041462659836
   vertex 0.036781620234251022 0.06549999862909317 0.040891468524932861
   vertex 0.03808915987610817 0.065371669828891754 0.042348761111497879
  endloop
 endfacet
 facet normal 0.1348497209258423 0.98076843198225849 0.14109867325132572
  outer loop
   vertex 0.041952330619096756 0.064988888800144196 0.041317369788885117
   vertex 0.040581248700618744 0.065371669828891754 0.039967041462659836
   vertex 0.03808915987610817 0.065371669828891754 0.042348761111497879
  endloop
 endfacet
 facet normal 0.14317059338271756 0.98076816886791884 0.13264984027849386
  outer loop
   vertex 0.04439317062497139 0.064988888800144196 0.038682941347360611
   vertex 0.040581248700618744 0.065371669828891754 0.039967041462659836
   vertex 0.041952330619096756 0.064988888800144196 0.041317369788885117
  endloop
 endfacet
 facet normal 0.23588995513685571 0.94688398834600029 0.21855580907288583
  outer loop
   vertex 0.04579395055770874 0.064358189702033997 0.039903540164232254
   vertex 0.04439317062497139 0.064988888800144196 0.038682941347360611
   vertex 0.041952330619096756 0.064988888800144196 0.041317369788885117
  endloop
 endfacet
 facet normal 0.24877576274146174 0.94688398878396185 0.20376783764121875
  outer loop
   vertex 0.048141449689865112 0.064358189702033997 0.037037529051303864
   vertex 0.04439317062497139 0.064988888800144196 0.038682941347360611
   vertex 0.04579395055770874 0.064358189702033997 0.039903540164232254
  endloop
 endfacet
 facet normal 0.34228763662006639 0.89679231451218722 0.28036176352870201
  outer loop
   vertex 0.049536190927028656 0.063490383327007294 0.03811056911945343
   vertex 0.048141449689865112 0.064358189702033997 0.037037529051303864
   vertex 0.04579395055770874 0.064358189702033997 0.039903540164232254
  endloop
 endfacet
 facet normal 0.35874277398964438 0.89679230868855431 0.25897331365850762
  outer loop
   vertex 0.051767420023679733 0.063490383327007294 0.035019759088754654
   vertex 0.048141449689865112 0.064358189702033997 0.037037529051303864
   vertex 0.049536190927028656 0.063490383327007294 0.03811056911945343
  endloop
 endfacet
 facet normal 0.45060484193393902 0.83135020143127536 0.32528774801069249
  outer loop
   vertex 0.053118690848350525 0.062400300055742264 0.035933878272771835
   vertex 0.051767420023679733 0.063490383327007294 0.035019759088754654
   vertex 0.049536190927028656 0.063490383327007294 0.03811056911945343
  endloop
 endfacet
 facet normal 0.46959742815331007 0.83135013018817894 0.29721240974746455
  outer loop
   vertex 0.05521056056022644 0.062400300055742264 0.032628711313009262
   vertex 0.051767420023679733 0.063490383327007294 0.035019759088754654
   vertex 0.053118690848350525 0.062400300055742264 0.035933878272771835
  endloop
 endfacet
 facet normal 0.55728153526925284 0.75168745448858643 0.35270846490042435
  outer loop
   vertex 0.056480541825294495 0.061106599867343903 0.033379249274730682
   vertex 0.05521056056022644 0.062400300055742264 0.032628711313009262
   vertex 0.053118690848350525 0.062400300055742264 0.035933878272771835
  endloop
 endfacet
 facet normal 0.57774690275322282 0.75168751472209017 0.31807923001979521
  outer loop
   vertex 0.058410421013832092 0.061106599867343903 0.029873890802264214
   vertex 0.05521056056022644 0.062400300055742264 0.032628711313009262
   vertex 0.056480541825294495 0.061106599867343903 0.033379249274730682
  endloop
 endfacet
 facet normal 0.65875400777550575 0.6591721935680549 0.3626777860117541
  outer loop
   vertex 0.059562221169471741 0.059631418436765671 0.030462969094514847
   vertex 0.058410421013832092 0.061106599867343903 0.029873890802264214
   vertex 0.056480541825294495 0.061106599867343903 0.033379249274730682
  endloop
 endfacet
 facet normal 0.67963974247664982 0.6591723132160785 0.32184108180224208
  outer loop
   vertex 0.061308570206165314 0.059631418436765671 0.026775160804390907
   vertex 0.058410421013832092 0.061106599867343903 0.029873890802264214
   vertex 0.059562221169471741 0.059631418436765671 0.030462969094514847
  endloop
 endfacet
 facet normal 0.7515777413004967 0.55539270089005521 0.35590707576514041
  outer loop
   vertex 0.062307540327310562 0.057999998331069946 0.027211440727114677
   vertex 0.061308570206165314 0.059631418436765671 0.026775160804390907
   vertex 0.059562221169471741 0.059631418436765671 0.030462969094514847
  endloop
 endfacet
 facet normal 0.77187726747832108 0.55539263772361991 0.30942608473204081
  outer loop
   vertex 0.063850559294223785 0.057999998331069946 0.023362310603260994
   vertex 0.061308570206165314 0.059631418436765671 0.026775160804390907
   vertex 0.062307540327310562 0.057999998331069946 0.027211440727114677
  endloop
 endfacet
 facet normal 0.83254833916532645 0.44212646756759511 0.33374758370549562
  outer loop
   vertex 0.064665541052818298 0.056240249425172806 0.023660499602556229
   vertex 0.063850559294223785 0.057999998331069946 0.023362310603260994
   vertex 0.062307540327310562 0.057999998331069946 0.027211440727114677
  endloop
 endfacet
 facet normal 0.04508036099065918 0.99788816799713698 0.046764999992191816
  outer loop
   vertex 0.040581248700618744 0.065371669828891754 0.039967041462659836
   vertex 0.039515130221843719 0.06549999862909317 0.038256429135799408
   vertex 0.036781620234251022 0.06549999862909317 0.040891468524932861
  endloop
 endfacet
 facet normal 0.048302312299264169 0.99782969189313575 0.04475257090932519
  outer loop
   vertex 0.042942311614751816 0.065371669828891754 0.037418700754642487
   vertex 0.039515130221843719 0.06549999862909317 0.038256429135799408
   vertex 0.040581248700618744 0.065371669828891754 0.039967041462659836
  endloop
 endfacet
 facet normal 0.14317020143822493 0.98076839246276248 0.13264861011765972
  outer loop
   vertex 0.04439317062497139 0.064988888800144196 0.038682941347360611
   vertex 0.042942311614751816 0.065371669828891754 0.037418700754642487
   vertex 0.040581248700618744 0.065371669828891754 0.039967041462659836
  endloop
 endfacet
 facet normal 0.15099040593497923 0.980768387140311 0.12367403972452348
  outer loop
   vertex 0.046668868511915207 0.064988888800144196 0.035904601216316223
   vertex 0.042942311614751816 0.065371669828891754 0.037418700754642487
   vertex 0.04439317062497139 0.064988888800144196 0.038682941347360611
  endloop
 endfacet
 facet normal 0.2487761923536192 0.94688363622197791 0.20376895144520912
  outer loop
   vertex 0.048141449689865112 0.064358189702033997 0.037037529051303864
   vertex 0.046668868511915207 0.064988888800144196 0.035904601216316223
   vertex 0.04439317062497139 0.064988888800144196 0.038682941347360611
  endloop
 endfacet
 facet normal 0.26073595961186036 0.94688363821490784 0.18822363041388285
  outer loop
   vertex 0.050309859216213226 0.064358189702033997 0.034033749252557755
   vertex 0.046668868511915207 0.064988888800144196 0.035904601216316223
   vertex 0.048141449689865112 0.064358189702033997 0.037037529051303864
  endloop
 endfacet
 facet normal 0.35874330630238477 0.89679175013879098 0.25897451045660413
  outer loop
   vertex 0.051767420023679733 0.063490383327007294 0.035019759088754654
   vertex 0.050309859216213226 0.064358189702033997 0.034033749252557755
   vertex 0.048141449689865112 0.064358189702033997 0.037037529051303864
  endloop
 endfacet
 facet normal 0.37386368394890057 0.89679178982294805 0.23662297337813579
  outer loop
   vertex 0.053806081414222717 0.063490383327007294 0.031798679381608963
   vertex 0.050309859216213226 0.064358189702033997 0.034033749252557755
   vertex 0.051767420023679733 0.063490383327007294 0.035019759088754654
  endloop
 endfacet
 facet normal 0.46959860397663222 0.83134861347041034 0.29721479442319915
  outer loop
   vertex 0.05521056056022644 0.062400300055742264 0.032628711313009262
   vertex 0.053806081414222717 0.063490383327007294 0.031798679381608963
   vertex 0.051767420023679733 0.063490383327007294 0.035019759088754654
  endloop
 endfacet
 facet normal 0.48684446022808597 0.83134862305261747 0.26803346524965943
  outer loop
   vertex 0.057097051292657852 0.062400300055742264 0.029202170670032501
   vertex 0.053806081414222717 0.063490383327007294 0.031798679381608963
   vertex 0.05521056056022644 0.062400300055742264 0.032628711313009262
  endloop
 endfacet
 facet normal 0.57774750142710496 0.75168657323172783 0.31808036754549868
  outer loop
   vertex 0.058410421013832092 0.061106599867343903 0.029873890802264214
   vertex 0.057097051292657852 0.062400300055742264 0.029202170670032501
   vertex 0.05521056056022644 0.062400300055742264 0.032628711313009262
  endloop
 endfacet
 facet normal 0.59606550328270724 0.75168658173995628 0.28226441261418844
  outer loop
   vertex 0.060123000293970108 0.061106599867343903 0.026257390156388283
   vertex 0.057097051292657852 0.062400300055742264 0.029202170670032501
   vertex 0.058410421013832092 0.061106599867343903 0.029873890802264214
  endloop
 endfacet
 facet normal 0.67963943503650448 0.65917290909755133 0.32184051058735941
  outer loop
   vertex 0.061308570206165314 0.059631418436765671 0.026775160804390907
   vertex 0.060123000293970108 0.061106599867343903 0.026257390156388283
   vertex 0.058410421013832092 0.061106599867343903 0.029873890802264214
  endloop
 endfacet
 facet normal 0.69799541047913094 0.65917290379589477 0.27980973866425313
  outer loop
   vertex 0.062826856970787048 0.059631418436765671 0.022987740114331245
   vertex 0.060123000293970108 0.061106599867343903 0.026257390156388283
   vertex 0.061308570206165314 0.059631418436765671 0.026775160804390907
  endloop
 endfacet
 facet normal 0.77187801167409398 0.55539080709313815 0.30942751411353164
  outer loop
   vertex 0.063850559294223785 0.057999998331069946 0.023362310603260994
   vertex 0.062826856970787048 0.059631418436765671 0.022987740114331245
   vertex 0.061308570206165314 0.059631418436765671 0.026775160804390907
  endloop
 endfacet
 facet normal 0.047956041822110003 0.99790945033662626 0.043323746163144099
  outer loop
   vertex 0.042942311614751816 0.065371669828891754 0.037418700754642487
   vertex 0.042060330510139465 0.06549999862909317 0.035439088940620422
   vertex 0.039515130221843719 0.06549999862909317 0.038256429135799408
  endloop
 endfacet
 facet normal 0.051148569607979769 0.99781192048714473 0.041895049359244693
  outer loop
   vertex 0.045143630355596542 0.065371669828891754 0.034731168299913406
   vertex 0.042060330510139465 0.06549999862909317 0.035439088940620422
   vertex 0.042942311614751816 0.065371669828891754 0.037418700754642487
  endloop
 endfacet
 facet normal 0.1509904090378944 0.9807683856521523 0.12367404773775417
  outer loop
   vertex 0.046668868511915207 0.064988888800144196 0.035904601216316223
   vertex 0.045143630355596542 0.065371669828891754 0.034731168299913406
   vertex 0.042942311614751816 0.065371669828891754 0.037418700754642487
  endloop
 endfacet
 facet normal 0.15824925444542132 0.98076839161917762 0.11423894024455865
  outer loop
   vertex 0.048770949244499207 0.064988888800144196 0.03299269825220108
   vertex 0.045143630355596542 0.065371669828891754 0.034731168299913406
   vertex 0.046668868511915207 0.064988888800144196 0.035904601216316223
  endloop
 endfacet
 facet normal 0.26073574600735261 0.94688378982930077 0.18822316359175867
  outer loop
   vertex 0.050309859216213226 0.064358189702033997 0.034033749252557755
   vertex 0.048770949244499207 0.064988888800144196 0.03299269825220108
   vertex 0.046668868511915207 0.064988888800144196 0.035904601216316223
  endloop
 endfacet
 facet normal 0.27172520567107733 0.94688378246088856 0.17197824023861674
  outer loop
   vertex 0.052291121333837509 0.064358189702033997 0.03090335987508297
   vertex 0.048770949244499207 0.064988888800144196 0.03299269825220108
   vertex 0.050309859216213226 0.064358189702033997 0.034033749252557755
  endloop
 endfacet
 facet normal 0.37386366211977717 0.89679181000004926 0.23662293139766624
  outer loop
   vertex 0.053806081414222717 0.063490383327007294 0.031798679381608963
   vertex 0.052291121333837509 0.064358189702033997 0.03090335987508297
   vertex 0.050309859216213226 0.064358189702033997 0.034033749252557755
  endloop
 endfacet
 facet normal 0.3875943287832922 0.89679182780307587 0.21338944182092889
  outer loop
   vertex 0.055644571781158447 0.063490383327007294 0.028459299355745316
   vertex 0.052291121333837509 0.064358189702033997 0.03090335987508297
   vertex 0.053806081414222717 0.063490383327007294 0.031798679381608963
  endloop
 endfacet
 facet normal 0.48684277536288956 0.83135056045372935 0.26803051637869341
  outer loop
   vertex 0.057097051292657852 0.062400300055742264 0.029202170670032501
   vertex 0.055644571781158447 0.063490383327007294 0.028459299355745316
   vertex 0.053806081414222717 0.063490383327007294 0.031798679381608963
  endloop
 endfacet
 facet normal 0.5022779626125855 0.83135050336439076 0.23785119051525558
  outer loop
   vertex 0.058771118521690369 0.062400300055742264 0.025666989386081696
   vertex 0.055644571781158447 0.063490383327007294 0.028459299355745316
   vertex 0.057097051292657852 0.062400300055742264 0.029202170670032501
  endloop
 endfacet
 facet normal 0.59606498698110233 0.75168731061082894 0.28226356187414198
  outer loop
   vertex 0.060123000293970108 0.061106599867343903 0.026257390156388283
   vertex 0.058771118521690369 0.062400300055742264 0.025666989386081696
   vertex 0.057097051292657852 0.062400300055742264 0.029202170670032501
  endloop
 endfacet
 facet normal 0.61216316707436336 0.75168734458798903 0.24540251193446022
  outer loop
   vertex 0.061611931771039963 0.061106599867343903 0.022543210536241531
   vertex 0.058771118521690369 0.062400300055742264 0.025666989386081696
   vertex 0.060123000293970108 0.061106599867343903 0.026257390156388283
  endloop
 endfacet
 facet normal 0.69799623372750486 0.65917146811472627 0.27981106719659038
  outer loop
   vertex 0.062826856970787048 0.059631418436765671 0.022987740114331245
   vertex 0.061611931771039963 0.061106599867343903 0.022543210536241531
   vertex 0.060123000293970108 0.061106599867343903 0.026257390156388283
  endloop
 endfacet
 facet normal 0.050668587502665625 0.99792278958925806 0.039784422314243409
  outer loop
   vertex 0.045143630355596542 0.065371669828891754 0.034731168299913406
   vertex 0.044405091553926468 0.06549999862909317 0.032452851533889771
   vertex 0.042060330510139465 0.06549999862909317 0.035439088940620422
  endloop
 endfacet
 facet normal 0.05372808079494476 0.9978020598367251 0.038785857212139861
  outer loop
   vertex 0.047177009284496307 0.065371669828891754 0.031914431601762772
   vertex 0.044405091553926468 0.06549999862909317 0.032452851533889771
   vertex 0.045143630355596542 0.065371669828891754 0.034731168299913406
  endloop
 endfacet
 facet normal 0.15824917743245626 0.98076842358185035 0.11423877251932918
  outer loop
   vertex 0.048770949244499207 0.064988888800144196 0.03299269825220108
   vertex 0.047177009284496307 0.065371669828891754 0.031914431601762772
   vertex 0.045143630355596542 0.065371669828891754 0.034731168299913406
  endloop
 endfacet
 facet normal 0.16491916121951625 0.98076842913910545 0.10437891868889407
  outer loop
   vertex 0.050691600888967514 0.064988888800144196 0.029958060011267662
   vertex 0.047177009284496307 0.065371669828891754 0.031914431601762772
   vertex 0.048770949244499207 0.064988888800144196 0.03299269825220108
  endloop
 endfacet
 facet normal 0.27172460004664373 0.94688416241159734 0.17197710517269196
  outer loop
   vertex 0.052291121333837509 0.064358189702033997 0.03090335987508297
   vertex 0.050691600888967514 0.064988888800144196 0.029958060011267662
   vertex 0.048770949244499207 0.064988888800144196 0.03299269825220108
  endloop
 endfacet
 facet normal 0.28170405722706321 0.94688414348685801 0.1550910795467321
  outer loop
   vertex 0.054077841341495514 0.064358189702033997 0.027658000588417053
   vertex 0.050691600888967514 0.064988888800144196 0.029958060011267662
   vertex 0.052291121333837509 0.064358189702033997 0.03090335987508297
  endloop
 endfacet
 facet normal 0.38759353769890892 0.89679248337234441 0.21338812361729032
  outer loop
   vertex 0.055644571781158447 0.063490383327007294 0.028459299355745316
   vertex 0.054077841341495514 0.064358189702033997 0.027658000588417053
   vertex 0.052291121333837509 0.064358189702033997 0.03090335987508297
  endloop
 endfacet
 facet normal 0.39988131643615277 0.89679247752695446 0.1893625755432061
  outer loop
   vertex 0.057276058942079544 0.063490383327007294 0.025014050304889679
   vertex 0.054077841341495514 0.064358189702033997 0.027658000588417053
   vertex 0.055644571781158447 0.063490383327007294 0.028459299355745316
  endloop
 endfacet
 facet normal 0.50227891652325052 0.83134951056669459 0.23785264618403337
  outer loop
   vertex 0.058771118521690369 0.062400300055742264 0.025666989386081696
   vertex 0.057276058942079544 0.063490383327007294 0.025014050304889679
   vertex 0.055644571781158447 0.063490383327007294 0.028459299355745316
  endloop
 endfacet
 facet normal 0.51584476151601466 0.83134946752513428 0.20679034035022487
  outer loop
   vertex 0.060226570814847946 0.062400300055742264 0.022036319598555565
   vertex 0.057276058942079544 0.063490383327007294 0.025014050304889679
   vertex 0.058771118521690369 0.062400300055742264 0.025666989386081696
  endloop
 endfacet
 facet normal 0.61216284934276077 0.75168775288030409 0.24540205389179454
  outer loop
   vertex 0.061611931771039963 0.061106599867343903 0.022543210536241531
   vertex 0.060226570814847946 0.062400300055742264 0.022036319598555565
   vertex 0.058771118521690369 0.062400300055742264 0.025666989386081696
  endloop
 endfacet
 facet normal 0.053221073279015242 0.99792836226657233 0.036145554954743683
  outer loop
   vertex 0.047177009284496307 0.065371669828891754 0.031914431601762772
   vertex 0.046538248658180237 0.06549999862909317 0.029311969876289368
   vertex 0.044405091553926468 0.06549999862909317 0.032452851533889771
  endloop
 endfacet
 facet normal 0.05601622514030672 0.99780020772533951 0.035453180171880712
  outer loop
   vertex 0.049034889787435532 0.065371669828891754 0.028978969901800156
   vertex 0.046538248658180237 0.06549999862909317 0.029311969876289368
   vertex 0.047177009284496307 0.065371669828891754 0.031914431601762772
  endloop
 endfacet
 facet normal 0.16491909947692618 0.9807684517978158 0.10437880333590374
  outer loop
   vertex 0.050691600888967514 0.064988888800144196 0.029958060011267662
   vertex 0.049034889787435532 0.065371669828891754 0.028978969901800156
   vertex 0.047177009284496307 0.065371669828891754 0.031914431601762772
  endloop
 endfacet
 facet normal 0.17097572204724742 0.98076845533922774 0.094130438657894389
  outer loop
   vertex 0.052423670887947083 0.064988888800144196 0.026811979711055756
   vertex 0.049034889787435532 0.065371669828891754 0.028978969901800156
   vertex 0.050691600888967514 0.064988888800144196 0.029958060011267662
  endloop
 endfacet
 facet normal 0.28170469392306835 0.94688378440471899 0.15509211538020934
  outer loop
   vertex 0.054077841341495514 0.064358189702033997 0.027658000588417053
   vertex 0.052423670887947083 0.064988888800144196 0.026811979711055756
   vertex 0.050691600888967514 0.064988888800144196 0.029958060011267662
  endloop
 endfacet
 facet normal 0.29063548239792475 0.94688378973451137 0.13763032045786708
  outer loop
   vertex 0.055663399398326874 0.064358189702033997 0.024309759959578514
   vertex 0.052423670887947083 0.064988888800144196 0.026811979711055756
   vertex 0.054077841341495514 0.064358189702033997 0.027658000588417053
  endloop
 endfacet
 facet normal 0.39988240187036178 0.89679165959707763 0.18936415698729719
  outer loop
   vertex 0.057276058942079544 0.063490383327007294 0.025014050304889679
   vertex 0.055663399398326874 0.064358189702033997 0.024309759959578514
   vertex 0.054077841341495514 0.064358189702033997 0.027658000588417053
  endloop
 endfacet
 facet normal 0.41068302423856495 0.89679168693859068 0.16463330112739377
  outer loop
   vertex 0.05869448184967041 0.063490383327007294 0.021475749090313911
   vertex 0.055663399398326874 0.064358189702033997 0.024309759959578514
   vertex 0.057276058942079544 0.063490383327007294 0.025014050304889679
  endloop
 endfacet
 facet normal 0.51584461528417302 0.83134960700253047 0.20679014439537916
  outer loop
   vertex 0.060226570814847946 0.062400300055742264 0.022036319598555565
   vertex 0.05869448184967041 0.063490383327007294 0.021475749090313911
   vertex 0.057276058942079544 0.063490383327007294 0.025014050304889679
  endloop
 endfacet
 facet normal 0.055616002619182064 0.99792627158044267 0.032403961829069343
  outer loop
   vertex 0.049034889787435532 0.065371669828891754 0.028978969901800156
   vertex 0.048449631780385971 0.06549999862909317 0.026031399145722389
   vertex 0.046538248658180237 0.06549999862909317 0.029311969876289368
  endloop
 endfacet
 facet normal 0.057991188161500742 0.99780643414403614 0.031927136990036867
  outer loop
   vertex 0.050710361450910568 0.065371669828891754 0.025935709476470947
   vertex 0.048449631780385971 0.06549999862909317 0.026031399145722389
   vertex 0.049034889787435532 0.065371669828891754 0.028978969901800156
  endloop
 endfacet
 facet normal 0.17097619387368843 0.98076829963011913 0.094131204013928688
  outer loop
   vertex 0.052423670887947083 0.064988888800144196 0.026811979711055756
   vertex 0.050710361450910568 0.065371669828891754 0.025935709476470947
   vertex 0.049034889787435532 0.065371669828891754 0.028978969901800156
  endloop
 endfacet
 facet normal 0.17639688961155217 0.98076830025874284 0.083532499920366945
  outer loop
   vertex 0.053960729390382767 0.064988888800144196 0.023566149175167084
   vertex 0.050710361450910568 0.065371669828891754 0.025935709476470947
   vertex 0.052423670887947083 0.064988888800144196 0.026811979711055756
  endloop
 endfacet
 facet normal 0.29063517212714973 0.94688394920122809 0.13762987854280762
  outer loop
   vertex 0.055663399398326874 0.064358189702033997 0.024309759959578514
   vertex 0.053960729390382767 0.064988888800144196 0.023566149175167084
   vertex 0.052423670887947083 0.064988888800144196 0.026811979711055756
  endloop
 endfacet
 facet normal 0.29848526097674621 0.94688392605576288 0.11965525294306224
  outer loop
   vertex 0.057041879743337631 0.064358189702033997 0.020871080458164215
   vertex 0.053960729390382767 0.064988888800144196 0.023566149175167084
   vertex 0.055663399398326874 0.064358189702033997 0.024309759959578514
  endloop
 endfacet
 facet normal 0.41068213924993674 0.89679230046836755 0.16463216672858569
  outer loop
   vertex 0.05869448184967041 0.063490383327007294 0.021475749090313911
   vertex 0.057041879743337631 0.064358189702033997 0.020871080458164215
   vertex 0.055663399398326874 0.064358189702033997 0.024309759959578514
  endloop
 endfacet
 facet normal 0.057854771702736944 0.99791650254647368 0.028556598828256664
  outer loop
   vertex 0.050710361450910568 0.065371669828891754 0.025935709476470947
   vertex 0.050130121409893036 0.06549999862909317 0.022626779973506927
   vertex 0.048449631780385971 0.06549999862909317 0.026031399145722389
  endloop
 endfacet
 facet normal 0.059636115038974223 0.9978206288121797 0.028240511679575944
  outer loop
   vertex 0.052197180688381195 0.065371669828891754 0.022795960307121277
   vertex 0.050130121409893036 0.06549999862909317 0.022626779973506927
   vertex 0.050710361450910568 0.065371669828891754 0.025935709476470947
  endloop
 endfacet
 facet normal 0.17639661768391474 0.9807683820611397 0.083532113697961166
  outer loop
   vertex 0.053960729390382767 0.064988888800144196 0.023566149175167084
   vertex 0.052197180688381195 0.065371669828891754 0.022795960307121277
   vertex 0.050710361450910568 0.065371669828891754 0.025935709476470947
  endloop
 endfacet
 facet normal 0.1811610056605657 0.98076838175135261 0.072622802100204345
  outer loop
   vertex 0.055297039449214935 0.064988888800144196 0.020232660695910454
   vertex 0.052197180688381195 0.065371669828891754 0.022795960307121277
   vertex 0.053960729390382767 0.064988888800144196 0.023566149175167084
  endloop
 endfacet
 facet normal 0.29848506742465791 0.94688401774284447 0.11965501020711984
  outer loop
   vertex 0.057041879743337631 0.064358189702033997 0.020871080458164215
   vertex 0.055297039449214935 0.064988888800144196 0.020232660695910454
   vertex 0.053960729390382767 0.064988888800144196 0.023566149175167084
  endloop
 endfacet
 facet normal 0.059938897504402282 0.99789886617270485 0.024600436117819049
  outer loop
   vertex 0.052197180688381195 0.065371669828891754 0.022795960307121277
   vertex 0.051571719348430634 0.06549999862909317 0.019114330410957336
   vertex 0.050130121409893036 0.06549999862909317 0.022626779973506927
  endloop
 endfacet
 facet normal 0.060938478089619379 0.99784254399200956 0.024428657099305875
  outer loop
   vertex 0.053489819169044495 0.065371669828891754 0.019571410492062569
   vertex 0.051571719348430634 0.06549999862909317 0.019114330410957336
   vertex 0.052197180688381195 0.065371669828891754 0.022795960307121277
  endloop
 endfacet
 facet normal 0.18116094874650793 0.98076839753512357 0.072622730915678016
  outer loop
   vertex 0.055297039449214935 0.064988888800144196 0.020232660695910454
   vertex 0.053489819169044495 0.065371669828891754 0.019571410492062569
   vertex 0.052197180688381195 0.065371669828891754 0.022795960307121277
  endloop
 endfacet
 facet normal 0.061869217109452847 0.99787306773640416 0.020531455394130323
  outer loop
   vertex 0.053489819169044495 0.065371669828891754 0.019571410492062569
   vertex 0.052767559885978699 0.06549999862909317 0.015510800294578075
   vertex 0.051571719348430634 0.06549999862909317 0.019114330410957336
  endloop
 endfacet
 facet normal 0.029910022112622267 0.19500020076467264 0.98034703665536715
  outer loop
   vertex 0.0042596547864377499 0.052457891404628754 0.069741711020469666
   vertex 2.3000287981990194e-17 0.054382290691137314 0.069488890469074249
   vertex 2.2534401663026852e-17 0.052457891404628754 0.069871671497821808
  endloop
 endfacet
 facet normal 0.029910971018254441 0.19500224396901014 0.98034660128946027
  outer loop
   vertex 0.0042363191023468971 0.054382290691137314 0.069359637796878815
   vertex 2.3000287981990194e-17 0.054382290691137314 0.069488890469074249
   vertex 0.0042596547864377499 0.052457891404628754 0.069741711020469666
  endloop
 endfacet
 facet normal 0.089621996016696431 0.19500222360751465 0.97669956005831604
  outer loop
   vertex 0.0085034631192684174 0.052457891404628754 0.069352298974990845
   vertex 0.0042363191023468971 0.054382290691137314 0.069359637796878815
   vertex 0.0042596547864377499 0.052457891404628754 0.069741711020469666
  endloop
 endfacet
 facet normal 0.089622540818263888 0.19500343275642934 0.97669926865462897
  outer loop
   vertex 0.0084568783640861511 0.054382290691137314 0.068972356617450714
   vertex 0.0042363191023468971 0.054382290691137314 0.069359637796878815
   vertex 0.0085034631192684174 0.052457891404628754 0.069352298974990845
  endloop
 endfacet
 facet normal 0.14899614390691918 0.19500340397107757 0.96941932183166313
  outer loop
   vertex 0.012715639546513557 0.052457891404628754 0.068704903125762939
   vertex 0.0084568783640861511 0.054382290691137314 0.068972356617450714
   vertex 0.0085034631192684174 0.052457891404628754 0.069352298974990845
  endloop
 endfacet
 facet normal 0.14899613978092602 0.19500339448683315 0.96941932437361455
  outer loop
   vertex 0.012645980343222618 0.054382290691137314 0.068328507244586945
   vertex 0.0084568783640861511 0.054382290691137314 0.068972356617450714
   vertex 0.012715639546513557 0.052457891404628754 0.068704903125762939
  endloop
 endfacet
 facet normal 0.20782161616590128 0.19500331563525891 0.95853215008441339
  outer loop
   vertex 0.016880510374903679 0.052457891404628754 0.067801907658576965
   vertex 0.012645980343222618 0.054382290691137314 0.068328507244586945
   vertex 0.012715639546513557 0.052457891404628754 0.068704903125762939
  endloop
 endfacet
 facet normal 0.20782176015774084 0.19500366020622542 0.95853204876577469
  outer loop
   vertex 0.016788030043244362 0.054382290691137314 0.067430458962917328
   vertex 0.012645980343222618 0.054382290691137314 0.068328507244586945
   vertex 0.016880510374903679 0.052457891404628754 0.067801907658576965
  endloop
 endfacet
 facet normal 0.26587001476583011 0.19500369046654772 0.94407981439751376
  outer loop
   vertex 0.020982589572668076 0.052457891404628754 0.066646687686443329
   vertex 0.016788030043244362 0.054382290691137314 0.067430458962917328
   vertex 0.016880510374903679 0.052457891404628754 0.067801907658576965
  endloop
 endfacet
 facet normal 0.028879330122795154 0.32130863473880977 0.94653406992772349
  outer loop
   vertex 0.0042363191023468971 0.054382290691137314 0.069359637796878815
   vertex 2.3418110144280529e-17 0.056240249425172806 0.06885819137096405
   vertex 2.3000287981990194e-17 0.054382290691137314 0.069488890469074249
  endloop
 endfacet
 facet normal 0.028880078865177339 0.32131019301142855 0.94653351811317266
  outer loop
   vertex 0.0041978689841926098 0.056240249425172806 0.068730108439922333
   vertex 2.3418110144280529e-17 0.056240249425172806 0.06885819137096405
   vertex 0.0042363191023468971 0.054382290691137314 0.069359637796878815
  endloop
 endfacet
 facet normal 0.086531398207743165 0.321310168639937 0.94301224416907137
  outer loop
   vertex 0.0084568783640861511 0.054382290691137314 0.068972356617450714
   vertex 0.0041978689841926098 0.056240249425172806 0.068730108439922333
   vertex 0.0042363191023468971 0.054382290691137314 0.069359637796878815
  endloop
 endfacet
 facet normal 0.086527936732591043 0.3213026110385574 0.94301513683747751
  outer loop
   vertex 0.0083801215514540672 0.056240249425172806 0.068346358835697174
   vertex 0.0041978689841926098 0.056240249425172806 0.068730108439922333
   vertex 0.0084568783640861511 0.054382290691137314 0.068972356617450714
  endloop
 endfacet
 facet normal 0.14385754559782343 0.3213026895068346 0.93598589107434993
  outer loop
   vertex 0.012645980343222618 0.054382290691137314 0.068328507244586945
   vertex 0.0083801215514540672 0.056240249425172806 0.068346358835697174
   vertex 0.0084568783640861511 0.054382290691137314 0.068972356617450714
  endloop
 endfacet
 facet normal 0.14385955485837959 0.32130732099663223 0.93598399235773055
  outer loop
   vertex 0.012531200423836708 0.056240249425172806 0.067708343267440796
   vertex 0.0083801215514540672 0.056240249425172806 0.068346358835697174
   vertex 0.012645980343222618 0.054382290691137314 0.068328507244586945
  endloop
 endfacet
 facet normal 0.20065405669201386 0.32130736378322594 0.92547259684536953
  outer loop
   vertex 0.016788030043244362 0.054382290691137314 0.067430458962917328
   vertex 0.012531200423836708 0.056240249425172806 0.067708343267440796
   vertex 0.012645980343222618 0.054382290691137314 0.068328507244586945
  endloop
 endfacet
 facet normal -0.029910983440707934 0.19500019515265393 0.98034700844141742
  outer loop
   vertex -0.0042363191023468971 0.054382290691137314 0.069359637796878815
   vertex 2.2534401663026852e-17 0.052457891404628754 0.069871671497821808
   vertex 2.3000287981990194e-17 0.054382290691137314 0.069488890469074249
  endloop
 endfacet
 facet normal -0.029910009758618773 0.19500223835705074 0.98034663173388792
  outer loop
   vertex -0.0042596547864377499 0.052457891404628754 0.069741711020469666
   vertex 2.2534401663026852e-17 0.052457891404628754 0.069871671497821808
   vertex -0.0042363191023468971 0.054382290691137314 0.069359637796878815
  endloop
 endfacet
 facet normal -0.089622562845807247 0.19500222028604097 0.97669950870903155
  outer loop
   vertex -0.0084568783640861511 0.054382290691137314 0.068972356617450714
   vertex -0.0042596547864377499 0.052457891404628754 0.069741711020469666
   vertex -0.0042363191023468971 0.054382290691137314 0.069359637796878815
  endloop
 endfacet
 facet normal -0.089621974109965058 0.19500342943562901 0.97669932131899029
  outer loop
   vertex -0.0085034631192684174 0.052457891404628754 0.069352298974990845
   vertex -0.0042596547864377499 0.052457891404628754 0.069741711020469666
   vertex -0.0084568783640861511 0.054382290691137314 0.068972356617450714
  endloop
 endfacet
 facet normal -0.14899613949368395 0.19500340399712907 0.9694193225047204
  outer loop
   vertex -0.012645980343222618 0.054382290691137314 0.068328507244586945
   vertex -0.0085034631192684174 0.052457891404628754 0.069352298974990845
   vertex -0.0084568783640861511 0.054382290691137314 0.068972356617450714
  endloop
 endfacet
 facet normal -0.14899614419258772 0.19500339451287935 0.96941932369031925
  outer loop
   vertex -0.012715639546513557 0.052457891404628754 0.068704903125762939
   vertex -0.0085034631192684174 0.052457891404628754 0.069352298974990845
   vertex -0.012645980343222618 0.054382290691137314 0.068328507244586945
  endloop
 endfacet
 facet normal -0.20782177471368946 0.19500331468854648 0.95853211590187848
  outer loop
   vertex -0.016788030043244362 0.054382290691137314 0.067430458962917328
   vertex -0.012715639546513557 0.052457891404628754 0.068704903125762939
   vertex -0.012645980343222618 0.054382290691137314 0.068328507244586945
  endloop
 endfacet
 facet normal -0.20782160168972152 0.19500365925970942 0.95853208331617257
  outer loop
   vertex -0.016880510374903679 0.052457891404628754 0.067801907658576965
   vertex -0.012715639546513557 0.052457891404628754 0.068704903125762939
   vertex -0.016788030043244362 0.054382290691137314 0.067430458962917328
  endloop
 endfacet
 facet normal -0.26586784463118701 0.1950037036165822 0.94408042282794069
  outer loop
   vertex -0.020867630839347839 0.054382290691137314 0.066281579434871674
   vertex -0.016880510374903679 0.052457891404628754 0.067801907658576965
   vertex -0.016788030043244362 0.054382290691137314 0.067430458962917328
  endloop
 endfacet
 facet normal 0.027354607580403836 0.44212387993344471 0.89653678130722492
  outer loop
   vertex 0.0041978689841926098 0.056240249425172806 0.068730108439922333
   vertex 2.378072461812785e-17 0.057999998331069946 0.06799037754535675
   vertex 2.3418110144280529e-17 0.056240249425172806 0.06885819137096405
  endloop
 endfacet
 facet normal 0.02735250555819756 0.44211974889206135 0.89653888263661463
  outer loop
   vertex 0.0041449638083577156 0.057999998331069946 0.067863918840885162
   vertex 2.378072461812785e-17 0.057999998331069946 0.06799037754535675
   vertex 0.0041978689841926098 0.056240249425172806 0.068730108439922333
  endloop
 endfacet
 facet normal 0.08195741584880753 0.44211979819785047 0.89320382110069241
  outer loop
   vertex 0.0083801215514540672 0.056240249425172806 0.068346358835697174
   vertex 0.0041449638083577156 0.057999998331069946 0.067863918840885162
   vertex 0.0041978689841926098 0.056240249425172806 0.068730108439922333
  endloop
 endfacet
 facet normal 0.081960521452429269 0.44212631053967655 0.89320031261292088
  outer loop
   vertex 0.0082745077088475227 0.057999998331069946 0.067484989762306213
   vertex 0.0041449638083577156 0.057999998331069946 0.067863918840885162
   vertex 0.0083801215514540672 0.056240249425172806 0.068346358835697174
  endloop
 endfacet
 facet normal 0.13626044729985701 0.44212626416723011 0.88654241694076419
  outer loop
   vertex 0.012531200423836708 0.056240249425172806 0.067708343267440796
   vertex 0.0082745077088475227 0.057999998331069946 0.067484989762306213
   vertex 0.0083801215514540672 0.056240249425172806 0.068346358835697174
  endloop
 endfacet
 facet normal -0.028880095063290576 0.32130862763477169 0.94653404900013749
  outer loop
   vertex -0.0041978689841926098 0.056240249425172806 0.068730108439922333
   vertex 2.3000287981990194e-17 0.054382290691137314 0.069488890469074249
   vertex 2.3418110144280529e-17 0.056240249425172806 0.06885819137096405
  endloop
 endfacet
 facet normal -0.028879314072124972 0.32131018590767108 0.94653354385922395
  outer loop
   vertex -0.0042363191023468971 0.054382290691137314 0.069359637796878815
   vertex 2.3000287981990194e-17 0.054382290691137314 0.069488890469074249
   vertex -0.0041978689841926098 0.056240249425172806 0.068730108439922333
  endloop
 endfacet
 facet normal -0.086527701359294412 0.32131020309340991 0.94301257164766816
  outer loop
   vertex -0.0083801215514540672 0.056240249425172806 0.068346358835697174
   vertex -0.0042363191023468971 0.054382290691137314 0.069359637796878815
   vertex -0.0041978689841926098 0.056240249425172806 0.068730108439922333
  endloop
 endfacet
 facet normal -0.086531631454619798 0.32130264549489623 0.94301478607484346
  outer loop
   vertex -0.0084568783640861511 0.054382290691137314 0.068972356617450714
   vertex -0.0042363191023468971 0.054382290691137314 0.069359637796878815
   vertex -0.0083801215514540672 0.056240249425172806 0.068346358835697174
  endloop
 endfacet
 facet normal -0.1438597946724581 0.32130266839515559 0.93598555264435079
  outer loop
   vertex -0.012531200423836708 0.056240249425172806 0.067708343267440796
   vertex -0.0084568783640861511 0.054382290691137314 0.068972356617450714
   vertex -0.0083801215514540672 0.056240249425172806 0.068346358835697174
  endloop
 endfacet
 facet normal -0.14385730796408439 0.32130729987987316 0.93598434494879867
  outer loop
   vertex -0.012645980343222618 0.054382290691137314 0.068328507244586945
   vertex -0.0084568783640861511 0.054382290691137314 0.068972356617450714
   vertex -0.012531200423836708 0.056240249425172806 0.067708343267440796
  endloop
 endfacet
 facet normal -0.2006522478336803 0.32130738095230249 0.92547298306588244
  outer loop
   vertex -0.016635660082101822 0.056240249425172806 0.066818453371524811
   vertex -0.012645980343222618 0.054382290691137314 0.068328507244586945
   vertex -0.012531200423836708 0.056240249425172806 0.067708343267440796
  endloop
 endfacet
 facet normal -0.20065432624508647 0.32130361443755978 0.92547384009948652
  outer loop
   vertex -0.016788030043244362 0.054382290691137314 0.067430458962917328
   vertex -0.012645980343222618 0.054382290691137314 0.068328507244586945
   vertex -0.016635660082101822 0.056240249425172806 0.066818453371524811
  endloop
 endfacet
 facet normal -0.25670048850177568 0.32130359954143278 0.91152007993497774
  outer loop
   vertex -0.020678240805864334 0.056240249425172806 0.065679989755153656
   vertex -0.016788030043244362 0.054382290691137314 0.067430458962917328
   vertex -0.016635660082101822 0.056240249425172806 0.066818453371524811
  endloop
 endfacet
 facet normal -0.25669811244352908 0.32130780750782367 0.91151926578786291
  outer loop
   vertex -0.020867630839347839 0.054382290691137314 0.066281579434871674
   vertex -0.016788030043244362 0.054382290691137314 0.067430458962917328
   vertex -0.020678240805864334 0.056240249425172806 0.065679989755153656
  endloop
 endfacet
 facet normal -0.311791437246772 0.3213075557932818 0.8941742303655027
  outer loop
   vertex -0.024643890559673309 0.056240249425172806 0.064297199249267578
   vertex -0.020867630839347839 0.054382290691137314 0.066281579434871674
   vertex -0.020678240805864334 0.056240249425172806 0.065679989755153656
  endloop
 endfacet
 facet normal 0.025359152852917666 0.55539138189309922 0.83120233775264118
  outer loop
   vertex 0.0041449638083577156 0.057999998331069946 0.067863918840885162
   vertex 2.4081925894576784e-17 0.059631418436765671 0.066900297999382019
   vertex 2.378072461812785e-17 0.057999998331069946 0.06799037754535675
  endloop
 endfacet
 facet normal 0.02536080169811775 0.55539436433400879 0.83120029463616718
  outer loop
   vertex 0.0040785078890621662 0.059631418436765671 0.066775858402252197
   vertex 2.4081925894576784e-17 0.059631418436765671 0.066900297999382019
   vertex 0.0041449638083577156 0.057999998331069946 0.067863918840885162
  endloop
 endfacet
 facet normal 0.075987625849035359 0.55539433394728566 0.82810809351018777
  outer loop
   vertex 0.0082745077088475227 0.057999998331069946 0.067484989762306213
   vertex 0.0040785078890621662 0.059631418436765671 0.066775858402252197
   vertex 0.0041449638083577156 0.057999998331069946 0.067863918840885162
  endloop
 endfacet
 facet normal -0.027352443069405884 0.44212390612987745 0.89653683442823151
  outer loop
   vertex -0.0041449638083577156 0.057999998331069946 0.067863918840885162
   vertex 2.3418110144280529e-17 0.056240249425172806 0.06885819137096405
   vertex 2.378072461812785e-17 0.057999998331069946 0.06799037754535675
  endloop
 endfacet
 facet normal -0.027354669286534336 0.44211977508903749 0.89653880370201666
  outer loop
   vertex -0.0041978689841926098 0.056240249425172806 0.068730108439922333
   vertex 2.3418110144280529e-17 0.056240249425172806 0.06885819137096405
   vertex -0.0041449638083577156 0.057999998331069946 0.067863918840885162
  endloop
 endfacet
 facet normal -0.081960816634746525 0.44211975690172589 0.89320352949018533
  outer loop
   vertex -0.0082745077088475227 0.057999998331069946 0.067484989762306213
   vertex -0.0041978689841926098 0.056240249425172806 0.068730108439922333
   vertex -0.0041449638083577156 0.057999998331069946 0.067863918840885162
  endloop
 endfacet
 facet normal -0.081957124398639711 0.44212626924297266 0.89320064476331207
  outer loop
   vertex -0.0083801215514540672 0.056240249425172806 0.068346358835697174
   vertex -0.0041978689841926098 0.056240249425172806 0.068730108439922333
   vertex -0.0082745077088475227 0.057999998331069946 0.067484989762306213
  endloop
 endfacet
 facet normal -0.13625927066568347 0.44212627855827946 0.88654259061021023
  outer loop
   vertex -0.012373269535601139 0.057999998331069946 0.066855020821094513
   vertex -0.0083801215514540672 0.056240249425172806 0.068346358835697174
   vertex -0.0082745077088475227 0.057999998331069946 0.067484989762306213
  endloop
 endfacet
 facet normal -0.13626061614986745 0.4421240092762691 0.88654351551851984
  outer loop
   vertex -0.012531200423836708 0.056240249425172806 0.067708343267440796
   vertex -0.0083801215514540672 0.056240249425172806 0.068346358835697174
   vertex -0.012373269535601139 0.057999998331069946 0.066855020821094513
  endloop
 endfacet
 facet normal -0.19005231403807116 0.44212404792645671 0.87658795575452586
  outer loop
   vertex -0.016426000744104385 0.057999998331069946 0.065976351499557495
   vertex -0.012531200423836708 0.056240249425172806 0.067708343267440796
   vertex -0.012373269535601139 0.057999998331069946 0.066855020821094513
  endloop
 endfacet
 facet normal -0.19005363319089358 0.44212190871916246 0.87658874869659709
  outer loop
   vertex -0.016635660082101822 0.056240249425172806 0.066818453371524811
   vertex -0.012531200423836708 0.056240249425172806 0.067708343267440796
   vertex -0.016426000744104385 0.057999998331069946 0.065976351499557495
  endloop
 endfacet
 facet normal -0.24314228533569962 0.4421219614082782 0.86337129922312705
  outer loop
   vertex -0.020417630672454834 0.057999998331069946 0.064852230250835419
   vertex -0.016635660082101822 0.056240249425172806 0.066818453371524811
   vertex -0.016426000744104385 0.057999998331069946 0.065976351499557495
  endloop
 endfacet
 facet normal -0.24314068969826091 0.44212446199412464 0.86337046806076223
  outer loop
   vertex -0.020678240805864334 0.056240249425172806 0.065679989755153656
   vertex -0.016635660082101822 0.056240249425172806 0.066818453371524811
   vertex -0.020417630672454834 0.057999998331069946 0.064852230250835419
  endloop
 endfacet
 facet normal -0.29532211145107373 0.44212456038103243 0.846941983606881
  outer loop
   vertex -0.024333300068974495 0.057999998331069946 0.063486866652965546
   vertex -0.020678240805864334 0.056240249425172806 0.065679989755153656
   vertex -0.020417630672454834 0.057999998331069946 0.064852230250835419
  endloop
 endfacet
 facet normal -0.29532189511431506 0.4421248895682775 0.84694188719789265
  outer loop
   vertex -0.024643890559673309 0.056240249425172806 0.064297199249267578
   vertex -0.020678240805864334 0.056240249425172806 0.065679989755153656
   vertex -0.024333300068974495 0.057999998331069946 0.063486866652965546
  endloop
 endfacet
 facet normal -0.34640700797913082 0.44212501475217691 0.82736186530038569
  outer loop
   vertex -0.028158450499176979 0.057999998331069946 0.061885319650173187
   vertex -0.024643890559673309 0.056240249425172806 0.064297199249267578
   vertex -0.024333300068974495 0.057999998331069946 0.063486866652965546
  endloop
 endfacet
 facet normal 0.02293341853460365 0.65917155963971807 0.75164280963530705
  outer loop
   vertex 2.4316560638411125e-17 0.061106599867343903 0.065606601536273956
   vertex 2.4081925894576784e-17 0.059631418436765671 0.066900297999382019
   vertex 0.0040785078890621662 0.059631418436765671 0.066775858402252197
  endloop
 endfacet
 facet normal -0.02293338863553494 0.65917156009194156 0.75164281015097012
  outer loop
   vertex -0.0039996388368308544 0.061106599867343903 0.065484568476676941
   vertex 2.4081925894576784e-17 0.059631418436765671 0.066900297999382019
   vertex 2.4316560638411125e-17 0.061106599867343903 0.065606601536273956
  endloop
 endfacet
 facet normal -0.020113262944915573 0.75168716077923614 0.65921306796312784
  outer loop
   vertex -0.003909706138074398 0.062400300055742264 0.064012132585048676
   vertex -0.0039996388368308544 0.061106599867343903 0.065484568476676941
   vertex 2.4316560638411125e-17 0.061106599867343903 0.065606601536273956
  endloop
 endfacet
 facet normal -0.060262985114151082 0.75168716294497395 0.65676082533055191
  outer loop
   vertex -0.0078048678115010262 0.062400300055742264 0.063654720783233643
   vertex -0.0039996388368308544 0.061106599867343903 0.065484568476676941
   vertex -0.003909706138074398 0.062400300055742264 0.064012132585048676
  endloop
 endfacet
 facet normal -0.050780944678956122 0.83135073080799748 0.55342321783832082
  outer loop
   vertex -0.0076063219457864761 0.063490383327007294 0.062035419046878815
   vertex -0.0078048678115010262 0.062400300055742264 0.063654720783233643
   vertex -0.003909706138074398 0.062400300055742264 0.064012132585048676
  endloop
 endfacet
 facet normal -0.084426012298349895 0.83135072963458068 0.54929792716107095
  outer loop
   vertex -0.011374100111424923 0.063490383327007294 0.061456318944692612
   vertex -0.0078048678115010262 0.062400300055742264 0.063654720783233643
   vertex -0.0076063219457864761 0.063490383327007294 0.062035419046878815
  endloop
 endfacet
 facet normal -0.067214795199515287 0.89679196809229567 0.43731720440823513
  outer loop
   vertex -0.011053849942982197 0.064358189702033997 0.059725958853960037
   vertex -0.011374100111424923 0.063490383327007294 0.061456318944692612
   vertex -0.0076063219457864761 0.063490383327007294 0.062035419046878815
  endloop
 endfacet
 facet normal -0.093750273855597283 0.89679197842642633 0.43240609799356028
  outer loop
   vertex -0.014674419537186623 0.064358189702033997 0.058940980583429337
   vertex -0.011374100111424923 0.063490383327007294 0.061456318944692612
   vertex -0.011053849942982197 0.064358189702033997 0.059725958853960037
  endloop
 endfacet
 facet normal -0.068137981609532411 0.94688385433925248 0.31427405533040798
  outer loop
   vertex -0.0142255499958992 0.064988888800144196 0.057138051837682724
   vertex -0.014674419537186623 0.064358189702033997 0.058940980583429337
   vertex -0.011053849942982197 0.064358189702033997 0.059725958853960037
  endloop
 endfacet
 facet normal -0.087170558477238494 0.94688384889088306 0.30953557217927891
  outer loop
   vertex -0.017682449892163277 0.064988888800144196 0.056164529174566269
   vertex -0.014674419537186623 0.064358189702033997 0.058940980583429337
   vertex -0.0142255499958992 0.064988888800144196 0.057138051837682724
  endloop
 endfacet
 facet normal -0.052906920537809446 0.98076827323245352 0.18786817713449266
  outer loop
   vertex -0.017104560509324074 0.065371669828891754 0.054328959435224533
   vertex -0.017682449892163277 0.064988888800144196 0.056164529174566269
   vertex -0.0142255499958992 0.064988888800144196 0.057138051837682724
  endloop
 endfacet
 facet normal -0.064262131325122221 0.98076826158700703 0.18429323248875096
  outer loop
   vertex -0.020384849980473518 0.065371669828891754 0.05318513885140419
   vertex -0.017682449892163277 0.064988888800144196 0.056164529174566269
   vertex -0.017104560509324074 0.065371669828891754 0.054328959435224533
  endloop
 endfacet
 facet normal -0.025360862935215753 0.55539135779155224 0.83120230168210996
  outer loop
   vertex -0.0040785078890621662 0.059631418436765671 0.066775858402252197
   vertex 2.378072461812785e-17 0.057999998331069946 0.06799037754535675
   vertex 2.4081925894576784e-17 0.059631418436765671 0.066900297999382019
  endloop
 endfacet
 facet normal -0.025359092601687321 0.55539434023205336 0.8312003628852801
  outer loop
   vertex -0.0041449638083577156 0.057999998331069946 0.067863918840885162
   vertex 2.378072461812785e-17 0.057999998331069946 0.06799037754535675
   vertex -0.0040785078890621662 0.059631418436765671 0.066775858402252197
  endloop
 endfacet
 facet normal -0.075985233584524178 0.55539436777056084 0.82810829033758881
  outer loop
   vertex -0.0081418436020612717 0.059631418436765671 0.066403016448020935
   vertex -0.0041449638083577156 0.057999998331069946 0.067863918840885162
   vertex -0.0040785078890621662 0.059631418436765671 0.066775858402252197
  endloop
 endfacet
 facet normal -0.075987879208207681 0.5553901823983266 0.82811085460159994
  outer loop
   vertex -0.0082745077088475227 0.057999998331069946 0.067484989762306213
   vertex -0.0041449638083577156 0.057999998331069946 0.067863918840885162
   vertex -0.0081418436020612717 0.059631418436765671 0.066403016448020935
  endloop
 endfacet
 facet normal -0.12632920817846666 0.5553901903576407 0.82193835998540987
  outer loop
   vertex -0.012174890376627445 0.059631418436765671 0.065783150494098663
   vertex -0.0082745077088475227 0.057999998331069946 0.067484989762306213
   vertex -0.0081418436020612717 0.059631418436765671 0.066403016448020935
  endloop
 endfacet
 facet normal -0.1263298551414736 0.55538922226174436 0.82193891469830604
  outer loop
   vertex -0.012373269535601139 0.057999998331069946 0.066855020821094513
   vertex -0.0082745077088475227 0.057999998331069946 0.067484989762306213
   vertex -0.012174890376627445 0.059631418436765671 0.065783150494098663
  endloop
 endfacet
 facet normal -0.17620361143149305 0.55538926527684362 0.81270846638493133
  outer loop
   vertex -0.016162650659680367 0.059631418436765671 0.064918562769889832
   vertex -0.012373269535601139 0.057999998331069946 0.066855020821094513
   vertex -0.012174890376627445 0.059631418436765671 0.065783150494098663
  endloop
 endfacet
 facet normal -0.17620246664961639 0.55539089608349057 0.81270760012083576
  outer loop
   vertex -0.016426000744104385 0.057999998331069946 0.065976351499557495
   vertex -0.012373269535601139 0.057999998331069946 0.066855020821094513
   vertex -0.016162650659680367 0.059631418436765671 0.064918562769889832
  endloop
 endfacet
 facet normal -0.22542207738047795 0.55539079548586556 0.80045359098391655
  outer loop
   vertex -0.020090280100703239 0.059631418436765671 0.063812471926212311
   vertex -0.016426000744104385 0.057999998331069946 0.065976351499557495
   vertex -0.016162650659680367 0.059631418436765671 0.064918562769889832
  endloop
 endfacet
 facet normal -0.22542373561636109 0.55538853338153937 0.800454693539283
  outer loop
   vertex -0.020417630672454834 0.057999998331069946 0.064852230250835419
   vertex -0.016426000744104385 0.057999998331069946 0.065976351499557495
   vertex -0.020090280100703239 0.059631418436765671 0.063812471926212311
  endloop
 endfacet
 facet normal -0.2738029137868257 0.55538850134261342 0.78522326568833278
  outer loop
   vertex -0.02394317090511322 0.059631418436765671 0.062468990683555603
   vertex -0.020417630672454834 0.057999998331069946 0.064852230250835419
   vertex -0.020090280100703239 0.059631418436765671 0.063812471926212311
  endloop
 endfacet
 facet normal -0.27380085609344623 0.55539120385038965 0.7852220717020828
  outer loop
   vertex -0.024333300068974495 0.057999998331069946 0.063486866652965546
   vertex -0.020417630672454834 0.057999998331069946 0.064852230250835419
   vertex -0.02394317090511322 0.059631418436765671 0.062468990683555603
  endloop
 endfacet
 facet normal -0.32116185366938083 0.55539115209429413 0.7670695743692485
  outer loop
   vertex -0.027706990018486977 0.059631418436765671 0.06089312955737114
   vertex -0.024333300068974495 0.057999998331069946 0.063486866652965546
   vertex -0.02394317090511322 0.059631418436765671 0.062468990683555603
  endloop
 endfacet
 facet normal -0.32116369841073755 0.55538880783850841 0.76707049933552862
  outer loop
   vertex -0.028158450499176979 0.057999998331069946 0.061885319650173187
   vertex -0.024333300068974495 0.057999998331069946 0.063486866652965546
   vertex -0.027706990018486977 0.059631418436765671 0.06089312955737114
  endloop
 endfacet
 facet normal -0.36733048516085109 0.55538885095432111 0.74606403137206179
  outer loop
   vertex -0.031367741525173187 0.059631418436765671 0.059090729802846909
   vertex -0.028158450499176979 0.057999998331069946 0.061885319650173187
   vertex -0.027706990018486977 0.059631418436765671 0.06089312955737114
  endloop
 endfacet
 facet normal 0.98068858920223723 0.19500297932887645 0.014957575384651969
  outer loop
   vertex 0.069863550364971161 0.052457891404628754 -0.0010655330261215568
   vertex 0.069416172802448273 0.054382290691137314 0.0031781010329723358
   vertex 0.069798558950424194 0.052457891404628754 0.0031956080347299576
  endloop
 endfacet
 facet normal 0.98068844023305368 0.19500375675358431 0.014957207133996619
  outer loop
   vertex 0.069480806589126587 0.054382290691137314 -0.0010596959618851542
   vertex 0.069416172802448273 0.054382290691137314 0.0031781010329723358
   vertex 0.069863550364971161 0.052457891404628754 -0.0010655330261215568
  endloop
 endfacet
 facet normal 0.979776180383923 0.19500374595258019 -0.044857278302991528
  outer loop
   vertex 0.069668643176555634 0.052457891404628754 -0.0053227110765874386
   vertex 0.069480806589126587 0.054382290691137314 -0.0010596959618851542
   vertex 0.069863550364971161 0.052457891404628754 -0.0010655330261215568
  endloop
 endfacet
 facet normal 0.97977672930449378 0.19500125243089 -0.044856128497373582
  outer loop
   vertex 0.069286972284317017 0.054382290691137314 -0.0052935509011149406
   vertex 0.069480806589126587 0.054382290691137314 -0.0010596959618851542
   vertex 0.069668643176555634 0.052457891404628754 -0.0053227110765874386
  endloop
 endfacet
 facet normal 0.9752194766083021 0.19500126618718489 -0.10450587844338885
  outer loop
   vertex 0.069214560091495514 0.052457891404628754 -0.009560086764395237
   vertex 0.069286972284317017 0.054382290691137314 -0.0052935509011149406
   vertex 0.069668643176555634 0.052457891404628754 -0.0053227110765874386
  endloop
 endfacet
 facet normal 0.97521958365049166 0.19500083428654436 -0.10450568545353683
  outer loop
   vertex 0.06883537769317627 0.054382290691137314 -0.0095077129080891609
   vertex 0.069286972284317017 0.054382290691137314 -0.0052935509011149406
   vertex 0.069214560091495514 0.052457891404628754 -0.009560086764395237
  endloop
 endfacet
 facet normal 0.96703474858418703 0.19500084062412376 -0.16376344887246089
  outer loop
   vertex 0.068502999842166901 0.052457891404628754 -0.013761900365352631
   vertex 0.06883537769317627 0.054382290691137314 -0.0095077129080891609
   vertex 0.069214560091495514 0.052457891404628754 -0.009560086764395237
  endloop
 endfacet
 facet normal 0.96703360594363252 0.19500500140301871 -0.163765241743979
  outer loop
   vertex 0.06812770664691925 0.054382290691137314 -0.013686509802937508
   vertex 0.06883537769317627 0.054382290691137314 -0.0095077129080891609
   vertex 0.068502999842166901 0.052457891404628754 -0.013761900365352631
  endloop
 endfacet
 facet normal 0.95525139425337757 0.19500487639417322 -0.22241374049161483
  outer loop
   vertex 0.067536599934101105 0.052457891404628754 -0.017912520095705986
   vertex 0.06812770664691925 0.054382290691137314 -0.013686509802937508
   vertex 0.068502999842166901 0.052457891404628754 -0.013761900365352631
  endloop
 endfacet
 facet normal 0.95525288880412174 0.19499990084669247 -0.22241168382340004
  outer loop
   vertex 0.067166611552238464 0.054382290691137314 -0.017814390361309052
   vertex 0.06812770664691925 0.054382290691137314 -0.013686509802937508
   vertex 0.067536599934101105 0.052457891404628754 -0.017912520095705986
  endloop
 endfacet
 facet normal 0.93991622904170136 0.19499987692047671 -0.28023656147088799
  outer loop
   vertex 0.06631895899772644 0.052457891404628754 -0.021996499970555305
   vertex 0.067166611552238464 0.054382290691137314 -0.017814390361309052
   vertex 0.067536599934101105 0.052457891404628754 -0.017912520095705986
  endloop
 endfacet
 facet normal 0.93991557897202027 0.19500187701530025 -0.28023735005562961
  outer loop
   vertex 0.065955638885498047 0.054382290691137314 -0.021875990554690361
   vertex 0.067166611552238464 0.054382290691137314 -0.017814390361309052
   vertex 0.06631895899772644 0.052457891404628754 -0.021996499970555305
  endloop
 endfacet
 facet normal 0.92108317290035879 0.19500198670530436 -0.33701634052489493
  outer loop
   vertex 0.064854606986045837 0.052457891404628754 -0.025998650118708611
   vertex 0.065955638885498047 0.054382290691137314 -0.021875990554690361
   vertex 0.06631895899772644 0.052457891404628754 -0.021996499970555305
  endloop
 endfacet
 facet normal 0.92108371979325498 0.19500041720933969 -0.33701575396411965
  outer loop
   vertex 0.064499311149120331 0.054382290691137314 -0.025856219232082367
   vertex 0.065955638885498047 0.054382290691137314 -0.021875990554690361
   vertex 0.064854606986045837 0.052457891404628754 -0.025998650118708611
  endloop
 endfacet
 facet normal 0.89882509350201811 0.19500046026226062 -0.39254078996786401
  outer loop
   vertex 0.063148997724056244 0.052457891404628754 -0.029904089868068695
   vertex 0.064499311149120331 0.054382290691137314 -0.025856219232082367
   vertex 0.064854606986045837 0.052457891404628754 -0.025998650118708611
  endloop
 endfacet
 facet normal 0.898823502831821 0.19500475254713215 -0.39254229993870349
  outer loop
   vertex 0.062803037464618683 0.054382290691137314 -0.029740260913968086
   vertex 0.064499311149120331 0.054382290691137314 -0.025856219232082367
   vertex 0.063148997724056244 0.052457891404628754 -0.029904089868068695
  endloop
 endfacet
 facet normal 0.87322156317919253 0.19500475558687888 -0.44660636683481064
  outer loop
   vertex 0.061208471655845642 0.052457891404628754 -0.033698279410600662
   vertex 0.062803037464618683 0.054382290691137314 -0.029740260913968086
   vertex 0.063148997724056244 0.052457891404628754 -0.029904089868068695
  endloop
 endfacet
 facet normal 0.8732214955840919 0.19500492831081032 -0.44660642358163338
  outer loop
   vertex 0.060873139649629593 0.054382290691137314 -0.033513668924570084
   vertex 0.062803037464618683 0.054382290691137314 -0.029740260913968086
   vertex 0.061208471655845642 0.052457891404628754 -0.033698279410600662
  endloop
 endfacet
 facet normal 0.84436990131039569 0.19500476637594016 -0.4990116339843565
  outer loop
   vertex 0.059040240943431854 0.052457891404628754 -0.037367109209299088
   vertex 0.060873139649629593 0.054382290691137314 -0.033513668924570084
   vertex 0.061208471655845642 0.052457891404628754 -0.033698279410600662
  endloop
 endfacet
 facet normal 0.8443703060753055 0.19500378070401556 -0.49901133426950856
  outer loop
   vertex 0.0587167888879776 0.054382290691137314 -0.037162400782108307
   vertex 0.060873139649629593 0.054382290691137314 -0.033513668924570084
   vertex 0.059040240943431854 0.052457891404628754 -0.037367109209299088
  endloop
 endfacet
 facet normal 0.81237709460889029 0.19500358773021531 -0.54956078547069065
  outer loop
   vertex 0.05665237084031105 0.052457891404628754 -0.040896929800510406
   vertex 0.0587167888879776 0.054382290691137314 -0.037162400782108307
   vertex 0.059040240943431854 0.052457891404628754 -0.037367109209299088
  endloop
 endfacet
 facet normal 0.81237819342737339 0.19500102291740021 -0.54956007124321227
  outer loop
   vertex 0.056342009454965591 0.054382290691137314 -0.040672879666090012
   vertex 0.0587167888879776 0.054382290691137314 -0.037162400782108307
   vertex 0.05665237084031105 0.052457891404628754 -0.040896929800510406
  endloop
 endfacet
 facet normal 0.77736507213117212 0.19500109346987626 -0.59806196850832283
  outer loop
   vertex 0.054053761065006256 0.052457891404628754 -0.044274620711803436
   vertex 0.056342009454965591 0.054382290691137314 -0.040672879666090012
   vertex 0.05665237084031105 0.052457891404628754 -0.040896929800510406
  endloop
 endfacet
 facet normal 0.77736321630530836 0.19500526761644371 -0.59806301970386511
  outer loop
   vertex 0.053757630288600922 0.054382290691137314 -0.044032059609889984
   vertex 0.056342009454965591 0.054382290691137314 -0.040672879666090012
   vertex 0.054053761065006256 0.052457891404628754 -0.044274620711803436
  endloop
 endfacet
 facet normal 0.73945687407493177 0.19500537789038419 -0.6443418611088052
  outer loop
   vertex 0.051254060119390488 0.052457891404628754 -0.047487601637840271
   vertex 0.053757630288600922 0.054382290691137314 -0.044032059609889984
   vertex 0.054053761065006256 0.052457891404628754 -0.044274620711803436
  endloop
 endfacet
 facet normal 0.73945736114523963 0.19500431702992743 -0.64434162319984445
  outer loop
   vertex 0.050973270088434219 0.054382290691137314 -0.047227438539266586
   vertex 0.053757630288600922 0.054382290691137314 -0.044032059609889984
   vertex 0.051254060119390488 0.052457891404628754 -0.047487601637840271
  endloop
 endfacet
 facet normal 0.69879962835143816 0.19500447320268671 -0.68822404407782389
  outer loop
   vertex 0.048263691365718842 0.052457891404628754 -0.050523921847343445
   vertex 0.050973270088434219 0.054382290691137314 -0.047227438539266586
   vertex 0.051254060119390488 0.052457891404628754 -0.047487601637840271
  endloop
 endfacet
 facet normal 0.94686489437090871 0.32130720429505111 0.014441339136871956
  outer loop
   vertex 0.069480806589126587 0.054382290691137314 -0.0010596959618851542
   vertex 0.0687861368060112 0.056240249425172806 0.0031492561101913452
   vertex 0.069416172802448273 0.054382290691137314 0.0031781010329723358
  endloop
 endfacet
 facet normal 0.94686572926846313 0.32130468778820087 0.01444258779542037
  outer loop
   vertex 0.068850189447402954 0.056240249425172806 -0.0010500779608264565
   vertex 0.0687861368060112 0.056240249425172806 0.0031492561101913452
   vertex 0.069480806589126587 0.054382290691137314 -0.0010596959618851542
  endloop
 endfacet
 facet normal 0.94598499202435349 0.32130471338370276 -0.043309075516575139
  outer loop
   vertex 0.069286972284317017 0.054382290691137314 -0.0052935509011149406
   vertex 0.068850189447402954 0.056240249425172806 -0.0010500779608264565
   vertex 0.069480806589126587 0.054382290691137314 -0.0010596959618851542
  endloop
 endfacet
 facet normal 0.94598483069015438 0.32130515979884472 -0.043309287580828602
  outer loop
   vertex 0.068658113479614258 0.056240249425172806 -0.0052455049008131027
   vertex 0.068850189447402954 0.056240249425172806 -0.0010500779608264565
   vertex 0.069286972284317017 0.054382290691137314 -0.0052935509011149406
  endloop
 endfacet
 facet normal 0.94158477819442343 0.32130518994406515 -0.10090133987002718
  outer loop
   vertex 0.06883537769317627 0.054382290691137314 -0.0095077129080891609
   vertex 0.068658113479614258 0.056240249425172806 -0.0052455049008131027
   vertex 0.069286972284317017 0.054382290691137314 -0.0052935509011149406
  endloop
 endfacet
 facet normal 0.94158330426646664 0.32130897223981736 -0.1009030499283104
  outer loop
   vertex 0.068210609257221222 0.056240249425172806 -0.0094214193522930145
   vertex 0.068658113479614258 0.056240249425172806 -0.0052455049008131027
   vertex 0.06883537769317627 0.054382290691137314 -0.0095077129080891609
  endloop
 endfacet
 facet normal 0.93368067531499277 0.32130890822679775 -0.15811698845298869
  outer loop
   vertex 0.06812770664691925 0.054382290691137314 -0.013686509802937508
   vertex 0.068210609257221222 0.056240249425172806 -0.0094214193522930145
   vertex 0.06883537769317627 0.054382290691137314 -0.0095077129080891609
  endloop
 endfacet
 facet normal 0.93368201702725484 0.32130568705648604 -0.15811561132625862
  outer loop
   vertex 0.067509368062019348 0.056240249425172806 -0.013562289997935295
   vertex 0.068210609257221222 0.056240249425172806 -0.0094214193522930145
   vertex 0.06812770664691925 0.054382290691137314 -0.013686509802937508
  endloop
 endfacet
 facet normal 0.92230638989948965 0.32130567301160867 -0.21474074518155145
  outer loop
   vertex 0.067166611552238464 0.054382290691137314 -0.017814390361309052
   vertex 0.067509368062019348 0.056240249425172806 -0.013562289997935295
   vertex 0.06812770664691925 0.054382290691137314 -0.013686509802937508
  endloop
 endfacet
 facet normal 0.92230497509522114 0.32130887524818835 -0.21474203035583747
  outer loop
   vertex 0.066556990146636963 0.056240249425172806 -0.01765269972383976
   vertex 0.067509368062019348 0.056240249425172806 -0.013562289997935295
   vertex 0.067166611552238464 0.054382290691137314 -0.017814390361309052
  endloop
 endfacet
 facet normal 0.90749736328978547 0.32130893713931274 -0.27057180661793351
  outer loop
   vertex 0.065955638885498047 0.054382290691137314 -0.021875990554690361
   vertex 0.066556990146636963 0.056240249425172806 -0.01765269972383976
   vertex 0.067166611552238464 0.054382290691137314 -0.017814390361309052
  endloop
 endfacet
 facet normal 0.90749731661166388 0.32130903742184497 -0.27057184408891655
  outer loop
   vertex 0.065357007086277008 0.056240249425172806 -0.021677440032362938
   vertex 0.066556990146636963 0.056240249425172806 -0.01765269972383976
   vertex 0.065955638885498047 0.054382290691137314 -0.021875990554690361
  endloop
 endfacet
 facet normal 0.88931475294460383 0.32130896661735381 -0.32539179179316463
  outer loop
   vertex 0.064499311149120331 0.054382290691137314 -0.025856219232082367
   vertex 0.065357007086277008 0.056240249425172806 -0.021677440032362938
   vertex 0.065955638885498047 0.054382290691137314 -0.021875990554690361
  endloop
 endfacet
 facet normal 0.88931443526976584 0.32130961841911138 -0.32539201639281579
  outer loop
   vertex 0.063913896679878235 0.056240249425172806 -0.02562154084444046
   vertex 0.065357007086277008 0.056240249425172806 -0.021677440032362938
   vertex 0.064499311149120331 0.054382290691137314 -0.025856219232082367
  endloop
 endfacet
 facet normal 0.86782287512040224 0.32130960172947798 -0.37900342644124357
  outer loop
   vertex 0.062803037464618683 0.054382290691137314 -0.029740260913968086
   vertex 0.063913896679878235 0.056240249425172806 -0.02562154084444046
   vertex 0.064499311149120331 0.054382290691137314 -0.025856219232082367
  endloop
 endfacet
 facet normal 0.86782544722425747 0.32130453331547781 -0.37900183379627661
  outer loop
   vertex 0.062233030796051025 0.056240249425172806 -0.029470330104231834
   vertex 0.063913896679878235 0.056240249425172806 -0.02562154084444046
   vertex 0.062803037464618683 0.054382290691137314 -0.029740260913968086
  endloop
 endfacet
 facet normal 0.84310540168439219 0.32130468683763264 -0.43120364083199791
  outer loop
   vertex 0.060873139649629593 0.054382290691137314 -0.033513668924570084
   vertex 0.062233030796051025 0.056240249425172806 -0.029470330104231834
   vertex 0.062803037464618683 0.054382290691137314 -0.029740260913968086
  endloop
 endfacet
 facet normal 0.84310561678239881 0.32130427766202907 -0.43120352515494675
  outer loop
   vertex 0.060320649296045303 0.056240249425172806 -0.033209491521120071
   vertex 0.062233030796051025 0.056240249425172806 -0.029470330104231834
   vertex 0.060873139649629593 0.054382290691137314 -0.033513668924570084
  endloop
 endfacet
 facet normal 0.81524914262546888 0.32130439227127017 -0.48180112386297708
  outer loop
   vertex 0.0587167888879776 0.054382290691137314 -0.037162400782108307
   vertex 0.060320649296045303 0.056240249425172806 -0.033209491521120071
   vertex 0.060873139649629593 0.054382290691137314 -0.033513668924570084
  endloop
 endfacet
 facet normal 0.81524971900992915 0.32130332871954553 -0.48180085783233206
  outer loop
   vertex 0.058183871209621429 0.056240249425172806 -0.036825109273195267
   vertex 0.060320649296045303 0.056240249425172806 -0.033209491521120071
   vertex 0.0587167888879776 0.054382290691137314 -0.037162400782108307
  endloop
 endfacet
 facet normal 0.78436023284757206 0.3213034042742211 -0.53060639604993332
  outer loop
   vertex 0.056342009454965591 0.054382290691137314 -0.040672879666090012
   vertex 0.058183871209621429 0.056240249425172806 -0.036825109273195267
   vertex 0.0587167888879776 0.054382290691137314 -0.037162400782108307
  endloop
 endfacet
 facet normal 0.78435922187762608 0.32130522195894401 -0.53060678981467846
  outer loop
   vertex 0.055830638855695724 0.056240249425172806 -0.040303729474544525
   vertex 0.058183871209621429 0.056240249425172806 -0.036825109273195267
   vertex 0.056342009454965591 0.054382290691137314 -0.040672879666090012
  endloop
 endfacet
 facet normal 0.75055306820880996 0.32130510877130758 -0.57743667954140199
  outer loop
   vertex 0.053757630288600922 0.054382290691137314 -0.044032059609889984
   vertex 0.055830638855695724 0.056240249425172806 -0.040303729474544525
   vertex 0.056342009454965591 0.054382290691137314 -0.040672879666090012
  endloop
 endfacet
 facet normal 0.75055434268823051 0.32130286637836625 -0.5774362707077586
  outer loop
   vertex 0.053269721567630768 0.056240249425172806 -0.043632421642541885
   vertex 0.055830638855695724 0.056240249425172806 -0.040303729474544525
   vertex 0.053757630288600922 0.054382290691137314 -0.044032059609889984
  endloop
 endfacet
 facet normal 0.71395496883496246 0.32130286289141313 -0.62211958076695328
  outer loop
   vertex 0.050973270088434219 0.054382290691137314 -0.047227438539266586
   vertex 0.053269721567630768 0.056240249425172806 -0.043632421642541885
   vertex 0.053757630288600922 0.054382290691137314 -0.044032059609889984
  endloop
 endfacet
 facet normal 0.9779526845761003 0.19500298317709688 0.074715348372548396
  outer loop
   vertex 0.069093309342861176 0.054382290691137314 0.0074040759354829788
   vertex 0.069798558950424194 0.052457891404628754 0.0031956080347299576
   vertex 0.069416172802448273 0.054382290691137314 0.0031781010329723358
  endloop
 endfacet
 facet normal 0.97795344765133252 0.19499828391726431 0.07471762507062546
  outer loop
   vertex 0.069473907351493835 0.052457891404628754 0.0074448618106544018
   vertex 0.069798558950424194 0.052457891404628754 0.0031956080347299576
   vertex 0.069093309342861176 0.054382290691137314 0.0074040759354829788
  endloop
 endfacet
 facet normal 0.97157946499088088 0.1949982941268627 0.13419764713156154
  outer loop
   vertex 0.068513408303260803 0.054382290691137314 0.011602509766817093
   vertex 0.069473907351493835 0.052457891404628754 0.0074448618106544018
   vertex 0.069093309342861176 0.054382290691137314 0.0074040759354829788
  endloop
 endfacet
 facet normal 0.97157913439075205 0.19500078840785981 0.13419641625926682
  outer loop
   vertex 0.06889081746339798 0.052457891404628754 0.011666419915854931
   vertex 0.069473907351493835 0.052457891404628754 0.0074448618106544018
   vertex 0.068513408303260803 0.054382290691137314 0.011602509766817093
  endloop
 endfacet
 facet normal 0.96159072380097599 0.19500070929638263 0.19317868224476212
  outer loop
   vertex 0.067678637802600861 0.054382290691137314 0.015757769346237183
   vertex 0.06889081746339798 0.052457891404628754 0.011666419915854931
   vertex 0.068513408303260803 0.054382290691137314 0.011602509766817093
  endloop
 endfacet
 facet normal 0.96159055016981609 0.19500240799217827 0.1931778318062462
  outer loop
   vertex 0.068051449954509735 0.052457891404628754 0.015844579786062241
   vertex 0.06889081746339798 0.052457891404628754 0.011666419915854931
   vertex 0.067678637802600861 0.054382290691137314 0.015757769346237183
  endloop
 endfacet
 facet normal 0.94802490985742471 0.19500263877964946 0.25144132746785164
  outer loop
   vertex 0.066592097282409668 0.054382290691137314 0.01985442079603672
   vertex 0.068051449954509735 0.052457891404628754 0.015844579786062241
   vertex 0.067678637802600861 0.054382290691137314 0.015757769346237183
  endloop
 endfacet
 facet normal 0.9480251516759286 0.19499925680489494 0.25144303855022809
  outer loop
   vertex 0.066958919167518616 0.052457891404628754 0.019963789731264114
   vertex 0.068051449954509735 0.052457891404628754 0.015844579786062241
   vertex 0.066592097282409668 0.054382290691137314 0.01985442079603672
  endloop
 endfacet
 facet normal 0.89685134872645356 0.44212048545105748 0.013679716081212691
  outer loop
   vertex 0.068850189447402954 0.056240249425172806 -0.0010500779608264565
   vertex 0.067919239401817322 0.057999998331069946 0.0031095671001821756
   vertex 0.0687861368060112 0.056240249425172806 0.0031492561101913452
  endloop
 endfacet
 facet normal 0.8968488823865054 0.44212557209440628 0.013677012183598842
  outer loop
   vertex 0.067982472479343414 0.057999998331069946 -0.0010368439834564924
   vertex 0.067919239401817322 0.057999998331069946 0.0031095671001821756
   vertex 0.068850189447402954 0.056240249425172806 -0.0010500779608264565
  endloop
 endfacet
 facet normal 0.89601463104321888 0.44212556377857021 -0.041021540804380141
  outer loop
   vertex 0.068658113479614258 0.056240249425172806 -0.0052455049008131027
   vertex 0.067982472479343414 0.057999998331069946 -0.0010368439834564924
   vertex 0.068850189447402954 0.056240249425172806 -0.0010500779608264565
  endloop
 endfacet
 facet normal 0.89601320361871128 0.4421283280912871 -0.041022925787137295
  outer loop
   vertex 0.067792810499668121 0.057999998331069946 -0.0051793968304991722
   vertex 0.067982472479343414 0.057999998331069946 -0.0010368439834564924
   vertex 0.068658113479614258 0.056240249425172806 -0.0052455049008131027
  endloop
 endfacet
 facet normal 0.89184550585771605 0.44212825886567225 -0.095572989875820219
  outer loop
   vertex 0.068210609257221222 0.056240249425172806 -0.0094214193522930145
   vertex 0.067792810499668121 0.057999998331069946 -0.0051793968304991722
   vertex 0.068658113479614258 0.056240249425172806 -0.0052455049008131027
  endloop
 endfacet
 facet normal 0.89184888780944893 0.44212206433481038 -0.095570087063759329
  outer loop
   vertex 0.067350961267948151 0.057999998331069946 -0.0093026822432875633
   vertex 0.067792810499668121 0.057999998331069946 -0.0051793968304991722
   vertex 0.068210609257221222 0.056240249425172806 -0.0094214193522930145
  endloop
 endfacet
 facet normal 0.88436355144831236 0.44212208698372935 -0.14976371079430278
  outer loop
   vertex 0.067509368062019348 0.056240249425172806 -0.013562289997935295
   vertex 0.067350961267948151 0.057999998331069946 -0.0093026822432875633
   vertex 0.068210609257221222 0.056240249425172806 -0.0094214193522930145
  endloop
 endfacet
 facet normal 0.88436300674447221 0.44212303676218001 -0.14976412342769058
  outer loop
   vertex 0.066658556461334229 0.057999998331069946 -0.013391359709203243
   vertex 0.067350961267948151 0.057999998331069946 -0.0093026822432875633
   vertex 0.067509368062019348 0.056240249425172806 -0.013562289997935295
  endloop
 endfacet
 facet normal 0.87358792563600718 0.44212319928123084 -0.20339914660663375
  outer loop
   vertex 0.066556990146636963 0.056240249425172806 -0.01765269972383976
   vertex 0.066658556461334229 0.057999998331069946 -0.013391359709203243
   vertex 0.067509368062019348 0.056240249425172806 -0.013562289997935295
  endloop
 endfacet
 facet normal 0.87358804241344157 0.44212300430317902 -0.20339906887245654
  outer loop
   vertex 0.065718181431293488 0.057999998331069946 -0.017430219799280167
   vertex 0.066658556461334229 0.057999998331069946 -0.013391359709203243
   vertex 0.066556990146636963 0.056240249425172806 -0.01765269972383976
  endloop
 endfacet
 facet normal 0.8595625088825728 0.442123121371025 -0.25628000092211428
  outer loop
   vertex 0.065357007086277008 0.056240249425172806 -0.021677440032362938
   vertex 0.065718181431293488 0.057999998331069946 -0.017430219799280167
   vertex 0.066556990146636963 0.056240249425172806 -0.01765269972383976
  endloop
 endfacet
 facet normal 0.85956495148696466 0.44211919507833702 -0.25627858185672803
  outer loop
   vertex 0.064533330500125885 0.057999998331069946 -0.021404240280389786
   vertex 0.065718181431293488 0.057999998331069946 -0.017430219799280167
   vertex 0.065357007086277008 0.056240249425172806 -0.021677440032362938
  endloop
 endfacet
 facet normal 0.84234200159354167 0.44211931301362906 -0.30820523261577298
  outer loop
   vertex 0.063913896679878235 0.056240249425172806 -0.02562154084444046
   vertex 0.064533330500125885 0.057999998331069946 -0.021404240280389786
   vertex 0.065357007086277008 0.056240249425172806 -0.021677440032362938
  endloop
 endfacet
 facet normal 0.84234057863416201 0.44212152604658955 -0.30820594704271997
  outer loop
   vertex 0.063108399510383606 0.057999998331069946 -0.025298640131950378
   vertex 0.064533330500125885 0.057999998331069946 -0.021404240280389786
   vertex 0.063913896679878235 0.056240249425172806 -0.02562154084444046
  endloop
 endfacet
 facet normal 0.82198557577672082 0.44212143952480681 -0.35898237551100642
  outer loop
   vertex 0.062233030796051025 0.056240249425172806 -0.029470330104231834
   vertex 0.063108399510383606 0.057999998331069946 -0.025298640131950378
   vertex 0.063913896679878235 0.056240249425172806 -0.02562154084444046
  endloop
 endfacet
 facet normal 0.8219857378693578 0.44212119447804549 -0.35898230615543381
  outer loop
   vertex 0.061448719352483749 0.057999998331069946 -0.029098920524120331
   vertex 0.063108399510383606 0.057999998331069946 -0.025298640131950378
   vertex 0.062233030796051025 0.056240249425172806 -0.029470330104231834
  endloop
 endfacet
 facet normal 0.79857150185141568 0.44212123376228529 -0.40842670222120542
  outer loop
   vertex 0.060320649296045303 0.056240249425172806 -0.033209491521120071
   vertex 0.061448719352483749 0.057999998331069946 -0.029098920524120331
   vertex 0.062233030796051025 0.056240249425172806 -0.029470330104231834
  endloop
 endfacet
 facet normal 0.79856819401821266 0.44212611614228065 -0.40842788461053053
  outer loop
   vertex 0.059560429304838181 0.057999998331069946 -0.032790951430797577
   vertex 0.061448719352483749 0.057999998331069946 -0.029098920524120331
   vertex 0.060320649296045303 0.056240249425172806 -0.033209491521120071
  endloop
 endfacet
 facet normal 0.77218465100132161 0.44212613824638597 -0.45635002206344283
  outer loop
   vertex 0.058183871209621429 0.056240249425172806 -0.036825109273195267
   vertex 0.059560429304838181 0.057999998331069946 -0.032790951430797577
   vertex 0.060320649296045303 0.056240249425172806 -0.033209491521120071
  endloop
 endfacet
 facet normal 0.77218470947757567 0.44212605362223217 -0.45635000510295093
  outer loop
   vertex 0.057450581341981888 0.057999998331069946 -0.036361001431941986
   vertex 0.059560429304838181 0.057999998331069946 -0.032790951430797577
   vertex 0.058183871209621429 0.056240249425172806 -0.036825109273195267
  endloop
 endfacet
 facet normal 0.74292644886108217 0.44212609069727926 -0.50257816457482807
  outer loop
   vertex 0.055830638855695724 0.056240249425172806 -0.040303729474544525
   vertex 0.057450581341981888 0.057999998331069946 -0.036361001431941986
   vertex 0.058183871209621429 0.056240249425172806 -0.036825109273195267
  endloop
 endfacet
 facet normal 0.74292866948598169 0.44212292715507945 -0.50257766498284939
  outer loop
   vertex 0.055127009749412537 0.057999998331069946 -0.039795789867639542
   vertex 0.057450581341981888 0.057999998331069946 -0.036361001431941986
   vertex 0.055830638855695724 0.056240249425172806 -0.040303729474544525
  endloop
 endfacet
 facet normal 0.71090793823523257 0.44212284238463317 -0.54693445274170072
  outer loop
   vertex 0.053269721567630768 0.056240249425172806 -0.043632421642541885
   vertex 0.055127009749412537 0.057999998331069946 -0.039795789867639542
   vertex 0.055830638855695724 0.056240249425172806 -0.040303729474544525
  endloop
 endfacet
 facet normal 0.94422330813180722 0.32130719828439774 0.072138954187436266
  outer loop
   vertex 0.068466201424598694 0.056240249425172806 0.007336874958127737
   vertex 0.069416172802448273 0.054382290691137314 0.0031781010329723358
   vertex 0.0687861368060112 0.056240249425172806 0.0031492561101913452
  endloop
 endfacet
 facet normal 0.94422298919835834 0.3213082582005683 0.072138407810500349
  outer loop
   vertex 0.069093309342861176 0.054382290691137314 0.0074040759354829788
   vertex 0.069416172802448273 0.054382290691137314 0.0031781010329723358
   vertex 0.068466201424598694 0.056240249425172806 0.007336874958127737
  endloop
 endfacet
 facet normal 0.93806880660328495 0.32130825880685909 0.12956819401532682
  outer loop
   vertex 0.067891567945480347 0.056240249425172806 0.011497199535369873
   vertex 0.069093309342861176 0.054382290691137314 0.0074040759354829788
   vertex 0.068466201424598694 0.056240249425172806 0.007336874958127737
  endloop
 endfacet
 facet normal 0.93806927006050433 0.321306535390118 0.12956911238312618
  outer loop
   vertex 0.068513408303260803 0.054382290691137314 0.011602509766817093
   vertex 0.069093309342861176 0.054382290691137314 0.0074040759354829788
   vertex 0.067891567945480347 0.056240249425172806 0.011497199535369873
  endloop
 endfacet
 facet normal 0.92842521847746884 0.32130661983116393 0.18651721032584648
  outer loop
   vertex 0.067064367234706879 0.056240249425172806 0.015614749863743782
   vertex 0.068513408303260803 0.054382290691137314 0.011602509766817093
   vertex 0.067891567945480347 0.056240249425172806 0.011497199535369873
  endloop
 endfacet
 facet normal 0.92842460175700636 0.32130923381350396 0.18651577713031023
  outer loop
   vertex 0.067678637802600861 0.054382290691137314 0.015757769346237183
   vertex 0.068513408303260803 0.054382290691137314 0.011602509766817093
   vertex 0.067064367234706879 0.056240249425172806 0.015614749863743782
  endloop
 endfacet
 facet normal 0.91532722426737356 0.32130917206384368 0.24276838439680057
  outer loop
   vertex 0.065987691283226013 0.056240249425172806 0.019674219191074371
   vertex 0.067678637802600861 0.054382290691137314 0.015757769346237183
   vertex 0.067064367234706879 0.056240249425172806 0.015614749863743782
  endloop
 endfacet
 facet normal 0.91532748295757227 0.32130789185588193 0.2427691034165676
  outer loop
   vertex 0.066592097282409668 0.054382290691137314 0.01985442079603672
   vertex 0.067678637802600861 0.054382290691137314 0.015757769346237183
   vertex 0.065987691283226013 0.056240249425172806 0.019674219191074371
  endloop
 endfacet
 facet normal 0.83149050071609265 0.55539423602850568 0.012680292000341367
  outer loop
   vertex 0.067982472479343414 0.057999998331069946 -0.0010368439834564924
   vertex 0.066830292344093323 0.059631418436765671 0.0030597110744565725
   vertex 0.067919239401817322 0.057999998331069946 0.0031095671001821756
  endloop
 endfacet
 facet normal 0.83149237340962212 0.55539139451181341 0.012681950317549514
  outer loop
   vertex 0.066892519593238831 0.059631418436765671 -0.001020219991914928
   vertex 0.066830292344093323 0.059631418436765671 0.0030597110744565725
   vertex 0.067982472479343414 0.057999998331069946 -0.0010368439834564924
  endloop
 endfacet
 facet normal 0.83071887137833067 0.55539140214545868 -0.038033500480679806
  outer loop
   vertex 0.067792810499668121 0.057999998331069946 -0.0051793968304991722
   vertex 0.066892519593238831 0.059631418436765671 -0.001020219991914928
   vertex 0.067982472479343414 0.057999998331069946 -0.0010368439834564924
  endloop
 endfacet
 facet normal 0.83071862896067394 0.55539175175374855 -0.038033690086564743
  outer loop
   vertex 0.066705897450447083 0.059631418436765671 -0.0050963559187948704
   vertex 0.066892519593238831 0.059631418436765671 -0.001020219991914928
   vertex 0.067792810499668121 0.057999998331069946 -0.0051793968304991722
  endloop
 endfacet
 facet normal 0.82685493279924149 0.55539176178934013 -0.088605366892161475
  outer loop
   vertex 0.067350961267948151 0.057999998331069946 -0.0093026822432875633
   vertex 0.066705897450447083 0.059631418436765671 -0.0050963559187948704
   vertex 0.067792810499668121 0.057999998331069946 -0.0051793968304991722
  endloop
 endfacet
 facet normal 0.82685530276450381 0.55539125161217529 -0.088605112284124432
  outer loop
   vertex 0.066271133720874786 0.059631418436765671 -0.0091535337269306183
   vertex 0.066705897450447083 0.059631418436765671 -0.0050963559187948704
   vertex 0.067350961267948151 0.057999998331069946 -0.0093026822432875633
  endloop
 endfacet
 facet normal 0.81991535498813439 0.55539126429835095 -0.13885011413665083
  outer loop
   vertex 0.066658556461334229 0.057999998331069946 -0.013391359709203243
   vertex 0.066271133720874786 0.059631418436765671 -0.0091535337269306183
   vertex 0.067350961267948151 0.057999998331069946 -0.0093026822432875633
  endloop
 endfacet
 facet normal 0.81991548279120663 0.5553910948535441 -0.13885003722233613
  outer loop
   vertex 0.065589830279350281 0.059631418436765671 -0.013176660053431988
   vertex 0.066271133720874786 0.059631418436765671 -0.0091535337269306183
   vertex 0.066658556461334229 0.057999998331069946 -0.013391359709203243
  endloop
 endfacet
 facet normal 0.80992573284030756 0.55539105708059799 -0.18857645928902861
  outer loop
   vertex 0.065718181431293488 0.057999998331069946 -0.017430219799280167
   vertex 0.065589830279350281 0.059631418436765671 -0.013176660053431988
   vertex 0.066658556461334229 0.057999998331069946 -0.013391359709203243
  endloop
 endfacet
 facet normal 0.80992487805497226 0.55539215223395966 -0.18857690511981712
  outer loop
   vertex 0.064664527773857117 0.059631418436765671 -0.017150770872831345
   vertex 0.065589830279350281 0.059631418436765671 -0.013176660053431988
   vertex 0.065718181431293488 0.057999998331069946 -0.017430219799280167
  endloop
 endfacet
 facet normal 0.79692230600133929 0.55539198472823437 -0.23760172873348467
  outer loop
   vertex 0.064533330500125885 0.057999998331069946 -0.021404240280389786
   vertex 0.064664527773857117 0.059631418436765671 -0.017150770872831345
   vertex 0.065718181431293488 0.057999998331069946 -0.017430219799280167
  endloop
 endfacet
 facet normal 0.79692042775757577 0.55539432118314491 -0.23760256694782556
  outer loop
   vertex 0.063498668372631073 0.059631418436765671 -0.021061070263385773
   vertex 0.064664527773857117 0.059631418436765671 -0.017150770872831345
   vertex 0.064533330500125885 0.057999998331069946 -0.021404240280389786
  endloop
 endfacet
 facet normal 0.7809528022122344 0.55539420815052021 -0.28574463121765847
  outer loop
   vertex 0.063108399510383606 0.057999998331069946 -0.025298640131950378
   vertex 0.063498668372631073 0.059631418436765671 -0.021061070263385773
   vertex 0.064533330500125885 0.057999998331069946 -0.021404240280389786
  endloop
 endfacet
 facet normal 0.78095718703918759 0.55538888842545742 -0.28574298700996065
  outer loop
   vertex 0.062096599489450455 0.059631418436765671 -0.024893030524253845
   vertex 0.063498668372631073 0.059631418436765671 -0.021061070263385773
   vertex 0.063108399510383606 0.057999998331069946 -0.025298640131950378
  endloop
 endfacet
 facet normal 0.76208442299271473 0.55538899929650609 -0.33282186180040318
  outer loop
   vertex 0.061448719352483749 0.057999998331069946 -0.029098920524120331
   vertex 0.062096599489450455 0.059631418436765671 -0.024893030524253845
   vertex 0.063108399510383606 0.057999998331069946 -0.025298640131950378
  endloop
 endfacet
 facet normal 0.76208229344875922 0.55539152975280448 -0.3328225153001505
  outer loop
   vertex 0.060463521629571915 0.059631418436765671 -0.028632380068302155
   vertex 0.062096599489450455 0.059631418436765671 -0.024893030524253845
   vertex 0.061448719352483749 0.057999998331069946 -0.029098920524120331
  endloop
 endfacet
 facet normal 0.74037389490739824 0.55539154667775814 -0.37866439708340227
  outer loop
   vertex 0.059560429304838181 0.057999998331069946 -0.032790951430797577
   vertex 0.060463521629571915 0.059631418436765671 -0.028632380068302155
   vertex 0.061448719352483749 0.057999998331069946 -0.029098920524120331
  endloop
 endfacet
 facet normal 0.74037547576729379 0.55538969932836557 -0.37866401566864105
  outer loop
   vertex 0.058605510741472244 0.059631418436765671 -0.032265219837427139
   vertex 0.060463521629571915 0.059631418436765671 -0.028632380068302155
   vertex 0.059560429304838181 0.057999998331069946 -0.032790951430797577
  endloop
 endfacet
 facet normal 0.71591407735003432 0.55538973785001866 -0.42309487463562662
  outer loop
   vertex 0.057450581341981888 0.057999998331069946 -0.036361001431941986
   vertex 0.058605510741472244 0.059631418436765671 -0.032265219837427139
   vertex 0.059560429304838181 0.057999998331069946 -0.032790951430797577
  endloop
 endfacet
 facet normal 0.71591161469751563 0.55539257912797757 -0.42309531194610134
  outer loop
   vertex 0.056529480963945389 0.059631418436765671 -0.035778030753135681
   vertex 0.058605510741472244 0.059631418436765671 -0.032265219837427139
   vertex 0.057450581341981888 0.057999998331069946 -0.036361001431941986
  endloop
 endfacet
 facet normal 0.68878725326457435 0.55539253322824467 -0.46595198655500558
  outer loop
   vertex 0.055127009749412537 0.057999998331069946 -0.039795789867639542
   vertex 0.056529480963945389 0.059631418436765671 -0.035778030753135681
   vertex 0.057450581341981888 0.057999998331069946 -0.036361001431941986
  endloop
 endfacet
 facet normal 0.89434918542663289 0.44212043743682705 0.068330471441275034
  outer loop
   vertex 0.067603327333927155 0.057999998331069946 0.0072444090619683266
   vertex 0.0687861368060112 0.056240249425172806 0.0031492561101913452
   vertex 0.067919239401817322 0.057999998331069946 0.0031095671001821756
  endloop
 endfacet
 facet normal 0.89434753970130099 0.44212408200282893 0.068328429978930696
  outer loop
   vertex 0.068466201424598694 0.056240249425172806 0.007336874958127737
   vertex 0.0687861368060112 0.056240249425172806 0.0031492561101913452
   vertex 0.067603327333927155 0.057999998331069946 0.0072444090619683266
  endloop
 endfacet
 facet normal 0.88851866902583476 0.44212409974667766 0.12272267604541819
  outer loop
   vertex 0.067035943269729614 0.057999998331069946 0.011352299712598324
   vertex 0.068466201424598694 0.056240249425172806 0.007336874958127737
   vertex 0.067603327333927155 0.057999998331069946 0.0072444090619683266
  endloop
 endfacet
 facet normal 0.88851988186330033 0.44212118825670038 0.12272438399971865
  outer loop
   vertex 0.067891567945480347 0.056240249425172806 0.011497199535369873
   vertex 0.068466201424598694 0.056240249425172806 0.007336874958127737
   vertex 0.067035943269729614 0.057999998331069946 0.011352299712598324
  endloop
 endfacet
 facet normal 0.87938537756072366 0.44212125961575494 0.17666394518452763
  outer loop
   vertex 0.06621917337179184 0.057999998331069946 0.015417959541082382
   vertex 0.067891567945480347 0.056240249425172806 0.011497199535369873
   vertex 0.067035943269729614 0.057999998331069946 0.011352299712598324
  endloop
 endfacet
 facet normal 0.87938633124204957 0.4421187501072667 0.17666547831491106
  outer loop
   vertex 0.067064367234706879 0.056240249425172806 0.015614749863743782
   vertex 0.067891567945480347 0.056240249425172806 0.011497199535369873
   vertex 0.06621917337179184 0.057999998331069946 0.015417959541082382
  endloop
 endfacet
 facet normal 0.86698048126262961 0.44211876849891163 0.22994747150300471
  outer loop
   vertex 0.065156057476997375 0.057999998331069946 0.019426269456744194
   vertex 0.067064367234706879 0.056240249425172806 0.015614749863743782
   vertex 0.06621917337179184 0.057999998331069946 0.015417959541082382
  endloop
 endfacet
 facet normal 0.86697928884584874 0.44212225431411251 0.22994526512314523
  outer loop
   vertex 0.065987691283226013 0.056240249425172806 0.019674219191074371
   vertex 0.067064367234706879 0.056240249425172806 0.015614749863743782
   vertex 0.065156057476997375 0.057999998331069946 0.019426269456744194
  endloop
 endfacet
 facet normal 0.75190570317265648 0.65917091593122279 0.011468091681966849
  outer loop
   vertex 0.066892519593238831 0.059631418436765671 -0.001020219991914928
   vertex 0.0655379518866539 0.061106599867343903 0.0030005439184606075
   vertex 0.066830292344093323 0.059631418436765671 0.0030597110744565725
  endloop
 endfacet
 facet normal 0.75190477820328083 0.65917198326134563 0.011467388472505556
  outer loop
   vertex 0.065598972141742706 0.061106599867343903 -0.0010004909709095955
   vertex 0.0655379518866539 0.061106599867343903 0.0030005439184606075
   vertex 0.066892519593238831 0.059631418436765671 -0.001020219991914928
  endloop
 endfacet
 facet normal 0.75120530707103661 0.65917197398293881 -0.034393245612257796
  outer loop
   vertex 0.066705897450447083 0.059631418436765671 -0.0050963559187948704
   vertex 0.065598972141742706 0.061106599867343903 -0.0010004909709095955
   vertex 0.066892519593238831 0.059631418436765671 -0.001020219991914928
  endloop
 endfacet
 facet normal 0.75120654154888855 0.65917061018059586 -0.034392420797301357
  outer loop
   vertex 0.065415963530540466 0.061106599867343903 -0.0049978038296103477
   vertex 0.065598972141742706 0.061106599867343903 -0.0010004909709095955
   vertex 0.066705897450447083 0.059631418436765671 -0.0050963559187948704
  endloop
 endfacet
 facet normal 0.74771262524465032 0.65917064147893423 -0.080124250149398446
  outer loop
   vertex 0.066271133720874786 0.059631418436765671 -0.0091535337269306183
   vertex 0.065415963530540466 0.061106599867343903 -0.0049978038296103477
   vertex 0.066705897450447083 0.059631418436765671 -0.0050963559187948704
  endloop
 endfacet
 facet normal 0.74770974685100589 0.6591737024196731 -0.080125929026407097
  outer loop
   vertex 0.064989596605300903 0.061106599867343903 -0.0089765246957540512
   vertex 0.065415963530540466 0.061106599867343903 -0.0049978038296103477
   vertex 0.066271133720874786 0.059631418436765671 -0.0091535337269306183
  endloop
 endfacet
 facet normal 0.74143432907561191 0.65917368405522059 -0.12555950747460459
  outer loop
   vertex 0.065589830279350281 0.059631418436765671 -0.013176660053431988
   vertex 0.064989596605300903 0.061106599867343903 -0.0089765246957540512
   vertex 0.066271133720874786 0.059631418436765671 -0.0091535337269306183
  endloop
 endfacet
 facet normal 0.74143565677012002 0.65917231818893673 -0.12555883801343448
  outer loop
   vertex 0.064321473240852356 0.061106599867343903 -0.012921850197017193
   vertex 0.064989596605300903 0.061106599867343903 -0.0089765246957540512
   vertex 0.065589830279350281 0.059631418436765671 -0.013176660053431988
  endloop
 endfacet
 facet normal 0.73240174160420513 0.65917238539634226 -0.17052699266105362
  outer loop
   vertex 0.064664527773857117 0.059631418436765671 -0.017150770872831345
   vertex 0.064321473240852356 0.061106599867343903 -0.012921850197017193
   vertex 0.065589830279350281 0.059631418436765671 -0.013176660053431988
  endloop
 endfacet
 facet normal 0.73240256569500684 0.65917156140678201 -0.17052663837628493
  outer loop
   vertex 0.063414067029953003 0.061106599867343903 -0.01681911014020443
   vertex 0.064321473240852356 0.061106599867343903 -0.012921850197017193
   vertex 0.064664527773857117 0.059631418436765671 -0.017150770872831345
  endloop
 endfacet
 facet normal 0.72064391206013234 0.65917164067982792 -0.21486065282906505
  outer loop
   vertex 0.063498668372631073 0.059631418436765671 -0.021061070263385773
   vertex 0.063414067029953003 0.061106599867343903 -0.01681911014020443
   vertex 0.064664527773857117 0.059631418436765671 -0.017150770872831345
  endloop
 endfacet
 facet normal 0.72064346450829597 0.65917207753934537 -0.21486081367700191
  outer loop
   vertex 0.062270749360322952 0.061106599867343903 -0.020653799176216125
   vertex 0.063414067029953003 0.061106599867343903 -0.01681911014020443
   vertex 0.063498668372631073 0.059631418436765671 -0.021061070263385773
  endloop
 endfacet
 facet normal 0.70620515740729928 0.65917205338182117 -0.25839210454602729
  outer loop
   vertex 0.062096599489450455 0.059631418436765671 -0.024893030524253845
   vertex 0.062270749360322952 0.061106599867343903 -0.020653799176216125
   vertex 0.063498668372631073 0.059631418436765671 -0.021061070263385773
  endloop
 endfacet
 facet normal 0.70620421939405431 0.65917295098751993 -0.25839237836367906
  outer loop
   vertex 0.060895789414644241 0.061106599867343903 -0.024411659687757492
   vertex 0.062270749360322952 0.061106599867343903 -0.020653799176216125
   vertex 0.062096599489450455 0.059631418436765671 -0.024893030524253845
  endloop
 endfacet
 facet normal 0.68913773483688112 0.65917288351151537 -0.30096559947443607
  outer loop
   vertex 0.060463521629571915 0.059631418436765671 -0.028632380068302155
   vertex 0.060895789414644241 0.061106599867343903 -0.024411659687757492
   vertex 0.062096599489450455 0.059631418436765671 -0.024893030524253845
  endloop
 endfacet
 facet normal 0.68913762430927472 0.65917298761855614 -0.30096562454106929
  outer loop
   vertex 0.059294290840625763 0.061106599867343903 -0.028078699484467506
   vertex 0.060895789414644241 0.061106599867343903 -0.024411659687757492
   vertex 0.060463521629571915 0.059631418436765671 -0.028632380068302155
  endloop
 endfacet
 facet normal 0.66950765760681752 0.65917287856645745 -0.34241876783880143
  outer loop
   vertex 0.058605510741472244 0.059631418436765671 -0.032265219837427139
   vertex 0.059294290840625763 0.061106599867343903 -0.028078699484467506
   vertex 0.060463521629571915 0.059631418436765671 -0.028632380068302155
  endloop
 endfacet
 facet normal 0.66950802859450065 0.65917253326114722 -0.34241870720155931
  outer loop
   vertex 0.057472210377454758 0.061106599867343903 -0.031641289591789246
   vertex 0.059294290840625763 0.061106599867343903 -0.028078699484467506
   vertex 0.058605510741472244 0.059631418436765671 -0.032265219837427139
  endloop
 endfacet
 facet normal 0.64738730314679938 0.65917240282351819 -0.38259825284517884
  outer loop
   vertex 0.056529480963945389 0.059631418436765671 -0.035778030753135681
   vertex 0.057472210377454758 0.061106599867343903 -0.031641289591789246
   vertex 0.058605510741472244 0.059631418436765671 -0.032265219837427139
  endloop
 endfacet
 facet normal 0.8291708505502392 0.55539428636898103 0.063347354060631023
  outer loop
   vertex 0.066519461572170258 0.059631418436765671 0.0071282600983977318
   vertex 0.067919239401817322 0.057999998331069946 0.0031095671001821756
   vertex 0.066830292344093323 0.059631418436765671 0.0030597110744565725
  endloop
 endfacet
 facet normal 0.82917445611573626 0.555388491873817 0.063350962260253496
  outer loop
   vertex 0.067603327333927155 0.057999998331069946 0.0072444090619683266
   vertex 0.067919239401817322 0.057999998331069946 0.0031095671001821756
   vertex 0.066519461572170258 0.059631418436765671 0.0071282600983977318
  endloop
 endfacet
 facet normal 0.82377010167061238 0.55538847760453591 0.1137825054114425
  outer loop
   vertex 0.065961159765720367 0.059631418436765671 0.011170290410518646
   vertex 0.067603327333927155 0.057999998331069946 0.0072444090619683266
   vertex 0.066519461572170258 0.059631418436765671 0.0071282600983977318
  endloop
 endfacet
 facet normal 0.82376714413050367 0.55539354952805309 0.11377916063016077
  outer loop
   vertex 0.067035943269729614 0.057999998331069946 0.011352299712598324
   vertex 0.067603327333927155 0.057999998331069946 0.0072444090619683266
   vertex 0.065961159765720367 0.059631418436765671 0.011170290410518646
  endloop
 endfacet
 facet normal 0.81529832122677892 0.55539355067797691 0.16378843448212604
  outer loop
   vertex 0.065157487988471985 0.059631418436765671 0.015170769765973091
   vertex 0.067035943269729614 0.057999998331069946 0.011352299712598324
   vertex 0.065961159765720367 0.059631418436765671 0.011170290410518646
  endloop
 endfacet
 facet normal 0.81529902026754919 0.55539226054144153 0.16378932957137954
  outer loop
   vertex 0.06621917337179184 0.057999998331069946 0.015417959541082382
   vertex 0.067035943269729614 0.057999998331069946 0.011352299712598324
   vertex 0.065157487988471985 0.059631418436765671 0.015170769765973091
  endloop
 endfacet
 facet normal 0.80379714874164676 0.55539214735153597 0.21318936731236957
  outer loop
   vertex 0.064111419022083282 0.059631418436765671 0.019114809110760689
   vertex 0.06621917337179184 0.057999998331069946 0.015417959541082382
   vertex 0.065157487988471985 0.059631418436765671 0.015170769765973091
  endloop
 endfacet
 facet normal 0.80379724728814039 0.55539194967667405 0.21318951073247219
  outer loop
   vertex 0.065156057476997375 0.057999998331069946 0.019426269456744194
   vertex 0.06621917337179184 0.057999998331069946 0.015417959541082382
   vertex 0.064111419022083282 0.059631418436765671 0.019114809110760689
  endloop
 endfacet
 facet normal 0.65944145223485362 0.75168864792061296 0.010057219380518212
  outer loop
   vertex 0.065598972141742706 0.061106599867343903 -0.0010004909709095955
   vertex 0.064064309000968933 0.062400300055742264 0.0029330758843570948
   vertex 0.0655379518866539 0.061106599867343903 0.0030005439184606075
  endloop
 endfacet
 facet normal 0.65944174147049106 0.75168839154188283 0.010057416544189695
  outer loop
   vertex 0.064123958349227905 0.062400300055742264 -0.00097799510695040226
   vertex 0.064064309000968933 0.062400300055742264 0.0029330758843570948
   vertex 0.065598972141742706 0.061106599867343903 -0.0010004909709095955
  endloop
 endfacet
 facet normal 0.65882832251237766 0.75168838638743352 -0.030163077193532707
  outer loop
   vertex 0.065415963530540466 0.061106599867343903 -0.0049978038296103477
   vertex 0.064123958349227905 0.062400300055742264 -0.00097799510695040226
   vertex 0.065598972141742706 0.061106599867343903 -0.0010004909709095955
  endloop
 endfacet
 facet normal 0.65882969179678197 0.75168721899133839 -0.030162261387776865
  outer loop
   vertex 0.063945069909095764 0.062400300055742264 -0.0048854281194508076
   vertex 0.064123958349227905 0.062400300055742264 -0.00097799510695040226
   vertex 0.065415963530540466 0.061106599867343903 -0.0049978038296103477
  endloop
 endfacet
 facet normal 0.65576523824071187 0.75168720842465453 -0.070272989162638924
  outer loop
   vertex 0.064989596605300903 0.061106599867343903 -0.0089765246957540512
   vertex 0.063945069909095764 0.062400300055742264 -0.0048854281194508076
   vertex 0.065415963530540466 0.061106599867343903 -0.0049978038296103477
  endloop
 endfacet
 facet normal 0.6557657380000137 0.75168679654376913 -0.070272731319224124
  outer loop
   vertex 0.063528291881084442 0.062400300055742264 -0.0087746856734156609
   vertex 0.063945069909095764 0.062400300055742264 -0.0048854281194508076
   vertex 0.064989596605300903 0.061106599867343903 -0.0089765246957540512
  endloop
 endfacet
 facet normal 0.65026207416556081 0.75168679749513512 -0.11011899642391722
  outer loop
   vertex 0.064321473240852356 0.061106599867343903 -0.012921850197017193
   vertex 0.063528291881084442 0.062400300055742264 -0.0087746856734156609
   vertex 0.064989596605300903 0.061106599867343903 -0.0089765246957540512
  endloop
 endfacet
 facet normal 0.65026138646135401 0.75168734798191206 -0.11011929967665722
  outer loop
   vertex 0.062875188887119293 0.062400300055742264 -0.012631299905478954
   vertex 0.063528291881084442 0.062400300055742264 -0.0087746856734156609
   vertex 0.064321473240852356 0.061106599867343903 -0.012921850197017193
  endloop
 endfacet
 facet normal 0.64233859864811627 0.75168734499016199 -0.14955687904076892
  outer loop
   vertex 0.063414067029953003 0.061106599867343903 -0.01681911014020443
   vertex 0.062875188887119293 0.062400300055742264 -0.012631299905478954
   vertex 0.064321473240852356 0.061106599867343903 -0.012921850197017193
  endloop
 endfacet
 facet normal 0.6423397413765245 0.75168645259945932 -0.14955645631927883
  outer loop
   vertex 0.061988189816474915 0.062400300055742264 -0.016440929844975471
   vertex 0.062875188887119293 0.062400300055742264 -0.012631299905478954
   vertex 0.063414067029953003 0.061106599867343903 -0.01681911014020443
  endloop
 endfacet
 facet normal 0.63202688278290409 0.7516864462827757 -0.1884396612035196
  outer loop
   vertex 0.062270749360322952 0.061106599867343903 -0.020653799176216125
   vertex 0.061988189816474915 0.062400300055742264 -0.016440929844975471
   vertex 0.063414067029953003 0.061106599867343903 -0.01681911014020443
  endloop
 endfacet
 facet normal 0.63202655935417928 0.75168669373762154 -0.18843975888522327
  outer loop
   vertex 0.06087058037519455 0.062400300055742264 -0.020189389586448669
   vertex 0.061988189816474915 0.062400300055742264 -0.016440929844975471
   vertex 0.062270749360322952 0.061106599867343903 -0.020653799176216125
  endloop
 endfacet
 facet normal 0.61936351143551371 0.75168675634074567 -0.22661831577389968
  outer loop
   vertex 0.060895789414644241 0.061106599867343903 -0.024411659687757492
   vertex 0.06087058037519455 0.062400300055742264 -0.020189389586448669
   vertex 0.062270749360322952 0.061106599867343903 -0.020653799176216125
  endloop
 endfacet
 facet normal 0.61936094574695233 0.75168868737690686 -0.22661892276026679
  outer loop
   vertex 0.059526529163122177 0.062400300055742264 -0.023862749338150024
   vertex 0.06087058037519455 0.062400300055742264 -0.020189389586448669
   vertex 0.060895789414644241 0.061106599867343903 -0.024411659687757492
  endloop
 endfacet
 facet normal 0.60439349533798403 0.75168876346505087 -0.26395549941896873
  outer loop
   vertex 0.059294290840625763 0.061106599867343903 -0.028078699484467506
   vertex 0.059526529163122177 0.062400300055742264 -0.023862749338150024
   vertex 0.060895789414644241 0.061106599867343903 -0.024411659687757492
  endloop
 endfacet
 facet normal 0.60439361879967046 0.75168867169621212 -0.26395547805988573
  outer loop
   vertex 0.057961039245128632 0.062400300055742264 -0.02744733914732933
   vertex 0.059526529163122177 0.062400300055742264 -0.023862749338150024
   vertex 0.059294290840625763 0.061106599867343903 -0.028078699484467506
  endloop
 endfacet
 facet normal 0.58717754050664028 0.75168868901085528 -0.30031092344054749
  outer loop
   vertex 0.057472210377454758 0.061106599867343903 -0.031641289591789246
   vertex 0.057961039245128632 0.062400300055742264 -0.02744733914732933
   vertex 0.059294290840625763 0.061106599867343903 -0.028078699484467506
  endloop
 endfacet
 facet normal 0.74980796476900824 0.65917088836002335 0.057286611940445646
  outer loop
   vertex 0.065233118832111359 0.061106599867343903 0.0069904159754514694
   vertex 0.066830292344093323 0.059631418436765671 0.0030597110744565725
   vertex 0.0655379518866539 0.061106599867343903 0.0030005439184606075
  endloop
 endfacet
 facet normal 0.74980483322269476 0.65917468488740871 0.057283914666091527
  outer loop
   vertex 0.066519461572170258 0.059631418436765671 0.0071282600983977318
   vertex 0.066830292344093323 0.059631418436765671 0.0030597110744565725
   vertex 0.065233118832111359 0.061106599867343903 0.0069904159754514694
  endloop
 endfacet
 facet normal 0.74491772227001374 0.65917468949997604 0.10288982345531027
  outer loop
   vertex 0.064685620367527008 0.061106599867343903 0.010954280383884907
   vertex 0.066519461572170258 0.059631418436765671 0.0071282600983977318
   vertex 0.065233118832111359 0.061106599867343903 0.0069904159754514694
  endloop
 endfacet
 facet normal 0.74491923977548402 0.65917274397882164 0.10289130093329456
  outer loop
   vertex 0.065961159765720367 0.059631418436765671 0.011170290410518646
   vertex 0.066519461572170258 0.059631418436765671 0.0071282600983977318
   vertex 0.064685620367527008 0.061106599867343903 0.010954280383884907
  endloop
 endfacet
 facet normal 0.73726138586047341 0.65917277194006219 0.1481111260234986
  outer loop
   vertex 0.063897490501403809 0.061106599867343903 0.014877400361001492
   vertex 0.065961159765720367 0.059631418436765671 0.011170290410518646
   vertex 0.064685620367527008 0.061106599867343903 0.010954280383884907
  endloop
 endfacet
 facet normal 0.7372615710817404 0.65917251899205909 0.14811132978859945
  outer loop
   vertex 0.065157487988471985 0.059631418436765671 0.015170769765973091
   vertex 0.065961159765720367 0.059631418436765671 0.011170290410518646
   vertex 0.063897490501403809 0.061106599867343903 0.014877400361001492
  endloop
 endfacet
 facet normal 0.72686039013846215 0.65917253967552603 0.1927836512401398
  outer loop
   vertex 0.062871649861335754 0.061106599867343903 0.018745170906186104
   vertex 0.065157487988471985 0.059631418436765671 0.015170769765973091
   vertex 0.063897490501403809 0.061106599867343903 0.014877400361001492
  endloop
 endfacet
 facet normal 0.72686033617336232 0.65917261882919942 0.19278358406203006
  outer loop
   vertex 0.064111419022083282 0.059631418436765671 0.019114809110760689
   vertex 0.065157487988471985 0.059631418436765671 0.015170769765973091
   vertex 0.062871649861335754 0.061106599867343903 0.018745170906186104
  endloop
 endfacet
 facet normal 0.55568608471022463 0.83134899392162365 0.0084749964557569602
  outer loop
   vertex 0.064123958349227905 0.062400300055742264 -0.00097799510695040226
   vertex 0.062434598803520203 0.063490383327007294 0.0028584620449692011
   vertex 0.064064309000968933 0.062400300055742264 0.0029330758843570948
  endloop
 endfacet
 facet normal 0.55568549051888394 0.83134939491642479 0.0084746208695113887
  outer loop
   vertex 0.062492728233337402 0.063490383327007294 -0.00095311622135341167
   vertex 0.062434598803520203 0.063490383327007294 0.0028584620449692011
   vertex 0.064123958349227905 0.062400300055742264 -0.00097799510695040226
  endloop
 endfacet
 facet normal 0.55516860061469131 0.83134940113045241 -0.025416493297924572
  outer loop
   vertex 0.063945069909095764 0.062400300055742264 -0.0048854281194508076
   vertex 0.062492728233337402 0.063490383327007294 -0.00095311622135341167
   vertex 0.064123958349227905 0.062400300055742264 -0.00097799510695040226
  endloop
 endfacet
 facet normal 0.55516808366666204 0.8313497376548028 -0.025416777513612675
  outer loop
   vertex 0.062318388372659683 0.063490383327007294 -0.004761149175465107
   vertex 0.062492728233337402 0.063490383327007294 -0.00095311622135341167
   vertex 0.063945069909095764 0.062400300055742264 -0.0048854281194508076
  endloop
 endfacet
 facet normal 0.55258582689603641 0.83134973920147204 -0.059215834396452796
  outer loop
   vertex 0.063528291881084442 0.062400300055742264 -0.0087746856734156609
   vertex 0.062318388372659683 0.063490383327007294 -0.004761149175465107
   vertex 0.063945069909095764 0.062400300055742264 -0.0048854281194508076
  endloop
 endfacet
 facet normal 0.55258767074950765 0.83134857571636323 -0.059214962551774407
  outer loop
   vertex 0.061912219971418381 0.063490383327007294 -0.0085514690726995468
   vertex 0.062318388372659683 0.063490383327007294 -0.004761149175465107
   vertex 0.063528291881084442 0.062400300055742264 -0.0087746856734156609
  endloop
 endfacet
 facet normal 0.54794975624242259 0.83134859369181902 -0.092793213116609832
  outer loop
   vertex 0.062875188887119293 0.062400300055742264 -0.012631299905478954
   vertex 0.061912219971418381 0.063490383327007294 -0.0085514690726995468
   vertex 0.063528291881084442 0.062400300055742264 -0.0087746856734156609
  endloop
 endfacet
 facet normal 0.54794723147444968 0.83135014500400739 -0.092794223534127418
  outer loop
   vertex 0.061275720596313477 0.063490383327007294 -0.012309979647397995
   vertex 0.061912219971418381 0.063490383327007294 -0.0085514690726995468
   vertex 0.062875188887119293 0.062400300055742264 -0.012631299905478954
  endloop
 endfacet
 facet normal 0.54127147229598038 0.83135009472644916 -0.12602465344870226
  outer loop
   vertex 0.061988189816474915 0.062400300055742264 -0.016440929844975471
   vertex 0.061275720596313477 0.063490383327007294 -0.012309979647397995
   vertex 0.062875188887119293 0.062400300055742264 -0.012631299905478954
  endloop
 endfacet
 facet normal 0.54126906442531919 0.83135154159509328 -0.12602545053917283
  outer loop
   vertex 0.060411278158426285 0.063490383327007294 -0.016022689640522003
   vertex 0.061275720596313477 0.063490383327007294 -0.012309979647397995
   vertex 0.061988189816474915 0.062400300055742264 -0.016440929844975471
  endloop
 endfacet
 facet normal 0.53257917069703331 0.83135153050377864 -0.15878935628273372
  outer loop
   vertex 0.06087058037519455 0.062400300055742264 -0.020189389586448669
   vertex 0.060411278158426285 0.063490383327007294 -0.016022689640522003
   vertex 0.061988189816474915 0.062400300055742264 -0.016440929844975471
  endloop
 endfacet
 facet normal 0.53258284631267028 0.83134936159200379 -0.15878838368741727
  outer loop
   vertex 0.059322111308574677 0.063490383327007294 -0.019675800576806068
   vertex 0.060411278158426285 0.063490383327007294 -0.016022689640522003
   vertex 0.06087058037519455 0.062400300055742264 -0.020189389586448669
  endloop
 endfacet
 facet normal 0.52191132664235307 0.83134934019608275 -0.19096293273291806
  outer loop
   vertex 0.059526529163122177 0.062400300055742264 -0.023862749338150024
   vertex 0.059322111308574677 0.063490383327007294 -0.019675800576806068
   vertex 0.06087058037519455 0.062400300055742264 -0.020189389586448669
  endloop
 endfacet
 facet normal 0.52191183096444915 0.83134904679090171 -0.19096283172176542
  outer loop
   vertex 0.058012250810861588 0.063490383327007294 -0.023255720734596252
   vertex 0.059322111308574677 0.063490383327007294 -0.019675800576806068
   vertex 0.059526529163122177 0.062400300055742264 -0.023862749338150024
  endloop
 endfacet
 facet normal 0.50929944840995456 0.83134896191881524 -0.2224252129724156
  outer loop
   vertex 0.057961039245128632 0.062400300055742264 -0.02744733914732933
   vertex 0.058012250810861588 0.063490383327007294 -0.023255720734596252
   vertex 0.059526529163122177 0.062400300055742264 -0.023862749338150024
  endloop
 endfacet
 facet normal 0.65760173815087697 0.75168865688070818 0.050240592132482199
  outer loop
   vertex 0.063766337931156158 0.062400300055742264 0.0068332348018884659
   vertex 0.0655379518866539 0.061106599867343903 0.0030005439184606075
   vertex 0.064064309000968933 0.062400300055742264 0.0029330758843570948
  endloop
 endfacet
 facet normal 0.65760360794360073 0.75168692426444195 0.050242041254533097
  outer loop
   vertex 0.065233118832111359 0.061106599867343903 0.0069904159754514694
   vertex 0.0655379518866539 0.061106599867343903 0.0030005439184606075
   vertex 0.063766337931156158 0.062400300055742264 0.0068332348018884659
  endloop
 endfacet
 facet normal 0.65331757980988936 0.75168690783855496 0.090238198649245163
  outer loop
   vertex 0.063231147825717926 0.062400300055742264 0.010707969777286053
   vertex 0.065233118832111359 0.061106599867343903 0.0069904159754514694
   vertex 0.063766337931156158 0.062400300055742264 0.0068332348018884659
  endloop
 endfacet
 facet normal 0.6533170298662675 0.75168744375463292 0.090237715996938653
  outer loop
   vertex 0.064685620367527008 0.061106599867343903 0.010954280383884907
   vertex 0.065233118832111359 0.061106599867343903 0.0069904159754514694
   vertex 0.063231147825717926 0.062400300055742264 0.010707969777286053
  endloop
 endfacet
 facet normal 0.64660071351300075 0.75168746727745128 0.12989791692898309
  outer loop
   vertex 0.06246073916554451 0.062400300055742264 0.014542879536747932
   vertex 0.064685620367527008 0.061106599867343903 0.010954280383884907
   vertex 0.063231147825717926 0.062400300055742264 0.010707969777286053
  endloop
 endfacet
 facet normal 0.64660078469444082 0.75168739384634731 0.12989798753260032
  outer loop
   vertex 0.063897490501403809 0.061106599867343903 0.014877400361001492
   vertex 0.064685620367527008 0.061106599867343903 0.010954280383884907
   vertex 0.06246073916554451 0.062400300055742264 0.014542879536747932
  endloop
 endfacet
 facet normal 0.63747879217905468 0.75168738740102847 0.16907649494873467
  outer loop
   vertex 0.06145796924829483 0.062400300055742264 0.018323680385947227
   vertex 0.063897490501403809 0.061106599867343903 0.014877400361001492
   vertex 0.06246073916554451 0.062400300055742264 0.014542879536747932
  endloop
 endfacet
 facet normal 0.63747956728529431 0.75168653464340063 0.16907736374083143
  outer loop
   vertex 0.062871649861335754 0.061106599867343903 0.018745170906186104
   vertex 0.063897490501403809 0.061106599867343903 0.014877400361001492
   vertex 0.06145796924829483 0.062400300055742264 0.018323680385947227
  endloop
 endfacet
 facet normal 0.44240019722000806 0.89679236413250607 0.006746935106287837
  outer loop
   vertex 0.062492728233337402 0.063490383327007294 -0.00095311622135341167
   vertex 0.060676690191030502 0.064358189702033997 0.0027779790107160807
   vertex 0.062434598803520203 0.063490383327007294 0.0028584620449692011
  endloop
 endfacet
 facet normal 0.44240197544083715 0.89679147884776289 0.0067480065269213095
  outer loop
   vertex 0.060733191668987274 0.064358189702033997 -0.00092628021957352757
   vertex 0.060676690191030502 0.064358189702033997 0.0027779790107160807
   vertex 0.062492728233337402 0.063490383327007294 -0.00095311622135341167
  endloop
 endfacet
 facet normal 0.44199044107654789 0.89679149421158233 -0.020235263939868939
  outer loop
   vertex 0.062318388372659683 0.063490383327007294 -0.004761149175465107
   vertex 0.060733191668987274 0.064358189702033997 -0.00092628021957352757
   vertex 0.062492728233337402 0.063490383327007294 -0.00095311622135341167
  endloop
 endfacet
 facet normal 0.44198834707159229 0.8967925015791457 -0.020236357486948357
  outer loop
   vertex 0.060563750565052032 0.064358189702033997 -0.0046270941384136677
   vertex 0.060733191668987274 0.064358189702033997 -0.00092628021957352757
   vertex 0.062318388372659683 0.063490383327007294 -0.004761149175465107
  endloop
 endfacet
 facet normal 0.43993267383584667 0.89679249969460728 -0.047142920816813851
  outer loop
   vertex 0.061912219971418381 0.063490383327007294 -0.0085514690726995468
   vertex 0.060563750565052032 0.064358189702033997 -0.0046270941384136677
   vertex 0.062318388372659683 0.063490383327007294 -0.004761149175465107
  endloop
 endfacet
 facet normal 0.43993280594599932 0.89679243798994546 -0.047142861777042695
  outer loop
   vertex 0.060169018805027008 0.064358189702033997 -0.0083106942474842072
   vertex 0.060563750565052032 0.064358189702033997 -0.0046270941384136677
   vertex 0.061912219971418381 0.063490383327007294 -0.0085514690726995468
  endloop
 endfacet
 facet normal 0.43624025403944522 0.89679243000609166 -0.073876777402439323
  outer loop
   vertex 0.061275720596313477 0.063490383327007294 -0.012309979647397995
   vertex 0.060169018805027008 0.064358189702033997 -0.0083106942474842072
   vertex 0.061912219971418381 0.063490383327007294 -0.0085514690726995468
  endloop
 endfacet
 facet normal 0.4362421036981155 0.89679158747219712 -0.073876082734124687
  outer loop
   vertex 0.059550449252128601 0.064358189702033997 -0.011963379569351673
   vertex 0.060169018805027008 0.064358189702033997 -0.0083106942474842072
   vertex 0.061275720596313477 0.063490383327007294 -0.012309979647397995
  endloop
 endfacet
 facet normal 0.43092679796643768 0.89679159417577281 -0.1003340989398378
  outer loop
   vertex 0.060411278158426285 0.063490383327007294 -0.016022689640522003
   vertex 0.059550449252128601 0.064358189702033997 -0.011963379569351673
   vertex 0.061275720596313477 0.063490383327007294 -0.012309979647397995
  endloop
 endfacet
 facet normal 0.43092829232921476 0.89679092750272893 -0.10033363951846822
  outer loop
   vertex 0.058710351586341858 0.064358189702033997 -0.015571559779345989
   vertex 0.059550449252128601 0.064358189702033997 -0.011963379569351673
   vertex 0.060411278158426285 0.063490383327007294 -0.016022689640522003
  endloop
 endfacet
 facet normal 0.42401013326717163 0.8967909338420863 -0.12641767228277107
  outer loop
   vertex 0.059322111308574677 0.063490383327007294 -0.019675800576806068
   vertex 0.058710351586341858 0.064358189702033997 -0.015571559779345989
   vertex 0.060411278158426285 0.063490383327007294 -0.016022689640522003
  endloop
 endfacet
 facet normal 0.424007469894708 0.89679210231150008 -0.12641831633591885
  outer loop
   vertex 0.057651840150356293 0.064358189702033997 -0.019121810793876648
   vertex 0.058710351586341858 0.064358189702033997 -0.015571559779345989
   vertex 0.059322111308574677 0.063490383327007294 -0.019675800576806068
  endloop
 endfacet
 facet normal 0.41551197483165969 0.8967920852710104 -0.15203208400455198
  outer loop
   vertex 0.058012250810861588 0.063490383327007294 -0.023255720734596252
   vertex 0.057651840150356293 0.064358189702033997 -0.019121810793876648
   vertex 0.059322111308574677 0.063490383327007294 -0.019675800576806068
  endloop
 endfacet
 facet normal 0.55413583176616943 0.83134900589653571 0.04233568645548625
  outer loop
   vertex 0.062144208699464798 0.063490383327007294 0.0066594057716429234
   vertex 0.064064309000968933 0.062400300055742264 0.0029330758843570948
   vertex 0.062434598803520203 0.063490383327007294 0.0028584620449692011
  endloop
 endfacet
 facet normal 0.55413604717437603 0.83134885440700867 0.042335841766899716
  outer loop
   vertex 0.063766337931156158 0.062400300055742264 0.0068332348018884659
   vertex 0.064064309000968933 0.062400300055742264 0.0029330758843570948
   vertex 0.062144208699464798 0.063490383327007294 0.0066594057716429234
  endloop
 endfacet
 facet normal 0.55052425155434725 0.83134886043897827 0.076040257083587304
  outer loop
   vertex 0.061622630804777145 0.063490383327007294 0.010435580275952816
   vertex 0.063766337931156158 0.062400300055742264 0.0068332348018884659
   vertex 0.062144208699464798 0.063490383327007294 0.0066594057716429234
  endloop
 endfacet
 facet normal 0.55052398154293014 0.8313490594470101 0.076040036182862758
  outer loop
   vertex 0.063231147825717926 0.062400300055742264 0.010707969777286053
   vertex 0.063766337931156158 0.062400300055742264 0.0068332348018884659
   vertex 0.061622630804777145 0.063490383327007294 0.010435580275952816
  endloop
 endfacet
 facet normal 0.54486456270449302 0.83134899586358157 0.10945983457623243
  outer loop
   vertex 0.060871820896863937 0.063490383327007294 0.014172930270433426
   vertex 0.063231147825717926 0.062400300055742264 0.010707969777286053
   vertex 0.061622630804777145 0.063490383327007294 0.010435580275952816
  endloop
 endfacet
 facet normal 0.54486448706907176 0.83134905465086895 0.10945976458070859
  outer loop
   vertex 0.06246073916554451 0.062400300055742264 0.014542879536747932
   vertex 0.063231147825717926 0.062400300055742264 0.010707969777286053
   vertex 0.060871820896863937 0.063490383327007294 0.014172930270433426
  endloop
 endfacet
 facet normal 0.53717778262569038 0.83134904456104985 0.14247384307575961
  outer loop
   vertex 0.059894561767578125 0.063490383327007294 0.017857549712061882
   vertex 0.06246073916554451 0.062400300055742264 0.014542879536747932
   vertex 0.060871820896863937 0.063490383327007294 0.014172930270433426
  endloop
 endfacet
 facet normal 0.5371779499677608 0.83134890644585946 0.14247401805138815
  outer loop
   vertex 0.06145796924829483 0.062400300055742264 0.018323680385947227
   vertex 0.06246073916554451 0.062400300055742264 0.014542879536747932
   vertex 0.059894561767578125 0.063490383327007294 0.017857549712061882
  endloop
 endfacet
 facet normal 0.32153831118333864 0.94688386865404095 0.0049044596158467789
  outer loop
   vertex 0.060733191668987274 0.064358189702033997 -0.00092628021957352757
   vertex 0.058820668607950211 0.064988888800144196 0.0026930039748549461
   vertex 0.060676690191030502 0.064358189702033997 0.0027779790107160807
  endloop
 endfacet
 facet normal 0.32153827628249348 0.94688388061181994 0.0049044390895693095
  outer loop
   vertex 0.058875441551208496 0.064988888800144196 -0.00089794647647067904
   vertex 0.058820668607950211 0.064988888800144196 0.0026930039748549461
   vertex 0.060733191668987274 0.064358189702033997 -0.00092628021957352757
  endloop
 endfacet
 facet normal 0.32123915613617077 0.9468838803721098 -0.014707877357961656
  outer loop
   vertex 0.060563750565052032 0.064358189702033997 -0.0046270941384136677
   vertex 0.058875441551208496 0.064988888800144196 -0.00089794647647067904
   vertex 0.060733191668987274 0.064358189702033997 -0.00092628021957352757
  endloop
 endfacet
 facet normal 0.32124017748797651 0.94688354193976099 -0.014707357720067746
  outer loop
   vertex 0.058711189776659012 0.064988888800144196 -0.0044855568557977676
   vertex 0.058875441551208496 0.064988888800144196 -0.00089794647647067904
   vertex 0.060563750565052032 0.064358189702033997 -0.0046270941384136677
  endloop
 endfacet
 facet normal 0.31974605501914066 0.94688354949120068 -0.034263741807362059
  outer loop
   vertex 0.060169018805027008 0.064358189702033997 -0.0083106942474842072
   vertex 0.058711189776659012 0.064988888800144196 -0.0044855568557977676
   vertex 0.060563750565052032 0.064358189702033997 -0.0046270941384136677
  endloop
 endfacet
 facet normal 0.31974411317365642 0.94688417470556663 -0.034264584966841587
  outer loop
   vertex 0.058328520506620407 0.064988888800144196 -0.0080564813688397408
   vertex 0.058711189776659012 0.064988888800144196 -0.0044855568557977676
   vertex 0.060169018805027008 0.064358189702033997 -0.0083106942474842072
  endloop
 endfacet
 facet normal 0.31706060734908054 0.94688416456689928 -0.053693110916367699
  outer loop
   vertex 0.059550449252128601 0.064358189702033997 -0.011963379569351673
   vertex 0.058328520506620407 0.064988888800144196 -0.0080564813688397408
   vertex 0.060169018805027008 0.064358189702033997 -0.0083106942474842072
  endloop
 endfacet
 facet normal 0.31706162178120523 0.9468838457966039 -0.053692742180906111
  outer loop
   vertex 0.057728879153728485 0.064988888800144196 -0.01159743033349514
   vertex 0.058328520506620407 0.064988888800144196 -0.0080564813688397408
   vertex 0.059550449252128601 0.064358189702033997 -0.011963379569351673
  endloop
 endfacet
 facet normal 0.3131984299969866 0.94688386964965698 -0.072922430326437498
  outer loop
   vertex 0.058710351586341858 0.064358189702033997 -0.015571559779345989
   vertex 0.057728879153728485 0.064988888800144196 -0.01159743033349514
   vertex 0.059550449252128601 0.064358189702033997 -0.011963379569351673
  endloop
 endfacet
 facet normal 0.31319707079147269 0.94688428826174342 -0.072922832437397736
  outer loop
   vertex 0.056914471089839935 0.064988888800144196 -0.01509524043649435
   vertex 0.057728879153728485 0.064988888800144196 -0.01159743033349514
   vertex 0.058710351586341858 0.064358189702033997 -0.015571559779345989
  endloop
 endfacet
 facet normal 0.30816884626814472 0.9468842922690881 -0.091880897056072594
  outer loop
   vertex 0.057651840150356293 0.064358189702033997 -0.019121810793876648
   vertex 0.056914471089839935 0.064988888800144196 -0.01509524043649435
   vertex 0.058710351586341858 0.064358189702033997 -0.015571559779345989
  endloop
 endfacet
 facet normal 0.44116593677428356 0.89679236523796335 0.033705635744902616
  outer loop
   vertex 0.060394469648599625 0.064358189702033997 0.006471903994679451
   vertex 0.062434598803520203 0.063490383327007294 0.0028584620449692011
   vertex 0.060676690191030502 0.064358189702033997 0.0027779790107160807
  endloop
 endfacet
 facet normal 0.44116464722517829 0.89679303300597302 0.033704747301112177
  outer loop
   vertex 0.062144208699464798 0.063490383327007294 0.0066594057716429234
   vertex 0.062434598803520203 0.063490383327007294 0.0028584620449692011
   vertex 0.060394469648599625 0.064358189702033997 0.006471903994679451
  endloop
 endfacet
 facet normal 0.4382893791507117 0.89679304541717575 0.060536384225283388
  outer loop
   vertex 0.059887591749429703 0.064358189702033997 0.010141749866306782
   vertex 0.062144208699464798 0.063490383327007294 0.0066594057716429234
   vertex 0.060394469648599625 0.064358189702033997 0.006471903994679451
  endloop
 endfacet
 facet normal 0.43829188457580137 0.89679168851391378 0.060538345925172772
  outer loop
   vertex 0.061622630804777145 0.063490383327007294 0.010435580275952816
   vertex 0.062144208699464798 0.063490383327007294 0.0066594057716429234
   vertex 0.059887591749429703 0.064358189702033997 0.010141749866306782
  endloop
 endfacet
 facet normal 0.43378586276420256 0.89679172131135443 0.087146048982925092
  outer loop
   vertex 0.059157911688089371 0.064358189702033997 0.013773869723081589
   vertex 0.061622630804777145 0.063490383327007294 0.010435580275952816
   vertex 0.059887591749429703 0.064358189702033997 0.010141749866306782
  endloop
 endfacet
 facet normal 0.43378408224224674 0.896792735938017 0.087144470633871873
  outer loop
   vertex 0.060871820896863937 0.063490383327007294 0.014172930270433426
   vertex 0.061622630804777145 0.063490383327007294 0.010435580275952816
   vertex 0.059157911688089371 0.064358189702033997 0.013773869723081589
  endloop
 endfacet
 facet normal 0.4276645408532912 0.89679279489364438 0.11342717277438208
  outer loop
   vertex 0.058208171278238297 0.064358189702033997 0.017354760318994522
   vertex 0.060871820896863937 0.063490383327007294 0.014172930270433426
   vertex 0.059157911688089371 0.064358189702033997 0.013773869723081589
  endloop
 endfacet
 facet normal 0.42766568711787745 0.89679210302217294 0.11342832106251996
  outer loop
   vertex 0.059894561767578125 0.063490383327007294 0.017857549712061882
   vertex 0.060871820896863937 0.063490383327007294 0.014172930270433426
   vertex 0.058208171278238297 0.064358189702033997 0.017354760318994522
  endloop
 endfacet
 facet normal 0.19515262544000861 0.98076836827271818 0.0029766725619912375
  outer loop
   vertex 0.058875441551208496 0.064988888800144196 -0.00089794647647067904
   vertex 0.056898288428783417 0.065371669828891754 0.0026049909647554159
   vertex 0.058820668607950211 0.064988888800144196 0.0026930039748549461
  endloop
 endfacet
 facet normal 0.19515245115945865 0.98076840326107961 0.0029765703699822302
  outer loop
   vertex 0.056951269507408142 0.065371669828891754 -0.00086859980365261436
   vertex 0.056898288428783417 0.065371669828891754 0.0026049909647554159
   vertex 0.058875441551208496 0.064988888800144196 -0.00089794647647067904
  endloop
 endfacet
 facet normal 0.19497091277693729 0.9807684044591547 -0.0089263646335952778
  outer loop
   vertex 0.058711189776659012 0.064988888800144196 -0.0044855568557977676
   vertex 0.056951269507408142 0.065371669828891754 -0.00086859980365261436
   vertex 0.058875441551208496 0.064988888800144196 -0.00089794647647067904
  endloop
 endfacet
 facet normal 0.19497016372789655 0.98076854990800044 -0.0089267444947958539
  outer loop
   vertex 0.056792378425598145 0.065371669828891754 -0.004338960163295269
   vertex 0.056951269507408142 0.065371669828891754 -0.00086859980365261436
   vertex 0.058711189776659012 0.064988888800144196 -0.0044855568557977676
  endloop
 endfacet
 facet normal 0.19406333039661761 0.98076854407900527 -0.020796315551591539
  outer loop
   vertex 0.058328520506620407 0.064988888800144196 -0.0080564813688397408
   vertex 0.056792378425598145 0.065371669828891754 -0.004338960163295269
   vertex 0.058711189776659012 0.064988888800144196 -0.0044855568557977676
  endloop
 endfacet
 facet normal 0.19406480860263789 0.98076826514791349 -0.020795676011459562
  outer loop
   vertex 0.05642222985625267 0.065371669828891754 -0.0077931787818670273
   vertex 0.056792378425598145 0.065371669828891754 -0.004338960163295269
   vertex 0.058328520506620407 0.064988888800144196 -0.0080564813688397408
  endloop
 endfacet
 facet normal 0.19243601279933767 0.98076827056286953 -0.032588041288347663
  outer loop
   vertex 0.057728879153728485 0.064988888800144196 -0.01159743033349514
   vertex 0.05642222985625267 0.065371669828891754 -0.0077931787818670273
   vertex 0.058328520506620407 0.064988888800144196 -0.0080564813688397408
  endloop
 endfacet
 facet normal 0.19243549455602971 0.98076836601336803 -0.032588228893947503
  outer loop
   vertex 0.055842179805040359 0.065371669828891754 -0.011218409985303879
   vertex 0.05642222985625267 0.065371669828891754 -0.0077931787818670273
   vertex 0.057728879153728485 0.064988888800144196 -0.01159743033349514
  endloop
 endfacet
 facet normal 0.19009083230857893 0.98076835571165466 -0.044259551589335581
  outer loop
   vertex 0.056914471089839935 0.064988888800144196 -0.01509524043649435
   vertex 0.055842179805040359 0.065371669828891754 -0.011218409985303879
   vertex 0.057728879153728485 0.064988888800144196 -0.01159743033349514
  endloop
 endfacet
 facet normal 0.32064132046293775 0.94688387064574364 0.024496512460314705
  outer loop
   vertex 0.058547090739011765 0.064988888800144196 0.0062739369459450245
   vertex 0.060676690191030502 0.064358189702033997 0.0027779790107160807
   vertex 0.058820668607950211 0.064988888800144196 0.0026930039748549461
  endloop
 endfacet
 facet normal 0.32064281144599099 0.94688333978072081 0.024497516480628818
  outer loop
   vertex 0.060394469648599625 0.064358189702033997 0.006471903994679451
   vertex 0.060676690191030502 0.064358189702033997 0.0027779790107160807
   vertex 0.058547090739011765 0.064988888800144196 0.0062739369459450245
  endloop
 endfacet
 facet normal 0.31855289657695007 0.9468833333493486 0.044000058041567709
  outer loop
   vertex 0.058055698871612549 0.064988888800144196 0.0098315300419926643
   vertex 0.060394469648599625 0.064358189702033997 0.006471903994679451
   vertex 0.058547090739011765 0.064988888800144196 0.0062739369459450245
  endloop
 endfacet
 facet normal 0.3185502889422806 0.94688430342558549 0.043998060650823838
  outer loop
   vertex 0.059887591749429703 0.064358189702033997 0.010141749866306782
   vertex 0.060394469648599625 0.064358189702033997 0.006471903994679451
   vertex 0.058055698871612549 0.064988888800144196 0.0098315300419926643
  endloop
 endfacet
 facet normal 0.31527538397153554 0.94688429967125065 0.0633368399723723
  outer loop
   vertex 0.057348348200321198 0.064988888800144196 0.013352549634873867
   vertex 0.059887591749429703 0.064358189702033997 0.010141749866306782
   vertex 0.058055698871612549 0.064988888800144196 0.0098315300419926643
  endloop
 endfacet
 facet normal 0.31527669187715873 0.94688378828153952 0.063337974774978753
  outer loop
   vertex 0.059157911688089371 0.064358189702033997 0.013773869723081589
   vertex 0.059887591749429703 0.064358189702033997 0.010141749866306782
   vertex 0.057348348200321198 0.064988888800144196 0.013352549634873867
  endloop
 endfacet
 facet normal 0.31082906411787209 0.94688376649453732 0.082440436975591239
  outer loop
   vertex 0.056427650153636932 0.064988888800144196 0.016823900863528252
   vertex 0.059157911688089371 0.064358189702033997 0.013773869723081589
   vertex 0.057348348200321198 0.064988888800144196 0.013352549634873867
  endloop
 endfacet
 facet normal 0.31082779061473836 0.94688429327658619 0.082439188057987584
  outer loop
   vertex 0.058208171278238297 0.064358189702033997 0.017354760318994522
   vertex 0.059157911688089371 0.064358189702033997 0.013773869723081589
   vertex 0.056427650153636932 0.064988888800144196 0.016823900863528252
  endloop
 endfacet
 facet normal 0.1946082101143736 0.98076836880234408 0.014867794485699961
  outer loop
   vertex 0.056633651256561279 0.065371669828891754 0.0060688918456435204
   vertex 0.058820668607950211 0.064988888800144196 0.0026930039748549461
   vertex 0.056898288428783417 0.065371669828891754 0.0026049909647554159
  endloop
 endfacet
 facet normal 0.19460817441229003 0.98076837624992397 0.014867770512193837
  outer loop
   vertex 0.058547090739011765 0.064988888800144196 0.0062739369459450245
   vertex 0.058820668607950211 0.064988888800144196 0.0026930039748549461
   vertex 0.056633651256561279 0.065371669828891754 0.0060688918456435204
  endloop
 endfacet
 facet normal 0.19333969108270202 0.98076837573021625 0.026704999898122698
  outer loop
   vertex 0.056158319115638733 0.065371669828891754 0.0095102163031697273
   vertex 0.058547090739011765 0.064988888800144196 0.0062739369459450245
   vertex 0.056633651256561279 0.065371669828891754 0.0060688918456435204
  endloop
 endfacet
 facet normal 0.19333970391863295 0.98076837293287178 0.026705009703480796
  outer loop
   vertex 0.058055698871612549 0.064988888800144196 0.0098315300419926643
   vertex 0.058547090739011765 0.064988888800144196 0.0062739369459450245
   vertex 0.056158319115638733 0.065371669828891754 0.0095102163031697273
  endloop
 endfacet
 facet normal 0.19135222856857498 0.98076837210569279 0.038441187533544287
  outer loop
   vertex 0.055474091321229935 0.065371669828891754 0.012916159816086292
   vertex 0.058055698871612549 0.064988888800144196 0.0098315300419926643
   vertex 0.056158319115638733 0.065371669828891754 0.0095102163031697273
  endloop
 endfacet
 facet normal 0.19135263584846371 0.98076827882963846 0.038441539971671226
  outer loop
   vertex 0.057348348200321198 0.064988888800144196 0.013352549634873867
   vertex 0.058055698871612549 0.064988888800144196 0.0098315300419926643
   vertex 0.055474091321229935 0.065371669828891754 0.012916159816086292
  endloop
 endfacet
 facet normal 0.18865299604198493 0.98076828021994378 0.050036262838033405
  outer loop
   vertex 0.054583478718996048 0.065371669828891754 0.016274059191346169
   vertex 0.057348348200321198 0.064988888800144196 0.013352549634873867
   vertex 0.055474091321229935 0.065371669828891754 0.012916159816086292
  endloop
 endfacet
 facet normal 0.18865259295591311 0.98076837786884219 0.05003586856976152
  outer loop
   vertex 0.056427650153636932 0.064988888800144196 0.016823900863528252
   vertex 0.057348348200321198 0.064988888800144196 0.013352549634873867
   vertex 0.054583478718996048 0.065371669828891754 0.016274059191346169
  endloop
 endfacet
 facet normal 0.91037747198388863 0.19500098616578643 0.36494859076121267
  outer loop
   vertex 0.063680797815322876 0.054382290691137314 0.027811180800199509
   vertex 0.065617308020591736 0.052457891404628754 0.024008739739656448
   vertex 0.065257832407951355 0.054382290691137314 0.023877210915088654
  endloop
 endfacet
 facet normal 0.91037744184736413 0.19500419235635602 0.36494695277381656
  outer loop
   vertex 0.064031593501567841 0.052457891404628754 0.027964379638433456
   vertex 0.065617308020591736 0.052457891404628754 0.024008739739656448
   vertex 0.063680797815322876 0.054382290691137314 0.027811180800199509
  endloop
 endfacet
 facet normal 0.886434619618099 0.19500410251996139 0.41977025280848634
  outer loop
   vertex 0.061866868287324905 0.054382290691137314 0.031641680747270584
   vertex 0.064031593501567841 0.052457891404628754 0.027964379638433456
   vertex 0.063680797815322876 0.054382290691137314 0.027811180800199509
  endloop
 endfacet
 facet normal 0.8864345903001104 0.19500275542462447 0.41977094050955871
  outer loop
   vertex 0.062207669019699097 0.052457891404628754 0.03181597962975502
   vertex 0.064031593501567841 0.052457891404628754 0.027964379638433456
   vertex 0.061866868287324905 0.054382290691137314 0.031641680747270584
  endloop
 endfacet
 facet normal 0.85919568430369642 0.19500267039489735 0.4730293168639359
  outer loop
   vertex 0.059822790324687958 0.054382290691137314 0.035354480147361755
   vertex 0.062207669019699097 0.052457891404628754 0.03181597962975502
   vertex 0.061866868287324905 0.054382290691137314 0.031641680747270584
  endloop
 endfacet
 facet normal 0.85919564331977827 0.1950018948587483 0.47302971101381147
  outer loop
   vertex 0.060152329504489899 0.052457891404628754 0.035549230873584747
   vertex 0.062207669019699097 0.052457891404628754 0.03181597962975502
   vertex 0.059822790324687958 0.054382290691137314 0.035354480147361755
  endloop
 endfacet
 facet normal 0.82875980416531703 0.19500182802556934 0.5245297647098317
  outer loop
   vertex 0.057556170970201492 0.054382290691137314 0.038935750722885132
   vertex 0.060152329504489899 0.052457891404628754 0.035549230873584747
   vertex 0.059822790324687958 0.054382290691137314 0.035354480147361755
  endloop
 endfacet
 facet normal 0.82875966079466734 0.19500011579134324 0.52453062778151516
  outer loop
   vertex 0.05787321925163269 0.052457891404628754 0.039150230586528778
   vertex 0.060152329504489899 0.052457891404628754 0.035549230873584747
   vertex 0.057556170970201492 0.054382290691137314 0.038935750722885132
  endloop
 endfacet
 facet normal 0.79524132169617401 0.19500016702302775 0.57407854438910499
  outer loop
   vertex 0.055075440555810928 0.054382290691137314 0.042372178286314011
   vertex 0.05787321925163269 0.052457891404628754 0.039150230586528778
   vertex 0.057556170970201492 0.054382290691137314 0.038935750722885132
  endloop
 endfacet
 facet normal 0.79524126369089021 0.19499965957459434 0.57407879710812215
  outer loop
   vertex 0.05537882074713707 0.052457891404628754 0.04260559007525444
   vertex 0.05787321925163269 0.052457891404628754 0.039150230586528778
   vertex 0.055075440555810928 0.054382290691137314 0.042372178286314011
  endloop
 endfacet
 facet normal 0.7587642352795031 0.19499982435450702 0.6214916763420264
  outer loop
   vertex 0.052389819175004959 0.054382290691137314 0.045650988817214966
   vertex 0.05537882074713707 0.052457891404628754 0.04260559007525444
   vertex 0.055075440555810928 0.054382290691137314 0.042372178286314011
  endloop
 endfacet
 facet normal 0.75876442243249631 0.19500111993395258 0.62149104134748767
  outer loop
   vertex 0.052678409963846207 0.052457891404628754 0.045902460813522339
   vertex 0.05537882074713707 0.052457891404628754 0.04260559007525444
   vertex 0.052389819175004959 0.054382290691137314 0.045650988817214966
  endloop
 endfacet
 facet normal 0.71946348041643216 0.19500117482577597 0.66659346093675487
  outer loop
   vertex 0.049509301781654358 0.054382290691137314 0.048759970813989639
   vertex 0.052678409963846207 0.052457891404628754 0.045902460813522339
   vertex 0.052389819175004959 0.054382290691137314 0.045650988817214966
  endloop
 endfacet
 facet normal 0.71946332572087757 0.19500028611088879 0.66659388788026397
  outer loop
   vertex 0.049782030284404755 0.052457891404628754 0.049028560519218445
   vertex 0.052678409963846207 0.052457891404628754 0.045902460813522339
   vertex 0.049509301781654358 0.054382290691137314 0.048759970813989639
  endloop
 endfacet
 facet normal 0.67751759068770734 0.19500029068426139 0.70918601293439076
  outer loop
   vertex 0.046449039131402969 0.054382290691137314 0.051683578640222549
   vertex 0.049782030284404755 0.052457891404628754 0.049028560519218445
   vertex 0.049509301781654358 0.054382290691137314 0.048759970813989639
  endloop
 endfacet
 facet normal 0.87897878697064902 0.32130551733172769 0.35236211003426171
  outer loop
   vertex 0.06310281902551651 0.056240249425172806 0.027558760717511177
   vertex 0.065257832407951355 0.054382290691137314 0.023877210915088654
   vertex 0.064665541052818298 0.056240249425172806 0.023660499602556229
  endloop
 endfacet
 facet normal 0.87897866142978986 0.3213064668787452 0.35236155734272817
  outer loop
   vertex 0.063680797815322876 0.054382290691137314 0.027811180800199509
   vertex 0.065257832407951355 0.054382290691137314 0.023877210915088654
   vertex 0.06310281902551651 0.056240249425172806 0.027558760717511177
  endloop
 endfacet
 facet normal 0.855862311016515 0.32130647925270384 0.40529230312417963
  outer loop
   vertex 0.061305351555347443 0.056240249425172806 0.031354501843452454
   vertex 0.063680797815322876 0.054382290691137314 0.027811180800199509
   vertex 0.06310281902551651 0.056240249425172806 0.027558760717511177
  endloop
 endfacet
 facet normal 0.85586239316828183 0.32130562776855137 0.40529280467893675
  outer loop
   vertex 0.061866868287324905 0.054382290691137314 0.031641680747270584
   vertex 0.063680797815322876 0.054382290691137314 0.027811180800199509
   vertex 0.061305351555347443 0.056240249425172806 0.031354501843452454
  endloop
 endfacet
 facet normal 0.82956239415456168 0.32130542679460439 0.45671550982738579
  outer loop
   vertex 0.059279829263687134 0.056240249425172806 0.035033591091632843
   vertex 0.061866868287324905 0.054382290691137314 0.031641680747270584
   vertex 0.061305351555347443 0.056240249425172806 0.031354501843452454
  endloop
 endfacet
 facet normal 0.82956231109949463 0.32130680207721884 0.45671469315336927
  outer loop
   vertex 0.059822790324687958 0.054382290691137314 0.035354480147361755
   vertex 0.061866868287324905 0.054382290691137314 0.031641680747270584
   vertex 0.059279829263687134 0.056240249425172806 0.035033591091632843
  endloop
 endfacet
 facet normal 0.80017592366431578 0.32130695345763821 0.50643887375252916
  outer loop
   vertex 0.057033780962228775 0.056240249425172806 0.038582358509302139
   vertex 0.059822790324687958 0.054382290691137314 0.035354480147361755
   vertex 0.059279829263687134 0.056240249425172806 0.035033591091632843
  endloop
 endfacet
 facet normal 0.80017591902188556 0.32130714626956924 0.50643875875922684
  outer loop
   vertex 0.057556170970201492 0.054382290691137314 0.038935750722885132
   vertex 0.059822790324687958 0.054382290691137314 0.035354480147361755
   vertex 0.057033780962228775 0.056240249425172806 0.038582358509302139
  endloop
 endfacet
 facet normal 0.76781281906240373 0.32130724478591838 0.55427892737459039
  outer loop
   vertex 0.054575558751821518 0.056240249425172806 0.041987601667642593
   vertex 0.057556170970201492 0.054382290691137314 0.038935750722885132
   vertex 0.057033780962228775 0.056240249425172806 0.038582358509302139
  endloop
 endfacet
 facet normal 0.76781283547204959 0.32130857619127484 0.55427813284515126
  outer loop
   vertex 0.055075440555810928 0.054382290691137314 0.042372178286314011
   vertex 0.057556170970201492 0.054382290691137314 0.038935750722885132
   vertex 0.054575558751821518 0.056240249425172806 0.041987601667642593
  endloop
 endfacet
 facet normal 0.7325944054578587 0.32130844784028034 0.60005526282028065
  outer loop
   vertex 0.051914319396018982 0.056240249425172806 0.045236650854349136
   vertex 0.055075440555810928 0.054382290691137314 0.042372178286314011
   vertex 0.054575558751821518 0.056240249425172806 0.041987601667642593
  endloop
 endfacet
 facet normal 0.73259431929038554 0.32130667784057926 0.60005631578919882
  outer loop
   vertex 0.052389819175004959 0.054382290691137314 0.045650988817214966
   vertex 0.055075440555810928 0.054382290691137314 0.042372178286314011
   vertex 0.051914319396018982 0.056240249425172806 0.045236650854349136
  endloop
 endfacet
 facet normal 0.69464912409032475 0.32130669982892773 0.64360282709570804
  outer loop
   vertex 0.049059949815273285 0.056240249425172806 0.048317410051822662
   vertex 0.052389819175004959 0.054382290691137314 0.045650988817214966
   vertex 0.051914319396018982 0.056240249425172806 0.045236650854349136
  endloop
 endfacet
 facet normal 0.69464915337737321 0.32130704494754864 0.64360262319164974
  outer loop
   vertex 0.049509301781654358 0.054382290691137314 0.048759970813989639
   vertex 0.052389819175004959 0.054382290691137314 0.045650988817214966
   vertex 0.049059949815273285 0.056240249425172806 0.048317410051822662
  endloop
 endfacet
 facet normal 0.65416457844699771 0.32130780123768649 0.68471161898208299
  outer loop
   vertex 0.046029649674892426 0.056240249425172806 0.051212519407272339
   vertex 0.049509301781654358 0.054382290691137314 0.048759970813989639
   vertex 0.049059949815273285 0.056240249425172806 0.048317410051822662
  endloop
 endfacet
 facet normal 0.65415949476628787 0.32126594302905437 0.68473611651260757
  outer loop
   vertex 0.046449039131402969 0.054382290691137314 0.051683578640222549
   vertex 0.049509301781654358 0.054382290691137314 0.048759970813989639
   vertex 0.046029649674892426 0.056240249425172806 0.051212519407272339
  endloop
 endfacet
 facet normal 0.61119632461697038 0.32134746788900753 0.72330827290722344
  outer loop
   vertex 0.042814988642930984 0.056240249425172806 0.053928911685943604
   vertex 0.046449039131402969 0.054382290691137314 0.051683578640222549
   vertex 0.046029649674892426 0.056240249425172806 0.051212519407272339
  endloop
 endfacet
 facet normal 0.8325491024889059 0.44212355974856121 0.3337495316254061
  outer loop
   vertex 0.062307540327310562 0.057999998331069946 0.027211440727114677
   vertex 0.06310281902551651 0.056240249425172806 0.027558760717511177
   vertex 0.064665541052818298 0.056240249425172806 0.023660499602556229
  endloop
 endfacet
 facet normal 0.8106541194414697 0.44212354484482169 0.38388366691801845
  outer loop
   vertex 0.06053273007273674 0.057999998331069946 0.030959339812397957
   vertex 0.06310281902551651 0.056240249425172806 0.027558760717511177
   vertex 0.062307540327310562 0.057999998331069946 0.027211440727114677
  endloop
 endfacet
 facet normal 0.75157835556955177 0.55539098585318425 0.35590845490434253
  outer loop
   vertex 0.059562221169471741 0.059631418436765671 0.030462969094514847
   vertex 0.06053273007273674 0.057999998331069946 0.030959339812397957
   vertex 0.062307540327310562 0.057999998331069946 0.027211440727114677
  endloop
 endfacet
 facet normal 0.72848210723082463 0.55539108238232104 0.40106678378386235
  outer loop
   vertex 0.057594280689954758 0.059631418436765671 0.034037459641695023
   vertex 0.06053273007273674 0.057999998331069946 0.030959339812397957
   vertex 0.059562221169471741 0.059631418436765671 0.030462969094514847
  endloop
 endfacet
 facet normal 0.6587540701994794 0.65917205683487601 0.36267792114174585
  outer loop
   vertex 0.056480541825294495 0.061106599867343903 0.033379249274730682
   vertex 0.057594280689954758 0.059631418436765671 0.034037459641695023
   vertex 0.059562221169471741 0.059631418436765671 0.030462969094514847
  endloop
 endfacet
 facet normal 0.6354193726678099 0.65917213124402685 0.40216205965960328
  outer loop
   vertex 0.054340559989213943 0.061106599867343903 0.036760438233613968
   vertex 0.057594280689954758 0.059631418436765671 0.034037459641695023
   vertex 0.056480541825294495 0.061106599867343903 0.033379249274730682
  endloop
 endfacet
 facet normal 0.55728123607216351 0.75168798777606616 0.3527078010975232
  outer loop
   vertex 0.053118690848350525 0.062400300055742264 0.035933878272771835
   vertex 0.054340559989213943 0.061106599867343903 0.036760438233613968
   vertex 0.056480541825294495 0.061106599867343903 0.033379249274730682
  endloop
 endfacet
 facet normal 0.53474193048081431 0.75168784412604006 0.38602649232766123
  outer loop
   vertex 0.050829220563173294 0.062400300055742264 0.039105359464883804
   vertex 0.054340559989213943 0.061106599867343903 0.036760438233613968
   vertex 0.053118690848350525 0.062400300055742264 0.035933878272771835
  endloop
 endfacet
 facet normal 0.45060530108402008 0.83134952416982988 0.32528884287287968
  outer loop
   vertex 0.049536190927028656 0.063490383327007294 0.03811056911945343
   vertex 0.050829220563173294 0.062400300055742264 0.039105359464883804
   vertex 0.053118690848350525 0.062400300055742264 0.035933878272771835
  endloop
 endfacet
 facet normal 0.42993653670977416 0.83134952999598111 0.35215413298365006
  outer loop
   vertex 0.047120679169893265 0.063490383327007294 0.04105960950255394
   vertex 0.050829220563173294 0.062400300055742264 0.039105359464883804
   vertex 0.049536190927028656 0.063490383327007294 0.03811056911945343
  endloop
 endfacet
 facet normal 0.34228793741605468 0.89679194796968265 0.28036256875018994
  outer loop
   vertex 0.04579395055770874 0.064358189702033997 0.039903540164232254
   vertex 0.047120679169893265 0.063490383327007294 0.04105960950255394
   vertex 0.049536190927028656 0.063490383327007294 0.03811056911945343
  endloop
 endfacet
 facet normal 0.32455882521838336 0.89679192753762049 0.30070884203199311
  outer loop
   vertex 0.043276090174913406 0.064358189702033997 0.042621098458766937
   vertex 0.047120679169893265 0.063490383327007294 0.04105960950255394
   vertex 0.04579395055770874 0.064358189702033997 0.039903540164232254
  endloop
 endfacet
 facet normal 0.2358899255479921 0.94688401725055249 0.21855571578070887
  outer loop
   vertex 0.041952330619096756 0.064988888800144196 0.041317369788885117
   vertex 0.043276090174913406 0.064358189702033997 0.042621098458766937
   vertex 0.04579395055770874 0.064358189702033997 0.039903540164232254
  endloop
 endfacet
 facet normal 0.2221758061413886 0.94688466203975352 0.23248085503818577
  outer loop
   vertex 0.039374168962240219 0.064988888800144196 0.043781250715255737
   vertex 0.043276090174913406 0.064358189702033997 0.042621098458766937
   vertex 0.041952330619096756 0.064988888800144196 0.041317369788885117
  endloop
 endfacet
 facet normal 0.13485164457731688 0.9807670574894306 0.14110638858080399
  outer loop
   vertex 0.03808915987610817 0.065371669828891754 0.042348761111497879
   vertex 0.039374168962240219 0.064988888800144196 0.043781250715255737
   vertex 0.041952330619096756 0.064988888800144196 0.041317369788885117
  endloop
 endfacet
 facet normal 0.12599363277794159 0.98076948535100994 0.14905308149693589
  outer loop
   vertex 0.035415560007095337 0.065371669828891754 0.044608738273382187
   vertex 0.039374168962240219 0.064988888800144196 0.043781250715255737
   vertex 0.03808915987610817 0.065371669828891754 0.042348761111497879
  endloop
 endfacet
 facet normal 0.81065425882471043 0.44212291465753423 0.38388409837356641
  outer loop
   vertex 0.061305351555347443 0.056240249425172806 0.031354501843452454
   vertex 0.06310281902551651 0.056240249425172806 0.027558760717511177
   vertex 0.06053273007273674 0.057999998331069946 0.030959339812397957
  endloop
 endfacet
 facet normal 0.78574308555450845 0.44212304544150838 0.4325910495985858
  outer loop
   vertex 0.058532729744911194 0.057999998331069946 0.034592069685459137
   vertex 0.061305351555347443 0.056240249425172806 0.031354501843452454
   vertex 0.06053273007273674 0.057999998331069946 0.030959339812397957
  endloop
 endfacet
 facet normal 0.78574300876632019 0.4421234743613639 0.43259075070265546
  outer loop
   vertex 0.059279829263687134 0.056240249425172806 0.035033591091632843
   vertex 0.061305351555347443 0.056240249425172806 0.031354501843452454
   vertex 0.058532729744911194 0.057999998331069946 0.034592069685459137
  endloop
 endfacet
 facet normal 0.75790936109260132 0.44212337321323236 0.47968773512229568
  outer loop
   vertex 0.056314989924430847 0.057999998331069946 0.038096111267805099
   vertex 0.059279829263687134 0.056240249425172806 0.035033591091632843
   vertex 0.058532729744911194 0.057999998331069946 0.034592069685459137
  endloop
 endfacet
 facet normal 0.75790941233532183 0.44212299701288271 0.4796880008983691
  outer loop
   vertex 0.057033780962228775 0.056240249425172806 0.038582358509302139
   vertex 0.059279829263687134 0.056240249425172806 0.035033591091632843
   vertex 0.056314989924430847 0.057999998331069946 0.038096111267805099
  endloop
 endfacet
 facet normal 0.72725617388224173 0.4421229470893609 0.52500072114920071
  outer loop
   vertex 0.053887750953435898 0.057999998331069946 0.041458439081907272
   vertex 0.057033780962228775 0.056240249425172806 0.038582358509302139
   vertex 0.056314989924430847 0.057999998331069946 0.038096111267805099
  endloop
 endfacet
 facet normal 0.727256265263866 0.44212196330803055 0.52500142304102926
  outer loop
   vertex 0.054575558751821518 0.056240249425172806 0.041987601667642593
   vertex 0.057033780962228775 0.056240249425172806 0.038582358509302139
   vertex 0.053887750953435898 0.057999998331069946 0.041458439081907272
  endloop
 endfacet
 facet normal 0.69389828296084932 0.44212195135423538 0.5683602317498192
  outer loop
   vertex 0.051260050386190414 0.057999998331069946 0.044666539877653122
   vertex 0.054575558751821518 0.056240249425172806 0.041987601667642593
   vertex 0.053887750953435898 0.057999998331069946 0.041458439081907272
  endloop
 endfacet
 facet normal 0.69389826218347206 0.442122373484646 0.56835992874503438
  outer loop
   vertex 0.051914319396018982 0.056240249425172806 0.045236650854349136
   vertex 0.054575558751821518 0.056240249425172806 0.041987601667642593
   vertex 0.051260050386190414 0.057999998331069946 0.044666539877653122
  endloop
 endfacet
 facet normal 0.65795603895178256 0.44212236229470414 0.60960779815044253
  outer loop
   vertex 0.048441648483276367 0.057999998331069946 0.047708470374345779
   vertex 0.051914319396018982 0.056240249425172806 0.045236650854349136
   vertex 0.051260050386190414 0.057999998331069946 0.044666539877653122
  endloop
 endfacet
 facet normal 0.65795602644611095 0.44212469193284432 0.60960612205466902
  outer loop
   vertex 0.049059949815273285 0.056240249425172806 0.048317410051822662
   vertex 0.051914319396018982 0.056240249425172806 0.045236650854349136
   vertex 0.048441648483276367 0.057999998331069946 0.047708470374345779
  endloop
 endfacet
 facet normal 0.61962456563847501 0.44212556433558914 0.64852940027285422
  outer loop
   vertex 0.045451708137989044 0.057999998331069946 0.050565149635076523
   vertex 0.049059949815273285 0.056240249425172806 0.048317410051822662
   vertex 0.048441648483276367 0.057999998331069946 0.047708470374345779
  endloop
 endfacet
 facet normal 0.61962304271440227 0.4420870317034607 0.64855712264762699
  outer loop
   vertex 0.046029649674892426 0.056240249425172806 0.051212519407272339
   vertex 0.049059949815273285 0.056240249425172806 0.048317410051822662
   vertex 0.045451708137989044 0.057999998331069946 0.050565149635076523
  endloop
 endfacet
 facet normal 0.57892373984198398 0.44215862228822095 0.68508616697723013
  outer loop
   vertex 0.042275398969650269 0.057999998331069946 0.05324925109744072
   vertex 0.046029649674892426 0.056240249425172806 0.051212519407272339
   vertex 0.045451708137989044 0.057999998331069946 0.050565149635076523
  endloop
 endfacet
 facet normal 0.57892075396562293 0.44212190932016154 0.68511238342841929
  outer loop
   vertex 0.042814988642930984 0.056240249425172806 0.053928911685943604
   vertex 0.046029649674892426 0.056240249425172806 0.051212519407272339
   vertex 0.042275398969650269 0.057999998331069946 0.05324925109744072
  endloop
 endfacet
 facet normal 0.53603051154191639 0.44212267239183328 0.71916537267391778
  outer loop
   vertex 0.03895048052072525 0.057999998331069946 0.055727481842041016
   vertex 0.042814988642930984 0.056240249425172806 0.053928911685943604
   vertex 0.042275398969650269 0.057999998331069946 0.05324925109744072
  endloop
 endfacet
 facet normal 0.72848173972471875 0.55539227374395161 0.4010658015253491
  outer loop
   vertex 0.057594280689954758 0.059631418436765671 0.034037459641695023
   vertex 0.058532729744911194 0.057999998331069946 0.034592069685459137
   vertex 0.06053273007273674 0.057999998331069946 0.030959339812397957
  endloop
 endfacet
 facet normal 0.70267658248960252 0.5553922504344555 0.44473033242413729
  outer loop
   vertex 0.05541209876537323 0.059631418436765671 0.037485320121049881
   vertex 0.058532729744911194 0.057999998331069946 0.034592069685459137
   vertex 0.057594280689954758 0.059631418436765671 0.034037459641695023
  endloop
 endfacet
 facet normal 0.6354196725757254 0.65917137282926141 0.40216282889663585
  outer loop
   vertex 0.054340559989213943 0.061106599867343903 0.036760438233613968
   vertex 0.05541209876537323 0.059631418436765671 0.037485320121049881
   vertex 0.057594280689954758 0.059631418436765671 0.034037459641695023
  endloop
 endfacet
 facet normal 0.60972019274630418 0.65917143953614732 0.44015258701642646
  outer loop
   vertex 0.051998421549797058 0.061106599867343903 0.040004879236221313
   vertex 0.05541209876537323 0.059631418436765671 0.037485320121049881
   vertex 0.054340559989213943 0.061106599867343903 0.036760438233613968
  endloop
 endfacet
 facet normal 0.53474184208502551 0.75168802671883406 0.38602625922475658
  outer loop
   vertex 0.050829220563173294 0.062400300055742264 0.039105359464883804
   vertex 0.051998421549797058 0.061106599867343903 0.040004879236221313
   vertex 0.054340559989213943 0.061106599867343903 0.036760438233613968
  endloop
 endfacet
 facet normal 0.51021394749149529 0.75168800602388686 0.41790772831449141
  outer loop
   vertex 0.048350658267736435 0.062400300055742264 0.042131379246711731
   vertex 0.051998421549797058 0.061106599867343903 0.040004879236221313
   vertex 0.050829220563173294 0.062400300055742264 0.039105359464883804
  endloop
 endfacet
 facet normal 0.42993639385361998 0.8313497770930961 0.35215372405727058
  outer loop
   vertex 0.047120679169893265 0.063490383327007294 0.04105960950255394
   vertex 0.048350658267736435 0.062400300055742264 0.042131379246711731
   vertex 0.050829220563173294 0.062400300055742264 0.039105359464883804
  endloop
 endfacet
 facet normal 0.40766803733029522 0.83134980200555164 0.37770925067384176
  outer loop
   vertex 0.044529881328344345 0.063490383327007294 0.043855901807546616
   vertex 0.048350658267736435 0.062400300055742264 0.042131379246711731
   vertex 0.047120679169893265 0.063490383327007294 0.04105960950255394
  endloop
 endfacet
 facet normal 0.32455828923748348 0.89679270979012649 0.30070708763599185
  outer loop
   vertex 0.043276090174913406 0.064358189702033997 0.042621098458766937
   vertex 0.044529881328344345 0.063490383327007294 0.043855901807546616
   vertex 0.047120679169893265 0.063490383327007294 0.04105960950255394
  endloop
 endfacet
 facet normal 0.30568221429680498 0.89679369607815917 0.3198741167038629
  outer loop
   vertex 0.040614649653434753 0.064358189702033997 0.045164458453655243
   vertex 0.044529881328344345 0.063490383327007294 0.043855901807546616
   vertex 0.043276090174913406 0.064358189702033997 0.042621098458766937
  endloop
 endfacet
 facet normal 0.22217912693219863 0.94688059814461978 0.23249423307457145
  outer loop
   vertex 0.039374168962240219 0.064988888800144196 0.043781250715255737
   vertex 0.040614649653434753 0.064358189702033997 0.045164458453655243
   vertex 0.043276090174913406 0.064358189702033997 0.042621098458766937
  endloop
 endfacet
 facet normal 0.20758431206516992 0.94688760566789365 0.24558626919466328
  outer loop
   vertex 0.036612119525671005 0.064988888800144196 0.046115901321172714
   vertex 0.040614649653434753 0.064358189702033997 0.045164458453655243
   vertex 0.039374168962240219 0.064988888800144196 0.043781250715255737
  endloop
 endfacet
 facet normal 0.12599509817366664 0.98076813687554754 0.14906071556877501
  outer loop
   vertex 0.035415560007095337 0.065371669828891754 0.044608738273382187
   vertex 0.036612119525671005 0.064988888800144196 0.046115901321172714
   vertex 0.039374168962240219 0.064988888800144196 0.043781250715255737
  endloop
 endfacet
 facet normal 0.11663902538767737 0.98076838381827836 0.15648870585155611
  outer loop
   vertex 0.032630160450935364 0.065371669828891754 0.046684838831424713
   vertex 0.036612119525671005 0.064988888800144196 0.046115901321172714
   vertex 0.035415560007095337 0.065371669828891754 0.044608738273382187
  endloop
 endfacet
 facet normal 0.70267661067409626 0.55539214103916323 0.44473042450848649
  outer loop
   vertex 0.056314989924430847 0.057999998331069946 0.038096111267805099
   vertex 0.058532729744911194 0.057999998331069946 0.034592069685459137
   vertex 0.05541209876537323 0.059631418436765671 0.037485320121049881
  endloop
 endfacet
 facet normal 0.67425764174815739 0.55539217369818206 0.48674034755608842
  outer loop
   vertex 0.053023781627416611 0.059631418436765671 0.040793739259243011
   vertex 0.056314989924430847 0.057999998331069946 0.038096111267805099
   vertex 0.05541209876537323 0.059631418436765671 0.037485320121049881
  endloop
 endfacet
 facet normal 0.67425797201647331 0.5553905692300285 0.48674172081564743
  outer loop
   vertex 0.053887750953435898 0.057999998331069946 0.041458439081907272
   vertex 0.056314989924430847 0.057999998331069946 0.038096111267805099
   vertex 0.053023781627416611 0.059631418436765671 0.040793739259243011
  endloop
 endfacet
 facet normal 0.64332915759693821 0.5553906665515469 0.52694288352063601
  outer loop
   vertex 0.050438199192285538 0.059631418436765671 0.043950401246547699
   vertex 0.053887750953435898 0.057999998331069946 0.041458439081907272
   vertex 0.053023781627416611 0.059631418436765671 0.040793739259243011
  endloop
 endfacet
 facet normal 0.64332854583341581 0.55539465766085394 0.52693942380281755
  outer loop
   vertex 0.051260050386190414 0.057999998331069946 0.044666539877653122
   vertex 0.053887750953435898 0.057999998331069946 0.041458439081907272
   vertex 0.050438199192285538 0.059631418436765671 0.043950401246547699
  endloop
 endfacet
 facet normal 0.61000725336981432 0.55539469555260357 0.56517951394954669
  outer loop
   vertex 0.047664988785982132 0.059631418436765671 0.046943571418523788
   vertex 0.051260050386190414 0.057999998331069946 0.044666539877653122
   vertex 0.050438199192285538 0.059631418436765671 0.043950401246547699
  endloop
 endfacet
 facet normal 0.61000762412857168 0.55539099351067422 0.56518275171155163
  outer loop
   vertex 0.048441648483276367 0.057999998331069946 0.047708470374345779
   vertex 0.051260050386190414 0.057999998331069946 0.044666539877653122
   vertex 0.047664988785982132 0.059631418436765671 0.046943571418523788
  endloop
 endfacet
 facet normal 0.57448274918056685 0.55539214537706316 0.60125629788585244
  outer loop
   vertex 0.044725120067596436 0.059631418436765671 0.049752529710531235
   vertex 0.048441648483276367 0.057999998331069946 0.047708470374345779
   vertex 0.047664988785982132 0.059631418436765671 0.046943571418523788
  endloop
 endfacet
 facet normal 0.57448413295739142 0.55536157385212714 0.60128321385906214
  outer loop
   vertex 0.045451708137989044 0.057999998331069946 0.050565149635076523
   vertex 0.048441648483276367 0.057999998331069946 0.047708470374345779
   vertex 0.044725120067596436 0.059631418436765671 0.049752529710531235
  endloop
 endfacet
 facet normal 0.53674536060113376 0.55542144262840087 0.6351467853510282
  outer loop
   vertex 0.041597601026296616 0.059631418436765671 0.052395511418581009
   vertex 0.045451708137989044 0.057999998331069946 0.050565149635076523
   vertex 0.044725120067596436 0.059631418436765671 0.049752529710531235
  endloop
 endfacet
 facet normal 0.53674519036558754 0.55539167462919203 0.63517295941498542
  outer loop
   vertex 0.042275398969650269 0.057999998331069946 0.05324925109744072
   vertex 0.045451708137989044 0.057999998331069946 0.050565149635076523
   vertex 0.041597601026296616 0.059631418436765671 0.052395511418581009
  endloop
 endfacet
 facet normal 0.49696679844839237 0.55539266461320058 0.6667555694059133
  outer loop
   vertex 0.038325991481542587 0.059631418436765671 0.05483400821685791
   vertex 0.042275398969650269 0.057999998331069946 0.05324925109744072
   vertex 0.041597601026296616 0.059631418436765671 0.052395511418581009
  endloop
 endfacet
 facet normal 0.49696680035125884 0.5553926959695098 0.66675554186849606
  outer loop
   vertex 0.03895048052072525 0.057999998331069946 0.055727481842041016
   vertex 0.042275398969650269 0.057999998331069946 0.05324925109744072
   vertex 0.038325991481542587 0.059631418436765671 0.05483400821685791
  endloop
 endfacet
 facet normal 0.45539376631798956 0.55539269655736867 0.69581281262236838
  outer loop
   vertex 0.034911800175905228 0.059631418436765671 0.057068519294261932
   vertex 0.03895048052072525 0.057999998331069946 0.055727481842041016
   vertex 0.038325991481542587 0.059631418436765671 0.05483400821685791
  endloop
 endfacet
 facet normal 0.60971968008021982 0.65917297966446797 0.44015099068744701
  outer loop
   vertex 0.051998421549797058 0.061106599867343903 0.040004879236221313
   vertex 0.053023781627416611 0.059631418436765671 0.040793739259243011
   vertex 0.05541209876537323 0.059631418436765671 0.037485320121049881
  endloop
 endfacet
 facet normal 0.58175101212799185 0.65917299669910867 0.47650469075421897
  outer loop
   vertex 0.049462839961051941 0.061106599867343903 0.043100498616695404
   vertex 0.053023781627416611 0.059631418436765671 0.040793739259243011
   vertex 0.051998421549797058 0.061106599867343903 0.040004879236221313
  endloop
 endfacet
 facet normal 0.51021473298429243 0.75168606837812257 0.41791025454277603
  outer loop
   vertex 0.048350658267736435 0.062400300055742264 0.042131379246711731
   vertex 0.049462839961051941 0.061106599867343903 0.043100498616695404
   vertex 0.051998421549797058 0.061106599867343903 0.040004879236221313
  endloop
 endfacet
 facet normal 0.48378907648674208 0.75168602137782958 0.44823682884974358
  outer loop
   vertex 0.045692231506109238 0.062400300055742264 0.045000661164522171
   vertex 0.049462839961051941 0.061106599867343903 0.043100498616695404
   vertex 0.048350658267736435 0.062400300055742264 0.042131379246711731
  endloop
 endfacet
 facet normal 0.4076682101098959 0.83134943915324266 0.37770986283837343
  outer loop
   vertex 0.044529881328344345 0.063490383327007294 0.043855901807546616
   vertex 0.045692231506109238 0.062400300055742264 0.045000661164522171
   vertex 0.048350658267736435 0.062400300055742264 0.042131379246711731
  endloop
 endfacet
 facet normal 0.38395051836218608 0.83135079432403869 0.40179330037495481
  outer loop
   vertex 0.04178934171795845 0.063490383327007294 0.046474739909172058
   vertex 0.045692231506109238 0.062400300055742264 0.045000661164522171
   vertex 0.044529881328344345 0.063490383327007294 0.043855901807546616
  endloop
 endfacet
 facet normal 0.30568651536148167 0.89678576310967162 0.31989224656117932
  outer loop
   vertex 0.040614649653434753 0.064358189702033997 0.045164458453655243
   vertex 0.04178934171795845 0.063490383327007294 0.046474739909172058
   vertex 0.044529881328344345 0.063490383327007294 0.043855901807546616
  endloop
 endfacet
 facet normal 0.28560538950659986 0.89679985645604143 0.33790468914356125
  outer loop
   vertex 0.037767380475997925 0.064358189702033997 0.047571040689945221
   vertex 0.04178934171795845 0.063490383327007294 0.046474739909172058
   vertex 0.040614649653434753 0.064358189702033997 0.045164458453655243
  endloop
 endfacet
 facet normal 0.20758684855720866 0.94688359189206617 0.24559960038987363
  outer loop
   vertex 0.036612119525671005 0.064988888800144196 0.046115901321172714
   vertex 0.037767380475997925 0.064358189702033997 0.047571040689945221
   vertex 0.040614649653434753 0.064358189702033997 0.045164458453655243
  endloop
 endfacet
 facet normal 0.19217668382430514 0.94688416445024004 0.25783425161848433
  outer loop
   vertex 0.033732611685991287 0.064988888800144196 0.048262141644954681
   vertex 0.037767380475997925 0.064358189702033997 0.047571040689945221
   vertex 0.036612119525671005 0.064988888800144196 0.046115901321172714
  endloop
 endfacet
 facet normal 0.11663906904173735 0.98076832338973119 0.15648905203998317
  outer loop
   vertex 0.032630160450935364 0.065371669828891754 0.046684838831424713
   vertex 0.033732611685991287 0.064988888800144196 0.048262141644954681
   vertex 0.036612119525671005 0.064988888800144196 0.046115901321172714
  endloop
 endfacet
 facet normal 0.10688225767582621 0.98076832205418907 0.16330854677306084
  outer loop
   vertex 0.029723379760980606 0.065371669828891754 0.048587270081043243
   vertex 0.033732611685991287 0.064988888800144196 0.048262141644954681
   vertex 0.032630160450935364 0.065371669828891754 0.046684838831424713
  endloop
 endfacet
 facet normal 0.58175110962536203 0.65917263434131124 0.47650507298999006
  outer loop
   vertex 0.050438199192285538 0.059631418436765671 0.043950401246547699
   vertex 0.053023781627416611 0.059631418436765671 0.040793739259243011
   vertex 0.049462839961051941 0.061106599867343903 0.043100498616695404
  endloop
 endfacet
 facet normal 0.55162074016800955 0.65917266299945088 0.51108312373889797
  outer loop
   vertex 0.046743258833885193 0.061106599867343903 0.046035788953304291
   vertex 0.050438199192285538 0.059631418436765671 0.043950401246547699
   vertex 0.049462839961051941 0.061106599867343903 0.043100498616695404
  endloop
 endfacet
 facet normal 0.5516208654444521 0.659172049671778 0.51108377956830231
  outer loop
   vertex 0.047664988785982132 0.059631418436765671 0.046943571418523788
   vertex 0.050438199192285538 0.059631418436765671 0.043950401246547699
   vertex 0.046743258833885193 0.061106599867343903 0.046035788953304291
  endloop
 endfacet
 facet normal 0.51950546602743297 0.65917354841990439 0.54369504672300573
  outer loop
   vertex 0.043862320482730865 0.061106599867343903 0.048788551241159439
   vertex 0.047664988785982132 0.059631418436765671 0.046943571418523788
   vertex 0.046743258833885193 0.061106599867343903 0.046035788953304291
  endloop
 endfacet
 facet normal 0.51950864098545024 0.65915034603280742 0.54372014241361399
  outer loop
   vertex 0.044725120067596436 0.059631418436765671 0.049752529710531235
   vertex 0.047664988785982132 0.059631418436765671 0.046943571418523788
   vertex 0.043862320482730865 0.061106599867343903 0.048788551241159439
  endloop
 endfacet
 facet normal 0.4853799914043383 0.65919744815128423 0.57433874002644092
  outer loop
   vertex 0.040793199092149734 0.061106599867343903 0.051382299512624741
   vertex 0.044725120067596436 0.059631418436765671 0.049752529710531235
   vertex 0.043862320482730865 0.061106599867343903 0.048788551241159439
  endloop
 endfacet
 facet normal 0.48538192422612764 0.65917148895999866 0.57436689996621493
  outer loop
   vertex 0.041597601026296616 0.059631418436765671 0.052395511418581009
   vertex 0.044725120067596436 0.059631418436765671 0.049752529710531235
   vertex 0.040793199092149734 0.061106599867343903 0.051382299512624741
  endloop
 endfacet
 facet normal 0.44939836808188616 0.65917272319323361 0.60293650392338505
  outer loop
   vertex 0.037584848701953888 0.061106599867343903 0.053773641586303711
   vertex 0.041597601026296616 0.059631418436765671 0.052395511418581009
   vertex 0.040793199092149734 0.061106599867343903 0.051382299512624741
  endloop
 endfacet
 facet normal 0.44939836157323659 0.65917376488580937 0.60293536992082164
  outer loop
   vertex 0.038325991481542587 0.059631418436765671 0.05483400821685791
   vertex 0.041597601026296616 0.059631418436765671 0.052395511418581009
   vertex 0.037584848701953888 0.061106599867343903 0.053773641586303711
  endloop
 endfacet
 facet normal 0.4118063954732018 0.6591737296670459 0.62921020872535538
  outer loop
   vertex 0.034236688166856766 0.061106599867343903 0.05596495047211647
   vertex 0.038325991481542587 0.059631418436765671 0.05483400821685791
   vertex 0.037584848701953888 0.061106599867343903 0.053773641586303711
  endloop
 endfacet
 facet normal 0.41180619839663651 0.65917045207213953 0.62921377136639434
  outer loop
   vertex 0.034911800175905228 0.059631418436765671 0.057068519294261932
   vertex 0.038325991481542587 0.059631418436765671 0.05483400821685791
   vertex 0.034236688166856766 0.061106599867343903 0.05596495047211647
  endloop
 endfacet
 facet normal 0.37267992431913466 0.65917040171143715 0.6531493363060753
  outer loop
   vertex 0.030761159956455231 0.061106599867343903 0.057948049157857895
   vertex 0.034911800175905228 0.059631418436765671 0.057068519294261932
   vertex 0.034236688166856766 0.061106599867343903 0.05596495047211647
  endloop
 endfacet
 facet normal 0.48378890458886348 0.75168655005320606 0.44823612780075689
  outer loop
   vertex 0.045692231506109238 0.062400300055742264 0.045000661164522171
   vertex 0.046743258833885193 0.061106599867343903 0.046035788953304291
   vertex 0.049462839961051941 0.061106599867343903 0.043100498616695404
  endloop
 endfacet
 facet normal 0.45563192573852629 0.7516881189529413 0.47682755800476867
  outer loop
   vertex 0.042878109961748123 0.062400300055742264 0.047689691185951233
   vertex 0.046743258833885193 0.061106599867343903 0.046035788953304291
   vertex 0.045692231506109238 0.062400300055742264 0.045000661164522171
  endloop
 endfacet
 facet normal 0.38395559099092297 0.83133704655414009 0.40181689757083461
  outer loop
   vertex 0.04178934171795845 0.063490383327007294 0.046474739909172058
   vertex 0.042878109961748123 0.062400300055742264 0.047689691185951233
   vertex 0.045692231506109238 0.062400300055742264 0.045000661164522171
  endloop
 endfacet
 facet normal 0.35873141064158504 0.83136056777960632 0.42444243586176583
  outer loop
   vertex 0.038861561566591263 0.063490383327007294 0.048949249088764191
   vertex 0.042878109961748123 0.062400300055742264 0.047689691185951233
   vertex 0.04178934171795845 0.063490383327007294 0.046474739909172058
  endloop
 endfacet
 facet normal 0.28560920080204966 0.89679061872315069 0.33792598388902134
  outer loop
   vertex 0.037767380475997925 0.064358189702033997 0.047571040689945221
   vertex 0.038861561566591263 0.063490383327007294 0.048949249088764191
   vertex 0.04178934171795845 0.063490383327007294 0.046474739909172058
  endloop
 endfacet
 facet normal 0.26441449780690757 0.89679151978401528 0.35475335571773947
  outer loop
   vertex 0.034797009080648422 0.064358189702033997 0.049784999340772629
   vertex 0.038861561566591263 0.063490383327007294 0.048949249088764191
   vertex 0.037767380475997925 0.064358189702033997 0.047571040689945221
  endloop
 endfacet
 facet normal 0.19217680244711743 0.94688388147923053 0.25783520239879593
  outer loop
   vertex 0.033732611685991287 0.064988888800144196 0.048262141644954681
   vertex 0.034797009080648422 0.064358189702033997 0.049784999340772629
   vertex 0.037767380475997925 0.064358189702033997 0.047571040689945221
  endloop
 endfacet
 facet normal 0.17610155508298006 0.94688387145726649 0.26907095025560596
  outer loop
   vertex 0.030727619305253029 0.064988888800144196 0.050228849053382874
   vertex 0.034797009080648422 0.064358189702033997 0.049784999340772629
   vertex 0.033732611685991287 0.064988888800144196 0.048262141644954681
  endloop
 endfacet
 facet normal 0.10688226645324705 0.98076829844728186 0.16330868280235628
  outer loop
   vertex 0.029723379760980606 0.065371669828891754 0.048587270081043243
   vertex 0.030727619305253029 0.064988888800144196 0.050228849053382874
   vertex 0.033732611685991287 0.064988888800144196 0.048262141644954681
  endloop
 endfacet
 facet normal 0.096727259315414343 0.98076829952718458 0.16952103098991378
  outer loop
   vertex 0.026706019416451454 0.065371669828891754 0.050308950245380402
   vertex 0.030727619305253029 0.064988888800144196 0.050228849053382874
   vertex 0.029723379760980606 0.065371669828891754 0.048587270081043243
  endloop
 endfacet
 facet normal 0.4556362985274624 0.75166998989456513 0.47685195790318136
  outer loop
   vertex 0.043862320482730865 0.061106599867343903 0.048788551241159439
   vertex 0.046743258833885193 0.061106599867343903 0.046035788953304291
   vertex 0.042878109961748123 0.062400300055742264 0.047689691185951233
  endloop
 endfacet
 facet normal 0.42570433802329316 0.75170482058706833 0.5037019746777982
  outer loop
   vertex 0.03987596184015274 0.062400300055742264 0.050226960331201553
   vertex 0.043862320482730865 0.061106599867343903 0.048788551241159439
   vertex 0.042878109961748123 0.062400300055742264 0.047689691185951233
  endloop
 endfacet
 facet normal 0.42570772598155898 0.75168415520302589 0.50372995032688239
  outer loop
   vertex 0.040793199092149734 0.061106599867343903 0.051382299512624741
   vertex 0.043862320482730865 0.061106599867343903 0.048788551241159439
   vertex 0.03987596184015274 0.062400300055742264 0.050226960331201553
  endloop
 endfacet
 facet normal 0.39413727561550044 0.75168547218291426 0.52879557380857511
  outer loop
   vertex 0.036739751696586609 0.062400300055742264 0.052564531564712524
   vertex 0.040793199092149734 0.061106599867343903 0.051382299512624741
   vertex 0.03987596184015274 0.062400300055742264 0.050226960331201553
  endloop
 endfacet
 facet normal 0.39413725940486133 0.75168567896482985 0.52879529194954789
  outer loop
   vertex 0.037584848701953888 0.061106599867343903 0.053773641586303711
   vertex 0.040793199092149734 0.061106599867343903 0.051382299512624741
   vertex 0.036739751696586609 0.062400300055742264 0.052564531564712524
  endloop
 endfacet
 facet normal 0.36116682548020562 0.75168572315062865 0.55183973922151286
  outer loop
   vertex 0.033466871827840805 0.062400300055742264 0.054706558585166931
   vertex 0.037584848701953888 0.061106599867343903 0.053773641586303711
   vertex 0.036739751696586609 0.062400300055742264 0.052564531564712524
  endloop
 endfacet
 facet normal 0.36116683646073555 0.75168798786449165 0.55183664715310132
  outer loop
   vertex 0.034236688166856766 0.061106599867343903 0.05596495047211647
   vertex 0.037584848701953888 0.061106599867343903 0.053773641586303711
   vertex 0.033466871827840805 0.062400300055742264 0.054706558585166931
  endloop
 endfacet
 facet normal 0.32685206065914374 0.75168810718601331 0.57282870036161759
  outer loop
   vertex 0.030069490894675255 0.062400300055742264 0.05664508044719696
   vertex 0.034236688166856766 0.061106599867343903 0.05596495047211647
   vertex 0.033466871827840805 0.062400300055742264 0.054706558585166931
  endloop
 endfacet
 facet normal 0.3268518347748034 0.75168554254085718 0.5728321946603574
  outer loop
   vertex 0.030761159956455231 0.061106599867343903 0.057948049157857895
   vertex 0.034236688166856766 0.061106599867343903 0.05596495047211647
   vertex 0.030069490894675255 0.062400300055742264 0.05664508044719696
  endloop
 endfacet
 facet normal 0.29132242521903268 0.75168550086378561 0.59169261644511051
  outer loop
   vertex 0.026560250669717789 0.062400300055742264 0.058372870087623596
   vertex 0.030761159956455231 0.061106599867343903 0.057948049157857895
   vertex 0.030069490894675255 0.062400300055742264 0.05664508044719696
  endloop
 endfacet
 facet normal 0.35873445299478723 0.83134934122889093 0.42446185349548171
  outer loop
   vertex 0.038861561566591263 0.063490383327007294 0.048949249088764191
   vertex 0.03987596184015274 0.062400300055742264 0.050226960331201553
   vertex 0.042878109961748123 0.062400300055742264 0.047689691185951233
  endloop
 endfacet
 facet normal 0.33212224489584369 0.8313504992839581 0.44559080083150143
  outer loop
   vertex 0.035805139690637589 0.063490383327007294 0.051227360963821411
   vertex 0.03987596184015274 0.062400300055742264 0.050226960331201553
   vertex 0.038861561566591263 0.063490383327007294 0.048949249088764191
  endloop
 endfacet
 facet normal 0.26441416838601822 0.89679276014612197 0.3547504656885323
  outer loop
   vertex 0.034797009080648422 0.064358189702033997 0.049784999340772629
   vertex 0.035805139690637589 0.063490383327007294 0.051227360963821411
   vertex 0.038861561566591263 0.063490383327007294 0.048949249088764191
  endloop
 endfacet
 facet normal 0.24229451922597323 0.89679277008035674 0.3702108770480077
  outer loop
   vertex 0.031697191298007965 0.064358189702033997 0.051813758909702301
   vertex 0.035805139690637589 0.063490383327007294 0.051227360963821411
   vertex 0.034797009080648422 0.064358189702033997 0.049784999340772629
  endloop
 endfacet
 facet normal 0.17610164015770002 0.94688347315528776 0.26907229623123108
  outer loop
   vertex 0.030727619305253029 0.064988888800144196 0.050228849053382874
   vertex 0.031697191298007965 0.064358189702033997 0.051813758909702301
   vertex 0.034797009080648422 0.064358189702033997 0.049784999340772629
  endloop
 endfacet
 facet normal 0.15937051099263433 0.94688346981205429 0.27930759893463553
  outer loop
   vertex 0.027608310803771019 0.064988888800144196 0.052008699625730515
   vertex 0.031697191298007965 0.064358189702033997 0.051813758909702301
   vertex 0.030727619305253029 0.064988888800144196 0.050228849053382874
  endloop
 endfacet
 facet normal 0.096727259428526169 0.98076829382252717 0.16952106392981237
  outer loop
   vertex 0.026706019416451454 0.065371669828891754 0.050308950245380402
   vertex 0.027608310803771019 0.064988888800144196 0.052008699625730515
   vertex 0.030727619305253029 0.064988888800144196 0.050228849053382874
  endloop
 endfacet
 facet normal 0.086212704030282195 0.98076829726704662 0.17510258918612542
  outer loop
   vertex 0.023589309304952621 0.065371669828891754 0.05184347927570343
   vertex 0.027608310803771019 0.064988888800144196 0.052008699625730515
   vertex 0.026706019416451454 0.065371669828891754 0.050308950245380402
  endloop
 endfacet
 facet normal 0.33212246653527427 0.83134912429420971 0.44559320097795074
  outer loop
   vertex 0.036739751696586609 0.062400300055742264 0.052564531564712524
   vertex 0.03987596184015274 0.062400300055742264 0.050226960331201553
   vertex 0.035805139690637589 0.063490383327007294 0.051227360963821411
  endloop
 endfacet
 facet normal 0.30434006588572354 0.83134909657518341 0.46501161697349019
  outer loop
   vertex 0.032615520060062408 0.063490383327007294 0.053314898163080215
   vertex 0.036739751696586609 0.062400300055742264 0.052564531564712524
   vertex 0.035805139690637589 0.063490383327007294 0.051227360963821411
  endloop
 endfacet
 facet normal 0.30434008152823044 0.83134880942865386 0.46501212009683118
  outer loop
   vertex 0.033466871827840805 0.062400300055742264 0.054706558585166931
   vertex 0.036739751696586609 0.062400300055742264 0.052564531564712524
   vertex 0.032615520060062408 0.063490383327007294 0.053314898163080215
  endloop
 endfacet
 facet normal 0.27542475892388951 0.83134879587370814 0.48270113089887501
  outer loop
   vertex 0.029304560273885727 0.063490383327007294 0.055204100906848907
   vertex 0.033466871827840805 0.062400300055742264 0.054706558585166931
   vertex 0.032615520060062408 0.063490383327007294 0.053314898163080215
  endloop
 endfacet
 facet normal 0.27542481570476857 0.83134987859377307 0.48269923374303486
  outer loop
   vertex 0.030069490894675255 0.062400300055742264 0.05664508044719696
   vertex 0.033466871827840805 0.062400300055742264 0.054706558585166931
   vertex 0.029304560273885727 0.063490383327007294 0.055204100906848907
  endloop
 endfacet
 facet normal 0.24548447389184361 0.83134987270115168 0.49859278197525442
  outer loop
   vertex 0.025884589180350304 0.063490383327007294 0.05688793957233429
   vertex 0.030069490894675255 0.062400300055742264 0.05664508044719696
   vertex 0.029304560273885727 0.063490383327007294 0.055204100906848907
  endloop
 endfacet
 facet normal 0.24548444954153911 0.83134971971786453 0.49859304904733243
  outer loop
   vertex 0.026560250669717789 0.062400300055742264 0.058372870087623596
   vertex 0.030069490894675255 0.062400300055742264 0.05664508044719696
   vertex 0.025884589180350304 0.063490383327007294 0.05688793957233429
  endloop
 endfacet
 facet normal 0.21463302543998655 0.8313496977972602 0.51263080707550368
  outer loop
   vertex 0.022368330508470535 0.063490383327007294 0.058360159397125244
   vertex 0.026560250669717789 0.062400300055742264 0.058372870087623596
   vertex 0.025884589180350304 0.063490383327007294 0.05688793957233429
  endloop
 endfacet
 facet normal 0.24229447482507413 0.89679313093709523 0.37021003197277552
  outer loop
   vertex 0.031697191298007965 0.064358189702033997 0.051813758909702301
   vertex 0.032615520060062408 0.063490383327007294 0.053314898163080215
   vertex 0.035805139690637589 0.063490383327007294 0.051227360963821411
  endloop
 endfacet
 facet normal 0.21927415514360019 0.89679311120973426 0.38429280577812741
  outer loop
   vertex 0.028479460626840591 0.064358189702033997 0.053649768233299255
   vertex 0.032615520060062408 0.063490383327007294 0.053314898163080215
   vertex 0.031697191298007965 0.064358189702033997 0.051813758909702301
  endloop
 endfacet
 facet normal 0.15937051102221556 0.94688346569409221 0.27930761287810035
  outer loop
   vertex 0.027608310803771019 0.064988888800144196 0.052008699625730515
   vertex 0.028479460626840591 0.064358189702033997 0.053649768233299255
   vertex 0.031697191298007965 0.064358189702033997 0.051813758909702301
  endloop
 endfacet
 facet normal 0.14204616752436705 0.94688344752262443 0.28850411279444321
  outer loop
   vertex 0.024386299774050713 0.064988888800144196 0.053595069795846939
   vertex 0.028479460626840591 0.064358189702033997 0.053649768233299255
   vertex 0.027608310803771019 0.064988888800144196 0.052008699625730515
  endloop
 endfacet
 facet normal 0.086212679342784052 0.98076822295800814 0.17510301755346544
  outer loop
   vertex 0.023589309304952621 0.065371669828891754 0.05184347927570343
   vertex 0.024386299774050713 0.064988888800144196 0.053595069795846939
   vertex 0.027608310803771019 0.064988888800144196 0.052008699625730515
  endloop
 endfacet
 facet normal 0.07537724746923255 0.98076822043887268 0.18003324232243567
  outer loop
   vertex 0.020384849980473518 0.065371669828891754 0.05318513885140419
   vertex 0.024386299774050713 0.064988888800144196 0.053595069795846939
   vertex 0.023589309304952621 0.065371669828891754 0.05184347927570343
  endloop
 endfacet
 facet normal 0.21927415120813279 0.89679291399200012 0.38429326825445415
  outer loop
   vertex 0.029304560273885727 0.063490383327007294 0.055204100906848907
   vertex 0.032615520060062408 0.063490383327007294 0.053314898163080215
   vertex 0.028479460626840591 0.064358189702033997 0.053649768233299255
  endloop
 endfacet
 facet normal 0.19543996058399132 0.89679294117770436 0.39694538977140226
  outer loop
   vertex 0.025155790150165558 0.064358189702033997 0.055286210030317307
   vertex 0.029304560273885727 0.063490383327007294 0.055204100906848907
   vertex 0.028479460626840591 0.064358189702033997 0.053649768233299255
  endloop
 endfacet
 facet normal 0.19543970627730597 0.89679137978938395 0.39694904250507163
  outer loop
   vertex 0.025884589180350304 0.063490383327007294 0.05688793957233429
   vertex 0.029304560273885727 0.063490383327007294 0.055204100906848907
   vertex 0.025155790150165558 0.064358189702033997 0.055286210030317307
  endloop
 endfacet
 facet normal 0.17087661785846614 0.896791394748927 0.40812544122307043
  outer loop
   vertex 0.021738529205322266 0.064358189702033997 0.056716971099376678
   vertex 0.025884589180350304 0.063490383327007294 0.05688793957233429
   vertex 0.025155790150165558 0.064358189702033997 0.055286210030317307
  endloop
 endfacet
 facet normal 0.17087688774994694 0.89679227909239245 0.40812338501140139
  outer loop
   vertex 0.022368330508470535 0.063490383327007294 0.058360159397125244
   vertex 0.025884589180350304 0.063490383327007294 0.05688793957233429
   vertex 0.021738529205322266 0.064358189702033997 0.056716971099376678
  endloop
 endfacet
 facet normal 0.14567703388828099 0.89679228883964412 0.41778199156409901
  outer loop
   vertex 0.018240399658679962 0.064358189702033997 0.057936739176511765
   vertex 0.022368330508470535 0.063490383327007294 0.058360159397125244
   vertex 0.021738529205322266 0.064358189702033997 0.056716971099376678
  endloop
 endfacet
 facet normal 0.14204634560449333 0.9468843412455038 0.28850109186011286
  outer loop
   vertex 0.024386299774050713 0.064988888800144196 0.053595069795846939
   vertex 0.025155790150165558 0.064358189702033997 0.055286210030317307
   vertex 0.028479460626840591 0.064358189702033997 0.053649768233299255
  endloop
 endfacet
 facet normal 0.12419343143246513 0.94688434308037395 0.29662439619538777
  outer loop
   vertex 0.021073579788208008 0.064988888800144196 0.054982069879770279
   vertex 0.025155790150165558 0.064358189702033997 0.055286210030317307
   vertex 0.024386299774050713 0.064988888800144196 0.053595069795846939
  endloop
 endfacet
 facet normal 0.075377408482824204 0.98076845616476616 0.18003189073770989
  outer loop
   vertex 0.020384849980473518 0.065371669828891754 0.05318513885140419
   vertex 0.021073579788208008 0.064988888800144196 0.054982069879770279
   vertex 0.024386299774050713 0.064988888800144196 0.053595069795846939
  endloop
 endfacet
 facet normal 0.064261803831511533 0.9807684595264593 0.18429229329089231
  outer loop
   vertex 0.017104560509324074 0.065371669828891754 0.054328959435224533
   vertex 0.021073579788208008 0.064988888800144196 0.054982069879770279
   vertex 0.020384849980473518 0.065371669828891754 0.05318513885140419
  endloop
 endfacet
 facet normal 0.12419325328859203 0.94688390317776305 0.29662587503527121
  outer loop
   vertex 0.021738529205322266 0.064358189702033997 0.056716971099376678
   vertex 0.025155790150165558 0.064358189702033997 0.055286210030317307
   vertex 0.021073579788208008 0.064988888800144196 0.054982069879770279
  endloop
 endfacet
 facet normal 0.10587868753529206 0.94688391329539023 0.30364544829160844
  outer loop
   vertex 0.017682449892163277 0.064988888800144196 0.056164529174566269
   vertex 0.021738529205322266 0.064358189702033997 0.056716971099376678
   vertex 0.021073579788208008 0.064988888800144196 0.054982069879770279
  endloop
 endfacet
 facet normal 0.10587865403383637 0.94688385829850086 0.30364563147479634
  outer loop
   vertex 0.018240399658679962 0.064358189702033997 0.057936739176511765
   vertex 0.021738529205322266 0.064358189702033997 0.056716971099376678
   vertex 0.017682449892163277 0.064988888800144196 0.056164529174566269
  endloop
 endfacet
 facet normal 0.087170553214518762 0.94688385548429677 0.30953555349178868
  outer loop
   vertex 0.0142255499958992 0.064988888800144196 0.057138051837682724
   vertex 0.018240399658679962 0.064358189702033997 0.057936739176511765
   vertex 0.017682449892163277 0.064988888800144196 0.056164529174566269
  endloop
 endfacet
 facet normal 0.052907121174853321 0.98076827445978798 0.18786811422420674
  outer loop
   vertex 0.017682449892163277 0.064988888800144196 0.056164529174566269
   vertex 0.017104560509324074 0.065371669828891754 0.054328959435224533
   vertex 0.013760630041360855 0.065371669828891754 0.055270671844482422
  endloop
 endfacet
 facet normal 0.064261603026962488 0.98076826482205992 0.18429339948660878
  outer loop
   vertex 0.021073579788208008 0.064988888800144196 0.054982069879770279
   vertex 0.017104560509324074 0.065371669828891754 0.054328959435224533
   vertex 0.017682449892163277 0.064988888800144196 0.056164529174566269
  endloop
 endfacet
 facet normal 0.052907019517742362 0.98076820056823022 0.18786852860419417
  outer loop
   vertex 0.0142255499958992 0.064988888800144196 0.057138051837682724
   vertex 0.017682449892163277 0.064988888800144196 0.056164529174566269
   vertex 0.013760630041360855 0.065371669828891754 0.055270671844482422
  endloop
 endfacet
 facet normal 0.04135498753655243 0.98076819503207602 0.19074462671167211
  outer loop
   vertex 0.0142255499958992 0.064988888800144196 0.057138051837682724
   vertex 0.013760630041360855 0.065371669828891754 0.055270671844482422
   vertex 0.010365519672632217 0.065371669828891754 0.056006759405136108
  endloop
 endfacet
 facet normal -0.022933419760711404 0.65917151377395466 0.7516428498209986
  outer loop
   vertex -0.0039996388368308544 0.061106599867343903 0.065484568476676941
   vertex -0.0040785078890621662 0.059631418436765671 0.066775858402252197
   vertex 2.4081925894576784e-17 0.059631418436765671 0.066900297999382019
  endloop
 endfacet
 facet normal -0.068713359031076615 0.65917150941699898 0.74884671025756755
  outer loop
   vertex -0.0079843988642096519 0.061106599867343903 0.065118931233882904
   vertex -0.0040785078890621662 0.059631418436765671 0.066775858402252197
   vertex -0.0039996388368308544 0.061106599867343903 0.065484568476676941
  endloop
 endfacet
 facet normal -0.060263745736319201 0.75168627096455387 0.65676177644046208
  outer loop
   vertex -0.0078048678115010262 0.062400300055742264 0.063654720783233643
   vertex -0.0079843988642096519 0.061106599867343903 0.065118931233882904
   vertex -0.0039996388368308544 0.061106599867343903 0.065484568476676941
  endloop
 endfacet
 facet normal -0.10019123894249697 0.75168626566662 0.65186614703276258
  outer loop
   vertex -0.01167100016027689 0.062400300055742264 0.063060499727725983
   vertex -0.0079843988642096519 0.061106599867343903 0.065118931233882904
   vertex -0.0078048678115010262 0.062400300055742264 0.063654720783233643
  endloop
 endfacet
 facet normal -0.084426726037891586 0.83135009833043838 0.54929877292462015
  outer loop
   vertex -0.011374100111424923 0.063490383327007294 0.061456318944692612
   vertex -0.01167100016027689 0.062400300055742264 0.063060499727725983
   vertex -0.0078048678115010262 0.062400300055742264 0.063654720783233643
  endloop
 endfacet
 facet normal -0.11775582720617259 0.83135014044254529 0.54313028744965997
  outer loop
   vertex -0.015099570155143738 0.063490383327007294 0.060648601502180099
   vertex -0.01167100016027689 0.062400300055742264 0.063060499727725983
   vertex -0.011374100111424923 0.063490383327007294 0.061456318944692612
  endloop
 endfacet
 facet normal -0.093749609053801877 0.89679239860904536 0.43240537068738455
  outer loop
   vertex -0.014674419537186623 0.064358189702033997 0.058940980583429337
   vertex -0.015099570155143738 0.063490383327007294 0.060648601502180099
   vertex -0.011374100111424923 0.063490383327007294 0.061456318944692612
  endloop
 endfacet
 facet normal -0.11993669957430493 0.89679245154788323 0.42588553267510804
  outer loop
   vertex -0.018240399658679962 0.064358189702033997 0.057936739176511765
   vertex -0.015099570155143738 0.063490383327007294 0.060648601502180099
   vertex -0.014674419537186623 0.064358189702033997 0.058940980583429337
  endloop
 endfacet
 facet normal -0.087170542846808433 0.94688385538345465 0.30953555671999561
  outer loop
   vertex -0.017682449892163277 0.064988888800144196 0.056164529174566269
   vertex -0.018240399658679962 0.064358189702033997 0.057936739176511765
   vertex -0.014674419537186623 0.064358189702033997 0.058940980583429337
  endloop
 endfacet
 facet normal -0.10587874168181376 0.94688385744431636 0.30364560357635212
  outer loop
   vertex -0.021073579788208008 0.064988888800144196 0.054982069879770279
   vertex -0.018240399658679962 0.064358189702033997 0.057936739176511765
   vertex -0.017682449892163277 0.064988888800144196 0.056164529174566269
  endloop
 endfacet
 facet normal -0.064261286239874774 0.98076845629197218 0.18429249098500664
  outer loop
   vertex -0.020384849980473518 0.065371669828891754 0.05318513885140419
   vertex -0.021073579788208008 0.064988888800144196 0.054982069879770279
   vertex -0.017682449892163277 0.064988888800144196 0.056164529174566269
  endloop
 endfacet
 facet normal -0.075376782400097875 0.98076846008068608 0.18003213153758968
  outer loop
   vertex -0.023589309304952621 0.065371669828891754 0.05184347927570343
   vertex -0.021073579788208008 0.064988888800144196 0.054982069879770279
   vertex -0.020384849980473518 0.065371669828891754 0.05318513885140419
  endloop
 endfacet
 facet normal -0.068712268116363273 0.65917301838661202 0.74884548208651713
  outer loop
   vertex -0.0081418436020612717 0.059631418436765671 0.066403016448020935
   vertex -0.0040785078890621662 0.059631418436765671 0.066775858402252197
   vertex -0.0079843988642096519 0.061106599867343903 0.065118931233882904
  endloop
 endfacet
 facet normal -0.11423680510691106 0.65917304796949516 0.74326364446915572
  outer loop
   vertex -0.011939460411667824 0.061106599867343903 0.064511053264141083
   vertex -0.0081418436020612717 0.059631418436765671 0.066403016448020935
   vertex -0.0079843988642096519 0.061106599867343903 0.065118931233882904
  endloop
 endfacet
 facet normal -0.11423722952976988 0.65917249764866137 0.74326406729572803
  outer loop
   vertex -0.012174890376627445 0.059631418436765671 0.065783150494098663
   vertex -0.0081418436020612717 0.059631418436765671 0.066403016448020935
   vertex -0.011939460411667824 0.061106599867343903 0.064511053264141083
  endloop
 endfacet
 facet normal -0.15933922721369836 0.65917240673897515 0.73491683125703999
  outer loop
   vertex -0.015850100666284561 0.061106599867343903 0.063663177192211151
   vertex -0.012174890376627445 0.059631418436765671 0.065783150494098663
   vertex -0.011939460411667824 0.061106599867343903 0.064511053264141083
  endloop
 endfacet
 facet normal -0.15933719001824623 0.65917490135634704 0.73491503542854497
  outer loop
   vertex -0.016162650659680367 0.059631418436765671 0.064918562769889832
   vertex -0.012174890376627445 0.059631418436765671 0.065783150494098663
   vertex -0.015850100666284561 0.061106599867343903 0.063663177192211151
  endloop
 endfacet
 facet normal -0.203844324125 0.65917489235157389 0.7238342025735679
  outer loop
   vertex -0.019701780751347542 0.061106599867343903 0.062578476965427399
   vertex -0.016162650659680367 0.059631418436765671 0.064918562769889832
   vertex -0.015850100666284561 0.061106599867343903 0.063663177192211151
  endloop
 endfacet
 facet normal -0.20384478555808891 0.65917435518081535 0.72383456181142181
  outer loop
   vertex -0.020090280100703239 0.059631418436765671 0.063812471926212311
   vertex -0.016162650659680367 0.059631418436765671 0.064918562769889832
   vertex -0.019701780751347542 0.061106599867343903 0.062578476965427399
  endloop
 endfacet
 facet normal -0.24759382587222806 0.65917429089715929 0.71006094922209329
  outer loop
   vertex -0.023480160161852837 0.061106599867343903 0.061260979622602463
   vertex -0.020090280100703239 0.059631418436765671 0.063812471926212311
   vertex -0.019701780751347542 0.061106599867343903 0.062578476965427399
  endloop
 endfacet
 facet normal -0.24759436853069844 0.65917368672064724 0.71006132087798901
  outer loop
   vertex -0.02394317090511322 0.059631418436765671 0.062468990683555603
   vertex -0.020090280100703239 0.059631418436765671 0.063812471926212311
   vertex -0.023480160161852837 0.061106599867343903 0.061260979622602463
  endloop
 endfacet
 facet normal -0.29042049581709223 0.65917373403129309 0.69364682942589462
  outer loop
   vertex -0.027171200141310692 0.061106599867343903 0.059715591371059418
   vertex -0.02394317090511322 0.059631418436765671 0.062468990683555603
   vertex -0.023480160161852837 0.061106599867343903 0.061260979622602463
  endloop
 endfacet
 facet normal -0.2904208010093644 0.65917340727579143 0.69364701216216784
  outer loop
   vertex -0.027706990018486977 0.059631418436765671 0.06089312955737114
   vertex -0.02394317090511322 0.059631418436765671 0.062468990683555603
   vertex -0.027171200141310692 0.061106599867343903 0.059715591371059418
  endloop
 endfacet
 facet normal -0.33216924482458038 0.65917336877138999 0.67465106736389679
  outer loop
   vertex -0.030761159956455231 0.061106599867343903 0.057948049157857895
   vertex -0.027706990018486977 0.059631418436765671 0.06089312955737114
   vertex -0.027171200141310692 0.061106599867343903 0.059715591371059418
  endloop
 endfacet
 facet normal -0.33216992525577999 0.65917266465580771 0.67465142030987502
  outer loop
   vertex -0.031367741525173187 0.059631418436765671 0.059090729802846909
   vertex -0.027706990018486977 0.059631418436765671 0.06089312955737114
   vertex -0.030761159956455231 0.061106599867343903 0.057948049157857895
  endloop
 endfacet
 facet normal -0.37267893483904369 0.65917267943141433 0.65314760216848822
  outer loop
   vertex -0.034236688166856766 0.061106599867343903 0.05596495047211647
   vertex -0.031367741525173187 0.059631418436765671 0.059090729802846909
   vertex -0.030761159956455231 0.061106599867343903 0.057948049157857895
  endloop
 endfacet
 facet normal -0.10018897099203428 0.75168874117646833 0.6518636410171178
  outer loop
   vertex -0.01167100016027689 0.062400300055742264 0.063060499727725983
   vertex -0.011939460411667824 0.061106599867343903 0.064511053264141083
   vertex -0.0079843988642096519 0.061106599867343903 0.065118931233882904
  endloop
 endfacet
 facet normal -0.13974294625651498 0.75168873726418572 0.64454321130683145
  outer loop
   vertex -0.015493709594011307 0.062400300055742264 0.062231700867414474
   vertex -0.011939460411667824 0.061106599867343903 0.064511053264141083
   vertex -0.01167100016027689 0.062400300055742264 0.063060499727725983
  endloop
 endfacet
 facet normal -0.11775564159924262 0.83135029381793046 0.5431300929246986
  outer loop
   vertex -0.015099570155143738 0.063490383327007294 0.060648601502180099
   vertex -0.015493709594011307 0.062400300055742264 0.062231700867414474
   vertex -0.01167100016027689 0.062400300055742264 0.063060499727725983
  endloop
 endfacet
 facet normal -0.15064814357136747 0.83135029773774782 0.53494094934848524
  outer loop
   vertex -0.018768860027194023 0.063490383327007294 0.059615269303321838
   vertex -0.015493709594011307 0.062400300055742264 0.062231700867414474
   vertex -0.015099570155143738 0.063490383327007294 0.060648601502180099
  endloop
 endfacet
 facet normal -0.11993621879408062 0.89679273691772277 0.42588506716366398
  outer loop
   vertex -0.018240399658679962 0.064358189702033997 0.057936739176511765
   vertex -0.018768860027194023 0.063490383327007294 0.059615269303321838
   vertex -0.015099570155143738 0.063490383327007294 0.060648601502180099
  endloop
 endfacet
 facet normal -0.14567671278675623 0.89679277000099922 0.41778107068844056
  outer loop
   vertex -0.021738529205322266 0.064358189702033997 0.056716971099376678
   vertex -0.018768860027194023 0.063490383327007294 0.059615269303321838
   vertex -0.018240399658679962 0.064358189702033997 0.057936739176511765
  endloop
 endfacet
 facet normal -0.10587860154356868 0.94688391244122549 0.30364548093982191
  outer loop
   vertex -0.021073579788208008 0.064988888800144196 0.054982069879770279
   vertex -0.021738529205322266 0.064358189702033997 0.056716971099376678
   vertex -0.018240399658679962 0.064358189702033997 0.057936739176511765
  endloop
 endfacet
 facet normal -0.12419393945463053 0.94688389634453007 0.29662560955881873
  outer loop
   vertex -0.024386299774050713 0.064988888800144196 0.053595069795846939
   vertex -0.021738529205322266 0.064358189702033997 0.056716971099376678
   vertex -0.021073579788208008 0.064988888800144196 0.054982069879770279
  endloop
 endfacet
 facet normal -0.075377858356407285 0.980768224354851 0.18003296521869014
  outer loop
   vertex -0.023589309304952621 0.065371669828891754 0.05184347927570343
   vertex -0.024386299774050713 0.064988888800144196 0.053595069795846939
   vertex -0.021073579788208008 0.064988888800144196 0.054982069879770279
  endloop
 endfacet
 facet normal -0.0862128717108918 0.98076822172356237 0.17510292975436567
  outer loop
   vertex -0.026706019416451454 0.065371669828891754 0.050308950245380402
   vertex -0.024386299774050713 0.064988888800144196 0.053595069795846939
   vertex -0.023589309304952621 0.065371669828891754 0.05184347927570343
  endloop
 endfacet
 facet normal -0.13974566416678205 0.75168595299549912 0.6445458691325493
  outer loop
   vertex -0.015850100666284561 0.061106599867343903 0.063663177192211151
   vertex -0.011939460411667824 0.061106599867343903 0.064511053264141083
   vertex -0.015493709594011307 0.062400300055742264 0.062231700867414474
  endloop
 endfacet
 facet normal -0.17877879119126697 0.75168592387344657 0.63482786302328642
  outer loop
   vertex -0.019258780404925346 0.062400300055742264 0.061171390116214752
   vertex -0.015850100666284561 0.061106599867343903 0.063663177192211151
   vertex -0.015493709594011307 0.062400300055742264 0.062231700867414474
  endloop
 endfacet
 facet normal -0.17877852253235366 0.75168618406516508 0.63482763059487202
  outer loop
   vertex -0.019701780751347542 0.061106599867343903 0.062578476965427399
   vertex -0.015850100666284561 0.061106599867343903 0.063663177192211151
   vertex -0.019258780404925346 0.062400300055742264 0.061171390116214752
  endloop
 endfacet
 facet normal -0.2171473051593984 0.75168622856154543 0.6227478315120264
  outer loop
   vertex -0.022952210158109665 0.062400300055742264 0.059883520007133484
   vertex -0.019701780751347542 0.061106599867343903 0.062578476965427399
   vertex -0.019258780404925346 0.062400300055742264 0.061171390116214752
  endloop
 endfacet
 facet normal -0.21714864215351348 0.7516849963988691 0.6227488525880378
  outer loop
   vertex -0.023480160161852837 0.061106599867343903 0.061260979622602463
   vertex -0.019701780751347542 0.061106599867343903 0.062578476965427399
   vertex -0.022952210158109665 0.062400300055742264 0.059883520007133484
  endloop
 endfacet
 facet normal -0.25471081409273882 0.75168491813940286 0.60835202393513377
  outer loop
   vertex -0.026560250669717789 0.062400300055742264 0.058372870087623596
   vertex -0.023480160161852837 0.061106599867343903 0.061260979622602463
   vertex -0.022952210158109665 0.062400300055742264 0.059883520007133484
  endloop
 endfacet
 facet normal -0.25470790203088423 0.75168748704068211 0.60835006901412425
  outer loop
   vertex -0.027171200141310692 0.061106599867343903 0.059715591371059418
   vertex -0.023480160161852837 0.061106599867343903 0.061260979622602463
   vertex -0.026560250669717789 0.062400300055742264 0.058372870087623596
  endloop
 endfacet
 facet normal -0.29132143042613373 0.75168747682987991 0.59169059596346463
  outer loop
   vertex -0.030069490894675255 0.062400300055742264 0.05664508044719696
   vertex -0.027171200141310692 0.061106599867343903 0.059715591371059418
   vertex -0.026560250669717789 0.062400300055742264 0.058372870087623596
  endloop
 endfacet
 facet normal -0.29132373168739084 0.75168552307911762 0.59169194497559841
  outer loop
   vertex -0.030761159956455231 0.061106599867343903 0.057948049157857895
   vertex -0.027171200141310692 0.061106599867343903 0.059715591371059418
   vertex -0.030069490894675255 0.062400300055742264 0.05664508044719696
  endloop
 endfacet
 facet normal -0.32685352576919896 0.75168551338075107 0.57283126805871931
  outer loop
   vertex -0.033466871827840805 0.062400300055742264 0.054706558585166931
   vertex -0.030761159956455231 0.061106599867343903 0.057948049157857895
   vertex -0.030069490894675255 0.062400300055742264 0.05664508044719696
  endloop
 endfacet
 facet normal -0.32685040261270693 0.75168807802861826 0.57282968468957085
  outer loop
   vertex -0.034236688166856766 0.061106599867343903 0.05596495047211647
   vertex -0.030761159956455231 0.061106599867343903 0.057948049157857895
   vertex -0.033466871827840805 0.062400300055742264 0.054706558585166931
  endloop
 endfacet
 facet normal -0.36116539588775926 0.75168801361979776 0.5518375548959682
  outer loop
   vertex -0.036739751696586609 0.062400300055742264 0.052564531564712524
   vertex -0.034236688166856766 0.061106599867343903 0.05596495047211647
   vertex -0.033466871827840805 0.062400300055742264 0.054706558585166931
  endloop
 endfacet
 facet normal -0.15064911849050924 0.83134953917383603 0.53494185367522229
  outer loop
   vertex -0.018768860027194023 0.063490383327007294 0.059615269303321838
   vertex -0.019258780404925346 0.062400300055742264 0.061171390116214752
   vertex -0.015493709594011307 0.062400300055742264 0.062231700867414474
  endloop
 endfacet
 facet normal -0.18298103160357404 0.8313495566138186 0.52476266710895036
  outer loop
   vertex -0.022368330508470535 0.063490383327007294 0.058360159397125244
   vertex -0.019258780404925346 0.062400300055742264 0.061171390116214752
   vertex -0.018768860027194023 0.063490383327007294 0.059615269303321838
  endloop
 endfacet
 facet normal -0.14567755770561983 0.89679229561343043 0.4177817943727557
  outer loop
   vertex -0.021738529205322266 0.064358189702033997 0.056716971099376678
   vertex -0.022368330508470535 0.063490383327007294 0.058360159397125244
   vertex -0.018768860027194023 0.063490383327007294 0.059615269303321838
  endloop
 endfacet
 facet normal -0.17087591572720606 0.89679229172035124 0.40812376423745411
  outer loop
   vertex -0.025155790150165558 0.064358189702033997 0.055286210030317307
   vertex -0.022368330508470535 0.063490383327007294 0.058360159397125244
   vertex -0.021738529205322266 0.064358189702033997 0.056716971099376678
  endloop
 endfacet
 facet normal -0.12419276081007594 0.94688433624746393 0.29662469878884151
  outer loop
   vertex -0.024386299774050713 0.064988888800144196 0.053595069795846939
   vertex -0.025155790150165558 0.064358189702033997 0.055286210030317307
   vertex -0.021738529205322266 0.064358189702033997 0.056716971099376678
  endloop
 endfacet
 facet normal -0.14204498705594007 0.94688435512609903 0.28850171519370438
  outer loop
   vertex -0.027608310803771019 0.064988888800144196 0.052008699625730515
   vertex -0.025155790150165558 0.064358189702033997 0.055286210030317307
   vertex -0.024386299774050713 0.064988888800144196 0.053595069795846939
  endloop
 endfacet
 facet normal -0.086212517142538372 0.98076829603263882 0.17510268811523566
  outer loop
   vertex -0.026706019416451454 0.065371669828891754 0.050308950245380402
   vertex -0.027608310803771019 0.064988888800144196 0.052008699625730515
   vertex -0.024386299774050713 0.064988888800144196 0.053595069795846939
  endloop
 endfacet
 facet normal -0.096727273758142288 0.98076829372775443 0.16952105630176639
  outer loop
   vertex -0.029723379760980606 0.065371669828891754 0.048587270081043243
   vertex -0.027608310803771019 0.064988888800144196 0.052008699625730515
   vertex -0.026706019416451454 0.065371669828891754 0.050308950245380402
  endloop
 endfacet
 facet normal -0.18298048822296892 0.8313499574835751 0.52476222150774343
  outer loop
   vertex -0.022952210158109665 0.062400300055742264 0.059883520007133484
   vertex -0.019258780404925346 0.062400300055742264 0.061171390116214752
   vertex -0.022368330508470535 0.063490383327007294 0.058360159397125244
  endloop
 endfacet
 facet normal -0.21463285577102681 0.83134999148124411 0.51263040183714115
  outer loop
   vertex -0.025884589180350304 0.063490383327007294 0.05688793957233429
   vertex -0.022952210158109665 0.062400300055742264 0.059883520007133484
   vertex -0.022368330508470535 0.063490383327007294 0.058360159397125244
  endloop
 endfacet
 facet normal -0.2146332677158562 0.83134970153271626 0.5126306995792167
  outer loop
   vertex -0.026560250669717789 0.062400300055742264 0.058372870087623596
   vertex -0.022952210158109665 0.062400300055742264 0.059883520007133484
   vertex -0.025884589180350304 0.063490383327007294 0.05688793957233429
  endloop
 endfacet
 facet normal -0.2454845762806854 0.83134971774711552 0.49859298993275436
  outer loop
   vertex -0.029304560273885727 0.063490383327007294 0.055204100906848907
   vertex -0.026560250669717789 0.062400300055742264 0.058372870087623596
   vertex -0.025884589180350304 0.063490383327007294 0.05688793957233429
  endloop
 endfacet
 facet normal -0.24548434975733477 0.83134987073015099 0.49859284637986906
  outer loop
   vertex -0.030069490894675255 0.062400300055742264 0.05664508044719696
   vertex -0.026560250669717789 0.062400300055742264 0.058372870087623596
   vertex -0.029304560273885727 0.063490383327007294 0.055204100906848907
  endloop
 endfacet
 facet normal -0.27542394590223002 0.83134989254241631 0.48269970602161988
  outer loop
   vertex -0.032615520060062408 0.063490383327007294 0.053314898163080215
   vertex -0.030069490894675255 0.062400300055742264 0.05664508044719696
   vertex -0.029304560273885727 0.063490383327007294 0.055204100906848907
  endloop
 endfacet
 facet normal -0.27542560804679261 0.83134880982274817 0.4827006223720402
  outer loop
   vertex -0.033466871827840805 0.062400300055742264 0.054706558585166931
   vertex -0.030069490894675255 0.062400300055742264 0.05664508044719696
   vertex -0.032615520060062408 0.063490383327007294 0.053314898163080215
  endloop
 endfacet
 facet normal -0.30434030414256452 0.83134880572933023 0.46501198101428298
  outer loop
   vertex -0.035805139690637589 0.063490383327007294 0.051227360963821411
   vertex -0.033466871827840805 0.062400300055742264 0.054706558585166931
   vertex -0.032615520060062408 0.063490383327007294 0.053314898163080215
  endloop
 endfacet
 facet normal -0.30433984933260633 0.8313490928756383 0.46501176531681371
  outer loop
   vertex -0.036739751696586609 0.062400300055742264 0.052564531564712524
   vertex -0.033466871827840805 0.062400300055742264 0.054706558585166931
   vertex -0.035805139690637589 0.063490383327007294 0.051227360963821411
  endloop
 endfacet
 facet normal -0.33212348993515484 0.83134910658052474 0.44559247123471063
  outer loop
   vertex -0.038861561566591263 0.063490383327007294 0.048949249088764191
   vertex -0.036739751696586609 0.062400300055742264 0.052564531564712524
   vertex -0.035805139690637589 0.063490383327007294 0.051227360963821411
  endloop
 endfacet
 facet normal -0.17087757011637633 0.89679140737541208 0.40812501477947977
  outer loop
   vertex -0.025155790150165558 0.064358189702033997 0.055286210030317307
   vertex -0.025884589180350304 0.063490383327007294 0.05688793957233429
   vertex -0.022368330508470535 0.063490383327007294 0.058360159397125244
  endloop
 endfacet
 facet normal -0.1954413784766649 0.89679135749163585 0.39694826956097179
  outer loop
   vertex -0.028479460626840591 0.064358189702033997 0.053649768233299255
   vertex -0.025884589180350304 0.063490383327007294 0.05688793957233429
   vertex -0.025155790150165558 0.064358189702033997 0.055286210030317307
  endloop
 endfacet
 facet normal -0.14204748997470429 0.94688346140445556 0.28850341611600239
  outer loop
   vertex -0.027608310803771019 0.064988888800144196 0.052008699625730515
   vertex -0.028479460626840591 0.064358189702033997 0.053649768233299255
   vertex -0.025155790150165558 0.064358189702033997 0.055286210030317307
  endloop
 endfacet
 facet normal -0.15937051709516736 0.94688346563013837 0.27930760962973739
  outer loop
   vertex -0.030727619305253029 0.064988888800144196 0.050228849053382874
   vertex -0.028479460626840591 0.064358189702033997 0.053649768233299255
   vertex -0.027608310803771019 0.064988888800144196 0.052008699625730515
  endloop
 endfacet
 facet normal -0.096727245457830333 0.98076829943241517 0.16952103944522307
  outer loop
   vertex -0.029723379760980606 0.065371669828891754 0.048587270081043243
   vertex -0.030727619305253029 0.064988888800144196 0.050228849053382874
   vertex -0.027608310803771019 0.064988888800144196 0.052008699625730515
  endloop
 endfacet
 facet normal -0.1068823237171711 0.98076829805509425 0.16330864767957512
  outer loop
   vertex -0.032630160450935364 0.065371669828891754 0.046684838831424713
   vertex -0.030727619305253029 0.064988888800144196 0.050228849053382874
   vertex -0.029723379760980606 0.065371669828891754 0.048587270081043243
  endloop
 endfacet
 facet normal -0.19543832831892349 0.89679291888467838 0.39694624379404742
  outer loop
   vertex -0.029304560273885727 0.063490383327007294 0.055204100906848907
   vertex -0.025884589180350304 0.063490383327007294 0.05688793957233429
   vertex -0.028479460626840591 0.064358189702033997 0.053649768233299255
  endloop
 endfacet
 facet normal -0.21927435607803281 0.89679291117585724 0.38429315792932756
  outer loop
   vertex -0.031697191298007965 0.064358189702033997 0.051813758909702301
   vertex -0.029304560273885727 0.063490383327007294 0.055204100906848907
   vertex -0.028479460626840591 0.064358189702033997 0.053649768233299255
  endloop
 endfacet
 facet normal -0.21927395593167923 0.8967931083934354 0.38429292601882742
  outer loop
   vertex -0.032615520060062408 0.063490383327007294 0.053314898163080215
   vertex -0.029304560273885727 0.063490383327007294 0.055204100906848907
   vertex -0.031697191298007965 0.064358189702033997 0.051813758909702301
  endloop
 endfacet
 facet normal -0.24229411297165512 0.89679313608943378 0.37021025631680876
  outer loop
   vertex -0.034797009080648422 0.064358189702033997 0.049784999340772629
   vertex -0.032615520060062408 0.063490383327007294 0.053314898163080215
   vertex -0.031697191298007965 0.064358189702033997 0.051813758909702301
  endloop
 endfacet
 facet normal -0.24229486964187474 0.89679277523301049 0.37021063522689629
  outer loop
   vertex -0.035805139690637589 0.063490383327007294 0.051227360963821411
   vertex -0.032615520060062408 0.063490383327007294 0.053314898163080215
   vertex -0.034797009080648422 0.064358189702033997 0.049784999340772629
  endloop
 endfacet
 facet normal -0.26441297393205654 0.89679277785739031 0.35475131120156672
  outer loop
   vertex -0.037767380475997925 0.064358189702033997 0.047571040689945221
   vertex -0.035805139690637589 0.063490383327007294 0.051227360963821411
   vertex -0.034797009080648422 0.064358189702033997 0.049784999340772629
  endloop
 endfacet
 facet normal -0.26441564936062706 0.8967915374955493 0.35475245263361688
  outer loop
   vertex -0.038861561566591263 0.063490383327007294 0.048949249088764191
   vertex -0.035805139690637589 0.063490383327007294 0.051227360963821411
   vertex -0.037767380475997925 0.064358189702033997 0.047571040689945221
  endloop
 endfacet
 facet normal -0.28555116204639663 0.89679152242464777 0.33797263078722084
  outer loop
   vertex -0.040597248822450638 0.064358189702033997 0.045180100947618484
   vertex -0.038861561566591263 0.063490383327007294 0.048949249088764191
   vertex -0.037767380475997925 0.064358189702033997 0.047571040689945221
  endloop
 endfacet
 facet normal -0.15937050510634362 0.94688346974809401 0.27930760251013415
  outer loop
   vertex -0.030727619305253029 0.064988888800144196 0.050228849053382874
   vertex -0.031697191298007965 0.064358189702033997 0.051813758909702301
   vertex -0.028479460626840591 0.064358189702033997 0.053649768233299255
  endloop
 endfacet
 facet normal -0.1761022073097917 0.94688346696884451 0.26907194681289304
  outer loop
   vertex -0.033732611685991287 0.064988888800144196 0.048262141644954681
   vertex -0.031697191298007965 0.064358189702033997 0.051813758909702301
   vertex -0.030727619305253029 0.064988888800144196 0.050228849053382874
  endloop
 endfacet
 facet normal -0.10688220257034017 0.9807683216620231 0.16330858519370964
  outer loop
   vertex -0.032630160450935364 0.065371669828891754 0.046684838831424713
   vertex -0.033732611685991287 0.064988888800144196 0.048262141644954681
   vertex -0.030727619305253029 0.064988888800144196 0.050228849053382874
  endloop
 endfacet
 facet normal -0.11663920987130802 0.9807683223858995 0.15648895336395185
  outer loop
   vertex -0.035415560007095337 0.065371669828891754 0.044608738273382187
   vertex -0.033732611685991287 0.064988888800144196 0.048262141644954681
   vertex -0.032630160450935364 0.065371669828891754 0.046684838831424713
  endloop
 endfacet
 facet normal -0.17610100788406594 0.94688386527068258 0.26907133015664808
  outer loop
   vertex -0.034797009080648422 0.064358189702033997 0.049784999340772629
   vertex -0.031697191298007965 0.064358189702033997 0.051813758909702301
   vertex -0.033732611685991287 0.064988888800144196 0.048262141644954681
  endloop
 endfacet
 facet normal -0.19217718949498017 0.9468838770845015 0.25783493005260794
  outer loop
   vertex -0.036612119525671005 0.064988888800144196 0.046115901321172714
   vertex -0.034797009080648422 0.064358189702033997 0.049784999340772629
   vertex -0.033732611685991287 0.064988888800144196 0.048262141644954681
  endloop
 endfacet
 facet normal -0.19217631224532047 0.94688416005476683 0.25783454471650585
  outer loop
   vertex -0.037767380475997925 0.064358189702033997 0.047571040689945221
   vertex -0.034797009080648422 0.064358189702033997 0.049784999340772629
   vertex -0.036612119525671005 0.064988888800144196 0.046115901321172714
  endloop
 endfacet
 facet normal -0.20753803842723051 0.94688417395176694 0.2456386038990154
  outer loop
   vertex -0.039355430752038956 0.064988888800144196 0.043798100203275681
   vertex -0.037767380475997925 0.064358189702033997 0.047571040689945221
   vertex -0.036612119525671005 0.064988888800144196 0.046115901321172714
  endloop
 endfacet
 facet normal -0.20753894884847013 0.9468838874214297 0.24563893920254859
  outer loop
   vertex -0.040597248822450638 0.064358189702033997 0.045180100947618484
   vertex -0.037767380475997925 0.064358189702033997 0.047571040689945221
   vertex -0.039355430752038956 0.064988888800144196 0.043798100203275681
  endloop
 endfacet
 facet normal -0.2221278702826518 0.94688388123396283 0.23252983615656714
  outer loop
   vertex -0.041952330619096756 0.064988888800144196 0.041317369788885117
   vertex -0.040597248822450638 0.064358189702033997 0.045180100947618484
   vertex -0.039355430752038956 0.064988888800144196 0.043798100203275681
  endloop
 endfacet
 facet normal -0.12596202667127021 0.98076838448459236 0.14908703442066637
  outer loop
   vertex -0.036612119525671005 0.064988888800144196 0.046115901321172714
   vertex -0.035415560007095337 0.065371669828891754 0.044608738273382187
   vertex -0.038069218397140503 0.065371669828891754 0.042366690933704376
  endloop
 endfacet
 facet normal -0.11663889058750777 0.98076838281441159 0.15648881261649111
  outer loop
   vertex -0.033732611685991287 0.064988888800144196 0.048262141644954681
   vertex -0.035415560007095337 0.065371669828891754 0.044608738273382187
   vertex -0.036612119525671005 0.064988888800144196 0.046115901321172714
  endloop
 endfacet
 facet normal -0.12596258502901844 0.98076828138704086 0.14908724089578457
  outer loop
   vertex -0.039355430752038956 0.064988888800144196 0.043798100203275681
   vertex -0.036612119525671005 0.064988888800144196 0.046115901321172714
   vertex -0.038069218397140503 0.065371669828891754 0.042366690933704376
  endloop
 endfacet
 facet normal -0.13481710802646432 0.98076828039528952 0.14113088802189142
  outer loop
   vertex -0.039355430752038956 0.064988888800144196 0.043798100203275681
   vertex -0.038069218397140503 0.065371669828891754 0.042366690933704376
   vertex -0.040581248700618744 0.065371669828891754 0.039967041462659836
  endloop
 endfacet
 facet normal -0.13481773379764261 0.98076816719138549 0.14113107693813734
  outer loop
   vertex -0.041952330619096756 0.064988888800144196 0.041317369788885117
   vertex -0.039355430752038956 0.064988888800144196 0.043798100203275681
   vertex -0.040581248700618744 0.065371669828891754 0.039967041462659836
  endloop
 endfacet
 facet normal -0.67748822829169586 0.19500005347503863 0.7092141282228599
  outer loop
   vertex -0.049509301781654358 0.054382290691137314 0.048759970813989639
   vertex -0.049782030284404755 0.052457891404628754 0.049028560519218445
   vertex -0.046700458973646164 0.052457891404628754 0.051972281187772751
  endloop
 endfacet
 facet normal -0.71946361038377671 0.19500028367154446 0.66659358135340474
  outer loop
   vertex -0.052389819175004959 0.054382290691137314 0.045650988817214966
   vertex -0.049782030284404755 0.052457891404628754 0.049028560519218445
   vertex -0.049509301781654358 0.054382290691137314 0.048759970813989639
  endloop
 endfacet
 facet normal -0.69464923888256136 0.32130670140221052 0.64360270241345996
  outer loop
   vertex -0.051914319396018982 0.056240249425172806 0.045236650854349136
   vertex -0.052389819175004959 0.054382290691137314 0.045650988817214966
   vertex -0.049509301781654358 0.054382290691137314 0.048759970813989639
  endloop
 endfacet
 facet normal -0.73259487217789199 0.32130666977093009 0.60005564510249598
  outer loop
   vertex -0.054575558751821518 0.056240249425172806 0.041987601667642593
   vertex -0.052389819175004959 0.054382290691137314 0.045650988817214966
   vertex -0.051914319396018982 0.056240249425172806 0.045236650854349136
  endloop
 endfacet
 facet normal -0.6938984221322233 0.44212195403109406 0.56836005975625858
  outer loop
   vertex -0.053887750953435898 0.057999998331069946 0.041458439081907272
   vertex -0.054575558751821518 0.056240249425172806 0.041987601667642593
   vertex -0.051914319396018982 0.056240249425172806 0.045236650854349136
  endloop
 endfacet
 facet normal -0.72725656955203477 0.4421219570697158 0.5250010067802261
  outer loop
   vertex -0.056314989924430847 0.057999998331069946 0.038096111267805099
   vertex -0.054575558751821518 0.056240249425172806 0.041987601667642593
   vertex -0.053887750953435898 0.057999998331069946 0.041458439081907272
  endloop
 endfacet
 facet normal -0.67425711020009715 0.55539216073274156 0.48674109867693593
  outer loop
   vertex -0.05541209876537323 0.059631418436765671 0.037485320121049881
   vertex -0.056314989924430847 0.057999998331069946 0.038096111267805099
   vertex -0.053887750953435898 0.057999998331069946 0.041458439081907272
  endloop
 endfacet
 facet normal -0.70267664472429314 0.55539214015509009 0.44473037181303299
  outer loop
   vertex -0.057594280689954758 0.059631418436765671 0.034037459641695023
   vertex -0.056314989924430847 0.057999998331069946 0.038096111267805099
   vertex -0.05541209876537323 0.059631418436765671 0.037485320121049881
  endloop
 endfacet
 facet normal -0.63541911631485237 0.65917212384042378 0.40216247683412354
  outer loop
   vertex -0.056480541825294495 0.061106599867343903 0.033379249274730682
   vertex -0.057594280689954758 0.059631418436765671 0.034037459641695023
   vertex -0.05541209876537323 0.059631418436765671 0.037485320121049881
  endloop
 endfacet
 facet normal -0.65875411379588489 0.65917205549982272 0.36267784438139733
  outer loop
   vertex -0.058410421013832092 0.061106599867343903 0.029873890802264214
   vertex -0.057594280689954758 0.059631418436765671 0.034037459641695023
   vertex -0.056480541825294495 0.061106599867343903 0.033379249274730682
  endloop
 endfacet
 facet normal -0.57774783207965441 0.7516865839376039 0.31807974166154424
  outer loop
   vertex -0.057097051292657852 0.062400300055742264 0.029202170670032501
   vertex -0.058410421013832092 0.061106599867343903 0.029873890802264214
   vertex -0.056480541825294495 0.061106599867343903 0.033379249274730682
  endloop
 endfacet
 facet normal -0.5960657463206892 0.75168657345178513 0.28226392145556545
  outer loop
   vertex -0.058771118521690369 0.062400300055742264 0.025666989386081696
   vertex -0.058410421013832092 0.061106599867343903 0.029873890802264214
   vertex -0.057097051292657852 0.062400300055742264 0.029202170670032501
  endloop
 endfacet
 facet normal -0.50227928756731388 0.8313495233553061 0.23785181794087043
  outer loop
   vertex -0.057276058942079544 0.063490383327007294 0.025014050304889679
   vertex -0.058771118521690369 0.062400300055742264 0.025666989386081696
   vertex -0.057097051292657852 0.062400300055742264 0.029202170670032501
  endloop
 endfacet
 facet normal -0.51584481144279626 0.83134946572810686 0.20679022303082253
  outer loop
   vertex -0.05869448184967041 0.063490383327007294 0.021475749090313911
   vertex -0.058771118521690369 0.062400300055742264 0.025666989386081696
   vertex -0.057276058942079544 0.063490383327007294 0.025014050304889679
  endloop
 endfacet
 facet normal -0.41068188646941017 0.89679229170742114 0.16463284502212322
  outer loop
   vertex -0.057041879743337631 0.064358189702033997 0.020871080458164215
   vertex -0.05869448184967041 0.063490383327007294 0.021475749090313911
   vertex -0.057276058942079544 0.063490383327007294 0.025014050304889679
  endloop
 endfacet
 facet normal -0.41995445218358418 0.89679232133257891 0.13929031010845733
  outer loop
   vertex -0.058208171278238297 0.064358189702033997 0.017354760318994522
   vertex -0.05869448184967041 0.063490383327007294 0.021475749090313911
   vertex -0.057041879743337631 0.064358189702033997 0.020871080458164215
  endloop
 endfacet
 facet normal -0.30522343675619407 0.94688428525775459 0.10123637679534349
  outer loop
   vertex -0.056427650153636932 0.064988888800144196 0.016823900863528252
   vertex -0.058208171278238297 0.064358189702033997 0.017354760318994522
   vertex -0.057041879743337631 0.064358189702033997 0.020871080458164215
  endloop
 endfacet
 facet normal -0.31082754155045028 0.94688430145828184 0.0824400331487357
  outer loop
   vertex -0.057348348200321198 0.064988888800144196 0.013352549634873867
   vertex -0.058208171278238297 0.064358189702033997 0.017354760318994522
   vertex -0.056427650153636932 0.064988888800144196 0.016823900863528252
  endloop
 endfacet
 facet normal -0.18865305936932553 0.98076828184215059 0.050035992275456929
  outer loop
   vertex -0.055474091321229935 0.065371669828891754 0.012916159816086292
   vertex -0.057348348200321198 0.064988888800144196 0.013352549634873867
   vertex -0.056427650153636932 0.064988888800144196 0.016823900863528252
  endloop
 endfacet
 facet normal -0.19135269573969915 0.98076827727993854 0.038441281384621578
  outer loop
   vertex -0.056158319115638733 0.065371669828891754 0.0095102163031697273
   vertex -0.057348348200321198 0.064988888800144196 0.013352549634873867
   vertex -0.055474091321229935 0.065371669828891754 0.012916159816086292
  endloop
 endfacet
 facet normal -0.14317103932571443 0.98076816515345711 0.13264938642872026
  outer loop
   vertex -0.041952330619096756 0.064988888800144196 0.041317369788885117
   vertex -0.040581248700618744 0.065371669828891754 0.039967041462659836
   vertex -0.042942311614751816 0.065371669828891754 0.037418700754642487
  endloop
 endfacet
 facet normal -0.71946319646530266 0.1950011723850413 0.66659376812297666
  outer loop
   vertex -0.052389819175004959 0.054382290691137314 0.045650988817214966
   vertex -0.052678409963846207 0.052457891404628754 0.045902460813522339
   vertex -0.049782030284404755 0.052457891404628754 0.049028560519218445
  endloop
 endfacet
 facet normal -0.7587640354616636 0.19500112349314508 0.62149151267442293
  outer loop
   vertex -0.055075440555810928 0.054382290691137314 0.042372178286314011
   vertex -0.052678409963846207 0.052457891404628754 0.045902460813522339
   vertex -0.052389819175004959 0.054382290691137314 0.045650988817214966
  endloop
 endfacet
 facet normal -0.73259385680740585 0.32130843976929657 0.60005593697677073
  outer loop
   vertex -0.054575558751821518 0.056240249425172806 0.041987601667642593
   vertex -0.055075440555810928 0.054382290691137314 0.042372178286314011
   vertex -0.052389819175004959 0.054382290691137314 0.045650988817214966
  endloop
 endfacet
 facet normal -0.76781245111563634 0.32130858225926656 0.55427866175628537
  outer loop
   vertex -0.057033780962228775 0.056240249425172806 0.038582358509302139
   vertex -0.055075440555810928 0.054382290691137314 0.042372178286314011
   vertex -0.054575558751821518 0.056240249425172806 0.041987601667642593
  endloop
 endfacet
 facet normal -0.72725587458091501 0.44212294085032433 0.52500114100962569
  outer loop
   vertex -0.056314989924430847 0.057999998331069946 0.038096111267805099
   vertex -0.057033780962228775 0.056240249425172806 0.038582358509302139
   vertex -0.054575558751821518 0.056240249425172806 0.041987601667642593
  endloop
 endfacet
 facet normal -0.75790951877537782 0.44212299462742793 0.47968783492116057
  outer loop
   vertex -0.058532729744911194 0.057999998331069946 0.034592069685459137
   vertex -0.057033780962228775 0.056240249425172806 0.038582358509302139
   vertex -0.056314989924430847 0.057999998331069946 0.038096111267805099
  endloop
 endfacet
 facet normal -0.70267654943723468 0.55539224955038924 0.44473038575111928
  outer loop
   vertex -0.057594280689954758 0.059631418436765671 0.034037459641695023
   vertex -0.058532729744911194 0.057999998331069946 0.034592069685459137
   vertex -0.056314989924430847 0.057999998331069946 0.038096111267805099
  endloop
 endfacet
 facet normal -0.72848140457991362 0.55539228337100943 0.40106639693847768
  outer loop
   vertex -0.059562221169471741 0.059631418436765671 0.030462969094514847
   vertex -0.058532729744911194 0.057999998331069946 0.034592069685459137
   vertex -0.057594280689954758 0.059631418436765671 0.034037459641695023
  endloop
 endfacet
 facet normal -0.65875396622959004 0.65917219223280477 0.36267786390098633
  outer loop
   vertex -0.058410421013832092 0.061106599867343903 0.029873890802264214
   vertex -0.059562221169471741 0.059631418436765671 0.030462969094514847
   vertex -0.057594280689954758 0.059631418436765671 0.034037459641695023
  endloop
 endfacet
 facet normal -0.6796399117207077 0.65917230739902788 0.32184073631923932
  outer loop
   vertex -0.060123000293970108 0.061106599867343903 0.026257390156388283
   vertex -0.059562221169471741 0.059631418436765671 0.030462969094514847
   vertex -0.058410421013832092 0.061106599867343903 0.029873890802264214
  endloop
 endfacet
 facet normal -0.59606476101794725 0.75168730232321745 0.28226406111770808
  outer loop
   vertex -0.058771118521690369 0.062400300055742264 0.025666989386081696
   vertex -0.060123000293970108 0.061106599867343903 0.026257390156388283
   vertex -0.058410421013832092 0.061106599867343903 0.029873890802264214
  endloop
 endfacet
 facet normal -0.61216328619064675 0.75168733994605785 0.24540222901409833
  outer loop
   vertex -0.060226570814847946 0.062400300055742264 0.022036319598555565
   vertex -0.060123000293970108 0.061106599867343903 0.026257390156388283
   vertex -0.058771118521690369 0.062400300055742264 0.025666989386081696
  endloop
 endfacet
 facet normal -0.51584457034793596 0.83134960520535517 0.20679026371532422
  outer loop
   vertex -0.05869448184967041 0.063490383327007294 0.021475749090313911
   vertex -0.060226570814847946 0.062400300055742264 0.022036319598555565
   vertex -0.058771118521690369 0.062400300055742264 0.025666989386081696
  endloop
 endfacet
 facet normal -0.5274916896575601 0.83134967820582562 0.17495779459424582
  outer loop
   vertex -0.059894561767578125 0.063490383327007294 0.017857549712061882
   vertex -0.060226570814847946 0.062400300055742264 0.022036319598555565
   vertex -0.05869448184967041 0.063490383327007294 0.021475749090313911
  endloop
 endfacet
 facet normal -0.41995506928869458 0.89679205245652061 0.13929018066449961
  outer loop
   vertex -0.058208171278238297 0.064358189702033997 0.017354760318994522
   vertex -0.059894561767578125 0.063490383327007294 0.017857549712061882
   vertex -0.05869448184967041 0.063490383327007294 0.021475749090313911
  endloop
 endfacet
 facet normal -0.42766591567647771 0.89679209314388675 0.1134275374113632
  outer loop
   vertex -0.059157911688089371 0.064358189702033997 0.013773869723081589
   vertex -0.059894561767578125 0.063490383327007294 0.017857549712061882
   vertex -0.058208171278238297 0.064358189702033997 0.017354760318994522
  endloop
 endfacet
 facet normal -0.31082926660899923 0.94688377467699436 0.082439579528030202
  outer loop
   vertex -0.057348348200321198 0.064988888800144196 0.013352549634873867
   vertex -0.059157911688089371 0.064358189702033997 0.013773869723081589
   vertex -0.058208171278238297 0.064358189702033997 0.017354760318994522
  endloop
 endfacet
 facet normal -0.31527688319981662 0.94688378033935805 0.063337141157896279
  outer loop
   vertex -0.058055698871612549 0.064988888800144196 0.0098315300419926643
   vertex -0.059157911688089371 0.064358189702033997 0.013773869723081589
   vertex -0.057348348200321198 0.064988888800144196 0.013352549634873867
  endloop
 endfacet
 facet normal -0.19135218394595405 0.98076837055621546 0.038441449187301774
  outer loop
   vertex -0.056158319115638733 0.065371669828891754 0.0095102163031697273
   vertex -0.058055698871612549 0.064988888800144196 0.0098315300419926643
   vertex -0.057348348200321198 0.064988888800144196 0.013352549634873867
  endloop
 endfacet
 facet normal -0.19333970523863736 0.98076837288640495 0.026705001853407975
  outer loop
   vertex -0.056633651256561279 0.065371669828891754 0.0060688918456435204
   vertex -0.058055698871612549 0.064988888800144196 0.0098315300419926643
   vertex -0.056158319115638733 0.065371669828891754 0.0095102163031697273
  endloop
 endfacet
 facet normal -0.75876462115593923 0.19499982791131812 0.62149120411848191
  outer loop
   vertex -0.055075440555810928 0.054382290691137314 0.042372178286314011
   vertex -0.05537882074713707 0.052457891404628754 0.04260559007525444
   vertex -0.052678409963846207 0.052457891404628754 0.045902460813522339
  endloop
 endfacet
 facet normal -0.7952414037225054 0.19499965818013645 0.57407860360327767
  outer loop
   vertex -0.057556170970201492 0.054382290691137314 0.038935750722885132
   vertex -0.05537882074713707 0.052457891404628754 0.04260559007525444
   vertex -0.055075440555810928 0.054382290691137314 0.042372178286314011
  endloop
 endfacet
 facet normal -0.76781320008018927 0.32130725085437933 0.55427839605294038
  outer loop
   vertex -0.057033780962228775 0.056240249425172806 0.038582358509302139
   vertex -0.057556170970201492 0.054382290691137314 0.038935750722885132
   vertex -0.055075440555810928 0.054382290691137314 0.042372178286314011
  endloop
 endfacet
 facet normal -0.80017586813296115 0.32130714714872616 0.50643883860621219
  outer loop
   vertex -0.059279829263687134 0.056240249425172806 0.035033591091632843
   vertex -0.057556170970201492 0.054382290691137314 0.038935750722885132
   vertex -0.057033780962228775 0.056240249425172806 0.038582358509302139
  endloop
 endfacet
 facet normal -0.75790925663989672 0.44212337082724151 0.47968790235726905
  outer loop
   vertex -0.058532729744911194 0.057999998331069946 0.034592069685459137
   vertex -0.059279829263687134 0.056240249425172806 0.035033591091632843
   vertex -0.057033780962228775 0.056240249425172806 0.038582358509302139
  endloop
 endfacet
 facet normal -0.78574289917237139 0.4421234770808698 0.43259094698585421
  outer loop
   vertex -0.06053273007273674 0.057999998331069946 0.030959339812397957
   vertex -0.059279829263687134 0.056240249425172806 0.035033591091632843
   vertex -0.058532729744911194 0.057999998331069946 0.034592069685459137
  endloop
 endfacet
 facet normal -0.7284824311114716 0.55539109200878112 0.40106618216849643
  outer loop
   vertex -0.059562221169471741 0.059631418436765671 0.030462969094514847
   vertex -0.06053273007273674 0.057999998331069946 0.030959339812397957
   vertex -0.058532729744911194 0.057999998331069946 0.034592069685459137
  endloop
 endfacet
 facet normal -0.75157878488128271 0.55539097199107024 0.35590756994926198
  outer loop
   vertex -0.061308570206165314 0.059631418436765671 0.026775160804390907
   vertex -0.06053273007273674 0.057999998331069946 0.030959339812397957
   vertex -0.059562221169471741 0.059631418436765671 0.030462969094514847
  endloop
 endfacet
 facet normal -0.67963927500986254 0.65917290327998646 0.32184086043493954
  outer loop
   vertex -0.060123000293970108 0.061106599867343903 0.026257390156388283
   vertex -0.061308570206165314 0.059631418436765671 0.026775160804390907
   vertex -0.059562221169471741 0.059631418436765671 0.030462969094514847
  endloop
 endfacet
 facet normal -0.69799505421519292 0.65917291781215437 0.27981059435650502
  outer loop
   vertex -0.061611931771039963 0.061106599867343903 0.022543210536241531
   vertex -0.061308570206165314 0.059631418436765671 0.026775160804390907
   vertex -0.060123000293970108 0.061106599867343903 0.026257390156388283
  endloop
 endfacet
 facet normal -0.61216274004875015 0.75168774823772222 0.2454023407494498
  outer loop
   vertex -0.060226570814847946 0.062400300055742264 0.022036319598555565
   vertex -0.061611931771039963 0.061106599867343903 0.022543210536241531
   vertex -0.060123000293970108 0.061106599867343903 0.026257390156388283
  endloop
 endfacet
 facet normal -0.62598509575715666 0.75168775442015012 0.20762509420755276
  outer loop
   vertex -0.06145796924829483 0.062400300055742264 0.018323680385947227
   vertex -0.061611931771039963 0.061106599867343903 0.022543210536241531
   vertex -0.060226570814847946 0.062400300055742264 0.022036319598555565
  endloop
 endfacet
 facet normal -0.52749299292868923 0.83134891497031482 0.17495749194822735
  outer loop
   vertex -0.059894561767578125 0.063490383327007294 0.017857549712061882
   vertex -0.06145796924829483 0.062400300055742264 0.018323680385947227
   vertex -0.060226570814847946 0.062400300055742264 0.022036319598555565
  endloop
 endfacet
 facet normal -0.5371779849007462 0.83134890466645461 0.14247389672448724
  outer loop
   vertex -0.060871820896863937 0.063490383327007294 0.014172930270433426
   vertex -0.06145796924829483 0.062400300055742264 0.018323680385947227
   vertex -0.059894561767578125 0.063490383327007294 0.017857549712061882
  endloop
 endfacet
 facet normal -0.42766435099981126 0.89679278501604454 0.11342796668845266
  outer loop
   vertex -0.059157911688089371 0.064358189702033997 0.013773869723081589
   vertex -0.060871820896863937 0.063490383327007294 0.014172930270433426
   vertex -0.059894561767578125 0.063490383327007294 0.017857549712061882
  endloop
 endfacet
 facet normal -0.43378381773969787 0.89679275042761264 0.087145638144719068
  outer loop
   vertex -0.059887591749429703 0.064358189702033997 0.010141749866306782
   vertex -0.060871820896863937 0.063490383327007294 0.014172930270433426
   vertex -0.059157911688089371 0.064358189702033997 0.013773869723081589
  endloop
 endfacet
 facet normal -0.31527523850923006 0.94688429172769883 0.063337682798490863
  outer loop
   vertex -0.058055698871612549 0.064988888800144196 0.0098315300419926643
   vertex -0.059887591749429703 0.064358189702033997 0.010141749866306782
   vertex -0.059157911688089371 0.064358189702033997 0.013773869723081589
  endloop
 endfacet
 facet normal -0.31855002309581987 0.94688431849143784 0.043999661142535028
  outer loop
   vertex -0.058547090739011765 0.064988888800144196 0.0062739369459450245
   vertex -0.059887591749429703 0.064358189702033997 0.010141749866306782
   vertex -0.058055698871612549 0.064988888800144196 0.0098315300419926643
  endloop
 endfacet
 facet normal -0.19333969022533956 0.98076837568374198 0.026705007812097257
  outer loop
   vertex -0.056633651256561279 0.065371669828891754 0.0060688918456435204
   vertex -0.058547090739011765 0.064988888800144196 0.0062739369459450245
   vertex -0.058055698871612549 0.064988888800144196 0.0098315300419926643
  endloop
 endfacet
 facet normal -0.19460817217860632 0.98076837637365422 0.014867791587460513
  outer loop
   vertex -0.056898288428783417 0.065371669828891754 0.0026049909647554159
   vertex -0.058547090739011765 0.064988888800144196 0.0062739369459450245
   vertex -0.056633651256561279 0.065371669828891754 0.0060688918456435204
  endloop
 endfacet
 facet normal -0.79524118211401007 0.19500016562944489 0.57407873821837463
  outer loop
   vertex -0.057556170970201492 0.054382290691137314 0.038935750722885132
   vertex -0.05787321925163269 0.052457891404628754 0.039150230586528778
   vertex -0.05537882074713707 0.052457891404628754 0.04260559007525444
  endloop
 endfacet
 facet normal -0.82876009260598527 0.195000111087689 0.52452994726660529
  outer loop
   vertex -0.059822790324687958 0.054382290691137314 0.035354480147361755
   vertex -0.05787321925163269 0.052457891404628754 0.039150230586528778
   vertex -0.057556170970201492 0.054382290691137314 0.038935750722885132
  endloop
 endfacet
 facet normal -0.80017597404925178 0.32130695433638495 0.50643879358655708
  outer loop
   vertex -0.059279829263687134 0.056240249425172806 0.035033591091632843
   vertex -0.059822790324687958 0.054382290691137314 0.035354480147361755
   vertex -0.057556170970201492 0.054382290691137314 0.038935750722885132
  endloop
 endfacet
 facet normal -0.82956198351724031 0.32130680834857495 0.45671528375104131
  outer loop
   vertex -0.061305351555347443 0.056240249425172806 0.031354501843452454
   vertex -0.059822790324687958 0.054382290691137314 0.035354480147361755
   vertex -0.059279829263687134 0.056240249425172806 0.035033591091632843
  endloop
 endfacet
 facet normal -0.78574319279994864 0.44212304816093406 0.43259085202235492
  outer loop
   vertex -0.06053273007273674 0.057999998331069946 0.030959339812397957
   vertex -0.061305351555347443 0.056240249425172806 0.031354501843452454
   vertex -0.059279829263687134 0.056240249425172806 0.035033591091632843
  endloop
 endfacet
 facet normal -0.81065440196453242 0.44212291066042086 0.38388380070626016
  outer loop
   vertex -0.062307540327310562 0.057999998331069946 0.027211440727114677
   vertex -0.061305351555347443 0.056240249425172806 0.031354501843452454
   vertex -0.06053273007273674 0.057999998331069946 0.030959339812397957
  endloop
 endfacet
 facet normal -0.75157732872184968 0.55539268703144262 0.35590796864262897
  outer loop
   vertex -0.061308570206165314 0.059631418436765671 0.026775160804390907
   vertex -0.062307540327310562 0.057999998331069946 0.027211440727114677
   vertex -0.06053273007273674 0.057999998331069946 0.030959339812397957
  endloop
 endfacet
 facet normal -0.77187686767185981 0.55539265251830416 0.3094270555102781
  outer loop
   vertex -0.062826856970787048 0.059631418436765671 0.022987740114331245
   vertex -0.062307540327310562 0.057999998331069946 0.027211440727114677
   vertex -0.061308570206165314 0.059631418436765671 0.026775160804390907
  endloop
 endfacet
 facet normal -0.69799656718319902 0.65917148213198573 0.27981020235936938
  outer loop
   vertex -0.061611931771039963 0.061106599867343903 0.022543210536241531
   vertex -0.062826856970787048 0.059631418436765671 0.022987740114331245
   vertex -0.061308570206165314 0.059631418436765671 0.026775160804390907
  endloop
 endfacet
 facet normal -0.7137570004973941 0.65917146748180455 0.23673597254926693
  outer loop
   vertex -0.062871649861335754 0.061106599867343903 0.018745170906186104
   vertex -0.062826856970787048 0.059631418436765671 0.022987740114331245
   vertex -0.061611931771039963 0.061106599867343903 0.022543210536241531
  endloop
 endfacet
 facet normal -0.62598666779066081 0.75168656208827167 0.20762467128031764
  outer loop
   vertex -0.06145796924829483 0.062400300055742264 0.018323680385947227
   vertex -0.062871649861335754 0.061106599867343903 0.018745170906186104
   vertex -0.061611931771039963 0.061106599867343903 0.022543210536241531
  endloop
 endfacet
 facet normal -0.63747974230906401 0.75168652494693899 0.16907674694872854
  outer loop
   vertex -0.06246073916554451 0.062400300055742264 0.014542879536747932
   vertex -0.062871649861335754 0.061106599867343903 0.018745170906186104
   vertex -0.06145796924829483 0.062400300055742264 0.018323680385947227
  endloop
 endfacet
 facet normal -0.53717775283849034 0.83134904278160804 0.14247396576741178
  outer loop
   vertex -0.060871820896863937 0.063490383327007294 0.014172930270433426
   vertex -0.06246073916554451 0.062400300055742264 0.014542879536747932
   vertex -0.06145796924829483 0.062400300055742264 0.018323680385947227
  endloop
 endfacet
 facet normal -0.54486447537625571 0.83134905540823201 0.10945981703254347
  outer loop
   vertex -0.061622630804777145 0.063490383327007294 0.010435580275952816
   vertex -0.06246073916554451 0.062400300055742264 0.014542879536747932
   vertex -0.060871820896863937 0.063490383327007294 0.014172930270433426
  endloop
 endfacet
 facet normal -0.43378606968848393 0.89679173579737381 0.087144869899214578
  outer loop
   vertex -0.059887591749429703 0.064358189702033997 0.010141749866306782
   vertex -0.061622630804777145 0.063490383327007294 0.010435580275952816
   vertex -0.060871820896863937 0.063490383327007294 0.014172930270433426
  endloop
 endfacet
 facet normal -0.43829214246309023 0.89679166913521291 0.060536765893076029
  outer loop
   vertex -0.060394469648599625 0.064358189702033997 0.006471903994679451
   vertex -0.061622630804777145 0.063490383327007294 0.010435580275952816
   vertex -0.059887591749429703 0.064358189702033997 0.010141749866306782
  endloop
 endfacet
 facet normal -0.31855307453361875 0.9468833484162309 0.043998445395779032
  outer loop
   vertex -0.058547090739011765 0.064988888800144196 0.0062739369459450245
   vertex -0.060394469648599625 0.064358189702033997 0.006471903994679451
   vertex -0.059887591749429703 0.064358189702033997 0.010141749866306782
  endloop
 endfacet
 facet normal -0.32064290326447242 0.94688333153508519 0.024496633383960669
  outer loop
   vertex -0.058820668607950211 0.064988888800144196 0.0026930039748549461
   vertex -0.060394469648599625 0.064358189702033997 0.006471903994679451
   vertex -0.058547090739011765 0.064988888800144196 0.0062739369459450245
  endloop
 endfacet
 facet normal -0.19460821110824075 0.98076836892605945 0.014867773315709031
  outer loop
   vertex -0.056898288428783417 0.065371669828891754 0.0026049909647554159
   vertex -0.058820668607950211 0.064988888800144196 0.0026930039748549461
   vertex -0.058547090739011765 0.064988888800144196 0.0062739369459450245
  endloop
 endfacet
 facet normal -0.19515262987816778 0.98076836769149511 0.0029765730958963097
  outer loop
   vertex -0.056951269507408142 0.065371669828891754 -0.00086859980365261436
   vertex -0.058820668607950211 0.064988888800144196 0.0026930039748549461
   vertex -0.056898288428783417 0.065371669828891754 0.0026049909647554159
  endloop
 endfacet
 facet normal -0.82875937393460486 0.19500182332158575 0.52453044622479161
  outer loop
   vertex -0.059822790324687958 0.054382290691137314 0.035354480147361755
   vertex -0.060152329504489899 0.052457891404628754 0.035549230873584747
   vertex -0.05787321925163269 0.052457891404628754 0.039150230586528778
  endloop
 endfacet
 facet normal -0.85919581974823622 0.19500189272896859 0.4730293914327906
  outer loop
   vertex -0.061866868287324905 0.054382290691137314 0.031641680747270584
   vertex -0.060152329504489899 0.052457891404628754 0.035549230873584747
   vertex -0.059822790324687958 0.054382290691137314 0.035354480147361755
  endloop
 endfacet
 facet normal -0.82956271800877723 0.32130543306645176 0.45671491717686413
  outer loop
   vertex -0.061305351555347443 0.056240249425172806 0.031354501843452454
   vertex -0.061866868287324905 0.054382290691137314 0.031641680747270584
   vertex -0.059822790324687958 0.054382290691137314 0.035354480147361755
  endloop
 endfacet
 facet normal -0.8558625733155284 0.32130562388827849 0.40529242733548076
  outer loop
   vertex -0.06310281902551651 0.056240249425172806 0.027558760717511177
   vertex -0.061866868287324905 0.054382290691137314 0.031641680747270584
   vertex -0.061305351555347443 0.056240249425172806 0.031354501843452454
  endloop
 endfacet
 facet normal -0.81065397986270449 0.44212354084847882 0.38388396627153032
  outer loop
   vertex -0.062307540327310562 0.057999998331069946 0.027211440727114677
   vertex -0.06310281902551651 0.056240249425172806 0.027558760717511177
   vertex -0.061305351555347443 0.056240249425172806 0.031354501843452454
  endloop
 endfacet
 facet normal -0.83254967800257718 0.4421235413089788 0.33374812041150576
  outer loop
   vertex -0.063850559294223785 0.057999998331069946 0.023362310603260994
   vertex -0.06310281902551651 0.056240249425172806 0.027558760717511177
   vertex -0.062307540327310562 0.057999998331069946 0.027211440727114677
  endloop
 endfacet
 facet normal -0.7718783931409976 0.55539082188347744 0.30942653598175296
  outer loop
   vertex -0.062826856970787048 0.059631418436765671 0.022987740114331245
   vertex -0.063850559294223785 0.057999998331069946 0.023362310603260994
   vertex -0.062307540327310562 0.057999998331069946 0.027211440727114677
  endloop
 endfacet
 facet normal -0.7893064765295702 0.55539065141834265 0.26179478685715663
  outer loop
   vertex -0.064111419022083282 0.059631418436765671 0.019114809110760689
   vertex -0.063850559294223785 0.057999998331069946 0.023362310603260994
   vertex -0.062826856970787048 0.059631418436765671 0.022987740114331245
  endloop
 endfacet
 facet normal -0.71375579439127912 0.65917263254610137 0.23673636491911529
  outer loop
   vertex -0.062871649861335754 0.061106599867343903 0.018745170906186104
   vertex -0.064111419022083282 0.059631418436765671 0.019114809110760689
   vertex -0.062826856970787048 0.059631418436765671 0.022987740114331245
  endloop
 endfacet
 facet normal -0.72686032241881948 0.6591726196019958 0.1927836332790015
  outer loop
   vertex -0.063897490501403809 0.061106599867343903 0.014877400361001492
   vertex -0.064111419022083282 0.059631418436765671 0.019114809110760689
   vertex -0.062871649861335754 0.061106599867343903 0.018745170906186104
  endloop
 endfacet
 facet normal -0.63747863852014353 0.75168737770435157 0.16907711740640552
  outer loop
   vertex -0.06246073916554451 0.062400300055742264 0.014542879536747932
   vertex -0.063897490501403809 0.061106599867343903 0.014877400361001492
   vertex -0.062871649861335754 0.061106599867343903 0.018745170906186104
  endloop
 endfacet
 facet normal -0.64660079649971114 0.75168739301139342 0.12989793360047847
  outer loop
   vertex -0.063231147825717926 0.062400300055742264 0.010707969777286053
   vertex -0.063897490501403809 0.061106599867343903 0.014877400361001492
   vertex -0.06246073916554451 0.062400300055742264 0.014542879536747932
  endloop
 endfacet
 facet normal -0.54486457217568962 0.8313489966210279 0.10945978167807975
  outer loop
   vertex -0.061622630804777145 0.063490383327007294 0.010435580275952816
   vertex -0.063231147825717926 0.062400300055742264 0.010707969777286053
   vertex -0.06246073916554451 0.062400300055742264 0.014542879536747932
  endloop
 endfacet
 facet normal -0.55052395285889288 0.83134906201043968 0.076040215826768773
  outer loop
   vertex -0.062144208699464798 0.063490383327007294 0.0066594057716429234
   vertex -0.063231147825717926 0.062400300055742264 0.010707969777286053
   vertex -0.061622630804777145 0.063490383327007294 0.010435580275952816
  endloop
 endfacet
 facet normal -0.43828919907480579 0.89679302604218492 0.060537974994763211
  outer loop
   vertex -0.060394469648599625 0.064358189702033997 0.006471903994679451
   vertex -0.062144208699464798 0.063490383327007294 0.0066594057716429234
   vertex -0.061622630804777145 0.063490383327007294 0.010435580275952816
  endloop
 endfacet
 facet normal -0.44116456795533654 0.89679304254083014 0.033705531165403195
  outer loop
   vertex -0.060676690191030502 0.064358189702033997 0.0027779790107160807
   vertex -0.062144208699464798 0.063490383327007294 0.0066594057716429234
   vertex -0.060394469648599625 0.064358189702033997 0.006471903994679451
  endloop
 endfacet
 facet normal -0.32064127706079454 0.94688386240062605 0.024497399251658468
  outer loop
   vertex -0.058820668607950211 0.064988888800144196 0.0026930039748549461
   vertex -0.060676690191030502 0.064358189702033997 0.0027779790107160807
   vertex -0.060394469648599625 0.064358189702033997 0.006471903994679451
  endloop
 endfacet
 facet normal -0.32153831203502509 0.94688386846832184 0.0049044396349044268
  outer loop
   vertex -0.058875441551208496 0.064988888800144196 -0.00089794647647067904
   vertex -0.060676690191030502 0.064358189702033997 0.0027779790107160807
   vertex -0.058820668607950211 0.064988888800144196 0.0026930039748549461
  endloop
 endfacet
 facet normal -0.19515245256219896 0.98076840267981502 0.0029766699250775327
  outer loop
   vertex -0.056951269507408142 0.065371669828891754 -0.00086859980365261436
   vertex -0.058875441551208496 0.064988888800144196 -0.00089794647647067904
   vertex -0.058820668607950211 0.064988888800144196 0.0026930039748549461
  endloop
 endfacet
 facet normal -0.19497090598444469 0.98076840204280091 -0.0089267784791472442
  outer loop
   vertex -0.056792378425598145 0.065371669828891754 -0.004338960163295269
   vertex -0.058875441551208496 0.064988888800144196 -0.00089794647647067904
   vertex -0.056951269507408142 0.065371669828891754 -0.00086859980365261436
  endloop
 endfacet
 facet normal -0.85919550861729854 0.19500266826423687 0.47302963685343186
  outer loop
   vertex -0.061866868287324905 0.054382290691137314 0.031641680747270584
   vertex -0.062207669019699097 0.052457891404628754 0.03181597962975502
   vertex -0.060152329504489899 0.052457891404628754 0.035549230873584747
  endloop
 endfacet
 facet normal -0.88643486234343427 0.19500275172547438 0.41977036775083304
  outer loop
   vertex -0.063680797815322876 0.054382290691137314 0.027811180800199509
   vertex -0.062207669019699097 0.052457891404628754 0.03181597962975502
   vertex -0.061866868287324905 0.054382290691137314 0.031641680747270584
  endloop
 endfacet
 facet normal -0.85586213324953753 0.32130647537102963 0.40529268159466797
  outer loop
   vertex -0.06310281902551651 0.056240249425172806 0.027558760717511177
   vertex -0.063680797815322876 0.054382290691137314 0.027811180800199509
   vertex -0.061866868287324905 0.054382290691137314 0.031641680747270584
  endloop
 endfacet
 facet normal -0.87897848656258371 0.32130647120759059 0.35236198960766973
  outer loop
   vertex -0.064665541052818298 0.056240249425172806 0.023660499602556229
   vertex -0.063680797815322876 0.054382290691137314 0.027811180800199509
   vertex -0.06310281902551651 0.056240249425172806 0.027558760717511177
  endloop
 endfacet
 facet normal -0.83254778052723621 0.4421264491246667 0.33374900168178262
  outer loop
   vertex -0.063850559294223785 0.057999998331069946 0.023362310603260994
   vertex -0.064665541052818298 0.056240249425172806 0.023660499602556229
   vertex -0.06310281902551651 0.056240249425172806 0.027558760717511177
  endloop
 endfacet
 facet normal -0.85134585243335237 0.44212657979229519 0.28237267393587462
  outer loop
   vertex -0.065156057476997375 0.057999998331069946 0.019426269456744194
   vertex -0.064665541052818298 0.056240249425172806 0.023660499602556229
   vertex -0.063850559294223785 0.057999998331069946 0.023362310603260994
  endloop
 endfacet
 facet normal -0.78930540880101285 0.55539196240155353 0.2617952248174471
  outer loop
   vertex -0.064111419022083282 0.059631418436765671 0.019114809110760689
   vertex -0.065156057476997375 0.057999998331069946 0.019426269456744194
   vertex -0.063850559294223785 0.057999998331069946 0.023362310603260994
  endloop
 endfacet
 facet normal -0.80379727738165441 0.55539194807920356 0.21318940143127865
  outer loop
   vertex -0.065157487988471985 0.059631418436765671 0.015170769765973091
   vertex -0.065156057476997375 0.057999998331069946 0.019426269456744194
   vertex -0.064111419022083282 0.059631418436765671 0.019114809110760689
  endloop
 endfacet
 facet normal -0.72686040258346252 0.65917254044832518 0.19278360167583633
  outer loop
   vertex -0.063897490501403809 0.061106599867343903 0.014877400361001492
   vertex -0.065157487988471985 0.059631418436765671 0.015170769765973091
   vertex -0.064111419022083282 0.059631418436765671 0.019114809110760689
  endloop
 endfacet
 facet normal -0.73726160536617491 0.65917251652229747 0.14811117012079875
  outer loop
   vertex -0.064685620367527008 0.061106599867343903 0.010954280383884907
   vertex -0.065157487988471985 0.059631418436765671 0.015170769765973091
   vertex -0.063897490501403809 0.061106599867343903 0.014877400361001492
  endloop
 endfacet
 facet normal -0.64660070357366539 0.75168746644255313 0.12989797123595218
  outer loop
   vertex -0.063231147825717926 0.062400300055742264 0.010707969777286053
   vertex -0.064685620367527008 0.061106599867343903 0.010954280383884907
   vertex -0.063897490501403809 0.061106599867343903 0.014877400361001492
  endloop
 endfacet
 facet normal -0.65331696786447457 0.75168744984830205 0.090238114125494984
  outer loop
   vertex -0.063766337931156158 0.062400300055742264 0.0068332348018884659
   vertex -0.064685620367527008 0.061106599867343903 0.010954280383884907
   vertex -0.063231147825717926 0.062400300055742264 0.010707969777286053
  endloop
 endfacet
 facet normal -0.55052427264058423 0.83134886300285271 0.076040076390150521
  outer loop
   vertex -0.062144208699464798 0.063490383327007294 0.0066594057716429234
   vertex -0.063766337931156158 0.062400300055742264 0.0068332348018884659
   vertex -0.063231147825717926 0.062400300055742264 0.010707969777286053
  endloop
 endfacet
 facet normal -0.55413606063237619 0.83134885245525725 0.042335703940744228
  outer loop
   vertex -0.062434598803520203 0.063490383327007294 0.0028584620449692011
   vertex -0.063766337931156158 0.062400300055742264 0.0068332348018884659
   vertex -0.062144208699464798 0.063490383327007294 0.0066594057716429234
  endloop
 endfacet
 facet normal -0.44116597750424735 0.89679237477304419 0.033704848933734252
  outer loop
   vertex -0.060676690191030502 0.064358189702033997 0.0027779790107160807
   vertex -0.062434598803520203 0.063490383327007294 0.0028584620449692011
   vertex -0.062144208699464798 0.063490383327007294 0.0066594057716429234
  endloop
 endfacet
 facet normal -0.44240015567779595 0.89679237677334389 0.0067479787698732823
  outer loop
   vertex -0.060733191668987274 0.064358189702033997 -0.00092628021957352757
   vertex -0.062434598803520203 0.063490383327007294 0.0028584620449692011
   vertex -0.060676690191030502 0.064358189702033997 0.0027779790107160807
  endloop
 endfacet
 facet normal -0.32153827652443351 0.94688388042608418 0.0049044590871906452
  outer loop
   vertex -0.058875441551208496 0.064988888800144196 -0.00089794647647067904
   vertex -0.060733191668987274 0.064358189702033997 -0.00092628021957352757
   vertex -0.060676690191030502 0.064358189702033997 0.0027779790107160807
  endloop
 endfacet
 facet normal -0.3212391665519963 0.94688388562869397 -0.014707311436326994
  outer loop
   vertex -0.058711189776659012 0.064988888800144196 -0.0044855568557977676
   vertex -0.060733191668987274 0.064358189702033997 -0.00092628021957352757
   vertex -0.058875441551208496 0.064988888800144196 -0.00089794647647067904
  endloop
 endfacet
 facet normal -0.19497019477862396 0.98076854749184839 -0.00892633176143676
  outer loop
   vertex -0.056792378425598145 0.065371669828891754 -0.004338960163295269
   vertex -0.058711189776659012 0.064988888800144196 -0.0044855568557977676
   vertex -0.058875441551208496 0.064988888800144196 -0.00089794647647067904
  endloop
 endfacet
 facet normal -0.19406339178104964 0.98076854871280306 -0.020795524187113213
  outer loop
   vertex -0.05642222985625267 0.065371669828891754 -0.0077931787818670273
   vertex -0.058711189776659012 0.064988888800144196 -0.0044855568557977676
   vertex -0.056792378425598145 0.065371669828891754 -0.004338960163295269
  endloop
 endfacet
 facet normal -0.88643434890463391 0.19500409881870448 0.41977082619677436
  outer loop
   vertex -0.063680797815322876 0.054382290691137314 0.027811180800199509
   vertex -0.064031593501567841 0.052457891404628754 0.027964379638433456
   vertex -0.062207669019699097 0.052457891404628754 0.03181597962975502
  endloop
 endfacet
 facet normal -0.91037687867791761 0.19500420116076866 0.36494835291901573
  outer loop
   vertex -0.065257832407951355 0.054382290691137314 0.023877210915088654
   vertex -0.064031593501567841 0.052457891404628754 0.027964379638433456
   vertex -0.063680797815322876 0.054382290691137314 0.027811180800199509
  endloop
 endfacet
 facet normal -0.87897895911115909 0.32130552166105736 0.35236167667608115
  outer loop
   vertex -0.064665541052818298 0.056240249425172806 0.023660499602556229
   vertex -0.065257832407951355 0.054382290691137314 0.023877210915088654
   vertex -0.063680797815322876 0.054382290691137314 0.027811180800199509
  endloop
 endfacet
 facet normal -0.89882602647619625 0.32130556878072403 0.29811827451450784
  outer loop
   vertex -0.065987691283226013 0.056240249425172806 0.019674219191074371
   vertex -0.065257832407951355 0.054382290691137314 0.023877210915088654
   vertex -0.064665541052818298 0.056240249425172806 0.023660499602556229
  endloop
 endfacet
 facet normal -0.85134859635926785 0.44212224398276961 0.28237118984192505
  outer loop
   vertex -0.065156057476997375 0.057999998331069946 0.019426269456744194
   vertex -0.065987691283226013 0.056240249425172806 0.019674219191074371
   vertex -0.064665541052818298 0.056240249425172806 0.023660499602556229
  endloop
 endfacet
 facet normal -0.86697880995214904 0.4421222764174802 0.22994702822472171
  outer loop
   vertex -0.06621917337179184 0.057999998331069946 0.015417959541082382
   vertex -0.065987691283226013 0.056240249425172806 0.019674219191074371
   vertex -0.065156057476997375 0.057999998331069946 0.019426269456744194
  endloop
 endfacet
 facet normal -0.80379712071079856 0.55539214575380091 0.213189477160621
  outer loop
   vertex -0.065157487988471985 0.059631418436765671 0.015170769765973091
   vertex -0.06621917337179184 0.057999998331069946 0.015417959541082382
   vertex -0.065156057476997375 0.057999998331069946 0.019426269456744194
  endloop
 endfacet
 facet normal -0.81529917281834907 0.55539225011687499 0.16378860556165173
  outer loop
   vertex -0.065961159765720367 0.059631418436765671 0.011170290410518646
   vertex -0.06621917337179184 0.057999998331069946 0.015417959541082382
   vertex -0.065157487988471985 0.059631418436765671 0.015170769765973091
  endloop
 endfacet
 facet normal -0.73726135582075536 0.65917276947066494 0.14811128654398723
  outer loop
   vertex -0.064685620367527008 0.061106599867343903 0.010954280383884907
   vertex -0.065961159765720367 0.059631418436765671 0.011170290410518646
   vertex -0.065157487988471985 0.059631418436765671 0.015170769765973091
  endloop
 endfacet
 facet normal -0.74491942811423906 0.65917272498367363 0.10289005907060834
  outer loop
   vertex -0.065233118832111359 0.061106599867343903 0.0069904159754514694
   vertex -0.065961159765720367 0.059631418436765671 0.011170290410518646
   vertex -0.064685620367527008 0.061106599867343903 0.010954280383884907
  endloop
 endfacet
 facet normal -0.65331762805189075 0.75168691393219589 0.090237798619772464
  outer loop
   vertex -0.063766337931156158 0.062400300055742264 0.0068332348018884659
   vertex -0.065233118832111359 0.061106599867343903 0.0069904159754514694
   vertex -0.064685620367527008 0.061106599867343903 0.010954280383884907
  endloop
 endfacet
 facet normal -0.65760372955286939 0.75168690456389209 0.050240744275047329
  outer loop
   vertex -0.064064309000968933 0.062400300055742264 0.0029330758843570948
   vertex -0.065233118832111359 0.061106599867343903 0.0069904159754514694
   vertex -0.063766337931156158 0.062400300055742264 0.0068332348018884659
  endloop
 endfacet
 facet normal -0.55413582413024942 0.83134900394492905 0.042335824726389713
  outer loop
   vertex -0.062434598803520203 0.063490383327007294 0.0028584620449692011
   vertex -0.064064309000968933 0.062400300055742264 0.0029330758843570948
   vertex -0.063766337931156158 0.062400300055742264 0.0068332348018884659
  endloop
 endfacet
 facet normal -0.55568609802609903 0.83134898875539198 0.0084746301344524599
  outer loop
   vertex -0.062492728233337402 0.063490383327007294 -0.00095311622135341167
   vertex -0.064064309000968933 0.062400300055742264 0.0029330758843570948
   vertex -0.062434598803520203 0.063490383327007294 0.0028584620449692011
  endloop
 endfacet
 facet normal -0.44240196574581458 0.89679149148894244 0.0067469620776339743
  outer loop
   vertex -0.060733191668987274 0.064358189702033997 -0.00092628021957352757
   vertex -0.062492728233337402 0.063490383327007294 -0.00095311622135341167
   vertex -0.062434598803520203 0.063490383327007294 0.0028584620449692011
  endloop
 endfacet
 facet normal -0.44199041585906584 0.89679147982730278 -0.020236452206013136
  outer loop
   vertex -0.060563750565052032 0.064358189702033997 -0.0046270941384136677
   vertex -0.062492728233337402 0.063490383327007294 -0.00095311622135341167
   vertex -0.060733191668987274 0.064358189702033997 -0.00092628021957352757
  endloop
 endfacet
 facet normal -0.32124013614865204 0.94688354719624357 -0.014707922227657983
  outer loop
   vertex -0.058711189776659012 0.064988888800144196 -0.0044855568557977676
   vertex -0.060563750565052032 0.064358189702033997 -0.0046270941384136677
   vertex -0.060733191668987274 0.064358189702033997 -0.00092628021957352757
  endloop
 endfacet
 facet normal -0.31974597207559702 0.94688353978042894 -0.034264784171458229
  outer loop
   vertex -0.058328520506620407 0.064988888800144196 -0.0080564813688397408
   vertex -0.060563750565052032 0.064358189702033997 -0.0046270941384136677
   vertex -0.058711189776659012 0.064988888800144196 -0.0044855568557977676
  endloop
 endfacet
 facet normal -0.19406470091207589 0.98076826978177756 -0.02079646241948194
  outer loop
   vertex -0.05642222985625267 0.065371669828891754 -0.0077931787818670273
   vertex -0.058328520506620407 0.064988888800144196 -0.0080564813688397408
   vertex -0.058711189776659012 0.064988888800144196 -0.0044855568557977676
  endloop
 endfacet
 facet normal -0.19243597532287207 0.98076826897727154 -0.032588310310008195
  outer loop
   vertex -0.055842179805040359 0.065371669828891754 -0.011218409985303879
   vertex -0.058328520506620407 0.064988888800144196 -0.0080564813688397408
   vertex -0.05642222985625267 0.065371669828891754 -0.0077931787818670273
  endloop
 endfacet
 facet normal -0.91037803190378019 0.19500099497197168 0.3649471893122907
  outer loop
   vertex -0.065257832407951355 0.054382290691137314 0.023877210915088654
   vertex -0.065617308020591736 0.052457891404628754 0.024008739739656448
   vertex -0.064031593501567841 0.052457891404628754 0.027964379638433456
  endloop
 endfacet
 facet normal -0.93093315989870717 0.19500097838089389 0.30876863544003691
  outer loop
   vertex -0.066592097282409668 0.054382290691137314 0.01985442079603672
   vertex -0.065617308020591736 0.052457891404628754 0.024008739739656448
   vertex -0.065257832407951355 0.054382290691137314 0.023877210915088654
  endloop
 endfacet
 facet normal -0.89882493950925813 0.32130784925553879 0.29811909385840835
  outer loop
   vertex -0.065987691283226013 0.056240249425172806 0.019674219191074371
   vertex -0.066592097282409668 0.054382290691137314 0.01985442079603672
   vertex -0.065257832407951355 0.054382290691137314 0.023877210915088654
  endloop
 endfacet
 facet normal -0.91532764603946604 0.32130788602011284 0.24276849626163619
  outer loop
   vertex -0.067064367234706879 0.056240249425172806 0.015614749863743782
   vertex -0.066592097282409668 0.054382290691137314 0.01985442079603672
   vertex -0.065987691283226013 0.056240249425172806 0.019674219191074371
  endloop
 endfacet
 facet normal -0.86698093909544283 0.44211879060217285 0.2299457028118943
  outer loop
   vertex -0.06621917337179184 0.057999998331069946 0.015417959541082382
   vertex -0.067064367234706879 0.056240249425172806 0.015614749863743782
   vertex -0.065987691283226013 0.056240249425172806 0.019674219191074371
  endloop
 endfacet
 facet normal -0.87938659798719077 0.44211873419287029 0.1766641903618526
  outer loop
   vertex -0.067035943269729614 0.057999998331069946 0.011352299712598324
   vertex -0.067064367234706879 0.056240249425172806 0.015614749863743782
   vertex -0.06621917337179184 0.057999998331069946 0.015417959541082382
  endloop
 endfacet
 facet normal -0.81529818232895568 0.55539354025177823 0.16378916123387754
  outer loop
   vertex -0.065961159765720367 0.059631418436765671 0.011170290410518646
   vertex -0.067035943269729614 0.057999998331069946 0.011352299712598324
   vertex -0.06621917337179184 0.057999998331069946 0.015417959541082382
  endloop
 endfacet
 facet normal -0.82376671904240051 0.5553935905136872 0.11378203818895888
  outer loop
   vertex -0.066519461572170258 0.059631418436765671 0.0071282600983977318
   vertex -0.067035943269729614 0.057999998331069946 0.011352299712598324
   vertex -0.065961159765720367 0.059631418436765671 0.011170290410518646
  endloop
 endfacet
 facet normal -0.74491756692011957 0.65917467050431833 0.10289106987164985
  outer loop
   vertex -0.065233118832111359 0.061106599867343903 0.0069904159754514694
   vertex -0.066519461572170258 0.059631418436765671 0.0071282600983977318
   vertex -0.065961159765720367 0.059631418436765671 0.011170290410518646
  endloop
 endfacet
 facet normal -0.74980461412312926 0.65917472195326643 0.057286355945365255
  outer loop
   vertex -0.0655379518866539 0.061106599867343903 0.0030005439184606075
   vertex -0.066519461572170258 0.059631418436765671 0.0071282600983977318
   vertex -0.065233118832111359 0.061106599867343903 0.0069904159754514694
  endloop
 endfacet
 facet normal -0.65760166131930187 0.75168863717977552 0.050241892529104666
  outer loop
   vertex -0.064064309000968933 0.062400300055742264 0.0029330758843570948
   vertex -0.0655379518866539 0.061106599867343903 0.0030005439184606075
   vertex -0.065233118832111359 0.061106599867343903 0.0069904159754514694
  endloop
 endfacet
 facet normal -0.65944144597362131 0.75168865083578895 0.010057412037445703
  outer loop
   vertex -0.064123958349227905 0.062400300055742264 -0.00097799510695040226
   vertex -0.0655379518866539 0.061106599867343903 0.0030005439184606075
   vertex -0.064064309000968933 0.062400300055742264 0.0029330758843570948
  endloop
 endfacet
 facet normal -0.55568549265724054 0.83134938975042671 0.0084749874261140015
  outer loop
   vertex -0.062492728233337402 0.063490383327007294 -0.00095311622135341167
   vertex -0.064123958349227905 0.062400300055742264 -0.00097799510695040226
   vertex -0.064064309000968933 0.062400300055742264 0.0029330758843570948
  endloop
 endfacet
 facet normal -0.55516859302717092 0.83134939679513553 -0.025416800833221832
  outer loop
   vertex -0.062318388372659683 0.063490383327007294 -0.004761149175465107
   vertex -0.064123958349227905 0.062400300055742264 -0.00097799510695040226
   vertex -0.062492728233337402 0.063490383327007294 -0.00095311622135341167
  endloop
 endfacet
 facet normal -0.4419884305373924 0.89679248719508642 -0.020235171893103462
  outer loop
   vertex -0.060563750565052032 0.064358189702033997 -0.0046270941384136677
   vertex -0.062318388372659683 0.063490383327007294 -0.004761149175465107
   vertex -0.062492728233337402 0.063490383327007294 -0.00095311622135341167
  endloop
 endfacet
 facet normal -0.43993267981489231 0.89679250057565396 -0.047142848260930091
  outer loop
   vertex -0.060169018805027008 0.064358189702033997 -0.0083106942474842072
   vertex -0.062318388372659683 0.063490383327007294 -0.004761149175465107
   vertex -0.060563750565052032 0.064358189702033997 -0.0046270941384136677
  endloop
 endfacet
 facet normal -0.31974425297686282 0.9468841649951808 -0.03426354870189488
  outer loop
   vertex -0.058328520506620407 0.064988888800144196 -0.0080564813688397408
   vertex -0.060169018805027008 0.064358189702033997 -0.0083106942474842072
   vertex -0.060563750565052032 0.064358189702033997 -0.0046270941384136677
  endloop
 endfacet
 facet normal -0.31706068195874459 0.94688416951798349 -0.053692583026843911
  outer loop
   vertex -0.057728879153728485 0.064988888800144196 -0.01159743033349514
   vertex -0.060169018805027008 0.064358189702033997 -0.0083106942474842072
   vertex -0.058328520506620407 0.064988888800144196 -0.0080564813688397408
  endloop
 endfacet
 facet normal -0.19243554774367541 0.98076836442786097 -0.032587962533581843
  outer loop
   vertex -0.055842179805040359 0.065371669828891754 -0.011218409985303879
   vertex -0.057728879153728485 0.064988888800144196 -0.01159743033349514
   vertex -0.058328520506620407 0.064988888800144196 -0.0080564813688397408
  endloop
 endfacet
 facet normal -0.19009082890991683 0.98076835561147857 -0.044259568406132155
  outer loop
   vertex -0.05505438894033432 0.065371669828891754 -0.014601900242269039
   vertex -0.057728879153728485 0.064988888800144196 -0.01159743033349514
   vertex -0.055842179805040359 0.065371669828891754 -0.011218409985303879
  endloop
 endfacet
 facet normal -0.96703393519155467 0.19500498997828819 -0.16376331112768705
  outer loop
   vertex -0.06812770664691925 0.054382290691137314 -0.013686509802937508
   vertex -0.068502999842166901 0.052457891404628754 -0.013761900365352631
   vertex -0.069214560091495514 0.052457891404628754 -0.009560086764395237
  endloop
 endfacet
 facet normal -0.95525192269268744 0.19500489006491178 -0.22241145888351932
  outer loop
   vertex -0.067166611552238464 0.054382290691137314 -0.017814390361309052
   vertex -0.068502999842166901 0.052457891404628754 -0.013761900365352631
   vertex -0.06812770664691925 0.054382290691137314 -0.013686509802937508
  endloop
 endfacet
 facet normal -0.92230533651440483 0.32130886064722075 -0.21474049992173264
  outer loop
   vertex -0.066556990146636963 0.056240249425172806 -0.01765269972383976
   vertex -0.067166611552238464 0.054382290691137314 -0.017814390361309052
   vertex -0.06812770664691925 0.054382290691137314 -0.013686509802937508
  endloop
 endfacet
 facet normal -0.90749428474961757 0.32130883603733518 -0.2705822518775261
  outer loop
   vertex -0.065955072641372681 0.054382290691137314 -0.021877719089388847
   vertex -0.067166611552238464 0.054382290691137314 -0.017814390361309052
   vertex -0.066556990146636963 0.056240249425172806 -0.01765269972383976
  endloop
 endfacet
 facet normal -0.90748689035344654 0.32132472356648278 -0.27058818499992793
  outer loop
   vertex -0.065356157720088959 0.056240249425172806 -0.021679999306797981
   vertex -0.065955072641372681 0.054382290691137314 -0.021877719089388847
   vertex -0.066556990146636963 0.056240249425172806 -0.01765269972383976
  endloop
 endfacet
 facet normal -0.8893128700385452 0.32129988733209985 -0.32540590281091342
  outer loop
   vertex -0.064499311149120331 0.054382290691137314 -0.025856219232082367
   vertex -0.065955072641372681 0.054382290691137314 -0.021877719089388847
   vertex -0.065356157720088959 0.056240249425172806 -0.021679999306797981
  endloop
 endfacet
 facet normal -0.88930804280448816 0.32130978958919848 -0.3254093178097327
  outer loop
   vertex -0.063913896679878235 0.056240249425172806 -0.02562154084444046
   vertex -0.064499311149120331 0.054382290691137314 -0.025856219232082367
   vertex -0.065356157720088959 0.056240249425172806 -0.021679999306797981
  endloop
 endfacet
 facet normal -0.86782386407214429 0.3213096248353986 -0.37900114239277377
  outer loop
   vertex -0.062233030796051025 0.056240249425172806 -0.029470330104231834
   vertex -0.064499311149120331 0.054382290691137314 -0.025856219232082367
   vertex -0.063913896679878235 0.056240249425172806 -0.02562154084444046
  endloop
 endfacet
 facet normal -0.821985685765935 0.44212119603208722 -0.35898242354614296
  outer loop
   vertex -0.061448719352483749 0.057999998331069946 -0.029098920524120331
   vertex -0.062233030796051025 0.056240249425172806 -0.029470330104231834
   vertex -0.063913896679878235 0.056240249425172806 -0.02562154084444046
  endloop
 endfacet
 facet normal -0.79857035023696332 0.44212120280121103 -0.40842898740910138
  outer loop
   vertex -0.059560429304838181 0.057999998331069946 -0.032790951430797577
   vertex -0.062233030796051025 0.056240249425172806 -0.029470330104231834
   vertex -0.061448719352483749 0.057999998331069946 -0.029098920524120331
  endloop
 endfacet
 facet normal -0.7403749844821057 0.55538971425728001 -0.37866495434663444
  outer loop
   vertex -0.058605510741472244 0.059631418436765671 -0.032265219837427139
   vertex -0.059560429304838181 0.057999998331069946 -0.032790951430797577
   vertex -0.061448719352483749 0.057999998331069946 -0.029098920524120331
  endloop
 endfacet
 facet normal -0.71591326153297929 0.55538971489013189 -0.42309628520641712
  outer loop
   vertex -0.056529480963945389 0.059631418436765671 -0.035778030753135681
   vertex -0.059560429304838181 0.057999998331069946 -0.032790951430797577
   vertex -0.058605510741472244 0.059631418436765671 -0.032265219837427139
  endloop
 endfacet
 facet normal -0.64738823123342459 0.65917117297306826 -0.38259880133341695
  outer loop
   vertex -0.055436331778764725 0.061106599867343903 -0.035086169838905334
   vertex -0.056529480963945389 0.059631418436765671 -0.035778030753135681
   vertex -0.058605510741472244 0.059631418436765671 -0.032265219837427139
  endloop
 endfacet
 facet normal -0.6228595635995009 0.65917110467968754 -0.42135426755641081
  outer loop
   vertex -0.053194228559732437 0.061106599867343903 -0.038400519639253616
   vertex -0.056529480963945389 0.059631418436765671 -0.035778030753135681
   vertex -0.055436331778764725 0.061106599867343903 -0.035086169838905334
  endloop
 endfacet
 facet normal -0.54626561558724818 0.75168761665074924 -0.36953971938210006
  outer loop
   vertex -0.051998138427734375 0.062400300055742264 -0.037537079304456711
   vertex -0.053194228559732437 0.061106599867343903 -0.038400519639253616
   vertex -0.055436331778764725 0.061106599867343903 -0.035086169838905334
  endloop
 endfacet
 facet normal -0.52272194825743379 0.75168753538092181 -0.40215371931999838
  outer loop
   vertex -0.049613021314144135 0.062400300055742264 -0.040637269616127014
   vertex -0.053194228559732437 0.061106599867343903 -0.038400519639253616
   vertex -0.051998138427734375 0.062400300055742264 -0.037537079304456711
  endloop
 endfacet
 facet normal -0.44047459753537649 0.83135097303595207 -0.33887709948921568
  outer loop
   vertex -0.048350919038057327 0.063490383327007294 -0.03960350900888443
   vertex -0.049613021314144135 0.062400300055742264 -0.040637269616127014
   vertex -0.051998138427734375 0.062400300055742264 -0.037537079304456711
  endloop
 endfacet
 facet normal -0.4189957149466435 0.83135093059856524 -0.36510028902926206
  outer loop
   vertex -0.045846600085496902 0.063490383327007294 -0.042477510869503021
   vertex -0.049613021314144135 0.062400300055742264 -0.040637269616127014
   vertex -0.048350919038057327 0.063490383327007294 -0.03960350900888443
  endloop
 endfacet
 facet normal -0.33357967051812432 0.89679138705055017 -0.29067131184375572
  outer loop
   vertex -0.044555749744176865 0.064358189702033997 -0.041281521320343018
   vertex -0.045846600085496902 0.063490383327007294 -0.042477510869503021
   vertex -0.048350919038057327 0.063490383327007294 -0.03960350900888443
  endloop
 endfacet
 facet normal -0.31523849183255359 0.89679138598164909 -0.3104672338528654
  outer loop
   vertex -0.041956190019845963 0.064358189702033997 -0.043921031057834625
   vertex -0.045846600085496902 0.063490383327007294 -0.042477510869503021
   vertex -0.044555749744176865 0.064358189702033997 -0.041281521320343018
  endloop
 endfacet
 facet normal -0.22911501408476573 0.9468841642298722 -0.22564726865538151
  outer loop
   vertex -0.040672801434993744 0.064988888800144196 -0.042577538639307022
   vertex -0.041956190019845963 0.064358189702033997 -0.043921031057834625
   vertex -0.044555749744176865 0.064358189702033997 -0.041281521320343018
  endloop
 endfacet
 facet normal -0.21493242707596527 0.94688416739721115 -0.23919537061516319
  outer loop
   vertex -0.038001451641321182 0.064988888800144196 -0.044977918267250061
   vertex -0.041956190019845963 0.064358189702033997 -0.043921031057834625
   vertex -0.040672801434993744 0.064988888800144196 -0.042577538639307022
  endloop
 endfacet
 facet normal -0.13045035425713319 0.98076832709670281 -0.14517642245944556
  outer loop
   vertex -0.03675948828458786 0.065371669828891754 -0.043507948517799377
   vertex -0.038001451641321182 0.064988888800144196 -0.044977918267250061
   vertex -0.040672801434993744 0.064988888800144196 -0.042577538639307022
  endloop
 endfacet
 facet normal -0.12135735683052967 0.98076832901587341 -0.15285900935999519
  outer loop
   vertex -0.03403870016336441 0.065371669828891754 -0.045668028295040131
   vertex -0.038001451641321182 0.064988888800144196 -0.044977918267250061
   vertex -0.03675948828458786 0.065371669828891754 -0.043507948517799377
  endloop
 endfacet
 facet normal -0.95525235507090167 0.19499991451214671 -0.22241396420133222
  outer loop
   vertex -0.067166611552238464 0.054382290691137314 -0.017814390361309052
   vertex -0.067536599934101105 0.052457891404628754 -0.017912520095705986
   vertex -0.068502999842166901 0.052457891404628754 -0.013761900365352631
  endloop
 endfacet
 facet normal -0.9399140951434114 0.19499983315960059 -0.28024374893736737
  outer loop
   vertex -0.06631866842508316 0.052457891404628754 -0.02199736051261425
   vertex -0.067536599934101105 0.052457891404628754 -0.017912520095705986
   vertex -0.067166611552238464 0.054382290691137314 -0.017814390361309052
  endloop
 endfacet
 facet normal -0.93991083389444774 0.19500986780717142 -0.28024770433613488
  outer loop
   vertex -0.065955072641372681 0.054382290691137314 -0.021877719089388847
   vertex -0.06631866842508316 0.052457891404628754 -0.02199736051261425
   vertex -0.067166611552238464 0.054382290691137314 -0.017814390361309052
  endloop
 endfacet
 facet normal -0.92108497817706791 0.19498265241913226 -0.33702259305890836
  outer loop
   vertex -0.064854606986045837 0.052457891404628754 -0.025998650118708611
   vertex -0.06631866842508316 0.052457891404628754 -0.02199736051261425
   vertex -0.065955072641372681 0.054382290691137314 -0.021877719089388847
  endloop
 endfacet
 facet normal -0.92107875762416958 0.19500050119895704 -0.33702926695714697
  outer loop
   vertex -0.064499311149120331 0.054382290691137314 -0.025856219232082367
   vertex -0.064854606986045837 0.052457891404628754 -0.025998650118708611
   vertex -0.065955072641372681 0.054382290691137314 -0.021877719089388847
  endloop
 endfacet
 facet normal -0.8988242870399421 0.19500044847391398 -0.39254264242514103
  outer loop
   vertex -0.062803037464618683 0.054382290691137314 -0.029740260913968086
   vertex -0.064854606986045837 0.052457891404628754 -0.025998650118708611
   vertex -0.064499311149120331 0.054382290691137314 -0.025856219232082367
  endloop
 endfacet
 facet normal -0.86782444389987479 0.32130455642711037 -0.37900411157275193
  outer loop
   vertex -0.062233030796051025 0.056240249425172806 -0.029470330104231834
   vertex -0.062803037464618683 0.054382290691137314 -0.029740260913968086
   vertex -0.064499311149120331 0.054382290691137314 -0.025856219232082367
  endloop
 endfacet
 facet normal -0.84310549261563172 0.32130468870244516 -0.4312034616502724
  outer loop
   vertex -0.060320649296045303 0.056240249425172806 -0.033209491521120071
   vertex -0.062803037464618683 0.054382290691137314 -0.029740260913968086
   vertex -0.062233030796051025 0.056240249425172806 -0.029470330104231834
  endloop
 endfacet
 facet normal -0.79856937280465534 0.44212608517989738 -0.408425613327418
  outer loop
   vertex -0.059560429304838181 0.057999998331069946 -0.032790951430797577
   vertex -0.060320649296045303 0.056240249425172806 -0.033209491521120071
   vertex -0.062233030796051025 0.056240249425172806 -0.029470330104231834
  endloop
 endfacet
 facet normal -0.77218467333929031 0.44212613878298429 -0.45634998374574648
  outer loop
   vertex -0.057450581341981888 0.057999998331069946 -0.036361001431941986
   vertex -0.060320649296045303 0.056240249425172806 -0.033209491521120071
   vertex -0.059560429304838181 0.057999998331069946 -0.032790951430797577
  endloop
 endfacet
 facet normal -0.71591245691474936 0.55539255616842242 -0.42309391698178872
  outer loop
   vertex -0.056529480963945389 0.059631418436765671 -0.035778030753135681
   vertex -0.057450581341981888 0.057999998331069946 -0.036361001431941986
   vertex -0.059560429304838181 0.057999998331069946 -0.032790951430797577
  endloop
 endfacet
 facet normal -0.68878779900711362 0.55539254714707675 -0.46595116322681063
  outer loop
   vertex -0.054243169724941254 0.059631418436765671 -0.039157748222351074
   vertex -0.057450581341981888 0.057999998331069946 -0.036361001431941986
   vertex -0.056529480963945389 0.059631418436765671 -0.035778030753135681
  endloop
 endfacet
 facet normal -0.62285851823026528 0.65917397399826605 -0.4213513240412704
  outer loop
   vertex -0.053194228559732437 0.061106599867343903 -0.038400519639253616
   vertex -0.054243169724941254 0.059631418436765671 -0.039157748222351074
   vertex -0.056529480963945389 0.059631418436765671 -0.035778030753135681
  endloop
 endfacet
 facet normal -0.59601262872205019 0.65917409537571614 -0.45853948400267314
  outer loop
   vertex -0.050754241645336151 0.061106599867343903 -0.041572030633687973
   vertex -0.054243169724941254 0.059631418436765671 -0.039157748222351074
   vertex -0.053194228559732437 0.061106599867343903 -0.038400519639253616
  endloop
 endfacet
 facet normal -0.52272191443381233 0.75168761139622209 -0.40215362119977532
  outer loop
   vertex -0.049613021314144135 0.062400300055742264 -0.040637269616127014
   vertex -0.050754241645336151 0.061106599867343903 -0.041572030633687973
   vertex -0.053194228559732437 0.061106599867343903 -0.038400519639253616
  endloop
 endfacet
 facet normal -0.49723122640881007 0.7516876617657241 -0.43327447032241495
  outer loop
   vertex -0.047043319791555405 0.062400300055742264 -0.043586291372776031
   vertex -0.050754241645336151 0.061106599867343903 -0.041572030633687973
   vertex -0.049613021314144135 0.062400300055742264 -0.040637269616127014
  endloop
 endfacet
 facet normal -0.41899648666538014 0.83134946734539106 -0.36510273527680204
  outer loop
   vertex -0.045846600085496902 0.063490383327007294 -0.042477510869503021
   vertex -0.047043319791555405 0.062400300055742264 -0.043586291372776031
   vertex -0.049613021314144135 0.062400300055742264 -0.040637269616127014
  endloop
 endfacet
 facet normal -0.3959597458641414 0.83134947828456562 -0.38996656858144257
  outer loop
   vertex -0.043171729892492294 0.063490383327007294 -0.045193489640951157
   vertex -0.047043319791555405 0.062400300055742264 -0.043586291372776031
   vertex -0.045846600085496902 0.063490383327007294 -0.042477510869503021
  endloop
 endfacet
 facet normal -0.31523844098161125 0.89679146847017488 -0.31046704721530499
  outer loop
   vertex -0.041956190019845963 0.064358189702033997 -0.043921031057834625
   vertex -0.043171729892492294 0.063490383327007294 -0.045193489640951157
   vertex -0.045846600085496902 0.063490383327007294 -0.042477510869503021
  endloop
 endfacet
 facet normal -0.29572467443639106 0.89679144360679652 -0.32910792090608876
  outer loop
   vertex -0.039200551807880402 0.064358189702033997 -0.046397149562835693
   vertex -0.043171729892492294 0.063490383327007294 -0.045193489640951157
   vertex -0.041956190019845963 0.064358189702033997 -0.043921031057834625
  endloop
 endfacet
 facet normal -0.21493241836765162 0.94688417941741843 -0.23919533085667638
  outer loop
   vertex -0.038001451641321182 0.064988888800144196 -0.044977918267250061
   vertex -0.039200551807880402 0.064358189702033997 -0.046397149562835693
   vertex -0.041956190019845963 0.064358189702033997 -0.043921031057834625
  endloop
 endfacet
 facet normal -0.19995038084690273 0.94688416864192759 -0.25185356136942805
  outer loop
   vertex -0.035188730806112289 0.064988888800144196 -0.047210980206727982
   vertex -0.039200551807880402 0.064358189702033997 -0.046397149562835693
   vertex -0.038001451641321182 0.064988888800144196 -0.044977918267250061
  endloop
 endfacet
 facet normal -0.12135742092905523 0.98076825753989516 -0.15285941707204689
  outer loop
   vertex -0.03403870016336441 0.065371669828891754 -0.045668028295040131
   vertex -0.035188730806112289 0.064988888800144196 -0.047210980206727982
   vertex -0.038001451641321182 0.064988888800144196 -0.044977918267250061
  endloop
 endfacet
 facet normal -0.11181275678881612 0.98076826649444138 -0.15997348172985901
  outer loop
   vertex -0.031191280111670494 0.065371669828891754 -0.047658219933509827
   vertex -0.035188730806112289 0.064988888800144196 -0.047210980206727982
   vertex -0.03403870016336441 0.065371669828891754 -0.045668028295040131
  endloop
 endfacet
 facet normal -0.89882431358920289 0.19500474075713276 -0.39254044935922411
  outer loop
   vertex -0.062803037464618683 0.054382290691137314 -0.029740260913968086
   vertex -0.063148997724056244 0.052457891404628754 -0.029904089868068695
   vertex -0.064854606986045837 0.052457891404628754 -0.025998650118708611
  endloop
 endfacet
 facet normal -0.87322152624257232 0.19500475511246496 -0.44660643926181803
  outer loop
   vertex -0.060873139649629593 0.054382290691137314 -0.033513668924570084
   vertex -0.063148997724056244 0.052457891404628754 -0.029904089868068695
   vertex -0.062803037464618683 0.054382290691137314 -0.029740260913968086
  endloop
 endfacet
 facet normal -0.84310552472422307 0.32130427952777019 -0.43120370376033756
  outer loop
   vertex -0.060320649296045303 0.056240249425172806 -0.033209491521120071
   vertex -0.060873139649629593 0.054382290691137314 -0.033513668924570084
   vertex -0.062803037464618683 0.054382290691137314 -0.029740260913968086
  endloop
 endfacet
 facet normal -0.8152494069327737 0.32130439711870884 -0.48180067339922195
  outer loop
   vertex -0.058183871209621429 0.056240249425172806 -0.036825109273195267
   vertex -0.060873139649629593 0.054382290691137314 -0.033513668924570084
   vertex -0.060320649296045303 0.056240249425172806 -0.033209491521120071
  endloop
 endfacet
 facet normal -0.77218468668415285 0.44212605415892015 -0.45635004315148286
  outer loop
   vertex -0.057450581341981888 0.057999998331069946 -0.036361001431941986
   vertex -0.058183871209621429 0.056240249425172806 -0.036825109273195267
   vertex -0.060320649296045303 0.056240249425172806 -0.033209491521120071
  endloop
 endfacet
 facet normal -0.74292736970508721 0.44212611075764219 -0.50257678570483288
  outer loop
   vertex -0.055127009749412537 0.057999998331069946 -0.039795789867639542
   vertex -0.058183871209621429 0.056240249425172806 -0.036825109273195267
   vertex -0.057450581341981888 0.057999998331069946 -0.036361001431941986
  endloop
 endfacet
 facet normal -0.6887881983312456 0.5553908248067102 -0.46595262587533393
  outer loop
   vertex -0.054243169724941254 0.059631418436765671 -0.039157748222351074
   vertex -0.055127009749412537 0.057999998331069946 -0.039795789867639542
   vertex -0.057450581341981888 0.057999998331069946 -0.036361001431941986
  endloop
 endfacet
 facet normal -0.65909959229318604 0.55539088445188411 -0.50707858651959448
  outer loop
   vertex -0.051755059510469437 0.059631418436765671 -0.042391788214445114
   vertex -0.055127009749412537 0.057999998331069946 -0.039795789867639542
   vertex -0.054243169724941254 0.059631418436765671 -0.039157748222351074
  endloop
 endfacet
 facet normal -0.59601378099751645 0.65917026859205929 -0.45854348743092715
  outer loop
   vertex -0.050754241645336151 0.061106599867343903 -0.041572030633687973
   vertex -0.051755059510469437 0.059631418436765671 -0.042391788214445114
   vertex -0.054243169724941254 0.059631418436765671 -0.039157748222351074
  endloop
 endfacet
 facet normal -0.56695051210887482 0.65917027155722285 -0.49402598101179018
  outer loop
   vertex -0.048125438392162323 0.061106599867343903 -0.044588878750801086
   vertex -0.051755059510469437 0.059631418436765671 -0.042391788214445114
   vertex -0.050754241645336151 0.061106599867343903 -0.041572030633687973
  endloop
 endfacet
 facet normal -0.49723120157455908 0.75168772972367648 -0.43327438092228071
  outer loop
   vertex -0.047043319791555405 0.062400300055742264 -0.043586291372776031
   vertex -0.048125438392162323 0.061106599867343903 -0.044588878750801086
   vertex -0.050754241645336151 0.061106599867343903 -0.041572030633687973
  endloop
 endfacet
 facet normal -0.4698937319618679 0.7516876254334558 -0.46278028742931643
  outer loop
   vertex -0.044298630207777023 0.062400300055742264 -0.046373169869184494
   vertex -0.048125438392162323 0.061106599867343903 -0.044588878750801086
   vertex -0.047043319791555405 0.062400300055742264 -0.043586291372776031
  endloop
 endfacet
 facet normal -0.39595940693929949 0.83135027669573403 -0.38996521062038952
  outer loop
   vertex -0.043171729892492294 0.063490383327007294 -0.045193489640951157
   vertex -0.044298630207777023 0.062400300055742264 -0.046373169869184494
   vertex -0.047043319791555405 0.062400300055742264 -0.043586291372776031
  endloop
 endfacet
 facet normal -0.37144829800974044 0.83135032888908056 -0.41337971958198994
  outer loop
   vertex -0.040336251258850098 0.063490383327007294 -0.047741349786520004
   vertex -0.044298630207777023 0.062400300055742264 -0.046373169869184494
   vertex -0.043171729892492294 0.063490383327007294 -0.045193489640951157
  endloop
 endfacet
 facet normal -0.29572467874040781 0.89679143459083366 -0.32910794160639328
  outer loop
   vertex -0.039200551807880402 0.064358189702033997 -0.046397149562835693
   vertex -0.040336251258850098 0.063490383327007294 -0.047741349786520004
   vertex -0.043171729892492294 0.063490383327007294 -0.045193489640951157
  endloop
 endfacet
 facet normal -0.27511084956063669 0.89679144857672211 -0.3465243400018086
  outer loop
   vertex -0.036299079656600952 0.064358189702033997 -0.048700671643018723
   vertex -0.040336251258850098 0.063490383327007294 -0.047741349786520004
   vertex -0.039200551807880402 0.064358189702033997 -0.046397149562835693
  endloop
 endfacet
 facet normal -0.19995039954483335 0.94688413278654937 -0.25185368132891373
  outer loop
   vertex -0.035188730806112289 0.064988888800144196 -0.047210980206727982
   vertex -0.036299079656600952 0.064358189702033997 -0.048700671643018723
   vertex -0.039200551807880402 0.064358189702033997 -0.046397149562835693
  endloop
 endfacet
 facet normal -0.18422452685298984 0.94688411489384094 -0.2635750304325119
  outer loop
   vertex -0.032245110720396042 0.064988888800144196 -0.049268409609794617
   vertex -0.036299079656600952 0.064358189702033997 -0.048700671643018723
   vertex -0.035188730806112289 0.064988888800144196 -0.047210980206727982
  endloop
 endfacet
 facet normal -0.11181276384566741 0.98076825360200792 -0.15997355583864675
  outer loop
   vertex -0.031191280111670494 0.065371669828891754 -0.047658219933509827
   vertex -0.032245110720396042 0.064988888800144196 -0.049268409609794617
   vertex -0.035188730806112289 0.064988888800144196 -0.047210980206727982
  endloop
 endfacet
 facet normal -0.10185234677730023 0.98076825823174685 -0.16649241154185365
  outer loop
   vertex -0.028227830305695534 0.065371669828891754 -0.049471121281385422
   vertex -0.032245110720396042 0.064988888800144196 -0.049268409609794617
   vertex -0.031191280111670494 0.065371669828891754 -0.047658219933509827
  endloop
 endfacet
 facet normal -0.87322153268863212 0.19500492783658971 -0.44660635124051135
  outer loop
   vertex -0.060873139649629593 0.054382290691137314 -0.033513668924570084
   vertex -0.061208471655845642 0.052457891404628754 -0.033698279410600662
   vertex -0.063148997724056244 0.052457891404628754 -0.029904089868068695
  endloop
 endfacet
 facet normal -0.84437013689951013 0.19500476908463049 -0.49901123428892097
  outer loop
   vertex -0.0587167888879776 0.054382290691137314 -0.037162400782108307
   vertex -0.061208471655845642 0.052457891404628754 -0.033698279410600662
   vertex -0.060873139649629593 0.054382290691137314 -0.033513668924570084
  endloop
 endfacet
 facet normal -0.81524945187016307 0.32130333356872015 -0.48180130662237347
  outer loop
   vertex -0.058183871209621429 0.056240249425172806 -0.036825109273195267
   vertex -0.0587167888879776 0.054382290691137314 -0.037162400782108307
   vertex -0.060873139649629593 0.054382290691137314 -0.033513668924570084
  endloop
 endfacet
 facet normal -0.7843597350312963 0.32130339598875235 -0.53060713695513917
  outer loop
   vertex -0.055830638855695724 0.056240249425172806 -0.040303729474544525
   vertex -0.0587167888879776 0.054382290691137314 -0.037162400782108307
   vertex -0.058183871209621429 0.056240249425172806 -0.036825109273195267
  endloop
 endfacet
 facet normal -0.74292773226109732 0.44212294721309314 -0.50257903277493732
  outer loop
   vertex -0.055127009749412537 0.057999998331069946 -0.039795789867639542
   vertex -0.055830638855695724 0.056240249425172806 -0.040303729474544525
   vertex -0.058183871209621429 0.056240249425172806 -0.036825109273195267
  endloop
 endfacet
 facet normal -0.71090731626975301 0.44212282994513874 -0.5469352712300054
  outer loop
   vertex -0.052598360925912857 0.057999998331069946 -0.043082531541585922
   vertex -0.055830638855695724 0.056240249425172806 -0.040303729474544525
   vertex -0.055127009749412537 0.057999998331069946 -0.039795789867639542
  endloop
 endfacet
 facet normal -0.659099221121905 0.55539295059264793 -0.50707680596581295
  outer loop
   vertex -0.051755059510469437 0.059631418436765671 -0.042391788214445114
   vertex -0.052598360925912857 0.057999998331069946 -0.043082531541585922
   vertex -0.055127009749412537 0.057999998331069946 -0.039795789867639542
  endloop
 endfacet
 facet normal -0.62695930551084533 0.55539306912137354 -0.54631544734274151
  outer loop
   vertex -0.049074418842792511 0.059631418436765671 -0.045468129217624664
   vertex -0.052598360925912857 0.057999998331069946 -0.043082531541585922
   vertex -0.051755059510469437 0.059631418436765671 -0.042391788214445114
  endloop
 endfacet
 facet normal -0.56695035187181952 0.65917094832802836 -0.49402526189735274
  outer loop
   vertex -0.048125438392162323 0.061106599867343903 -0.044588878750801086
   vertex -0.049074418842792511 0.059631418436765671 -0.045468129217624664
   vertex -0.051755059510469437 0.059631418436765671 -0.042391788214445114
  endloop
 endfacet
 facet normal -0.53577949962298477 0.65917104769028401 -0.52766832164782984
  outer loop
   vertex -0.045317608863115311 0.061106599867343903 -0.047439869493246078
   vertex -0.049074418842792511 0.059631418436765671 -0.045468129217624664
   vertex -0.048125438392162323 0.061106599867343903 -0.044588878750801086
  endloop
 endfacet
 facet normal -0.46989365447326958 0.75168789774337619 -0.46277992379953042
  outer loop
   vertex -0.044298630207777023 0.062400300055742264 -0.046373169869184494
   vertex -0.045317608863115311 0.061106599867343903 -0.047439869493246078
   vertex -0.048125438392162323 0.061106599867343903 -0.044588878750801086
  endloop
 endfacet
 facet normal -0.44080542573371001 0.75168792175458721 -0.4905668608171494
  outer loop
   vertex -0.041389141231775284 0.062400300055742264 -0.048987530171871185
   vertex -0.045317608863115311 0.061106599867343903 -0.047439869493246078
   vertex -0.044298630207777023 0.062400300055742264 -0.046373169869184494
  endloop
 endfacet
 facet normal -0.37144840537905294 0.83134999338025684 -0.41338029784691671
  outer loop
   vertex -0.040336251258850098 0.063490383327007294 -0.047741349786520004
   vertex -0.041389141231775284 0.062400300055742264 -0.048987530171871185
   vertex -0.044298630207777023 0.062400300055742264 -0.046373169869184494
  endloop
 endfacet
 facet normal -0.34555679082681878 0.83134996942475325 -0.43525593924831402
  outer loop
   vertex -0.037350721657276154 0.063490383327007294 -0.050111610442399979
   vertex -0.041389141231775284 0.062400300055742264 -0.048987530171871185
   vertex -0.040336251258850098 0.063490383327007294 -0.047741349786520004
  endloop
 endfacet
 facet normal -0.27511074295627008 0.89679176536241767 -0.3465236048066675
  outer loop
   vertex -0.036299079656600952 0.064358189702033997 -0.048700671643018723
   vertex -0.037350721657276154 0.063490383327007294 -0.050111610442399979
   vertex -0.040336251258850098 0.063490383327007294 -0.047741349786520004
  endloop
 endfacet
 facet normal -0.25347291598344246 0.89679177245000963 -0.36265134458432802
  outer loop
   vertex -0.033262569457292557 0.064358189702033997 -0.050823021680116653
   vertex -0.037350721657276154 0.063490383327007294 -0.050111610442399979
   vertex -0.036299079656600952 0.064358189702033997 -0.048700671643018723
  endloop
 endfacet
 facet normal -0.18422458711587525 0.94688392451724368 -0.26357567223248812
  outer loop
   vertex -0.032245110720396042 0.064988888800144196 -0.049268409609794617
   vertex -0.033262569457292557 0.064358189702033997 -0.050823021680116653
   vertex -0.036299079656600952 0.064358189702033997 -0.048700671643018723
  endloop
 endfacet
 facet normal -0.16781377247944804 0.94688392609369676 -0.27431618302900518
  outer loop
   vertex -0.029181540012359619 0.064988888800144196 -0.051142558455467224
   vertex -0.033262569457292557 0.064358189702033997 -0.050823021680116653
   vertex -0.032245110720396042 0.064988888800144196 -0.049268409609794617
  endloop
 endfacet
 facet normal -0.10185235263113745 0.98076822835245847 -0.16649258397262734
  outer loop
   vertex -0.028227830305695534 0.065371669828891754 -0.049471121281385422
   vertex -0.029181540012359619 0.064988888800144196 -0.051142558455467224
   vertex -0.032245110720396042 0.064988888800144196 -0.049268409609794617
  endloop
 endfacet
 facet normal -0.091512542584174975 0.9807682264494556 -0.1723924027820509
  outer loop
   vertex -0.02515937015414238 0.065371669828891754 -0.051099978387355804
   vertex -0.029181540012359619 0.064988888800144196 -0.051142558455467224
   vertex -0.028227830305695534 0.065371669828891754 -0.049471121281385422
  endloop
 endfacet
 facet normal -0.8443700695593479 0.19500378340997371 -0.49901173341729987
  outer loop
   vertex -0.0587167888879776 0.054382290691137314 -0.037162400782108307
   vertex -0.059040240943431854 0.052457891404628754 -0.037367109209299088
   vertex -0.061208471655845642 0.052457891404628754 -0.033698279410600662
  endloop
 endfacet
 facet normal -0.81237776989937738 0.19500359477906523 -0.54955978473370526
  outer loop
   vertex -0.056342009454965591 0.054382290691137314 -0.040672879666090012
   vertex -0.059040240943431854 0.052457891404628754 -0.037367109209299088
   vertex -0.0587167888879776 0.054382290691137314 -0.037162400782108307
  endloop
 endfacet
 facet normal -0.78435972435028201 0.32130521367432191 -0.53060605206013989
  outer loop
   vertex -0.055830638855695724 0.056240249425172806 -0.040303729474544525
   vertex -0.056342009454965591 0.054382290691137314 -0.040672879666090012
   vertex -0.0587167888879776 0.054382290691137314 -0.037162400782108307
  endloop
 endfacet
 facet normal -0.75055373691866178 0.32130511899561315 -0.57743580466113031
  outer loop
   vertex -0.053269721567630768 0.056240249425172806 -0.043632421642541885
   vertex -0.056342009454965591 0.054382290691137314 -0.040672879666090012
   vertex -0.055830638855695724 0.056240249425172806 -0.040303729474544525
  endloop
 endfacet
 facet normal -0.71090717683952331 0.44212479130347121 -0.54693386696466384
  outer loop
   vertex -0.052598360925912857 0.057999998331069946 -0.043082531541585922
   vertex -0.053269721567630768 0.056240249425172806 -0.043632421642541885
   vertex -0.055830638855695724 0.056240249425172806 -0.040303729474544525
  endloop
 endfacet
 facet normal -0.67624134853079865 0.44212459046694952 -0.58925672252565675
  outer loop
   vertex -0.049874048680067062 0.057999998331069946 -0.046209000051021576
   vertex -0.053269721567630768 0.056240249425172806 -0.043632421642541885
   vertex -0.052598360925912857 0.057999998331069946 -0.043082531541585922
  endloop
 endfacet
 facet normal -0.62695903211416248 0.55539522567245136 -0.54631356870456682
  outer loop
   vertex -0.049074418842792511 0.059631418436765671 -0.045468129217624664
   vertex -0.049874048680067062 0.057999998331069946 -0.046209000051021576
   vertex -0.052598360925912857 0.057999998331069946 -0.043082531541585922
  endloop
 endfacet
 facet normal -0.59248726362962356 0.55539527757726437 -0.58351943247980587
  outer loop
   vertex -0.046211220324039459 0.059631418436765671 -0.048375330865383148
   vertex -0.049874048680067062 0.057999998331069946 -0.046209000051021576
   vertex -0.049074418842792511 0.059631418436765671 -0.045468129217624664
  endloop
 endfacet
 facet normal -0.53577981584645307 0.65916920436980997 -0.5276703032595379
  outer loop
   vertex -0.045317608863115311 0.061106599867343903 -0.047439869493246078
   vertex -0.046211220324039459 0.059631418436765671 -0.048375330865383148
   vertex -0.049074418842792511 0.059631418436765671 -0.045468129217624664
  endloop
 endfacet
 facet normal -0.50261393416017353 0.65916921890250935 -0.55935245958115587
  outer loop
   vertex -0.042341191321611404 0.061106599867343903 -0.050114370882511139
   vertex -0.046211220324039459 0.059631418436765671 -0.048375330865383148
   vertex -0.045317608863115311 0.061106599867343903 -0.047439869493246078
  endloop
 endfacet
 facet normal -0.44080537526644464 0.75168817082961115 -0.49056652451124533
  outer loop
   vertex -0.041389141231775284 0.062400300055742264 -0.048987530171871185
   vertex -0.042341191321611404 0.061106599867343903 -0.050114370882511139
   vertex -0.045317608863115311 0.061106599867343903 -0.047439869493246078
  endloop
 endfacet
 facet normal -0.41007877911806406 0.75168824664029776 -0.51652703199336325
  outer loop
   vertex -0.038325678557157516 0.062400300055742264 -0.051419660449028015
   vertex -0.042341191321611404 0.061106599867343903 -0.050114370882511139
   vertex -0.041389141231775284 0.062400300055742264 -0.048987530171871185
  endloop
 endfacet
 facet normal -0.34555686173043926 0.83134963864366918 -0.43525651475658689
  outer loop
   vertex -0.037350721657276154 0.063490383327007294 -0.050111610442399979
   vertex -0.038325678557157516 0.062400300055742264 -0.051419660449028015
   vertex -0.041389141231775284 0.062400300055742264 -0.048987530171871185
  endloop
 endfacet
 facet normal -0.31837950894892481 0.8313496377999896 -0.45551319191793743
  outer loop
   vertex -0.034226249903440475 0.063490383327007294 -0.052295450121164322
   vertex -0.038325678557157516 0.062400300055742264 -0.051419660449028015
   vertex -0.037350721657276154 0.063490383327007294 -0.050111610442399979
  endloop
 endfacet
 facet normal -0.25347276769913618 0.89679253520314817 -0.3626495620276548
  outer loop
   vertex -0.033262569457292557 0.064358189702033997 -0.050823021680116653
   vertex -0.034226249903440475 0.063490383327007294 -0.052295450121164322
   vertex -0.037350721657276154 0.063490383327007294 -0.050111610442399979
  endloop
 endfacet
 facet normal -0.23089275766665687 0.89679250425394197 -0.3774277927909257
  outer loop
   vertex -0.030102329328656197 0.064358189702033997 -0.052756309509277344
   vertex -0.034226249903440475 0.063490383327007294 -0.052295450121164322
   vertex -0.033262569457292557 0.064358189702033997 -0.050823021680116653
  endloop
 endfacet
 facet normal -0.16781376677261986 0.94688397776943667 -0.27431600814592227
  outer loop
   vertex -0.029181540012359619 0.064988888800144196 -0.051142558455467224
   vertex -0.030102329328656197 0.064358189702033997 -0.052756309509277344
   vertex -0.033262569457292557 0.064358189702033997 -0.050823021680116653
  endloop
 endfacet
 facet normal -0.15077776542059196 0.94688398940251317 -0.2840365752292377
  outer loop
   vertex -0.026009410619735718 0.064988888800144196 -0.052826449275016785
   vertex -0.030102329328656197 0.064358189702033997 -0.052756309509277344
   vertex -0.029181540012359619 0.064988888800144196 -0.051142558455467224
  endloop
 endfacet
 facet normal -0.091512548065109361 0.98076826152217345 -0.17239220033807962
  outer loop
   vertex -0.02515937015414238 0.065371669828891754 -0.051099978387355804
   vertex -0.026009410619735718 0.064988888800144196 -0.052826449275016785
   vertex -0.029181540012359619 0.064988888800144196 -0.051142558455467224
  endloop
 endfacet
 facet normal -0.0808328154914532 0.98076825800619671 -0.17765044336340685
  outer loop
   vertex -0.021997310221195221 0.065371669828891754 -0.05253874883055687
   vertex -0.026009410619735718 0.064988888800144196 -0.052826449275016785
   vertex -0.02515937015414238 0.065371669828891754 -0.051099978387355804
  endloop
 endfacet
 facet normal -0.81237751581545659 0.19500102996323637 -0.54956107041054547
  outer loop
   vertex -0.056342009454965591 0.054382290691137314 -0.040672879666090012
   vertex -0.05665237084031105 0.052457891404628754 -0.040896929800510406
   vertex -0.059040240943431854 0.052457891404628754 -0.037367109209299088
  endloop
 endfacet
 facet normal -0.77736387587595845 0.19500108200706237 -0.59806352714338162
  outer loop
   vertex -0.053757630288600922 0.054382290691137314 -0.044032059609889984
   vertex -0.05665237084031105 0.052457891404628754 -0.040896929800510406
   vertex -0.056342009454965591 0.054382290691137314 -0.040672879666090012
  endloop
 endfacet
 facet normal -0.75055366847936544 0.32130287660071694 -0.57743714135849544
  outer loop
   vertex -0.053269721567630768 0.056240249425172806 -0.043632421642541885
   vertex -0.053757630288600922 0.054382290691137314 -0.044032059609889984
   vertex -0.056342009454965591 0.054382290691137314 -0.040672879666090012
  endloop
 endfacet
 facet normal -0.71395471081812845 0.32130285923210672 -0.62211987876122044
  outer loop
   vertex -0.050510630011558533 0.056240249425172806 -0.046798799186944962
   vertex -0.053757630288600922 0.054382290691137314 -0.044032059609889984
   vertex -0.053269721567630768 0.056240249425172806 -0.043632421642541885
  endloop
 endfacet
 facet normal -0.67624138004854484 0.4421234363110238 -0.5892575523271395
  outer loop
   vertex -0.049874048680067062 0.057999998331069946 -0.046209000051021576
   vertex -0.050510630011558533 0.056240249425172806 -0.046798799186944962
   vertex -0.053269721567630768 0.056240249425172806 -0.043632421642541885
  endloop
 endfacet
 facet normal -0.63906018050224433 0.44212339235997145 -0.62938779113083354
  outer loop
   vertex -0.046964198350906372 0.057999998331069946 -0.049163568764925003
   vertex -0.050510630011558533 0.056240249425172806 -0.046798799186944962
   vertex -0.049874048680067062 0.057999998331069946 -0.046209000051021576
  endloop
 endfacet
 facet normal -0.59248729450539761 0.55539485711562842 -0.58351980132570047
  outer loop
   vertex -0.046211220324039459 0.059631418436765671 -0.048375330865383148
   vertex -0.046964198350906372 0.057999998331069946 -0.049163568764925003
   vertex -0.049874048680067062 0.057999998331069946 -0.046209000051021576
  endloop
 endfacet
 facet normal -0.55581209157258182 0.55539482686923358 -0.61855436717285084
  outer loop
   vertex -0.043176118284463882 0.059631418436765671 -0.051102571189403534
   vertex -0.046964198350906372 0.057999998331069946 -0.049163568764925003
   vertex -0.046211220324039459 0.059631418436765671 -0.048375330865383148
  endloop
 endfacet
 facet normal -0.50261377340399105 0.65917073987142927 -0.5593508116396666
  outer loop
   vertex -0.042341191321611404 0.061106599867343903 -0.050114370882511139
   vertex -0.043176118284463882 0.059631418436765671 -0.051102571189403534
   vertex -0.046211220324039459 0.059631418436765671 -0.048375330865383148
  endloop
 endfacet
 facet normal -0.46757747697341678 0.65917066610172126 -0.58895274511473916
  outer loop
   vertex -0.039207261055707932 0.061106599867343903 -0.052602440118789673
   vertex -0.043176118284463882 0.059631418436765671 -0.051102571189403534
   vertex -0.042341191321611404 0.061106599867343903 -0.050114370882511139
  endloop
 endfacet
 facet normal -0.41007890985773199 0.75168715648358386 -0.5165285146703118
  outer loop
   vertex -0.038325678557157516 0.062400300055742264 -0.051419660449028015
   vertex -0.039207261055707932 0.061106599867343903 -0.052602440118789673
   vertex -0.042341191321611404 0.061106599867343903 -0.050114370882511139
  endloop
 endfacet
 facet normal -0.37782716380978965 0.75168717805537144 -0.54056731369423627
  outer loop
   vertex -0.035119649022817612 0.062400300055742264 -0.053660500794649124
   vertex -0.039207261055707932 0.061106599867343903 -0.052602440118789673
   vertex -0.038325678557157516 0.062400300055742264 -0.051419660449028015
  endloop
 endfacet
 facet normal -0.31837956237737136 0.83134914256245018 -0.45551405842308801
  outer loop
   vertex -0.034226249903440475 0.063490383327007294 -0.052295450121164322
   vertex -0.035119649022817612 0.062400300055742264 -0.053660500794649124
   vertex -0.038325678557157516 0.062400300055742264 -0.051419660449028015
  endloop
 endfacet
 facet normal -0.29001792331107046 0.83134912779150349 -0.47407618784182826
  outer loop
   vertex -0.030974449589848518 0.063490383327007294 -0.054284751415252686
   vertex -0.035119649022817612 0.062400300055742264 -0.053660500794649124
   vertex -0.034226249903440475 0.063490383327007294 -0.052295450121164322
  endloop
 endfacet
 facet normal -0.23089275244950472 0.89679260541346395 -0.37742755562097302
  outer loop
   vertex -0.030102329328656197 0.064358189702033997 -0.052756309509277344
   vertex -0.030974449589848518 0.063490383327007294 -0.054284751415252686
   vertex -0.034226249903440475 0.063490383327007294 -0.052295450121164322
  endloop
 endfacet
 facet normal -0.20745346056892494 0.89679259350933838 -0.39080187553896412
  outer loop
   vertex -0.026830099523067474 0.064358189702033997 -0.054493341594934464
   vertex -0.030974449589848518 0.063490383327007294 -0.054284751415252686
   vertex -0.030102329328656197 0.064358189702033997 -0.052756309509277344
  endloop
 endfacet
 facet normal -0.15077778321012639 0.94688417453204621 -0.28403594862447507
  outer loop
   vertex -0.026009410619735718 0.064988888800144196 -0.052826449275016785
   vertex -0.026830099523067474 0.064358189702033997 -0.054493341594934464
   vertex -0.030102329328656197 0.064358189702033997 -0.052756309509277344
  endloop
 endfacet
 facet normal -0.1331815298263834 0.94688422090768243 -0.29269942314455494
  outer loop
   vertex -0.022740520536899567 0.064988888800144196 -0.054313831031322479
   vertex -0.026830099523067474 0.064358189702033997 -0.054493341594934464
   vertex -0.026009410619735718 0.064988888800144196 -0.052826449275016785
  endloop
 endfacet
 facet normal -0.080832837342957958 0.98076830103263468 -0.17765019588124911
  outer loop
   vertex -0.021997310221195221 0.065371669828891754 -0.05253874883055687
   vertex -0.022740520536899567 0.064988888800144196 -0.054313831031322479
   vertex -0.026009410619735718 0.064988888800144196 -0.052826449275016785
  endloop
 endfacet
 facet normal -0.069851999697379361 0.98076829524532971 -0.1822477686553314
  outer loop
   vertex -0.018753420561552048 0.065371669828891754 -0.053782068192958832
   vertex -0.022740520536899567 0.064988888800144196 -0.054313831031322479
   vertex -0.021997310221195221 0.065371669828891754 -0.05253874883055687
  endloop
 endfacet
 facet normal -0.77736441617318575 0.19500525614702022 -0.59806146385029457
  outer loop
   vertex -0.053757630288600922 0.054382290691137314 -0.044032059609889984
   vertex -0.054053761065006256 0.052457891404628754 -0.044274620711803436
   vertex -0.05665237084031105 0.052457891404628754 -0.040896929800510406
  endloop
 endfacet
 facet normal -0.73945720168782525 0.19500538080338287 -0.64434148425329441
  outer loop
   vertex -0.050973270088434219 0.054382290691137314 -0.047227438539266586
   vertex -0.054053761065006256 0.052457891404628754 -0.044274620711803436
   vertex -0.053757630288600922 0.054382290691137314 -0.044032059609889984
  endloop
 endfacet
 facet normal -0.71395476444150208 0.32130366191458021 -0.62211940266444066
  outer loop
   vertex -0.050510630011558533 0.056240249425172806 -0.046798799186944962
   vertex -0.050973270088434219 0.054382290691137314 -0.047227438539266586
   vertex -0.053757630288600922 0.054382290691137314 -0.044032059609889984
  endloop
 endfacet
 facet normal -0.67469882881551702 0.32130358849626717 -0.6644888971340237
  outer loop
   vertex -0.04756363108754158 0.056240249425172806 -0.049791079014539719
   vertex -0.050973270088434219 0.054382290691137314 -0.047227438539266586
   vertex -0.050510630011558533 0.056240249425172806 -0.046798799186944962
  endloop
 endfacet
 facet normal -0.63906014079260676 0.44212099673828126 -0.62938951428609169
  outer loop
   vertex -0.046964198350906372 0.057999998331069946 -0.049163568764925003
   vertex -0.04756363108754158 0.056240249425172806 -0.049791079014539719
   vertex -0.050510630011558533 0.056240249425172806 -0.046798799186944962
  endloop
 endfacet
 facet normal -0.59950059758193519 0.44212105055873779 -0.66717914397239708
  outer loop
   vertex -0.04387962818145752 0.057999998331069946 -0.051935240626335144
   vertex -0.04756363108754158 0.056240249425172806 -0.049791079014539719
   vertex -0.046964198350906372 0.057999998331069946 -0.049163568764925003
  endloop
 endfacet
 facet normal -0.55581218874689342 0.55538992258938225 -0.61855868333291364
  outer loop
   vertex -0.043176118284463882 0.059631418436765671 -0.051102571189403534
   vertex -0.04387962818145752 0.057999998331069946 -0.051935240626335144
   vertex -0.046964198350906372 0.057999998331069946 -0.049163568764925003
  endloop
 endfacet
 facet normal -0.51707022987747331 0.55538997913072352 -0.6512912930906043
  outer loop
   vertex -0.039980389177799225 0.059631418436765671 -0.053639709949493408
   vertex -0.04387962818145752 0.057999998331069946 -0.051935240626335144
   vertex -0.043176118284463882 0.059631418436765671 -0.051102571189403534
  endloop
 endfacet
 facet normal -0.46757741880389669 0.65917214085761622 -0.58895114070852461
  outer loop
   vertex -0.039207261055707932 0.061106599867343903 -0.052602440118789673
   vertex -0.039980389177799225 0.059631418436765671 -0.053639709949493408
   vertex -0.043176118284463882 0.059631418436765671 -0.051102571189403534
  endloop
 endfacet
 facet normal -0.43080299474603628 0.65917216678518176 -0.61636096100708337
  outer loop
   vertex -0.035927478224039078 0.061106599867343903 -0.054894831031560898
   vertex -0.039980389177799225 0.059631418436765671 -0.053639709949493408
   vertex -0.039207261055707932 0.061106599867343903 -0.052602440118789673
  endloop
 endfacet
 facet normal -0.37782715705313419 0.75168736171138728 -0.54056706303336732
  outer loop
   vertex -0.035119649022817612 0.062400300055742264 -0.053660500794649124
   vertex -0.035927478224039078 0.061106599867343903 -0.054894831031560898
   vertex -0.039207261055707932 0.061106599867343903 -0.052602440118789673
  endloop
 endfacet
 facet normal -0.34416903362017026 0.75168751445012461 -0.5625953758401786
  outer loop
   vertex -0.031782958656549454 0.062400300055742264 -0.055701728910207748
   vertex -0.035927478224039078 0.061106599867343903 -0.054894831031560898
   vertex -0.035119649022817612 0.062400300055742264 -0.053660500794649124
  endloop
 endfacet
 facet normal -0.29001792398580101 0.83134846560659503 -0.4740773486473765
  outer loop
   vertex -0.030974449589848518 0.063490383327007294 -0.054284751415252686
   vertex -0.031782958656549454 0.062400300055742264 -0.055701728910207748
   vertex -0.035119649022817612 0.062400300055742264 -0.053660500794649124
  endloop
 endfacet
 facet normal -0.2605762383906311 0.83134851447350766 -0.49087643197538106
  outer loop
   vertex -0.027607420459389687 0.063490383327007294 -0.05607210099697113
   vertex -0.031782958656549454 0.062400300055742264 -0.055701728910207748
   vertex -0.030974449589848518 0.063490383327007294 -0.054284751415252686
  endloop
 endfacet
 facet normal -0.20745341427097613 0.89679208726765403 -0.39080306181175095
  outer loop
   vertex -0.026830099523067474 0.064358189702033997 -0.054493341594934464
   vertex -0.027607420459389687 0.063490383327007294 -0.05607210099697113
   vertex -0.030974449589848518 0.063490383327007294 -0.054284751415252686
  endloop
 endfacet
 facet normal -0.1832432781051519 0.89679202892640264 -0.40272317773297339
  outer loop
   vertex -0.023458069190382957 0.064358189702033997 -0.056027650833129883
   vertex -0.027607420459389687 0.063490383327007294 -0.05607210099697113
   vertex -0.026830099523067474 0.064358189702033997 -0.054493341594934464
  endloop
 endfacet
 facet normal -0.13318149423213479 0.94688410314620153 -0.29269982029907282
  outer loop
   vertex -0.022740520536899567 0.064988888800144196 -0.054313831031322479
   vertex -0.023458069190382957 0.064358189702033997 -0.056027650833129883
   vertex -0.026830099523067474 0.064358189702033997 -0.054493341594934464
  endloop
 endfacet
 facet normal -0.11508955303651831 0.94688412223074758 -0.30027463071188898
  outer loop
   vertex -0.019387029111385345 0.064988888800144196 -0.055599160492420197
   vertex -0.023458069190382957 0.064358189702033997 -0.056027650833129883
   vertex -0.022740520536899567 0.064988888800144196 -0.054313831031322479
  endloop
 endfacet
 facet normal -0.069852028595588603 0.98076832894272237 -0.1822475762362315
  outer loop
   vertex -0.018753420561552048 0.065371669828891754 -0.053782068192958832
   vertex -0.019387029111385345 0.064988888800144196 -0.055599160492420197
   vertex -0.022740520536899567 0.064988888800144196 -0.054313831031322479
  endloop
 endfacet
 facet normal -0.058611281291712003 0.98076832581485773 -0.18616715280538862
  outer loop
   vertex -0.015439770184457302 0.065371669828891754 -0.054825309664011002
   vertex -0.019387029111385345 0.064988888800144196 -0.055599160492420197
   vertex -0.018753420561552048 0.065371669828891754 -0.053782068192958832
  endloop
 endfacet
 facet normal -0.73945703265863372 0.19500431994517525 -0.6443419992941698
  outer loop
   vertex -0.050973270088434219 0.054382290691137314 -0.047227438539266586
   vertex -0.051254060119390488 0.052457891404628754 -0.047487601637840271
   vertex -0.054053761065006256 0.052457891404628754 -0.044274620711803436
  endloop
 endfacet
 facet normal -0.69880072947348548 0.19500448236644638 -0.68822292343710756
  outer loop
   vertex -0.047999288886785507 0.054382290691137314 -0.050247129052877426
   vertex -0.051254060119390488 0.052457891404628754 -0.047487601637840271
   vertex -0.050973270088434219 0.054382290691137314 -0.047227438539266586
  endloop
 endfacet
 facet normal -0.67469928267653101 0.32130800180872293 -0.66448630228881311
  outer loop
   vertex -0.04756363108754158 0.056240249425172806 -0.049791079014539719
   vertex -0.047999288886785507 0.054382290691137314 -0.050247129052877426
   vertex -0.050973270088434219 0.054382290691137314 -0.047227438539266586
  endloop
 endfacet
 facet normal -0.63293352336757236 0.3213078116155107 -0.70438373433261658
  outer loop
   vertex -0.044439699500799179 0.056240249425172806 -0.052598129957914352
   vertex -0.047999288886785507 0.054382290691137314 -0.050247129052877426
   vertex -0.04756363108754158 0.056240249425172806 -0.049791079014539719
  endloop
 endfacet
 facet normal -0.59950078944242258 0.44212422723495981 -0.66717686646780683
  outer loop
   vertex -0.04387962818145752 0.057999998331069946 -0.051935240626335144
   vertex -0.044439699500799179 0.056240249425172806 -0.052598129957914352
   vertex -0.04756363108754158 0.056240249425172806 -0.049791079014539719
  endloop
 endfacet
 facet normal -0.55771347559888695 0.44212419904956207 -0.70248264871823907
  outer loop
   vertex -0.040631838142871857 0.057999998331069946 -0.05451371893286705
   vertex -0.044439699500799179 0.056240249425172806 -0.052598129957914352
   vertex -0.04387962818145752 0.057999998331069946 -0.051935240626335144
  endloop
 endfacet
 facet normal -0.51707030008102361 0.55539205157104554 -0.65128947007135429
  outer loop
   vertex -0.039980389177799225 0.059631418436765671 -0.053639709949493408
   vertex -0.040631838142871857 0.057999998331069946 -0.05451371893286705
   vertex -0.04387962818145752 0.057999998331069946 -0.051935240626335144
  endloop
 endfacet
 facet normal -0.47640250412954199 0.55539197146873664 -0.68160135863066751
  outer loop
   vertex -0.036635939031839371 0.059631418436765671 -0.055977299809455872
   vertex -0.040631838142871857 0.057999998331069946 -0.05451371893286705
   vertex -0.039980389177799225 0.059631418436765671 -0.053639709949493408
  endloop
 endfacet
 facet normal -0.43080299468329836 0.65917216445749172 -0.61636096354030023
  outer loop
   vertex -0.035927478224039078 0.061106599867343903 -0.054894831031560898
   vertex -0.036635939031839371 0.059631418436765671 -0.055977299809455872
   vertex -0.039980389177799225 0.059631418436765671 -0.053639709949493408
  endloop
 endfacet
 facet normal -0.39242551816423743 0.65917203968317772 -0.64147831981560299
  outer loop
   vertex -0.032514050602912903 0.061106599867343903 -0.056983001530170441
   vertex -0.036635939031839371 0.059631418436765671 -0.055977299809455872
   vertex -0.035927478224039078 0.061106599867343903 -0.054894831031560898
  endloop
 endfacet
 facet normal -0.34416901787019283 0.7516871756239939 -0.56259583818287329
  outer loop
   vertex -0.031782958656549454 0.062400300055742264 -0.055701728910207748
   vertex -0.032514050602912903 0.061106599867343903 -0.056983001530170441
   vertex -0.035927478224039078 0.061106599867343903 -0.054894831031560898
  endloop
 endfacet
 facet normal -0.30923208828055487 0.75168709515480325 -0.58253070868013546
  outer loop
   vertex -0.028328049927949905 0.062400300055742264 -0.057535741478204727
   vertex -0.032514050602912903 0.061106599867343903 -0.056983001530170441
   vertex -0.031782958656549454 0.062400300055742264 -0.055701728910207748
  endloop
 endfacet
 facet normal -0.26057642864471309 0.83135031176374663 -0.49087328707629646
  outer loop
   vertex -0.027607420459389687 0.063490383327007294 -0.05607210099697113
   vertex -0.028328049927949905 0.062400300055742264 -0.057535741478204727
   vertex -0.031782958656549454 0.062400300055742264 -0.055701728910207748
  endloop
 endfacet
 facet normal -0.2301648965146216 0.83135033925095292 -0.50584655167327075
  outer loop
   vertex -0.024137690663337708 0.063490383327007294 -0.057650860399007797
   vertex -0.028328049927949905 0.062400300055742264 -0.057535741478204727
   vertex -0.027607420459389687 0.063490383327007294 -0.05607210099697113
  endloop
 endfacet
 facet normal -0.1832431917284634 0.89679166001413935 -0.40272403853538435
  outer loop
   vertex -0.023458069190382957 0.064358189702033997 -0.056027650833129883
   vertex -0.024137690663337708 0.063490383327007294 -0.057650860399007797
   vertex -0.027607420459389687 0.063490383327007294 -0.05607210099697113
  endloop
 endfacet
 facet normal -0.15835060823960226 0.8967916278679583 -0.41314629498046518
  outer loop
   vertex -0.019998770207166672 0.064358189702033997 -0.057353530079126358
   vertex -0.024137690663337708 0.063490383327007294 -0.057650860399007797
   vertex -0.023458069190382957 0.064358189702033997 -0.056027650833129883
  endloop
 endfacet
 facet normal -0.11508944878498431 0.9468839167251536 -0.30027531870868235
  outer loop
   vertex -0.019387029111385345 0.064988888800144196 -0.055599160492420197
   vertex -0.019998770207166672 0.064358189702033997 -0.057353530079126358
   vertex -0.023458069190382957 0.064358189702033997 -0.056027650833129883
  endloop
 endfacet
 facet normal -0.096569550878845292 0.94688389725290134 -0.30673312009989251
  outer loop
   vertex -0.015961429104208946 0.064988888800144196 -0.056677650660276413
   vertex -0.019998770207166672 0.064358189702033997 -0.057353530079126358
   vertex -0.019387029111385345 0.064988888800144196 -0.055599160492420197
  endloop
 endfacet
 facet normal -0.058611356525744861 0.98076838829555901 -0.18616679995730645
  outer loop
   vertex -0.015439770184457302 0.065371669828891754 -0.054825309664011002
   vertex -0.015961429104208946 0.064988888800144196 -0.056677650660276413
   vertex -0.019387029111385345 0.064988888800144196 -0.055599160492420197
  endloop
 endfacet
 facet normal -0.047153465618831554 0.98076838250345511 -0.18939358637950182
  outer loop
   vertex -0.012068689800798893 0.065371669828891754 -0.055664610117673874
   vertex -0.015961429104208946 0.064988888800144196 -0.056677650660276413
   vertex -0.015439770184457302 0.065371669828891754 -0.054825309664011002
  endloop
 endfacet
 facet normal -0.23695641736676176 0.195002492125841 -0.9517487506340212
  outer loop
   vertex -0.014723850414156914 0.054382290691137314 -0.067911073565483093
   vertex -0.01480496022850275 0.052457891404628754 -0.068285167217254639
   vertex -0.018940359354019165 0.052457891404628754 -0.067255578935146332
  endloop
 endfacet
 facet normal -0.17849191385045285 0.19500243300710685 -0.96442453712631726
  outer loop
   vertex -0.010556340217590332 0.054382290691137314 -0.068682380020618439
   vertex -0.01480496022850275 0.052457891404628754 -0.068285167217254639
   vertex -0.014723850414156914 0.054382290691137314 -0.067911073565483093
  endloop
 endfacet
 facet normal -0.17233557691325843 0.32131007246865229 -0.93116071988683213
  outer loop
   vertex -0.010460530407726765 0.056240249425172806 -0.068058997392654419
   vertex -0.010556340217590332 0.054382290691137314 -0.068682380020618439
   vertex -0.014723850414156914 0.054382290691137314 -0.067911073565483093
  endloop
 endfacet
 facet normal -0.11524970880883181 0.32131016630069448 -0.93993472201600237
  outer loop
   vertex -0.0062919221818447113 0.056240249425172806 -0.068570129573345184
   vertex -0.010556340217590332 0.054382290691137314 -0.068682380020618439
   vertex -0.010460530407726765 0.056240249425172806 -0.068058997392654419
  endloop
 endfacet
 facet normal -0.10916224805886564 0.44212168368742194 -0.89028760544676455
  outer loop
   vertex -0.0062126251868903637 0.057999998331069946 -0.067705951631069183
   vertex -0.0062919221818447113 0.056240249425172806 -0.068570129573345184
   vertex -0.010460530407726765 0.056240249425172806 -0.068058997392654419
  endloop
 endfacet
 facet normal -0.054680784002466766 0.44212166765093935 -0.89528679363343011
  outer loop
   vertex -0.0020734460558742285 0.057999998331069946 -0.067958757281303406
   vertex -0.0062919221818447113 0.056240249425172806 -0.068570129573345184
   vertex -0.0062126251868903637 0.057999998331069946 -0.067705951631069183
  endloop
 endfacet
 facet normal -0.050695785705188581 0.55539413093229772 -0.83004053915317388
  outer loop
   vertex -0.0020402029622346163 0.059631418436765671 -0.066869176924228668
   vertex -0.0020734460558742285 0.057999998331069946 -0.067958757281303406
   vertex -0.0062126251868903637 0.057999998331069946 -0.067705951631069183
  endloop
 endfacet
 facet normal 0 0.55539412425907775 -0.83158725744114914
  outer loop
   vertex 0.0020402029622346163 0.059631418436765671 -0.066869176924228668
   vertex -0.0020734460558742285 0.057999998331069946 -0.067958757281303406
   vertex -0.0020402029622346163 0.059631418436765671 -0.066869176924228668
  endloop
 endfacet
 facet normal 0 0.65916890737296685 -0.75199491457903411
  outer loop
   vertex 0.0020007500424981117 0.061106599867343903 -0.065576091408729553
   vertex 0.0020402029622346163 0.059631418436765671 -0.066869176924228668
   vertex -0.0020402029622346163 0.059631418436765671 -0.066869176924228668
  endloop
 endfacet
 facet normal 0.045845914584826765 0.65916889468769346 -0.75059611002994486
  outer loop
   vertex 0.0059948069974780083 0.061106599867343903 -0.065332137048244476
   vertex 0.0020402029622346163 0.059631418436765671 -0.066869176924228668
   vertex 0.0020007500424981117 0.061106599867343903 -0.065576091408729553
  endloop
 endfacet
 facet normal 0.040208100544746939 0.75168720719845084 -0.6582929827856111
  outer loop
   vertex 0.0058600129559636116 0.062400300055742264 -0.063863128423690796
   vertex 0.0059948069974780083 0.061106599867343903 -0.065332137048244476
   vertex 0.0020007500424981117 0.061106599867343903 -0.065576091408729553
  endloop
 endfacet
 facet normal 0.080264789810838955 0.75168717421847864 -0.65461741164749088
  outer loop
   vertex 0.009742463007569313 0.062400300055742264 -0.063387088477611542
   vertex 0.0059948069974780083 0.061106599867343903 -0.065332137048244476
   vertex 0.0058600129559636116 0.062400300055742264 -0.063863128423690796
  endloop
 endfacet
 facet normal 0.067636051440644385 0.83134813940239172 -0.55162091662454193
  outer loop
   vertex 0.0094946268945932388 0.063490383327007294 -0.061774611473083496
   vertex 0.009742463007569313 0.062400300055742264 -0.063387088477611542
   vertex 0.0058600129559636116 0.062400300055742264 -0.063863128423690796
  endloop
 endfacet
 facet normal 0.10114021604362745 0.83134813136697827 -0.54647135439223338
  outer loop
   vertex 0.013242989778518677 0.063490383327007294 -0.061080869287252426
   vertex 0.009742463007569313 0.062400300055742264 -0.063387088477611542
   vertex 0.0094946268945932388 0.063490383327007294 -0.061774611473083496
  endloop
 endfacet
 facet normal 0.080521094028825221 0.89679185535183159 -0.43506404309138269
  outer loop
   vertex 0.012870119884610176 0.064358189702033997 -0.059361081570386887
   vertex 0.013242989778518677 0.063490383327007294 -0.061080869287252426
   vertex 0.0094946268945932388 0.063490383327007294 -0.061774611473083496
  endloop
 endfacet
 facet normal 0.10689384211069961 0.89679184586854765 -0.42934612109869574
  outer loop
   vertex 0.016465069726109505 0.064358189702033997 -0.058466050773859024
   vertex 0.013242989778518677 0.063490383327007294 -0.061080869287252426
   vertex 0.012870119884610176 0.064358189702033997 -0.059361081570386887
  endloop
 endfacet
 facet normal 0.077690786633258596 0.94688375990619289 -0.31205013523185138
  outer loop
   vertex 0.015961429104208946 0.064988888800144196 -0.056677650660276413
   vertex 0.016465069726109505 0.064358189702033997 -0.058466050773859024
   vertex 0.012870119884610176 0.064358189702033997 -0.059361081570386887
  endloop
 endfacet
 facet normal 0.096569684918703505 0.94688374566532518 -0.306733545849661
  outer loop
   vertex 0.019387029111385345 0.064988888800144196 -0.055599160492420197
   vertex 0.016465069726109505 0.064358189702033997 -0.058466050773859024
   vertex 0.015961429104208946 0.064988888800144196 -0.056677650660276413
  endloop
 endfacet
 facet normal 0.058611449244729372 0.9807683268528764 -0.18616709445990226
  outer loop
   vertex 0.018753420561552048 0.065371669828891754 -0.053782068192958832
   vertex 0.019387029111385345 0.064988888800144196 -0.055599160492420197
   vertex 0.015961429104208946 0.064988888800144196 -0.056677650660276413
  endloop
 endfacet
 facet normal 0.069851938088187404 0.98076832950250192 -0.18224760791350855
  outer loop
   vertex 0.021997310221195221 0.065371669828891754 -0.05253874883055687
   vertex 0.019387029111385345 0.064988888800144196 -0.055599160492420197
   vertex 0.018753420561552048 0.065371669828891754 -0.053782068192958832
  endloop
 endfacet
 facet normal -0.17849140173894465 0.195001232728928 -0.96442487459597659
  outer loop
   vertex -0.010556340217590332 0.054382290691137314 -0.068682380020618439
   vertex -0.010614490136504173 0.052457891404628754 -0.069060720503330231
   vertex -0.01480496022850275 0.052457891404628754 -0.068285167217254639
  endloop
 endfacet
 facet normal -0.1193645420581726 0.19500123363250615 -0.97351251917016624
  outer loop
   vertex -0.0063495519571006298 0.054382290691137314 -0.069198183715343475
   vertex -0.010614490136504173 0.052457891404628754 -0.069060720503330231
   vertex -0.010556340217590332 0.054382290691137314 -0.068682380020618439
  endloop
 endfacet
 facet normal -0.115247711145076 0.32130568850590585 -0.9399364976473501
  outer loop
   vertex -0.0062919221818447113 0.056240249425172806 -0.068570129573345184
   vertex -0.0063495519571006298 0.054382290691137314 -0.069198183715343475
   vertex -0.010556340217590332 0.054382290691137314 -0.068682380020618439
  endloop
 endfacet
 facet normal -0.057731684103733846 0.32130568290930989 -0.94521410843296716
  outer loop
   vertex -0.0020999109838157892 0.056240249425172806 -0.068826168775558472
   vertex -0.0063495519571006298 0.054382290691137314 -0.069198183715343475
   vertex -0.0062919221818447113 0.056240249425172806 -0.068570129573345184
  endloop
 endfacet
 facet normal -0.054682140954763266 0.44212441960122334 -0.89528535174707546
  outer loop
   vertex -0.0020734460558742285 0.057999998331069946 -0.067958757281303406
   vertex -0.0020999109838157892 0.056240249425172806 -0.068826168775558472
   vertex -0.0062919221818447113 0.056240249425172806 -0.068570129573345184
  endloop
 endfacet
 facet normal 0 0.44212442573015526 -0.89695372911470772
  outer loop
   vertex 0.0020734460558742285 0.057999998331069946 -0.067958757281303406
   vertex -0.0020999109838157892 0.056240249425172806 -0.068826168775558472
   vertex -0.0020734460558742285 0.057999998331069946 -0.067958757281303406
  endloop
 endfacet
 facet normal 0 0.55539412425907775 -0.83158725744114925
  outer loop
   vertex 0.0020402029622346163 0.059631418436765671 -0.066869176924228668
   vertex 0.0020734460558742285 0.057999998331069946 -0.067958757281303406
   vertex -0.0020734460558742285 0.057999998331069946 -0.067958757281303406
  endloop
 endfacet
 facet normal 0.050694293288378288 0.55539415198847109 -0.83004061621404945
  outer loop
   vertex 0.0061130188405513763 0.059631418436765671 -0.066620431840419769
   vertex 0.0020734460558742285 0.057999998331069946 -0.067958757281303406
   vertex 0.0020402029622346163 0.059631418436765671 -0.066869176924228668
  endloop
 endfacet
 facet normal 0.04584197372037787 0.65917454228364536 -0.75059139100483063
  outer loop
   vertex 0.0059948069974780083 0.061106599867343903 -0.065332137048244476
   vertex 0.0061130188405513763 0.059631418436765671 -0.066620431840419769
   vertex 0.0020402029622346163 0.059631418436765671 -0.066869176924228668
  endloop
 endfacet
 facet normal 0.09151758433621901 0.65917457202846841 -0.74640030502964583
  outer loop
   vertex 0.0099665643647313118 0.061106599867343903 -0.064845152199268341
   vertex 0.0061130188405513763 0.059631418436765671 -0.066620431840419769
   vertex 0.0059948069974780083 0.061106599867343903 -0.065332137048244476
  endloop
 endfacet
 facet normal 0.080263757626910542 0.75168834071430957 -0.65461619873462984
  outer loop
   vertex 0.009742463007569313 0.062400300055742264 -0.063387088477611542
   vertex 0.0099665643647313118 0.061106599867343903 -0.064845152199268341
   vertex 0.0059948069974780083 0.061106599867343903 -0.065332137048244476
  endloop
 endfacet
 facet normal 0.12002201475729458 0.75168836032171671 -0.6485054548193474
  outer loop
   vertex 0.013588669709861279 0.062400300055742264 -0.062675252556800842
   vertex 0.0099665643647313118 0.061106599867343903 -0.064845152199268341
   vertex 0.009742463007569313 0.062400300055742264 -0.063387088477611542
  endloop
 endfacet
 facet normal 0.10113751809988944 0.83135043552176735 -0.54646834838841529
  outer loop
   vertex 0.013242989778518677 0.063490383327007294 -0.061080869287252426
   vertex 0.013588669709861279 0.062400300055742264 -0.062675252556800842
   vertex 0.009742463007569313 0.062400300055742264 -0.063387088477611542
  endloop
 endfacet
 facet normal 0.1342635958910961 0.83135046994567663 -0.53928627178845845
  outer loop
   vertex 0.016942089423537254 0.063490383327007294 -0.060159921646118164
   vertex 0.013588669709861279 0.062400300055742264 -0.062675252556800842
   vertex 0.013242989778518677 0.063490383327007294 -0.061080869287252426
  endloop
 endfacet
 facet normal 0.10689177910353202 0.89679310824383984 -0.42934399793922151
  outer loop
   vertex 0.016465069726109505 0.064358189702033997 -0.058466050773859024
   vertex 0.016942089423537254 0.063490383327007294 -0.060159921646118164
   vertex 0.013242989778518677 0.063490383327007294 -0.061080869287252426
  endloop
 endfacet
 facet normal 0.13286798586228002 0.89679310457021455 -0.42202870273029697
  outer loop
   vertex 0.019998770207166672 0.064358189702033997 -0.057353530079126358
   vertex 0.016942089423537254 0.063490383327007294 -0.060159921646118164
   vertex 0.016465069726109505 0.064358189702033997 -0.058466050773859024
  endloop
 endfacet
 facet normal 0.096569314892283625 0.94688389493421121 -0.30673320155381373
  outer loop
   vertex 0.019387029111385345 0.064988888800144196 -0.055599160492420197
   vertex 0.019998770207166672 0.064358189702033997 -0.057353530079126358
   vertex 0.016465069726109505 0.064358189702033997 -0.058466050773859024
  endloop
 endfacet
 facet normal 0.11508977296648398 0.9468839135335595 -0.30027520452060996
  outer loop
   vertex 0.022740520536899567 0.064988888800144196 -0.054313831031322479
   vertex 0.019998770207166672 0.064358189702033997 -0.057353530079126358
   vertex 0.019387029111385345 0.064988888800144196 -0.055599160492420197
  endloop
 endfacet
 facet normal 0.069852088191279721 0.98076829580517955 -0.18224773172448974
  outer loop
   vertex 0.021997310221195221 0.065371669828891754 -0.05253874883055687
   vertex 0.022740520536899567 0.064988888800144196 -0.054313831031322479
   vertex 0.019387029111385345 0.064988888800144196 -0.055599160492420197
  endloop
 endfacet
 facet normal 0.080832724459816235 0.9807683017473553 -0.17765024329848805
  outer loop
   vertex 0.02515937015414238 0.065371669828891754 -0.051099978387355804
   vertex 0.022740520536899567 0.064988888800144196 -0.054313831031322479
   vertex 0.021997310221195221 0.065371669828891754 -0.05253874883055687
  endloop
 endfacet
 facet normal -0.11936558801341168 0.19500359466791464 -0.97351191798806658
  outer loop
   vertex -0.0063495519571006298 0.054382290691137314 -0.069198183715343475
   vertex -0.006384529173374176 0.052457891404628754 -0.069579370319843292
   vertex -0.010614490136504173 0.052457891404628754 -0.069060720503330231
  endloop
 endfacet
 facet normal -0.059794336165043122 0.1950036052757361 -0.97897815669811894
  outer loop
   vertex -0.0021191448904573917 0.054382290691137314 -0.069456569850444794
   vertex -0.006384529173374176 0.052457891404628754 -0.069579370319843292
   vertex -0.0063495519571006298 0.054382290691137314 -0.069198183715343475
  endloop
 endfacet
 facet normal -0.057732066646753212 0.32130649774706183 -0.94521380808059097
  outer loop
   vertex -0.0020999109838157892 0.056240249425172806 -0.068826168775558472
   vertex -0.0021191448904573917 0.054382290691137314 -0.069456569850444794
   vertex -0.0063495519571006298 0.054382290691137314 -0.069198183715343475
  endloop
 endfacet
 facet normal 0 0.32130650023687635 -0.94697525464265975
  outer loop
   vertex 0.0020999109838157892 0.056240249425172806 -0.068826168775558472
   vertex -0.0021191448904573917 0.054382290691137314 -0.069456569850444794
   vertex -0.0020999109838157892 0.056240249425172806 -0.068826168775558472
  endloop
 endfacet
 facet normal 0 0.4421244257301552 -0.89695372911470772
  outer loop
   vertex 0.0020734460558742285 0.057999998331069946 -0.067958757281303406
   vertex 0.0020999109838157892 0.056240249425172806 -0.068826168775558472
   vertex -0.0020999109838157892 0.056240249425172806 -0.068826168775558472
  endloop
 endfacet
 facet normal 0.054680700783422895 0.44212443705225979 -0.89528543109058589
  outer loop
   vertex 0.0062126251868903637 0.057999998331069946 -0.067705951631069183
   vertex 0.0020999109838157892 0.056240249425172806 -0.068826168775558472
   vertex 0.0020734460558742285 0.057999998331069946 -0.067958757281303406
  endloop
 endfacet
 facet normal 0.0506958909400324 0.55539154627168341 -0.83004226216003307
  outer loop
   vertex 0.0061130188405513763 0.059631418436765671 -0.066620431840419769
   vertex 0.0062126251868903637 0.057999998331069946 -0.067705951631069183
   vertex 0.0020734460558742285 0.057999998331069946 -0.067958757281303406
  endloop
 endfacet
 facet normal 0.10120514272108831 0.55539156870651363 -0.82540761112102801
  outer loop
   vertex 0.010163090191781521 0.059631418436765671 -0.066123843193054199
   vertex 0.0062126251868903637 0.057999998331069946 -0.067705951631069183
   vertex 0.0061130188405513763 0.059631418436765671 -0.066620431840419769
  endloop
 endfacet
 facet normal 0.091517916726141388 0.65917412732511194 -0.74640065700887748
  outer loop
   vertex 0.0099665643647313118 0.061106599867343903 -0.064845152199268341
   vertex 0.010163090191781521 0.059631418436765671 -0.066123843193054199
   vertex 0.0061130188405513763 0.059631418436765671 -0.066620431840419769
  endloop
 endfacet
 facet normal 0.13685100046018306 0.65917402728658625 -0.7394331649471978
  outer loop
   vertex 0.013901240192353725 0.061106599867343903 -0.064116939902305603
   vertex 0.010163090191781521 0.059631418436765671 -0.066123843193054199
   vertex 0.0099665643647313118 0.061106599867343903 -0.064845152199268341
  endloop
 endfacet
 facet normal 0.12002262103302232 0.75168771984673866 -0.64850608499224915
  outer loop
   vertex 0.013588669709861279 0.062400300055742264 -0.062675252556800842
   vertex 0.013901240192353725 0.061106599867343903 -0.064116939902305603
   vertex 0.0099665643647313118 0.061106599867343903 -0.064845152199268341
  endloop
 endfacet
 facet normal 0.15933585028078653 0.75168767837557959 -0.63998259428958659
  outer loop
   vertex 0.017384329810738564 0.062400300055742264 -0.061730250716209412
   vertex 0.013901240192353725 0.061106599867343903 -0.064116939902305603
   vertex 0.013588669709861279 0.062400300055742264 -0.062675252556800842
  endloop
 endfacet
 facet normal 0.13426623061056916 0.8313483592310138 -0.53928886964365474
  outer loop
   vertex 0.016942089423537254 0.063490383327007294 -0.060159921646118164
   vertex 0.017384329810738564 0.062400300055742264 -0.061730250716209412
   vertex 0.013588669709861279 0.062400300055742264 -0.062675252556800842
  endloop
 endfacet
 facet normal 0.1668937627904398 0.83134841770214807 -0.53010025497615365
  outer loop
   vertex 0.020578170195221901 0.063490383327007294 -0.05901515856385231
   vertex 0.017384329810738564 0.062400300055742264 -0.061730250716209412
   vertex 0.016942089423537254 0.063490383327007294 -0.060159921646118164
  endloop
 endfacet
 facet normal 0.13286958606871391 0.89679218158124363 -0.42203016024057149
  outer loop
   vertex 0.019998770207166672 0.064358189702033997 -0.057353530079126358
   vertex 0.020578170195221901 0.063490383327007294 -0.05901515856385231
   vertex 0.016942089423537254 0.063490383327007294 -0.060159921646118164
  endloop
 endfacet
 facet normal 0.1583501989963973 0.89679219203024441 -0.41314522724024139
  outer loop
   vertex 0.023458069190382957 0.064358189702033997 -0.056027650833129883
   vertex 0.020578170195221901 0.063490383327007294 -0.05901515856385231
   vertex 0.019998770207166672 0.064358189702033997 -0.057353530079126358
  endloop
 endfacet
 facet normal 0.11508923558239509 0.94688411903912562 -0.30027476245025808
  outer loop
   vertex 0.022740520536899567 0.064988888800144196 -0.054313831031322479
   vertex 0.023458069190382957 0.064358189702033997 -0.056027650833129883
   vertex 0.019998770207166672 0.064358189702033997 -0.057353530079126358
  endloop
 endfacet
 facet normal 0.13318167566569108 0.94688410131691259 -0.29269974366258239
  outer loop
   vertex 0.026009410619735718 0.064988888800144196 -0.052826449275016785
   vertex 0.023458069190382957 0.064358189702033997 -0.056027650833129883
   vertex 0.022740520536899567 0.064988888800144196 -0.054313831031322479
  endloop
 endfacet
 facet normal 0.080832925399698663 0.98076825872098705 -0.17765038940776318
  outer loop
   vertex 0.02515937015414238 0.065371669828891754 -0.051099978387355804
   vertex 0.026009410619735718 0.064988888800144196 -0.052826449275016785
   vertex 0.022740520536899567 0.064988888800144196 -0.054313831031322479
  endloop
 endfacet
 facet normal 0.091512458576588088 0.98076826210477175 -0.17239224452757185
  outer loop
   vertex 0.028227830305695534 0.065371669828891754 -0.049471121281385422
   vertex 0.026009410619735718 0.064988888800144196 -0.052826449275016785
   vertex 0.02515937015414238 0.065371669828891754 -0.051099978387355804
  endloop
 endfacet
 facet normal -0.059792602786400362 0.19499981817665007 -0.97897901691665545
  outer loop
   vertex -0.0021191448904573917 0.054382290691137314 -0.069456569850444794
   vertex -0.0021308180876076221 0.052457891404628754 -0.069839172065258026
   vertex -0.006384529173374176 0.052457891404628754 -0.069579370319843292
  endloop
 endfacet
 facet normal 0 0.19499981599800731 -0.98080327882850349
  outer loop
   vertex 0.0021191448904573917 0.054382290691137314 -0.069456569850444794
   vertex -0.0021308180876076221 0.052457891404628754 -0.069839172065258026
   vertex -0.0021191448904573917 0.054382290691137314 -0.069456569850444794
  endloop
 endfacet
 facet normal 0 0.32130650023687629 -0.94697525464265964
  outer loop
   vertex 0.0020999109838157892 0.056240249425172806 -0.068826168775558472
   vertex 0.0021191448904573917 0.054382290691137314 -0.069456569850444794
   vertex -0.0021191448904573917 0.054382290691137314 -0.069456569850444794
  endloop
 endfacet
 facet normal 0.057731667171968142 0.32130650146176509 -0.94521383121701419
  outer loop
   vertex 0.0062919221818447113 0.056240249425172806 -0.068570129573345184
   vertex 0.0021191448904573917 0.054382290691137314 -0.069456569850444794
   vertex 0.0020999109838157892 0.056240249425172806 -0.068826168775558472
  endloop
 endfacet
 facet normal 0.054682223127149876 0.44212168510303534 -0.8952866971174791
  outer loop
   vertex 0.0062126251868903637 0.057999998331069946 -0.067705951631069183
   vertex 0.0062919221818447113 0.056240249425172806 -0.068570129573345184
   vertex 0.0020999109838157892 0.056240249425172806 -0.068826168775558472
  endloop
 endfacet
 facet normal 0.10916338627829265 0.44212166982207268 -0.89028747276932896
  outer loop
   vertex 0.010328689590096474 0.057999998331069946 -0.06720125675201416
   vertex 0.0062919221818447113 0.056240249425172806 -0.068570129573345184
   vertex 0.0062126251868903637 0.057999998331069946 -0.067705951631069183
  endloop
 endfacet
 facet normal 0.10120845492624127 0.55538647692023013 -0.82541063108344914
  outer loop
   vertex 0.010163090191781521 0.059631418436765671 -0.066123843193054199
   vertex 0.010328689590096474 0.057999998331069946 -0.06720125675201416
   vertex 0.0062126251868903637 0.057999998331069946 -0.067705951631069183
  endloop
 endfacet
 facet normal 0.15133960832989124 0.55538648111414857 -0.81770543568341181
  outer loop
   vertex 0.014175360091030598 0.059631418436765671 -0.065381258726119995
   vertex 0.010328689590096474 0.057999998331069946 -0.06720125675201416
   vertex 0.010163090191781521 0.059631418436765671 -0.066123843193054199
  endloop
 endfacet
 facet normal 0.13685354329895871 0.65917082593302501 -0.73943554818881507
  outer loop
   vertex 0.013901240192353725 0.061106599867343903 -0.064116939902305603
   vertex 0.014175360091030598 0.059631418436765671 -0.065381258726119995
   vertex 0.010163090191781521 0.059631418436765671 -0.066123843193054199
  endloop
 endfacet
 facet normal 0.18167760906398417 0.65917081482831719 -0.72971712549683687
  outer loop
   vertex 0.017784209921956062 0.061106599867343903 -0.063150197267532349
   vertex 0.014175360091030598 0.059631418436765671 -0.065381258726119995
   vertex 0.013901240192353725 0.061106599867343903 -0.064116939902305603
  endloop
 endfacet
 facet normal 0.15933657713495114 0.75168695501047056 -0.6399832629483404
  outer loop
   vertex 0.017384329810738564 0.062400300055742264 -0.061730250716209412
   vertex 0.017784209921956062 0.061106599867343903 -0.063150197267532349
   vertex 0.013901240192353725 0.061106599867343903 -0.064116939902305603
  endloop
 endfacet
 facet normal 0.19805446206886393 0.75168692264775927 -0.62907964549407769
  outer loop
   vertex 0.021115310490131378 0.062400300055742264 -0.06055561825633049
   vertex 0.017784209921956062 0.061106599867343903 -0.063150197267532349
   vertex 0.017384329810738564 0.062400300055742264 -0.061730250716209412
  endloop
 endfacet
 facet normal 0.16689212287795635 0.83134965914847958 -0.53009882432900779
  outer loop
   vertex 0.020578170195221901 0.063490383327007294 -0.05901515856385231
   vertex 0.021115310490131378 0.062400300055742264 -0.06055561825633049
   vertex 0.017384329810738564 0.062400300055742264 -0.061730250716209412
  endloop
 endfacet
 facet normal 0.19889939329130626 0.83134959850921075 -0.51893822022175673
  outer loop
   vertex 0.024137690663337708 0.063490383327007294 -0.057650860399007797
   vertex 0.021115310490131378 0.062400300055742264 -0.06055561825633049
   vertex 0.020578170195221901 0.063490383327007294 -0.05901515856385231
  endloop
 endfacet
 facet normal 0.15835121507545993 0.89679163581085886 -0.41314604515087561
  outer loop
   vertex 0.023458069190382957 0.064358189702033997 -0.056027650833129883
   vertex 0.024137690663337708 0.063490383327007294 -0.057650860399007797
   vertex 0.020578170195221901 0.063490383327007294 -0.05901515856385231
  endloop
 endfacet
 facet normal 0.18324359220405148 0.89679165474685796 -0.40272386804428123
  outer loop
   vertex 0.026830099523067474 0.064358189702033997 -0.054493341594934464
   vertex 0.024137690663337708 0.063490383327007294 -0.057650860399007797
   vertex 0.023458069190382957 0.064358189702033997 -0.056027650833129883
  endloop
 endfacet
 facet normal 0.13318135285376306 0.94688421907908238 -0.29269950958455321
  outer loop
   vertex 0.026009410619735718 0.064988888800144196 -0.052826449275016785
   vertex 0.026830099523067474 0.064358189702033997 -0.054493341594934464
   vertex 0.023458069190382957 0.064358189702033997 -0.056027650833129883
  endloop
 endfacet
 facet normal 0.15077750585939226 0.94688417740812048 -0.28403608626540394
  outer loop
   vertex 0.029181540012359619 0.064988888800144196 -0.051142558455467224
   vertex 0.026830099523067474 0.064358189702033997 -0.054493341594934464
   vertex 0.026009410619735718 0.064988888800144196 -0.052826449275016785
  endloop
 endfacet
 facet normal 0.091512629327277176 0.98076822703212807 -0.17239235342051706
  outer loop
   vertex 0.028227830305695534 0.065371669828891754 -0.049471121281385422
   vertex 0.029181540012359619 0.064988888800144196 -0.051142558455467224
   vertex 0.026009410619735718 0.064988888800144196 -0.052826449275016785
  endloop
 endfacet
 facet normal 0.10185242643187657 0.98076822785608486 -0.1664925417487946
  outer loop
   vertex 0.031191280111670494 0.065371669828891754 -0.047658219933509827
   vertex 0.029181540012359619 0.064988888800144196 -0.051142558455467224
   vertex 0.028227830305695534 0.065371669828891754 -0.049471121281385422
  endloop
 endfacet
 facet normal 0 0.19499981599800731 -0.98080327882850349
  outer loop
   vertex 0.0021191448904573917 0.054382290691137314 -0.069456569850444794
   vertex 0.0021308180876076221 0.052457891404628754 -0.069839172065258026
   vertex -0.0021308180876076221 0.052457891404628754 -0.069839172065258026
  endloop
 endfacet
 facet normal 0.059794382194203827 0.19499980777459291 -0.97897891030700201
  outer loop
   vertex 0.0063495519571006298 0.054382290691137314 -0.069198183715343475
   vertex 0.0021308180876076221 0.052457891404628754 -0.069839172065258026
   vertex 0.0021191448904573917 0.054382290691137314 -0.069456569850444794
  endloop
 endfacet
 facet normal 0.057732083424959071 0.32130568662394399 -0.94521408278047225
  outer loop
   vertex 0.0062919221818447113 0.056240249425172806 -0.068570129573345184
   vertex 0.0063495519571006298 0.054382290691137314 -0.069198183715343475
   vertex 0.0021191448904573917 0.054382290691137314 -0.069456569850444794
  endloop
 endfacet
 facet normal 0.11524989455692644 0.32130566809227462 -0.93993623690992689
  outer loop
   vertex 0.010460530407726765 0.056240249425172806 -0.068058997392654419
   vertex 0.0063495519571006298 0.054382290691137314 -0.069198183715343475
   vertex 0.0062919221818447113 0.056240249425172806 -0.068570129573345184
  endloop
 endfacet
 facet normal 0.10916211773149434 0.442123856195559 -0.89028654254410933
  outer loop
   vertex 0.010328689590096474 0.057999998331069946 -0.06720125675201416
   vertex 0.010460530407726765 0.056240249425172806 -0.068058997392654419
   vertex 0.0062919221818447113 0.056240249425172806 -0.068570129573345184
  endloop
 endfacet
 facet normal 0.16323132294221684 0.44212404631637148 -0.88197611241992968
  outer loop
   vertex 0.014406340196728706 0.057999998331069946 -0.066446587443351746
   vertex 0.010460530407726765 0.056240249425172806 -0.068058997392654419
   vertex 0.010328689590096474 0.057999998331069946 -0.06720125675201416
  endloop
 endfacet
 facet normal 0.15133590468745139 0.55539188436693998 -0.81770245122035079
  outer loop
   vertex 0.014175360091030598 0.059631418436765671 -0.065381258726119995
   vertex 0.014406340196728706 0.057999998331069946 -0.066446587443351746
   vertex 0.010328689590096474 0.057999998331069946 -0.06720125675201416
  endloop
 endfacet
 facet normal 0.20090649639595229 0.55539200841111735 -0.80695495332699252
  outer loop
   vertex 0.018134899437427521 0.059631418436765671 -0.06439545750617981
   vertex 0.014406340196728706 0.057999998331069946 -0.066446587443351746
   vertex 0.014175360091030598 0.059631418436765671 -0.065381258726119995
  endloop
 endfacet
 facet normal 0.18167646067185519 0.65917218488734064 -0.72971617380225129
  outer loop
   vertex 0.017784209921956062 0.061106599867343903 -0.063150197267532349
   vertex 0.018134899437427521 0.059631418436765671 -0.06439545750617981
   vertex 0.014175360091030598 0.059631418436765671 -0.065381258726119995
  endloop
 endfacet
 facet normal 0.22582412601140464 0.65917222339459836 -0.7172833777637726
  outer loop
   vertex 0.02160101942718029 0.061106599867343903 -0.061948541551828384
   vertex 0.018134899437427521 0.059631418436765671 -0.06439545750617981
   vertex 0.017784209921956062 0.061106599867343903 -0.063150197267532349
  endloop
 endfacet
 facet normal 0.19805481361241342 0.75168659078586697 -0.62907993135822815
  outer loop
   vertex 0.021115310490131378 0.062400300055742264 -0.06055561825633049
   vertex 0.02160101942718029 0.061106599867343903 -0.061948541551828384
   vertex 0.017784209921956062 0.061106599867343903 -0.063150197267532349
  endloop
 endfacet
 facet normal 0.23603758373097783 0.75168668457605725 -0.61583551967834449
  outer loop
   vertex 0.02476775087416172 0.062400300055742264 -0.05915571004152298
   vertex 0.02160101942718029 0.061106599867343903 -0.061948541551828384
   vertex 0.021115310490131378 0.062400300055742264 -0.06055561825633049
  endloop
 endfacet
 facet normal 0.19889850019335548 0.83135024159388504 -0.51893753229326423
  outer loop
   vertex 0.024137690663337708 0.063490383327007294 -0.057650860399007797
   vertex 0.02476775087416172 0.062400300055742264 -0.05915571004152298
   vertex 0.021115310490131378 0.062400300055742264 -0.06055561825633049
  endloop
 endfacet
 facet normal 0.23016495825072128 0.83135023960193766 -0.50584668735422655
  outer loop
   vertex 0.027607420459389687 0.063490383327007294 -0.05607210099697113
   vertex 0.02476775087416172 0.062400300055742264 -0.05915571004152298
   vertex 0.024137690663337708 0.063490383327007294 -0.057650860399007797
  endloop
 endfacet
 facet normal 0.18324288647437623 0.89679202365782729 -0.40272336766102551
  outer loop
   vertex 0.026830099523067474 0.064358189702033997 -0.054493341594934464
   vertex 0.027607420459389687 0.063490383327007294 -0.05607210099697113
   vertex 0.024137690663337708 0.063490383327007294 -0.057650860399007797
  endloop
 endfacet
 facet normal 0.20745394854169538 0.89679208004032884 -0.39080279478453067
  outer loop
   vertex 0.030102329328656197 0.064358189702033997 -0.052756309509277344
   vertex 0.027607420459389687 0.063490383327007294 -0.05607210099697113
   vertex 0.026830099523067474 0.064358189702033997 -0.054493341594934464
  endloop
 endfacet
 facet normal 0.15077803483144639 0.94688399227779041 -0.28403642262998696
  outer loop
   vertex 0.029181540012359619 0.064988888800144196 -0.051142558455467224
   vertex 0.030102329328656197 0.064358189702033997 -0.052756309509277344
   vertex 0.026830099523067474 0.064358189702033997 -0.054493341594934464
  endloop
 endfacet
 facet normal 0.16781369184153236 0.94688397857212969 -0.27431605121452474
  outer loop
   vertex 0.032245110720396042 0.064988888800144196 -0.049268409609794617
   vertex 0.030102329328656197 0.064358189702033997 -0.052756309509277344
   vertex 0.029181540012359619 0.064988888800144196 -0.051142558455467224
  endloop
 endfacet
 facet normal 0.1018522755797957 0.98076825773541798 -0.1664924580209271
  outer loop
   vertex 0.031191280111670494 0.065371669828891754 -0.047658219933509827
   vertex 0.032245110720396042 0.064988888800144196 -0.049268409609794617
   vertex 0.029181540012359619 0.064988888800144196 -0.051142558455467224
  endloop
 endfacet
 facet normal 0.11181279451963876 0.98076825338782181 -0.15997353571234937
  outer loop
   vertex 0.03403870016336441 0.065371669828891754 -0.045668028295040131
   vertex 0.032245110720396042 0.064988888800144196 -0.049268409609794617
   vertex 0.031191280111670494 0.065371669828891754 -0.047658219933509827
  endloop
 endfacet
 facet normal 0.059792557010768188 0.19500359487354632 -0.97897826743626326
  outer loop
   vertex 0.0063495519571006298 0.054382290691137314 -0.069198183715343475
   vertex 0.006384529173374176 0.052457891404628754 -0.069579370319843292
   vertex 0.0021308180876076221 0.052457891404628754 -0.069839172065258026
  endloop
 endfacet
 facet normal 0.11936448477254931 0.19500360115315471 -0.97351205196047008
  outer loop
   vertex 0.010556340217590332 0.054382290691137314 -0.068682380020618439
   vertex 0.006384529173374176 0.052457891404628754 -0.069579370319843292
   vertex 0.0063495519571006298 0.054382290691137314 -0.069198183715343475
  endloop
 endfacet
 facet normal 0.11524752708623012 0.32131014589068441 -0.93993499650146861
  outer loop
   vertex 0.010460530407726765 0.056240249425172806 -0.068058997392654419
   vertex 0.010556340217590332 0.054382290691137314 -0.068682380020618439
   vertex 0.0063495519571006298 0.054382290691137314 -0.069198183715343475
  endloop
 endfacet
 facet normal 0.1723331267569892 0.32131009558963775 -0.9311611653706019
  outer loop
   vertex 0.014590219594538212 0.056240249425172806 -0.067294701933860779
   vertex 0.010556340217590332 0.054382290691137314 -0.068682380020618439
   vertex 0.010460530407726765 0.056240249425172806 -0.068058997392654419
  endloop
 endfacet
 facet normal 0.16323014320110413 0.4421259960915308 -0.88197535335780153
  outer loop
   vertex 0.014406340196728706 0.057999998331069946 -0.066446587443351746
   vertex 0.014590219594538212 0.056240249425172806 -0.067294701933860779
   vertex 0.010460530407726765 0.056240249425172806 -0.068058997392654419
  endloop
 endfacet
 facet normal 0.21669707976276295 0.44212600805898228 -0.87038323089321967
  outer loop
   vertex 0.01843038946390152 0.057999998331069946 -0.065444730222225189
   vertex 0.014590219594538212 0.056240249425172806 -0.067294701933860779
   vertex 0.014406340196728706 0.057999998331069946 -0.066446587443351746
  endloop
 endfacet
 facet normal 0.20090529127308862 0.55539368720658433 -0.806954097919795
  outer loop
   vertex 0.018134899437427521 0.059631418436765671 -0.06439545750617981
   vertex 0.01843038946390152 0.057999998331069946 -0.065444730222225189
   vertex 0.014406340196728706 0.057999998331069946 -0.066446587443351746
  endloop
 endfacet
 facet normal 0.24972580511776624 0.55539363911788764 -0.79320547645970851
  outer loop
   vertex 0.022026969119906425 0.059631418436765671 -0.063170112669467926
   vertex 0.01843038946390152 0.057999998331069946 -0.065444730222225189
   vertex 0.018134899437427521 0.059631418436765671 -0.06439545750617981
  endloop
 endfacet
 facet normal 0.2258228743189879 0.65917364739406303 -0.71728246320087752
  outer loop
   vertex 0.02160101942718029 0.061106599867343903 -0.061948541551828384
   vertex 0.022026969119906425 0.059631418436765671 -0.063170112669467926
   vertex 0.018134899437427521 0.059631418436765671 -0.06439545750617981
  endloop
 endfacet
 facet normal 0.26913296914506601 0.65917360175714479 -0.7021806090071655
  outer loop
   vertex 0.025337470695376396 0.061106599867343903 -0.060516428202390671
   vertex 0.022026969119906425 0.059631418436765671 -0.063170112669467926
   vertex 0.02160101942718029 0.061106599867343903 -0.061948541551828384
  endloop
 endfacet
 facet normal 0.2360388159457753 0.75168557432067273 -0.61583640256574368
  outer loop
   vertex 0.02476775087416172 0.062400300055742264 -0.05915571004152298
   vertex 0.025337470695376396 0.061106599867343903 -0.060516428202390671
   vertex 0.02160101942718029 0.061106599867343903 -0.061948541551828384
  endloop
 endfacet
 facet normal 0.2731426330217836 0.75168562956400409 -0.60030143789007728
  outer loop
   vertex 0.028328049927949905 0.062400300055742264 -0.057535741478204727
   vertex 0.025337470695376396 0.061106599867343903 -0.060516428202390671
   vertex 0.02476775087416172 0.062400300055742264 -0.05915571004152298
  endloop
 endfacet
 facet normal 0.23016481545905743 0.83135033798349622 -0.50584659063734394
  outer loop
   vertex 0.027607420459389687 0.063490383327007294 -0.05607210099697113
   vertex 0.028328049927949905 0.062400300055742264 -0.057535741478204727
   vertex 0.02476775087416172 0.062400300055742264 -0.05915571004152298
  endloop
 endfacet
 facet normal 0.26057496155157911 0.83135033491972776 -0.49087402665169561
  outer loop
   vertex 0.030974449589848518 0.063490383327007294 -0.054284751415252686
   vertex 0.028328049927949905 0.062400300055742264 -0.057535741478204727
   vertex 0.027607420459389687 0.063490383327007294 -0.05607210099697113
  endloop
 endfacet
 facet normal 0.20745294003803474 0.89679258628020664 -0.39080216844643251
  outer loop
   vertex 0.030102329328656197 0.064358189702033997 -0.052756309509277344
   vertex 0.030974449589848518 0.063490383327007294 -0.054284751415252686
   vertex 0.027607420459389687 0.063490383327007294 -0.05607210099697113
  endloop
 endfacet
 facet normal 0.23089264914025814 0.89679260685788464 -0.37742761538874325
  outer loop
   vertex 0.033262569457292557 0.064358189702033997 -0.050823021680116653
   vertex 0.030974449589848518 0.063490383327007294 -0.054284751415252686
   vertex 0.030102329328656197 0.064358189702033997 -0.052756309509277344
  endloop
 endfacet
 facet normal 0.16781384494390247 0.94688392689628875 -0.27431613592825271
  outer loop
   vertex 0.032245110720396042 0.064988888800144196 -0.049268409609794617
   vertex 0.033262569457292557 0.064358189702033997 -0.050823021680116653
   vertex 0.030102329328656197 0.064358189702033997 -0.052756309509277344
  endloop
 endfacet
 facet normal 0.18422485297976041 0.94688392156033674 -0.26357549703093364
  outer loop
   vertex 0.035188730806112289 0.064988888800144196 -0.047210980206727982
   vertex 0.033262569457292557 0.064358189702033997 -0.050823021680116653
   vertex 0.032245110720396042 0.064988888800144196 -0.049268409609794617
  endloop
 endfacet
 facet normal 0.11181272734792549 0.98076826628029345 -0.15997350362033685
  outer loop
   vertex 0.03403870016336441 0.065371669828891754 -0.045668028295040131
   vertex 0.035188730806112289 0.064988888800144196 -0.047210980206727982
   vertex 0.032245110720396042 0.064988888800144196 -0.049268409609794617
  endloop
 endfacet
 facet normal 0.12135758386824125 0.98076825635232789 -0.1528592953316131
  outer loop
   vertex 0.03675948828458786 0.065371669828891754 -0.043507948517799377
   vertex 0.035188730806112289 0.064988888800144196 -0.047210980206727982
   vertex 0.03403870016336441 0.065371669828891754 -0.045668028295040131
  endloop
 endfacet
 facet normal 0.11936564498572967 0.19500124011741787 -0.9735123826381511
  outer loop
   vertex 0.010556340217590332 0.054382290691137314 -0.068682380020618439
   vertex 0.010614490136504173 0.052457891404628754 -0.069060720503330231
   vertex 0.006384529173374176 0.052457891404628754 -0.069579370319843292
  endloop
 endfacet
 facet normal 0.17849195739833026 0.19500122943208509 -0.96442477242348346
  outer loop
   vertex 0.014723850414156914 0.054382290691137314 -0.067911073565483093
   vertex 0.010614490136504173 0.052457891404628754 -0.069060720503330231
   vertex 0.010556340217590332 0.054382290691137314 -0.068682380020618439
  endloop
 endfacet
 facet normal 0.17233588861925178 0.32130502439335545 -0.93116240409146578
  outer loop
   vertex 0.014590219594538212 0.056240249425172806 -0.067294701933860779
   vertex 0.014723850414156914 0.054382290691137314 -0.067911073565483093
   vertex 0.010556340217590332 0.054382290691137314 -0.068682380020618439
  endloop
 endfacet
 facet normal 0.22878335127847627 0.32130487780381856 -0.91892401953440217
  outer loop
   vertex 0.018665630370378494 0.056240249425172806 -0.066280052065849304
   vertex 0.014723850414156914 0.054382290691137314 -0.067911073565483093
   vertex 0.014590219594538212 0.056240249425172806 -0.067294701933860779
  endloop
 endfacet
 facet normal 0.21669839613996278 0.4421239108279702 -0.87038396847859567
  outer loop
   vertex 0.01843038946390152 0.057999998331069946 -0.065444730222225189
   vertex 0.018665630370378494 0.056240249425172806 -0.066280052065849304
   vertex 0.014590219594538212 0.056240249425172806 -0.067294701933860779
  endloop
 endfacet
 facet normal 0.26935692364132147 0.44212389238791544 -0.85555438837413633
  outer loop
   vertex 0.022385880351066589 0.057999998331069946 -0.064199410378932953
   vertex 0.018665630370378494 0.056240249425172806 -0.066280052065849304
   vertex 0.01843038946390152 0.057999998331069946 -0.065444730222225189
  endloop
 endfacet
 facet normal 0.24972780852785195 0.55539095924643422 -0.79320672213188037
  outer loop
   vertex 0.022026969119906425 0.059631418436765671 -0.063170112669467926
   vertex 0.022385880351066589 0.057999998331069946 -0.064199410378932953
   vertex 0.01843038946390152 0.057999998331069946 -0.065444730222225189
  endloop
 endfacet
 facet normal 0.29762044574018087 0.55539100488115245 -0.77650685893591431
  outer loop
   vertex 0.025837099179625511 0.059631418436765671 -0.061709761619567871
   vertex 0.022385880351066589 0.057999998331069946 -0.064199410378932953
   vertex 0.022026969119906425 0.059631418436765671 -0.063170112669467926
  endloop
 endfacet
 facet normal 0.26913247290999437 0.65917414319187573 -0.70218029093147261
  outer loop
   vertex 0.025337470695376396 0.061106599867343903 -0.060516428202390671
   vertex 0.025837099179625511 0.059631418436765671 -0.061709761619567871
   vertex 0.022026969119906425 0.059631418436765671 -0.063170112669467926
  endloop
 endfacet
 facet normal 0.31143883368280761 0.65917406676743306 -0.68446723995789316
  outer loop
   vertex 0.028979659080505371 0.061106599867343903 -0.058859199285507202
   vertex 0.025837099179625511 0.059631418436765671 -0.061709761619567871
   vertex 0.025337470695376396 0.061106599867343903 -0.060516428202390671
  endloop
 endfacet
 facet normal 0.27314262388974597 0.75168563746190697 -0.60030143215563914
  outer loop
   vertex 0.028328049927949905 0.062400300055742264 -0.057535741478204727
   vertex 0.028979659080505371 0.061106599867343903 -0.058859199285507202
   vertex 0.025337470695376396 0.061106599867343903 -0.060516428202390671
  endloop
 endfacet
 facet normal 0.30923289021419242 0.75168559452488637 -0.58253221936090849
  outer loop
   vertex 0.031782958656549454 0.062400300055742264 -0.055701728910207748
   vertex 0.028979659080505371 0.061106599867343903 -0.058859199285507202
   vertex 0.028328049927949905 0.062400300055742264 -0.057535741478204727
  endloop
 endfacet
 facet normal 0.2605776730108636 0.83134853762546457 -0.49087563121043704
  outer loop
   vertex 0.030974449589848518 0.063490383327007294 -0.054284751415252686
   vertex 0.031782958656549454 0.062400300055742264 -0.055701728910207748
   vertex 0.028328049927949905 0.062400300055742264 -0.057535741478204727
  endloop
 endfacet
 facet normal 0.29001844689630507 0.83134845707435301 -0.47407704371752446
  outer loop
   vertex 0.034226249903440475 0.063490383327007294 -0.052295450121164322
   vertex 0.031782958656549454 0.062400300055742264 -0.055701728910207748
   vertex 0.030974449589848518 0.063490383327007294 -0.054284751415252686
  endloop
 endfacet
 facet normal 0.23089285792017999 0.89679250569853319 -0.37742772802802671
  outer loop
   vertex 0.033262569457292557 0.064358189702033997 -0.050823021680116653
   vertex 0.034226249903440475 0.063490383327007294 -0.052295450121164322
   vertex 0.030974449589848518 0.063490383327007294 -0.054284751415252686
  endloop
 endfacet
 facet normal 0.25347201766401606 0.8967925460930718 -0.36265005933163508
  outer loop
   vertex 0.036299079656600952 0.064358189702033997 -0.048700671643018723
   vertex 0.034226249903440475 0.063490383327007294 -0.052295450121164322
   vertex 0.033262569457292557 0.064358189702033997 -0.050823021680116653
  endloop
 endfacet
 facet normal 0.18422427096590241 0.94688411193659761 -0.26357521990718819
  outer loop
   vertex 0.035188730806112289 0.064988888800144196 -0.047210980206727982
   vertex 0.036299079656600952 0.064358189702033997 -0.048700671643018723
   vertex 0.033262569457292557 0.064358189702033997 -0.050823021680116653
  endloop
 endfacet
 facet normal 0.19995044751255953 0.94688413222970003 -0.25185364534017624
  outer loop
   vertex 0.038001451641321182 0.064988888800144196 -0.044977918267250061
   vertex 0.036299079656600952 0.064358189702033997 -0.048700671643018723
   vertex 0.035188730806112289 0.064988888800144196 -0.047210980206727982
  endloop
 endfacet
 facet normal 0.1213572013120917 0.9807683278285183 -0.15285914044684534
  outer loop
   vertex 0.03675948828458786 0.065371669828891754 -0.043507948517799377
   vertex 0.038001451641321182 0.064988888800144196 -0.044977918267250061
   vertex 0.035188730806112289 0.064988888800144196 -0.047210980206727982
  endloop
 endfacet
 facet normal 0.13045043176198209 0.98076832650377743 -0.14517635682194321
  outer loop
   vertex 0.03934352844953537 0.065371669828891754 -0.041186019778251648
   vertex 0.038001451641321182 0.064988888800144196 -0.044977918267250061
   vertex 0.03675948828458786 0.065371669828891754 -0.043507948517799377
  endloop
 endfacet
 facet normal 0.17849135842979946 0.19500242970960086 -0.96442464058797106
  outer loop
   vertex 0.014723850414156914 0.054382290691137314 -0.067911073565483093
   vertex 0.01480496022850275 0.052457891404628754 -0.068285167217254639
   vertex 0.010614490136504173 0.052457891404628754 -0.069060720503330231
  endloop
 endfacet
 facet normal 0.23695513380727387 0.1950024998410205 -0.95174906861952324
  outer loop
   vertex 0.018836589530110359 0.054382290691137314 -0.066887132823467255
   vertex 0.01480496022850275 0.052457891404628754 -0.068285167217254639
   vertex 0.014723850414156914 0.054382290691137314 -0.067911073565483093
  endloop
 endfacet
 facet normal 0.22878268164552468 0.32130607680023487 -0.91892376701787615
  outer loop
   vertex 0.018665630370378494 0.056240249425172806 -0.066280052065849304
   vertex 0.018836589530110359 0.054382290691137314 -0.066887132823467255
   vertex 0.014723850414156914 0.054382290691137314 -0.067911073565483093
  endloop
 endfacet
 facet normal 0.28437774372436109 0.32130593591439477 -0.90326728847026028
  outer loop
   vertex 0.022671610116958618 0.056240249425172806 -0.065018840134143829
   vertex 0.018836589530110359 0.054382290691137314 -0.066887132823467255
   vertex 0.018665630370378494 0.056240249425172806 -0.066280052065849304
  endloop
 endfacet
 facet normal 0.269356047068328 0.44212524523632918 -0.85555396523681682
  outer loop
   vertex 0.022385880351066589 0.057999998331069946 -0.064199410378932953
   vertex 0.022671610116958618 0.056240249425172806 -0.065018840134143829
   vertex 0.018665630370378494 0.056240249425172806 -0.066280052065849304
  endloop
 endfacet
 facet normal 0.32101295311802019 0.44212527136605406 -0.83754159798182015
  outer loop
   vertex 0.026258090510964394 0.057999998331069946 -0.06271526962518692
   vertex 0.022671610116958618 0.056240249425172806 -0.065018840134143829
   vertex 0.022385880351066589 0.057999998331069946 -0.064199410378932953
  endloop
 endfacet
 facet normal 0.29761932576780514 0.55539245089590272 -0.77650625394607053
  outer loop
   vertex 0.025837099179625511 0.059631418436765671 -0.061709761619567871
   vertex 0.026258090510964394 0.057999998331069946 -0.06271526962518692
   vertex 0.022385880351066589 0.057999998331069946 -0.064199410378932953
  endloop
 endfacet
 facet normal 0.34440496977834417 0.55539242041891701 -0.7569177472705968
  outer loop
   vertex 0.029551109299063683 0.059631418436765671 -0.060019850730895996
   vertex 0.026258090510964394 0.057999998331069946 -0.06271526962518692
   vertex 0.025837099179625511 0.059631418436765671 -0.061709761619567871
  endloop
 endfacet
 facet normal 0.31143943342649122 0.65917343587588495 -0.68446757464657648
  outer loop
   vertex 0.028979659080505371 0.061106599867343903 -0.058859199285507202
   vertex 0.029551109299063683 0.059631418436765671 -0.060019850730895996
   vertex 0.025837099179625511 0.059631418436765671 -0.061709761619567871
  endloop
 endfacet
 facet normal 0.35258829732765995 0.65917338985229557 -0.66420774965233231
  outer loop
   vertex 0.032514050602912903 0.061106599867343903 -0.056983001530170441
   vertex 0.029551109299063683 0.059631418436765671 -0.060019850730895996
   vertex 0.028979659080505371 0.061106599867343903 -0.058859199285507202
  endloop
 endfacet
 facet normal 0.30923111211314058 0.75168707828178727 -0.58253124864290384
  outer loop
   vertex 0.031782958656549454 0.062400300055742264 -0.055701728910207748
   vertex 0.032514050602912903 0.061106599867343903 -0.056983001530170441
   vertex 0.028979659080505371 0.061106599867343903 -0.058859199285507202
  endloop
 endfacet
 facet normal 0.34416923743701866 0.75168717177200761 -0.56259570900907308
  outer loop
   vertex 0.035119649022817612 0.062400300055742264 -0.053660500794649124
   vertex 0.032514050602912903 0.061106599867343903 -0.056983001530170441
   vertex 0.031782958656549454 0.062400300055742264 -0.055701728910207748
  endloop
 endfacet
 facet normal 0.29001741372187284 0.83134911926020194 -0.47407651454523941
  outer loop
   vertex 0.034226249903440475 0.063490383327007294 -0.052295450121164322
   vertex 0.035119649022817612 0.062400300055742264 -0.053660500794649124
   vertex 0.031782958656549454 0.062400300055742264 -0.055701728910207748
  endloop
 endfacet
 facet normal 0.31837993882433396 0.83134913618240691 -0.4555138069509852
  outer loop
   vertex 0.037350721657276154 0.063490383327007294 -0.050111610442399979
   vertex 0.035119649022817612 0.062400300055742264 -0.053660500794649124
   vertex 0.034226249903440475 0.063490383327007294 -0.052295450121164322
  endloop
 endfacet
 facet normal 0.2534736407299632 0.89679178334110699 -0.36265081109377711
  outer loop
   vertex 0.036299079656600952 0.064358189702033997 -0.048700671643018723
   vertex 0.037350721657276154 0.063490383327007294 -0.050111610442399979
   vertex 0.034226249903440475 0.063490383327007294 -0.052295450121164322
  endloop
 endfacet
 facet normal 0.27511044462359491 0.89679176988594944 -0.34652382995089143
  outer loop
   vertex 0.039200551807880402 0.064358189702033997 -0.046397149562835693
   vertex 0.037350721657276154 0.063490383327007294 -0.050111610442399979
   vertex 0.036299079656600952 0.064358189702033997 -0.048700671643018723
  endloop
 endfacet
 facet normal 0.19995033491837622 0.94688416808499132 -0.25185359992667006
  outer loop
   vertex 0.038001451641321182 0.064988888800144196 -0.044977918267250061
   vertex 0.039200551807880402 0.064358189702033997 -0.046397149562835693
   vertex 0.036299079656600952 0.064358189702033997 -0.048700671643018723
  endloop
 endfacet
 facet normal 0.21493240305226716 0.94688417960410431 -0.23919534387951677
  outer loop
   vertex 0.040672801434993744 0.064988888800144196 -0.042577538639307022
   vertex 0.039200551807880402 0.064358189702033997 -0.046397149562835693
   vertex 0.038001451641321182 0.064988888800144196 -0.044977918267250061
  endloop
 endfacet
 facet normal 0.13045023637627987 0.98076836219468255 -0.14517629127144946
  outer loop
   vertex 0.03934352844953537 0.065371669828891754 -0.041186019778251648
   vertex 0.040672801434993744 0.064988888800144196 -0.042577538639307022
   vertex 0.038001451641321182 0.064988888800144196 -0.044977918267250061
  endloop
 endfacet
 facet normal 0.13905833098733511 0.98076836502487974 -0.13695325753497437
  outer loop
   vertex 0.041781209409236908 0.065371669828891754 -0.03871086984872818
   vertex 0.040672801434993744 0.064988888800144196 -0.042577538639307022
   vertex 0.03934352844953537 0.065371669828891754 -0.041186019778251648
  endloop
 endfacet
 facet normal 0.99919166164401718 0 0.040199792301303681
  outer loop
   vertex 0.069996699690818787 -1.8650868096429192e-17 0.00067963299807161093
   vertex 0.069996699690818787 0.050500001758337021 0.00067963299807161093
   vertex 0.069825068116188049 -1.8605134934722361e-17 0.0049456460401415825
  endloop
 endfacet
 facet normal 0.99978388106215998 0 -0.020789207976373212
  outer loop
   vertex 0.069907940924167633 0.050500001758337021 -0.0035889078862965107
   vertex 0.069996699690818787 0.050500001758337021 0.00067963299807161093
   vertex 0.069996699690818787 -1.8650868096429192e-17 0.00067963299807161093
  endloop
 endfacet
 facet normal 0.99978388106215998 0 -0.020789207976373212
  outer loop
   vertex 0.069907940924167633 -1.8627217348355076e-17 -0.0035889078862965107
   vertex 0.069907940924167633 0.050500001758337021 -0.0035889078862965107
   vertex 0.069996699690818787 -1.8650868096429192e-17 0.00067963299807161093
  endloop
 endfacet
 facet normal 0.99665670754134639 0 -0.081703165867933941
  outer loop
   vertex 0.069559112191200256 0.050500001758337021 -0.007844097912311554
   vertex 0.069907940924167633 0.050500001758337021 -0.0035889078862965107
   vertex 0.069907940924167633 -1.8627217348355076e-17 -0.0035889078862965107
  endloop
 endfacet
 facet normal 0.99665670754134639 0 -0.081703165867933941
  outer loop
   vertex 0.069559112191200256 -1.8534270371644943e-17 -0.007844097912311554
   vertex 0.069559112191200256 0.050500001758337021 -0.007844097912311554
   vertex 0.069907940924167633 -1.8627217348355076e-17 -0.0035889078862965107
  endloop
 endfacet
 facet normal 0.98982190281434068 0 -0.14231163237415961
  outer loop
   vertex 0.068951517343521118 0.050500001758337021 -0.012070110067725182
   vertex 0.069559112191200256 0.050500001758337021 -0.007844097912311554
   vertex 0.069559112191200256 -1.8534270371644943e-17 -0.007844097912311554
  endloop
 endfacet
 facet normal 0.98982190281434068 0 -0.14231163237415961
  outer loop
   vertex 0.068951517343521118 -1.8372374582156064e-17 -0.012070110067725182
   vertex 0.068951517343521118 0.050500001758337021 -0.012070110067725182
   vertex 0.069559112191200256 -1.8534270371644943e-17 -0.007844097912311554
  endloop
 endfacet
 facet normal 0.97930540541840116 0 -0.20238805033474971
  outer loop
   vertex 0.06808742880821228 0.050500001758337021 -0.016251219436526299
   vertex 0.068951517343521118 0.050500001758337021 -0.012070110067725182
   vertex 0.068951517343521118 -1.8372374582156064e-17 -0.012070110067725182
  endloop
 endfacet
 facet normal 0.97930540541840116 0 -0.20238805033474971
  outer loop
   vertex 0.06808742880821228 -1.8142135476096829e-17 -0.016251219436526299
   vertex 0.06808742880821228 0.050500001758337021 -0.016251219436526299
   vertex 0.068951517343521118 -1.8372374582156064e-17 -0.012070110067725182
  endloop
 endfacet
 facet normal 0.96514540828120554 0 -0.26171423513768782
  outer loop
   vertex 0.06697005033493042 0.050500001758337021 -0.020371869206428528
   vertex 0.06808742880821228 0.050500001758337021 -0.016251219436526299
   vertex 0.06808742880821228 -1.8142135476096829e-17 -0.016251219436526299
  endloop
 endfacet
 facet normal 0.96514540828120554 0 -0.26171423513768782
  outer loop
   vertex 0.06697005033493042 -1.7844406703859393e-17 -0.020371869206428528
   vertex 0.06697005033493042 0.050500001758337021 -0.020371869206428528
   vertex 0.06808742880821228 -1.8142135476096829e-17 -0.016251219436526299
  endloop
 endfacet
 facet normal 0.94739466760516766 0 -0.32006771751192598
  outer loop
   vertex 0.065603531897068024 0.050500001758337021 -0.024416739121079445
   vertex 0.06697005033493042 0.050500001758337021 -0.020371869206428528
   vertex 0.06697005033493042 -1.7844406703859393e-17 -0.020371869206428528
  endloop
 endfacet
 facet normal 0.94739466760516766 0 -0.32006771751192598
  outer loop
   vertex 0.065603531897068024 -1.7480291724380901e-17 -0.024416739121079445
   vertex 0.065603531897068024 0.050500001758337021 -0.024416739121079445
   vertex 0.06697005033493042 -1.7844406703859393e-17 -0.020371869206428528
  endloop
 endfacet
 facet normal 0.92611950271674326 0 -0.37723025685606437
  outer loop
   vertex 0.063992962241172791 0.050500001758337021 -0.028370769694447517
   vertex 0.065603531897068024 0.050500001758337021 -0.024416739121079445
   vertex 0.065603531897068024 -1.7480291724380901e-17 -0.024416739121079445
  endloop
 endfacet
 facet normal 0.92611950271674326 0 -0.37723025685606443
  outer loop
   vertex 0.063992962241172791 -1.705115042258839e-17 -0.028370769694447517
   vertex 0.063992962241172791 0.050500001758337021 -0.028370769694447517
   vertex 0.065603531897068024 -1.7480291724380901e-17 -0.024416739121079445
  endloop
 endfacet
 facet normal 0.90140023440390937 0 -0.43298685593973552
  outer loop
   vertex 0.062144339084625244 0.050500001758337021 -0.032219268381595612
   vertex 0.063992962241172791 0.050500001758337021 -0.028370769694447517
   vertex 0.063992962241172791 -1.705115042258839e-17 -0.028370769694447517
  endloop
 endfacet
 facet normal 0.90140023440390937 0 -0.43298685593973552
  outer loop
   vertex 0.062144339084625244 -1.6558577602702863e-17 -0.032219268381595612
   vertex 0.062144339084625244 0.050500001758337021 -0.032219268381595612
   vertex 0.063992962241172791 -1.705115042258839e-17 -0.028370769694447517
  endloop
 endfacet
 facet normal 0.87332584822901926 0 -0.48713649300279677
  outer loop
   vertex 0.06006452813744545 0.050500001758337021 -0.035947900265455246
   vertex 0.062144339084625244 0.050500001758337021 -0.032219268381595612
   vertex 0.062144339084625244 -1.6558577602702863e-17 -0.032219268381595612
  endloop
 endfacet
 facet normal 0.87332584822901926 0 -0.48713649300279677
  outer loop
   vertex 0.06006452813744545 -1.6004404642600512e-17 -0.035947900265455246
   vertex 0.06006452813744545 0.050500001758337021 -0.035947900265455246
   vertex 0.062144339084625244 -1.6558577602702863e-17 -0.032219268381595612
  endloop
 endfacet
 facet normal 0.84200572817430475 0 -0.53946858455489222
  outer loop
   vertex 0.057761289179325104 0.050500001758337021 -0.039542809128761292
   vertex 0.06006452813744545 0.050500001758337021 -0.035947900265455246
   vertex 0.06006452813744545 -1.6004404642600512e-17 -0.035947900265455246
  endloop
 endfacet
 facet normal 0.84200572817430475 0 -0.53946858455489222
  outer loop
   vertex 0.057761289179325104 -1.5390699493812719e-17 -0.039542809128761292
   vertex 0.057761289179325104 0.050500001758337021 -0.039542809128761292
   vertex 0.06006452813744545 -1.6004404642600512e-17 -0.035947900265455246
  endloop
 endfacet
 facet normal 0.80755024125737696 0 -0.58979878589664148
  outer loop
   vertex 0.055243160575628281 0.050500001758337021 -0.04299062117934227
   vertex 0.057761289179325104 0.050500001758337021 -0.039542809128761292
   vertex 0.057761289179325104 -1.5390699493812719e-17 -0.039542809128761292
  endloop
 endfacet
 facet normal 0.80755024125737696 0 -0.58979878589664148
  outer loop
   vertex 0.055243160575628281 -1.4719735248662781e-17 -0.04299062117934227
   vertex 0.055243160575628281 0.050500001758337021 -0.04299062117934227
   vertex 0.057761289179325104 -1.5390699493812719e-17 -0.039542809128761292
  endloop
 endfacet
 facet normal 0.77009188254191985 0 -0.63793298428835121
  outer loop
   vertex 0.052519530057907104 0.050500001758337021 -0.046278499066829681
   vertex 0.055243160575628281 0.050500001758337021 -0.04299062117934227
   vertex 0.055243160575628281 -1.4719735248662781e-17 -0.04299062117934227
  endloop
 endfacet
 facet normal 0.77009188254191985 0 -0.63793298428835121
  outer loop
   vertex 0.052519530057907104 -1.3994013301323058e-17 -0.046278499066829681
   vertex 0.052519530057907104 0.050500001758337021 -0.046278499066829681
   vertex 0.055243160575628281 -1.4719735248662781e-17 -0.04299062117934227
  endloop
 endfacet
 facet normal 0.72976828644965019 0 -0.68369455760035214
  outer loop
   vertex 0.049600519239902496 0.050500001758337021 -0.049394220113754272
   vertex 0.052519530057907104 0.050500001758337021 -0.046278499066829681
   vertex 0.052519530057907104 -1.3994013301323058e-17 -0.046278499066829681
  endloop
 endfacet
 facet normal 0.72976828644965019 0 -0.68369455760035214
  outer loop
   vertex 0.049600519239902496 -1.3216233569312922e-17 -0.049394220113754272
   vertex 0.049600519239902496 0.050500001758337021 -0.049394220113754272
   vertex 0.052519530057907104 -1.3994013301323058e-17 -0.046278499066829681
  endloop
 endfacet
 facet normal 0.68673013517490733 0 -0.72691245789479597
  outer loop
   vertex 0.046496991068124771 0.050500001758337021 -0.05232619121670723
   vertex 0.049600519239902496 0.050500001758337021 -0.049394220113754272
   vertex 0.049600519239902496 -1.3216233569312922e-17 -0.049394220113754272
  endloop
 endfacet
 facet normal 0.68673013517490733 0 -0.72691245789479597
  outer loop
   vertex 0.046496991068124771 -1.2389287048873247e-17 -0.05232619121670723
   vertex 0.046496991068124771 0.050500001758337021 -0.05232619121670723
   vertex 0.049600519239902496 -1.3216233569312922e-17 -0.049394220113754272
  endloop
 endfacet
 facet normal 0.64113663832516077 0 -0.76742674633942221
  outer loop
   vertex 0.043220490217208862 0.050500001758337021 -0.055063501000404358
   vertex 0.046496991068124771 0.050500001758337021 -0.05232619121670723
   vertex 0.046496991068124771 -1.2389287048873247e-17 -0.05232619121670723
  endloop
 endfacet
 facet normal 0.64113663832516077 0 -0.76742674633942221
  outer loop
   vertex 0.043220490217208862 -1.1516251679063342e-17 -0.055063501000404358
   vertex 0.043220490217208862 0.050500001758337021 -0.055063501000404358
   vertex 0.046496991068124771 -1.2389287048873247e-17 -0.05232619121670723
  endloop
 endfacet
 facet normal 0.59315867785173315 0 -0.80508557488579058
  outer loop
   vertex 0.039783209562301636 0.050500001758337021 -0.057595968246459961
   vertex 0.043220490217208862 0.050500001758337021 -0.055063501000404358
   vertex 0.043220490217208862 -1.1516251679063342e-17 -0.055063501000404358
  endloop
 endfacet
 facet normal 0.59315867785173315 0 -0.80508557488579058
  outer loop
   vertex 0.039783209562301636 -1.0600376625329316e-17 -0.057595968246459961
   vertex 0.039783209562301636 0.050500001758337021 -0.057595968246459961
   vertex 0.043220490217208862 -1.1516251679063342e-17 -0.055063501000404358
  endloop
 endfacet
 facet normal 0.54297582062349403 0 -0.83974833028607043
  outer loop
   vertex 0.03619794175028801 0.050500001758337021 -0.059914179146289825
   vertex 0.039783209562301636 0.050500001758337021 -0.057595968246459961
   vertex 0.039783209562301636 -1.0600376625329316e-17 -0.057595968246459961
  endloop
 endfacet
 facet normal 0.54297582062349403 0 -0.83974833028607043
  outer loop
   vertex 0.03619794175028801 -9.6450690446142744e-18 -0.059914179146289825
   vertex 0.03619794175028801 0.050500001758337021 -0.059914179146289825
   vertex 0.039783209562301636 -1.0600376625329316e-17 -0.057595968246459961
  endloop
 endfacet
 facet normal 0.49077069951352204 0 -0.87128876986852533
  outer loop
   vertex 0.032478000968694687 0.050500001758337021 -0.062009509652853012
   vertex 0.03619794175028801 0.050500001758337021 -0.059914179146289825
   vertex 0.03619794175028801 -9.6450690446142744e-18 -0.059914179146289825
  endloop
 endfacet
 facet normal 0.49077069951352204 0 -0.87128876986852533
  outer loop
   vertex 0.032478000968694687 -8.65387754174607e-18 -0.062009509652853012
   vertex 0.032478000968694687 0.050500001758337021 -0.062009509652853012
   vertex 0.03619794175028801 -9.6450690446142744e-18 -0.059914179146289825
  endloop
 endfacet
 facet normal 0.43674106434521914 0 -0.89958726242349885
  outer loop
   vertex 0.028637239709496498 0.050500001758337021 -0.06387416273355484
   vertex 0.032478000968694687 0.050500001758337021 -0.062009509652853012
   vertex 0.032478000968694687 -8.65387754174607e-18 -0.062009509652853012
  endloop
 endfacet
 facet normal 0.43674106434521914 0 -0.89958726242349885
  outer loop
   vertex 0.028637239709496498 -7.6304938237985269e-18 -0.06387416273355484
   vertex 0.028637239709496498 0.050500001758337021 -0.06387416273355484
   vertex 0.032478000968694687 -8.65387754174607e-18 -0.062009509652853012
  endloop
 endfacet
 facet normal 0.38108491034086139 0 -0.92454004300003012
  outer loop
   vertex 0.024689950048923492 0.050500001758337021 -0.065501190721988678
   vertex 0.028637239709496498 0.050500001758337021 -0.06387416273355484
   vertex 0.028637239709496498 -7.6304938237985269e-18 -0.06387416273355484
  endloop
 endfacet
 facet normal 0.38108491034086139 0 -0.92454004300003012
  outer loop
   vertex 0.024689950048923492 -6.5787241623603079e-18 -0.065501190721988678
   vertex 0.024689950048923492 0.050500001758337021 -0.065501190721988678
   vertex 0.028637239709496498 -7.6304938237985269e-18 -0.06387416273355484
  endloop
 endfacet
 facet normal 0.32401565981893199 0 -0.94605171750391226
  outer loop
   vertex 0.020650820806622505 0.050500001758337021 -0.066884562373161316
   vertex 0.024689950048923492 0.050500001758337021 -0.065501190721988678
   vertex 0.024689950048923492 -6.5787241623603079e-18 -0.065501190721988678
  endloop
 endfacet
 facet normal 0.32401565981893199 0 -0.94605171750391226
  outer loop
   vertex 0.020650820806622505 -5.5024840168609326e-18 -0.066884562373161316
   vertex 0.020650820806622505 0.050500001758337021 -0.066884562373161316
   vertex 0.024689950048923492 -6.5787241623603079e-18 -0.065501190721988678
  endloop
 endfacet
 facet normal 0.26573299342291179 0 -0.96404666702732733
  outer loop
   vertex 0.01653485931456089 0.050500001758337021 -0.068019099533557892
   vertex 0.020650820806622505 0.050500001758337021 -0.066884562373161316
   vertex 0.020650820806622505 -5.5024840168609326e-18 -0.066884562373161316
  endloop
 endfacet
 facet normal 0.26573299342291179 0 -0.96404666702732733
  outer loop
   vertex 0.01653485931456089 -4.4057715647911762e-18 -0.068019099533557892
   vertex 0.01653485931456089 0.050500001758337021 -0.068019099533557892
   vertex 0.020650820806622505 -5.5024840168609326e-18 -0.066884562373161316
  endloop
 endfacet
 facet normal 0.20647148466472393 0 -0.97845261817849138
  outer loop
   vertex 0.012357389554381371 0.050500001758337021 -0.068900622427463531
   vertex 0.01653485931456089 0.050500001758337021 -0.068019099533557892
   vertex 0.01653485931456089 -4.4057715647911762e-18 -0.068019099533557892
  endloop
 endfacet
 facet normal 0.20647148466472393 0 -0.97845261817849138
  outer loop
   vertex 0.012357389554381371 -3.2926699764497535e-18 -0.068900622427463531
   vertex 0.012357389554381371 0.050500001758337021 -0.068900622427463531
   vertex 0.01653485931456089 -4.4057715647911762e-18 -0.068019099533557892
  endloop
 endfacet
 facet normal 0.14643191030261113 0 -0.98922075172588653
  outer loop
   vertex 0.0081339478492736816 0.050500001758337021 -0.069525808095932007
   vertex 0.012357389554381371 0.050500001758337021 -0.068900622427463531
   vertex 0.012357389554381371 -3.2926699764497535e-18 -0.068900622427463531
  endloop
 endfacet
 facet normal 0.14643191030261113 0 -0.98922075172588653
  outer loop
   vertex 0.0081339478492736816 -2.1673190840073393e-18 -0.069525808095932007
   vertex 0.0081339478492736816 0.050500001758337021 -0.069525808095932007
   vertex 0.012357389554381371 -3.2926699764497535e-18 -0.068900622427463531
  endloop
 endfacet
 facet normal 0.085856454844890254 0 -0.99630751736673528
  outer loop
   vertex 0.0038802479393780231 0.050500001758337021 -0.069892369210720062
   vertex 0.0081339478492736816 0.050500001758337021 -0.069525808095932007
   vertex 0.0081339478492736816 -2.1673190840073393e-18 -0.069525808095932007
  endloop
 endfacet
 facet normal 0.085856454844890254 0 -0.99630751736673528
  outer loop
   vertex 0.0038802479393780231 -1.0339057655319473e-18 -0.069892369210720062
   vertex 0.0038802479393780231 0.050500001758337021 -0.069892369210720062
   vertex 0.0081339478492736816 -2.1673190840073393e-18 -0.069525808095932007
  endloop
 endfacet
 facet normal 0.024958217459875792 0 -0.99968849517298408
  outer loop
   vertex -0.00038788581150583923 0.050500001758337021 -0.069998927414417267
   vertex 0.0038802479393780231 0.050500001758337021 -0.069892369210720062
   vertex 0.0038802479393780231 -1.0339057655319473e-18 -0.069892369210720062
  endloop
 endfacet
 facet normal 0.024958217459875792 0 -0.99968849517298408
  outer loop
   vertex -0.00038788581150583923 1.0335354212620708e-19 -0.069998927414417267
   vertex -0.00038788581150583923 0.050500001758337021 -0.069998927414417267
   vertex 0.0038802479393780231 -1.0339057655319473e-18 -0.069892369210720062
  endloop
 endfacet
 facet normal -0.036034274953654293 -0 -0.9993505546246344
  outer loop
   vertex -0.0046545770019292831 0.050500001758337021 -0.069845080375671387
   vertex -0.00038788581150583923 0.050500001758337021 -0.069998927414417267
   vertex -0.00038788581150583923 1.0335354212620708e-19 -0.069998927414417267
  endloop
 endfacet
 facet normal -0.036034274953654293 -0 -0.9993505546246344
  outer loop
   vertex -0.0046545770019292831 1.2402284951428599e-18 -0.069845080375671387
   vertex -0.0046545770019292831 0.050500001758337021 -0.069845080375671387
   vertex -0.00038788581150583923 1.0335354212620708e-19 -0.069998927414417267
  endloop
 endfacet
 facet normal -0.096892378759039124 -0 -0.99529486431831593
  outer loop
   vertex -0.0089039532467722893 0.050500001758337021 -0.069431401789188385
   vertex -0.0046545770019292831 0.050500001758337021 -0.069845080375671387
   vertex -0.0046545770019292831 1.2402284951428599e-18 -0.069845080375671387
  endloop
 endfacet
 facet normal -0.096892378759039124 -0 -0.99529486431831593
  outer loop
   vertex -0.0089039532467722893 2.3724896544225421e-18 -0.069431401789188385
   vertex -0.0089039532467722893 0.050500001758337021 -0.069431401789188385
   vertex -0.0046545770019292831 1.2402284951428599e-18 -0.069845080375671387
  endloop
 endfacet
 facet normal -0.15738741702743392 -0 -0.98753693650487451
  outer loop
   vertex -0.01312020979821682 0.050500001758337021 -0.068759441375732422
   vertex -0.0089039532467722893 0.050500001758337021 -0.069431401789188385
   vertex -0.0089039532467722893 2.3724896544225421e-18 -0.069431401789188385
  endloop
 endfacet
 facet normal -0.15738741702743392 -0 -0.98753693650487451
  outer loop
   vertex -0.01312020979821682 3.4959262441323554e-18 -0.068759441375732422
   vertex -0.01312020979821682 0.050500001758337021 -0.068759441375732422
   vertex -0.0089039532467722893 2.3724896544225421e-18 -0.069431401789188385
  endloop
 endfacet
 facet normal -0.21730174535152236 -0 -0.97610447774159004
  outer loop
   vertex -0.017287649214267731 0.050500001758337021 -0.067831680178642273
   vertex -0.01312020979821682 0.050500001758337021 -0.068759441375732422
   vertex -0.01312020979821682 3.4959262441323554e-18 -0.068759441375732422
  endloop
 endfacet
 facet normal -0.21730174535152236 -0 -0.97610447774159004
  outer loop
   vertex -0.017287649214267731 4.6063550051194662e-18 -0.067831680178642273
   vertex -0.017287649214267731 0.050500001758337021 -0.067831680178642273
   vertex -0.01312020979821682 3.4959262441323554e-18 -0.068759441375732422
  endloop
 endfacet
 facet normal -0.27640254322042396 -0 -0.96104195231076239
  outer loop
   vertex -0.021390780806541443 0.050500001758337021 -0.066651590168476105
   vertex -0.017287649214267731 0.050500001758337021 -0.067831680178642273
   vertex -0.017287649214267731 4.6063550051194662e-18 -0.067831680178642273
  endloop
 endfacet
 facet normal -0.27640254322042396 -0 -0.96104195231076239
  outer loop
   vertex -0.021390780806541443 5.6996491333078472e-18 -0.066651590168476105
   vertex -0.021390780806541443 0.050500001758337021 -0.066651590168476105
   vertex -0.017287649214267731 4.6063550051194662e-18 -0.067831680178642273
  endloop
 endfacet
 facet normal -0.33447709140764659 -0 -0.9424038812120209
  outer loop
   vertex -0.025414340198040009 0.050500001758337021 -0.065223552286624908
   vertex -0.021390780806541443 0.050500001758337021 -0.066651590168476105
   vertex -0.021390780806541443 5.6996491333078472e-18 -0.066651590168476105
  endloop
 endfacet
 facet normal -0.33447709140764659 -0 -0.9424038812120209
  outer loop
   vertex -0.025414340198040009 6.7717405544449628e-18 -0.065223552286624908
   vertex -0.025414340198040009 0.050500001758337021 -0.065223552286624908
   vertex -0.021390780806541443 5.6996491333078472e-18 -0.066651590168476105
  endloop
 endfacet
 facet normal -0.39130884177312769 -0 -0.92025941470336148
  outer loop
   vertex -0.029343359172344208 0.050500001758337021 -0.063552871346473694
   vertex -0.025414340198040009 0.050500001758337021 -0.065223552286624908
   vertex -0.025414340198040009 6.7717405544449628e-18 -0.065223552286624908
  endloop
 endfacet
 facet normal -0.39130884177312769 -0 -0.92025941470336148
  outer loop
   vertex -0.029343359172344208 7.818641844388001e-18 -0.063552871346473694
   vertex -0.029343359172344208 0.050500001758337021 -0.063552871346473694
   vertex -0.025414340198040009 6.7717405544449628e-18 -0.065223552286624908
  endloop
 endfacet
 facet normal -0.44668475590657658 -0 -0.89469141542806929
  outer loop
   vertex -0.033163208514451981 0.050500001758337021 -0.061645768582820892
   vertex -0.029343359172344208 0.050500001758337021 -0.063552871346473694
   vertex -0.029343359172344208 7.818641844388001e-18 -0.063552871346473694
  endloop
 endfacet
 facet normal -0.44668475590657658 -0 -0.89469141542806929
  outer loop
   vertex -0.033163208514451981 8.8364536737293868e-18 -0.061645768582820892
   vertex -0.033163208514451981 0.050500001758337021 -0.061645768582820892
   vertex -0.029343359172344208 7.818641844388001e-18 -0.063552871346473694
  endloop
 endfacet
 facet normal -0.50039470336912484 -0 -0.86579740172867548
  outer loop
   vertex -0.036859698593616486 0.050500001758337021 -0.059509351849555969
   vertex -0.033163208514451981 0.050500001758337021 -0.061645768582820892
   vertex -0.033163208514451981 8.8364536737293868e-18 -0.061645768582820892
  endloop
 endfacet
 facet normal -0.50039470336912484 -0 -0.86579740172867548
  outer loop
   vertex -0.036859698593616486 9.8213966542503656e-18 -0.059509351849555969
   vertex -0.036859698593616486 0.050500001758337021 -0.059509351849555969
   vertex -0.033163208514451981 8.8364536737293868e-18 -0.061645768582820892
  endloop
 endfacet
 facet normal -0.5522484961338624 -0 -0.83367955385620884
  outer loop
   vertex -0.040419060736894608 0.050500001758337021 -0.057151548564434052
   vertex -0.036859698593616486 0.050500001758337021 -0.059509351849555969
   vertex -0.036859698593616486 9.8213966542503656e-18 -0.059509351849555969
  endloop
 endfacet
 facet normal -0.5522484961338624 -0 -0.83367955385620884
  outer loop
   vertex -0.040419060736894608 1.0769801412753652e-17 -0.057151548564434052
   vertex -0.040419060736894608 0.050500001758337021 -0.057151548564434052
   vertex -0.036859698593616486 9.8213966542503656e-18 -0.059509351849555969
  endloop
 endfacet
 facet normal -0.60204453222351972 -0 -0.79846251084178232
  outer loop
   vertex -0.043828070163726807 0.050500001758337021 -0.054581139236688614
   vertex -0.040419060736894608 0.050500001758337021 -0.057151548564434052
   vertex -0.040419060736894608 1.0769801412753652e-17 -0.057151548564434052
  endloop
 endfacet
 facet normal -0.60204453222351972 -0 -0.79846251084178232
  outer loop
   vertex -0.043828070163726807 1.167814415982977e-17 -0.054581139236688614
   vertex -0.043828070163726807 0.050500001758337021 -0.054581139236688614
   vertex -0.040419060736894608 1.0769801412753652e-17 -0.057151548564434052
  endloop
 endfacet
 facet normal -0.64960343785944374 -0 -0.76027322294106325
  outer loop
   vertex -0.047074031084775925 0.050500001758337021 -0.051807679235935211
   vertex -0.043828070163726807 0.050500001758337021 -0.054581139236688614
   vertex -0.043828070163726807 1.167814415982977e-17 -0.054581139236688614
  endloop
 endfacet
 facet normal -0.64960343785944374 -0 -0.76027322294106325
  outer loop
   vertex -0.047074031084775925 1.2543041726773378e-17 -0.051807679235935211
   vertex -0.047074031084775925 0.050500001758337021 -0.051807679235935211
   vertex -0.043828070163726807 1.167814415982977e-17 -0.054581139236688614
  endloop
 endfacet
 facet normal -0.69474392334428037 -0 -0.71925717304466041
  outer loop
   vertex -0.050144869834184647 0.050500001758337021 -0.048841498792171478
   vertex -0.047074031084775925 0.050500001758337021 -0.051807679235935211
   vertex -0.047074031084775925 1.2543041726773378e-17 -0.051807679235935211
  endloop
 endfacet
 facet normal -0.69474392334428037 -0 -0.71925717304466041
  outer loop
   vertex -0.050144869834184647 1.3361277208182258e-17 -0.048841498792171478
   vertex -0.050144869834184647 0.050500001758337021 -0.048841498792171478
   vertex -0.047074031084775925 1.2543041726773378e-17 -0.051807679235935211
  endloop
 endfacet
 facet normal -0.7373006640104437 -0 -0.67556474956125323
  outer loop
   vertex -0.053029168397188187 0.050500001758337021 -0.045693621039390564
   vertex -0.050144869834184647 0.050500001758337021 -0.048841498792171478
   vertex -0.050144869834184647 1.3361277208182258e-17 -0.048841498792171478
  endloop
 endfacet
 facet normal -0.7373006640104437 -0 -0.67556474956125323
  outer loop
   vertex -0.053029168397188187 1.4129808233763438e-17 -0.045693621039390564
   vertex -0.053029168397188187 0.050500001758337021 -0.045693621039390564
   vertex -0.050144869834184647 1.3361277208182258e-17 -0.048841498792171478
  endloop
 endfacet
 facet normal -0.77711377294084172 -0 -0.62936013847847883
  outer loop
   vertex -0.055716201663017273 0.050500001758337021 -0.042375758290290833
   vertex -0.053029168397188187 0.050500001758337021 -0.045693621039390564
   vertex -0.053029168397188187 1.4129808233763438e-17 -0.045693621039390564
  endloop
 endfacet
 facet normal -0.77711377294084172 -0 -0.62936013847847883
  outer loop
   vertex -0.055716201663017273 1.4845777721681161e-17 -0.042375758290290833
   vertex -0.055716201663017273 0.050500001758337021 -0.042375758290290833
   vertex -0.053029168397188187 1.4129808233763438e-17 -0.045693621039390564
  endloop
 endfacet
 facet normal -0.81403698179304629 -0 -0.58081304416590684
  outer loop
   vertex -0.058195959776639938 0.050500001758337021 -0.038900259882211685
   vertex -0.055716201663017273 0.050500001758337021 -0.042375758290290833
   vertex -0.055716201663017273 1.4845777721681161e-17 -0.042375758290290833
  endloop
 endfacet
 facet normal -0.81403698179304629 -0 -0.58081304416590684
  outer loop
   vertex -0.058195959776639938 1.5506518014459944e-17 -0.038900259882211685
   vertex -0.058195959776639938 0.050500001758337021 -0.038900259882211685
   vertex -0.055716201663017273 1.4845777721681161e-17 -0.042375758290290833
  endloop
 endfacet
 facet normal -0.84793158216634179 -0 -0.53010567999681379
  outer loop
   vertex -0.060459230095148087 0.050500001758337021 -0.035280041396617889
   vertex -0.058195959776639938 0.050500001758337021 -0.038900259882211685
   vertex -0.058195959776639938 1.5506518014459944e-17 -0.038900259882211685
  endloop
 endfacet
 facet normal -0.84793158216634179 -0 -0.53010567999681379
  outer loop
   vertex -0.060459230095148087 1.6109575694402954e-17 -0.035280041396617889
   vertex -0.060459230095148087 0.050500001758337021 -0.035280041396617889
   vertex -0.058195959776639938 1.5506518014459944e-17 -0.038900259882211685
  endloop
 endfacet
 facet normal -0.8786710373226333 -0 -0.47742769941674684
  outer loop
   vertex -0.062497589737176895 0.050500001758337021 -0.031528588384389877
   vertex -0.060459230095148087 0.050500001758337021 -0.035280041396617889
   vertex -0.060459230095148087 1.6109575694402954e-17 -0.035280041396617889
  endloop
 endfacet
 facet normal -0.8786710373226333 -0 -0.47742769941674684
  outer loop
   vertex -0.062497589737176895 1.6652702484605272e-17 -0.031528588384389877
   vertex -0.062497589737176895 0.050500001758337021 -0.031528588384389877
   vertex -0.060459230095148087 1.6109575694402954e-17 -0.035280041396617889
  endloop
 endfacet
 facet normal -0.9061431900673077 -0 -0.42297106176976595
  outer loop
   vertex -0.064303450286388397 0.050500001758337021 -0.027659840881824493
   vertex -0.062497589737176895 0.050500001758337021 -0.031528588384389877
   vertex -0.062497589737176895 1.6652702484605272e-17 -0.031528588384389877
  endloop
 endfacet
 facet normal -0.9061431900673077 -0 -0.42297106176976595
  outer loop
   vertex -0.064303450286388397 1.7133881718733494e-17 -0.027659840881824493
   vertex -0.064303450286388397 0.050500001758337021 -0.027659840881824493
   vertex -0.062497589737176895 1.6652702484605272e-17 -0.031528588384389877
  endloop
 endfacet
 facet normal -0.93024411352166803 -0 -0.3669412613188735
  outer loop
   vertex -0.065870091319084167 0.050500001758337021 -0.023688200861215591
   vertex -0.064303450286388397 0.050500001758337021 -0.027659840881824493
   vertex -0.064303450286388397 1.7133881718733494e-17 -0.027659840881824493
  endloop
 endfacet
 facet normal -0.93024411352166803 -0 -0.36694126131887356
  outer loop
   vertex -0.065870091319084167 1.7551318414858379e-17 -0.023688200861215591
   vertex -0.065870091319084167 0.050500001758337021 -0.023688200861215591
   vertex -0.064303450286388397 1.7133881718733494e-17 -0.027659840881824493
  endloop
 endfacet
 facet normal -0.95088360454237475 -0 -0.30954865629251316
  outer loop
   vertex -0.067191697657108307 0.050500001758337021 -0.019628439098596573
   vertex -0.065870091319084167 0.050500001758337021 -0.023688200861215591
   vertex -0.065870091319084167 1.7551318414858379e-17 -0.023688200861215591
  endloop
 endfacet
 facet normal -0.95088360454237475 -0 -0.30954865629251316
  outer loop
   vertex -0.067191697657108307 1.7903464090873229e-17 -0.019628439098596573
   vertex -0.067191697657108307 0.050500001758337021 -0.019628439098596573
   vertex -0.065870091319084167 1.7551318414858379e-17 -0.023688200861215591
  endloop
 endfacet
 facet normal -0.9679860692866098 -0 -0.25100392360889223
  outer loop
   vertex -0.068263351917266846 0.050500001758337021 -0.015495649538934231
   vertex -0.067191697657108307 0.050500001758337021 -0.019628439098596573
   vertex -0.067191697657108307 1.7903464090873229e-17 -0.019628439098596573
  endloop
 endfacet
 facet normal -0.9679860692866098 -0 -0.25100392360889223
  outer loop
   vertex -0.068263351917266846 1.8189010147048984e-17 -0.015495649538934231
   vertex -0.068263351917266846 0.050500001758337021 -0.015495649538934231
   vertex -0.067191697657108307 1.7903464090873229e-17 -0.019628439098596573
  endloop
 endfacet
 facet normal -0.98148802380643074 -0 -0.19152352107390652
  outer loop
   vertex -0.069081053137779236 0.050500001758337021 -0.011305229738354683
   vertex -0.068263351917266846 0.050500001758337021 -0.015495649538934231
   vertex -0.068263351917266846 1.8189010147048984e-17 -0.015495649538934231
  endloop
 endfacet
 facet normal -0.98148802380643074 -0 -0.19152352107390652
  outer loop
   vertex -0.069081053137779236 1.8406889520395452e-17 -0.011305229738354683
   vertex -0.069081053137779236 0.050500001758337021 -0.011305229738354683
   vertex -0.068263351917266846 1.8189010147048984e-17 -0.015495649538934231
  endloop
 endfacet
 facet normal -0.99133849765645199 -0 -0.13133157679799931
  outer loop
   vertex -0.069641768932342529 0.050500001758337021 -0.0070727430284023285
   vertex -0.069081053137779236 0.050500001758337021 -0.011305229738354683
   vertex -0.069081053137779236 1.8406889520395452e-17 -0.011305229738354683
  endloop
 endfacet
 facet normal -0.99133849765645199 -0 -0.13133157679799931
  outer loop
   vertex -0.069641768932342529 1.855629488263478e-17 -0.0070727430284023285
   vertex -0.069641768932342529 0.050500001758337021 -0.0070727430284023285
   vertex -0.069081053137779236 1.8406889520395452e-17 -0.011305229738354683
  endloop
 endfacet
 facet normal -0.99750093471588652 -0 -0.070653274806852892
  outer loop
   vertex -0.069943420588970184 0.050500001758337021 -0.0028139480855315924
   vertex -0.069641768932342529 0.050500001758337021 -0.0070727430284023285
   vertex -0.069641768932342529 1.855629488263478e-17 -0.0070727430284023285
  endloop
 endfacet
 facet normal -0.99750093471588652 -0 -0.070653274806852892
  outer loop
   vertex -0.069943420588970184 1.8636670368395332e-17 -0.0028139480855315924
   vertex -0.069943420588970184 0.050500001758337021 -0.0028139480855315924
   vertex -0.069641768932342529 1.855629488263478e-17 -0.0070727430284023285
  endloop
 endfacet
 facet normal -0.99995287709796521 -0 -0.0097079134473705177
  outer loop
   vertex -0.069984868168830872 0.050500001758337021 0.0014553139917552471
   vertex -0.069943420588970184 0.050500001758337021 -0.0028139480855315924
   vertex -0.069943420588970184 1.8636670368395332e-17 -0.0028139480855315924
  endloop
 endfacet
 facet normal -0.99995287709796521 -0 -0.0097079134473705177
  outer loop
   vertex -0.069984868168830872 1.864771488393414e-17 0.0014553139917552471
   vertex -0.069984868168830872 0.050500001758337021 0.0014553139917552471
   vertex -0.069943420588970184 1.8636670368395332e-17 -0.0028139480855315924
  endloop
 endfacet
 facet normal -0.99868479711295299 0 0.051270615516686852
  outer loop
   vertex -0.06976597011089325 0.050500001758337021 0.0057191629894077778
   vertex -0.069984868168830872 0.050500001758337021 0.0014553139917552471
   vertex -0.069984868168830872 1.864771488393414e-17 0.0014553139917552471
  endloop
 endfacet
 facet normal -0.99868479711295299 0 0.051270615516686852
  outer loop
   vertex -0.06976597011089325 1.8589388724581801e-17 0.0057191629894077778
   vertex -0.06976597011089325 0.050500001758337021 0.0057191629894077778
   vertex -0.069984868168830872 1.864771488393414e-17 0.0014553139917552471
  endloop
 endfacet
 facet normal -0.99370156358687323 0 0.11205892434341573
  outer loop
   vertex -0.069287538528442383 0.050500001758337021 0.0099617363885045052
   vertex -0.06976597011089325 0.050500001758337021 0.0057191629894077778
   vertex -0.06976597011089325 1.8589388724581801e-17 0.0057191629894077778
  endloop
 endfacet
 facet normal -0.99370156358687323 0 0.11205892434341573
  outer loop
   vertex -0.069287538528442383 1.8461908611658804e-17 0.0099617363885045052
   vertex -0.069287538528442383 0.050500001758337021 0.0099617363885045052
   vertex -0.06976597011089325 1.8589388724581801e-17 0.0057191629894077778
  endloop
 endfacet
 facet normal -0.98502203209661421 0 0.17242852514667217
  outer loop
   vertex -0.068551361560821533 0.050500001758337021 0.014167250134050846
   vertex -0.069287538528442383 0.050500001758337021 0.0099617363885045052
   vertex -0.069287538528442383 1.8461908611658804e-17 0.0099617363885045052
  endloop
 endfacet
 facet normal -0.98502203209661421 0 0.17242852514667217
  outer loop
   vertex -0.068551361560821533 1.8265752655559204e-17 0.014167250134050846
   vertex -0.068551361560821533 0.050500001758337021 0.014167250134050846
   vertex -0.069287538528442383 1.8461908611658804e-17 0.0099617363885045052
  endloop
 endfacet
 facet normal -0.97267735734835792 0 0.23216106155385915
  outer loop
   vertex -0.067560158669948578 0.050500001758337021 0.018320059403777122
   vertex -0.068551361560821533 0.050500001758337021 0.014167250134050846
   vertex -0.068551361560821533 1.8265752655559204e-17 0.014167250134050846
  endloop
 endfacet
 facet normal -0.97267735734835792 0 0.23216106155385915
  outer loop
   vertex -0.067560158669948578 1.8001642157777148e-17 0.018320059403777122
   vertex -0.067560158669948578 0.050500001758337021 0.018320059403777122
   vertex -0.068551361560821533 1.8265752655559204e-17 0.014167250134050846
  endloop
 endfacet
 facet normal -0.95671506680949836 0 0.29102625472575017
  outer loop
   vertex -0.066317632794380188 0.050500001758337021 0.022404719144105911
   vertex -0.067560158669948578 0.050500001758337021 0.018320059403777122
   vertex -0.067560158669948578 1.8001642157777148e-17 0.018320059403777122
  endloop
 endfacet
 facet normal -0.95671506680949836 0 0.29102625472575017
  outer loop
   vertex -0.066317632794380188 1.7670566426325249e-17 0.022404719144105911
   vertex -0.066317632794380188 0.050500001758337021 0.022404719144105911
   vertex -0.067560158669948578 1.8001642157777148e-17 0.018320059403777122
  endloop
 endfacet
 facet normal -0.93719384712043474 0 0.34880896335902711
  outer loop
   vertex -0.064828403294086456 0.050500001758337021 0.026406040415167809
   vertex -0.066317632794380188 0.050500001758337021 0.022404719144105911
   vertex -0.066317632794380188 1.7670566426325249e-17 0.022404719144105911
  endloop
 endfacet
 facet normal -0.93719384712043474 0 0.34880896335902706
  outer loop
   vertex -0.064828403294086456 1.7273756305954985e-17 0.026406040415167809
   vertex -0.064828403294086456 0.050500001758337021 0.026406040415167809
   vertex -0.066317632794380188 1.7670566426325249e-17 0.022404719144105911
  endloop
 endfacet
 facet normal -0.91418471826937953 0 0.40529779284217077
  outer loop
   vertex -0.0630979984998703 0.050500001758337021 0.030309120193123817
   vertex -0.064828403294086456 0.050500001758337021 0.026406040415167809
   vertex -0.064828403294086456 1.7273756305954985e-17 0.026406040415167809
  endloop
 endfacet
 facet normal -0.91418471826937953 0 0.40529779284217077
  outer loop
   vertex -0.0630979984998703 1.6812684178156703e-17 0.030309120193123817
   vertex -0.0630979984998703 0.050500001758337021 0.030309120193123817
   vertex -0.064828403294086456 1.7273756305954985e-17 0.026406040415167809
  endloop
 endfacet
 facet normal -0.88777593753960893 0 0.46027587893096078
  outer loop
   vertex -0.061132870614528656 0.050500001758337021 0.034099441021680832
   vertex -0.0630979984998703 0.050500001758337021 0.030309120193123817
   vertex -0.0630979984998703 1.6812684178156703e-17 0.030309120193123817
  endloop
 endfacet
 facet normal -0.88777593753960893 0 0.46027587893096078
  outer loop
   vertex -0.061132870614528656 1.6289068924243286e-17 0.034099441021680832
   vertex -0.061132870614528656 0.050500001758337021 0.034099441021680832
   vertex -0.0630979984998703 1.6812684178156703e-17 0.030309120193123817
  endloop
 endfacet
 facet normal -0.85806473133787875 0 0.51354154343544001
  outer loop
   vertex -0.058940321207046509 0.050500001758337021 0.037762921303510666
   vertex -0.061132870614528656 0.050500001758337021 0.034099441021680832
   vertex -0.061132870614528656 1.6289068924243286e-17 0.034099441021680832
  endloop
 endfacet
 facet normal -0.85806473133787875 0 0.51354154343544001
  outer loop
   vertex -0.058940321207046509 1.5704856073015459e-17 0.037762921303510666
   vertex -0.058940321207046509 0.050500001758337021 0.037762921303510666
   vertex -0.061132870614528656 1.6289068924243286e-17 0.034099441021680832
  endloop
 endfacet
 facet normal -0.82516227830529953 0 0.56489575539386672
  outer loop
   vertex -0.056528519839048386 0.050500001758337021 0.041285920888185501
   vertex -0.058940321207046509 0.050500001758337021 0.037762921303510666
   vertex -0.058940321207046509 1.5704856073015459e-17 0.037762921303510666
  endloop
 endfacet
 facet normal -0.82516227830529953 0 0.56489575539386672
  outer loop
   vertex -0.056528519839048386 1.5062222763845462e-17 0.041285920888185501
   vertex -0.056528519839048386 0.050500001758337021 0.041285920888185501
   vertex -0.058940321207046509 1.5704856073015459e-17 0.037762921303510666
  endloop
 endfacet
 facet normal -0.78918765435907112 0 0.61415213604385299
  outer loop
   vertex -0.05390641838312149 0.050500001758337021 0.04465533047914505
   vertex -0.056528519839048386 0.050500001758337021 0.041285920888185501
   vertex -0.056528519839048386 1.5062222763845462e-17 0.041285920888185501
  endloop
 endfacet
 facet normal -0.78918765435907112 0 0.61415213604385299
  outer loop
   vertex -0.05390641838312149 1.4363554585619898e-17 0.04465533047914505
   vertex -0.05390641838312149 0.050500001758337021 0.04465533047914505
   vertex -0.056528519839048386 1.5062222763845462e-17 0.041285920888185501
  endloop
 endfacet
 facet normal -0.75027840787939992 0 0.66112200891359896
  outer loop
   vertex -0.051083780825138092 0.050500001758337021 0.047858618199825287
   vertex -0.05390641838312149 0.050500001758337021 0.04465533047914505
   vertex -0.05390641838312149 1.4363554585619898e-17 0.04465533047914505
  endloop
 endfacet
 facet normal -0.75027840787939992 0 0.66112200891359896
  outer loop
   vertex -0.051083780825138092 1.3611453848545858e-17 0.047858618199825287
   vertex -0.051083780825138092 0.050500001758337021 0.047858618199825287
   vertex -0.05390641838312149 1.4363554585619898e-17 0.04465533047914505
  endloop
 endfacet
 facet normal -0.70857853407129812 0 0.70563195863946682
  outer loop
   vertex -0.048071108758449554 0.050500001758337021 0.05088387057185173
   vertex -0.051083780825138092 0.050500001758337021 0.047858618199825287
   vertex -0.051083780825138092 1.3611453848545858e-17 0.047858618199825287
  endloop
 endfacet
 facet normal -0.70857853407129812 0 0.70563195863946682
  outer loop
   vertex -0.048071108758449554 1.2808716423093772e-17 0.05088387057185173
   vertex -0.048071108758449554 0.050500001758337021 0.05088387057185173
   vertex -0.051083780825138092 1.3611453848545858e-17 0.047858618199825287
  endloop
 endfacet
 facet normal -0.66424338301364205 0 0.74751637314683084
  outer loop
   vertex -0.044879619032144547 0.050500001758337021 0.053719829767942429
   vertex -0.048071108758449554 0.050500001758337021 0.05088387057185173
   vertex -0.048071108758449554 1.2808716423093772e-17 0.05088387057185173
  endloop
 endfacet
 facet normal -0.66424338301364205 0 0.74751637314683084
  outer loop
   vertex -0.044879619032144547 1.195833256717802e-17 0.053719829767942429
   vertex -0.044879619032144547 0.050500001758337021 0.053719829767942429
   vertex -0.048071108758449554 1.2808716423093772e-17 0.05088387057185173
  endloop
 endfacet
 facet normal -0.61743593472347635 0 0.78662117090258066
  outer loop
   vertex -0.041521169245243073 0.050500001758337021 0.056355949491262436
   vertex -0.044879619032144547 0.050500001758337021 0.053719829767942429
   vertex -0.044879619032144547 1.195833256717802e-17 0.053719829767942429
  endloop
 endfacet
 facet normal -0.61743593472347635 0 0.78662117090258066
  outer loop
   vertex -0.041521169245243073 1.1063462110738553e-17 0.056355949491262436
   vertex -0.041521169245243073 0.050500001758337021 0.056355949491262436
   vertex -0.044879619032144547 1.195833256717802e-17 0.053719829767942429
  endloop
 endfacet
 facet normal -0.56833102159484705 0 0.82280000601176317
  outer loop
   vertex -0.038008250296115875 0.050500001758337021 0.058782421052455902
   vertex -0.041521169245243073 0.050500001758337021 0.056355949491262436
   vertex -0.041521169245243073 1.1063462110738553e-17 0.056355949491262436
  endloop
 endfacet
 facet normal -0.56833102159484694 0 0.82280000601176317
  outer loop
   vertex -0.038008250296115875 1.0127431974199059e-17 0.058782421052455902
   vertex -0.038008250296115875 0.050500001758337021 0.058782421052455902
   vertex -0.041521169245243073 1.1063462110738553e-17 0.056355949491262436
  endloop
 endfacet
 facet normal -0.51711457456220855 0 0.8559161856019234
  outer loop
   vertex -0.034353949129581451 0.050500001758337021 0.060990221798419952
   vertex -0.038008250296115875 0.050500001758337021 0.058782421052455902
   vertex -0.038008250296115875 1.0127431974199059e-17 0.058782421052455902
  endloop
 endfacet
 facet normal -0.51711457456220855 0 0.8559161856019234
  outer loop
   vertex -0.034353949129581451 9.1537312053832889e-18 0.060990221798419952
   vertex -0.034353949129581451 0.050500001758337021 0.060990221798419952
   vertex -0.038008250296115875 1.0127431974199059e-17 0.058782421052455902
  endloop
 endfacet
 facet normal -0.46396956495143682 0 0.88585114031578371
  outer loop
   vertex -0.030571840703487396 0.050500001758337021 0.062971122562885284
   vertex -0.034353949129581451 0.050500001758337021 0.060990221798419952
   vertex -0.034353949129581451 9.1537312053832889e-18 0.060990221798419952
  endloop
 endfacet
 facet normal -0.46396956495143682 0 0.88585114031578371
  outer loop
   vertex -0.030571840703487396 8.1459745835680976e-18 0.062971122562885284
   vertex -0.030571840703487396 0.050500001758337021 0.062971122562885284
   vertex -0.034353949129581451 9.1537312053832889e-18 0.060990221798419952
  endloop
 endfacet
 facet normal -0.40910423119785289 0 0.91248765910340612
  outer loop
   vertex -0.026676010340452194 0.050500001758337021 0.064717777073383331
   vertex -0.030571840703487396 0.050500001758337021 0.062971122562885284
   vertex -0.030571840703487396 8.1459745835680976e-18 0.062971122562885284
  endloop
 endfacet
 facet normal -0.40910423119785289 0 0.91248765910340612
  outer loop
   vertex -0.026676010340452194 7.1079166815538638e-18 0.064717777073383331
   vertex -0.026676010340452194 0.050500001758337021 0.064717777073383331
   vertex -0.030571840703487396 8.1459745835680976e-18 0.062971122562885284
  endloop
 endfacet
 facet normal -0.35271488212161545 0 0.93573084374190374
  outer loop
   vertex -0.022680940106511116 0.050500001758337021 0.066223680973052979
   vertex -0.026676010340452194 0.050500001758337021 0.064717777073383331
   vertex -0.026676010340452194 7.1079166815538638e-18 0.064717777073383331
  endloop
 endfacet
 facet normal -0.35271488212161545 0 0.93573084374190374
  outer loop
   vertex -0.022680940106511116 6.0434162968981474e-18 0.066223680973052979
   vertex -0.022680940106511116 0.050500001758337021 0.066223680973052979
   vertex -0.026676010340452194 7.1079166815538638e-18 0.064717777073383331
  endloop
 endfacet
 facet normal -0.29501007801069878 0 0.95549414120240495
  outer loop
   vertex -0.018601490184664726 0.050500001758337021 0.067483216524124146
   vertex -0.022680940106511116 0.050500001758337021 0.066223680973052979
   vertex -0.022680940106511116 6.0434162968981474e-18 0.066223680973052979
  endloop
 endfacet
 facet normal -0.29501007801069878 0 0.95549414120240495
  outer loop
   vertex -0.018601490184664726 4.9564327296029334e-18 0.067483216524124146
   vertex -0.018601490184664726 0.050500001758337021 0.067483216524124146
   vertex -0.022680940106511116 6.0434162968981474e-18 0.066223680973052979
  endloop
 endfacet
 facet normal -0.23621326715398366 0 0.97170123619373916
  outer loop
   vertex -0.014452850446105003 0.050500001758337021 0.068491719663143158
   vertex -0.018601490184664726 0.050500001758337021 0.067483216524124146
   vertex -0.018601490184664726 4.9564327296029334e-18 0.067483216524124146
  endloop
 endfacet
 facet normal -0.23621326715398366 0 0.97170123619373916
  outer loop
   vertex -0.014452850446105003 3.8510129608151376e-18 0.068491719663143158
   vertex -0.014452850446105003 0.050500001758337021 0.068491719663143158
   vertex -0.018601490184664726 4.9564327296029334e-18 0.067483216524124146
  endloop
 endfacet
 facet normal -0.17653288634364944 0 0.98429474246242932
  outer loop
   vertex -0.010250439867377281 0.050500001758337021 0.069245420396327972
   vertex -0.014452850446105003 0.050500001758337021 0.068491719663143158
   vertex -0.014452850446105003 3.8510129608151376e-18 0.068491719663143158
  endloop
 endfacet
 facet normal -0.17653288634364947 0 0.98429474246242932
  outer loop
   vertex -0.010250439867377281 2.7312658034324638e-18 0.069245420396327972
   vertex -0.010250439867377281 0.050500001758337021 0.069245420396327972
   vertex -0.014452850446105003 3.8510129608151376e-18 0.068491719663143158
  endloop
 endfacet
 facet normal -0.11619988930646474 0 0.99322584829693461
  outer loop
   vertex -0.0060098930262029171 0.050500001758337021 0.069741532206535339
   vertex -0.010250439867377281 0.050500001758337021 0.069245420396327972
   vertex -0.010250439867377281 2.7312658034324638e-18 0.069245420396327972
  endloop
 endfacet
 facet normal -0.11619988930646474 0 0.99322584829693461
  outer loop
   vertex -0.0060098930262029171 1.6013571458148824e-18 0.069741532206535339
   vertex -0.0060098930262029171 0.050500001758337021 0.069741532206535339
   vertex -0.010250439867377281 2.7312658034324638e-18 0.069245420396327972
  endloop
 endfacet
 facet normal -0.055432651926199179 0 0.99846242848713584
  outer loop
   vertex -0.0017469939775764942 0.050500001758337021 0.069978199899196625
   vertex -0.0060098930262029171 0.050500001758337021 0.069741532206535339
   vertex -0.0060098930262029171 1.6013571458148824e-18 0.069741532206535339
  endloop
 endfacet
 facet normal -0.055432651926199179 0 0.99846242848713584
  outer loop
   vertex -0.0017469939775764942 4.6549268438934268e-19 0.069978199899196625
   vertex -0.0017469939775764942 0.050500001758337021 0.069978199899196625
   vertex -0.0060098930262029171 1.6013571458148824e-18 0.069741532206535339
  endloop
 endfacet
 facet normal 0.0055423914777046578 0 0.99998464083040184
  outer loop
   vertex 0.0025224050041288137 0.050500001758337021 0.069954536855220795
   vertex -0.0017469939775764942 0.050500001758337021 0.069978199899196625
   vertex -0.0017469939775764942 4.6549268438934268e-19 0.069978199899196625
  endloop
 endfacet
 facet normal 0.0055423914777046578 0 0.99998464083040184
  outer loop
   vertex 0.0025224050041288137 -6.7210368644372998e-19 0.069954536855220795
   vertex 0.0025224050041288137 0.050500001758337021 0.069954536855220795
   vertex -0.0017469939775764942 4.6549268438934268e-19 0.069978199899196625
  endloop
 endfacet
 facet normal 0.066493018803455498 0 0.997786890297925
  outer loop
   vertex 0.0067824190482497215 0.050500001758337021 0.069670647382736206
   vertex 0.0025224050041288137 0.050500001758337021 0.069954536855220795
   vertex 0.0025224050041288137 -6.7210368644372998e-19 0.069954536855220795
  endloop
 endfacet
 facet normal 0.066493018803455498 0 0.997786890297925
  outer loop
   vertex 0.0067824190482497215 -1.8071993868874783e-18 0.069670647382736206
   vertex 0.0067824190482497215 0.050500001758337021 0.069670647382736206
   vertex 0.0025224050041288137 -6.7210368644372998e-19 0.069954536855220795
  endloop
 endfacet
 facet normal 0.12720111298629658 0 0.99187694642785584
  outer loop
   vertex 0.011017199605703354 0.050500001758337021 0.069127567112445831
   vertex 0.0067824190482497215 0.050500001758337021 0.069670647382736206
   vertex 0.0067824190482497215 -1.8071993868874783e-18 0.069670647382736206
  endloop
 endfacet
 facet normal 0.12720111298629658 0 0.99187694642785584
  outer loop
   vertex 0.011017199605703354 -2.9355717633123956e-18 0.069127567112445831
   vertex 0.011017199605703354 0.050500001758337021 0.069127567112445831
   vertex 0.0067824190482497215 -1.8071993868874783e-18 0.069670647382736206
  endloop
 endfacet
 facet normal 0.18743089305614821 0 0.98227779183292885
  outer loop
   vertex 0.015211000107228756 0.050500001758337021 0.068327337503433228
   vertex 0.011017199605703354 0.050500001758337021 0.069127567112445831
   vertex 0.011017199605703354 -2.9355717633123956e-18 0.069127567112445831
  endloop
 endfacet
 facet normal 0.18743089305614824 0 0.98227779183292885
  outer loop
   vertex 0.015211000107228756 -4.0530245284710003e-18 0.068327337503433228
   vertex 0.015211000107228756 0.050500001758337021 0.068327337503433228
   vertex 0.011017199605703354 -2.9355717633123956e-18 0.069127567112445831
  endloop
 endfacet
 facet normal 0.24696422149716207 0 0.96902459891392878
  outer loop
   vertex 0.019348220899701118 0.050500001758337021 0.067272931337356567
   vertex 0.015211000107228756 0.050500001758337021 0.068327337503433228
   vertex 0.015211000107228756 -4.0530245284710003e-18 0.068327337503433228
  endloop
 endfacet
 facet normal 0.24696422149716207 0 0.96902459891392878
  outer loop
   vertex 0.019348220899701118 -5.1554015133755199e-18 0.067272931337356567
   vertex 0.019348220899701118 0.050500001758337021 0.067272931337356567
   vertex 0.015211000107228756 -4.0530245284710003e-18 0.068327337503433228
  endloop
 endfacet
 facet normal 0.30558414528225153 0 0.95216507505375125
  outer loop
   vertex 0.02341344952583313 0.050500001758337021 0.065968252718448639
   vertex 0.019348220899701118 0.050500001758337021 0.067272931337356567
   vertex 0.019348220899701118 -5.1554015133755199e-18 0.067272931337356567
  endloop
 endfacet
 facet normal 0.30558414528225153 0 0.95216507505375125
  outer loop
   vertex 0.02341344952583313 -6.2385961798749347e-18 0.065968252718448639
   vertex 0.02341344952583313 0.050500001758337021 0.065968252718448639
   vertex 0.019348220899701118 -5.1554015133755199e-18 0.067272931337356567
  endloop
 endfacet
 facet normal 0.36306287466576775 0 0.93176464251410018
  outer loop
   vertex 0.027391590178012848 0.050500001758337021 0.064418166875839233
   vertex 0.02341344952583313 0.050500001758337021 0.065968252718448639
   vertex 0.02341344952583313 -6.2385961798749347e-18 0.065968252718448639
  endloop
 endfacet
 facet normal 0.36306287466576775 0 0.93176464251410018
  outer loop
   vertex 0.027391590178012848 -7.2985859486503995e-18 0.064418166875839233
   vertex 0.027391590178012848 0.050500001758337021 0.064418166875839233
   vertex 0.02341344952583313 -6.2385961798749347e-18 0.065968252718448639
  endloop
 endfacet
 facet normal 0.41919052711930593 0 0.9078982883415071
  outer loop
   vertex 0.031267829239368439 0.050500001758337021 0.062628448009490967
   vertex 0.027391590178012848 0.050500001758337021 0.064418166875839233
   vertex 0.027391590178012848 -7.2985859486503995e-18 0.064418166875839233
  endloop
 endfacet
 facet normal 0.41919052711930593 0 0.9078982883415071
  outer loop
   vertex 0.031267829239368439 -8.3314235138188111e-18 0.062628448009490967
   vertex 0.031267829239368439 0.050500001758337021 0.062628448009490967
   vertex 0.027391590178012848 -7.2985859486503995e-18 0.064418166875839233
  endloop
 endfacet
 facet normal 0.47375949581418353 0 0.88065426821533699
  outer loop
   vertex 0.035027749836444855 0.050500001758337021 0.060605749487876892
   vertex 0.031267829239368439 0.050500001758337021 0.062628448009490967
   vertex 0.031267829239368439 -8.3314235138188111e-18 0.062628448009490967
  endloop
 endfacet
 facet normal 0.47375949581418353 0 0.88065426821533699
  outer loop
   vertex 0.035027749836444855 -9.3332674486154733e-18 0.060605749487876892
   vertex 0.035027749836444855 0.050500001758337021 0.060605749487876892
   vertex 0.031267829239368439 -8.3314235138188111e-18 0.062628448009490967
  endloop
 endfacet
 facet normal 0.5265678105182493 0 0.85013313129533841
  outer loop
   vertex 0.038657359778881073 0.050500001758337021 0.058357588946819305
   vertex 0.035027749836444855 0.050500001758337021 0.060605749487876892
   vertex 0.035027749836444855 -9.3332674486154733e-18 0.060605749487876892
  endloop
 endfacet
 facet normal 0.5265678105182493 0 0.85013313129533841
  outer loop
   vertex 0.038657359778881073 -1.030038965001961e-17 0.058357588946819305
   vertex 0.038657359778881073 0.050500001758337021 0.058357588946819305
   vertex 0.035027749836444855 -9.3332674486154733e-18 0.060605749487876892
  endloop
 endfacet
 facet normal 0.57741400857714764 0 0.81645150664253763
  outer loop
   vertex 0.042143169790506363 0.050500001758337021 0.055892340838909149
   vertex 0.038657359778881073 0.050500001758337021 0.058357588946819305
   vertex 0.038657359778881073 -1.030038965001961e-17 0.058357588946819305
  endloop
 endfacet
 facet normal 0.57741400857714764 0 0.81645150664253763
  outer loop
   vertex 0.042143169790506363 -1.1229196018269677e-17 0.055892340838909149
   vertex 0.042143169790506363 0.050500001758337021 0.055892340838909149
   vertex 0.038657359778881073 -1.030038965001961e-17 0.058357588946819305
  endloop
 endfacet
 facet normal 0.62611614877091759 0 0.77972980464278419
  outer loop
   vertex 0.045472200959920883 0.050500001758337021 0.053219158202409744
   vertex 0.042143169790506363 0.050500001758337021 0.055892340838909149
   vertex 0.042143169790506363 -1.1229196018269677e-17 0.055892340838909149
  endloop
 endfacet
 facet normal 0.62611614877091759 0 0.77972980464278419
  outer loop
   vertex 0.045472200959920883 -1.2116228111224592e-17 0.053219158202409744
   vertex 0.045472200959920883 0.050500001758337021 0.053219158202409744
   vertex 0.042143169790506363 -1.1229196018269677e-17 0.055892340838909149
  endloop
 endfacet
 facet normal 0.67248550315241873 0 0.74011029451686339
  outer loop
   vertex 0.048632070422172546 0.050500001758337021 0.050348009914159775
   vertex 0.045472200959920883 0.050500001758337021 0.053219158202409744
   vertex 0.045472200959920883 -1.2116228111224592e-17 0.053219158202409744
  endloop
 endfacet
 facet normal 0.67248550315241873 0 0.74011029451686339
  outer loop
   vertex 0.048632070422172546 -1.2958186305420879e-17 0.050348009914159775
   vertex 0.048632070422172546 0.050500001758337021 0.050348009914159775
   vertex 0.045472200959920883 -1.2116228111224592e-17 0.053219158202409744
  endloop
 endfacet
 facet normal 0.71635594046619455 0 0.6977350260369577
  outer loop
   vertex 0.051611028611660004 0.050500001758337021 0.047289550304412842
   vertex 0.048632070422172546 0.050500001758337021 0.050348009914159775
   vertex 0.048632070422172546 -1.2958186305420879e-17 0.050348009914159775
  endloop
 endfacet
 facet normal 0.71635594046619455 0 0.6977350260369577
  outer loop
   vertex 0.051611028611660004 -1.3751940549420639e-17 0.047289550304412842
   vertex 0.051611028611660004 0.050500001758337021 0.047289550304412842
   vertex 0.048632070422172546 -1.2958186305420879e-17 0.050348009914159775
  endloop
 endfacet
 facet normal 0.75755946743492464 0 0.65276615514264624
  outer loop
   vertex 0.054397989064455032 0.050500001758337021 0.044055178761482239
   vertex 0.051611028611660004 0.050500001758337021 0.047289550304412842
   vertex 0.051611028611660004 -1.3751940549420639e-17 0.047289550304412842
  endloop
 endfacet
 facet normal 0.75755946743492464 0 0.65276615514264624
  outer loop
   vertex 0.054397989064455032 -1.4494535326895219e-17 0.044055178761482239
   vertex 0.054397989064455032 0.050500001758337021 0.044055178761482239
   vertex 0.051611028611660004 -1.3751940549420639e-17 0.047289550304412842
  endloop
 endfacet
 facet normal 0.79594477520148932 0 0.60536923842350199
  outer loop
   vertex 0.05698259174823761 0.050500001758337021 0.040656920522451401
   vertex 0.054397989064455032 0.050500001758337021 0.044055178761482239
   vertex 0.054397989064455032 -1.4494535326895219e-17 0.044055178761482239
  endloop
 endfacet
 facet normal 0.79594477520148932 0 0.60536923842350199
  outer loop
   vertex 0.05698259174823761 -1.5183212817682368e-17 0.040656920522451401
   vertex 0.05698259174823761 0.050500001758337021 0.040656920522451401
   vertex 0.054397989064455032 -1.4494535326895219e-17 0.044055178761482239
  endloop
 endfacet
 facet normal 0.83137204246797225 0 0.55571622884583116
  outer loop
   vertex 0.059355199337005615 0.050500001758337021 0.037107411772012711
   vertex 0.05698259174823761 0.050500001758337021 0.040656920522451401
   vertex 0.05698259174823761 -1.5183212817682368e-17 0.040656920522451401
  endloop
 endfacet
 facet normal 0.83137204246797225 0 0.55571622884583116
  outer loop
   vertex 0.059355199337005615 -1.581540214443827e-17 0.037107411772012711
   vertex 0.059355199337005615 0.050500001758337021 0.037107411772012711
   vertex 0.05698259174823761 -1.5183212817682368e-17 0.040656920522451401
  endloop
 endfacet
 facet normal 0.86370262274132392 0 0.50400176534389085
  outer loop
   vertex 0.061507020145654678 0.050500001758337021 0.033419858664274216
   vertex 0.059355199337005615 0.050500001758337021 0.037107411772012711
   vertex 0.059355199337005615 -1.581540214443827e-17 0.037107411772012711
  endloop
 endfacet
 facet normal 0.86370262274132392 0 0.50400176534389085
  outer loop
   vertex 0.061507020145654678 -1.6388762386029402e-17 0.033419858664274216
   vertex 0.061507020145654678 0.050500001758337021 0.033419858664274216
   vertex 0.059355199337005615 -1.581540214443827e-17 0.037107411772012711
  endloop
 endfacet
 facet normal 0.8928227124909387 0 0.45040826375669751
  outer loop
   vertex 0.063430018723011017 0.050500001758337021 0.029607990756630898
   vertex 0.061507020145654678 0.050500001758337021 0.033419858664274216
   vertex 0.061507020145654678 -1.6388762386029402e-17 0.033419858664274216
  endloop
 endfacet
 facet normal 0.8928227124909387 0 0.45040826375669751
  outer loop
   vertex 0.063430018723011017 -1.6901152799030474e-17 0.029607990756630898
   vertex 0.063430018723011017 0.050500001758337021 0.029607990756630898
   vertex 0.061507020145654678 -1.6388762386029402e-17 0.033419858664274216
  endloop
 endfacet
 facet normal 0.91862044412460242 0 0.39514108826635369
  outer loop
   vertex 0.065117061138153076 0.050500001758337021 0.025685969740152359
   vertex 0.063430018723011017 0.050500001758337021 0.029607990756630898
   vertex 0.063430018723011017 -1.6901152799030474e-17 0.029607990756630898
  endloop
 endfacet
 facet normal 0.91862044412460231 0 0.39514108826635364
  outer loop
   vertex 0.065117061138153076 -1.7350670868032616e-17 0.025685969740152359
   vertex 0.065117061138153076 0.050500001758337021 0.025685969740152359
   vertex 0.063430018723011017 -1.6901152799030474e-17 0.029607990756630898
  endloop
 endfacet
 facet normal 0.9410010588850134 0 0.33840361578636169
  outer loop
   vertex 0.066561862826347351 0.050500001758337021 0.02166840061545372
   vertex 0.065117061138153076 0.050500001758337021 0.025685969740152359
   vertex 0.065117061138153076 -1.7350670868032616e-17 0.025685969740152359
  endloop
 endfacet
 facet normal 0.9410010588850134 0 0.33840361578636169
  outer loop
   vertex 0.066561862826347351 -1.773564237947602e-17 0.02166840061545372
   vertex 0.066561862826347351 0.050500001758337021 0.02166840061545372
   vertex 0.065117061138153076 -1.7350670868032616e-17 0.025685969740152359
  endloop
 endfacet
 facet normal 0.95988208817179899 0 0.28040395290891806
  outer loop
   vertex 0.067759037017822266 0.050500001758337021 0.017570219933986664
   vertex 0.066561862826347351 0.050500001758337021 0.02166840061545372
   vertex 0.066561862826347351 -1.773564237947602e-17 0.02166840061545372
  endloop
 endfacet
 facet normal 0.95988208817179899 0 0.28040395290891806
  outer loop
   vertex 0.067759037017822266 -1.8054634656539745e-17 0.017570219933986664
   vertex 0.067759037017822266 0.050500001758337021 0.017570219933986664
   vertex 0.066561862826347351 -1.773564237947602e-17 0.02166840061545372
  endloop
 endfacet
 facet normal 0.97519042739965456 0 0.22136763609001003
  outer loop
   vertex 0.068704158067703247 0.050500001758337021 0.013406679965555668
   vertex 0.067759037017822266 0.050500001758337021 0.017570219933986664
   vertex 0.067759037017822266 -1.8054634656539745e-17 0.017570219933986664
  endloop
 endfacet
 facet normal 0.97519042739965456 0 0.22136763609001003
  outer loop
   vertex 0.068704158067703247 -1.8306464830947839e-17 0.013406679965555668
   vertex 0.068704158067703247 0.050500001758337021 0.013406679965555668
   vertex 0.067759037017822266 -1.8054634656539745e-17 0.017570219933986664
  endloop
 endfacet
 facet normal 0.98687233009204633 0 0.16150233465400793
  outer loop
   vertex 0.069393686950206757 0.050500001758337021 0.0091932611539959908
   vertex 0.068704158067703247 0.050500001758337021 0.013406679965555668
   vertex 0.068704158067703247 -1.8306464830947839e-17 0.013406679965555668
  endloop
 endfacet
 facet normal 0.98687233009204633 0 0.16150233465400793
  outer loop
   vertex 0.069393686950206757 -1.8490193225524442e-17 0.0091932611539959908
   vertex 0.069393686950206757 0.050500001758337021 0.0091932611539959908
   vertex 0.068704158067703247 -1.8306464830947839e-17 0.013406679965555668
  endloop
 endfacet
 facet normal 0.99488249466119683 0 0.10103871444507596
  outer loop
   vertex 0.069825068116188049 0.050500001758337021 0.0049456460401415825
   vertex 0.069393686950206757 0.050500001758337021 0.0091932611539959908
   vertex 0.069393686950206757 -1.8490193225524442e-17 0.0091932611539959908
  endloop
 endfacet
 facet normal 0.99488249466119683 0 0.10103871444507596
  outer loop
   vertex 0.069825068116188049 -1.8605134934722361e-17 0.0049456460401415825
   vertex 0.069825068116188049 0.050500001758337021 0.0049456460401415825
   vertex 0.069393686950206757 -1.8490193225524442e-17 0.0091932611539959908
  endloop
 endfacet
 facet normal 0.99919166164401718 0 0.040199792301303681
  outer loop
   vertex 0.069996699690818787 0.050500001758337021 0.00067963299807161093
   vertex 0.069825068116188049 0.050500001758337021 0.0049456460401415825
   vertex 0.069825068116188049 -1.8605134934722361e-17 0.0049456460401415825
  endloop
 endfacet
 facet normal -0 1 0
  outer loop
   vertex 0.054997410625219345 0.06549999862909317 0.00053399737225845456
   vertex -0.054983068257570267 0.06549999862909317 0.001364619005471468
   vertex 0.054829519242048264 0.06549999862909317 0.0043270587921142578
  endloop
 endfacet
 facet normal 0 1 0
  outer loop
   vertex -0.054946210235357285 0.06549999862909317 -0.0024319770745933056
   vertex -0.054983068257570267 0.06549999862909317 0.001364619005471468
   vertex 0.054997410625219345 0.06549999862909317 0.00053399737225845456
  endloop
 endfacet
 facet normal -0 1 0
  outer loop
   vertex 0.054903201758861542 0.06549999862909317 -0.0032616090029478073
   vertex -0.054946210235357285 0.06549999862909317 -0.0024319770745933056
   vertex 0.054997410625219345 0.06549999862909317 0.00053399737225845456
  endloop
 endfacet
 facet normal 0 1 0
  outer loop
   vertex -0.054647501558065414 0.06549999862909317 -0.0062169837765395641
   vertex -0.054946210235357285 0.06549999862909317 -0.0024319770745933056
   vertex 0.054903201758861542 0.06549999862909317 -0.0032616090029478073
  endloop
 endfacet
 facet normal -0 1 0
  outer loop
   vertex 0.054547358304262161 0.06549999862909317 -0.0070416717790067196
   vertex -0.054647501558065414 0.06549999862909317 -0.0062169837765395641
   vertex 0.054903201758861542 0.06549999862909317 -0.0032616090029478073
  endloop
 endfacet
 facet normal 0 1 0
  outer loop
   vertex -0.054088369011878967 0.06549999862909317 -0.0099723637104034424
   vertex -0.054647501558065414 0.06549999862909317 -0.0062169837765395641
   vertex 0.054547358304262161 0.06549999862909317 -0.0070416717790067196
  endloop
 endfacet
 facet normal -0 1 0
  outer loop
   vertex 0.053931578993797302 0.06549999862909317 -0.010788179934024811
   vertex -0.054088369011878967 0.06549999862909317 -0.0099723637104034424
   vertex 0.054547358304262161 0.06549999862909317 -0.0070416717790067196
  endloop
 endfacet
 facet normal 0 1 0
  outer loop
   vertex -0.053271491080522537 0.06549999862909317 -0.013680219650268555
   vertex -0.054088369011878967 0.06549999862909317 -0.0099723637104034424
   vertex 0.053931578993797302 0.06549999862909317 -0.010788179934024811
  endloop
 endfacet
 facet normal -0 1 0
  outer loop
   vertex 0.053058788180351257 0.06549999862909317 -0.014483279548585415
   vertex -0.053271491080522537 0.06549999862909317 -0.013680219650268555
   vertex 0.053931578993797302 0.06549999862909317 -0.010788179934024811
  endloop
 endfacet
 facet normal 0 1 0
  outer loop
   vertex -0.052200738340616226 0.06549999862909317 -0.01732289046049118
   vertex -0.053271491080522537 0.06549999862909317 -0.013680219650268555
   vertex 0.053058788180351257 0.06549999862909317 -0.014483279548585415
  endloop
 endfacet
 facet normal -0 1 0
  outer loop
   vertex 0.051933139562606812 0.06549999862909317 -0.01810934953391552
   vertex -0.052200738340616226 0.06549999862909317 -0.01732289046049118
   vertex 0.053058788180351257 0.06549999862909317 -0.014483279548585415
  endloop
 endfacet
 facet normal 0 1 0
  outer loop
   vertex -0.050881240516901016 0.06549999862909317 -0.020882999524474144
   vertex -0.052200738340616226 0.06549999862909317 -0.01732289046049118
   vertex 0.051933139562606812 0.06549999862909317 -0.01810934953391552
  endloop
 endfacet
 facet normal -0 1 0
  outer loop
   vertex 0.050560019910335541 0.06549999862909317 -0.021649129688739777
   vertex -0.050881240516901016 0.06549999862909317 -0.020882999524474144
   vertex 0.051933139562606812 0.06549999862909317 -0.01810934953391552
  endloop
 endfacet
 facet normal 0 1 0
  outer loop
   vertex -0.049319259822368622 0.06549999862909317 -0.024343600496649742
   vertex -0.050881240516901016 0.06549999862909317 -0.020882999524474144
   vertex 0.050560019910335541 0.06549999862909317 -0.021649129688739777
  endloop
 endfacet
 facet normal -0 1 0
  outer loop
   vertex 0.048945948481559753 0.06549999862909317 -0.02508573979139328
   vertex -0.049319259822368622 0.06549999862909317 -0.024343600496649742
   vertex 0.050560019910335541 0.06549999862909317 -0.021649129688739777
  endloop
 endfacet
 facet normal 0 1 0
  outer loop
   vertex -0.047522250562906265 0.06549999862909317 -0.027688179165124893
   vertex -0.049319259822368622 0.06549999862909317 -0.024343600496649742
   vertex 0.048945948481559753 0.06549999862909317 -0.02508573979139328
  endloop
 endfacet
 facet normal -0 1 0
  outer loop
   vertex 0.047098629176616669 0.06549999862909317 -0.028402799740433693
   vertex -0.047522250562906265 0.06549999862909317 -0.027688179165124893
   vertex 0.048945948481559753 0.06549999862909317 -0.02508573979139328
  endloop
 endfacet
 facet normal 0 1 0
  outer loop
   vertex -0.045498780906200409 0.06549999862909317 -0.030900830402970314
   vertex -0.047522250562906265 0.06549999862909317 -0.027688179165124893
   vertex 0.047098629176616669 0.06549999862909317 -0.028402799740433693
  endloop
 endfacet
 facet normal -0 1 0
  outer loop
   vertex 0.045026861131191254 0.06549999862909317 -0.031584519892930984
   vertex -0.045498780906200409 0.06549999862909317 -0.030900830402970314
   vertex 0.047098629176616669 0.06549999862909317 -0.028402799740433693
  endloop
 endfacet
 facet normal 0 1 0
  outer loop
   vertex -0.043258488178253174 0.06549999862909317 -0.03396620973944664
   vertex -0.045498780906200409 0.06549999862909317 -0.030900830402970314
   vertex 0.045026861131191254 0.06549999862909317 -0.031584519892930984
  endloop
 endfacet
 facet normal -0 1 0
  outer loop
   vertex 0.042740520089864731 0.06549999862909317 -0.034615710377693176
   vertex -0.043258488178253174 0.06549999862909317 -0.03396620973944664
   vertex 0.045026861131191254 0.06549999862909317 -0.031584519892930984
  endloop
 endfacet
 facet normal 0 1 0
  outer loop
   vertex -0.040812041610479355 0.06549999862909317 -0.036869730800390244
   vertex -0.043258488178253174 0.06549999862909317 -0.03396620973944664
   vertex 0.042740520089864731 0.06549999862909317 -0.034615710377693176
  endloop
 endfacet
 facet normal -0 1 0
  outer loop
   vertex 0.040250509977340698 0.06549999862909317 -0.037481948733329773
   vertex -0.040812041610479355 0.06549999862909317 -0.036869730800390244
   vertex 0.042740520089864731 0.06549999862909317 -0.034615710377693176
  endloop
 endfacet
 facet normal 0 1 0
  outer loop
   vertex -0.03817111998796463 0.06549999862909317 -0.039597548544406891
   vertex -0.040812041610479355 0.06549999862909317 -0.036869730800390244
   vertex 0.040250509977340698 0.06549999862909317 -0.037481948733329773
  endloop
 endfacet
 facet normal -0 1 0
  outer loop
   vertex 0.037568680942058563 0.06549999862909317 -0.040169570595026016
   vertex -0.03817111998796463 0.06549999862909317 -0.039597548544406891
   vertex 0.040250509977340698 0.06549999862909317 -0.037481948733329773
  endloop
 endfacet
 facet normal 0 1 0
  outer loop
   vertex -0.035348281264305115 0.06549999862909317 -0.042136669158935547
   vertex -0.03817111998796463 0.06549999862909317 -0.039597548544406891
   vertex 0.037568680942058563 0.06549999862909317 -0.040169570595026016
  endloop
 endfacet
 facet normal -0 1 0
  outer loop
   vertex 0.034707818180322647 0.06549999862909317 -0.042665760964155197
   vertex -0.035348281264305115 0.06549999862909317 -0.042136669158935547
   vertex 0.037568680942058563 0.06549999862909317 -0.040169570595026016
  endloop
 endfacet
 facet normal 0 1 0
  outer loop
   vertex -0.032356999814510345 0.06549999862909317 -0.044474989175796509
   vertex -0.035348281264305115 0.06549999862909317 -0.042136669158935547
   vertex 0.034707818180322647 0.06549999862909317 -0.042665760964155197
  endloop
 endfacet
 facet normal -0 1 0
  outer loop
   vertex 0.031681559979915619 0.06549999862909317 -0.044958628714084625
   vertex -0.032356999814510345 0.06549999862909317 -0.044474989175796509
   vertex 0.034707818180322647 0.06549999862909317 -0.042665760964155197
  endloop
 endfacet
 facet normal 0 1 0
  outer loop
   vertex -0.029211519286036491 0.06549999862909317 -0.04660135880112648
   vertex -0.032356999814510345 0.06549999862909317 -0.044474989175796509
   vertex 0.031681559979915619 0.06549999862909317 -0.044958628714084625
  endloop
 endfacet
 facet normal -0 1 0
  outer loop
   vertex 0.028504319489002228 0.06549999862909317 -0.047037258744239807
   vertex -0.029211519286036491 0.06549999862909317 -0.04660135880112648
   vertex 0.031681559979915619 0.06549999862909317 -0.044958628714084625
  endloop
 endfacet
 facet normal 0 1 0
  outer loop
   vertex -0.025926839560270309 0.06549999862909317 -0.048505660146474838
   vertex -0.029211519286036491 0.06549999862909317 -0.04660135880112648
   vertex 0.028504319489002228 0.06549999862909317 -0.047037258744239807
  endloop
 endfacet
 facet normal -0 1 0
  outer loop
   vertex 0.025191249325871468 0.06549999862909317 -0.048891730606555939
   vertex -0.025926839560270309 0.06549999862909317 -0.048505660146474838
   vertex 0.028504319489002228 0.06549999862909317 -0.047037258744239807
  endloop
 endfacet
 facet normal 0 1 0
  outer loop
   vertex -0.022518599405884743 0.06549999862909317 -0.050178810954093933
   vertex -0.025926839560270309 0.06549999862909317 -0.048505660146474838
   vertex 0.025191249325871468 0.06549999862909317 -0.048891730606555939
  endloop
 endfacet
 facet normal -0 1 0
  outer loop
   vertex 0.021758129820227623 0.06549999862909317 -0.050513200461864471
   vertex -0.022518599405884743 0.06549999862909317 -0.050178810954093933
   vertex 0.025191249325871468 0.06549999862909317 -0.048891730606555939
  endloop
 endfacet
 facet normal 0 1 0
  outer loop
   vertex -0.019003050401806831 0.06549999862909317 -0.051612831652164459
   vertex -0.022518599405884743 0.06549999862909317 -0.050178810954093933
   vertex 0.021758129820227623 0.06549999862909317 -0.050513200461864471
  endloop
 endfacet
 facet normal -0 1 0
  outer loop
   vertex 0.018221320584416389 0.06549999862909317 -0.051893960684537888
   vertex -0.019003050401806831 0.06549999862909317 -0.051612831652164459
   vertex 0.021758129820227623 0.06549999862909317 -0.050513200461864471
  endloop
 endfacet
 facet normal 0 1 0
  outer loop
   vertex -0.015396949835121632 0.06549999862909317 -0.052800890058279037
   vertex -0.019003050401806831 0.06549999862909317 -0.051612831652164459
   vertex 0.018221320584416389 0.06549999862909317 -0.051893960684537888
  endloop
 endfacet
 facet normal -0 1 0
  outer loop
   vertex 0.014597680419683456 0.06549999862909317 -0.053027421236038208
   vertex -0.015396949835121632 0.06549999862909317 -0.052800890058279037
   vertex 0.018221320584416389 0.06549999862909317 -0.051893960684537888
  endloop
 endfacet
 facet normal 0 1 0
  outer loop
   vertex -0.011717470362782478 0.06549999862909317 -0.053737331181764603
   vertex -0.015396949835121632 0.06549999862909317 -0.052800890058279037
   vertex 0.014597680419683456 0.06549999862909317 -0.053027421236038208
  endloop
 endfacet
 facet normal -0 1 0
  outer loop
   vertex 0.010904479771852493 0.06549999862909317 -0.053908180445432663
   vertex -0.011717470362782478 0.06549999862909317 -0.053737331181764603
   vertex 0.014597680419683456 0.06549999862909317 -0.053027421236038208
  endloop
 endfacet
 facet normal 0 1 0
  outer loop
   vertex -0.0079821459949016571 0.06549999862909317 -0.054417688399553299
   vertex -0.011717470362782478 0.06549999862909317 -0.053737331181764603
   vertex 0.010904479771852493 0.06549999862909317 -0.053908180445432663
  endloop
 endfacet
 facet normal -0 1 0
  outer loop
   vertex 0.0071593089960515499 0.06549999862909317 -0.054532051086425781
   vertex -0.0079821459949016571 0.06549999862909317 -0.054417688399553299
   vertex 0.010904479771852493 0.06549999862909317 -0.053908180445432663
  endloop
 endfacet
 facet normal 0 1 0
  outer loop
   vertex -0.0042087878100574017 0.06549999862909317 -0.054838728159666061
   vertex -0.0079821459949016571 0.06549999862909317 -0.054417688399553299
   vertex 0.0071593089960515499 0.06549999862909317 -0.054532051086425781
  endloop
 endfacet
 facet normal -0 1 0
  outer loop
   vertex 0.0033800220116972923 0.06549999862909317 -0.054896041750907898
   vertex -0.0042087878100574017 0.06549999862909317 -0.054838728159666061
   vertex 0.0071593089960515499 0.06549999862909317 -0.054532051086425781
  endloop
 endfacet
 facet normal 0 1 0
  outer loop
   vertex -0.00041537269135005772 0.06549999862909317 -0.054998431354761124
   vertex -0.0042087878100574017 0.06549999862909317 -0.054838728159666061
   vertex 0.0033800220116972923 0.06549999862909317 -0.054896041750907898
  endloop
 endfacet
 facet normal 0 1 0
  outer loop
   vertex -0.054757911711931229 0.06549999862909317 0.005154712125658989
   vertex 0.054829519242048264 0.06549999862909317 0.0043270587921142578
   vertex -0.054983068257570267 0.06549999862909317 0.001364619005471468
  endloop
 endfacet
 facet normal 0 1 0
  outer loop
   vertex 0.054400350898504257 0.06549999862909317 0.0080995000898838043
   vertex 0.054829519242048264 0.06549999862909317 0.0043270587921142578
   vertex -0.054757911711931229 0.06549999862909317 0.005154712125658989
  endloop
 endfacet
 facet normal 0 1 0
  outer loop
   vertex -0.054271809756755829 0.06549999862909317 0.0089202411472797394
   vertex 0.054400350898504257 0.06549999862909317 0.0080995000898838043
   vertex -0.054757911711931229 0.06549999862909317 0.005154712125658989
  endloop
 endfacet
 facet normal 0 1 0
  outer loop
   vertex 0.053711939603090286 0.06549999862909317 0.011833339929580688
   vertex 0.054400350898504257 0.06549999862909317 0.0080995000898838043
   vertex -0.054271809756755829 0.06549999862909317 0.0089202411472797394
  endloop
 endfacet
 facet normal 0 1 0
  outer loop
   vertex -0.053527079522609711 0.06549999862909317 0.012643259949982166
   vertex 0.053711939603090286 0.06549999862909317 0.011833339929580688
   vertex -0.054271809756755829 0.06549999862909317 0.0089202411472797394
  endloop
 endfacet
 facet normal 0 1 0
  outer loop
   vertex 0.052767559885978699 0.06549999862909317 0.015510800294578075
   vertex 0.053711939603090286 0.06549999862909317 0.011833339929580688
   vertex -0.053527079522609711 0.06549999862909317 0.012643259949982166
  endloop
 endfacet
 facet normal 0 1 0
  outer loop
   vertex -0.052527260035276413 0.06549999862909317 0.016306029632687569
   vertex 0.052767559885978699 0.06549999862909317 0.015510800294578075
   vertex -0.053527079522609711 0.06549999862909317 0.012643259949982166
  endloop
 endfacet
 facet normal 0 1 0
  outer loop
   vertex 0.051571719348430634 0.06549999862909317 0.019114330410957336
   vertex 0.052767559885978699 0.06549999862909317 0.015510800294578075
   vertex -0.052527260035276413 0.06549999862909317 0.016306029632687569
  endloop
 endfacet
 facet normal 0 1 0
  outer loop
   vertex -0.051277130842208862 0.06549999862909317 0.01989109069108963
   vertex 0.051571719348430634 0.06549999862909317 0.019114330410957336
   vertex -0.052527260035276413 0.06549999862909317 0.016306029632687569
  endloop
 endfacet
 facet normal 0 1 0
  outer loop
   vertex 0.050130121409893036 0.06549999862909317 0.022626779973506927
   vertex 0.051571719348430634 0.06549999862909317 0.019114330410957336
   vertex -0.051277130842208862 0.06549999862909317 0.01989109069108963
  endloop
 endfacet
 facet normal 0 1 0
  outer loop
   vertex -0.049782641232013702 0.06549999862909317 0.023381369188427925
   vertex 0.050130121409893036 0.06549999862909317 0.022626779973506927
   vertex -0.051277130842208862 0.06549999862909317 0.01989109069108963
  endloop
 endfacet
 facet normal 0 1 0
  outer loop
   vertex 0.048449631780385971 0.06549999862909317 0.026031399145722389
   vertex 0.050130121409893036 0.06549999862909317 0.022626779973506927
   vertex -0.049782641232013702 0.06549999862909317 0.023381369188427925
  endloop
 endfacet
 facet normal 0 1 0
  outer loop
   vertex -0.048050921410322189 0.06549999862909317 0.026760220527648926
   vertex 0.048449631780385971 0.06549999862909317 0.026031399145722389
   vertex -0.049782641232013702 0.06549999862909317 0.023381369188427925
  endloop
 endfacet
 facet normal 0 1 0
  outer loop
   vertex 0.046538248658180237 0.06549999862909317 0.029311969876289368
   vertex 0.048449631780385971 0.06549999862909317 0.026031399145722389
   vertex -0.048050921410322189 0.06549999862909317 0.026760220527648926
  endloop
 endfacet
 facet normal 0 1 0
  outer loop
   vertex -0.046090211719274521 0.06549999862909317 0.030011540278792381
   vertex 0.046538248658180237 0.06549999862909317 0.029311969876289368
   vertex -0.048050921410322189 0.06549999862909317 0.026760220527648926
  endloop
 endfacet
 facet normal 0 1 0
  outer loop
   vertex 0.044405091553926468 0.06549999862909317 0.032452851533889771
   vertex 0.046538248658180237 0.06549999862909317 0.029311969876289368
   vertex -0.046090211719274521 0.06549999862909317 0.030011540278792381
  endloop
 endfacet
 facet normal 0 1 0
  outer loop
   vertex -0.043909858912229538 0.06549999862909317 0.033119849860668182
   vertex 0.044405091553926468 0.06549999862909317 0.032452851533889771
   vertex -0.046090211719274521 0.06549999862909317 0.030011540278792381
  endloop
 endfacet
 facet normal 0 1 0
  outer loop
   vertex 0.042060330510139465 0.06549999862909317 0.035439088940620422
   vertex 0.044405091553926468 0.06549999862909317 0.032452851533889771
   vertex -0.043909858912229538 0.06549999862909317 0.033119849860668182
  endloop
 endfacet
 facet normal 0 1 0
  outer loop
   vertex -0.041520260274410248 0.06549999862909317 0.036070320755243301
   vertex 0.042060330510139465 0.06549999862909317 0.035439088940620422
   vertex -0.043909858912229538 0.06549999862909317 0.033119849860668182
  endloop
 endfacet
 facet normal 0 1 0
  outer loop
   vertex 0.039515130221843719 0.06549999862909317 0.038256429135799408
   vertex 0.042060330510139465 0.06549999862909317 0.035439088940620422
   vertex -0.041520260274410248 0.06549999862909317 0.036070320755243301
  endloop
 endfacet
 facet normal 0 1 0
  outer loop
   vertex -0.038932789117097855 0.06549999862909317 0.038848910480737686
   vertex 0.039515130221843719 0.06549999862909317 0.038256429135799408
   vertex -0.041520260274410248 0.06549999862909317 0.036070320755243301
  endloop
 endfacet
 facet normal 0 1 0
  outer loop
   vertex 0.036781620234251022 0.06549999862909317 0.040891468524932861
   vertex 0.039515130221843719 0.06549999862909317 0.038256429135799408
   vertex -0.038932789117097855 0.06549999862909317 0.038848910480737686
  endloop
 endfacet
 facet normal 0 1 0
  outer loop
   vertex -0.036159798502922058 0.06549999862909317 0.041442360728979111
   vertex 0.036781620234251022 0.06549999862909317 0.040891468524932861
   vertex -0.038932789117097855 0.06549999862909317 0.038848910480737686
  endloop
 endfacet
 facet normal 0 1 0
  outer loop
   vertex 0.033872831612825394 0.06549999862909317 0.043331649154424667
   vertex 0.036781620234251022 0.06549999862909317 0.040891468524932861
   vertex -0.036159798502922058 0.06549999862909317 0.041442360728979111
  endloop
 endfacet
 facet normal 0 1 0
  outer loop
   vertex -0.033214479684829712 0.06549999862909317 0.043838318437337875
   vertex 0.033872831612825394 0.06549999862909317 0.043331649154424667
   vertex -0.036159798502922058 0.06549999862909317 0.041442360728979111
  endloop
 endfacet
 facet normal 0 1 0
  outer loop
   vertex 0.030802620574831963 0.06549999862909317 0.045565318316221237
   vertex 0.033872831612825394 0.06549999862909317 0.043331649154424667
   vertex -0.033214479684829712 0.06549999862909317 0.043838318437337875
  endloop
 endfacet
 facet normal 0 1 0
  outer loop
   vertex -0.030110880732536316 0.06549999862909317 0.046025369316339493
   vertex 0.030802620574831963 0.06549999862909317 0.045565318316221237
   vertex -0.033214479684829712 0.06549999862909317 0.043838318437337875
  endloop
 endfacet
 facet normal 0 1 0
  outer loop
   vertex 0.027585620060563087 0.06549999862909317 0.047581858932971954
   vertex 0.030802620574831963 0.06549999862909317 0.045565318316221237
   vertex -0.030110880732536316 0.06549999862909317 0.046025369316339493
  endloop
 endfacet
 facet normal 0 1 0
  outer loop
   vertex -0.026863789185881615 0.06549999862909317 0.047993090003728867
   vertex 0.027585620060563087 0.06549999862909317 0.047581858932971954
   vertex -0.030110880732536316 0.06549999862909317 0.046025369316339493
  endloop
 endfacet
 facet normal 0 1 0
  outer loop
   vertex 0.024237159639596939 0.06549999862909317 0.049371648579835892
   vertex 0.027585620060563087 0.06549999862909317 0.047581858932971954
   vertex -0.026863789185881615 0.06549999862909317 0.047993090003728867
  endloop
 endfacet
 facet normal 0 1 0
  outer loop
   vertex -0.023488689213991165 0.06549999862909317 0.04973210021853447
   vertex 0.024237159639596939 0.06549999862909317 0.049371648579835892
   vertex -0.026863789185881615 0.06549999862909317 0.047993090003728867
  endloop
 endfacet
 facet normal 0 1 0
  outer loop
   vertex 0.020773209631443024 0.06549999862909317 0.05092616006731987
   vertex 0.024237159639596939 0.06549999862909317 0.049371648579835892
   vertex -0.023488689213991165 0.06549999862909317 0.04973210021853447
  endloop
 endfacet
 facet normal 0 1 0
  outer loop
   vertex -0.020001649856567383 0.06549999862909317 0.051234111189842224
   vertex 0.020773209631443024 0.06549999862909317 0.05092616006731987
   vertex -0.023488689213991165 0.06549999862909317 0.04973210021853447
  endloop
 endfacet
 facet normal 0 1 0
  outer loop
   vertex 0.017210250720381737 0.06549999862909317 0.052237991243600845
   vertex 0.020773209631443024 0.06549999862909317 0.05092616006731987
   vertex -0.020001649856567383 0.06549999862909317 0.051234111189842224
  endloop
 endfacet
 facet normal 0 1 0
  outer loop
   vertex -0.016419289633631706 0.06549999862909317 0.052491970360279083
   vertex 0.017210250720381737 0.06549999862909317 0.052237991243600845
   vertex -0.020001649856567383 0.06549999862909317 0.051234111189842224
  endloop
 endfacet
 facet normal 0 1 0
  outer loop
   vertex 0.013565289787948132 0.06549999862909317 0.053300868719816208
   vertex 0.017210250720381737 0.06549999862909317 0.052237991243600845
   vertex -0.016419289633631706 0.06549999862909317 0.052491970360279083
  endloop
 endfacet
 facet normal 0 1 0
  outer loop
   vertex -0.012758679687976837 0.06549999862909317 0.053499680012464523
   vertex 0.013565289787948132 0.06549999862909317 0.053300868719816208
   vertex -0.016419289633631706 0.06549999862909317 0.052491970360279083
  endloop
 endfacet
 facet normal 0 1 0
  outer loop
   vertex 0.0098556783050298691 0.06549999862909317 0.054109759628772736
   vertex 0.013565289787948132 0.06549999862909317 0.053300868719816208
   vertex -0.012758679687976837 0.06549999862909317 0.053499680012464523
  endloop
 endfacet
 facet normal 0 1 0
  outer loop
   vertex -0.0090372785925865173 0.06549999862909317 0.054252438247203827
   vertex 0.0098556783050298691 0.06549999862909317 0.054109759628772736
   vertex -0.012758679687976837 0.06549999862909317 0.053499680012464523
  endloop
 endfacet
 facet normal 0 1 0
  outer loop
   vertex 0.0060991011559963226 0.06549999862909317 0.054660778492689133
   vertex 0.0098556783050298691 0.06549999862909317 0.054109759628772736
   vertex -0.0090372785925865173 0.06549999862909317 0.054252438247203827
  endloop
 endfacet
 facet normal 0 1 0
  outer loop
   vertex -0.0052728070877492428 0.06549999862909317 0.054746668785810471
   vertex 0.0060991011559963226 0.06549999862909317 0.054660778492689133
   vertex -0.0090372785925865173 0.06549999862909317 0.054252438247203827
  endloop
 endfacet
 facet normal 0 1 0
  outer loop
   vertex 0.0023134590592235327 0.06549999862909317 0.054951321333646774
   vertex 0.0060991011559963226 0.06549999862909317 0.054660778492689133
   vertex -0.0052728070877492428 0.06549999862909317 0.054746668785810471
  endloop
 endfacet
 facet normal 0 1 0
  outer loop
   vertex -0.0014832080341875553 0.06549999862909317 0.054979998618364334
   vertex 0.0023134590592235327 0.06549999862909317 0.054951321333646774
   vertex -0.0052728070877492428 0.06549999862909317 0.054746668785810471
  endloop
 endfacet
 facet normal -2.6645352203777339e-16 -1 -1.5510878432947817e-22
  outer loop
   vertex 0.069996699690818787 -1.8650868096429192e-17 0.00067963299807161093
   vertex -0.069943420588970184 1.8636670368395332e-17 -0.0028139480855315924
   vertex 0.069907940924167633 -1.8627217348355076e-17 -0.0035889078862965107
  endloop
 endfacet
 facet normal -2.6645352977870019e-16 -1 1.5496451877703568e-22
  outer loop
   vertex -0.069984868168830872 1.864771488393414e-17 0.0014553139917552471
   vertex -0.069943420588970184 1.8636670368395332e-17 -0.0028139480855315924
   vertex 0.069996699690818787 -1.8650868096429192e-17 0.00067963299807161093
  endloop
 endfacet
 facet normal -2.6645352891894031e-16 -1 3.1011920130739668e-22
  outer loop
   vertex 0.069825068116188049 -1.8605134934722361e-17 0.0049456460401415825
   vertex -0.069984868168830872 1.864771488393414e-17 0.0014553139917552471
   vertex 0.069996699690818787 -1.8650868096429192e-17 0.00067963299807161093
  endloop
 endfacet
 facet normal -2.6645352117079144e-16 -1 -2.4330406130210424e-25
  outer loop
   vertex -0.06976597011089325 1.8589388724581801e-17 0.0057191629894077778
   vertex -0.069984868168830872 1.864771488393414e-17 0.0014553139917552471
   vertex 0.069825068116188049 -1.8605134934722361e-17 0.0049456460401415825
  endloop
 endfacet
 facet normal -2.6645352289432911e-16 -1 -3.1127774640722337e-22
  outer loop
   vertex 0.069393686950206757 -1.8490193225524442e-17 0.0091932611539959908
   vertex -0.06976597011089325 1.8589388724581801e-17 0.0057191629894077778
   vertex 0.069825068116188049 -1.8605134934722361e-17 0.0049456460401415825
  endloop
 endfacet
 facet normal -2.6645352872628376e-16 -1 -7.7670987133079909e-23
  outer loop
   vertex -0.069287538528442383 1.8461908611658804e-17 0.0099617363885045052
   vertex -0.06976597011089325 1.8589388724581801e-17 0.0057191629894077778
   vertex 0.069393686950206757 -1.8490193225524442e-17 0.0091932611539959908
  endloop
 endfacet
 facet normal -2.6645352699141889e-16 -1 2.354076667401076e-22
  outer loop
   vertex 0.068704158067703247 -1.8306464830947839e-17 0.013406679965555668
   vertex -0.069287538528442383 1.8461908611658804e-17 0.0099617363885045052
   vertex 0.069393686950206757 -1.8490193225524442e-17 0.0091932611539959908
  endloop
 endfacet
 facet normal -2.6645352701170637e-16 -1 2.3622030942518955e-22
  outer loop
   vertex -0.068551361560821533 1.8265752655559204e-17 0.014167250134050846
   vertex -0.069287538528442383 1.8461908611658804e-17 0.0099617363885045052
   vertex 0.068704158067703247 -1.8306464830947839e-17 0.013406679965555668
  endloop
 endfacet
 facet normal -2.6645352920553106e-16 -1 -1.5968602086996111e-22
  outer loop
   vertex 0.067759037017822266 -1.8054634656539745e-17 0.017570219933986664
   vertex -0.068551361560821533 1.8265752655559204e-17 0.014167250134050846
   vertex 0.068704158067703247 -1.8306464830947839e-17 0.013406679965555668
  endloop
 endfacet
 facet normal -2.6645352723277754e-16 -1 -2.3870723815988094e-22
  outer loop
   vertex -0.067560158669948578 1.8001642157777148e-17 0.018320059403777122
   vertex -0.068551361560821533 1.8265752655559204e-17 0.014167250134050846
   vertex 0.067759037017822266 -1.8054634656539745e-17 0.017570219933986664
  endloop
 endfacet
 facet normal -2.6645352456571667e-16 -1 2.4260182716407902e-22
  outer loop
   vertex 0.066561862826347351 -1.773564237947602e-17 0.02166840061545372
   vertex -0.067560158669948578 1.8001642157777148e-17 0.018320059403777122
   vertex 0.067759037017822266 -1.8054634656539745e-17 0.017570219933986664
  endloop
 endfacet
 facet normal -2.6645351641483488e-16 -1 -8.3892001255910726e-23
  outer loop
   vertex -0.066317632794380188 1.7670566426325249e-17 0.022404719144105911
   vertex -0.067560158669948578 1.8001642157777148e-17 0.018320059403777122
   vertex 0.066561862826347351 -1.773564237947602e-17 0.02166840061545372
  endloop
 endfacet
 facet normal -2.664535173018855e-16 -1 -2.4397331619700852e-22
  outer loop
   vertex 0.065117061138153076 -1.7350670868032616e-17 0.025685969740152359
   vertex -0.066317632794380188 1.7670566426325249e-17 0.022404719144105911
   vertex 0.066561862826347351 -1.773564237947602e-17 0.02166840061545372
  endloop
 endfacet
 facet normal -2.6645352545276393e-16 -1 8.2520556907637797e-23
  outer loop
   vertex -0.064828403294086456 1.7273756305954985e-17 0.026406040415167809
   vertex -0.066317632794380188 1.7670566426325249e-17 0.022404719144105911
   vertex 0.065117061138153076 -1.7350670868032616e-17 0.025685969740152359
  endloop
 endfacet
 facet normal -2.6645352637863602e-16 -1 -8.4564256300836252e-23
  outer loop
   vertex 0.063430018723011017 -1.6901152799030474e-17 0.029607990756630898
   vertex -0.064828403294086456 1.7273756305954985e-17 0.026406040415167809
   vertex 0.065117061138153076 -1.7350670868032616e-17 0.025685969740152359
  endloop
 endfacet
 facet normal -2.6645353065864766e-16 -1 8.6877358890375232e-23
  outer loop
   vertex -0.0630979984998703 1.6812684178156703e-17 0.030309120193123817
   vertex -0.064828403294086456 1.7273756305954985e-17 0.026406040415167809
   vertex 0.063430018723011017 -1.6901152799030474e-17 0.029607990756630898
  endloop
 endfacet
 facet normal -2.6645353019005008e-16 -1 1.7144194076917291e-22
  outer loop
   vertex 0.061507020145654678 -1.6388762386029402e-17 0.033419858664274216
   vertex -0.0630979984998703 1.6812684178156703e-17 0.030309120193123817
   vertex 0.063430018723011017 -1.6901152799030474e-17 0.029607990756630898
  endloop
 endfacet
 facet normal -2.6645352591003756e-16 -1 0
  outer loop
   vertex -0.061132870614528656 1.6289068924243286e-17 0.034099441021680832
   vertex -0.0630979984998703 1.6812684178156703e-17 0.030309120193123817
   vertex 0.061507020145654678 -1.6388762386029402e-17 0.033419858664274216
  endloop
 endfacet
 facet normal -2.6645352591003756e-16 -1 0
  outer loop
   vertex 0.059355199337005615 -1.581540214443827e-17 0.037107411772012711
   vertex -0.061132870614528656 1.6289068924243286e-17 0.034099441021680832
   vertex 0.061507020145654678 -1.6388762386029402e-17 0.033419858664274216
  endloop
 endfacet
 facet normal -2.6645352362110035e-16 -1 -9.1686272919045275e-23
  outer loop
   vertex -0.058940321207046509 1.5704856073015459e-17 0.037762921303510666
   vertex -0.061132870614528656 1.6289068924243286e-17 0.034099441021680832
   vertex 0.059355199337005615 -1.581540214443827e-17 0.037107411772012711
  endloop
 endfacet
 facet normal -2.664535236211008e-16 -1 -9.1686348475787685e-23
  outer loop
   vertex 0.05698259174823761 -1.5183212817682368e-17 0.040656920522451401
   vertex -0.058940321207046509 1.5704856073015459e-17 0.037762921303510666
   vertex 0.059355199337005615 -1.581540214443827e-17 0.037107411772012711
  endloop
 endfacet
 facet normal -2.6645352352462557e-16 -1 -9.5550787557958488e-23
  outer loop
   vertex -0.056528519839048386 1.5062222763845462e-17 0.041285920888185501
   vertex -0.058940321207046509 1.5704856073015459e-17 0.037762921303510666
   vertex 0.05698259174823761 -1.5183212817682368e-17 0.040656920522451401
  endloop
 endfacet
 facet normal -2.6645352135736829e-16 -1 2.9555834361869966e-22
  outer loop
   vertex 0.054397989064455032 -1.4494535326895219e-17 0.044055178761482239
   vertex -0.056528519839048386 1.5062222763845462e-17 0.041285920888185501
   vertex 0.05698259174823761 -1.5183212817682368e-17 0.040656920522451401
  endloop
 endfacet
 facet normal -2.6645351374242396e-16 -1 -9.4689341035304012e-24
  outer loop
   vertex -0.05390641838312149 1.4363554585619898e-17 0.04465533047914505
   vertex -0.056528519839048386 1.5062222763845462e-17 0.041285920888185501
   vertex 0.054397989064455032 -1.4494535326895219e-17 0.044055178761482239
  endloop
 endfacet
 facet normal -2.6645351477050915e-16 -1 -1.9499895313091922e-22
  outer loop
   vertex 0.051611028611660004 -1.3751940549420639e-17 0.047289550304412842
   vertex -0.05390641838312149 1.4363554585619898e-17 0.04465533047914505
   vertex 0.054397989064455032 -1.4494535326895219e-17 0.044055178761482239
  endloop
 endfacet
 facet normal -2.6645352740750175e-16 -1 3.1119387973490229e-22
  outer loop
   vertex -0.051083780825138092 1.3611453848545858e-17 0.047858618199825287
   vertex -0.05390641838312149 1.4363554585619898e-17 0.04465533047914505
   vertex 0.051611028611660004 -1.3751940549420639e-17 0.047289550304412842
  endloop
 endfacet
 facet normal -2.6645352854668893e-16 -1 1.05614528920953e-22
  outer loop
   vertex 0.048632070422172546 -1.2958186305420879e-17 0.050348009914159775
   vertex -0.051083780825138092 1.3611453848545858e-17 0.047858618199825287
   vertex 0.051611028611660004 -1.3751940549420639e-17 0.047289550304412842
  endloop
 endfacet
 facet normal -2.6645352311001675e-16 -1 -1.1215850704745312e-22
  outer loop
   vertex -0.048071108758449554 1.2808716423093772e-17 0.05088387057185173
   vertex -0.051083780825138092 1.3611453848545858e-17 0.047858618199825287
   vertex 0.048632070422172546 -1.2958186305420879e-17 0.050348009914159775
  endloop
 endfacet
 facet normal -2.6645352278876887e-16 -1 -5.418505253583106e-23
  outer loop
   vertex 0.045472200959920883 -1.2116228111224592e-17 0.053219158202409744
   vertex -0.048071108758449554 1.2808716423093772e-17 0.05088387057185173
   vertex 0.048632070422172546 -1.2958186305420879e-17 0.050348009914159775
  endloop
 endfacet
 facet normal -2.6645352259194226e-16 -1 -6.2069225044901231e-23
  outer loop
   vertex -0.044879619032144547 1.195833256717802e-17 0.053719829767942429
   vertex -0.048071108758449554 1.2808716423093772e-17 0.05088387057185173
   vertex 0.045472200959920883 -1.2116228111224592e-17 0.053219158202409744
  endloop
 endfacet
 facet normal -2.6645352222254764e-16 -1 4.5921923557643924e-24
  outer loop
   vertex 0.042143169790506363 -1.1229196018269677e-17 0.055892340838909149
   vertex -0.044879619032144547 1.195833256717802e-17 0.053719829767942429
   vertex 0.045472200959920883 -1.2116228111224592e-17 0.053219158202409744
  endloop
 endfacet
 facet normal -2.6645352521939851e-16 -1 1.2463499493132145e-22
  outer loop
   vertex -0.041521169245243073 1.1063462110738553e-17 0.056355949491262436
   vertex -0.044879619032144547 1.195833256717802e-17 0.053719829767942429
   vertex 0.042143169790506363 -1.1229196018269677e-17 0.055892340838909149
  endloop
 endfacet
 facet normal -2.6645352591003756e-16 -1 0
  outer loop
   vertex 0.038657359778881073 -1.030038965001961e-17 0.058357588946819305
   vertex -0.041521169245243073 1.1063462110738553e-17 0.056355949491262436
   vertex 0.042143169790506363 -1.1229196018269677e-17 0.055892340838909149
  endloop
 endfacet
 facet normal -2.6645352061228803e-16 -1 -2.1220892943711984e-22
  outer loop
   vertex -0.038008250296115875 1.0127431974199059e-17 0.058782421052455902
   vertex -0.041521169245243073 1.1063462110738553e-17 0.056355949491262436
   vertex 0.038657359778881073 -1.030038965001961e-17 0.058357588946819305
  endloop
 endfacet
 facet normal -2.6645351978937717e-16 -1 -6.3705642894377239e-23
  outer loop
   vertex 0.035027749836444855 -9.3332674486154733e-18 0.060605749487876892
   vertex -0.038008250296115875 1.0127431974199059e-17 0.058782421052455902
   vertex 0.038657359778881073 -1.030038965001961e-17 0.058357588946819305
  endloop
 endfacet
 facet normal -2.6645352898973254e-16 -1 3.0482760920309525e-22
  outer loop
   vertex -0.034353949129581451 9.1537312053832889e-18 0.060990221798419952
   vertex -0.038008250296115875 1.0127431974199059e-17 0.058782421052455902
   vertex 0.035027749836444855 -9.3332674486154733e-18 0.060605749487876892
  endloop
 endfacet
 facet normal -2.6645353118648869e-16 -1 -9.1598010182505341e-23
  outer loop
   vertex 0.031267829239368439 -8.3314235138188111e-18 0.062628448009490967
   vertex -0.034353949129581451 9.1537312053832889e-18 0.060990221798419952
   vertex 0.035027749836444855 -9.3332674486154733e-18 0.060605749487876892
  endloop
 endfacet
 facet normal -2.6645352728386718e-16 -1 -2.4792377480420478e-22
  outer loop
   vertex -0.030571840703487396 8.1459745835680976e-18 0.062971122562885284
   vertex -0.034353949129581451 9.1537312053832889e-18 0.060990221798419952
   vertex 0.031267829239368439 -8.3314235138188111e-18 0.062628448009490967
  endloop
 endfacet
 facet normal -2.6645352591003756e-16 -1 0
  outer loop
   vertex 0.027391590178012848 -7.2985859486503995e-18 0.064418166875839233
   vertex -0.030571840703487396 8.1459745835680976e-18 0.062971122562885284
   vertex 0.031267829239368439 -8.3314235138188111e-18 0.062628448009490967
  endloop
 endfacet
 facet normal -2.6645352340604425e-16 -1 -1.0030103525923077e-22
  outer loop
   vertex -0.026676010340452194 7.1079166815538638e-18 0.064717777073383331
   vertex -0.030571840703487396 8.1459745835680976e-18 0.062971122562885284
   vertex 0.027391590178012848 -7.2985859486503995e-18 0.064418166875839233
  endloop
 endfacet
 facet normal -2.6645352220614402e-16 -1 1.1623274476596236e-22
  outer loop
   vertex 0.02341344952583313 -6.2385961798749347e-18 0.065968252718448639
   vertex -0.026676010340452194 7.1079166815538638e-18 0.064717777073383331
   vertex 0.027391590178012848 -7.2985859486503995e-18 0.064418166875839233
  endloop
 endfacet
 facet normal -2.6645352177301229e-16 -1 9.8883080121306128e-23
  outer loop
   vertex -0.022680940106511116 6.0434162968981474e-18 0.066223680973052979
   vertex -0.026676010340452194 7.1079166815538638e-18 0.064717777073383331
   vertex 0.02341344952583313 -6.2385961798749347e-18 0.065968252718448639
  endloop
 endfacet
 facet normal -2.664535215428959e-16 -1 1.4040971414403723e-22
  outer loop
   vertex 0.019348220899701118 -5.1554015133755199e-18 0.067272931337356567
   vertex -0.022680940106511116 6.0434162968981474e-18 0.066223680973052979
   vertex 0.02341344952583313 -6.2385961798749347e-18 0.065968252718448639
  endloop
 endfacet
 facet normal -2.6645352269631817e-16 -1 1.8661162546371074e-22
  outer loop
   vertex -0.018601490184664726 4.9564327296029334e-18 0.067483216524124146
   vertex -0.022680940106511116 6.0434162968981474e-18 0.066223680973052979
   vertex 0.019348220899701118 -5.1554015133755199e-18 0.067272931337356567
  endloop
 endfacet
 facet normal -2.6645352412628234e-16 -1 -7.1450902444332433e-23
  outer loop
   vertex 0.015211000107228756 -4.0530245284710003e-18 0.068327337503433228
   vertex -0.018601490184664726 4.9564327296029334e-18 0.067483216524124146
   vertex 0.019348220899701118 -5.1554015133755199e-18 0.067272931337356567
  endloop
 endfacet
 facet normal -2.6645352362806032e-16 -1 -9.1407908564143841e-23
  outer loop
   vertex -0.014452850446105003 3.8510129608151376e-18 0.068491719663143158
   vertex -0.018601490184664726 4.9564327296029334e-18 0.067483216524124146
   vertex 0.015211000107228756 -4.0530245284710003e-18 0.068327337503433228
  endloop
 endfacet
 facet normal -2.6645352421801054e-16 -1 -1.9786833286629801e-22
  outer loop
   vertex 0.011017199605703354 -2.9355717633123956e-18 0.069127567112445831
   vertex -0.014452850446105003 3.8510129608151376e-18 0.068491719663143158
   vertex 0.015211000107228756 -4.0530245284710003e-18 0.068327337503433228
  endloop
 endfacet
 facet normal -2.6645352809141585e-16 -1 -4.2711890768749207e-23
  outer loop
   vertex -0.010250439867377281 2.7312658034324638e-18 0.069245420396327972
   vertex -0.014452850446105003 3.8510129608151376e-18 0.068491719663143158
   vertex 0.011017199605703354 -2.9355717633123956e-18 0.069127567112445831
  endloop
 endfacet
 facet normal -2.6645352617825727e-16 -1 3.0253404499521942e-22
  outer loop
   vertex 0.0067824190482497215 -1.8071993868874783e-18 0.069670647382736206
   vertex -0.010250439867377281 2.7312658034324638e-18 0.069245420396327972
   vertex 0.011017199605703354 -2.9355717633123956e-18 0.069127567112445831
  endloop
 endfacet
 facet normal -2.6645351664931225e-16 -1 -7.915663083096048e-23
  outer loop
   vertex -0.0060098930262029171 1.6013571458148824e-18 0.069741532206535339
   vertex -0.010250439867377281 2.7312658034324638e-18 0.069245420396327972
   vertex 0.0067824190482497215 -1.8071993868874783e-18 0.069670647382736206
  endloop
 endfacet
 facet normal -2.6645351665178163e-16 -1 -7.9602267146459897e-23
  outer loop
   vertex 0.0025224050041288137 -6.7210368644372998e-19 0.069954536855220795
   vertex -0.0060098930262029171 1.6013571458148824e-18 0.069741532206535339
   vertex 0.0067824190482497215 -1.8071993868874783e-18 0.069670647382736206
  endloop
 endfacet
 facet normal -2.6645351666170826e-16 -1 -7.9204638140288616e-23
  outer loop
   vertex -0.0017469939775764942 4.6549268438934268e-19 0.069978199899196625
   vertex -0.0060098930262029171 1.6013571458148824e-18 0.069741532206535339
   vertex 0.0025224050041288137 -6.7210368644372998e-19 0.069954536855220795
  endloop
 endfacet
 facet normal -2.6645352203777329e-16 -1 -1.5510876291619197e-22
  outer loop
   vertex -0.069641768932342529 1.855629488263478e-17 -0.0070727430284023285
   vertex 0.069907940924167633 -1.8627217348355076e-17 -0.0035889078862965107
   vertex -0.069943420588970184 1.8636670368395332e-17 -0.0028139480855315924
  endloop
 endfacet
 facet normal -2.6645352396485778e-16 -1 -7.7916797510987919e-23
  outer loop
   vertex 0.069559112191200256 -1.8534270371644943e-17 -0.007844097912311554
   vertex 0.069907940924167633 -1.8627217348355076e-17 -0.0035889078862965107
   vertex -0.069641768932342529 1.855629488263478e-17 -0.0070727430284023285
  endloop
 endfacet
 facet normal -2.6645352266433701e-16 -1 1.5677885155568438e-22
  outer loop
   vertex -0.069081053137779236 1.8406889520395452e-17 -0.011305229738354683
   vertex 0.069559112191200256 -1.8534270371644943e-17 -0.007844097912311554
   vertex -0.069641768932342529 1.855629488263478e-17 -0.0070727430284023285
  endloop
 endfacet
 facet normal -2.6645351872458461e-16 -1 -1.0330884184435233e-24
  outer loop
   vertex 0.068951517343521118 -1.8372374582156064e-17 -0.012070110067725182
   vertex 0.069559112191200256 -1.8534270371644943e-17 -0.007844097912311554
   vertex -0.069081053137779236 1.8406889520395452e-17 -0.011305229738354683
  endloop
 endfacet
 facet normal -2.6645351871107566e-16 -1 1.4047757119723929e-24
  outer loop
   vertex -0.068263351917266846 1.8189010147048984e-17 -0.015495649538934231
   vertex 0.068951517343521118 -1.8372374582156064e-17 -0.012070110067725182
   vertex -0.069081053137779236 1.8406889520395452e-17 -0.011305229738354683
  endloop
 endfacet
 facet normal -2.6645352062432392e-16 -1 7.8042665641595484e-23
  outer loop
   vertex 0.06808742880821228 -1.8142135476096829e-17 -0.016251219436526299
   vertex 0.068951517343521118 -1.8372374582156064e-17 -0.012070110067725182
   vertex -0.068263351917266846 1.8189010147048984e-17 -0.015495649538934231
  endloop
 endfacet
 facet normal -2.664535210498034e-16 -1 1.2602845062506893e-24
  outer loop
   vertex -0.067191697657108307 1.7903464090873229e-17 -0.019628439098596573
   vertex 0.06808742880821228 -1.8142135476096829e-17 -0.016251219436526299
   vertex -0.068263351917266846 1.8189010147048984e-17 -0.015495649538934231
  endloop
 endfacet
 facet normal -2.6645352502148327e-16 -1 1.6035132211421738e-22
  outer loop
   vertex 0.06697005033493042 -1.7844406703859393e-17 -0.020371869206428528
   vertex 0.06808742880821228 -1.8142135476096829e-17 -0.016251219436526299
   vertex -0.067191697657108307 1.7903464090873229e-17 -0.019628439098596573
  endloop
 endfacet
 facet normal -2.6645352726733995e-16 -1 -2.4494308105977493e-22
  outer loop
   vertex -0.065870091319084167 1.7551318414858379e-17 -0.023688200861215591
   vertex 0.06697005033493042 -1.7844406703859393e-17 -0.020371869206428528
   vertex -0.067191697657108307 1.7903464090873229e-17 -0.019628439098596573
  endloop
 endfacet
 facet normal -2.6645352520784091e-16 -1 -3.2743909512217013e-22
  outer loop
   vertex 0.065603531897068024 -1.7480291724380901e-17 -0.024416739121079445
   vertex 0.06697005033493042 -1.7844406703859393e-17 -0.020371869206428528
   vertex -0.065870091319084167 1.7551318414858379e-17 -0.023688200861215591
  endloop
 endfacet
 facet normal -2.6645352385053315e-16 -1 -8.2496333799818675e-23
  outer loop
   vertex -0.064303450286388397 1.7133881718733494e-17 -0.027659840881824493
   vertex 0.065603531897068024 -1.7480291724380901e-17 -0.024416739121079445
   vertex -0.065870091319084167 1.7551318414858379e-17 -0.023688200861215591
  endloop
 endfacet
 facet normal -2.6645353013105585e-16 -1 1.6907879733907921e-22
  outer loop
   vertex 0.063992962241172791 -1.705115042258839e-17 -0.028370769694447517
   vertex 0.065603531897068024 -1.7480291724380901e-17 -0.024416739121079445
   vertex -0.064303450286388397 1.7133881718733494e-17 -0.027659840881824493
  endloop
 endfacet
 facet normal -2.6645352918076724e-16 -1 3.4057081717735183e-22
  outer loop
   vertex -0.062497589737176895 1.6652702484605272e-17 -0.031528588384389877
   vertex 0.063992962241172791 -1.705115042258839e-17 -0.028370769694447517
   vertex -0.064303450286388397 1.7133881718733494e-17 -0.027659840881824493
  endloop
 endfacet
 facet normal -2.6645351627018964e-16 -1 -1.7657923033584064e-22
  outer loop
   vertex 0.062144339084625244 -1.6558577602702863e-17 -0.032219268381595612
   vertex 0.063992962241172791 -1.705115042258839e-17 -0.028370769694447517
   vertex -0.062497589737176895 1.6652702484605272e-17 -0.031528588384389877
  endloop
 endfacet
 facet normal -2.66453517220486e-16 -1 -3.4807221219240151e-22
  outer loop
   vertex -0.060459230095148087 1.6109575694402954e-17 -0.035280041396617889
   vertex 0.062144339084625244 -1.6558577602702863e-17 -0.032219268381595612
   vertex -0.062497589737176895 1.6652702484605272e-17 -0.031528588384389877
  endloop
 endfacet
 facet normal -2.6645352591003756e-16 -1 0
  outer loop
   vertex 0.06006452813744545 -1.6004404642600512e-17 -0.035947900265455246
   vertex 0.062144339084625244 -1.6558577602702863e-17 -0.032219268381595612
   vertex -0.060459230095148087 1.6109575694402954e-17 -0.035280041396617889
  endloop
 endfacet
 facet normal -2.6645352387719049e-16 -1 3.6685351114763864e-22
  outer loop
   vertex -0.058195959776639938 1.5506518014459944e-17 -0.038900259882211685
   vertex 0.06006452813744545 -1.6004404642600512e-17 -0.035947900265455246
   vertex -0.060459230095148087 1.6109575694402954e-17 -0.035280041396617889
  endloop
 endfacet
 facet normal -2.6645352154210827e-16 -1 2.7331884826541252e-22
  outer loop
   vertex 0.057761289179325104 -1.5390699493812719e-17 -0.039542809128761292
   vertex 0.06006452813744545 -1.6004404642600512e-17 -0.035947900265455246
   vertex -0.058195959776639938 1.5506518014459944e-17 -0.038900259882211685
  endloop
 endfacet
 facet normal -2.6645352304531285e-16 -1 2.0439728488760586e-24
  outer loop
   vertex -0.055716201663017273 1.4845777721681161e-17 -0.042375758290290833
   vertex 0.057761289179325104 -1.5390699493812719e-17 -0.039542809128761292
   vertex -0.058195959776639938 1.5506518014459944e-17 -0.038900259882211685
  endloop
 endfacet
 facet normal -2.6645352294013447e-16 -1 -2.169085165606258e-24
  outer loop
   vertex 0.055243160575628281 -1.4719735248662781e-17 -0.04299062117934227
   vertex 0.057761289179325104 -1.5390699493812719e-17 -0.039542809128761292
   vertex -0.055716201663017273 1.4845777721681161e-17 -0.042375758290290833
  endloop
 endfacet
 facet normal -2.6645352291467235e-16 -1 2.4258525839965798e-24
  outer loop
   vertex -0.053029168397188187 1.4129808233763438e-17 -0.045693621039390564
   vertex 0.055243160575628281 -1.4719735248662781e-17 -0.04299062117934227
   vertex -0.055716201663017273 1.4845777721681161e-17 -0.042375758290290833
  endloop
 endfacet
 facet normal -2.6645351509349015e-16 -1 -3.1086221831028022e-22
  outer loop
   vertex 0.052519530057907104 -1.3994013301323058e-17 -0.046278499066829681
   vertex 0.055243160575628281 -1.4719735248662781e-17 -0.04299062117934227
   vertex -0.053029168397188187 1.4129808233763438e-17 -0.045693621039390564
  endloop
 endfacet
 facet normal -2.6645351418504222e-16 -1 -1.4692120108709489e-22
  outer loop
   vertex -0.050144869834184647 1.3361277208182258e-17 -0.048841498792171478
   vertex 0.052519530057907104 -1.3994013301323058e-17 -0.046278499066829681
   vertex -0.053029168397188187 1.4129808233763438e-17 -0.045693621039390564
  endloop
 endfacet
 facet normal -2.6645352580380053e-16 -1 3.1848378370119785e-22
  outer loop
   vertex 0.049600519239902496 -1.3216233569312922e-17 -0.049394220113754272
   vertex 0.052519530057907104 -1.3994013301323058e-17 -0.046278499066829681
   vertex -0.050144869834184647 1.3361277208182258e-17 -0.048841498792171478
  endloop
 endfacet
 facet normal -2.6645352819988299e-16 -1 -1.139188924962123e-22
  outer loop
   vertex -0.047074031084775925 1.2543041726773378e-17 -0.051807679235935211
   vertex 0.049600519239902496 -1.3216233569312922e-17 -0.049394220113754272
   vertex -0.050144869834184647 1.3361277208182258e-17 -0.048841498792171478
  endloop
 endfacet
 facet normal -2.6645352684258164e-16 -1 -1.6828753536943387e-22
  outer loop
   vertex 0.046496991068124771 -1.2389287048873247e-17 -0.05232619121670723
   vertex 0.049600519239902496 -1.3216233569312922e-17 -0.049394220113754272
   vertex -0.047074031084775925 1.2543041726773378e-17 -0.051807679235935211
  endloop
 endfacet
 facet normal -2.6645352624273664e-16 -1 -6.0039103041370697e-23
  outer loop
   vertex -0.043828070163726807 1.167814415982977e-17 -0.054581139236688614
   vertex 0.046496991068124771 -1.2389287048873247e-17 -0.05232619121670723
   vertex -0.047074031084775925 1.2543041726773378e-17 -0.051807679235935211
  endloop
 endfacet
 facet normal -2.6645352624273279e-16 -1 -6.0039257244494881e-23
  outer loop
   vertex 0.043220490217208862 -1.1516251679063342e-17 -0.055063501000404358
   vertex 0.046496991068124771 -1.2389287048873247e-17 -0.05232619121670723
   vertex -0.043828070163726807 1.167814415982977e-17 -0.054581139236688614
  endloop
 endfacet
 facet normal -2.6645352555074948e-16 -1 6.4838287500114206e-23
  outer loop
   vertex -0.040419060736894608 1.0769801412753652e-17 -0.057151548564434052
   vertex 0.043220490217208862 -1.1516251679063342e-17 -0.055063501000404358
   vertex -0.043828070163726807 1.167814415982977e-17 -0.054581139236688614
  endloop
 endfacet
 facet normal -2.6645352892685884e-16 -1 2.0007288536376407e-22
  outer loop
   vertex 0.039783209562301636 -1.0600376625329316e-17 -0.057595968246459961
   vertex 0.043220490217208862 -1.1516251679063342e-17 -0.055063501000404358
   vertex -0.040419060736894608 1.0769801412753652e-17 -0.057151548564434052
  endloop
 endfacet
 facet normal -2.6645352967822835e-16 -1 6.4476866160210753e-23
  outer loop
   vertex -0.036859698593616486 9.8213966542503656e-18 -0.059509351849555969
   vertex 0.039783209562301636 -1.0600376625329316e-17 -0.057595968246459961
   vertex -0.040419060736894608 1.0769801412753652e-17 -0.057151548564434052
  endloop
 endfacet
 facet normal -2.6645352444898009e-16 -1 -1.449870360959346e-22
  outer loop
   vertex 0.03619794175028801 -9.6450690446142744e-18 -0.059914179146289825
   vertex 0.039783209562301636 -1.0600376625329316e-17 -0.057595968246459961
   vertex -0.036859698593616486 9.8213966542503656e-18 -0.059509351849555969
  endloop
 endfacet
 facet normal -2.6645352319041267e-16 -1 8.2141834179478902e-23
  outer loop
   vertex -0.033163208514451981 8.8364536737293868e-18 -0.061645768582820892
   vertex 0.03619794175028801 -9.6450690446142744e-18 -0.059914179146289825
   vertex -0.036859698593616486 9.8213966542503656e-18 -0.059509351849555969
  endloop
 endfacet
 facet normal -2.6645351885602279e-16 -1 -9.1477997962369878e-23
  outer loop
   vertex 0.032478000968694687 -8.65387754174607e-18 -0.062009509652853012
   vertex 0.03619794175028801 -9.6450690446142744e-18 -0.059914179146289825
   vertex -0.033163208514451981 8.8364536737293868e-18 -0.061645768582820892
  endloop
 endfacet
 facet normal -2.6645351972252816e-16 -1 -2.4784873827392721e-22
  outer loop
   vertex -0.029343359172344208 7.818641844388001e-18 -0.063552871346473694
   vertex 0.032478000968694687 -8.65387754174607e-18 -0.062009509652853012
   vertex -0.033163208514451981 8.8364536737293868e-18 -0.061645768582820892
  endloop
 endfacet
 facet normal -2.6645353525006982e-16 -1 3.7412713990294798e-22
  outer loop
   vertex 0.028637239709496498 -7.6304938237985269e-18 -0.06387416273355484
   vertex 0.032478000968694687 -8.65387754174607e-18 -0.062009509652853012
   vertex -0.029343359172344208 7.818641844388001e-18 -0.063552871346473694
  endloop
 endfacet
 facet normal -2.664535363620057e-16 -1 1.7346595443171711e-22
  outer loop
   vertex -0.025414340198040009 6.7717405544449628e-18 -0.065223552286624908
   vertex 0.028637239709496498 -7.6304938237985269e-18 -0.06387416273355484
   vertex -0.029343359172344208 7.818641844388001e-18 -0.063552871346473694
  endloop
 endfacet
 facet normal -2.6645352567090961e-16 -1 -2.5478001396136122e-22
  outer loop
   vertex 0.024689950048923492 -6.5787241623603079e-18 -0.065501190721988678
   vertex 0.028637239709496498 -7.6304938237985269e-18 -0.06387416273355484
   vertex -0.025414340198040009 6.7717405544449628e-18 -0.065223552286624908
  endloop
 endfacet
 facet normal -2.6645352488505851e-16 -1 -1.1296062968739495e-22
  outer loop
   vertex -0.021390780806541443 5.6996491333078472e-18 -0.066651590168476105
   vertex 0.024689950048923492 -6.5787241623603079e-18 -0.065501190721988678
   vertex -0.025414340198040009 6.7717405544449628e-18 -0.065223552286624908
  endloop
 endfacet
 facet normal -2.6645352945636664e-16 -1 7.0149003470493163e-23
  outer loop
   vertex 0.020650820806622505 -5.5024840168609326e-18 -0.066884562373161316
   vertex 0.024689950048923492 -6.5787241623603079e-18 -0.065501190721988678
   vertex -0.021390780806541443 5.6996491333078472e-18 -0.066651590168476105
  endloop
 endfacet
 facet normal -2.6645352873422744e-16 -1 2.0046450621002824e-22
  outer loop
   vertex -0.017287649214267731 4.6063550051194662e-18 -0.067831680178642273
   vertex 0.020650820806622505 -5.5024840168609326e-18 -0.066884562373161316
   vertex -0.021390780806541443 5.6996491333078472e-18 -0.066651590168476105
  endloop
 endfacet
 facet normal -2.6645352351258238e-16 -1 -8.697673051742985e-24
  outer loop
   vertex 0.01653485931456089 -4.4057715647911762e-18 -0.068019099533557892
   vertex 0.020650820806622505 -5.5024840168609326e-18 -0.066884562373161316
   vertex -0.017287649214267731 4.6063550051194662e-18 -0.067831680178642273
  endloop
 endfacet
 facet normal -2.6645352441528469e-16 -1 -1.7160324330552893e-22
  outer loop
   vertex -0.01312020979821682 3.4959262441323554e-18 -0.068759441375732422
   vertex 0.01653485931456089 -4.4057715647911762e-18 -0.068019099533557892
   vertex -0.017287649214267731 4.6063550051194662e-18 -0.067831680178642273
  endloop
 endfacet
 facet normal -2.6645352774518391e-16 -1 -3.8221085843855364e-23
  outer loop
   vertex 0.012357389554381371 -3.2926699764497535e-18 -0.068900622427463531
   vertex 0.01653485931456089 -4.4057715647911762e-18 -0.068019099533557892
   vertex -0.01312020979821682 3.4959262441323554e-18 -0.068759441375732422
  endloop
 endfacet
 facet normal -2.6645352617843521e-16 -1 2.4451513211668745e-22
  outer loop
   vertex -0.0089039532467722893 2.3724896544225421e-18 -0.069431401789188385
   vertex 0.012357389554381371 -3.2926699764497535e-18 -0.068900622427463531
   vertex -0.01312020979821682 3.4959262441323554e-18 -0.068759441375732422
  endloop
 endfacet
 facet normal -2.6645352087693119e-16 -1 3.2153647061279907e-23
  outer loop
   vertex 0.0081339478492736816 -2.1673190840073393e-18 -0.069525808095932007
   vertex 0.012357389554381371 -3.2926699764497535e-18 -0.068900622427463531
   vertex -0.0089039532467722893 2.3724896544225421e-18 -0.069431401789188385
  endloop
 endfacet
 facet normal -2.6645352252431893e-16 -1 -2.6515730597455782e-22
  outer loop
   vertex -0.0046545770019292831 1.2402284951428599e-18 -0.069845080375671387
   vertex 0.0081339478492736816 -2.1673190840073393e-18 -0.069525808095932007
   vertex -0.0089039532467722893 2.3724896544225421e-18 -0.069431401789188385
  endloop
 endfacet
 facet normal -2.6645353244608898e-16 -1 1.3226148275446974e-22
  outer loop
   vertex 0.0038802479393780231 -1.0339057655319473e-18 -0.069892369210720062
   vertex 0.0081339478492736816 -2.1673190840073393e-18 -0.069525808095932007
   vertex -0.0046545770019292831 1.2402284951428599e-18 -0.069845080375671387
  endloop
 endfacet
 facet normal -2.664535327386975e-16 -1 7.9450651125737334e-23
  outer loop
   vertex -0.00038788581150583923 1.0335354212620708e-19 -0.069998927414417267
   vertex 0.0038802479393780231 -1.0339057655319473e-18 -0.069892369210720062
   vertex -0.0046545770019292831 1.2402284951428599e-18 -0.069845080375671387
  endloop
 endfacet
endsolid
