solid Visualization Toolkit generated SLA File
 facet normal 0.13052332143703246 -0.0064117387539895819 0.99142450653955272
  outer loop
   vertex 0.2995184063911438 -0.1747577041387558 0.012000000104308128
   vertex 0.30155289173126221 -0.16495369374752045 0.011795559898018837
   vertex 0.30000001192092896 -0.16495369374752045 0.012000000104308128
  endloop
 endfacet
 facet normal 0.13052362982175564 -0.0064118036039956059 0.99142446552054442
  outer loop
   vertex 0.30106380581855774 -0.17490990459918976 0.011795559898018837
   vertex 0.30155289173126221 -0.16495369374752045 0.011795559898018837
   vertex 0.2995184063911438 -0.1747577041387558 0.012000000104308128
  endloop
 endfacet
 facet normal 0.12926659704189883 -0.019175338761319608 0.99142445666454893
  outer loop
   vertex 0.29807808995246887 -0.18446730077266693 0.012000000104308128
   vertex 0.30106380581855774 -0.17490990459918976 0.011795559898018837
   vertex 0.2995184063911438 -0.1747577041387558 0.012000000104308128
  endloop
 endfacet
 facet normal 0.12926051911999317 -0.019173422283902269 0.99142528617881887
  outer loop
   vertex 0.29960119724273682 -0.18477030098438263 0.011795559898018837
   vertex 0.30106380581855774 -0.17490990459918976 0.011795559898018837
   vertex 0.29807808995246887 -0.18446730077266693 0.012000000104308128
  endloop
 endfacet
 facet normal 0.1267582281307362 -0.031751846673164955 0.99142532337740896
  outer loop
   vertex 0.29569301009178162 -0.19398890435695648 0.012000000104308128
   vertex 0.29960119724273682 -0.18477030098438263 0.011795559898018837
   vertex 0.29807808995246887 -0.18446730077266693 0.012000000104308128
  endloop
 endfacet
 facet normal 0.1267578146930618 -0.031751670100368064 0.99142538189219109
  outer loop
   vertex 0.29717910289764404 -0.19443969428539276 0.011795559898018837
   vertex 0.29960119724273682 -0.18477030098438263 0.011795559898018837
   vertex 0.29569301009178162 -0.19398890435695648 0.012000000104308128
  endloop
 endfacet
 facet normal 0.12303575817704668 -0.044021952142711443 0.99142537285432841
  outer loop
   vertex 0.29238620400428772 -0.20323100686073303 0.012000000104308128
   vertex 0.29717910289764404 -0.19443969428539276 0.011795559898018837
   vertex 0.29569301009178162 -0.19398890435695648 0.012000000104308128
  endloop
 endfacet
 facet normal 0.12304246479749152 -0.044025631651853331 0.99142437715350407
  outer loop
   vertex 0.29382088780403137 -0.2038252055644989 0.011795559898018837
   vertex 0.29717910289764404 -0.19443969428539276 0.011795559898018837
   vertex 0.29238620400428772 -0.20323100686073303 0.012000000104308128
  endloop
 endfacet
 facet normal 0.1181351545067397 -0.055874233909264645 0.99142430636671475
  outer loop
   vertex 0.28818941116333008 -0.21210430562496185 0.012000000104308128
   vertex 0.29382088780403137 -0.2038252055644989 0.011795559898018837
   vertex 0.29238620400428772 -0.20323100686073303 0.012000000104308128
  endloop
 endfacet
 facet normal 0.11813436560914443 -0.055873694225690884 0.99142443078416176
  outer loop
   vertex 0.28955888748168945 -0.21283639967441559 0.011795559898018837
   vertex 0.29382088780403137 -0.2038252055644989 0.011795559898018837
   vertex 0.28818941116333008 -0.21210430562496185 0.012000000104308128
  endloop
 endfacet
 facet normal 0.11208862098216235 -0.067183063761552905 0.99142451905827311
  outer loop
   vertex 0.28314310312271118 -0.22052359580993652 0.012000000104308128
   vertex 0.28955888748168945 -0.21283639967441559 0.011795559898018837
   vertex 0.28818941116333008 -0.21210430562496185 0.012000000104308128
  endloop
 endfacet
 facet normal 0.11208559542514732 -0.067180524939446776 0.9914250331553317
  outer loop
   vertex 0.28443428874015808 -0.22138640284538269 0.011795559898018837
   vertex 0.28955888748168945 -0.21283639967441559 0.011795559898018837
   vertex 0.28314310312271118 -0.22052359580993652 0.012000000104308128
  endloop
 endfacet
 facet normal 0.10496025414951032 -0.077843571139279436 0.99142509726209493
  outer loop
   vertex 0.2772957980632782 -0.22840780019760132 0.012000000104308128
   vertex 0.28443428874015808 -0.22138640284538269 0.011795559898018837
   vertex 0.28314310312271118 -0.22052359580993652 0.012000000104308128
  endloop
 endfacet
 facet normal 0.10496394193223302 -0.077847340407087559 0.99142441087840372
  outer loop
   vertex 0.27849620580673218 -0.22939290106296539 0.011795559898018837
   vertex 0.28443428874015808 -0.22138640284538269 0.011795559898018837
   vertex 0.2772957980632782 -0.22840780019760132 0.012000000104308128
  endloop
 endfacet
 facet normal 0.096828677056914725 -0.087760666084202063 0.99142436564160785
  outer loop
   vertex 0.27070391178131104 -0.23568080365657806 0.012000000104308128
   vertex 0.27849620580673218 -0.22939290106296539 0.011795559898018837
   vertex 0.2772957980632782 -0.22840780019760132 0.012000000104308128
  endloop
 endfacet
 facet normal 0.096824736635719583 -0.087755756267790544 0.9914251850832172
  outer loop
   vertex 0.27180200815200806 -0.23677890002727509 0.011795559898018837
   vertex 0.27849620580673218 -0.22939290106296539 0.011795559898018837
   vertex 0.27070391178131104 -0.23568080365657806 0.012000000104308128
  endloop
 endfacet
 facet normal 0.087756468662530687 -0.096824025432455788 0.99142519148291641
  outer loop
   vertex 0.2634308934211731 -0.24227270483970642 0.012000000104308128
   vertex 0.27180200815200806 -0.23677890002727509 0.011795559898018837
   vertex 0.27070391178131104 -0.23568080365657806 0.012000000104308128
  endloop
 endfacet
 facet normal 0.087759956588387394 -0.096829371031830702 0.99142436066761253
  outer loop
   vertex 0.26441600918769836 -0.24347309768199921 0.011795559898018837
   vertex 0.27180200815200806 -0.23677890002727509 0.011795559898018837
   vertex 0.2634308934211731 -0.24227270483970642 0.012000000104308128
  endloop
 endfacet
 facet normal 0.077846726209036127 -0.10496477577299222 0.99142437082485568
  outer loop
   vertex 0.2555466890335083 -0.24811999499797821 0.012000000104308128
   vertex 0.26441600918769836 -0.24347309768199921 0.011795559898018837
   vertex 0.2634308934211731 -0.24227270483970642 0.012000000104308128
  endloop
 endfacet
 facet normal 0.077843705520985657 -0.10495897286083468 0.99142522235757191
  outer loop
   vertex 0.25640949606895447 -0.2494111955165863 0.011795559898018837
   vertex 0.26441600918769836 -0.24347309768199921 0.011795559898018837
   vertex 0.2555466890335083 -0.24811999499797821 0.012000000104308128
  endloop
 endfacet
 facet normal 0.067180357292522239 -0.11208443646553737 0.99142517554087362
  outer loop
   vertex 0.24712739884853363 -0.25316628813743591 0.012000000104308128
   vertex 0.25640949606895447 -0.2494111955165863 0.011795559898018837
   vertex 0.2555466890335083 -0.24811999499797821 0.012000000104308128
  endloop
 endfacet
 facet normal 0.067178256350539423 -0.11207920325159446 0.99142590952233489
  outer loop
   vertex 0.24785949289798737 -0.25453591346740723 0.011795559898018837
   vertex 0.25640949606895447 -0.2494111955165863 0.011795559898018837
   vertex 0.24712739884853363 -0.25316628813743591 0.012000000104308128
  endloop
 endfacet
 facet normal 0.055868850224875734 -0.11812432150981346 0.99142590053034052
  outer loop
   vertex 0.23825399577617645 -0.25736311078071594 0.012000000104308128
   vertex 0.24785949289798737 -0.25453591346740723 0.011795559898018837
   vertex 0.24712739884853363 -0.25316628813743591 0.012000000104308128
  endloop
 endfacet
 facet normal 0.055871209298651005 -0.11813241589588658 0.99142480314248127
  outer loop
   vertex 0.23884829878807068 -0.25879779458045959 0.011795559898018837
   vertex 0.24785949289798737 -0.25453591346740723 0.011795559898018837
   vertex 0.23825399577617645 -0.25736311078071594 0.012000000104308128
  endloop
 endfacet
 facet normal 0.044025006045083775 -0.12303957809177035 0.99142476318968831
  outer loop
   vertex 0.22901199758052826 -0.260670006275177 0.012000000104308128
   vertex 0.23884829878807068 -0.25879779458045959 0.011795559898018837
   vertex 0.23825399577617645 -0.25736311078071594 0.012000000104308128
  endloop
 endfacet
 facet normal 0.044025377836029181 -0.12304156008458676 0.99142450070509458
  outer loop
   vertex 0.22946280241012573 -0.26215600967407227 0.011795559898018837
   vertex 0.23884829878807068 -0.25879779458045959 0.011795559898018837
   vertex 0.22901199758052826 -0.260670006275177 0.012000000104308128
  endloop
 endfacet
 facet normal 0.031752303770210308 -0.12676480483027019 0.99142446785502925
  outer loop
   vertex 0.21949039399623871 -0.26305499672889709 0.012000000104308128
   vertex 0.22946280241012573 -0.26215600967407227 0.011795559898018837
   vertex 0.22901199758052826 -0.260670006275177 0.012000000104308128
  endloop
 endfacet
 facet normal 0.031751888068525948 -0.12676005226067469 0.99142508882666214
  outer loop
   vertex 0.21979330480098724 -0.26457810401916504 0.011795559898018837
   vertex 0.22946280241012573 -0.26215600967407227 0.011795559898018837
   vertex 0.21949039399623871 -0.26305499672889709 0.012000000104308128
  endloop
 endfacet
 facet normal 0.019174567607432629 -0.12926139846679116 0.99142514938016246
  outer loop
   vertex 0.20978079736232758 -0.26449531316757202 0.012000000104308128
   vertex 0.21979330480098724 -0.26457810401916504 0.011795559898018837
   vertex 0.21949039399623871 -0.26305499672889709 0.012000000104308128
  endloop
 endfacet
 facet normal 0.019174509904906704 -0.12926667937338709 0.99142446196050893
  outer loop
   vertex 0.20993299782276154 -0.26604071259498596 0.011795559898018837
   vertex 0.21979330480098724 -0.26457810401916504 0.011795559898018837
   vertex 0.20978079736232758 -0.26449531316757202 0.012000000104308128
  endloop
 endfacet
 facet normal 0.0064113689651882303 -0.13052367226038486 0.99142446274421525
  outer loop
   vertex 0.19997680187225342 -0.26497688889503479 0.012000000104308128
   vertex 0.20993299782276154 -0.26604071259498596 0.011795559898018837
   vertex 0.20978079736232758 -0.26449531316757202 0.012000000104308128
  endloop
 endfacet
 facet normal 0.0064116770996271236 -0.1305208592541211 0.99142483108722668
  outer loop
   vertex 0.19997680187225342 -0.26652979850769043 0.011795559898018837
   vertex 0.20993299782276154 -0.26604071259498596 0.011795559898018837
   vertex 0.19997680187225342 -0.26497688889503479 0.012000000104308128
  endloop
 endfacet
 facet normal 0.018796126959135399 -0.38262791516724631 0.92371130995896256
  outer loop
   vertex 0.21007490158081055 -0.26748079061508179 0.011196150444447994
   vertex 0.20993299782276154 -0.26604071259498596 0.011795559898018837
   vertex 0.19997680187225342 -0.26652979850769043 0.011795559898018837
  endloop
 endfacet
 facet normal 0.018797801564135696 -0.3826137977284485 0.92371712360666425
  outer loop
   vertex 0.19997680187225342 -0.26797690987586975 0.011196150444447994
   vertex 0.21007490158081055 -0.26748079061508179 0.011196150444447994
   vertex 0.19997680187225342 -0.26652979850769043 0.011795559898018837
  endloop
 endfacet
 facet normal 0.02989426945208451 -0.60847327951381669 0.7930110975084943
  outer loop
   vertex 0.21019670367240906 -0.26871749758720398 0.010242640040814877
   vertex 0.21007490158081055 -0.26748079061508179 0.011196150444447994
   vertex 0.19997680187225342 -0.26797690987586975 0.011196150444447994
  endloop
 endfacet
 facet normal 0.029894541562315854 -0.60847138391346389 0.79301254173134816
  outer loop
   vertex 0.19997680187225342 -0.26921960711479187 0.010242640040814877
   vertex 0.21019670367240906 -0.26871749758720398 0.010242640040814877
   vertex 0.19997680187225342 -0.26797690987586975 0.011196150444447994
  endloop
 endfacet
 facet normal 0.03894856346746594 -0.79275630519668938 0.60829306257322568
  outer loop
   vertex 0.21029010415077209 -0.2696664035320282 0.0090000005438923836
   vertex 0.21019670367240906 -0.26871749758720398 0.010242640040814877
   vertex 0.19997680187225342 -0.26921960711479187 0.010242640040814877
  endloop
 endfacet
 facet normal 0.038948609052037467 -0.79275607591582931 0.60829335846402866
  outer loop
   vertex 0.19997680187225342 -0.27017310261726379 0.0090000005438923836
   vertex 0.21029010415077209 -0.2696664035320282 0.0090000005438923836
   vertex 0.19997680187225342 -0.26921960711479187 0.010242640040814877
  endloop
 endfacet
 facet normal 0.045344316697391404 -0.92293366682444289 0.38227913830764398
  outer loop
   vertex 0.21034890413284302 -0.27026289701461792 0.0075529161840677261
   vertex 0.21029010415077209 -0.2696664035320282 0.0090000005438923836
   vertex 0.19997680187225342 -0.27017310261726379 0.0090000005438923836
  endloop
 endfacet
 facet normal 0.045344467896646104 -0.92293322194688254 0.38228019443585698
  outer loop
   vertex 0.19997680187225342 -0.27077248692512512 0.0075529161840677261
   vertex 0.21034890413284302 -0.27026289701461792 0.0075529161840677261
   vertex 0.19997680187225342 -0.27017310261726379 0.0090000005438923836
  endloop
 endfacet
 facet normal 0.048652703621809942 -0.99026846257082368 0.13038898138993754
  outer loop
   vertex 0.21036890149116516 -0.2704663872718811 0.0060000019147992134
   vertex 0.21034890413284302 -0.27026289701461792 0.0075529161840677261
   vertex 0.19997680187225342 -0.27077248692512512 0.0075529161840677261
  endloop
 endfacet
 facet normal 0.048647368476013184 -0.99027355720690446 0.13035227438423408
  outer loop
   vertex 0.19997680187225342 -0.27097690105438232 0.0060000019147992134
   vertex 0.21036890149116516 -0.2704663872718811 0.0060000019147992134
   vertex 0.19997680187225342 -0.27077248692512512 0.0075529161840677261
  endloop
 endfacet
 facet normal 0.048647131628206858 -0.9902687358953508 -0.13038898455226802
  outer loop
   vertex 0.21034890413284302 -0.27026289701461792 0.004447088111191988
   vertex 0.21036890149116516 -0.2704663872718811 0.0060000019147992134
   vertex 0.19997680187225342 -0.27097690105438232 0.0060000019147992134
  endloop
 endfacet
 facet normal 0.048652940456964465 -0.9902732830713693 -0.13035227738686769
  outer loop
   vertex 0.19997680187225342 -0.27077248692512512 0.004447088111191988
   vertex 0.21034890413284302 -0.27026289701461792 0.004447088111191988
   vertex 0.19997680187225342 -0.27097690105438232 0.0060000019147992134
  endloop
 endfacet
 facet normal 0.045344492474678325 -0.92293372220377201 -0.38227898375571773
  outer loop
   vertex 0.21029010415077209 -0.2696664035320282 0.0030000030528753996
   vertex 0.21034890413284302 -0.27026289701461792 0.004447088111191988
   vertex 0.19997680187225342 -0.27077248692512512 0.004447088111191988
  endloop
 endfacet
 facet normal 0.045344298394650207 -0.92293329429228721 -0.3822800398789914
  outer loop
   vertex 0.19997680187225342 -0.27017310261726379 0.0030000030528753996
   vertex 0.21029010415077209 -0.2696664035320282 0.0030000030528753996
   vertex 0.19997680187225342 -0.27077248692512512 0.004447088111191988
  endloop
 endfacet
 facet normal 0.038948637681236929 -0.79275665863167899 -0.60829259720788276
  outer loop
   vertex 0.21019670367240906 -0.26871749758720398 0.0017573620425537229
   vertex 0.21029010415077209 -0.2696664035320282 0.0030000030528753996
   vertex 0.19997680187225342 -0.27017310261726379 0.0030000030528753996
  endloop
 endfacet
 facet normal 0.038948569840955641 -0.7927564349222479 -0.60829289310061163
  outer loop
   vertex 0.19997680187225342 -0.26921960711479187 0.0017573620425537229
   vertex 0.21019670367240906 -0.26871749758720398 0.0017573620425537229
   vertex 0.19997680187225342 -0.27017310261726379 0.0030000030528753996
  endloop
 endfacet
 facet normal 0.029894676872091391 -0.60847413799906203 -0.79301042343780803
  outer loop
   vertex 0.21007490158081055 -0.26748079061508179 0.00080384942702949047
   vertex 0.21019670367240906 -0.26871749758720398 0.0017573620425537229
   vertex 0.19997680187225342 -0.26921960711479187 0.0017573620425537229
  endloop
 endfacet
 facet normal 0.029894220257551191 -0.60847227819953242 -0.79301186766520959
  outer loop
   vertex 0.19997680187225342 -0.26797690987586975 0.00080384942702949047
   vertex 0.21007490158081055 -0.26748079061508179 0.00080384942702949047
   vertex 0.19997680187225342 -0.26921960711479187 0.0017573620425537229
  endloop
 endfacet
 facet normal 0.018798320645039241 -0.38262436319351933 -0.92371273664039089
  outer loop
   vertex 0.20993299782276154 -0.26604071259498596 0.00020444609981495887
   vertex 0.21007490158081055 -0.26748079061508179 0.00080384942702949047
   vertex 0.19997680187225342 -0.26797690987586975 0.00080384942702949047
  endloop
 endfacet
 facet normal 0.018795270382172477 -0.38261047805064158 -0.92371855015319482
  outer loop
   vertex 0.19997680187225342 -0.26652979850769043 0.00020444609981495887
   vertex 0.20993299782276154 -0.26604071259498596 0.00020444609981495887
   vertex 0.19997680187225342 -0.26797690987586975 0.00080384942702949047
  endloop
 endfacet
 facet normal 0.0064119948352017123 -0.13052732731537348 -0.9914239774920407
  outer loop
   vertex 0.20978079736232758 -0.26449531316757202 1.3322680133619921e-17
   vertex 0.20993299782276154 -0.26604071259498596 0.00020444609981495887
   vertex 0.19997680187225342 -0.26652979850769043 0.00020444609981495887
  endloop
 endfacet
 facet normal 0.0064114124719524667 -0.13052455797803222 -0.99142434585537276
  outer loop
   vertex 0.19997680187225342 -0.26497688889503479 1.3322680133619921e-17
   vertex 0.20978079736232758 -0.26449531316757202 1.3322680133619921e-17
   vertex 0.19997680187225342 -0.26652979850769043 0.00020444609981495887
  endloop
 endfacet
 facet normal 0.38261381496180541 -0.01879540617327902 0.92371716521192504
  outer loop
   vertex 0.30106380581855774 -0.17490990459918976 0.011795559898018837
   vertex 0.30300000309944153 -0.16495369374752045 0.011196150444447994
   vertex 0.30155289173126221 -0.16495369374752045 0.011795559898018837
  endloop
 endfacet
 facet normal 0.38262124403717596 -0.018797038178478175 0.92371405476324808
  outer loop
   vertex 0.30250391364097595 -0.17505179345607758 0.011196150444447994
   vertex 0.30300000309944153 -0.16495369374752045 0.011196150444447994
   vertex 0.30106380581855774 -0.17490990459918976 0.011795559898018837
  endloop
 endfacet
 facet normal 0.3789354643705985 -0.056208111542392136 0.92371454575484335
  outer loop
   vertex 0.29960119724273682 -0.18477030098438263 0.011795559898018837
   vertex 0.30250391364097595 -0.17505179345607758 0.011196150444447994
   vertex 0.30106380581855774 -0.17490990459918976 0.011795559898018837
  endloop
 endfacet
 facet normal 0.37894909933725635 -0.056212545662578453 0.92370868233529924
  outer loop
   vertex 0.30102041363716125 -0.18505260348320007 0.011196150444447994
   vertex 0.30250391364097595 -0.17505179345607758 0.011196150444447994
   vertex 0.29960119724273682 -0.18477030098438263 0.011795559898018837
  endloop
 endfacet
 facet normal 0.37161443378229608 -0.093086007632446094 0.9237086704084333
  outer loop
   vertex 0.29717910289764404 -0.19443969428539276 0.011795559898018837
   vertex 0.30102041363716125 -0.18505260348320007 0.011196150444447994
   vertex 0.29960119724273682 -0.18477030098438263 0.011795559898018837
  endloop
 endfacet
 facet normal 0.37159471400468574 -0.093077375951574046 0.92371747337037258
  outer loop
   vertex 0.29856389760971069 -0.19485980272293091 0.011196150444447994
   vertex 0.30102041363716125 -0.18505260348320007 0.011196150444447994
   vertex 0.29717910289764404 -0.19443969428539276 0.011795559898018837
  endloop
 endfacet
 facet normal 0.36068039766570609 -0.12905448828426011 0.92371780852887952
  outer loop
   vertex 0.29382088780403137 -0.2038252055644989 0.011795559898018837
   vertex 0.29856389760971069 -0.19485980272293091 0.011196150444447994
   vertex 0.29717910289764404 -0.19443969428539276 0.011795559898018837
  endloop
 endfacet
 facet normal 0.36069082982187822 -0.12906033420945226 0.92371291829017377
  outer loop
   vertex 0.295157790184021 -0.20437900722026825 0.011196150444447994
   vertex 0.29856389760971069 -0.19485980272293091 0.011196150444447994
   vertex 0.29382088780403137 -0.2038252055644989 0.011795559898018837
  endloop
 endfacet
 facet normal 0.34630420996357408 -0.16379057386732535 0.92371318171482053
  outer loop
   vertex 0.28955888748168945 -0.21283639967441559 0.011795559898018837
   vertex 0.295157790184021 -0.20437900722026825 0.011196150444447994
   vertex 0.29382088780403137 -0.2038252055644989 0.011795559898018837
  endloop
 endfacet
 facet normal 0.34628848688628489 -0.16377960943410119 0.92372102032140668
  outer loop
   vertex 0.29083520174026489 -0.21351850032806396 0.011196150444447994
   vertex 0.295157790184021 -0.20437900722026825 0.011196150444447994
   vertex 0.28955888748168945 -0.21283639967441559 0.011795559898018837
  endloop
 endfacet
 facet normal 0.32856942277120266 -0.19693401473306579 0.92372026515656547
  outer loop
   vertex 0.28443428874015808 -0.22138640284538269 0.011795559898018837
   vertex 0.29083520174026489 -0.21351850032806396 0.011196150444447994
   vertex 0.28955888748168945 -0.21283639967441559 0.011795559898018837
  endloop
 endfacet
 facet normal 0.32857643572995454 -0.19694000749163074 0.92371649294152769
  outer loop
   vertex 0.2856374979019165 -0.22219039499759674 0.011196150444447994
   vertex 0.29083520174026489 -0.21351850032806396 0.011196150444447994
   vertex 0.28443428874015808 -0.22138640284538269 0.011795559898018837
  endloop
 endfacet
 facet normal 0.30768862182950973 -0.22819970784265975 0.92371673436025925
  outer loop
   vertex 0.27849620580673218 -0.22939290106296539 0.011795559898018837
   vertex 0.2856374979019165 -0.22219039499759674 0.011196150444447994
   vertex 0.28443428874015808 -0.22138640284538269 0.011795559898018837
  endloop
 endfacet
 facet normal 0.30768556906283628 -0.22819653108280516 0.92371853602288012
  outer loop
   vertex 0.27961480617523193 -0.23031100630760193 0.011196150444447994
   vertex 0.2856374979019165 -0.22219039499759674 0.011196150444447994
   vertex 0.27849620580673218 -0.22939290106296539 0.011795559898018837
  endloop
 endfacet
 facet normal 0.28383787336606303 -0.25725251728173842 0.92371922357134029
  outer loop
   vertex 0.27180200815200806 -0.23677890002727509 0.011795559898018837
   vertex 0.27961480617523193 -0.23031100630760193 0.011196150444447994
   vertex 0.27849620580673218 -0.22939290106296539 0.011795559898018837
  endloop
 endfacet
 facet normal 0.28385283029119762 -0.2572715001810989 0.92370934061004462
  outer loop
   vertex 0.2728252112865448 -0.23780210316181183 0.011196150444447994
   vertex 0.27961480617523193 -0.23031100630760193 0.011196150444447994
   vertex 0.27180200815200806 -0.23677890002727509 0.011795559898018837
  endloop
 endfacet
 facet normal 0.25726863394264943 -0.28385565557790327 0.92370927070465281
  outer loop
   vertex 0.26441600918769836 -0.24347309768199921 0.011795559898018837
   vertex 0.2728252112865448 -0.23780210316181183 0.011196150444447994
   vertex 0.27180200815200806 -0.23677890002727509 0.011795559898018837
  endloop
 endfacet
 facet normal 0.25726420671892503 -0.28384873560158697 0.92371263022579853
  outer loop
   vertex 0.26533401012420654 -0.24459169805049896 0.011196150444447994
   vertex 0.2728252112865448 -0.23780210316181183 0.011196150444447994
   vertex 0.26441600918769836 -0.24347309768199921 0.011795559898018837
  endloop
 endfacet
 facet normal 0.22820556486414209 -0.30769631955418325 0.92371272325212006
  outer loop
   vertex 0.25640949606895447 -0.2494111955165863 0.011795559898018837
   vertex 0.26533401012420654 -0.24459169805049896 0.011196150444447994
   vertex 0.26441600918769836 -0.24347309768199921 0.011795559898018837
  endloop
 endfacet
 facet normal 0.22820573410244543 -0.30769665191093276 0.92371257073050916
  outer loop
   vertex 0.25721341371536255 -0.25061440467834473 0.011196150444447994
   vertex 0.26533401012420654 -0.24459169805049896 0.011196150444447994
   vertex 0.25640949606895447 -0.2494111955165863 0.011795559898018837
  endloop
 endfacet
 facet normal 0.19694646317442782 -0.32858254850540064 0.92371294213125532
  outer loop
   vertex 0.24785949289798737 -0.25453591346740723 0.011795559898018837
   vertex 0.25721341371536255 -0.25061440467834473 0.011196150444447994
   vertex 0.25640949606895447 -0.2494111955165863 0.011795559898018837
  endloop
 endfacet
 facet normal 0.19694852825376785 -0.32858782871131076 0.92371062354043598
  outer loop
   vertex 0.24854159355163574 -0.25581210851669312 0.011196150444447994
   vertex 0.25721341371536255 -0.25061440467834473 0.011196150444447994
   vertex 0.24785949289798737 -0.25453591346740723 0.011795559898018837
  endloop
 endfacet
 facet normal 0.16378918540432588 -0.34631096073124501 0.92371089699212139
  outer loop
   vertex 0.23884829878807068 -0.25879779458045959 0.011795559898018837
   vertex 0.24854159355163574 -0.25581210851669312 0.011196150444447994
   vertex 0.24785949289798737 -0.25453591346740723 0.011795559898018837
  endloop
 endfacet
 facet normal 0.16378763358351547 -0.34630545279900637 0.92371323712870301
  outer loop
   vertex 0.23940210044384003 -0.26013469696044922 0.011196150444447994
   vertex 0.24854159355163574 -0.25581210851669312 0.011196150444447994
   vertex 0.23884829878807068 -0.25879779458045959 0.011795559898018837
  endloop
 endfacet
 facet normal 0.12905866787193351 -0.3606915060796097 0.92371288704290833
  outer loop
   vertex 0.22946280241012573 -0.26215600967407227 0.011795559898018837
   vertex 0.23940210044384003 -0.26013469696044922 0.011196150444447994
   vertex 0.23884829878807068 -0.25879779458045959 0.011795559898018837
  endloop
 endfacet
 facet normal 0.12905677215037609 -0.36068087477215727 0.92371730314838052
  outer loop
   vertex 0.22988289594650269 -0.26354080438613892 0.011196150444447994
   vertex 0.23940210044384003 -0.26013469696044922 0.011196150444447994
   vertex 0.22946280241012573 -0.26215600967407227 0.011795559898018837
  endloop
 endfacet
 facet normal 0.093080077598415023 -0.37159476864301294 0.92371717915789497
  outer loop
   vertex 0.21979330480098724 -0.26457810401916504 0.011795559898018837
   vertex 0.22988289594650269 -0.26354080438613892 0.011196150444447994
   vertex 0.22946280241012573 -0.26215600967407227 0.011795559898018837
  endloop
 endfacet
 facet normal 0.09307975860714178 -0.37159070197313093 0.92371884723911102
  outer loop
   vertex 0.22007569670677185 -0.26599740982055664 0.011196150444447994
   vertex 0.22988289594650269 -0.26354080438613892 0.011196150444447994
   vertex 0.21979330480098724 -0.26457810401916504 0.011795559898018837
  endloop
 endfacet
 facet normal 0.05620732625791041 -0.3789267343911295 0.92371817479067242
  outer loop
   vertex 0.20993299782276154 -0.26604071259498596 0.011795559898018837
   vertex 0.22007569670677185 -0.26599740982055664 0.011196150444447994
   vertex 0.21979330480098724 -0.26457810401916504 0.011795559898018837
  endloop
 endfacet
 facet normal 0.056207026798275335 -0.37894178064298734 0.92371202061119673
  outer loop
   vertex 0.21007490158081055 -0.26748079061508179 0.011196150444447994
   vertex 0.22007569670677185 -0.26599740982055664 0.011196150444447994
   vertex 0.20993299782276154 -0.26604071259498596 0.011795559898018837
  endloop
 endfacet
 facet normal 0.60849895410975974 -0.029893734993067623 0.79299141701250009
  outer loop
   vertex 0.30250391364097595 -0.17505179345607758 0.011196150444447994
   vertex 0.30424261093139648 -0.16495369374752045 0.010242640040814877
   vertex 0.30300000309944153 -0.16495369374752045 0.011196150444447994
  endloop
 endfacet
 facet normal 0.60848285210152786 -0.029889781798392748 0.7930039215807414
  outer loop
   vertex 0.30374059081077576 -0.17517359554767609 0.010242640040814877
   vertex 0.30424261093139648 -0.16495369374752045 0.010242640040814877
   vertex 0.30250391364097595 -0.17505179345607758 0.011196150444447994
  endloop
 endfacet
 facet normal 0.60262244843989854 -0.089391799477730585 0.79300396646072024
  outer loop
   vertex 0.30102041363716125 -0.18505260348320007 0.011196150444447994
   vertex 0.30374059081077576 -0.17517359554767609 0.010242640040814877
   vertex 0.30250391364097595 -0.17505179345607758 0.011196150444447994
  endloop
 endfacet
 facet normal 0.6026202789843087 -0.0893910346762289 0.79300570128870262
  outer loop
   vertex 0.30223920941352844 -0.18529500067234039 0.010242640040814877
   vertex 0.30374059081077576 -0.17517359554767609 0.010242640040814877
   vertex 0.30102041363716125 -0.18505260348320007 0.011196150444447994
  endloop
 endfacet
 facet normal 0.59095863806502558 -0.14802384763286749 0.79300493606804967
  outer loop
   vertex 0.29856389760971069 -0.19485980272293091 0.011196150444447994
   vertex 0.30223920941352844 -0.18529500067234039 0.010242640040814877
   vertex 0.30102041363716125 -0.18505260348320007 0.011196150444447994
  endloop
 endfacet
 facet normal 0.59097268652125357 -0.14803041163466904 0.79299324147001571
  outer loop
   vertex 0.29975301027297974 -0.19522050023078918 0.010242640040814877
   vertex 0.30223920941352844 -0.18529500067234039 0.010242640040814877
   vertex 0.29856389760971069 -0.19485980272293091 0.011196150444447994
  endloop
 endfacet
 facet normal 0.57361629049644214 -0.20524810735004334 0.79299279045040916
  outer loop
   vertex 0.295157790184021 -0.20437900722026825 0.011196150444447994
   vertex 0.29975301027297974 -0.19522050023078918 0.010242640040814877
   vertex 0.29856389760971069 -0.19485980272293091 0.011196150444447994
  endloop
 endfacet
 facet normal 0.57359893510571147 -0.20523781505780028 0.79300800810325622
  outer loop
   vertex 0.29630589485168457 -0.20485450327396393 0.010242640040814877
   vertex 0.29975301027297974 -0.19522050023078918 0.010242640040814877
   vertex 0.295157790184021 -0.20437900722026825 0.011196150444447994
  endloop
 endfacet
 facet normal 0.55072358529759324 -0.26046864715951978 0.79300669382033218
  outer loop
   vertex 0.29083520174026489 -0.21351850032806396 0.011196150444447994
   vertex 0.29630589485168457 -0.20485450327396393 0.010242640040814877
   vertex 0.295157790184021 -0.20437900722026825 0.011196150444447994
  endloop
 endfacet
 facet normal 0.55073434697463219 -0.26047655061690317 0.79299662397840331
  outer loop
   vertex 0.29193109273910522 -0.2141042947769165 0.010242640040814877
   vertex 0.29630589485168457 -0.20485450327396393 0.010242640040814877
   vertex 0.29083520174026489 -0.21351850032806396 0.011196150444447994
  endloop
 endfacet
 facet normal 0.52255065930751288 -0.31320301630929248 0.79299727555146393
  outer loop
   vertex 0.2856374979019165 -0.22219039499759674 0.011196150444447994
   vertex 0.29193109273910522 -0.2141042947769165 0.010242640040814877
   vertex 0.29083520174026489 -0.21351850032806396 0.011196150444447994
  endloop
 endfacet
 facet normal 0.52255658751522815 -0.31320833891328292 0.79299126683691934
  outer loop
   vertex 0.28667071461677551 -0.22288070619106293 0.010242640040814877
   vertex 0.29193109273910522 -0.2141042947769165 0.010242640040814877
   vertex 0.2856374979019165 -0.22219039499759674 0.011196150444447994
  endloop
 endfacet
 facet normal 0.48934080001018332 -0.36292203569938591 0.79299002354960757
  outer loop
   vertex 0.27961480617523193 -0.23031100630760193 0.011196150444447994
   vertex 0.28667071461677551 -0.22288070619106293 0.010242640040814877
   vertex 0.2856374979019165 -0.22219039499759674 0.011196150444447994
  endloop
 endfacet
 facet normal 0.48933478631953831 -0.36291546278421716 0.79299674259717434
  outer loop
   vertex 0.28057539463043213 -0.23109929263591766 0.010242640040814877
   vertex 0.28667071461677551 -0.22288070619106293 0.010242640040814877
   vertex 0.27961480617523193 -0.23031100630760193 0.011196150444447994
  endloop
 endfacet
 facet normal 0.45140568423610017 -0.40913390736515859 0.79299580962540772
  outer loop
   vertex 0.2728252112865448 -0.23780210316181183 0.011196150444447994
   vertex 0.28057539463043213 -0.23109929263591766 0.010242640040814877
   vertex 0.27961480617523193 -0.23031100630760193 0.011196150444447994
  endloop
 endfacet
 facet normal 0.45139977351974414 -0.40912601518388436 0.79300324599971195
  outer loop
   vertex 0.27370390295982361 -0.23868079483509064 0.010242640040814877
   vertex 0.28057539463043213 -0.23109929263591766 0.010242640040814877
   vertex 0.2728252112865448 -0.23780210316181183 0.011196150444447994
  endloop
 endfacet
 facet normal 0.40912432794564096 -0.4514014004213841 0.79300319039751732
  outer loop
   vertex 0.26533401012420654 -0.24459169805049896 0.011196150444447994
   vertex 0.27370390295982361 -0.23868079483509064 0.010242640040814877
   vertex 0.2728252112865448 -0.23780210316181183 0.011196150444447994
  endloop
 endfacet
 facet normal 0.40911616824559155 -0.45138793027048579 0.79301506750261175
  outer loop
   vertex 0.26612240076065063 -0.24555230140686035 0.010242640040814877
   vertex 0.27370390295982361 -0.23868079483509064 0.010242640040814877
   vertex 0.26533401012420654 -0.24459169805049896 0.011196150444447994
  endloop
 endfacet
 facet normal 0.36290415438194668 -0.48931458145466761 0.7930143851836281
  outer loop
   vertex 0.25721341371536255 -0.25061440467834473 0.011196150444447994
   vertex 0.26612240076065063 -0.24555230140686035 0.010242640040814877
   vertex 0.26533401012420654 -0.24459169805049896 0.011196150444447994
  endloop
 endfacet
 facet normal 0.36291407861123659 -0.48933531252381485 0.79299705135831222
  outer loop
   vertex 0.2579038143157959 -0.25164759159088135 0.010242640040814877
   vertex 0.26612240076065063 -0.24555230140686035 0.010242640040814877
   vertex 0.25721341371536255 -0.25061440467834473 0.011196150444447994
  endloop
 endfacet
 facet normal 0.31320576669930977 -0.52255075847523458 0.79299612390178442
  outer loop
   vertex 0.24854159355163574 -0.25581210851669312 0.011196150444447994
   vertex 0.2579038143157959 -0.25164759159088135 0.010242640040814877
   vertex 0.25721341371536255 -0.25061440467834473 0.011196150444447994
  endloop
 endfacet
 facet normal 0.31320445604589248 -0.5225471488856992 0.79299902011567669
  outer loop
   vertex 0.24912740290164948 -0.25690799951553345 0.010242640040814877
   vertex 0.2579038143157959 -0.25164759159088135 0.010242640040814877
   vertex 0.24854159355163574 -0.25581210851669312 0.011196150444447994
  endloop
 endfacet
 facet normal 0.26047344411235573 -0.5507337277661517 0.79299807440689651
  outer loop
   vertex 0.23940210044384003 -0.26013469696044922 0.011196150444447994
   vertex 0.24912740290164948 -0.25690799951553345 0.010242640040814877
   vertex 0.24854159355163574 -0.25581210851669312 0.011196150444447994
  endloop
 endfacet
 facet normal 0.26047063212845334 -0.55072272051291138 0.79300664241194185
  outer loop
   vertex 0.23987759649753571 -0.26128280162811279 0.010242640040814877
   vertex 0.24912740290164948 -0.25690799951553345 0.010242640040814877
   vertex 0.23940210044384003 -0.26013469696044922 0.011196150444447994
  endloop
 endfacet
 facet normal 0.20524139404730726 -0.57359752852166845 0.79300809922935322
  outer loop
   vertex 0.22988289594650269 -0.26354080438613892 0.011196150444447994
   vertex 0.23987759649753571 -0.26128280162811279 0.010242640040814877
   vertex 0.23940210044384003 -0.26013469696044922 0.011196150444447994
  endloop
 endfacet
 facet normal 0.20524577582954215 -0.57362614321422378 0.79298626679489492
  outer loop
   vertex 0.23024359345436096 -0.26472988724708557 0.010242640040814877
   vertex 0.23987759649753571 -0.26128280162811279 0.010242640040814877
   vertex 0.22988289594650269 -0.26354080438613892 0.011196150444447994
  endloop
 endfacet
 facet normal 0.14803476705063198 -0.59098072263965451 0.79298643948845493
  outer loop
   vertex 0.22007569670677185 -0.26599740982055664 0.011196150444447994
   vertex 0.23024359345436096 -0.26472988724708557 0.010242640040814877
   vertex 0.22988289594650269 -0.26354080438613892 0.011196150444447994
  endloop
 endfacet
 facet normal 0.14803540821895686 -0.59099263407667402 0.79297744254206948
  outer loop
   vertex 0.22031809389591217 -0.26721608638763428 0.010242640040814877
   vertex 0.23024359345436096 -0.26472988724708557 0.010242640040814877
   vertex 0.22007569670677185 -0.26599740982055664 0.011196150444447994
  endloop
 endfacet
 facet normal 0.08938994003621549 -0.6026574430002184 0.79297758166089449
  outer loop
   vertex 0.21007490158081055 -0.26748079061508179 0.011196150444447994
   vertex 0.22031809389591217 -0.26721608638763428 0.010242640040814877
   vertex 0.22007569670677185 -0.26599740982055664 0.011196150444447994
  endloop
 endfacet
 facet normal 0.089391902372009266 -0.60261327941852472 0.79301092253433936
  outer loop
   vertex 0.21019670367240906 -0.26871749758720398 0.010242640040814877
   vertex 0.22031809389591217 -0.26721608638763428 0.010242640040814877
   vertex 0.21007490158081055 -0.26748079061508179 0.011196150444447994
  endloop
 endfacet
 facet normal 0.79272878648009881 -0.038940276412656086 0.60832945511350667
  outer loop
   vertex 0.30374059081077576 -0.17517359554767609 0.010242640040814877
   vertex 0.30519619584083557 -0.16495369374752045 0.0090000005438923836
   vertex 0.30424261093139648 -0.16495369374752045 0.010242640040814877
  endloop
 endfacet
 facet normal 0.79275630138082631 -0.038948620129275843 0.60829306391822158
  outer loop
   vertex 0.30468949675559998 -0.17526699602603912 0.0090000005438923836
   vertex 0.30519619584083557 -0.16495369374752045 0.0090000005438923836
   vertex 0.30374059081077576 -0.17517359554767609 0.010242640040814877
  endloop
 endfacet
 facet normal 0.78512344391930433 -0.11646305218735965 0.60829066677329147
  outer loop
   vertex 0.30223920941352844 -0.18529500067234039 0.010242640040814877
   vertex 0.30468949675559998 -0.17526699602603912 0.0090000005438923836
   vertex 0.30374059081077576 -0.17517359554767609 0.010242640040814877
  endloop
 endfacet
 facet normal 0.78511582570283422 -0.11645989743112026 0.60830110350162103
  outer loop
   vertex 0.30317440629005432 -0.185480996966362 0.0090000005438923836
   vertex 0.30468949675559998 -0.17526699602603912 0.0090000005438923836
   vertex 0.30223920941352844 -0.18529500067234039 0.010242640040814877
  endloop
 endfacet
 facet normal 0.76992084620616563 -0.19285442862157146 0.60830013968289465
  outer loop
   vertex 0.29975301027297974 -0.19522050023078918 0.010242640040814877
   vertex 0.30317440629005432 -0.185480996966362 0.0090000005438923836
   vertex 0.30223920941352844 -0.18529500067234039 0.010242640040814877
  endloop
 endfacet
 facet normal 0.76993512014745014 -0.19286205659760372 0.60827965434368603
  outer loop
   vertex 0.30066540837287903 -0.1954973042011261 0.0090000005438923836
   vertex 0.30317440629005432 -0.185480996966362 0.0090000005438923836
   vertex 0.29975301027297974 -0.19522050023078918 0.010242640040814877
  endloop
 endfacet
 facet normal 0.7473238613558002 -0.26739784029926045 0.60828072569459901
  outer loop
   vertex 0.29630589485168457 -0.20485450327396393 0.010242640040814877
   vertex 0.30066540837287903 -0.1954973042011261 0.0090000005438923836
   vertex 0.29975301027297974 -0.19522050023078918 0.010242640040814877
  endloop
 endfacet
 facet normal 0.74731885494629069 -0.26739449574870872 0.60828834666222142
  outer loop
   vertex 0.29718679189682007 -0.20521940290927887 0.0090000005438923836
   vertex 0.30066540837287903 -0.1954973042011261 0.0090000005438923836
   vertex 0.29630589485168457 -0.20485450327396393 0.010242640040814877
  endloop
 endfacet
 facet normal 0.71751103897422341 -0.33935562851351414 0.60828913055086586
  outer loop
   vertex 0.29193109273910522 -0.2141042947769165 0.010242640040814877
   vertex 0.29718679189682007 -0.20521940290927887 0.0090000005438923836
   vertex 0.29630589485168457 -0.20485450327396393 0.010242640040814877
  endloop
 endfacet
 facet normal 0.71750616288445856 -0.33935162756373799 0.60829711415776355
  outer loop
   vertex 0.29277199506759644 -0.21455380320549011 0.0090000005438923836
   vertex 0.29718679189682007 -0.20521940290927887 0.0090000005438923836
   vertex 0.29193109273910522 -0.2141042947769165 0.010242640040814877
  endloop
 endfacet
 facet normal 0.68078638866928487 -0.40804762401673011 0.60829847076655941
  outer loop
   vertex 0.28667071461677551 -0.22288070619106293 0.010242640040814877
   vertex 0.29277199506759644 -0.21455380320549011 0.0090000005438923836
   vertex 0.29193109273910522 -0.2141042947769165 0.010242640040814877
  endloop
 endfacet
 facet normal 0.68078798287994646 -0.40804921794427845 0.60829561736158888
  outer loop
   vertex 0.2874634861946106 -0.22341050207614899 0.0090000005438923836
   vertex 0.29277199506759644 -0.21455380320549011 0.0090000005438923836
   vertex 0.28667071461677551 -0.22288070619106293 0.010242640040814877
  endloop
 endfacet
 facet normal 0.63751259586276854 -0.47281163168159235 0.60829832406715079
  outer loop
   vertex 0.28057539463043213 -0.23109929263591766 0.010242640040814877
   vertex 0.2874634861946106 -0.22341050207614899 0.0090000005438923836
   vertex 0.28667071461677551 -0.22288070619106293 0.010242640040814877
  endloop
 endfacet
 facet normal 0.6375062012550351 -0.47280384129400915 0.60831108079584095
  outer loop
   vertex 0.281312495470047 -0.23170420527458191 0.0090000005438923836
   vertex 0.2874634861946106 -0.22341050207614899 0.0090000005438923836
   vertex 0.28057539463043213 -0.23109929263591766 0.010242640040814877
  endloop
 endfacet
 facet normal 0.58809138986648546 -0.53301641031838798 0.60831079515014796
  outer loop
   vertex 0.27370390295982361 -0.23868079483509064 0.010242640040814877
   vertex 0.281312495470047 -0.23170420527458191 0.0090000005438923836
   vertex 0.28057539463043213 -0.23109929263591766 0.010242640040814877
  endloop
 endfacet
 facet normal 0.58810590083015868 -0.53303812356422742 0.6082777393887393
  outer loop
   vertex 0.27437809109687805 -0.23935499787330627 0.0090000005438923836
   vertex 0.281312495470047 -0.23170420527458191 0.0090000005438923836
   vertex 0.27370390295982361 -0.23868079483509064 0.010242640040814877
  endloop
 endfacet
 facet normal 0.53303391085035967 -0.58810942333203464 0.60827802530720476
  outer loop
   vertex 0.26612240076065063 -0.24555230140686035 0.010242640040814877
   vertex 0.27437809109687805 -0.23935499787330627 0.0090000005438923836
   vertex 0.27370390295982361 -0.23868079483509064 0.010242640040814877
  endloop
 endfacet
 facet normal 0.5330232602725784 -0.58808950202276 0.6083066180956882
  outer loop
   vertex 0.26672729849815369 -0.24628940224647522 0.0090000005438923836
   vertex 0.27437809109687805 -0.23935499787330627 0.0090000005438923836
   vertex 0.26612240076065063 -0.24555230140686035 0.010242640040814877
  endloop
 endfacet
 facet normal 0.47280594043874824 -0.63750803912887288 0.60830752315904379
  outer loop
   vertex 0.2579038143157959 -0.25164759159088135 0.010242640040814877
   vertex 0.26672729849815369 -0.24628940224647522 0.0090000005438923836
   vertex 0.26612240076065063 -0.24555230140686035 0.010242640040814877
  endloop
 endfacet
 facet normal 0.47280579691471997 -0.63750769271921726 0.60830799775085709
  outer loop
   vertex 0.25843361020088196 -0.25244039297103882 0.0090000005438923836
   vertex 0.26672729849815369 -0.24628940224647522 0.0090000005438923836
   vertex 0.2579038143157959 -0.25164759159088135 0.010242640040814877
  endloop
 endfacet
 facet normal 0.40804638291133738 -0.68078046109343648 0.60830593716187087
  outer loop
   vertex 0.24912740290164948 -0.25690799951553345 0.010242640040814877
   vertex 0.25843361020088196 -0.25244039297103882 0.0090000005438923836
   vertex 0.2579038143157959 -0.25164759159088135 0.010242640040814877
  endloop
 endfacet
 facet normal 0.40804880276212863 -0.68078843559798186 0.60829538919873938
  outer loop
   vertex 0.24957689642906189 -0.25774890184402466 0.0090000005438923836
   vertex 0.25843361020088196 -0.25244039297103882 0.0090000005438923836
   vertex 0.24912740290164948 -0.25690799951553345 0.010242640040814877
  endloop
 endfacet
 facet normal 0.33935339770793438 -0.71750747818989202 0.60829457519006525
  outer loop
   vertex 0.23987759649753571 -0.26128280162811279 0.010242640040814877
   vertex 0.24957689642906189 -0.25774890184402466 0.0090000005438923836
   vertex 0.24912740290164948 -0.25690799951553345 0.010242640040814877
  endloop
 endfacet
 facet normal 0.3393542316594293 -0.71751166883921313 0.60828916687247181
  outer loop
   vertex 0.24024249613285065 -0.26216369867324829 0.0090000005438923836
   vertex 0.24957689642906189 -0.25774890184402466 0.0090000005438923836
   vertex 0.23987759649753571 -0.26128280162811279 0.010242640040814877
  endloop
 endfacet
 facet normal 0.26739382764447994 -0.74731910779191069 0.60828832971440183
  outer loop
   vertex 0.23024359345436096 -0.26472988724708557 0.010242640040814877
   vertex 0.24024249613285065 -0.26216369867324829 0.0090000005438923836
   vertex 0.23987759649753571 -0.26128280162811279 0.010242640040814877
  endloop
 endfacet
 facet normal 0.26739092546551624 -0.74728966990985712 0.60832576981804054
  outer loop
   vertex 0.23052039742469788 -0.26564240455627441 0.0090000005438923836
   vertex 0.24024249613285065 -0.26216369867324829 0.0090000005438923836
   vertex 0.23024359345436096 -0.26472988724708557 0.010242640040814877
  endloop
 endfacet
 facet normal 0.19284959588481998 -0.7699015527691635 0.60832609052274966
  outer loop
   vertex 0.22031809389591217 -0.26721608638763428 0.010242640040814877
   vertex 0.23052039742469788 -0.26564240455627441 0.0090000005438923836
   vertex 0.23024359345436096 -0.26472988724708557 0.010242640040814877
  endloop
 endfacet
 facet normal 0.19284959680334171 -0.76991166881548867 0.60831328707709287
  outer loop
   vertex 0.22050410509109497 -0.26815131306648254 0.0090000005438923836
   vertex 0.23052039742469788 -0.26564240455627441 0.0090000005438923836
   vertex 0.22031809389591217 -0.26721608638763428 0.010242640040814877
  endloop
 endfacet
 facet normal 0.11646286348104919 -0.7851054315940218 0.60831395077818118
  outer loop
   vertex 0.21019670367240906 -0.26871749758720398 0.010242640040814877
   vertex 0.22050410509109497 -0.26815131306648254 0.0090000005438923836
   vertex 0.22031809389591217 -0.26721608638763428 0.010242640040814877
  endloop
 endfacet
 facet normal 0.11646106571949437 -0.78512370173322532 0.60829071433665449
  outer loop
   vertex 0.21029010415077209 -0.2696664035320282 0.0090000005438923836
   vertex 0.22050410509109497 -0.26815131306648254 0.0090000005438923836
   vertex 0.21019670367240906 -0.26871749758720398 0.010242640040814877
  endloop
 endfacet
 facet normal 0.92292652286283661 -0.045343965710024497 0.38229642709552253
  outer loop
   vertex 0.30468949675559998 -0.17526699602603912 0.0090000005438923836
   vertex 0.30579560995101929 -0.16495369374752045 0.0075529161840677261
   vertex 0.30519619584083557 -0.16495369374752045 0.0090000005438923836
  endloop
 endfacet
 facet normal 0.92293350809891095 -0.045347133834702118 0.38227918735031213
  outer loop
   vertex 0.3052859902381897 -0.17532579600811005 0.0075529161840677261
   vertex 0.30579560995101929 -0.16495369374752045 0.0075529161840677261
   vertex 0.30468949675559998 -0.17526699602603912 0.0090000005438923836
  endloop
 endfacet
 facet normal 0.91404457122808991 -0.13558450043648299 0.38228178749431219
  outer loop
   vertex 0.30317440629005432 -0.185480996966362 0.0090000005438923836
   vertex 0.3052859902381897 -0.17532579600811005 0.0075529161840677261
   vertex 0.30468949675559998 -0.17526699602603912 0.0090000005438923836
  endloop
 endfacet
 facet normal 0.91404026402860317 -0.135582011555685 0.3822929686471298
  outer loop
   vertex 0.303762286901474 -0.18559800088405609 0.0075529161840677261
   vertex 0.3052859902381897 -0.17532579600811005 0.0075529161840677261
   vertex 0.30317440629005432 -0.185480996966362 0.0090000005438923836
  endloop
 endfacet
 facet normal 0.89634648647769366 -0.22452700530535308 0.38229648189291998
  outer loop
   vertex 0.30066540837287903 -0.1954973042011261 0.0090000005438923836
   vertex 0.303762286901474 -0.18559800088405609 0.0075529161840677261
   vertex 0.30317440629005432 -0.185480996966362 0.0090000005438923836
  endloop
 endfacet
 facet normal 0.89634611920410945 -0.22452674191623276 0.38229749770592741
  outer loop
   vertex 0.301239013671875 -0.19567130506038666 0.0075529161840677261
   vertex 0.303762286901474 -0.18559800088405609 0.0075529161840677261
   vertex 0.30066540837287903 -0.1954973042011261 0.0090000005438923836
  endloop
 endfacet
 facet normal 0.87002391775601629 -0.3112989927096188 0.38229742304971048
  outer loop
   vertex 0.29718679189682007 -0.20521940290927887 0.0090000005438923836
   vertex 0.301239013671875 -0.19567130506038666 0.0075529161840677261
   vertex 0.30066540837287903 -0.1954973042011261 0.0090000005438923836
  endloop
 endfacet
 facet normal 0.87001800144681596 -0.31129380052590278 0.3823151146797989
  outer loop
   vertex 0.29774060845375061 -0.20544880628585815 0.0075529161840677261
   vertex 0.301239013671875 -0.19567130506038666 0.0075529161840677261
   vertex 0.29718679189682007 -0.20521940290927887 0.0090000005438923836
  endloop
 endfacet
 facet normal 0.83531648408147796 -0.3950711827537513 0.38231548749600774
  outer loop
   vertex 0.29277199506759644 -0.21455380320549011 0.0090000005438923836
   vertex 0.29774060845375061 -0.20544880628585815 0.0075529161840677261
   vertex 0.29718679189682007 -0.20521940290927887 0.0090000005438923836
  endloop
 endfacet
 facet normal 0.83533172262242328 -0.39508746476016487 0.38226536381163329
  outer loop
   vertex 0.29330059885978699 -0.21483629941940308 0.0075529161840677261
   vertex 0.29774060845375061 -0.20544880628585815 0.0075529161840677261
   vertex 0.29277199506759644 -0.21455380320549011 0.0090000005438923836
  endloop
 endfacet
 facet normal 0.79258687638654224 -0.47505899515776201 0.38226299127632207
  outer loop
   vertex 0.2874634861946106 -0.22341050207614899 0.0090000005438923836
   vertex 0.29330059885978699 -0.21483629941940308 0.0075529161840677261
   vertex 0.29277199506759644 -0.21455380320549011 0.0090000005438923836
  endloop
 endfacet
 facet normal 0.79257692233471166 -0.4750460128490519 0.38229976178210584
  outer loop
   vertex 0.28796190023422241 -0.2237434983253479 0.0075529161840677261
   vertex 0.29330059885978699 -0.21483629941940308 0.0075529161840677261
   vertex 0.2874634861946106 -0.22341050207614899 0.0090000005438923836
  endloop
 endfacet
 facet normal 0.74219667731835548 -0.55044710050025902 0.38229841973051676
  outer loop
   vertex 0.281312495470047 -0.23170420527458191 0.0090000005438923836
   vertex 0.28796190023422241 -0.2237434983253479 0.0075529161840677261
   vertex 0.2874634861946106 -0.22341050207614899 0.0090000005438923836
  endloop
 endfacet
 facet normal 0.7422076895324321 -0.55046482461370638 0.38225151727878109
  outer loop
   vertex 0.28177580237388611 -0.23208439350128174 0.0075529161840677261
   vertex 0.28796190023422241 -0.2237434983253479 0.0075529161840677261
   vertex 0.281312495470047 -0.23170420527458191 0.0090000005438923836
  endloop
 endfacet
 facet normal 0.68467680824261523 -0.62056653503802506 0.38224971399021945
  outer loop
   vertex 0.27437809109687805 -0.23935499787330627 0.0090000005438923836
   vertex 0.28177580237388611 -0.23208439350128174 0.0075529161840677261
   vertex 0.281312495470047 -0.23170420527458191 0.0090000005438923836
  endloop
 endfacet
 facet normal 0.68465878107787059 -0.62052994592940669 0.38234139155708985
  outer loop
   vertex 0.27480199933052063 -0.23977890610694885 0.0075529161840677261
   vertex 0.28177580237388611 -0.23208439350128174 0.0075529161840677261
   vertex 0.27437809109687805 -0.23935499787330627 0.0090000005438923836
  endloop
 endfacet
 facet normal 0.62054099084755843 -0.68464862510058244 0.38234165196302178
  outer loop
   vertex 0.26672729849815369 -0.24628940224647522 0.0090000005438923836
   vertex 0.27480199933052063 -0.23977890610694885 0.0075529161840677261
   vertex 0.27437809109687805 -0.23935499787330627 0.0090000005438923836
  endloop
 endfacet
 facet normal 0.62055628459706003 -0.68468930472108913 0.38224397136860677
  outer loop
   vertex 0.26710748672485352 -0.24675269424915314 0.0075529161840677261
   vertex 0.27480199933052063 -0.23977890610694885 0.0075529161840677261
   vertex 0.26672729849815369 -0.24628940224647522 0.0090000005438923836
  endloop
 endfacet
 facet normal 0.55046093460589174 -0.74221399704192303 0.38224487186600703
  outer loop
   vertex 0.25843361020088196 -0.25244039297103882 0.0090000005438923836
   vertex 0.26710748672485352 -0.24675269424915314 0.0075529161840677261
   vertex 0.26672729849815369 -0.24628940224647522 0.0090000005438923836
  endloop
 endfacet
 facet normal 0.55045535161226589 -0.74219312900437351 0.38229342806293987
  outer loop
   vertex 0.25876659154891968 -0.25293880701065063 0.0075529161840677261
   vertex 0.26710748672485352 -0.24675269424915314 0.0075529161840677261
   vertex 0.25843361020088196 -0.25244039297103882 0.0090000005438923836
  endloop
 endfacet
 facet normal 0.47505145528715553 -0.79257563037629664 0.38229567740581627
  outer loop
   vertex 0.24957689642906189 -0.25774890184402466 0.0090000005438923836
   vertex 0.25876659154891968 -0.25293880701065063 0.0075529161840677261
   vertex 0.25843361020088196 -0.25244039297103882 0.0090000005438923836
  endloop
 endfacet
 facet normal 0.47505381111424533 -0.79258993312705461 0.38226309585347357
  outer loop
   vertex 0.24985939264297485 -0.25827750563621521 0.0075529161840677261
   vertex 0.25876659154891968 -0.25293880701065063 0.0075529161840677261
   vertex 0.24957689642906189 -0.25774890184402466 0.0090000005438923836
  endloop
 endfacet
 facet normal 0.39508007400356598 -0.83533528324440987 0.3822652216620267
  outer loop
   vertex 0.24024249613285065 -0.26216369867324829 0.0090000005438923836
   vertex 0.24985939264297485 -0.25827750563621521 0.0075529161840677261
   vertex 0.24957689642906189 -0.25774890184402466 0.0090000005438923836
  endloop
 endfacet
 facet normal 0.39507904761257745 -0.83531953313228535 0.3823006980181955
  outer loop
   vertex 0.24047189950942993 -0.26271748542785645 0.0075529161840677261
   vertex 0.24985939264297485 -0.25827750563621521 0.0075529161840677261
   vertex 0.24024249613285065 -0.26216369867324829 0.0090000005438923836
  endloop
 endfacet
 facet normal 0.3113057268497999 -0.87002037729450421 0.38229999676019677
  outer loop
   vertex 0.23052039742469788 -0.26564240455627441 0.0090000005438923836
   vertex 0.24047189950942993 -0.26271748542785645 0.0075529161840677261
   vertex 0.24024249613285065 -0.26216369867324829 0.0090000005438923836
  endloop
 endfacet
 facet normal 0.31130568716651547 -0.870021576501262 0.38229729996436318
  outer loop
   vertex 0.23069439828395844 -0.26621600985527039 0.0075529161840677261
   vertex 0.24047189950942993 -0.26271748542785645 0.0075529161840677261
   vertex 0.23052039742469788 -0.26564240455627441 0.0090000005438923836
  endloop
 endfacet
 facet normal 0.22451970161728582 -0.89634793652378941 0.38229737152539989
  outer loop
   vertex 0.22050410509109497 -0.26815131306648254 0.0090000005438923836
   vertex 0.23069439828395844 -0.26621600985527039 0.0075529161840677261
   vertex 0.23052039742469788 -0.26564240455627441 0.0090000005438923836
  endloop
 endfacet
 facet normal 0.22451885495734741 -0.89635434904526279 0.38228283340516966
  outer loop
   vertex 0.22062100470066071 -0.26873919367790222 0.0075529161840677261
   vertex 0.23069439828395844 -0.26621600985527039 0.0075529161840677261
   vertex 0.22050410509109497 -0.26815131306648254 0.0090000005438923836
  endloop
 endfacet
 facet normal 0.13558432633132242 -0.91404339749601637 0.38228465565233055
  outer loop
   vertex 0.21029010415077209 -0.2696664035320282 0.0090000005438923836
   vertex 0.22062100470066071 -0.26873919367790222 0.0075529161840677261
   vertex 0.22050410509109497 -0.26815131306648254 0.0090000005438923836
  endloop
 endfacet
 facet normal 0.13558403692472104 -0.91404463659142454 0.38228179560325187
  outer loop
   vertex 0.21034890413284302 -0.27026289701461792 0.0075529161840677261
   vertex 0.22062100470066071 -0.26873919367790222 0.0075529161840677261
   vertex 0.21029010415077209 -0.2696664035320282 0.0090000005438923836
  endloop
 endfacet
 facet normal 0.99027560404367332 -0.048655899862502697 0.13033353921576774
  outer loop
   vertex 0.3052859902381897 -0.17532579600811005 0.0075529161840677261
   vertex 0.3059999942779541 -0.16495369374752045 0.0060000019147992134
   vertex 0.30579560995101929 -0.16495369374752045 0.0075529161840677261
  endloop
 endfacet
 facet normal 0.99026642844061696 -0.048644178401436554 0.13040760948316646
  outer loop
   vertex 0.30548951029777527 -0.17534579336643219 0.0060000019147992134
   vertex 0.3059999942779541 -0.16495369374752045 0.0060000019147992134
   vertex 0.3052859902381897 -0.17532579600811005 0.0075529161840677261
  endloop
 endfacet
 facet normal 0.98073025229730393 -0.14547431402411601 0.13040473989882093
  outer loop
   vertex 0.303762286901474 -0.18559800088405609 0.0075529161840677261
   vertex 0.30548951029777527 -0.17534579336643219 0.0060000019147992134
   vertex 0.3052859902381897 -0.17532579600811005 0.0075529161840677261
  endloop
 endfacet
 facet normal 0.98073509926790725 -0.14548194231899159 0.13035976957275408
  outer loop
   vertex 0.30396279692649841 -0.18563780188560486 0.0060000019147992134
   vertex 0.30548951029777527 -0.17534579336643219 0.0060000019147992134
   vertex 0.303762286901474 -0.18559800088405609 0.0075529161840677261
  endloop
 endfacet
 facet normal 0.96175344320021461 -0.24091069565872761 0.13035471303240184
  outer loop
   vertex 0.301239013671875 -0.19567130506038666 0.0075529161840677261
   vertex 0.30396279692649841 -0.18563780188560486 0.0060000019147992134
   vertex 0.303762286901474 -0.18559800088405609 0.0075529161840677261
  endloop
 endfacet
 facet normal 0.96175045158098693 -0.24090477430671514 0.13038772411541782
  outer loop
   vertex 0.30143469572067261 -0.19573059678077698 0.0060000019147992134
   vertex 0.30396279692649841 -0.18563780188560486 0.0060000019147992134
   vertex 0.301239013671875 -0.19567130506038666 0.0075529161840677261
  endloop
 endfacet
 facet normal 0.93350790219096813 -0.33401058623009788 0.13038375985238451
  outer loop
   vertex 0.29774060845375061 -0.20544880628585815 0.0075529161840677261
   vertex 0.30143469572067261 -0.19573059678077698 0.0060000019147992134
   vertex 0.301239013671875 -0.19567130506038666 0.0075529161840677261
  endloop
 endfacet
 facet normal 0.93350777634766957 -0.33401026148751856 0.13038549274926592
  outer loop
   vertex 0.29792949557304382 -0.20552709698677063 0.0060000019147992134
   vertex 0.30143469572067261 -0.19573059678077698 0.0060000019147992134
   vertex 0.29774060845375061 -0.20544880628585815 0.0075529161840677261
  endloop
 endfacet
 facet normal 0.89626986344961135 -0.4239094224502527 0.13038839453689147
  outer loop
   vertex 0.29330059885978699 -0.21483629941940308 0.0075529161840677261
   vertex 0.29792949557304382 -0.20552709698677063 0.0060000019147992134
   vertex 0.29774060845375061 -0.20544880628585815 0.0075529161840677261
  endloop
 endfacet
 facet normal 0.89627047369059798 -0.4239116145868278 0.13037707240469895
  outer loop
   vertex 0.29348090291023254 -0.21493269503116608 0.0060000019147992134
   vertex 0.29792949557304382 -0.20552709698677063 0.0060000019147992134
   vertex 0.29330059885978699 -0.21483629941940308 0.0075529161840677261
  endloop
 endfacet
 facet normal 0.85041031001974288 -0.50970955080370017 0.13037821302508737
  outer loop
   vertex 0.28796190023422241 -0.2237434983253479 0.0075529161840677261
   vertex 0.29348090291023254 -0.21493269503116608 0.0060000019147992134
   vertex 0.29330059885978699 -0.21483629941940308 0.0075529161840677261
  endloop
 endfacet
 facet normal 0.85041023470153521 -0.509709120631202 0.13038038602583879
  outer loop
   vertex 0.28813189268112183 -0.22385710477828979 0.0060000019147992134
   vertex 0.29348090291023254 -0.21493269503116608 0.0060000019147992134
   vertex 0.28796190023422241 -0.2237434983253479 0.0075529161840677261
  endloop
 endfacet
 facet normal 0.79634814968957657 -0.59061857042531674 0.13038147397058639
  outer loop
   vertex 0.28177580237388611 -0.23208439350128174 0.0075529161840677261
   vertex 0.28813189268112183 -0.22385710477828979 0.0060000019147992134
   vertex 0.28796190023422241 -0.2237434983253479 0.0075529161840677261
  endloop
 endfacet
 facet normal 0.79634849014848597 -0.5906230949298219 0.1303588967955214
  outer loop
   vertex 0.28193381428718567 -0.23221409320831299 0.0060000019147992134
   vertex 0.28813189268112183 -0.22385710477828979 0.0060000019147992134
   vertex 0.28177580237388611 -0.23208439350128174 0.0075529161840677261
  endloop
 endfacet
 facet normal 0.7346329831415882 -0.66582329461857936 0.13035996480419632
  outer loop
   vertex 0.27480199933052063 -0.23977890610694885 0.0075529161840677261
   vertex 0.28193381428718567 -0.23221409320831299 0.0060000019147992134
   vertex 0.28177580237388611 -0.23208439350128174 0.0075529161840677261
  endloop
 endfacet
 facet normal 0.7346329938871935 -0.66582282923950731 0.13036228118530438
  outer loop
   vertex 0.27494651079177856 -0.23992350697517395 0.0060000019147992134
   vertex 0.28193381428718567 -0.23221409320831299 0.0060000019147992134
   vertex 0.27480199933052063 -0.23977890610694885 0.0075529161840677261
  endloop
 endfacet
 facet normal 0.66582196553089179 -0.73463308641437464 0.13036617107927168
  outer loop
   vertex 0.26710748672485352 -0.24675269424915314 0.0075529161840677261
   vertex 0.27494651079177856 -0.23992350697517395 0.0060000019147992134
   vertex 0.27480199933052063 -0.23977890610694885 0.0075529161840677261
  endloop
 endfacet
 facet normal 0.66582282425345407 -0.73462603542918559 0.13040151369041295
  outer loop
   vertex 0.26723718643188477 -0.24691079556941986 0.0060000019147992134
   vertex 0.27494651079177856 -0.23992350697517395 0.0060000019147992134
   vertex 0.26710748672485352 -0.24675269424915314 0.0075529161840677261
  endloop
 endfacet
 facet normal 0.5906177272672376 -0.79634509458760394 0.13040395148899067
  outer loop
   vertex 0.25876659154891968 -0.25293880701065063 0.0075529161840677261
   vertex 0.26723718643188477 -0.24691079556941986 0.0060000019147992134
   vertex 0.26710748672485352 -0.24675269424915314 0.0075529161840677261
  endloop
 endfacet
 facet normal 0.590615284196224 -0.79635605121136199 0.13034809462688776
  outer loop
   vertex 0.25888010859489441 -0.25310879945755005 0.0060000019147992134
   vertex 0.26723718643188477 -0.24691079556941986 0.0060000019147992134
   vertex 0.25876659154891968 -0.25293880701065063 0.0075529161840677261
  endloop
 endfacet
 facet normal 0.50971135375845722 -0.85041331810799914 0.13035154097387516
  outer loop
   vertex 0.24985939264297485 -0.25827750563621521 0.0075529161840677261
   vertex 0.25888010859489441 -0.25310879945755005 0.0060000019147992134
   vertex 0.25876659154891968 -0.25293880701065063 0.0075529161840677261
  endloop
 endfacet
 facet normal 0.50971332750113385 -0.85040731389721891 0.13038299060015085
  outer loop
   vertex 0.24995580315589905 -0.25845780968666077 0.0060000019147992134
   vertex 0.25888010859489441 -0.25310879945755005 0.0060000019147992134
   vertex 0.24985939264297485 -0.25827750563621521 0.0075529161840677261
  endloop
 endfacet
 facet normal 0.42390751054734543 -0.89627183709553182 0.13038104360278976
  outer loop
   vertex 0.24047189950942993 -0.26271748542785645 0.0075529161840677261
   vertex 0.24995580315589905 -0.25845780968666077 0.0060000019147992134
   vertex 0.24985939264297485 -0.25827750563621521 0.0075529161840677261
  endloop
 endfacet
 facet normal 0.4239075336021898 -0.89627178486937709 0.13038132765994359
  outer loop
   vertex 0.24055010080337524 -0.26290640234947205 0.0060000019147992134
   vertex 0.24995580315589905 -0.25845780968666077 0.0060000019147992134
   vertex 0.24047189950942993 -0.26271748542785645 0.0075529161840677261
  endloop
 endfacet
 facet normal 0.33402065339614967 -0.93350422890365259 0.13038426946455653
  outer loop
   vertex 0.23069439828395844 -0.26621600985527039 0.0075529161840677261
   vertex 0.24055010080337524 -0.26290640234947205 0.0060000019147992134
   vertex 0.24047189950942993 -0.26271748542785645 0.0075529161840677261
  endloop
 endfacet
 facet normal 0.33401569253592656 -0.93351301562484179 0.13033405847574595
  outer loop
   vertex 0.23075370490550995 -0.26641160249710083 0.0060000019147992134
   vertex 0.24055010080337524 -0.26290640234947205 0.0060000019147992134
   vertex 0.23069439828395844 -0.26621600985527039 0.0075529161840677261
  endloop
 endfacet
 facet normal 0.2409012642311231 -0.96175840521318645 0.13033553196897169
  outer loop
   vertex 0.22062100470066071 -0.26873919367790222 0.0075529161840677261
   vertex 0.23075370490550995 -0.26641160249710083 0.0060000019147992134
   vertex 0.23069439828395844 -0.26621600985527039 0.0075529161840677261
  endloop
 endfacet
 facet normal 0.24090505766368947 -0.96175300275611619 0.13036838144906435
  outer loop
   vertex 0.22066089510917664 -0.26893970370292664 0.0060000019147992134
   vertex 0.23075370490550995 -0.26641160249710083 0.0060000019147992134
   vertex 0.22062100470066071 -0.26873919367790222 0.0075529161840677261
  endloop
 endfacet
 facet normal 0.1454764689773074 -0.98073482125919653 0.1303679690092088
  outer loop
   vertex 0.21034890413284302 -0.27026289701461792 0.0075529161840677261
   vertex 0.22066089510917664 -0.26893970370292664 0.0060000019147992134
   vertex 0.22062100470066071 -0.26873919367790222 0.0075529161840677261
  endloop
 endfacet
 facet normal 0.14547885948386402 -0.98073204153818427 0.13038621147812871
  outer loop
   vertex 0.21036890149116516 -0.2704663872718811 0.0060000019147992134
   vertex 0.22066089510917664 -0.26893970370292664 0.0060000019147992134
   vertex 0.21034890413284302 -0.27026289701461792 0.0075529161840677261
  endloop
 endfacet
 facet normal 0.99027614199200198 -0.048644655553557348 -0.13033364909919484
  outer loop
   vertex 0.30548951029777527 -0.17534579336643219 0.0060000019147992134
   vertex 0.30579560995101929 -0.16495369374752045 0.004447088111191988
   vertex 0.3059999942779541 -0.16495369374752045 0.0060000019147992134
  endloop
 endfacet
 facet normal 0.99026586167168495 -0.04865542118376523 -0.13040771908543472
  outer loop
   vertex 0.3052859902381897 -0.17532579600811005 0.004447088111191988
   vertex 0.30579560995101929 -0.16495369374752045 0.004447088111191988
   vertex 0.30548951029777527 -0.17534579336643219 0.0060000019147992134
  endloop
 endfacet
 facet normal 0.98072925013875389 -0.14548107466097593 -0.13040473472142408
  outer loop
   vertex 0.30396279692649841 -0.18563780188560486 0.0060000019147992134
   vertex 0.3052859902381897 -0.17532579600811005 0.004447088111191988
   vertex 0.30548951029777527 -0.17534579336643219 0.0060000019147992134
  endloop
 endfacet
 facet normal 0.98073610270663636 -0.14547518183081659 -0.13035976495486898
  outer loop
   vertex 0.303762286901474 -0.18559800088405609 0.004447088111191988
   vertex 0.3052859902381897 -0.17532579600811005 0.004447088111191988
   vertex 0.30396279692649841 -0.18563780188560486 0.0060000019147992134
  endloop
 endfacet
 facet normal 0.96175465324167098 -0.24090582676280409 -0.13035478357054231
  outer loop
   vertex 0.30143469572067261 -0.19573059678077698 0.0060000019147992134
   vertex 0.303762286901474 -0.18559800088405609 0.004447088111191988
   vertex 0.30396279692649841 -0.18563780188560486 0.0060000019147992134
  endloop
 endfacet
 facet normal 0.96174922360753123 -0.24090963868823695 -0.13038779420411339
  outer loop
   vertex 0.301239013671875 -0.19567130506038666 0.004447088111191988
   vertex 0.303762286901474 -0.18559800088405609 0.004447088111191988
   vertex 0.30143469572067261 -0.19573059678077698 0.0060000019147992134
  endloop
 endfacet
 facet normal 0.93350798594791096 -0.33401033648274969 -0.13038379996822966
  outer loop
   vertex 0.29792949557304382 -0.20552709698677063 0.0060000019147992134
   vertex 0.301239013671875 -0.19567130506038666 0.004447088111191988
   vertex 0.30143469572067261 -0.19573059678077698 0.0060000019147992134
  endloop
 endfacet
 facet normal 0.93350768265672412 -0.3340105076804023 -0.13038553286293925
  outer loop
   vertex 0.29774060845375061 -0.20544880628585815 0.004447088111191988
   vertex 0.301239013671875 -0.19567130506038666 0.004447088111191988
   vertex 0.29792949557304382 -0.20552709698677063 0.0060000019147992134
  endloop
 endfacet
 facet normal 0.89626912445078577 -0.42391097643300701 -0.13038842209274634
  outer loop
   vertex 0.29348090291023254 -0.21493269503116608 0.0060000019147992134
   vertex 0.29774060845375061 -0.20544880628585815 0.004447088111191988
   vertex 0.29792949557304382 -0.20552709698677063 0.0060000019147992134
  endloop
 endfacet
 facet normal 0.89627120614739964 -0.4239100575070221 -0.13037709988904675
  outer loop
   vertex 0.29330059885978699 -0.21483629941940308 0.004447088111191988
   vertex 0.29774060845375061 -0.20544880628585815 0.004447088111191988
   vertex 0.29348090291023254 -0.21493269503116608 0.0060000019147992134
  endloop
 endfacet
 facet normal 0.85041047523054925 -0.5097092647967203 -0.13037825354919511
  outer loop
   vertex 0.28813189268112183 -0.22385710477828979 0.0060000019147992134
   vertex 0.29330059885978699 -0.21483629941940308 0.004447088111191988
   vertex 0.29348090291023254 -0.21493269503116608 0.0060000019147992134
  endloop
 endfacet
 facet normal 0.85041006034809974 -0.5097094011582648 -0.13038042655868468
  outer loop
   vertex 0.28796190023422241 -0.2237434983253479 0.004447088111191988
   vertex 0.29330059885978699 -0.21483629941940308 0.004447088111191988
   vertex 0.28813189268112183 -0.22385710477828979 0.0060000019147992134
  endloop
 endfacet
 facet normal 0.79634610389828064 -0.59062132513368493 -0.13038149064709689
  outer loop
   vertex 0.28193381428718567 -0.23221409320831299 0.0060000019147992134
   vertex 0.28796190023422241 -0.2237434983253479 0.004447088111191988
   vertex 0.28813189268112183 -0.22385710477828979 0.0060000019147992134
  endloop
 endfacet
 facet normal 0.79635053243101395 -0.59062033760634425 -0.13035891339915653
  outer loop
   vertex 0.28177580237388611 -0.23208439350128174 0.004447088111191988
   vertex 0.28796190023422241 -0.2237434983253479 0.004447088111191988
   vertex 0.28193381428718567 -0.23221409320831299 0.0060000019147992134
  endloop
 endfacet
 facet normal 0.73463321559558403 -0.66582303018135047 -0.13036000546109458
  outer loop
   vertex 0.27494651079177856 -0.23992350697517395 0.0060000019147992134
   vertex 0.28177580237388611 -0.23208439350128174 0.004447088111191988
   vertex 0.28193381428718567 -0.23221409320831299 0.0060000019147992134
  endloop
 endfacet
 facet normal 0.73463275350953328 -0.66582308649510158 -0.13036232186156271
  outer loop
   vertex 0.27480199933052063 -0.23977890610694885 0.004447088111191988
   vertex 0.28177580237388611 -0.23208439350128174 0.004447088111191988
   vertex 0.27494651079177856 -0.23992350697517395 0.0060000019147992134
  endloop
 endfacet
 facet normal 0.66582593911719878 -0.73462947216929175 -0.13036624340283881
  outer loop
   vertex 0.26723718643188477 -0.24691079556941986 0.0060000019147992134
   vertex 0.27480199933052063 -0.23977890610694885 0.004447088111191988
   vertex 0.27494651079177856 -0.23992350697517395 0.0060000019147992134
  endloop
 endfacet
 facet normal 0.66581883787963803 -0.73462963552778238 -0.13040158637426807
  outer loop
   vertex 0.26710748672485352 -0.24675269424915314 0.004447088111191988
   vertex 0.27480199933052063 -0.23977890610694885 0.004447088111191988
   vertex 0.26723718643188477 -0.24691079556941986 0.0060000019147992134
  endloop
 endfacet
 facet normal 0.59061090994079202 -0.79635015318454816 -0.13040393622071553
  outer loop
   vertex 0.25888010859489441 -0.25310879945755005 0.0060000019147992134
   vertex 0.26710748672485352 -0.24675269424915314 0.004447088111191988
   vertex 0.26723718643188477 -0.24691079556941986 0.0060000019147992134
  endloop
 endfacet
 facet normal 0.59062210400552861 -0.79635099585657632 -0.13034807884400143
  outer loop
   vertex 0.25876659154891968 -0.25293880701065063 0.004447088111191988
   vertex 0.26710748672485352 -0.24675269424915314 0.004447088111191988
   vertex 0.25888010859489441 -0.25310879945755005 0.0060000019147992134
  endloop
 endfacet
 facet normal 0.50971544882633546 -0.85041085312283704 -0.13035160957447325
  outer loop
   vertex 0.24995580315589905 -0.25845780968666077 0.0060000019147992134
   vertex 0.25876659154891968 -0.25293880701065063 0.004447088111191988
   vertex 0.25888010859489441 -0.25310879945755005 0.0060000019147992134
  endloop
 endfacet
 facet normal 0.50970922316981182 -0.85040976338836016 -0.13038305928831459
  outer loop
   vertex 0.24985939264297485 -0.25827750563621521 0.004447088111191988
   vertex 0.25876659154891968 -0.25293880701065063 0.004447088111191988
   vertex 0.24995580315589905 -0.25845780968666077 0.0060000019147992134
  endloop
 endfacet
 facet normal 0.42390754739710046 -0.89627181403608958 -0.13038108230963713
  outer loop
   vertex 0.24055010080337524 -0.26290640234947205 0.0060000019147992134
   vertex 0.24985939264297485 -0.25827750563621521 0.004447088111191988
   vertex 0.24995580315589905 -0.25845780968666077 0.0060000019147992134
  endloop
 endfacet
 facet normal 0.42390749239979397 -0.89627179872598461 -0.13038136636731015
  outer loop
   vertex 0.24047189950942993 -0.26271748542785645 0.004447088111191988
   vertex 0.24985939264297485 -0.25827750563621521 0.004447088111191988
   vertex 0.24055010080337524 -0.26290640234947205 0.0060000019147992134
  endloop
 endfacet
 facet normal 0.3340134688953344 -0.93350680095444971 -0.13038425966463429
  outer loop
   vertex 0.23075370490550995 -0.26641160249710083 0.0060000019147992134
   vertex 0.24047189950942993 -0.26271748542785645 0.004447088111191988
   vertex 0.24055010080337524 -0.26290640234947205 0.0060000019147992134
  endloop
 endfacet
 facet normal 0.33402287796818497 -0.93351044602640043 -0.13033404832752621
  outer loop
   vertex 0.23069439828395844 -0.26621600985527039 0.004447088111191988
   vertex 0.24047189950942993 -0.26271748542785645 0.004447088111191988
   vertex 0.23075370490550995 -0.26641160249710083 0.0060000019147992134
  endloop
 endfacet
 facet normal 0.24090610481367353 -0.96175718323971116 -0.1303356020062065
  outer loop
   vertex 0.22066089510917664 -0.26893970370292664 0.0060000019147992134
   vertex 0.23069439828395844 -0.26621600985527039 0.004447088111191988
   vertex 0.23075370490550995 -0.26641160249710083 0.0060000019147992134
  endloop
 endfacet
 facet normal 0.24090021262532677 -0.96175420685118618 -0.13036845155603433
  outer loop
   vertex 0.22062100470066071 -0.26873919367790222 0.004447088111191988
   vertex 0.23069439828395844 -0.26621600985527039 0.004447088111191988
   vertex 0.22066089510917664 -0.26893970370292664 0.0060000019147992134
  endloop
 endfacet
 facet normal 0.14547921039309486 -0.98073440715974325 -0.13036802505380057
  outer loop
   vertex 0.21036890149116516 -0.2704663872718811 0.0060000019147992134
   vertex 0.22062100470066071 -0.26873919367790222 0.004447088111191988
   vertex 0.22066089510917664 -0.26893970370292664 0.0060000019147992134
  endloop
 endfacet
 facet normal 0.14547611591052567 -0.98073244104685364 -0.1303862675969639
  outer loop
   vertex 0.21034890413284302 -0.27026289701461792 0.004447088111191988
   vertex 0.22062100470066071 -0.26873919367790222 0.004447088111191988
   vertex 0.21036890149116516 -0.2704663872718811 0.0060000019147992134
  endloop
 endfacet
 facet normal 0.92292646974697556 -0.045346788014462208 -0.38229622056352608
  outer loop
   vertex 0.3052859902381897 -0.17532579600811005 0.004447088111191988
   vertex 0.30519619584083557 -0.16495369374752045 0.0030000030528753996
   vertex 0.30579560995101929 -0.16495369374752045 0.004447088111191988
  endloop
 endfacet
 facet normal 0.92293373192713712 -0.045344319895928083 -0.3822789807512616
  outer loop
   vertex 0.30468949675559998 -0.17526699602603912 0.0030000030528753996
   vertex 0.30519619584083557 -0.16495369374752045 0.0030000030528753996
   vertex 0.3052859902381897 -0.17532579600811005 0.004447088111191988
  endloop
 endfacet
 facet normal 0.91404489123854693 -0.1355826979219828 -0.38228166163826027
  outer loop
   vertex 0.303762286901474 -0.18559800088405609 0.004447088111191988
   vertex 0.30468949675559998 -0.17526699602603912 0.0030000030528753996
   vertex 0.3052859902381897 -0.17532579600811005 0.004447088111191988
  endloop
 endfacet
 facet normal 0.91404004697696029 -0.13558382933318172 -0.38229284291718962
  outer loop
   vertex 0.30317440629005432 -0.185480996966362 0.0030000030528753996
   vertex 0.30468949675559998 -0.17526699602603912 0.0030000030528753996
   vertex 0.303762286901474 -0.18559800088405609 0.004447088111191988
  endloop
 endfacet
 facet normal 0.89634658895231922 -0.22452685958398721 -0.38229632721083573
  outer loop
   vertex 0.301239013671875 -0.19567130506038666 0.004447088111191988
   vertex 0.30317440629005432 -0.185480996966362 0.0030000030528753996
   vertex 0.303762286901474 -0.18559800088405609 0.004447088111191988
  endloop
 endfacet
 facet normal 0.89634614088259601 -0.22452691873678446 -0.38229734302953611
  outer loop
   vertex 0.30066540837287903 -0.1954973042011261 0.0030000030528753996
   vertex 0.30317440629005432 -0.185480996966362 0.0030000030528753996
   vertex 0.301239013671875 -0.19567130506038666 0.004447088111191988
  endloop
 endfacet
 facet normal 0.87002493503477418 -0.31129628137450954 -0.38229731573755427
  outer loop
   vertex 0.29774060845375061 -0.20544880628585815 0.004447088111191988
   vertex 0.30066540837287903 -0.1954973042011261 0.0030000030528753996
   vertex 0.301239013671875 -0.19567130506038666 0.004447088111191988
  endloop
 endfacet
 facet normal 0.87001706777948995 -0.31129654175310001 -0.38231500737603635
  outer loop
   vertex 0.29718679189682007 -0.20521940290927887 0.0030000030528753996
   vertex 0.30066540837287903 -0.1954973042011261 0.0030000030528753996
   vertex 0.29774060845375061 -0.20544880628585815 0.004447088111191988
  endloop
 endfacet
 facet normal 0.83531308887207789 -0.39507865154143568 -0.38231518758112243
  outer loop
   vertex 0.29330059885978699 -0.21483629941940308 0.004447088111191988
   vertex 0.29718679189682007 -0.20521940290927887 0.0030000030528753996
   vertex 0.29774060845375061 -0.20544880628585815 0.004447088111191988
  endloop
 endfacet
 facet normal 0.83533534216372307 -0.39508010187003717 -0.38226506410941674
  outer loop
   vertex 0.29277199506759644 -0.21455380320549011 0.0030000030528753996
   vertex 0.29718679189682007 -0.20521940290927887 0.0030000030528753996
   vertex 0.29330059885978699 -0.21483629941940308 0.004447088111191988
  endloop
 endfacet
 facet normal 0.79258998903075717 -0.47505384462118988 -0.38226293830143993
  outer loop
   vertex 0.28796190023422241 -0.2237434983253479 0.004447088111191988
   vertex 0.29277199506759644 -0.21455380320549011 0.0030000030528753996
   vertex 0.29330059885978699 -0.21483629941940308 0.004447088111191988
  endloop
 endfacet
 facet normal 0.79257384742340231 -0.47505118588622142 -0.38229970856457651
  outer loop
   vertex 0.2874634861946106 -0.22341050207614899 0.0030000030528753996
   vertex 0.29277199506759644 -0.21455380320549011 0.0030000030528753996
   vertex 0.28796190023422241 -0.2237434983253479 0.004447088111191988
  endloop
 endfacet
 facet normal 0.74219220135084907 -0.55045333766836901 -0.38229812882583303
  outer loop
   vertex 0.28177580237388611 -0.23208439350128174 0.004447088111191988
   vertex 0.2874634861946106 -0.22341050207614899 0.0030000030528753996
   vertex 0.28796190023422241 -0.2237434983253479 0.004447088111191988
  endloop
 endfacet
 facet normal 0.74221235882555681 -0.55045873062531114 -0.38225122666248407
  outer loop
   vertex 0.281312495470047 -0.23170420527458191 0.0030000030528753996
   vertex 0.2874634861946106 -0.22341050207614899 0.0030000030528753996
   vertex 0.28177580237388611 -0.23208439350128174 0.004447088111191988
  endloop
 endfacet
 facet normal 0.68468685319858946 -0.62055538866385085 -0.382249817079446
  outer loop
   vertex 0.27480199933052063 -0.23977890610694885 0.004447088111191988
   vertex 0.281312495470047 -0.23170420527458191 0.0030000030528753996
   vertex 0.28177580237388611 -0.23208439350128174 0.004447088111191988
  endloop
 endfacet
 facet normal 0.68464867341071622 -0.62054103463413335 -0.38234149438969572
  outer loop
   vertex 0.27437809109687805 -0.23935499787330627 0.0030000030528753996
   vertex 0.281312495470047 -0.23170420527458191 0.0030000030528753996
   vertex 0.27480199933052063 -0.23977890610694885 0.004447088111191988
  endloop
 endfacet
 facet normal 0.62052926650928908 -0.68465949437803086 -0.38234121692993411
  outer loop
   vertex 0.26710748672485352 -0.24675269424915314 0.004447088111191988
   vertex 0.27437809109687805 -0.23935499787330627 0.0030000030528753996
   vertex 0.27480199933052063 -0.23977890610694885 0.004447088111191988
  endloop
 endfacet
 facet normal 0.62056825122331349 -0.68467870172574596 -0.38224353621321761
  outer loop
   vertex 0.26672729849815369 -0.24628940224647522 0.0030000030528753996
   vertex 0.27437809109687805 -0.23935499787330627 0.0030000030528753996
   vertex 0.26710748672485352 -0.24675269424915314 0.004447088111191988
  endloop
 endfacet
 facet normal 0.55046732247382357 -0.74220926962535272 -0.38224485211798503
  outer loop
   vertex 0.25876659154891968 -0.25293880701065063 0.004447088111191988
   vertex 0.26672729849815369 -0.24628940224647522 0.0030000030528753996
   vertex 0.26710748672485352 -0.24675269424915314 0.004447088111191988
  endloop
 endfacet
 facet normal 0.55044897354429689 -0.74219786934461141 -0.38229340860698757
  outer loop
   vertex 0.25843361020088196 -0.25244039297103882 0.0030000030528753996
   vertex 0.26672729849815369 -0.24628940224647522 0.0030000030528753996
   vertex 0.25876659154891968 -0.25293880701065063 0.004447088111191988
  endloop
 endfacet
 facet normal 0.47504693474388887 -0.7925784604437639 -0.38229542742626194
  outer loop
   vertex 0.24985939264297485 -0.25827750563621521 0.004447088111191988
   vertex 0.25843361020088196 -0.25244039297103882 0.0030000030528753996
   vertex 0.25876659154891968 -0.25293880701065063 0.004447088111191988
  endloop
 endfacet
 facet normal 0.47505843810757237 -0.79258728051068117 -0.38226284563828172
  outer loop
   vertex 0.24957689642906189 -0.25774890184402466 0.0030000030528753996
   vertex 0.25843361020088196 -0.25244039297103882 0.0030000030528753996
   vertex 0.24985939264297485 -0.25827750563621521 0.004447088111191988
  endloop
 endfacet
 facet normal 0.39508533284459985 -0.83533282206043857 -0.38226516472157857
  outer loop
   vertex 0.24047189950942993 -0.26271748542785645 0.004447088111191988
   vertex 0.24957689642906189 -0.25774890184402466 0.0030000030528753996
   vertex 0.24985939264297485 -0.25827750563621521 0.004447088111191988
  endloop
 endfacet
 facet normal 0.39507380898344657 -0.83532203683513662 -0.38230064116204387
  outer loop
   vertex 0.24024249613285065 -0.26216369867324829 0.0030000030528753996
   vertex 0.24957689642906189 -0.25774890184402466 0.0030000030528753996
   vertex 0.24047189950942993 -0.26271748542785645 0.004447088111191988
  endloop
 endfacet
 facet normal 0.31130533430920987 -0.87002059035329893 -0.38229983153531255
  outer loop
   vertex 0.23069439828395844 -0.26621600985527039 0.004447088111191988
   vertex 0.24024249613285065 -0.26216369867324829 0.0030000030528753996
   vertex 0.24047189950942993 -0.26271748542785645 0.004447088111191988
  endloop
 endfacet
 facet normal 0.31130612576627748 -0.87002149216466051 -0.38229713474203297
  outer loop
   vertex 0.23052039742469788 -0.26564240455627441 0.0030000030528753996
   vertex 0.24024249613285065 -0.26216369867324829 0.0030000030528753996
   vertex 0.23069439828395844 -0.26621600985527039 0.004447088111191988
  endloop
 endfacet
 facet normal 0.22451741354783195 -0.89634859445646353 -0.38229717266769603
  outer loop
   vertex 0.22062100470066071 -0.26873919367790222 0.004447088111191988
   vertex 0.23052039742469788 -0.26564240455627441 0.0030000030528753996
   vertex 0.23069439828395844 -0.26621600985527039 0.004447088111191988
  endloop
 endfacet
 facet normal 0.22452118302493781 -0.89635385073391194 -0.38228263450956079
  outer loop
   vertex 0.22050410509109497 -0.26815131306648254 0.0030000030528753996
   vertex 0.23052039742469788 -0.26564240455627441 0.0030000030528753996
   vertex 0.22062100470066071 -0.26873919367790222 0.004447088111191988
  endloop
 endfacet
 facet normal 0.13558387336909572 -0.91404353397532379 -0.38228448998113201
  outer loop
   vertex 0.21034890413284302 -0.27026289701461792 0.004447088111191988
   vertex 0.22050410509109497 -0.26815131306648254 0.0030000030528753996
   vertex 0.22062100470066071 -0.26873919367790222 0.004447088111191988
  endloop
 endfacet
 facet normal 0.13558451000059243 -0.91404463570465089 -0.38228162993721165
  outer loop
   vertex 0.21029010415077209 -0.2696664035320282 0.0030000030528753996
   vertex 0.22050410509109497 -0.26815131306648254 0.0030000030528753996
   vertex 0.21034890413284302 -0.27026289701461792 0.004447088111191988
  endloop
 endfacet
 facet normal 0.79272892790845351 -0.038947275253208367 -0.60832882276566902
  outer loop
   vertex 0.30468949675559998 -0.17526699602603912 0.0030000030528753996
   vertex 0.30424261093139648 -0.16495369374752045 0.0017573620425537229
   vertex 0.30519619584083557 -0.16495369374752045 0.0030000030528753996
  endloop
 endfacet
 facet normal 0.79275712794195241 -0.038941668596688434 -0.60829243176627856
  outer loop
   vertex 0.30374059081077576 -0.17517359554767609 0.0017573620425537229
   vertex 0.30424261093139648 -0.16495369374752045 0.0017573620425537229
   vertex 0.30468949675559998 -0.17526699602603912 0.0030000030528753996
  endloop
 endfacet
 facet normal 0.78512405554175946 -0.11646111820156677 -0.60829024762600048
  outer loop
   vertex 0.30317440629005432 -0.185480996966362 0.0030000030528753996
   vertex 0.30374059081077576 -0.17517359554767609 0.0017573620425537229
   vertex 0.30468949675559998 -0.17526699602603912 0.0030000030528753996
  endloop
 endfacet
 facet normal 0.78511584965786652 -0.11646192567550602 -0.60830068427050066
  outer loop
   vertex 0.30223920941352844 -0.18529500067234039 0.0017573620425537229
   vertex 0.30374059081077576 -0.17517359554767609 0.0017573620425537229
   vertex 0.30317440629005432 -0.185480996966362 0.0030000030528753996
  endloop
 endfacet
 facet normal 0.76992030736433081 -0.19285834612416047 -0.60829957967950943
  outer loop
   vertex 0.30066540837287903 -0.1954973042011261 0.0030000030528753996
   vertex 0.30223920941352844 -0.18529500067234039 0.0017573620425537229
   vertex 0.30317440629005432 -0.185480996966362 0.0030000030528753996
  endloop
 endfacet
 facet normal 0.76993649164214695 -0.19285834758497086 -0.60827909433464566
  outer loop
   vertex 0.29975301027297974 -0.19522050023078918 0.0017573620425537229
   vertex 0.30223920941352844 -0.18529500067234039 0.0017573620425537229
   vertex 0.30066540837287903 -0.1954973042011261 0.0030000030528753996
  endloop
 endfacet
 facet normal 0.74732466578651691 -0.26739657489696234 -0.60828029364795633
  outer loop
   vertex 0.29718679189682007 -0.20521940290927887 0.0030000030528753996
   vertex 0.29975301027297974 -0.19522050023078918 0.0017573620425537229
   vertex 0.30066540837287903 -0.1954973042011261 0.0030000030528753996
  endloop
 endfacet
 facet normal 0.74731867399947771 -0.26739598422594446 -0.60828791465185383
  outer loop
   vertex 0.29630589485168457 -0.20485450327396393 0.0017573620425537229
   vertex 0.29975301027297974 -0.19522050023078918 0.0017573620425537229
   vertex 0.29718679189682007 -0.20521940290927887 0.0030000030528753996
  endloop
 endfacet
 facet normal 0.71751199217738215 -0.3393543845854104 -0.60828870016161052
  outer loop
   vertex 0.29277199506759644 -0.21455380320549011 0.0030000030528753996
   vertex 0.29630589485168457 -0.20485450327396393 0.0017573620425537229
   vertex 0.29718679189682007 -0.20521940290927887 0.0030000030528753996
  endloop
 endfacet
 facet normal 0.71750580600994862 -0.33935315351900674 -0.60829668381367941
  outer loop
   vertex 0.29193109273910522 -0.2141042947769165 0.0017573620425537229
   vertex 0.29630589485168457 -0.20485450327396393 0.0017573620425537229
   vertex 0.29277199506759644 -0.21455380320549011 0.0030000030528753996
  endloop
 endfacet
 facet normal 0.68078642249246812 -0.40804828268263127 -0.60829799107810834
  outer loop
   vertex 0.2874634861946106 -0.22341050207614899 0.0030000030528753996
   vertex 0.29193109273910522 -0.2141042947769165 0.0017573620425537229
   vertex 0.29277199506759644 -0.21455380320549011 0.0030000030528753996
  endloop
 endfacet
 facet normal 0.68078857973281148 -0.40804893728955838 -0.60829513764474852
  outer loop
   vertex 0.28667071461677551 -0.22288070619106293 0.0017573620425537229
   vertex 0.29193109273910522 -0.2141042947769165 0.0017573620425537229
   vertex 0.2874634861946106 -0.22341050207614899 0.0030000030528753996
  endloop
 endfacet
 facet normal 0.63751430577654722 -0.47280985197891734 -0.60829791533583377
  outer loop
   vertex 0.281312495470047 -0.23170420527458191 0.0030000030528753996
   vertex 0.28667071461677551 -0.22288070619106293 0.0017573620425537229
   vertex 0.2874634861946106 -0.22341050207614899 0.0030000030528753996
  endloop
 endfacet
 facet normal 0.63750499453059151 -0.47280599414863556 -0.60831067214513912
  outer loop
   vertex 0.28057539463043213 -0.23109929263591766 0.0017573620425537229
   vertex 0.28667071461677551 -0.22288070619106293 0.0017573620425537229
   vertex 0.281312495470047 -0.23170420527458191 0.0030000030528753996
  endloop
 endfacet
 facet normal 0.58808748047373893 -0.53302142801295427 -0.60831017794302999
  outer loop
   vertex 0.27437809109687805 -0.23935499787330627 0.0030000030528753996
   vertex 0.28057539463043213 -0.23109929263591766 0.0017573620425537229
   vertex 0.281312495470047 -0.23170420527458191 0.0030000030528753996
  endloop
 endfacet
 facet normal 0.58811051131751302 -0.53303374103834478 -0.60827712220049857
  outer loop
   vertex 0.27370390295982361 -0.23868079483509064 0.0017573620425537229
   vertex 0.28057539463043213 -0.23109929263591766 0.0017573620425537229
   vertex 0.27437809109687805 -0.23935499787330627 0.0030000030528753996
  endloop
 endfacet
 facet normal 0.53303814965488472 -0.58810592961622266 -0.60827768869385257
  outer loop
   vertex 0.26672729849815369 -0.24628940224647522 0.0030000030528753996
   vertex 0.27370390295982361 -0.23868079483509064 0.0017573620425537229
   vertex 0.27437809109687805 -0.23935499787330627 0.0030000030528753996
  endloop
 endfacet
 facet normal 0.53301936801461258 -0.58809337786368687 -0.60830628160013422
  outer loop
   vertex 0.26612240076065063 -0.24555230140686035 0.0017573620425537229
   vertex 0.27370390295982361 -0.23868079483509064 0.0017573620425537229
   vertex 0.26672729849815369 -0.24628940224647522 0.0030000030528753996
  endloop
 endfacet
 facet normal 0.47280622568291347 -0.63750827084880779 -0.60830705861007472
  outer loop
   vertex 0.25843361020088196 -0.25244039297103882 0.0030000030528753996
   vertex 0.26612240076065063 -0.24555230140686035 0.0017573620425537229
   vertex 0.26672729849815369 -0.24628940224647522 0.0030000030528753996
  endloop
 endfacet
 facet normal 0.47280593585440328 -0.63750803294756997 -0.60830753320024078
  outer loop
   vertex 0.2579038143157959 -0.25164759159088135 0.0017573620425537229
   vertex 0.26612240076065063 -0.24555230140686035 0.0017573620425537229
   vertex 0.25843361020088196 -0.25244039297103882 0.0030000030528753996
  endloop
 endfacet
 facet normal 0.40804484957929044 -0.68078184010954557 -0.60830542238983476
  outer loop
   vertex 0.24957689642906189 -0.25774890184402466 0.0030000030528753996
   vertex 0.2579038143157959 -0.25164759159088135 0.0017573620425537229
   vertex 0.25843361020088196 -0.25244039297103882 0.0030000030528753996
  endloop
 endfacet
 facet normal 0.40805074173645611 -0.68078773331320952 -0.60829487449639941
  outer loop
   vertex 0.24912740290164948 -0.25690799951553345 0.0017573620425537229
   vertex 0.2579038143157959 -0.25164759159088135 0.0017573620425537229
   vertex 0.24957689642906189 -0.25774890184402466 0.0030000030528753996
  endloop
 endfacet
 facet normal 0.33935262051380122 -0.71750826232271647 -0.60829408385176009
  outer loop
   vertex 0.24024249613285065 -0.26216369867324829 0.0030000030528753996
   vertex 0.24912740290164948 -0.25690799951553345 0.0017573620425537229
   vertex 0.24957689642906189 -0.25774890184402466 0.0030000030528753996
  endloop
 endfacet
 facet normal 0.33935533084496539 -0.71751156549323258 -0.60828867555672483
  outer loop
   vertex 0.23987759649753571 -0.26128280162811279 0.0017573620425537229
   vertex 0.24912740290164948 -0.25690799951553345 0.0017573620425537229
   vertex 0.24024249613285065 -0.26216369867324829 0.0030000030528753996
  endloop
 endfacet
 facet normal 0.26740066912774973 -0.74731690096910675 -0.60828803348081906
  outer loop
   vertex 0.23052039742469788 -0.26564240455627441 0.0030000030528753996
   vertex 0.23987759649753571 -0.26128280162811279 0.0017573620425537229
   vertex 0.24024249613285065 -0.26216369867324829 0.0030000030528753996
  endloop
 endfacet
 facet normal 0.26738423720865367 -0.74729230419659887 -0.60832547355908451
  outer loop
   vertex 0.23024359345436096 -0.26472988724708557 0.0017573620425537229
   vertex 0.23987759649753571 -0.26128280162811279 0.0017573620425537229
   vertex 0.23052039742469788 -0.26564240455627441 0.0030000030528753996
  endloop
 endfacet
 facet normal 0.19284731021755305 -0.76990254010010839 -0.60832556553974915
  outer loop
   vertex 0.22050410509109497 -0.26815131306648254 0.0030000030528753996
   vertex 0.23024359345436096 -0.26472988724708557 0.0017573620425537229
   vertex 0.23052039742469788 -0.26564240455627441 0.0030000030528753996
  endloop
 endfacet
 facet normal 0.19285207803798673 -0.76991146211623029 -0.60831276207102447
  outer loop
   vertex 0.22031809389591217 -0.26721608638763428 0.0017573620425537229
   vertex 0.23024359345436096 -0.26472988724708557 0.0017573620425537229
   vertex 0.22050410509109497 -0.26815131306648254 0.0030000030528753996
  endloop
 endfacet
 facet normal 0.11645851705244248 -0.78510651986306201 -0.60831337834578081
  outer loop
   vertex 0.21029010415077209 -0.2696664035320282 0.0030000030528753996
   vertex 0.22031809389591217 -0.26721608638763428 0.0017573620425537229
   vertex 0.22050410509109497 -0.26815131306648254 0.0030000030528753996
  endloop
 endfacet
 facet normal 0.11646554101481023 -0.78512348152200939 -0.60829014172423201
  outer loop
   vertex 0.21019670367240906 -0.26871749758720398 0.0017573620425537229
   vertex 0.22031809389591217 -0.26721608638763428 0.0017573620425537229
   vertex 0.21029010415077209 -0.2696664035320282 0.0030000030528753996
  endloop
 endfacet
 facet normal 0.60849989926428039 -0.02989061918595954 -0.79299080920275522
  outer loop
   vertex 0.30374059081077576 -0.17517359554767609 0.0017573620425537229
   vertex 0.30300000309944153 -0.16495369374752045 0.00080384942702949047
   vertex 0.30424261093139648 -0.16495369374752045 0.0017573620425537229
  endloop
 endfacet
 facet normal 0.60848348731614188 -0.029892975155722822 -0.79300331380135236
  outer loop
   vertex 0.30250391364097595 -0.17505179345607758 0.00080384942702949047
   vertex 0.30300000309944153 -0.16495369374752045 0.00080384942702949047
   vertex 0.30374059081077576 -0.17517359554767609 0.0017573620425537229
  endloop
 endfacet
 facet normal 0.60262337843683511 -0.089391494440491603 -0.79300329411867543
  outer loop
   vertex 0.30223920941352844 -0.18529500067234039 0.0017573620425537229
   vertex 0.30250391364097595 -0.17505179345607758 0.00080384942702949047
   vertex 0.30374059081077576 -0.17517359554767609 0.0017573620425537229
  endloop
 endfacet
 facet normal 0.60262108039598716 -0.089391596544853916 -0.79300502894340796
  outer loop
   vertex 0.30102041363716125 -0.18505260348320007 0.00080384942702949047
   vertex 0.30250391364097595 -0.17505179345607758 0.00080384942702949047
   vertex 0.30223920941352844 -0.18529500067234039 0.0017573620425537229
  endloop
 endfacet
 facet normal 0.59095887100098443 -0.14802695103962121 -0.7930041831864163
  outer loop
   vertex 0.29975301027297974 -0.19522050023078918 0.0017573620425537229
   vertex 0.30102041363716125 -0.18505260348320007 0.00080384942702949047
   vertex 0.30223920941352844 -0.18529500067234039 0.0017573620425537229
  endloop
 endfacet
 facet normal 0.59097435482257998 -0.14802778438034128 -0.79299248861100968
  outer loop
   vertex 0.29856389760971069 -0.19485980272293091 0.00080384942702949047
   vertex 0.30102041363716125 -0.18505260348320007 0.00080384942702949047
   vertex 0.29975301027297974 -0.19522050023078918 0.0017573620425537229
  endloop
 endfacet
 facet normal 0.5736183103526824 -0.20524474766020095 -0.79299219894399586
  outer loop
   vertex 0.29630589485168457 -0.20485450327396393 0.0017573620425537229
   vertex 0.29856389760971069 -0.19485980272293091 0.00080384942702949047
   vertex 0.29975301027297974 -0.19522050023078918 0.0017573620425537229
  endloop
 endfacet
 facet normal 0.5735983652804223 -0.20524169345154905 -0.79300741649543705
  outer loop
   vertex 0.295157790184021 -0.20437900722026825 0.00080384942702949047
   vertex 0.29856389760971069 -0.19485980272293091 0.00080384942702949047
   vertex 0.29630589485168457 -0.20485450327396393 0.0017573620425537229
  endloop
 endfacet
 facet normal 0.55072337232123192 -0.26047136002024324 -0.79300595066388657
  outer loop
   vertex 0.29193109273910522 -0.2141042947769165 0.0017573620425537229
   vertex 0.295157790184021 -0.20437900722026825 0.00080384942702949047
   vertex 0.29630589485168457 -0.20485450327396393 0.0017573620425537229
  endloop
 endfacet
 facet normal 0.5507363089097822 -0.2604746648826432 -0.79299588082328887
  outer loop
   vertex 0.29083520174026489 -0.21351850032806396 0.00080384942702949047
   vertex 0.295157790184021 -0.20437900722026825 0.00080384942702949047
   vertex 0.29193109273910522 -0.2141042947769165 0.0017573620425537229
  endloop
 endfacet
 facet normal 0.52255068155202866 -0.31320479901546594 -0.79299655679151093
  outer loop
   vertex 0.28667071461677551 -0.22288070619106293 0.0017573620425537229
   vertex 0.29083520174026489 -0.21351850032806396 0.00080384942702949047
   vertex 0.29193109273910522 -0.2141042947769165 0.0017573620425537229
  endloop
 endfacet
 facet normal 0.52255817019833961 -0.31320751813819697 -0.79299054807776503
  outer loop
   vertex 0.2856374979019165 -0.22219039499759674 0.00080384942702949047
   vertex 0.29083520174026489 -0.21351850032806396 0.00080384942702949047
   vertex 0.28667071461677551 -0.22288070619106293 0.0017573620425537229
  endloop
 endfacet
 facet normal 0.48934248261972685 -0.36292117075026159 -0.79298938109209371
  outer loop
   vertex 0.28057539463043213 -0.23109929263591766 0.0017573620425537229
   vertex 0.2856374979019165 -0.22219039499759674 0.00080384942702949047
   vertex 0.28667071461677551 -0.22288070619106293 0.0017573620425537229
  endloop
 endfacet
 facet normal 0.48933444712544244 -0.36291732405085247 -0.79299610009142285
  outer loop
   vertex 0.27961480617523193 -0.23031100630760193 0.00080384942702949047
   vertex 0.2856374979019165 -0.22219039499759674 0.00080384942702949047
   vertex 0.28057539463043213 -0.23109929263591766 0.0017573620425537229
  endloop
 endfacet
 facet normal 0.45140756110209657 -0.40913307345622446 -0.79299517147591803
  outer loop
   vertex 0.27370390295982361 -0.23868079483509064 0.0017573620425537229
   vertex 0.27961480617523193 -0.23031100630760193 0.00080384942702949047
   vertex 0.28057539463043213 -0.23109929263591766 0.0017573620425537229
  endloop
 endfacet
 facet normal 0.45139912763328505 -0.40912796475383917 -0.79300260783196086
  outer loop
   vertex 0.2728252112865448 -0.23780210316181183 0.00080384942702949047
   vertex 0.27961480617523193 -0.23031100630760193 0.00080384942702949047
   vertex 0.27370390295982361 -0.23868079483509064 0.0017573620425537229
  endloop
 endfacet
 facet normal 0.40912708545219623 -0.45139997549303162 -0.79300257885727066
  outer loop
   vertex 0.26612240076065063 -0.24555230140686035 0.0017573620425537229
   vertex 0.2728252112865448 -0.23780210316181183 0.00080384942702949047
   vertex 0.27370390295982361 -0.23868079483509064 0.0017573620425537229
  endloop
 endfacet
 facet normal 0.40911447998914729 -0.45139053482125013 -0.7930144559445278
  outer loop
   vertex 0.26533401012420654 -0.24459169805049896 0.00080384942702949047
   vertex 0.2728252112865448 -0.23780210316181183 0.00080384942702949047
   vertex 0.26612240076065063 -0.24555230140686035 0.0017573620425537229
  endloop
 endfacet
 facet normal 0.36290124779172928 -0.4893180120842795 -0.79301359849695829
  outer loop
   vertex 0.2579038143157959 -0.25164759159088135 0.0017573620425537229
   vertex 0.26533401012420654 -0.24459169805049896 0.00080384942702949047
   vertex 0.26612240076065063 -0.24555230140686035 0.0017573620425537229
  endloop
 endfacet
 facet normal 0.36291820528675872 -0.48933352671204244 -0.79299626474971063
  outer loop
   vertex 0.25721341371536255 -0.25061440467834473 0.00080384942702949047
   vertex 0.26533401012420654 -0.24459169805049896 0.00080384942702949047
   vertex 0.2579038143157959 -0.25164759159088135 0.0017573620425537229
  endloop
 endfacet
 facet normal 0.31320683941134531 -0.52255112526853176 -0.79299545851571351
  outer loop
   vertex 0.24912740290164948 -0.25690799951553345 0.0017573620425537229
   vertex 0.25721341371536255 -0.25061440467834473 0.00080384942702949047
   vertex 0.2579038143157959 -0.25164759159088135 0.0017573620425537229
  endloop
 endfacet
 facet normal 0.31320427387819666 -0.52254826786079556 -0.79299835471463243
  outer loop
   vertex 0.24854159355163574 -0.25581210851669312 0.00080384942702949047
   vertex 0.25721341371536255 -0.25061440467834473 0.00080384942702949047
   vertex 0.24912740290164948 -0.25690799951553345 0.0017573620425537229
  endloop
 endfacet
 facet normal 0.2604757518699104 -0.55073354537220753 -0.7929974430536102
  outer loop
   vertex 0.23987759649753571 -0.26128280162811279 0.0017573620425537229
   vertex 0.24854159355163574 -0.25581210851669312 0.00080384942702949047
   vertex 0.24912740290164948 -0.25690799951553345 0.0017573620425537229
  endloop
 endfacet
 facet normal 0.26048416082990544 -0.55074499530344045 -0.7929867288328053
  outer loop
   vertex 0.23940210044384003 -0.26013478636741638 0.00080384942702949047
   vertex 0.24854159355163574 -0.25581210851669312 0.00080384942702949047
   vertex 0.23987759649753571 -0.26128280162811279 0.0017573620425537229
  endloop
 endfacet
 facet normal 0.20524531266361648 -0.57362484874624986 -0.7929873230578508
  outer loop
   vertex 0.23024359345436096 -0.26472988724708557 0.0017573620425537229
   vertex 0.23940210044384003 -0.26013478636741638 0.00080384942702949047
   vertex 0.23987759649753571 -0.26128280162811279 0.0017573620425537229
  endloop
 endfacet
 facet normal 0.20524649586983448 -0.57362684395887231 -0.79298557352762566
  outer loop
   vertex 0.22988289594650269 -0.26354080438613892 0.00080384942702949047
   vertex 0.23940210044384003 -0.26013478636741638 0.00080384942702949047
   vertex 0.23024359345436096 -0.26472988724708557 0.0017573620425537229
  endloop
 endfacet
 facet normal 0.14803279585955767 -0.59098220491529263 -0.79298570278628699
  outer loop
   vertex 0.22031809389591217 -0.26721608638763428 0.0017573620425537229
   vertex 0.22988289594650269 -0.26354080438613892 0.00080384942702949047
   vertex 0.23024359345436096 -0.26472988724708557 0.0017573620425537229
  endloop
 endfacet
 facet normal 0.14803784544250501 -0.59099301211928101 -0.79297670580094615
  outer loop
   vertex 0.22007569670677185 -0.26599740982055664 0.00080384942702949047
   vertex 0.22988289594650269 -0.26354080438613892 0.00080384942702949047
   vertex 0.22031809389591217 -0.26721608638763428 0.0017573620425537229
  endloop
 endfacet
 facet normal 0.089398362553656324 -0.60265682912654828 -0.79297709871083888
  outer loop
   vertex 0.21019670367240906 -0.26871749758720398 0.0017573620425537229
   vertex 0.22007569670677185 -0.26599740982055664 0.00080384942702949047
   vertex 0.22031809389591217 -0.26721608638763428 0.0017573620425537229
  endloop
 endfacet
 facet normal 0.089383664906618365 -0.60261513674566713 -0.79301043966196461
  outer loop
   vertex 0.21007490158081055 -0.26748079061508179 0.00080384942702949047
   vertex 0.22007569670677185 -0.26599740982055664 0.00080384942702949047
   vertex 0.21019670367240906 -0.26871749758720398 0.0017573620425537229
  endloop
 endfacet
 facet normal 0.38261046914111907 -0.018796508840037862 -0.92371852864335202
  outer loop
   vertex 0.30250391364097595 -0.17505179345607758 0.00080384942702949047
   vertex 0.30155289173126221 -0.16495369374752045 0.00020444609981495887
   vertex 0.30300000309944153 -0.16495369374752045 0.00080384942702949047
  endloop
 endfacet
 facet normal 0.38261802240341913 -0.018795612858377643 -0.92371541822650904
  outer loop
   vertex 0.30106380581855774 -0.17490990459918976 0.00020444609981495887
   vertex 0.30155289173126221 -0.16495369374752045 0.00020444609981495887
   vertex 0.30250391364097595 -0.17505179345607758 0.00080384942702949047
  endloop
 endfacet
 facet normal 0.37893190858436382 -0.056209995620940582 -0.92371588978911978
  outer loop
   vertex 0.30102041363716125 -0.18505260348320007 0.00080384942702949047
   vertex 0.30106380581855774 -0.17490990459918976 0.00020444609981495887
   vertex 0.30250391364097595 -0.17505179345607758 0.00080384942702949047
  endloop
 endfacet
 facet normal 0.37894624358861945 -0.056209710441270253 -0.92371002642722411
  outer loop
   vertex 0.29960119724273682 -0.18477030098438263 0.00020444609981495887
   vertex 0.30106380581855774 -0.17490990459918976 0.00020444609981495887
   vertex 0.30102041363716125 -0.18505260348320007 0.00080384942702949047
  endloop
 endfacet
 facet normal 0.37161191768369101 -0.093081685144461287 -0.92371011823305105
  outer loop
   vertex 0.29856389760971069 -0.19485980272293091 0.00080384942702949047
   vertex 0.29960119724273682 -0.18477030098438263 0.00020444609981495887
   vertex 0.30102041363716125 -0.18505260348320007 0.00080384942702949047
  endloop
 endfacet
 facet normal 0.37159045749217051 -0.093080001791653225 -0.92371892108326181
  outer loop
   vertex 0.29717910289764404 -0.19443969428539276 0.00020444609981495887
   vertex 0.29960119724273682 -0.18477030098438263 0.00020444609981495887
   vertex 0.29856389760971069 -0.19485980272293091 0.00080384942702949047
  endloop
 endfacet
 facet normal 0.36067666043872926 -0.12905526420164071 -0.92371915937508331
  outer loop
   vertex 0.295157790184021 -0.20437900722026825 0.00080384942702949047
   vertex 0.29717910289764404 -0.19443969428539276 0.00020444609981495887
   vertex 0.29856389760971069 -0.19485980272293091 0.00080384942702949047
  endloop
 endfacet
 facet normal 0.36068843319263877 -0.12905736346356872 -0.92371426918548327
  outer loop
   vertex 0.29382088780403137 -0.2038252055644989 0.00020444609981495887
   vertex 0.29717910289764404 -0.19443969428539276 0.00020444609981495887
   vertex 0.295157790184021 -0.20437900722026825 0.00080384942702949047
  endloop
 endfacet
 facet normal 0.34630243275476369 -0.16378620523205342 -0.92371462262097825
  outer loop
   vertex 0.29083520174026489 -0.21351850032806396 0.00080384942702949047
   vertex 0.29382088780403137 -0.2038252055644989 0.00020444609981495887
   vertex 0.295157790184021 -0.20437900722026825 0.00080384942702949047
  endloop
 endfacet
 facet normal 0.34628398269558902 -0.16378100703060863 -0.92372246105879696
  outer loop
   vertex 0.28955888748168945 -0.21283639967441559 0.00020444609981495887
   vertex 0.29382088780403137 -0.2038252055644989 0.00020444609981495887
   vertex 0.29083520174026489 -0.21351850032806396 0.00080384942702949047
  endloop
 endfacet
 facet normal 0.32856582357006087 -0.19693364684423881 -0.9237216238252498
  outer loop
   vertex 0.2856374979019165 -0.22219039499759674 0.00080384942702949047
   vertex 0.28955888748168945 -0.21283639967441559 0.00020444609981495887
   vertex 0.29083520174026489 -0.21351850032806396 0.00080384942702949047
  endloop
 endfacet
 facet normal 0.32857441453789693 -0.19693700663854324 -0.92371785168812703
  outer loop
   vertex 0.28443428874015808 -0.22138640284538269 0.00020444609981495887
   vertex 0.28955888748168945 -0.21283639967441559 0.00020444609981495887
   vertex 0.2856374979019165 -0.22219039499759674 0.00080384942702949047
  endloop
 endfacet
 facet normal 0.30768635053812071 -0.22819711066783274 -0.92371813253577817
  outer loop
   vertex 0.27961480617523193 -0.23031100630760193 0.00080384942702949047
   vertex 0.28443428874015808 -0.22138640284538269 0.00020444609981495887
   vertex 0.2856374979019165 -0.22219039499759674 0.00080384942702949047
  endloop
 endfacet
 facet normal 0.30768242440526861 -0.22819511147379565 -0.92371993418544251
  outer loop
   vertex 0.27849620580673218 -0.22939290106296539 0.00020444609981495887
   vertex 0.28443428874015808 -0.22138640284538269 0.00020444609981495887
   vertex 0.27961480617523193 -0.23031100630760193 0.00080384942702949047
  endloop
 endfacet
 facet normal 0.28383282260298853 -0.25725336610804622 -0.92372053914552532
  outer loop
   vertex 0.2728252112865448 -0.23780210316181183 0.00080384942702949047
   vertex 0.27849620580673218 -0.22939290106296539 0.00020444609981495887
   vertex 0.27961480617523193 -0.23031100630760193 0.00080384942702949047
  endloop
 endfacet
 facet normal 0.2838531801641625 -0.25726639038576055 -0.92371065626015869
  outer loop
   vertex 0.27180200815200806 -0.23677890002727509 0.00020444609981495887
   vertex 0.27849620580673218 -0.22939290106296539 0.00020444609981495887
   vertex 0.2728252112865448 -0.23780210316181183 0.00080384942702949047
  endloop
 endfacet
 facet normal 0.25726736463156635 -0.28385221983875242 -0.92371068002277712
  outer loop
   vertex 0.26533401012420654 -0.24459169805049896 0.00080384942702949047
   vertex 0.27180200815200806 -0.23677890002727509 0.00020444609981495887
   vertex 0.2728252112865448 -0.23780210316181183 0.00080384942702949047
  endloop
 endfacet
 facet normal 0.25726091200705969 -0.2838471356310463 -0.92371403948805852
  outer loop
   vertex 0.26441600918769836 -0.24347309768199921 0.00020444609981495887
   vertex 0.27180200815200806 -0.23677890002727509 0.00020444609981495887
   vertex 0.26533401012420654 -0.24459169805049896 0.00080384942702949047
  endloop
 endfacet
 facet normal 0.22820352645034492 -0.30769367526723634 -0.92371410767410456
  outer loop
   vertex 0.25721341371536255 -0.25061440467834473 0.00080384942702949047
   vertex 0.26441600918769836 -0.24347309768199921 0.00020444609981495887
   vertex 0.26533401012420654 -0.24459169805049896 0.00080384942702949047
  endloop
 endfacet
 facet normal 0.2282037953707747 -0.30769393369388687 -0.92371395515405952
  outer loop
   vertex 0.25640949606895447 -0.2494111955165863 0.00020444609981495887
   vertex 0.26441600918769836 -0.24347309768199921 0.00020444609981495887
   vertex 0.25721341371536255 -0.25061440467834473 0.00080384942702949047
  endloop
 endfacet
 facet normal 0.19694395688587252 -0.3285802018665494 -0.92371431123885561
  outer loop
   vertex 0.24854159355163574 -0.25581210851669312 0.00080384942702949047
   vertex 0.25640949606895447 -0.2494111955165863 0.00020444609981495887
   vertex 0.25721341371536255 -0.25061440467834473 0.00080384942702949047
  endloop
 endfacet
 facet normal 0.19694764016024871 -0.32858451217103019 -0.9237119926668893
  outer loop
   vertex 0.24785949289798737 -0.25453591346740723 0.00020444609981495887
   vertex 0.25640949606895447 -0.2494111955165863 0.00020444609981495887
   vertex 0.24854159355163574 -0.25581210851669312 0.00080384942702949047
  endloop
 endfacet
 facet normal 0.16379131425131874 -0.34630607216456305 -0.92371235228169279
  outer loop
   vertex 0.23940210044384003 -0.26013478636741638 0.00080384942702949047
   vertex 0.24785949289798737 -0.25453591346740723 0.00020444609981495887
   vertex 0.24854159355163574 -0.25581210851669312 0.00080384942702949047
  endloop
 endfacet
 facet normal 0.16377751301161353 -0.34628628097278441 -0.92372221898239981
  outer loop
   vertex 0.23884829878807068 -0.25879779458045959 0.00020444609981495887
   vertex 0.24785949289798737 -0.25453591346740723 0.00020444609981495887
   vertex 0.23940210044384003 -0.26013478636741638 0.00080384942702949047
  endloop
 endfacet
 facet normal 0.12904983727290525 -0.36067096081001843 -0.92372214303231603
  outer loop
   vertex 0.22988289594650269 -0.26354080438613892 0.00080384942702949047
   vertex 0.23884829878807068 -0.25879779458045959 0.00020444609981495887
   vertex 0.23940210044384003 -0.26013478636741638 0.00080384942702949047
  endloop
 endfacet
 facet normal 0.12905392964095402 -0.36067826373257234 -0.9237187198033201
  outer loop
   vertex 0.22946280241012573 -0.26215600967407227 0.00020444609981495887
   vertex 0.23884829878807068 -0.25879779458045959 0.00020444609981495887
   vertex 0.22988289594650269 -0.26354080438613892 0.00080384942702949047
  endloop
 endfacet
 facet normal 0.093079917303139109 -0.37159133551535245 -0.92371857638826194
  outer loop
   vertex 0.22007569670677185 -0.26599740982055664 0.00080384942702949047
   vertex 0.22946280241012573 -0.26215600967407227 0.00020444609981495887
   vertex 0.22988289594650269 -0.26354080438613892 0.00080384942702949047
  endloop
 endfacet
 facet normal 0.093078281618499223 -0.37158759872267638 -0.92372024442818323
  outer loop
   vertex 0.21979330480098724 -0.26457810401916504 0.00020444609981495887
   vertex 0.22946280241012573 -0.26215600967407227 0.00020444609981495887
   vertex 0.22007569670677185 -0.26599740982055664 0.00080384942702949047
  endloop
 endfacet
 facet normal 0.056204374797392868 -0.3789239011358525 -0.9237195166291664
  outer loop
   vertex 0.21007490158081055 -0.26748079061508179 0.00080384942702949047
   vertex 0.21979330480098724 -0.26457810401916504 0.00020444609981495887
   vertex 0.22007569670677185 -0.26599740982055664 0.00080384942702949047
  endloop
 endfacet
 facet normal 0.056209028813043557 -0.37893821231935837 -0.92371336264238546
  outer loop
   vertex 0.20993299782276154 -0.26604071259498596 0.00020444609981495887
   vertex 0.21979330480098724 -0.26457810401916504 0.00020444609981495887
   vertex 0.21007490158081055 -0.26748079061508179 0.00080384942702949047
  endloop
 endfacet
 facet normal 0.13052701981317436 -0.0064119701329162756 -0.99142401813639036
  outer loop
   vertex 0.30106380581855774 -0.17490990459918976 0.00020444609981495887
   vertex 0.30000001192092896 -0.16495369374752045 1.3322680133619921e-17
   vertex 0.30155289173126221 -0.16495369374752045 0.00020444609981495887
  endloop
 endfacet
 facet normal 0.13052733307777203 -0.0064119358190972871 -0.99142397711506669
  outer loop
   vertex 0.2995184063911438 -0.1747577041387558 1.3322680133619921e-17
   vertex 0.30000001192092896 -0.16495369374752045 1.3322680133619921e-17
   vertex 0.30106380581855774 -0.17490990459918976 0.00020444609981495887
  endloop
 endfacet
 facet normal 0.12927035920300961 -0.019174881879363181 -0.99142397496552259
  outer loop
   vertex 0.29960119724273682 -0.18477030098438263 0.00020444609981495887
   vertex 0.2995184063911438 -0.1747577041387558 1.3322680133619921e-17
   vertex 0.30106380581855774 -0.17490990459918976 0.00020444609981495887
  endloop
 endfacet
 facet normal 0.1292639864806556 -0.019174951512042984 -0.99142480452812942
  outer loop
   vertex 0.29807808995246887 -0.18446730077266693 1.3322680133619921e-17
   vertex 0.2995184063911438 -0.1747577041387558 1.3322680133619921e-17
   vertex 0.29960119724273682 -0.18477030098438263 0.00020444609981495887
  endloop
 endfacet
 facet normal 0.12676183376230282 -0.03175267684035455 -0.99142483578670271
  outer loop
   vertex 0.29717910289764404 -0.19443969428539276 0.00020444609981495887
   vertex 0.29807808995246887 -0.18446730077266693 1.3322680133619921e-17
   vertex 0.29960119724273682 -0.18477030098438263 0.00020444609981495887
  endloop
 endfacet
 facet normal 0.12676138589453187 -0.031752637665855128 -0.9914248943048376
  outer loop
   vertex 0.29569301009178162 -0.19398890435695648 1.3322680133619921e-17
   vertex 0.29807808995246887 -0.18446730077266693 1.3322680133619921e-17
   vertex 0.29717910289764404 -0.19443969428539276 0.00020444609981495887
  endloop
 endfacet
 facet normal 0.12303889326696357 -0.044024353728107944 -0.99142487714524463
  outer loop
   vertex 0.29382088780403137 -0.2038252055644989 0.00020444609981495887
   vertex 0.29569301009178162 -0.19398890435695648 1.3322680133619921e-17
   vertex 0.29717910289764404 -0.19443969428539276 0.00020444609981495887
  endloop
 endfacet
 facet normal 0.12304641197872128 -0.044025764051984051 -0.99142388139423077
  outer loop
   vertex 0.29238620400428772 -0.20323100686073303 1.3322680133619921e-17
   vertex 0.29569301009178162 -0.19398890435695648 1.3322680133619921e-17
   vertex 0.29382088780403137 -0.2038252055644989 0.00020444609981495887
  endloop
 endfacet
 facet normal 0.1181385597009602 -0.055875677894054107 -0.99142381922751022
  outer loop
   vertex 0.28955888748168945 -0.21283639967441559 0.00020444609981495887
   vertex 0.29238620400428772 -0.20323100686073303 1.3322680133619921e-17
   vertex 0.29382088780403137 -0.2038252055644989 0.00020444609981495887
  endloop
 endfacet
 facet normal 0.11813764202379094 -0.055875410427043408 -0.99142394365209274
  outer loop
   vertex 0.28818941116333008 -0.21210430562496185 1.3322680133619921e-17
   vertex 0.29238620400428772 -0.20323100686073303 1.3322680133619921e-17
   vertex 0.28955888748168945 -0.21283639967441559 0.00020444609981495887
  endloop
 endfacet
 facet normal 0.11209209118727187 -0.067184418291734868 -0.99142403492757092
  outer loop
   vertex 0.28443428874015808 -0.22138640284538269 0.00020444609981495887
   vertex 0.28818941116333008 -0.21210430562496185 1.3322680133619921e-17
   vertex 0.28955888748168945 -0.21283639967441559 0.00020444609981495887
  endloop
 endfacet
 facet normal 0.1120884257459125 -0.067182946741918728 -0.99142454906103439
  outer loop
   vertex 0.28314310312271118 -0.22052359580993652 1.3322680133619921e-17
   vertex 0.28818941116333008 -0.21210430562496185 1.3322680133619921e-17
   vertex 0.28443428874015808 -0.22138640284538269 0.00020444609981495887
  endloop
 endfacet
 facet normal 0.10496276558590212 -0.077846467960497129 -0.99142460392439036
  outer loop
   vertex 0.27849620580673218 -0.22939290106296539 0.00020444609981495887
   vertex 0.28314310312271118 -0.22052359580993652 1.3322680133619921e-17
   vertex 0.28443428874015808 -0.22138640284538269 0.00020444609981495887
  endloop
 endfacet
 facet normal 0.1049674431839623 -0.077848902872889647 -0.99142391750093928
  outer loop
   vertex 0.2772957980632782 -0.22840780019760132 1.3322680133619921e-17
   vertex 0.28314310312271118 -0.22052359580993652 1.3322680133619921e-17
   vertex 0.27849620580673218 -0.22939290106296539 0.00020444609981495887
  endloop
 endfacet
 facet normal 0.096832051258852636 -0.087762385774951185 -0.99142388386203983
  outer loop
   vertex 0.27180200815200806 -0.23677890002727509 0.00020444609981495887
   vertex 0.2772957980632782 -0.22840780019760132 1.3322680133619921e-17
   vertex 0.27849620580673218 -0.22939290106296539 0.00020444609981495887
  endloop
 endfacet
 facet normal 0.096826778711246272 -0.087758945518710663 -0.99142470334657662
  outer loop
   vertex 0.27070391178131104 -0.23568080365657806 1.3322680133619921e-17
   vertex 0.2772957980632782 -0.22840780019760132 1.3322680133619921e-17
   vertex 0.27180200815200806 -0.23677890002727509 0.00020444609981495887
  endloop
 endfacet
 facet normal 0.08775824285705619 -0.096827480197635152 -0.99142469703413105
  outer loop
   vertex 0.26441600918769836 -0.24347309768199921 0.00020444609981495887
   vertex 0.27070391178131104 -0.23568080365657806 1.3322680133619921e-17
   vertex 0.27180200815200806 -0.23677890002727509 0.00020444609981495887
  endloop
 endfacet
 facet normal 0.087763220964411123 -0.09683147542513397 -0.99142386617074318
  outer loop
   vertex 0.2634308934211731 -0.24227270483970642 1.3322680133619921e-17
   vertex 0.27070391178131104 -0.23568080365657806 1.3322680133619921e-17
   vertex 0.26441600918769836 -0.24347309768199921 0.00020444609981495887
  endloop
 endfacet
 facet normal 0.077849730175885076 -0.10496709608140663 -0.99142388928842073
  outer loop
   vertex 0.25640949606895447 -0.2494111955165863 0.00020444609981495887
   vertex 0.2634308934211731 -0.24227270483970642 1.3322680133619921e-17
   vertex 0.26441600918769836 -0.24347309768199921 0.00020444609981495887
  endloop
 endfacet
 facet normal 0.077845053867155165 -0.104962520867756 -0.99142474086614651
  outer loop
   vertex 0.2555466890335083 -0.24811999499797821 1.3322680133619921e-17
   vertex 0.2634308934211731 -0.24227270483970642 1.3322680133619921e-17
   vertex 0.25640949606895447 -0.2494111955165863 0.00020444609981495887
  endloop
 endfacet
 facet normal 0.067183000823755307 -0.1120871188601079 -0.99142469314918502
  outer loop
   vertex 0.24785949289798737 -0.25453591346740723 0.00020444609981495887
   vertex 0.2555466890335083 -0.24811999499797821 1.3322680133619921e-17
   vertex 0.25640949606895447 -0.2494111955165863 0.00020444609981495887
  endloop
 endfacet
 facet normal 0.067179375833175389 -0.11208279898812229 -0.99142542716719406
  outer loop
   vertex 0.24712739884853363 -0.25316628813743591 1.3322680133619921e-17
   vertex 0.2555466890335083 -0.24811999499797821 1.3322680133619921e-17
   vertex 0.24785949289798737 -0.25453591346740723 0.00020444609981495887
  endloop
 endfacet
 facet normal 0.055869260051729264 -0.11812829446642528 -0.99142540406614843
  outer loop
   vertex 0.23884829878807068 -0.25879779458045959 0.00020444609981495887
   vertex 0.24712739884853363 -0.25316628813743591 1.3322680133619921e-17
   vertex 0.24785949289798737 -0.25453591346740723 0.00020444609981495887
  endloop
 endfacet
 facet normal 0.055874020578032348 -0.11813525326259042 -0.99142430662205838
  outer loop
   vertex 0.23825399577617645 -0.25736311078071594 1.3322680133619921e-17
   vertex 0.24712739884853363 -0.25316628813743591 1.3322680133619921e-17
   vertex 0.23884829878807068 -0.25879779458045959 0.00020444609981495887
  endloop
 endfacet
 facet normal 0.044025959576965312 -0.1230431859266775 -0.99142427309418868
  outer loop
   vertex 0.22946280241012573 -0.26215600967407227 0.00020444609981495887
   vertex 0.23825399577617645 -0.25736311078071594 1.3322680133619921e-17
   vertex 0.23884829878807068 -0.25879779458045959 0.00020444609981495887
  endloop
 endfacet
 facet normal 0.044026929579652492 -0.12304495392026059 -0.99142401059614715
  outer loop
   vertex 0.22901199758052826 -0.260670006275177 1.3322680133619921e-17
   vertex 0.23825399577617645 -0.25736311078071594 1.3322680133619921e-17
   vertex 0.22946280241012573 -0.26215600967407227 0.00020444609981495887
  endloop
 endfacet
 facet normal 0.031753923699404371 -0.12676817891682737 -0.99142398455141467
  outer loop
   vertex 0.21979330480098724 -0.26457810401916504 0.00020444609981495887
   vertex 0.22901199758052826 -0.260670006275177 1.3322680133619921e-17
   vertex 0.22946280241012573 -0.26215600967407227 0.00020444609981495887
  endloop
 endfacet
 facet normal 0.031752049931793543 -0.12676379143049948 -0.99142460555873524
  outer loop
   vertex 0.21949039399623871 -0.26305499672889709 1.3322680133619921e-17
   vertex 0.22901199758052826 -0.260670006275177 1.3322680133619921e-17
   vertex 0.21979330480098724 -0.26457810401916504 0.00020444609981495887
  endloop
 endfacet
 facet normal 0.019174293864345302 -0.1292652229165534 -0.99142465603753149
  outer loop
   vertex 0.20993299782276154 -0.26604071259498596 0.00020444609981495887
   vertex 0.21949039399623871 -0.26305499672889709 1.3322680133619921e-17
   vertex 0.21979330480098724 -0.26457810401916504 0.00020444609981495887
  endloop
 endfacet
 facet normal 0.019175882100280942 -0.12927025984960439 -0.99142396857454085
  outer loop
   vertex 0.20978079736232758 -0.26449531316757202 1.3322680133619921e-17
   vertex 0.21949039399623871 -0.26305499672889709 1.3322680133619921e-17
   vertex 0.20993299782276154 -0.26604071259498596 0.00020444609981495887
  endloop
 endfacet
 facet normal -0.9987956290292509 0.049064156286060333 0
  outer loop
   vertex 0.2995184063911438 -0.1747577041387558 1.3322680133619921e-17
   vertex 0.30000001192092896 -0.16495369374752045 0.012000000104308128
   vertex 0.30000001192092896 -0.16495369374752045 1.3322680133619921e-17
  endloop
 endfacet
 facet normal -0.9987956290292509 0.049064156286060333 0
  outer loop
   vertex 0.2995184063911438 -0.1747577041387558 0.012000000104308128
   vertex 0.30000001192092896 -0.16495369374752045 0.012000000104308128
   vertex 0.2995184063911438 -0.1747577041387558 1.3322680133619921e-17
  endloop
 endfacet
 facet normal -0.98917600968040365 0.14673384705906761 0
  outer loop
   vertex 0.29807808995246887 -0.18446730077266693 1.3322680133619921e-17
   vertex 0.2995184063911438 -0.1747577041387558 0.012000000104308128
   vertex 0.2995184063911438 -0.1747577041387558 1.3322680133619921e-17
  endloop
 endfacet
 facet normal -0.98917600968040365 0.14673384705906761 0
  outer loop
   vertex 0.29807808995246887 -0.18446730077266693 0.012000000104308128
   vertex 0.2995184063911438 -0.1747577041387558 0.012000000104308128
   vertex 0.29807808995246887 -0.18446730077266693 1.3322680133619921e-17
  endloop
 endfacet
 facet normal -0.97003023692510471 0.24298423704229255 0
  outer loop
   vertex 0.29569301009178162 -0.19398890435695648 1.3322680133619921e-17
   vertex 0.29807808995246887 -0.18446730077266693 0.012000000104308128
   vertex 0.29807808995246887 -0.18446730077266693 1.3322680133619921e-17
  endloop
 endfacet
 facet normal -0.97003023692510471 0.24298423704229255 0
  outer loop
   vertex 0.29569301009178162 -0.19398890435695648 0.012000000104308128
   vertex 0.29807808995246887 -0.18446730077266693 0.012000000104308128
   vertex 0.29569301009178162 -0.19398890435695648 1.3322680133619921e-17
  endloop
 endfacet
 facet normal -0.94154636161277849 0.33688343523203818 0
  outer loop
   vertex 0.29238620400428772 -0.20323100686073303 1.3322680133619921e-17
   vertex 0.29569301009178162 -0.19398890435695648 0.012000000104308128
   vertex 0.29569301009178162 -0.19398890435695648 1.3322680133619921e-17
  endloop
 endfacet
 facet normal -0.94154636161277849 0.33688343523203818 0
  outer loop
   vertex 0.29238620400428772 -0.20323100686073303 0.012000000104308128
   vertex 0.29569301009178162 -0.19398890435695648 0.012000000104308128
   vertex 0.29238620400428772 -0.20323100686073303 1.3322680133619921e-17
  endloop
 endfacet
 facet normal -0.90398791182353344 0.4275580139313585 0
  outer loop
   vertex 0.28818941116333008 -0.21210430562496185 1.3322680133619921e-17
   vertex 0.29238620400428772 -0.20323100686073303 0.012000000104308128
   vertex 0.29238620400428772 -0.20323100686073303 1.3322680133619921e-17
  endloop
 endfacet
 facet normal -0.90398791182353344 0.4275580139313585 0
  outer loop
   vertex 0.28818941116333008 -0.21210430562496185 0.012000000104308128
   vertex 0.29238620400428772 -0.20323100686073303 0.012000000104308128
   vertex 0.28818941116333008 -0.21210430562496185 1.3322680133619921e-17
  endloop
 endfacet
 facet normal -0.8577295216890809 0.51410122312927875 0
  outer loop
   vertex 0.28314310312271118 -0.22052359580993652 1.3322680133619921e-17
   vertex 0.28818941116333008 -0.21210430562496185 0.012000000104308128
   vertex 0.28818941116333008 -0.21210430562496185 1.3322680133619921e-17
  endloop
 endfacet
 facet normal -0.8577295216890809 0.51410122312927875 0
  outer loop
   vertex 0.28314310312271118 -0.22052359580993652 0.012000000104308128
   vertex 0.28818941116333008 -0.21210430562496185 0.012000000104308128
   vertex 0.28314310312271118 -0.22052359580993652 1.3322680133619921e-17
  endloop
 endfacet
 facet normal -0.80320847866245437 0.59569802736348343 0
  outer loop
   vertex 0.2772957980632782 -0.22840780019760132 1.3322680133619921e-17
   vertex 0.28314310312271118 -0.22052359580993652 0.012000000104308128
   vertex 0.28314310312271118 -0.22052359580993652 1.3322680133619921e-17
  endloop
 endfacet
 facet normal -0.80320847866245437 0.59569802736348343 0
  outer loop
   vertex 0.2772957980632782 -0.22840780019760132 0.012000000104308128
   vertex 0.28314310312271118 -0.22052359580993652 0.012000000104308128
   vertex 0.2772957980632782 -0.22840780019760132 1.3322680133619921e-17
  endloop
 endfacet
 facet normal -0.74095010202981304 0.67156008391059818 0
  outer loop
   vertex 0.27070391178131104 -0.23568080365657806 1.3322680133619921e-17
   vertex 0.2772957980632782 -0.22840780019760132 0.012000000104308128
   vertex 0.2772957980632782 -0.22840780019760132 1.3322680133619921e-17
  endloop
 endfacet
 facet normal -0.74095010202981304 0.67156008391059818 0
  outer loop
   vertex 0.27070391178131104 -0.23568080365657806 0.012000000104308128
   vertex 0.2772957980632782 -0.22840780019760132 0.012000000104308128
   vertex 0.27070391178131104 -0.23568080365657806 1.3322680133619921e-17
  endloop
 endfacet
 facet normal -0.67156016196192525 0.74095003128798953 0
  outer loop
   vertex 0.2634308934211731 -0.24227270483970642 1.3322680133619921e-17
   vertex 0.27070391178131104 -0.23568080365657806 0.012000000104308128
   vertex 0.27070391178131104 -0.23568080365657806 1.3322680133619921e-17
  endloop
 endfacet
 facet normal -0.67156016196192525 0.74095003128798953 0
  outer loop
   vertex 0.2634308934211731 -0.24227270483970642 0.012000000104308128
   vertex 0.27070391178131104 -0.23568080365657806 0.012000000104308128
   vertex 0.2634308934211731 -0.24227270483970642 1.3322680133619921e-17
  endloop
 endfacet
 facet normal -0.5956970479914907 0.80320920501088855 0
  outer loop
   vertex 0.2555466890335083 -0.24811999499797821 1.3322680133619921e-17
   vertex 0.2634308934211731 -0.24227270483970642 0.012000000104308128
   vertex 0.2634308934211731 -0.24227270483970642 1.3322680133619921e-17
  endloop
 endfacet
 facet normal -0.5956970479914907 0.80320920501088855 0
  outer loop
   vertex 0.2555466890335083 -0.24811999499797821 0.012000000104308128
   vertex 0.2634308934211731 -0.24227270483970642 0.012000000104308128
   vertex 0.2555466890335083 -0.24811999499797821 1.3322680133619921e-17
  endloop
 endfacet
 facet normal -0.51410010627575986 0.85773019110163795 0
  outer loop
   vertex 0.24712739884853363 -0.25316628813743591 1.3322680133619921e-17
   vertex 0.2555466890335083 -0.24811999499797821 0.012000000104308128
   vertex 0.2555466890335083 -0.24811999499797821 1.3322680133619921e-17
  endloop
 endfacet
 facet normal -0.51410010627575986 0.85773019110163795 0
  outer loop
   vertex 0.24712739884853363 -0.25316628813743591 0.012000000104308128
   vertex 0.2555466890335083 -0.24811999499797821 0.012000000104308128
   vertex 0.24712739884853363 -0.25316628813743591 1.3322680133619921e-17
  endloop
 endfacet
 facet normal -0.42755638782668154 0.90398868091840634 0
  outer loop
   vertex 0.23825399577617645 -0.25736311078071594 1.3322680133619921e-17
   vertex 0.24712739884853363 -0.25316628813743591 0.012000000104308128
   vertex 0.24712739884853363 -0.25316628813743591 1.3322680133619921e-17
  endloop
 endfacet
 facet normal -0.42755638782668154 0.90398868091840634 0
  outer loop
   vertex 0.23825399577617645 -0.25736311078071594 0.012000000104308128
   vertex 0.24712739884853363 -0.25316628813743591 0.012000000104308128
   vertex 0.23825399577617645 -0.25736311078071594 1.3322680133619921e-17
  endloop
 endfacet
 facet normal -0.33689488059887862 0.94154226640457694 0
  outer loop
   vertex 0.22901199758052826 -0.260670006275177 1.3322680133619921e-17
   vertex 0.23825399577617645 -0.25736311078071594 0.012000000104308128
   vertex 0.23825399577617645 -0.25736311078071594 1.3322680133619921e-17
  endloop
 endfacet
 facet normal -0.33689488059887862 0.94154226640457694 0
  outer loop
   vertex 0.22901199758052826 -0.260670006275177 0.012000000104308128
   vertex 0.23825399577617645 -0.25736311078071594 0.012000000104308128
   vertex 0.22901199758052826 -0.260670006275177 1.3322680133619921e-17
  endloop
 endfacet
 facet normal -0.24297566629827452 0.97003238378257739 0
  outer loop
   vertex 0.21949039399623871 -0.26305499672889709 1.3322680133619921e-17
   vertex 0.22901199758052826 -0.260670006275177 0.012000000104308128
   vertex 0.22901199758052826 -0.260670006275177 1.3322680133619921e-17
  endloop
 endfacet
 facet normal -0.24297566629827452 0.97003238378257739 0
  outer loop
   vertex 0.21949039399623871 -0.26305499672889709 0.012000000104308128
   vertex 0.22901199758052826 -0.260670006275177 0.012000000104308128
   vertex 0.21949039399623871 -0.26305499672889709 1.3322680133619921e-17
  endloop
 endfacet
 facet normal -0.14673384705906761 0.98917600968040365 0
  outer loop
   vertex 0.20978079736232758 -0.26449531316757202 1.3322680133619921e-17
   vertex 0.21949039399623871 -0.26305499672889709 0.012000000104308128
   vertex 0.21949039399623871 -0.26305499672889709 1.3322680133619921e-17
  endloop
 endfacet
 facet normal -0.14673384705906761 0.98917600968040365 0
  outer loop
   vertex 0.20978079736232758 -0.26449531316757202 0.012000000104308128
   vertex 0.21949039399623871 -0.26305499672889709 0.012000000104308128
   vertex 0.20978079736232758 -0.26449531316757202 1.3322680133619921e-17
  endloop
 endfacet
 facet normal -0.049061201834856412 0.99879577415731957 0
  outer loop
   vertex 0.19997680187225342 -0.26497688889503479 1.3322680133619921e-17
   vertex 0.20978079736232758 -0.26449531316757202 0.012000000104308128
   vertex 0.20978079736232758 -0.26449531316757202 1.3322680133619921e-17
  endloop
 endfacet
 facet normal -0.049061201834856412 0.99879577415731957 0
  outer loop
   vertex 0.19997680187225342 -0.26497688889503479 0.012000000104308128
   vertex 0.20978079736232758 -0.26449531316757202 0.012000000104308128
   vertex 0.19997680187225342 -0.26497688889503479 1.3322680133619921e-17
  endloop
 endfacet
 facet normal -0 -0.13052724074567906 -0.99144472333222877
  outer loop
   vertex -0.20002320408821106 -0.26497688889503479 1.3322680133619921e-17
   vertex -0.16668979823589325 -0.26652979850769043 0.00020444609981495887
   vertex -0.20002320408821106 -0.26652979850769043 0.00020444609981495887
  endloop
 endfacet
 facet normal 0 -0.13052724074567906 -0.99144472333222877
  outer loop
   vertex -0.1333564966917038 -0.26652979850769043 0.00020444609981495887
   vertex -0.16668979823589325 -0.26652979850769043 0.00020444609981495887
   vertex -0.20002320408821106 -0.26497688889503479 1.3322680133619921e-17
  endloop
 endfacet
 facet normal 0 -0.13052724074567906 -0.99144472333222877
  outer loop
   vertex -0.10002320259809494 -0.26652979850769043 0.00020444609981495887
   vertex -0.1333564966917038 -0.26652979850769043 0.00020444609981495887
   vertex -0.20002320408821106 -0.26497688889503479 1.3322680133619921e-17
  endloop
 endfacet
 facet normal 0 -0.38267807686870409 -0.92388175081233748
  outer loop
   vertex -0.10002320259809494 -0.26797690987586975 0.00080384942702949047
   vertex -0.1333564966917038 -0.26652979850769043 0.00020444609981495887
   vertex -0.10002320259809494 -0.26652979850769043 0.00020444609981495887
  endloop
 endfacet
 facet normal 0 -0.38267807686870414 -0.92388175081233748
  outer loop
   vertex -0.066689841449260712 -0.26797690987586975 0.00080384942702949047
   vertex -0.10002320259809494 -0.26797690987586975 0.00080384942702949047
   vertex -0.10002320259809494 -0.26652979850769043 0.00020444609981495887
  endloop
 endfacet
 facet normal 0 -0.60874434557398427 -0.79336644857953365
  outer loop
   vertex -0.066689841449260712 -0.26921960711479187 0.0017573620425537229
   vertex -0.10002320259809494 -0.26797690987586975 0.00080384942702949047
   vertex -0.066689841449260712 -0.26797690987586975 0.00080384942702949047
  endloop
 endfacet
 facet normal 0 -0.60874434557398416 -0.79336644857953353
  outer loop
   vertex -0.033356510102748871 -0.26921960711479187 0.0017573620425537229
   vertex -0.066689841449260712 -0.26921960711479187 0.0017573620425537229
   vertex -0.066689841449260712 -0.26797690987586975 0.00080384942702949047
  endloop
 endfacet
 facet normal 0 -0.79335842214104457 -0.60875480615587096
  outer loop
   vertex -0.033356510102748871 -0.27017310261726379 0.0030000030528753996
   vertex -0.066689841449260712 -0.26921960711479187 0.0017573620425537229
   vertex -0.033356510102748871 -0.26921960711479187 0.0017573620425537229
  endloop
 endfacet
 facet normal 0 -0.79335842214104457 -0.60875480615587096
  outer loop
   vertex -2.3174039597506635e-05 -0.27017310261726379 0.0030000030528753996
   vertex -0.033356510102748871 -0.27017310261726379 0.0030000030528753996
   vertex -0.033356510102748871 -0.26921960711479187 0.0017573620425537229
  endloop
 endfacet
 facet normal 0 -0.92388358402921467 -0.38267365098910722
  outer loop
   vertex -2.3174039597506635e-05 -0.27077248692512512 0.004447088111191988
   vertex -0.033356510102748871 -0.27017310261726379 0.0030000030528753996
   vertex -2.3174039597506635e-05 -0.27017310261726379 0.0030000030528753996
  endloop
 endfacet
 facet normal 0 -0.92388358402921467 -0.38267365098910722
  outer loop
   vertex 0.033310160040855408 -0.27077248692512512 0.004447088111191988
   vertex -2.3174039597506635e-05 -0.27077248692512512 0.004447088111191988
   vertex -2.3174039597506635e-05 -0.27017310261726379 0.0030000030528753996
  endloop
 endfacet
 facet normal 0 -0.99144741015762727 -0.13050683082403672
  outer loop
   vertex 0.033310160040855408 -0.27097690105438232 0.0060000019147992134
   vertex -2.3174039597506635e-05 -0.27077248692512512 0.004447088111191988
   vertex 0.033310160040855408 -0.27077248692512512 0.004447088111191988
  endloop
 endfacet
 facet normal 0 -0.99144741015762727 -0.13050683082403672
  outer loop
   vertex 0.066643491387367249 -0.27097690105438232 0.0060000019147992134
   vertex 0.033310160040855408 -0.27097690105438232 0.0060000019147992134
   vertex 0.033310160040855408 -0.27077248692512512 0.004447088111191988
  endloop
 endfacet
 facet normal 0 -0.99144741522121982 0.13050679235642124
  outer loop
   vertex 0.066643491387367249 -0.27077248692512512 0.0075529161840677261
   vertex 0.033310160040855408 -0.27097690105438232 0.0060000019147992134
   vertex 0.066643491387367249 -0.27097690105438232 0.0060000019147992134
  endloop
 endfacet
 facet normal 0 -0.99144741522121993 0.13050679235642124
  outer loop
   vertex 0.099976830184459686 -0.27077248692512512 0.0075529161840677261
   vertex 0.066643491387367249 -0.27077248692512512 0.0075529161840677261
   vertex 0.066643491387367249 -0.27097690105438232 0.0060000019147992134
  endloop
 endfacet
 facet normal 0 -0.92388351872488539 0.38267380865238765
  outer loop
   vertex 0.099976830184459686 -0.27017310261726379 0.0090000005438923836
   vertex 0.066643491387367249 -0.27077248692512512 0.0075529161840677261
   vertex 0.099976830184459686 -0.27077248692512512 0.0075529161840677261
  endloop
 endfacet
 facet normal 0 -0.9238835187248855 0.3826738086523877
  outer loop
   vertex 0.13331019878387451 -0.27017310261726379 0.0090000005438923836
   vertex 0.099976830184459686 -0.27017310261726379 0.0090000005438923836
   vertex 0.099976830184459686 -0.27077248692512512 0.0075529161840677261
  endloop
 endfacet
 facet normal 0 -0.79335806407548137 0.60875527280377972
  outer loop
   vertex 0.13331019878387451 -0.26921960711479187 0.010242640040814877
   vertex 0.099976830184459686 -0.27017310261726379 0.0090000005438923836
   vertex 0.13331019878387451 -0.27017310261726379 0.0090000005438923836
  endloop
 endfacet
 facet normal 0 -0.79335806407548148 0.60875527280377983
  outer loop
   vertex 0.16664350032806396 -0.26921960711479187 0.010242640040814877
   vertex 0.13331019878387451 -0.26921960711479187 0.010242640040814877
   vertex 0.13331019878387451 -0.27017310261726379 0.0090000005438923836
  endloop
 endfacet
 facet normal 0 -0.60874345674038877 0.79336713057434027
  outer loop
   vertex 0.16664350032806396 -0.26797690987586975 0.011196150444447994
   vertex 0.13331019878387451 -0.26921960711479187 0.010242640040814877
   vertex 0.16664350032806396 -0.26921960711479187 0.010242640040814877
  endloop
 endfacet
 facet normal 0 -0.60874345674038877 0.79336713057434027
  outer loop
   vertex 0.19997680187225342 -0.26797690987586975 0.011196150444447994
   vertex 0.16664350032806396 -0.26797690987586975 0.011196150444447994
   vertex 0.16664350032806396 -0.26921960711479187 0.010242640040814877
  endloop
 endfacet
 facet normal 0 -0.38268141534646621 0.92388036798517659
  outer loop
   vertex 0.19997680187225342 -0.26652979850769043 0.011795559898018837
   vertex 0.16664350032806396 -0.26797690987586975 0.011196150444447994
   vertex 0.19997680187225342 -0.26797690987586975 0.011196150444447994
  endloop
 endfacet
 facet normal 0 -0.38268141534646621 0.92388036798517659
  outer loop
   vertex 0.16664350032806396 -0.26652979850769043 0.011795559898018837
   vertex 0.16664350032806396 -0.26797690987586975 0.011196150444447994
   vertex 0.19997680187225342 -0.26652979850769043 0.011795559898018837
  endloop
 endfacet
 facet normal 0 -0.1305235421672101 0.99144521025628263
  outer loop
   vertex 0.19997680187225342 -0.26497688889503479 0.012000000104308128
   vertex 0.16664350032806396 -0.26652979850769043 0.011795559898018837
   vertex 0.19997680187225342 -0.26652979850769043 0.011795559898018837
  endloop
 endfacet
 facet normal 0 -0.1305235421672101 0.99144521025628263
  outer loop
   vertex 0.13331019878387451 -0.26652979850769043 0.011795559898018837
   vertex 0.16664350032806396 -0.26652979850769043 0.011795559898018837
   vertex 0.19997680187225342 -0.26497688889503479 0.012000000104308128
  endloop
 endfacet
 facet normal 0 -0.1305235421672101 0.99144521025628263
  outer loop
   vertex 0.099976830184459686 -0.26652979850769043 0.011795559898018837
   vertex 0.13331019878387451 -0.26652979850769043 0.011795559898018837
   vertex 0.19997680187225342 -0.26497688889503479 0.012000000104308128
  endloop
 endfacet
 facet normal 0 -0.38268141534646621 0.92388036798517659
  outer loop
   vertex 0.099976830184459686 -0.26797690987586975 0.011196150444447994
   vertex 0.13331019878387451 -0.26652979850769043 0.011795559898018837
   vertex 0.099976830184459686 -0.26652979850769043 0.011795559898018837
  endloop
 endfacet
 facet normal 0 -0.38268141534646616 0.92388036798517659
  outer loop
   vertex 0.066643491387367249 -0.26797690987586975 0.011196150444447994
   vertex 0.099976830184459686 -0.26797690987586975 0.011196150444447994
   vertex 0.099976830184459686 -0.26652979850769043 0.011795559898018837
  endloop
 endfacet
 facet normal 0 -0.60874345674038877 0.79336713057434027
  outer loop
   vertex 0.066643491387367249 -0.26921960711479187 0.010242640040814877
   vertex 0.099976830184459686 -0.26797690987586975 0.011196150444447994
   vertex 0.066643491387367249 -0.26797690987586975 0.011196150444447994
  endloop
 endfacet
 facet normal 0 -0.60874345674038877 0.79336713057434027
  outer loop
   vertex 0.033310160040855408 -0.26921960711479187 0.010242640040814877
   vertex 0.066643491387367249 -0.26921960711479187 0.010242640040814877
   vertex 0.066643491387367249 -0.26797690987586975 0.011196150444447994
  endloop
 endfacet
 facet normal 0 -0.79335806407548137 0.60875527280377972
  outer loop
   vertex 0.033310160040855408 -0.27017310261726379 0.0090000005438923836
   vertex 0.066643491387367249 -0.26921960711479187 0.010242640040814877
   vertex 0.033310160040855408 -0.26921960711479187 0.010242640040814877
  endloop
 endfacet
 facet normal 0 -0.79335806407548137 0.60875527280377972
  outer loop
   vertex -2.3174039597506635e-05 -0.27017310261726379 0.0090000005438923836
   vertex 0.033310160040855408 -0.27017310261726379 0.0090000005438923836
   vertex 0.033310160040855408 -0.26921960711479187 0.010242640040814877
  endloop
 endfacet
 facet normal 0 -0.9238835187248855 0.38267380865238765
  outer loop
   vertex -2.3174039597506635e-05 -0.27077248692512512 0.0075529161840677261
   vertex 0.033310160040855408 -0.27017310261726379 0.0090000005438923836
   vertex -2.3174039597506635e-05 -0.27017310261726379 0.0090000005438923836
  endloop
 endfacet
 facet normal 0 -0.9238835187248855 0.38267380865238765
  outer loop
   vertex -0.033356510102748871 -0.27077248692512512 0.0075529161840677261
   vertex -2.3174039597506635e-05 -0.27077248692512512 0.0075529161840677261
   vertex -2.3174039597506635e-05 -0.27017310261726379 0.0090000005438923836
  endloop
 endfacet
 facet normal 0 -0.99144741522121982 0.13050679235642124
  outer loop
   vertex -0.033356510102748871 -0.27097690105438232 0.0060000019147992134
   vertex -2.3174039597506635e-05 -0.27077248692512512 0.0075529161840677261
   vertex -0.033356510102748871 -0.27077248692512512 0.0075529161840677261
  endloop
 endfacet
 facet normal 0 -0.99144741522121982 0.13050679235642124
  outer loop
   vertex -0.066689841449260712 -0.27097690105438232 0.0060000019147992134
   vertex -0.033356510102748871 -0.27097690105438232 0.0060000019147992134
   vertex -0.033356510102748871 -0.27077248692512512 0.0075529161840677261
  endloop
 endfacet
 facet normal -0 -0.99144741015762727 -0.13050683082403672
  outer loop
   vertex -0.066689841449260712 -0.27077248692512512 0.004447088111191988
   vertex -0.033356510102748871 -0.27097690105438232 0.0060000019147992134
   vertex -0.066689841449260712 -0.27097690105438232 0.0060000019147992134
  endloop
 endfacet
 facet normal -0 -0.99144741015762716 -0.13050683082403669
  outer loop
   vertex -0.10002320259809494 -0.27077248692512512 0.004447088111191988
   vertex -0.066689841449260712 -0.27077248692512512 0.004447088111191988
   vertex -0.066689841449260712 -0.27097690105438232 0.0060000019147992134
  endloop
 endfacet
 facet normal -0 -0.92388358402921467 -0.38267365098910722
  outer loop
   vertex -0.10002320259809494 -0.27017310261726379 0.0030000030528753996
   vertex -0.066689841449260712 -0.27077248692512512 0.004447088111191988
   vertex -0.10002320259809494 -0.27077248692512512 0.004447088111191988
  endloop
 endfacet
 facet normal -0 -0.92388358402921467 -0.38267365098910722
  outer loop
   vertex -0.1333564966917038 -0.27017310261726379 0.0030000030528753996
   vertex -0.10002320259809494 -0.27017310261726379 0.0030000030528753996
   vertex -0.10002320259809494 -0.27077248692512512 0.004447088111191988
  endloop
 endfacet
 facet normal -0 -0.79335842214104468 -0.60875480615587096
  outer loop
   vertex -0.1333564966917038 -0.26921960711479187 0.0017573620425537229
   vertex -0.10002320259809494 -0.27017310261726379 0.0030000030528753996
   vertex -0.1333564966917038 -0.27017310261726379 0.0030000030528753996
  endloop
 endfacet
 facet normal -0 -0.79335842214104457 -0.60875480615587096
  outer loop
   vertex -0.16668979823589325 -0.26921960711479187 0.0017573620425537229
   vertex -0.1333564966917038 -0.26921960711479187 0.0017573620425537229
   vertex -0.1333564966917038 -0.27017310261726379 0.0030000030528753996
  endloop
 endfacet
 facet normal -0 -0.60874434557398416 -0.79336644857953353
  outer loop
   vertex -0.16668979823589325 -0.26797690987586975 0.00080384942702949047
   vertex -0.1333564966917038 -0.26921960711479187 0.0017573620425537229
   vertex -0.16668979823589325 -0.26921960711479187 0.0017573620425537229
  endloop
 endfacet
 facet normal -0 -0.60874434557398427 -0.79336644857953365
  outer loop
   vertex -0.20002320408821106 -0.26797690987586975 0.00080384942702949047
   vertex -0.16668979823589325 -0.26797690987586975 0.00080384942702949047
   vertex -0.16668979823589325 -0.26921960711479187 0.0017573620425537229
  endloop
 endfacet
 facet normal -0 -0.38267807686870414 -0.92388175081233759
  outer loop
   vertex -0.20002320408821106 -0.26652979850769043 0.00020444609981495887
   vertex -0.16668979823589325 -0.26797690987586975 0.00080384942702949047
   vertex -0.20002320408821106 -0.26797690987586975 0.00080384942702949047
  endloop
 endfacet
 facet normal 0 -0.38267807686870414 -0.92388175081233759
  outer loop
   vertex -0.16668979823589325 -0.26652979850769043 0.00020444609981495887
   vertex -0.16668979823589325 -0.26797690987586975 0.00080384942702949047
   vertex -0.20002320408821106 -0.26652979850769043 0.00020444609981495887
  endloop
 endfacet
 facet normal 0 -0.60874434557398427 -0.79336644857953365
  outer loop
   vertex -0.16668979823589325 -0.26921960711479187 0.0017573620425537229
   vertex -0.20002320408821106 -0.26921960711479187 0.0017573620425537229
   vertex -0.20002320408821106 -0.26797690987586975 0.00080384942702949047
  endloop
 endfacet
 facet normal 0 -0.79335842214104457 -0.60875480615587096
  outer loop
   vertex -0.16668979823589325 -0.27017310261726379 0.0030000030528753996
   vertex -0.20002320408821106 -0.26921960711479187 0.0017573620425537229
   vertex -0.16668979823589325 -0.26921960711479187 0.0017573620425537229
  endloop
 endfacet
 facet normal 0 -0.79335842214104457 -0.60875480615587096
  outer loop
   vertex -0.1333564966917038 -0.27017310261726379 0.0030000030528753996
   vertex -0.16668979823589325 -0.27017310261726379 0.0030000030528753996
   vertex -0.16668979823589325 -0.26921960711479187 0.0017573620425537229
  endloop
 endfacet
 facet normal 0 -0.92388358402921467 -0.38267365098910722
  outer loop
   vertex -0.1333564966917038 -0.27077248692512512 0.004447088111191988
   vertex -0.16668979823589325 -0.27017310261726379 0.0030000030528753996
   vertex -0.1333564966917038 -0.27017310261726379 0.0030000030528753996
  endloop
 endfacet
 facet normal 0 -0.92388358402921467 -0.38267365098910722
  outer loop
   vertex -0.10002320259809494 -0.27077248692512512 0.004447088111191988
   vertex -0.1333564966917038 -0.27077248692512512 0.004447088111191988
   vertex -0.1333564966917038 -0.27017310261726379 0.0030000030528753996
  endloop
 endfacet
 facet normal 0 -0.99144741015762716 -0.13050683082403669
  outer loop
   vertex -0.10002320259809494 -0.27097690105438232 0.0060000019147992134
   vertex -0.1333564966917038 -0.27077248692512512 0.004447088111191988
   vertex -0.10002320259809494 -0.27077248692512512 0.004447088111191988
  endloop
 endfacet
 facet normal 0 -0.99144741015762716 -0.13050683082403669
  outer loop
   vertex -0.066689841449260712 -0.27097690105438232 0.0060000019147992134
   vertex -0.10002320259809494 -0.27097690105438232 0.0060000019147992134
   vertex -0.10002320259809494 -0.27077248692512512 0.004447088111191988
  endloop
 endfacet
 facet normal 0 -0.99144741522121993 0.13050679235642124
  outer loop
   vertex -0.066689841449260712 -0.27077248692512512 0.0075529161840677261
   vertex -0.10002320259809494 -0.27097690105438232 0.0060000019147992134
   vertex -0.066689841449260712 -0.27097690105438232 0.0060000019147992134
  endloop
 endfacet
 facet normal 0 -0.99144741522121982 0.13050679235642124
  outer loop
   vertex -0.033356510102748871 -0.27077248692512512 0.0075529161840677261
   vertex -0.066689841449260712 -0.27077248692512512 0.0075529161840677261
   vertex -0.066689841449260712 -0.27097690105438232 0.0060000019147992134
  endloop
 endfacet
 facet normal 0 -0.9238835187248855 0.38267380865238765
  outer loop
   vertex -0.033356510102748871 -0.27017310261726379 0.0090000005438923836
   vertex -0.066689841449260712 -0.27077248692512512 0.0075529161840677261
   vertex -0.033356510102748871 -0.27077248692512512 0.0075529161840677261
  endloop
 endfacet
 facet normal 0 -0.9238835187248855 0.38267380865238765
  outer loop
   vertex -2.3174039597506635e-05 -0.27017310261726379 0.0090000005438923836
   vertex -0.033356510102748871 -0.27017310261726379 0.0090000005438923836
   vertex -0.033356510102748871 -0.27077248692512512 0.0075529161840677261
  endloop
 endfacet
 facet normal 0 -0.79335806407548137 0.60875527280377983
  outer loop
   vertex -2.3174039597506635e-05 -0.26921960711479187 0.010242640040814877
   vertex -0.033356510102748871 -0.27017310261726379 0.0090000005438923836
   vertex -2.3174039597506635e-05 -0.27017310261726379 0.0090000005438923836
  endloop
 endfacet
 facet normal 0 -0.79335806407548137 0.60875527280377972
  outer loop
   vertex 0.033310160040855408 -0.26921960711479187 0.010242640040814877
   vertex -2.3174039597506635e-05 -0.26921960711479187 0.010242640040814877
   vertex -2.3174039597506635e-05 -0.27017310261726379 0.0090000005438923836
  endloop
 endfacet
 facet normal 0 -0.60874345674038877 0.79336713057434027
  outer loop
   vertex 0.033310160040855408 -0.26797690987586975 0.011196150444447994
   vertex -2.3174039597506635e-05 -0.26921960711479187 0.010242640040814877
   vertex 0.033310160040855408 -0.26921960711479187 0.010242640040814877
  endloop
 endfacet
 facet normal 0 -0.60874345674038877 0.79336713057434027
  outer loop
   vertex 0.066643491387367249 -0.26797690987586975 0.011196150444447994
   vertex 0.033310160040855408 -0.26797690987586975 0.011196150444447994
   vertex 0.033310160040855408 -0.26921960711479187 0.010242640040814877
  endloop
 endfacet
 facet normal 0 -0.38268141534646621 0.9238803679851767
  outer loop
   vertex 0.066643491387367249 -0.26652979850769043 0.011795559898018837
   vertex 0.033310160040855408 -0.26797690987586975 0.011196150444447994
   vertex 0.066643491387367249 -0.26797690987586975 0.011196150444447994
  endloop
 endfacet
 facet normal 0 -0.38268141534646616 0.92388036798517659
  outer loop
   vertex 0.099976830184459686 -0.26652979850769043 0.011795559898018837
   vertex 0.066643491387367249 -0.26652979850769043 0.011795559898018837
   vertex 0.066643491387367249 -0.26797690987586975 0.011196150444447994
  endloop
 endfacet
 facet normal 0 -0.1305235421672101 0.99144521025628263
  outer loop
   vertex 0.19997680187225342 -0.26497688889503479 0.012000000104308128
   vertex 0.066643491387367249 -0.26652979850769043 0.011795559898018837
   vertex 0.099976830184459686 -0.26652979850769043 0.011795559898018837
  endloop
 endfacet
 facet normal 0 -0.79335842214104457 -0.60875480615587096
  outer loop
   vertex -0.16668979823589325 -0.27017310261726379 0.0030000030528753996
   vertex -0.20002320408821106 -0.27017310261726379 0.0030000030528753996
   vertex -0.20002320408821106 -0.26921960711479187 0.0017573620425537229
  endloop
 endfacet
 facet normal 0 -0.92388358402921456 -0.38267365098910722
  outer loop
   vertex -0.16668979823589325 -0.27077248692512512 0.004447088111191988
   vertex -0.20002320408821106 -0.27017310261726379 0.0030000030528753996
   vertex -0.16668979823589325 -0.27017310261726379 0.0030000030528753996
  endloop
 endfacet
 facet normal 0 -0.92388358402921467 -0.38267365098910722
  outer loop
   vertex -0.1333564966917038 -0.27077248692512512 0.004447088111191988
   vertex -0.16668979823589325 -0.27077248692512512 0.004447088111191988
   vertex -0.16668979823589325 -0.27017310261726379 0.0030000030528753996
  endloop
 endfacet
 facet normal 0 -0.99144741015762716 -0.13050683082403669
  outer loop
   vertex -0.1333564966917038 -0.27097690105438232 0.0060000019147992134
   vertex -0.16668979823589325 -0.27077248692512512 0.004447088111191988
   vertex -0.1333564966917038 -0.27077248692512512 0.004447088111191988
  endloop
 endfacet
 facet normal 0 -0.99144741015762716 -0.13050683082403669
  outer loop
   vertex -0.10002320259809494 -0.27097690105438232 0.0060000019147992134
   vertex -0.1333564966917038 -0.27097690105438232 0.0060000019147992134
   vertex -0.1333564966917038 -0.27077248692512512 0.004447088111191988
  endloop
 endfacet
 facet normal 0 -0.99144741522121993 0.13050679235642124
  outer loop
   vertex -0.10002320259809494 -0.27077248692512512 0.0075529161840677261
   vertex -0.1333564966917038 -0.27097690105438232 0.0060000019147992134
   vertex -0.10002320259809494 -0.27097690105438232 0.0060000019147992134
  endloop
 endfacet
 facet normal 0 -0.99144741522121993 0.13050679235642124
  outer loop
   vertex -0.066689841449260712 -0.27077248692512512 0.0075529161840677261
   vertex -0.10002320259809494 -0.27077248692512512 0.0075529161840677261
   vertex -0.10002320259809494 -0.27097690105438232 0.0060000019147992134
  endloop
 endfacet
 facet normal 0 -0.9238835187248855 0.38267380865238765
  outer loop
   vertex -0.066689841449260712 -0.27017310261726379 0.0090000005438923836
   vertex -0.10002320259809494 -0.27077248692512512 0.0075529161840677261
   vertex -0.066689841449260712 -0.27077248692512512 0.0075529161840677261
  endloop
 endfacet
 facet normal 0 -0.9238835187248855 0.38267380865238765
  outer loop
   vertex -0.033356510102748871 -0.27017310261726379 0.0090000005438923836
   vertex -0.066689841449260712 -0.27017310261726379 0.0090000005438923836
   vertex -0.066689841449260712 -0.27077248692512512 0.0075529161840677261
  endloop
 endfacet
 facet normal 0 -0.79335806407548137 0.60875527280377972
  outer loop
   vertex -0.033356510102748871 -0.26921960711479187 0.010242640040814877
   vertex -0.066689841449260712 -0.27017310261726379 0.0090000005438923836
   vertex -0.033356510102748871 -0.27017310261726379 0.0090000005438923836
  endloop
 endfacet
 facet normal 0 -0.79335806407548137 0.60875527280377983
  outer loop
   vertex -2.3174039597506635e-05 -0.26921960711479187 0.010242640040814877
   vertex -0.033356510102748871 -0.26921960711479187 0.010242640040814877
   vertex -0.033356510102748871 -0.27017310261726379 0.0090000005438923836
  endloop
 endfacet
 facet normal 0 -0.60874345674038877 0.79336713057434027
  outer loop
   vertex -2.3174039597506635e-05 -0.26797690987586975 0.011196150444447994
   vertex -0.033356510102748871 -0.26921960711479187 0.010242640040814877
   vertex -2.3174039597506635e-05 -0.26921960711479187 0.010242640040814877
  endloop
 endfacet
 facet normal 0 -0.60874345674038877 0.79336713057434027
  outer loop
   vertex 0.033310160040855408 -0.26797690987586975 0.011196150444447994
   vertex -2.3174039597506635e-05 -0.26797690987586975 0.011196150444447994
   vertex -2.3174039597506635e-05 -0.26921960711479187 0.010242640040814877
  endloop
 endfacet
 facet normal 0 -0.38268141534646621 0.9238803679851767
  outer loop
   vertex 0.033310160040855408 -0.26652979850769043 0.011795559898018837
   vertex -2.3174039597506635e-05 -0.26797690987586975 0.011196150444447994
   vertex 0.033310160040855408 -0.26797690987586975 0.011196150444447994
  endloop
 endfacet
 facet normal 0 -0.38268141534646621 0.9238803679851767
  outer loop
   vertex 0.066643491387367249 -0.26652979850769043 0.011795559898018837
   vertex 0.033310160040855408 -0.26652979850769043 0.011795559898018837
   vertex 0.033310160040855408 -0.26797690987586975 0.011196150444447994
  endloop
 endfacet
 facet normal 0 -0.1305235421672101 0.99144521025628263
  outer loop
   vertex 0.19997680187225342 -0.26497688889503479 0.012000000104308128
   vertex 0.033310160040855408 -0.26652979850769043 0.011795559898018837
   vertex 0.066643491387367249 -0.26652979850769043 0.011795559898018837
  endloop
 endfacet
 facet normal 0 -0.92388358402921456 -0.38267365098910722
  outer loop
   vertex -0.16668979823589325 -0.27077248692512512 0.004447088111191988
   vertex -0.20002320408821106 -0.27077248692512512 0.004447088111191988
   vertex -0.20002320408821106 -0.27017310261726379 0.0030000030528753996
  endloop
 endfacet
 facet normal 0 -0.99144741015762716 -0.13050683082403669
  outer loop
   vertex -0.16668979823589325 -0.27097690105438232 0.0060000019147992134
   vertex -0.20002320408821106 -0.27077248692512512 0.004447088111191988
   vertex -0.16668979823589325 -0.27077248692512512 0.004447088111191988
  endloop
 endfacet
 facet normal 0 -0.99144741015762716 -0.13050683082403669
  outer loop
   vertex -0.1333564966917038 -0.27097690105438232 0.0060000019147992134
   vertex -0.16668979823589325 -0.27097690105438232 0.0060000019147992134
   vertex -0.16668979823589325 -0.27077248692512512 0.004447088111191988
  endloop
 endfacet
 facet normal 0 -0.99144741522121982 0.13050679235642124
  outer loop
   vertex -0.1333564966917038 -0.27077248692512512 0.0075529161840677261
   vertex -0.16668979823589325 -0.27097690105438232 0.0060000019147992134
   vertex -0.1333564966917038 -0.27097690105438232 0.0060000019147992134
  endloop
 endfacet
 facet normal 0 -0.99144741522121993 0.13050679235642124
  outer loop
   vertex -0.10002320259809494 -0.27077248692512512 0.0075529161840677261
   vertex -0.1333564966917038 -0.27077248692512512 0.0075529161840677261
   vertex -0.1333564966917038 -0.27097690105438232 0.0060000019147992134
  endloop
 endfacet
 facet normal 0 -0.9238835187248855 0.38267380865238765
  outer loop
   vertex -0.10002320259809494 -0.27017310261726379 0.0090000005438923836
   vertex -0.1333564966917038 -0.27077248692512512 0.0075529161840677261
   vertex -0.10002320259809494 -0.27077248692512512 0.0075529161840677261
  endloop
 endfacet
 facet normal 0 -0.9238835187248855 0.38267380865238765
  outer loop
   vertex -0.066689841449260712 -0.27017310261726379 0.0090000005438923836
   vertex -0.10002320259809494 -0.27017310261726379 0.0090000005438923836
   vertex -0.10002320259809494 -0.27077248692512512 0.0075529161840677261
  endloop
 endfacet
 facet normal 0 -0.79335806407548148 0.60875527280377983
  outer loop
   vertex -0.066689841449260712 -0.26921960711479187 0.010242640040814877
   vertex -0.10002320259809494 -0.27017310261726379 0.0090000005438923836
   vertex -0.066689841449260712 -0.27017310261726379 0.0090000005438923836
  endloop
 endfacet
 facet normal 0 -0.79335806407548137 0.60875527280377972
  outer loop
   vertex -0.033356510102748871 -0.26921960711479187 0.010242640040814877
   vertex -0.066689841449260712 -0.26921960711479187 0.010242640040814877
   vertex -0.066689841449260712 -0.27017310261726379 0.0090000005438923836
  endloop
 endfacet
 facet normal 0 -0.60874345674038877 0.79336713057434027
  outer loop
   vertex -0.033356510102748871 -0.26797690987586975 0.011196150444447994
   vertex -0.066689841449260712 -0.26921960711479187 0.010242640040814877
   vertex -0.033356510102748871 -0.26921960711479187 0.010242640040814877
  endloop
 endfacet
 facet normal 0 -0.60874345674038877 0.79336713057434027
  outer loop
   vertex -2.3174039597506635e-05 -0.26797690987586975 0.011196150444447994
   vertex -0.033356510102748871 -0.26797690987586975 0.011196150444447994
   vertex -0.033356510102748871 -0.26921960711479187 0.010242640040814877
  endloop
 endfacet
 facet normal 0 -0.38268141534646621 0.92388036798517659
  outer loop
   vertex -2.3174039597506635e-05 -0.26652979850769043 0.011795559898018837
   vertex -0.033356510102748871 -0.26797690987586975 0.011196150444447994
   vertex -2.3174039597506635e-05 -0.26797690987586975 0.011196150444447994
  endloop
 endfacet
 facet normal 0 -0.38268141534646621 0.9238803679851767
  outer loop
   vertex 0.033310160040855408 -0.26652979850769043 0.011795559898018837
   vertex -2.3174039597506635e-05 -0.26652979850769043 0.011795559898018837
   vertex -2.3174039597506635e-05 -0.26797690987586975 0.011196150444447994
  endloop
 endfacet
 facet normal 0 -0.13052354216721013 0.99144521025628274
  outer loop
   vertex 0.19997680187225342 -0.26497688889503479 0.012000000104308128
   vertex -2.3174039597506635e-05 -0.26652979850769043 0.011795559898018837
   vertex 0.033310160040855408 -0.26652979850769043 0.011795559898018837
  endloop
 endfacet
 facet normal 0 -0.99144741015762716 -0.13050683082403669
  outer loop
   vertex -0.16668979823589325 -0.27097690105438232 0.0060000019147992134
   vertex -0.20002320408821106 -0.27097690105438232 0.0060000019147992134
   vertex -0.20002320408821106 -0.27077248692512512 0.004447088111191988
  endloop
 endfacet
 facet normal 0 -0.99144741522121982 0.13050679235642124
  outer loop
   vertex -0.16668979823589325 -0.27077248692512512 0.0075529161840677261
   vertex -0.20002320408821106 -0.27097690105438232 0.0060000019147992134
   vertex -0.16668979823589325 -0.27097690105438232 0.0060000019147992134
  endloop
 endfacet
 facet normal 0 -0.99144741522121982 0.13050679235642124
  outer loop
   vertex -0.1333564966917038 -0.27077248692512512 0.0075529161840677261
   vertex -0.16668979823589325 -0.27077248692512512 0.0075529161840677261
   vertex -0.16668979823589325 -0.27097690105438232 0.0060000019147992134
  endloop
 endfacet
 facet normal 0 -0.9238835187248855 0.3826738086523877
  outer loop
   vertex -0.1333564966917038 -0.27017310261726379 0.0090000005438923836
   vertex -0.16668979823589325 -0.27077248692512512 0.0075529161840677261
   vertex -0.1333564966917038 -0.27077248692512512 0.0075529161840677261
  endloop
 endfacet
 facet normal 0 -0.9238835187248855 0.38267380865238765
  outer loop
   vertex -0.10002320259809494 -0.27017310261726379 0.0090000005438923836
   vertex -0.1333564966917038 -0.27017310261726379 0.0090000005438923836
   vertex -0.1333564966917038 -0.27077248692512512 0.0075529161840677261
  endloop
 endfacet
 facet normal 0 -0.79335806407548137 0.60875527280377983
  outer loop
   vertex -0.10002320259809494 -0.26921960711479187 0.010242640040814877
   vertex -0.1333564966917038 -0.27017310261726379 0.0090000005438923836
   vertex -0.10002320259809494 -0.27017310261726379 0.0090000005438923836
  endloop
 endfacet
 facet normal 0 -0.79335806407548148 0.60875527280377983
  outer loop
   vertex -0.066689841449260712 -0.26921960711479187 0.010242640040814877
   vertex -0.10002320259809494 -0.26921960711479187 0.010242640040814877
   vertex -0.10002320259809494 -0.27017310261726379 0.0090000005438923836
  endloop
 endfacet
 facet normal 0 -0.60874345674038877 0.79336713057434038
  outer loop
   vertex -0.066689841449260712 -0.26797690987586975 0.011196150444447994
   vertex -0.10002320259809494 -0.26921960711479187 0.010242640040814877
   vertex -0.066689841449260712 -0.26921960711479187 0.010242640040814877
  endloop
 endfacet
 facet normal 0 -0.60874345674038877 0.79336713057434027
  outer loop
   vertex -0.033356510102748871 -0.26797690987586975 0.011196150444447994
   vertex -0.066689841449260712 -0.26797690987586975 0.011196150444447994
   vertex -0.066689841449260712 -0.26921960711479187 0.010242640040814877
  endloop
 endfacet
 facet normal 0 -0.38268141534646621 0.9238803679851767
  outer loop
   vertex -0.033356510102748871 -0.26652979850769043 0.011795559898018837
   vertex -0.066689841449260712 -0.26797690987586975 0.011196150444447994
   vertex -0.033356510102748871 -0.26797690987586975 0.011196150444447994
  endloop
 endfacet
 facet normal 0 -0.38268141534646621 0.92388036798517659
  outer loop
   vertex -2.3174039597506635e-05 -0.26652979850769043 0.011795559898018837
   vertex -0.033356510102748871 -0.26652979850769043 0.011795559898018837
   vertex -0.033356510102748871 -0.26797690987586975 0.011196150444447994
  endloop
 endfacet
 facet normal 0 -0.1305235421672101 0.99144521025628263
  outer loop
   vertex -0.20002320408821106 -0.26497688889503479 0.012000000104308128
   vertex -0.033356510102748871 -0.26652979850769043 0.011795559898018837
   vertex -2.3174039597506635e-05 -0.26652979850769043 0.011795559898018837
  endloop
 endfacet
 facet normal 0 -0.1305235421672101 0.99144521025628274
  outer loop
   vertex 0.19997680187225342 -0.26497688889503479 0.012000000104308128
   vertex -0.20002320408821106 -0.26497688889503479 0.012000000104308128
   vertex -2.3174039597506635e-05 -0.26652979850769043 0.011795559898018837
  endloop
 endfacet
 facet normal 0 -0.99144741522121982 0.13050679235642124
  outer loop
   vertex -0.16668979823589325 -0.27077248692512512 0.0075529161840677261
   vertex -0.20002320408821106 -0.27077248692512512 0.0075529161840677261
   vertex -0.20002320408821106 -0.27097690105438232 0.0060000019147992134
  endloop
 endfacet
 facet normal 0 -0.9238835187248855 0.3826738086523877
  outer loop
   vertex -0.16668979823589325 -0.27017310261726379 0.0090000005438923836
   vertex -0.20002320408821106 -0.27077248692512512 0.0075529161840677261
   vertex -0.16668979823589325 -0.27077248692512512 0.0075529161840677261
  endloop
 endfacet
 facet normal 0 -0.9238835187248855 0.3826738086523877
  outer loop
   vertex -0.1333564966917038 -0.27017310261726379 0.0090000005438923836
   vertex -0.16668979823589325 -0.27017310261726379 0.0090000005438923836
   vertex -0.16668979823589325 -0.27077248692512512 0.0075529161840677261
  endloop
 endfacet
 facet normal 0 -0.79335806407548148 0.60875527280377983
  outer loop
   vertex -0.1333564966917038 -0.26921960711479187 0.010242640040814877
   vertex -0.16668979823589325 -0.27017310261726379 0.0090000005438923836
   vertex -0.1333564966917038 -0.27017310261726379 0.0090000005438923836
  endloop
 endfacet
 facet normal 0 -0.79335806407548137 0.60875527280377983
  outer loop
   vertex -0.10002320259809494 -0.26921960711479187 0.010242640040814877
   vertex -0.1333564966917038 -0.26921960711479187 0.010242640040814877
   vertex -0.1333564966917038 -0.27017310261726379 0.0090000005438923836
  endloop
 endfacet
 facet normal 0 -0.60874345674038877 0.79336713057434027
  outer loop
   vertex -0.10002320259809494 -0.26797690987586975 0.011196150444447994
   vertex -0.1333564966917038 -0.26921960711479187 0.010242640040814877
   vertex -0.10002320259809494 -0.26921960711479187 0.010242640040814877
  endloop
 endfacet
 facet normal 0 -0.60874345674038877 0.79336713057434038
  outer loop
   vertex -0.066689841449260712 -0.26797690987586975 0.011196150444447994
   vertex -0.10002320259809494 -0.26797690987586975 0.011196150444447994
   vertex -0.10002320259809494 -0.26921960711479187 0.010242640040814877
  endloop
 endfacet
 facet normal 0 -0.38268141534646621 0.9238803679851767
  outer loop
   vertex -0.066689841449260712 -0.26652979850769043 0.011795559898018837
   vertex -0.10002320259809494 -0.26797690987586975 0.011196150444447994
   vertex -0.066689841449260712 -0.26797690987586975 0.011196150444447994
  endloop
 endfacet
 facet normal 0 -0.38268141534646621 0.9238803679851767
  outer loop
   vertex -0.033356510102748871 -0.26652979850769043 0.011795559898018837
   vertex -0.066689841449260712 -0.26652979850769043 0.011795559898018837
   vertex -0.066689841449260712 -0.26797690987586975 0.011196150444447994
  endloop
 endfacet
 facet normal 0 -0.1305235421672101 0.99144521025628263
  outer loop
   vertex -0.20002320408821106 -0.26497688889503479 0.012000000104308128
   vertex -0.066689841449260712 -0.26652979850769043 0.011795559898018837
   vertex -0.033356510102748871 -0.26652979850769043 0.011795559898018837
  endloop
 endfacet
 facet normal 0 -0.9238835187248855 0.3826738086523877
  outer loop
   vertex -0.16668979823589325 -0.27017310261726379 0.0090000005438923836
   vertex -0.20002320408821106 -0.27017310261726379 0.0090000005438923836
   vertex -0.20002320408821106 -0.27077248692512512 0.0075529161840677261
  endloop
 endfacet
 facet normal 0 -0.79335806407548137 0.60875527280377983
  outer loop
   vertex -0.16668979823589325 -0.26921960711479187 0.010242640040814877
   vertex -0.20002320408821106 -0.27017310261726379 0.0090000005438923836
   vertex -0.16668979823589325 -0.27017310261726379 0.0090000005438923836
  endloop
 endfacet
 facet normal 0 -0.79335806407548148 0.60875527280377983
  outer loop
   vertex -0.1333564966917038 -0.26921960711479187 0.010242640040814877
   vertex -0.16668979823589325 -0.26921960711479187 0.010242640040814877
   vertex -0.16668979823589325 -0.27017310261726379 0.0090000005438923836
  endloop
 endfacet
 facet normal 0 -0.60874345674038877 0.79336713057434027
  outer loop
   vertex -0.1333564966917038 -0.26797690987586975 0.011196150444447994
   vertex -0.16668979823589325 -0.26921960711479187 0.010242640040814877
   vertex -0.1333564966917038 -0.26921960711479187 0.010242640040814877
  endloop
 endfacet
 facet normal 0 -0.60874345674038877 0.79336713057434027
  outer loop
   vertex -0.10002320259809494 -0.26797690987586975 0.011196150444447994
   vertex -0.1333564966917038 -0.26797690987586975 0.011196150444447994
   vertex -0.1333564966917038 -0.26921960711479187 0.010242640040814877
  endloop
 endfacet
 facet normal 0 -0.38268141534646621 0.92388036798517659
  outer loop
   vertex -0.10002320259809494 -0.26652979850769043 0.011795559898018837
   vertex -0.1333564966917038 -0.26797690987586975 0.011196150444447994
   vertex -0.10002320259809494 -0.26797690987586975 0.011196150444447994
  endloop
 endfacet
 facet normal 0 -0.38268141534646621 0.9238803679851767
  outer loop
   vertex -0.066689841449260712 -0.26652979850769043 0.011795559898018837
   vertex -0.10002320259809494 -0.26652979850769043 0.011795559898018837
   vertex -0.10002320259809494 -0.26797690987586975 0.011196150444447994
  endloop
 endfacet
 facet normal 0 -0.1305235421672101 0.99144521025628263
  outer loop
   vertex -0.20002320408821106 -0.26497688889503479 0.012000000104308128
   vertex -0.10002320259809494 -0.26652979850769043 0.011795559898018837
   vertex -0.066689841449260712 -0.26652979850769043 0.011795559898018837
  endloop
 endfacet
 facet normal 0 -0.79335806407548137 0.60875527280377983
  outer loop
   vertex -0.16668979823589325 -0.26921960711479187 0.010242640040814877
   vertex -0.20002320408821106 -0.26921960711479187 0.010242640040814877
   vertex -0.20002320408821106 -0.27017310261726379 0.0090000005438923836
  endloop
 endfacet
 facet normal 0 -0.60874345674038877 0.79336713057434038
  outer loop
   vertex -0.16668979823589325 -0.26797690987586975 0.011196150444447994
   vertex -0.20002320408821106 -0.26921960711479187 0.010242640040814877
   vertex -0.16668979823589325 -0.26921960711479187 0.010242640040814877
  endloop
 endfacet
 facet normal 0 -0.60874345674038877 0.79336713057434027
  outer loop
   vertex -0.1333564966917038 -0.26797690987586975 0.011196150444447994
   vertex -0.16668979823589325 -0.26797690987586975 0.011196150444447994
   vertex -0.16668979823589325 -0.26921960711479187 0.010242640040814877
  endloop
 endfacet
 facet normal 0 -0.38268141534646621 0.92388036798517659
  outer loop
   vertex -0.1333564966917038 -0.26652979850769043 0.011795559898018837
   vertex -0.16668979823589325 -0.26797690987586975 0.011196150444447994
   vertex -0.1333564966917038 -0.26797690987586975 0.011196150444447994
  endloop
 endfacet
 facet normal 0 -0.38268141534646621 0.92388036798517659
  outer loop
   vertex -0.10002320259809494 -0.26652979850769043 0.011795559898018837
   vertex -0.1333564966917038 -0.26652979850769043 0.011795559898018837
   vertex -0.1333564966917038 -0.26797690987586975 0.011196150444447994
  endloop
 endfacet
 facet normal 0 -0.1305235421672101 0.99144521025628263
  outer loop
   vertex -0.20002320408821106 -0.26497688889503479 0.012000000104308128
   vertex -0.1333564966917038 -0.26652979850769043 0.011795559898018837
   vertex -0.10002320259809494 -0.26652979850769043 0.011795559898018837
  endloop
 endfacet
 facet normal 0 -0.60874345674038877 0.79336713057434038
  outer loop
   vertex -0.16668979823589325 -0.26797690987586975 0.011196150444447994
   vertex -0.20002320408821106 -0.26797690987586975 0.011196150444447994
   vertex -0.20002320408821106 -0.26921960711479187 0.010242640040814877
  endloop
 endfacet
 facet normal 0 -0.38268141534646621 0.92388036798517659
  outer loop
   vertex -0.16668979823589325 -0.26652979850769043 0.011795559898018837
   vertex -0.20002320408821106 -0.26797690987586975 0.011196150444447994
   vertex -0.16668979823589325 -0.26797690987586975 0.011196150444447994
  endloop
 endfacet
 facet normal 0 -0.38268141534646621 0.92388036798517659
  outer loop
   vertex -0.1333564966917038 -0.26652979850769043 0.011795559898018837
   vertex -0.16668979823589325 -0.26652979850769043 0.011795559898018837
   vertex -0.16668979823589325 -0.26797690987586975 0.011196150444447994
  endloop
 endfacet
 facet normal 0 -0.1305235421672101 0.99144521025628263
  outer loop
   vertex -0.20002320408821106 -0.26497688889503479 0.012000000104308128
   vertex -0.16668979823589325 -0.26652979850769043 0.011795559898018837
   vertex -0.1333564966917038 -0.26652979850769043 0.011795559898018837
  endloop
 endfacet
 facet normal 0 -0.38268141534646621 0.92388036798517659
  outer loop
   vertex -0.16668979823589325 -0.26652979850769043 0.011795559898018837
   vertex -0.20002320408821106 -0.26652979850769043 0.011795559898018837
   vertex -0.20002320408821106 -0.26797690987586975 0.011196150444447994
  endloop
 endfacet
 facet normal 0 -0.1305235421672101 0.99144521025628263
  outer loop
   vertex -0.20002320408821106 -0.26497688889503479 0.012000000104308128
   vertex -0.20002320408821106 -0.26652979850769043 0.011795559898018837
   vertex -0.16668979823589325 -0.26652979850769043 0.011795559898018837
  endloop
 endfacet
 facet normal 0 -0.60874345674038877 0.79336713057434027
  outer loop
   vertex 0.16664350032806396 -0.26921960711479187 0.010242640040814877
   vertex 0.19997680187225342 -0.26921960711479187 0.010242640040814877
   vertex 0.19997680187225342 -0.26797690987586975 0.011196150444447994
  endloop
 endfacet
 facet normal 0 -0.79335806407548148 0.60875527280377983
  outer loop
   vertex 0.16664350032806396 -0.27017310261726379 0.0090000005438923836
   vertex 0.19997680187225342 -0.26921960711479187 0.010242640040814877
   vertex 0.16664350032806396 -0.26921960711479187 0.010242640040814877
  endloop
 endfacet
 facet normal 0 -0.79335806407548148 0.60875527280377983
  outer loop
   vertex 0.13331019878387451 -0.27017310261726379 0.0090000005438923836
   vertex 0.16664350032806396 -0.27017310261726379 0.0090000005438923836
   vertex 0.16664350032806396 -0.26921960711479187 0.010242640040814877
  endloop
 endfacet
 facet normal 0 -0.9238835187248855 0.3826738086523877
  outer loop
   vertex 0.13331019878387451 -0.27077248692512512 0.0075529161840677261
   vertex 0.16664350032806396 -0.27017310261726379 0.0090000005438923836
   vertex 0.13331019878387451 -0.27017310261726379 0.0090000005438923836
  endloop
 endfacet
 facet normal 0 -0.9238835187248855 0.3826738086523877
  outer loop
   vertex 0.099976830184459686 -0.27077248692512512 0.0075529161840677261
   vertex 0.13331019878387451 -0.27077248692512512 0.0075529161840677261
   vertex 0.13331019878387451 -0.27017310261726379 0.0090000005438923836
  endloop
 endfacet
 facet normal 0 -0.99144741522121993 0.13050679235642124
  outer loop
   vertex 0.099976830184459686 -0.27097690105438232 0.0060000019147992134
   vertex 0.13331019878387451 -0.27077248692512512 0.0075529161840677261
   vertex 0.099976830184459686 -0.27077248692512512 0.0075529161840677261
  endloop
 endfacet
 facet normal 0 -0.99144741522121993 0.13050679235642124
  outer loop
   vertex 0.066643491387367249 -0.27097690105438232 0.0060000019147992134
   vertex 0.099976830184459686 -0.27097690105438232 0.0060000019147992134
   vertex 0.099976830184459686 -0.27077248692512512 0.0075529161840677261
  endloop
 endfacet
 facet normal -0 -0.99144741015762716 -0.13050683082403669
  outer loop
   vertex 0.066643491387367249 -0.27077248692512512 0.004447088111191988
   vertex 0.099976830184459686 -0.27097690105438232 0.0060000019147992134
   vertex 0.066643491387367249 -0.27097690105438232 0.0060000019147992134
  endloop
 endfacet
 facet normal -0 -0.99144741015762727 -0.13050683082403672
  outer loop
   vertex 0.033310160040855408 -0.27077248692512512 0.004447088111191988
   vertex 0.066643491387367249 -0.27077248692512512 0.004447088111191988
   vertex 0.066643491387367249 -0.27097690105438232 0.0060000019147992134
  endloop
 endfacet
 facet normal -0 -0.92388358402921467 -0.38267365098910722
  outer loop
   vertex 0.033310160040855408 -0.27017310261726379 0.0030000030528753996
   vertex 0.066643491387367249 -0.27077248692512512 0.004447088111191988
   vertex 0.033310160040855408 -0.27077248692512512 0.004447088111191988
  endloop
 endfacet
 facet normal -0 -0.92388358402921467 -0.38267365098910722
  outer loop
   vertex -2.3174039597506635e-05 -0.27017310261726379 0.0030000030528753996
   vertex 0.033310160040855408 -0.27017310261726379 0.0030000030528753996
   vertex 0.033310160040855408 -0.27077248692512512 0.004447088111191988
  endloop
 endfacet
 facet normal -0 -0.79335842214104468 -0.60875480615587108
  outer loop
   vertex -2.3174039597506635e-05 -0.26921960711479187 0.0017573620425537229
   vertex 0.033310160040855408 -0.27017310261726379 0.0030000030528753996
   vertex -2.3174039597506635e-05 -0.27017310261726379 0.0030000030528753996
  endloop
 endfacet
 facet normal -0 -0.79335842214104457 -0.60875480615587096
  outer loop
   vertex -0.033356510102748871 -0.26921960711479187 0.0017573620425537229
   vertex -2.3174039597506635e-05 -0.26921960711479187 0.0017573620425537229
   vertex -2.3174039597506635e-05 -0.27017310261726379 0.0030000030528753996
  endloop
 endfacet
 facet normal -0 -0.60874434557398427 -0.79336644857953353
  outer loop
   vertex -0.033356510102748871 -0.26797690987586975 0.00080384942702949047
   vertex -2.3174039597506635e-05 -0.26921960711479187 0.0017573620425537229
   vertex -0.033356510102748871 -0.26921960711479187 0.0017573620425537229
  endloop
 endfacet
 facet normal -0 -0.60874434557398416 -0.79336644857953353
  outer loop
   vertex -0.066689841449260712 -0.26797690987586975 0.00080384942702949047
   vertex -0.033356510102748871 -0.26797690987586975 0.00080384942702949047
   vertex -0.033356510102748871 -0.26921960711479187 0.0017573620425537229
  endloop
 endfacet
 facet normal -0 -0.38267807686870414 -0.92388175081233759
  outer loop
   vertex -0.066689841449260712 -0.26652979850769043 0.00020444609981495887
   vertex -0.033356510102748871 -0.26797690987586975 0.00080384942702949047
   vertex -0.066689841449260712 -0.26797690987586975 0.00080384942702949047
  endloop
 endfacet
 facet normal -0 -0.38267807686870414 -0.92388175081233748
  outer loop
   vertex -0.10002320259809494 -0.26652979850769043 0.00020444609981495887
   vertex -0.066689841449260712 -0.26652979850769043 0.00020444609981495887
   vertex -0.066689841449260712 -0.26797690987586975 0.00080384942702949047
  endloop
 endfacet
 facet normal -0 -0.13052724074567906 -0.99144472333222877
  outer loop
   vertex -0.20002320408821106 -0.26497688889503479 1.3322680133619921e-17
   vertex -0.066689841449260712 -0.26652979850769043 0.00020444609981495887
   vertex -0.10002320259809494 -0.26652979850769043 0.00020444609981495887
  endloop
 endfacet
 facet normal 0 -0.79335806407548148 0.60875527280377983
  outer loop
   vertex 0.16664350032806396 -0.27017310261726379 0.0090000005438923836
   vertex 0.19997680187225342 -0.27017310261726379 0.0090000005438923836
   vertex 0.19997680187225342 -0.26921960711479187 0.010242640040814877
  endloop
 endfacet
 facet normal 0 -0.9238835187248855 0.3826738086523877
  outer loop
   vertex 0.16664350032806396 -0.27077248692512512 0.0075529161840677261
   vertex 0.19997680187225342 -0.27017310261726379 0.0090000005438923836
   vertex 0.16664350032806396 -0.27017310261726379 0.0090000005438923836
  endloop
 endfacet
 facet normal 0 -0.9238835187248855 0.3826738086523877
  outer loop
   vertex 0.13331019878387451 -0.27077248692512512 0.0075529161840677261
   vertex 0.16664350032806396 -0.27077248692512512 0.0075529161840677261
   vertex 0.16664350032806396 -0.27017310261726379 0.0090000005438923836
  endloop
 endfacet
 facet normal 0 -0.99144741522121982 0.13050679235642124
  outer loop
   vertex 0.13331019878387451 -0.27097690105438232 0.0060000019147992134
   vertex 0.16664350032806396 -0.27077248692512512 0.0075529161840677261
   vertex 0.13331019878387451 -0.27077248692512512 0.0075529161840677261
  endloop
 endfacet
 facet normal 0 -0.99144741522121993 0.13050679235642124
  outer loop
   vertex 0.099976830184459686 -0.27097690105438232 0.0060000019147992134
   vertex 0.13331019878387451 -0.27097690105438232 0.0060000019147992134
   vertex 0.13331019878387451 -0.27077248692512512 0.0075529161840677261
  endloop
 endfacet
 facet normal -0 -0.99144741015762716 -0.13050683082403669
  outer loop
   vertex 0.099976830184459686 -0.27077248692512512 0.004447088111191988
   vertex 0.13331019878387451 -0.27097690105438232 0.0060000019147992134
   vertex 0.099976830184459686 -0.27097690105438232 0.0060000019147992134
  endloop
 endfacet
 facet normal -0 -0.99144741015762716 -0.13050683082403669
  outer loop
   vertex 0.066643491387367249 -0.27077248692512512 0.004447088111191988
   vertex 0.099976830184459686 -0.27077248692512512 0.004447088111191988
   vertex 0.099976830184459686 -0.27097690105438232 0.0060000019147992134
  endloop
 endfacet
 facet normal -0 -0.92388358402921467 -0.38267365098910722
  outer loop
   vertex 0.066643491387367249 -0.27017310261726379 0.0030000030528753996
   vertex 0.099976830184459686 -0.27077248692512512 0.004447088111191988
   vertex 0.066643491387367249 -0.27077248692512512 0.004447088111191988
  endloop
 endfacet
 facet normal -0 -0.92388358402921467 -0.38267365098910722
  outer loop
   vertex 0.033310160040855408 -0.27017310261726379 0.0030000030528753996
   vertex 0.066643491387367249 -0.27017310261726379 0.0030000030528753996
   vertex 0.066643491387367249 -0.27077248692512512 0.004447088111191988
  endloop
 endfacet
 facet normal -0 -0.79335842214104457 -0.60875480615587096
  outer loop
   vertex 0.033310160040855408 -0.26921960711479187 0.0017573620425537229
   vertex 0.066643491387367249 -0.27017310261726379 0.0030000030528753996
   vertex 0.033310160040855408 -0.27017310261726379 0.0030000030528753996
  endloop
 endfacet
 facet normal -0 -0.79335842214104468 -0.60875480615587108
  outer loop
   vertex -2.3174039597506635e-05 -0.26921960711479187 0.0017573620425537229
   vertex 0.033310160040855408 -0.26921960711479187 0.0017573620425537229
   vertex 0.033310160040855408 -0.27017310261726379 0.0030000030528753996
  endloop
 endfacet
 facet normal -0 -0.60874434557398416 -0.79336644857953353
  outer loop
   vertex -2.3174039597506635e-05 -0.26797690987586975 0.00080384942702949047
   vertex 0.033310160040855408 -0.26921960711479187 0.0017573620425537229
   vertex -2.3174039597506635e-05 -0.26921960711479187 0.0017573620425537229
  endloop
 endfacet
 facet normal -0 -0.60874434557398427 -0.79336644857953353
  outer loop
   vertex -0.033356510102748871 -0.26797690987586975 0.00080384942702949047
   vertex -2.3174039597506635e-05 -0.26797690987586975 0.00080384942702949047
   vertex -2.3174039597506635e-05 -0.26921960711479187 0.0017573620425537229
  endloop
 endfacet
 facet normal -0 -0.38267807686870409 -0.92388175081233748
  outer loop
   vertex -0.033356510102748871 -0.26652979850769043 0.00020444609981495887
   vertex -2.3174039597506635e-05 -0.26797690987586975 0.00080384942702949047
   vertex -0.033356510102748871 -0.26797690987586975 0.00080384942702949047
  endloop
 endfacet
 facet normal -0 -0.38267807686870414 -0.92388175081233759
  outer loop
   vertex -0.066689841449260712 -0.26652979850769043 0.00020444609981495887
   vertex -0.033356510102748871 -0.26652979850769043 0.00020444609981495887
   vertex -0.033356510102748871 -0.26797690987586975 0.00080384942702949047
  endloop
 endfacet
 facet normal -0 -0.13052724074567906 -0.99144472333222877
  outer loop
   vertex -0.20002320408821106 -0.26497688889503479 1.3322680133619921e-17
   vertex -0.033356510102748871 -0.26652979850769043 0.00020444609981495887
   vertex -0.066689841449260712 -0.26652979850769043 0.00020444609981495887
  endloop
 endfacet
 facet normal 0 -0.9238835187248855 0.3826738086523877
  outer loop
   vertex 0.16664350032806396 -0.27077248692512512 0.0075529161840677261
   vertex 0.19997680187225342 -0.27077248692512512 0.0075529161840677261
   vertex 0.19997680187225342 -0.27017310261726379 0.0090000005438923836
  endloop
 endfacet
 facet normal 0 -0.99144741522121982 0.13050679235642124
  outer loop
   vertex 0.16664350032806396 -0.27097690105438232 0.0060000019147992134
   vertex 0.19997680187225342 -0.27077248692512512 0.0075529161840677261
   vertex 0.16664350032806396 -0.27077248692512512 0.0075529161840677261
  endloop
 endfacet
 facet normal 0 -0.99144741522121982 0.13050679235642124
  outer loop
   vertex 0.13331019878387451 -0.27097690105438232 0.0060000019147992134
   vertex 0.16664350032806396 -0.27097690105438232 0.0060000019147992134
   vertex 0.16664350032806396 -0.27077248692512512 0.0075529161840677261
  endloop
 endfacet
 facet normal -0 -0.99144741015762716 -0.13050683082403669
  outer loop
   vertex 0.13331019878387451 -0.27077248692512512 0.004447088111191988
   vertex 0.16664350032806396 -0.27097690105438232 0.0060000019147992134
   vertex 0.13331019878387451 -0.27097690105438232 0.0060000019147992134
  endloop
 endfacet
 facet normal -0 -0.99144741015762716 -0.13050683082403669
  outer loop
   vertex 0.099976830184459686 -0.27077248692512512 0.004447088111191988
   vertex 0.13331019878387451 -0.27077248692512512 0.004447088111191988
   vertex 0.13331019878387451 -0.27097690105438232 0.0060000019147992134
  endloop
 endfacet
 facet normal -0 -0.92388358402921478 -0.38267365098910727
  outer loop
   vertex 0.099976830184459686 -0.27017310261726379 0.0030000030528753996
   vertex 0.13331019878387451 -0.27077248692512512 0.004447088111191988
   vertex 0.099976830184459686 -0.27077248692512512 0.004447088111191988
  endloop
 endfacet
 facet normal -0 -0.92388358402921467 -0.38267365098910722
  outer loop
   vertex 0.066643491387367249 -0.27017310261726379 0.0030000030528753996
   vertex 0.099976830184459686 -0.27017310261726379 0.0030000030528753996
   vertex 0.099976830184459686 -0.27077248692512512 0.004447088111191988
  endloop
 endfacet
 facet normal -0 -0.79335842214104457 -0.60875480615587096
  outer loop
   vertex 0.066643491387367249 -0.26921960711479187 0.0017573620425537229
   vertex 0.099976830184459686 -0.27017310261726379 0.0030000030528753996
   vertex 0.066643491387367249 -0.27017310261726379 0.0030000030528753996
  endloop
 endfacet
 facet normal -0 -0.79335842214104457 -0.60875480615587096
  outer loop
   vertex 0.033310160040855408 -0.26921960711479187 0.0017573620425537229
   vertex 0.066643491387367249 -0.26921960711479187 0.0017573620425537229
   vertex 0.066643491387367249 -0.27017310261726379 0.0030000030528753996
  endloop
 endfacet
 facet normal -0 -0.60874434557398416 -0.79336644857953353
  outer loop
   vertex 0.033310160040855408 -0.26797690987586975 0.00080384942702949047
   vertex 0.066643491387367249 -0.26921960711479187 0.0017573620425537229
   vertex 0.033310160040855408 -0.26921960711479187 0.0017573620425537229
  endloop
 endfacet
 facet normal -0 -0.60874434557398416 -0.79336644857953353
  outer loop
   vertex -2.3174039597506635e-05 -0.26797690987586975 0.00080384942702949047
   vertex 0.033310160040855408 -0.26797690987586975 0.00080384942702949047
   vertex 0.033310160040855408 -0.26921960711479187 0.0017573620425537229
  endloop
 endfacet
 facet normal -0 -0.38267807686870414 -0.92388175081233759
  outer loop
   vertex -2.3174039597506635e-05 -0.26652979850769043 0.00020444609981495887
   vertex 0.033310160040855408 -0.26797690987586975 0.00080384942702949047
   vertex -2.3174039597506635e-05 -0.26797690987586975 0.00080384942702949047
  endloop
 endfacet
 facet normal -0 -0.38267807686870409 -0.92388175081233748
  outer loop
   vertex -0.033356510102748871 -0.26652979850769043 0.00020444609981495887
   vertex -2.3174039597506635e-05 -0.26652979850769043 0.00020444609981495887
   vertex -2.3174039597506635e-05 -0.26797690987586975 0.00080384942702949047
  endloop
 endfacet
 facet normal -0 -0.13052724074567906 -0.99144472333222877
  outer loop
   vertex -0.20002320408821106 -0.26497688889503479 1.3322680133619921e-17
   vertex -2.3174039597506635e-05 -0.26652979850769043 0.00020444609981495887
   vertex -0.033356510102748871 -0.26652979850769043 0.00020444609981495887
  endloop
 endfacet
 facet normal 0 -0.99144741522121982 0.13050679235642124
  outer loop
   vertex 0.16664350032806396 -0.27097690105438232 0.0060000019147992134
   vertex 0.19997680187225342 -0.27097690105438232 0.0060000019147992134
   vertex 0.19997680187225342 -0.27077248692512512 0.0075529161840677261
  endloop
 endfacet
 facet normal -0 -0.99144741015762716 -0.13050683082403669
  outer loop
   vertex 0.16664350032806396 -0.27077248692512512 0.004447088111191988
   vertex 0.19997680187225342 -0.27097690105438232 0.0060000019147992134
   vertex 0.16664350032806396 -0.27097690105438232 0.0060000019147992134
  endloop
 endfacet
 facet normal -0 -0.99144741015762716 -0.13050683082403669
  outer loop
   vertex 0.13331019878387451 -0.27077248692512512 0.004447088111191988
   vertex 0.16664350032806396 -0.27077248692512512 0.004447088111191988
   vertex 0.16664350032806396 -0.27097690105438232 0.0060000019147992134
  endloop
 endfacet
 facet normal -0 -0.92388358402921467 -0.38267365098910722
  outer loop
   vertex 0.13331019878387451 -0.27017310261726379 0.0030000030528753996
   vertex 0.16664350032806396 -0.27077248692512512 0.004447088111191988
   vertex 0.13331019878387451 -0.27077248692512512 0.004447088111191988
  endloop
 endfacet
 facet normal -0 -0.92388358402921478 -0.38267365098910727
  outer loop
   vertex 0.099976830184459686 -0.27017310261726379 0.0030000030528753996
   vertex 0.13331019878387451 -0.27017310261726379 0.0030000030528753996
   vertex 0.13331019878387451 -0.27077248692512512 0.004447088111191988
  endloop
 endfacet
 facet normal -0 -0.79335842214104468 -0.60875480615587108
  outer loop
   vertex 0.099976830184459686 -0.26921960711479187 0.0017573620425537229
   vertex 0.13331019878387451 -0.27017310261726379 0.0030000030528753996
   vertex 0.099976830184459686 -0.27017310261726379 0.0030000030528753996
  endloop
 endfacet
 facet normal -0 -0.79335842214104457 -0.60875480615587096
  outer loop
   vertex 0.066643491387367249 -0.26921960711479187 0.0017573620425537229
   vertex 0.099976830184459686 -0.26921960711479187 0.0017573620425537229
   vertex 0.099976830184459686 -0.27017310261726379 0.0030000030528753996
  endloop
 endfacet
 facet normal -0 -0.60874434557398416 -0.79336644857953353
  outer loop
   vertex 0.066643491387367249 -0.26797690987586975 0.00080384942702949047
   vertex 0.099976830184459686 -0.26921960711479187 0.0017573620425537229
   vertex 0.066643491387367249 -0.26921960711479187 0.0017573620425537229
  endloop
 endfacet
 facet normal -0 -0.60874434557398416 -0.79336644857953353
  outer loop
   vertex 0.033310160040855408 -0.26797690987586975 0.00080384942702949047
   vertex 0.066643491387367249 -0.26797690987586975 0.00080384942702949047
   vertex 0.066643491387367249 -0.26921960711479187 0.0017573620425537229
  endloop
 endfacet
 facet normal -0 -0.38267807686870414 -0.92388175081233759
  outer loop
   vertex 0.033310160040855408 -0.26652979850769043 0.00020444609981495887
   vertex 0.066643491387367249 -0.26797690987586975 0.00080384942702949047
   vertex 0.033310160040855408 -0.26797690987586975 0.00080384942702949047
  endloop
 endfacet
 facet normal -0 -0.38267807686870414 -0.92388175081233759
  outer loop
   vertex -2.3174039597506635e-05 -0.26652979850769043 0.00020444609981495887
   vertex 0.033310160040855408 -0.26652979850769043 0.00020444609981495887
   vertex 0.033310160040855408 -0.26797690987586975 0.00080384942702949047
  endloop
 endfacet
 facet normal -0 -0.13052724074567906 -0.99144472333222877
  outer loop
   vertex 0.19997680187225342 -0.26497688889503479 1.3322680133619921e-17
   vertex 0.033310160040855408 -0.26652979850769043 0.00020444609981495887
   vertex -2.3174039597506635e-05 -0.26652979850769043 0.00020444609981495887
  endloop
 endfacet
 facet normal -0 -0.13052724074567906 -0.99144472333222877
  outer loop
   vertex -0.20002320408821106 -0.26497688889503479 1.3322680133619921e-17
   vertex 0.19997680187225342 -0.26497688889503479 1.3322680133619921e-17
   vertex -2.3174039597506635e-05 -0.26652979850769043 0.00020444609981495887
  endloop
 endfacet
 facet normal -0 -0.99144741015762716 -0.13050683082403669
  outer loop
   vertex 0.16664350032806396 -0.27077248692512512 0.004447088111191988
   vertex 0.19997680187225342 -0.27077248692512512 0.004447088111191988
   vertex 0.19997680187225342 -0.27097690105438232 0.0060000019147992134
  endloop
 endfacet
 facet normal -0 -0.92388358402921467 -0.38267365098910722
  outer loop
   vertex 0.16664350032806396 -0.27017310261726379 0.0030000030528753996
   vertex 0.19997680187225342 -0.27077248692512512 0.004447088111191988
   vertex 0.16664350032806396 -0.27077248692512512 0.004447088111191988
  endloop
 endfacet
 facet normal -0 -0.92388358402921467 -0.38267365098910722
  outer loop
   vertex 0.13331019878387451 -0.27017310261726379 0.0030000030528753996
   vertex 0.16664350032806396 -0.27017310261726379 0.0030000030528753996
   vertex 0.16664350032806396 -0.27077248692512512 0.004447088111191988
  endloop
 endfacet
 facet normal -0 -0.79335842214104457 -0.60875480615587096
  outer loop
   vertex 0.13331019878387451 -0.26921960711479187 0.0017573620425537229
   vertex 0.16664350032806396 -0.27017310261726379 0.0030000030528753996
   vertex 0.13331019878387451 -0.27017310261726379 0.0030000030528753996
  endloop
 endfacet
 facet normal -0 -0.79335842214104468 -0.60875480615587108
  outer loop
   vertex 0.099976830184459686 -0.26921960711479187 0.0017573620425537229
   vertex 0.13331019878387451 -0.26921960711479187 0.0017573620425537229
   vertex 0.13331019878387451 -0.27017310261726379 0.0030000030528753996
  endloop
 endfacet
 facet normal -0 -0.60874434557398416 -0.79336644857953353
  outer loop
   vertex 0.099976830184459686 -0.26797690987586975 0.00080384942702949047
   vertex 0.13331019878387451 -0.26921960711479187 0.0017573620425537229
   vertex 0.099976830184459686 -0.26921960711479187 0.0017573620425537229
  endloop
 endfacet
 facet normal -0 -0.60874434557398416 -0.79336644857953353
  outer loop
   vertex 0.066643491387367249 -0.26797690987586975 0.00080384942702949047
   vertex 0.099976830184459686 -0.26797690987586975 0.00080384942702949047
   vertex 0.099976830184459686 -0.26921960711479187 0.0017573620425537229
  endloop
 endfacet
 facet normal -0 -0.38267807686870414 -0.92388175081233759
  outer loop
   vertex 0.066643491387367249 -0.26652979850769043 0.00020444609981495887
   vertex 0.099976830184459686 -0.26797690987586975 0.00080384942702949047
   vertex 0.066643491387367249 -0.26797690987586975 0.00080384942702949047
  endloop
 endfacet
 facet normal -0 -0.38267807686870414 -0.92388175081233759
  outer loop
   vertex 0.033310160040855408 -0.26652979850769043 0.00020444609981495887
   vertex 0.066643491387367249 -0.26652979850769043 0.00020444609981495887
   vertex 0.066643491387367249 -0.26797690987586975 0.00080384942702949047
  endloop
 endfacet
 facet normal -0 -0.13052724074567906 -0.99144472333222877
  outer loop
   vertex 0.19997680187225342 -0.26497688889503479 1.3322680133619921e-17
   vertex 0.066643491387367249 -0.26652979850769043 0.00020444609981495887
   vertex 0.033310160040855408 -0.26652979850769043 0.00020444609981495887
  endloop
 endfacet
 facet normal -0 -0.92388358402921467 -0.38267365098910722
  outer loop
   vertex 0.16664350032806396 -0.27017310261726379 0.0030000030528753996
   vertex 0.19997680187225342 -0.27017310261726379 0.0030000030528753996
   vertex 0.19997680187225342 -0.27077248692512512 0.004447088111191988
  endloop
 endfacet
 facet normal -0 -0.79335842214104457 -0.60875480615587096
  outer loop
   vertex 0.16664350032806396 -0.26921960711479187 0.0017573620425537229
   vertex 0.19997680187225342 -0.27017310261726379 0.0030000030528753996
   vertex 0.16664350032806396 -0.27017310261726379 0.0030000030528753996
  endloop
 endfacet
 facet normal -0 -0.79335842214104457 -0.60875480615587096
  outer loop
   vertex 0.13331019878387451 -0.26921960711479187 0.0017573620425537229
   vertex 0.16664350032806396 -0.26921960711479187 0.0017573620425537229
   vertex 0.16664350032806396 -0.27017310261726379 0.0030000030528753996
  endloop
 endfacet
 facet normal -0 -0.60874434557398416 -0.79336644857953353
  outer loop
   vertex 0.13331019878387451 -0.26797690987586975 0.00080384942702949047
   vertex 0.16664350032806396 -0.26921960711479187 0.0017573620425537229
   vertex 0.13331019878387451 -0.26921960711479187 0.0017573620425537229
  endloop
 endfacet
 facet normal -0 -0.60874434557398416 -0.79336644857953353
  outer loop
   vertex 0.099976830184459686 -0.26797690987586975 0.00080384942702949047
   vertex 0.13331019878387451 -0.26797690987586975 0.00080384942702949047
   vertex 0.13331019878387451 -0.26921960711479187 0.0017573620425537229
  endloop
 endfacet
 facet normal -0 -0.38267807686870409 -0.92388175081233748
  outer loop
   vertex 0.099976830184459686 -0.26652979850769043 0.00020444609981495887
   vertex 0.13331019878387451 -0.26797690987586975 0.00080384942702949047
   vertex 0.099976830184459686 -0.26797690987586975 0.00080384942702949047
  endloop
 endfacet
 facet normal -0 -0.38267807686870414 -0.92388175081233759
  outer loop
   vertex 0.066643491387367249 -0.26652979850769043 0.00020444609981495887
   vertex 0.099976830184459686 -0.26652979850769043 0.00020444609981495887
   vertex 0.099976830184459686 -0.26797690987586975 0.00080384942702949047
  endloop
 endfacet
 facet normal -0 -0.13052724074567906 -0.99144472333222877
  outer loop
   vertex 0.19997680187225342 -0.26497688889503479 1.3322680133619921e-17
   vertex 0.099976830184459686 -0.26652979850769043 0.00020444609981495887
   vertex 0.066643491387367249 -0.26652979850769043 0.00020444609981495887
  endloop
 endfacet
 facet normal -0 -0.79335842214104457 -0.60875480615587096
  outer loop
   vertex 0.16664350032806396 -0.26921960711479187 0.0017573620425537229
   vertex 0.19997680187225342 -0.26921960711479187 0.0017573620425537229
   vertex 0.19997680187225342 -0.27017310261726379 0.0030000030528753996
  endloop
 endfacet
 facet normal -0 -0.60874434557398416 -0.79336644857953353
  outer loop
   vertex 0.16664350032806396 -0.26797690987586975 0.00080384942702949047
   vertex 0.19997680187225342 -0.26921960711479187 0.0017573620425537229
   vertex 0.16664350032806396 -0.26921960711479187 0.0017573620425537229
  endloop
 endfacet
 facet normal -0 -0.60874434557398416 -0.79336644857953353
  outer loop
   vertex 0.13331019878387451 -0.26797690987586975 0.00080384942702949047
   vertex 0.16664350032806396 -0.26797690987586975 0.00080384942702949047
   vertex 0.16664350032806396 -0.26921960711479187 0.0017573620425537229
  endloop
 endfacet
 facet normal -0 -0.38267807686870414 -0.92388175081233759
  outer loop
   vertex 0.13331019878387451 -0.26652979850769043 0.00020444609981495887
   vertex 0.16664350032806396 -0.26797690987586975 0.00080384942702949047
   vertex 0.13331019878387451 -0.26797690987586975 0.00080384942702949047
  endloop
 endfacet
 facet normal -0 -0.38267807686870409 -0.92388175081233748
  outer loop
   vertex 0.099976830184459686 -0.26652979850769043 0.00020444609981495887
   vertex 0.13331019878387451 -0.26652979850769043 0.00020444609981495887
   vertex 0.13331019878387451 -0.26797690987586975 0.00080384942702949047
  endloop
 endfacet
 facet normal -0 -0.13052724074567906 -0.99144472333222877
  outer loop
   vertex 0.19997680187225342 -0.26497688889503479 1.3322680133619921e-17
   vertex 0.13331019878387451 -0.26652979850769043 0.00020444609981495887
   vertex 0.099976830184459686 -0.26652979850769043 0.00020444609981495887
  endloop
 endfacet
 facet normal -0 -0.60874434557398416 -0.79336644857953353
  outer loop
   vertex 0.16664350032806396 -0.26797690987586975 0.00080384942702949047
   vertex 0.19997680187225342 -0.26797690987586975 0.00080384942702949047
   vertex 0.19997680187225342 -0.26921960711479187 0.0017573620425537229
  endloop
 endfacet
 facet normal -0 -0.38267807686870414 -0.92388175081233759
  outer loop
   vertex 0.16664350032806396 -0.26652979850769043 0.00020444609981495887
   vertex 0.19997680187225342 -0.26797690987586975 0.00080384942702949047
   vertex 0.16664350032806396 -0.26797690987586975 0.00080384942702949047
  endloop
 endfacet
 facet normal -0 -0.38267807686870414 -0.92388175081233759
  outer loop
   vertex 0.13331019878387451 -0.26652979850769043 0.00020444609981495887
   vertex 0.16664350032806396 -0.26652979850769043 0.00020444609981495887
   vertex 0.16664350032806396 -0.26797690987586975 0.00080384942702949047
  endloop
 endfacet
 facet normal -0 -0.13052724074567906 -0.99144472333222877
  outer loop
   vertex 0.19997680187225342 -0.26497688889503479 1.3322680133619921e-17
   vertex 0.16664350032806396 -0.26652979850769043 0.00020444609981495887
   vertex 0.13331019878387451 -0.26652979850769043 0.00020444609981495887
  endloop
 endfacet
 facet normal -0 -0.38267807686870414 -0.92388175081233759
  outer loop
   vertex 0.16664350032806396 -0.26652979850769043 0.00020444609981495887
   vertex 0.19997680187225342 -0.26652979850769043 0.00020444609981495887
   vertex 0.19997680187225342 -0.26797690987586975 0.00080384942702949047
  endloop
 endfacet
 facet normal -0 -0.13052724074567906 -0.99144472333222877
  outer loop
   vertex 0.19997680187225342 -0.26497688889503479 1.3322680133619921e-17
   vertex 0.19997680187225342 -0.26652979850769043 0.00020444609981495887
   vertex 0.16664350032806396 -0.26652979850769043 0.00020444609981495887
  endloop
 endfacet
 facet normal 0 -0.38267807686870414 -0.92388175081233759
  outer loop
   vertex -0.1333564966917038 -0.26797690987586975 0.00080384942702949047
   vertex -0.16668979823589325 -0.26652979850769043 0.00020444609981495887
   vertex -0.1333564966917038 -0.26652979850769043 0.00020444609981495887
  endloop
 endfacet
 facet normal 0 -0.38267807686870414 -0.92388175081233759
  outer loop
   vertex -0.16668979823589325 -0.26797690987586975 0.00080384942702949047
   vertex -0.16668979823589325 -0.26652979850769043 0.00020444609981495887
   vertex -0.1333564966917038 -0.26797690987586975 0.00080384942702949047
  endloop
 endfacet
 facet normal 0 -0.60874434557398416 -0.79336644857953353
  outer loop
   vertex -0.1333564966917038 -0.26921960711479187 0.0017573620425537229
   vertex -0.16668979823589325 -0.26797690987586975 0.00080384942702949047
   vertex -0.1333564966917038 -0.26797690987586975 0.00080384942702949047
  endloop
 endfacet
 facet normal 0 -0.38267807686870409 -0.92388175081233748
  outer loop
   vertex -0.10002320259809494 -0.26797690987586975 0.00080384942702949047
   vertex -0.1333564966917038 -0.26797690987586975 0.00080384942702949047
   vertex -0.1333564966917038 -0.26652979850769043 0.00020444609981495887
  endloop
 endfacet
 facet normal 0 -0.60874434557398416 -0.79336644857953353
  outer loop
   vertex -0.10002320259809494 -0.26921960711479187 0.0017573620425537229
   vertex -0.1333564966917038 -0.26797690987586975 0.00080384942702949047
   vertex -0.10002320259809494 -0.26797690987586975 0.00080384942702949047
  endloop
 endfacet
 facet normal 0 -0.60874434557398427 -0.79336644857953365
  outer loop
   vertex -0.066689841449260712 -0.26921960711479187 0.0017573620425537229
   vertex -0.10002320259809494 -0.26921960711479187 0.0017573620425537229
   vertex -0.10002320259809494 -0.26797690987586975 0.00080384942702949047
  endloop
 endfacet
 facet normal 0 -0.79335842214104468 -0.60875480615587096
  outer loop
   vertex -0.066689841449260712 -0.27017310261726379 0.0030000030528753996
   vertex -0.10002320259809494 -0.26921960711479187 0.0017573620425537229
   vertex -0.066689841449260712 -0.26921960711479187 0.0017573620425537229
  endloop
 endfacet
 facet normal 0 -0.79335842214104457 -0.60875480615587096
  outer loop
   vertex -0.033356510102748871 -0.27017310261726379 0.0030000030528753996
   vertex -0.066689841449260712 -0.27017310261726379 0.0030000030528753996
   vertex -0.066689841449260712 -0.26921960711479187 0.0017573620425537229
  endloop
 endfacet
 facet normal 0 -0.92388358402921467 -0.38267365098910722
  outer loop
   vertex -0.033356510102748871 -0.27077248692512512 0.004447088111191988
   vertex -0.066689841449260712 -0.27017310261726379 0.0030000030528753996
   vertex -0.033356510102748871 -0.27017310261726379 0.0030000030528753996
  endloop
 endfacet
 facet normal 0 -0.92388358402921467 -0.38267365098910722
  outer loop
   vertex -2.3174039597506635e-05 -0.27077248692512512 0.004447088111191988
   vertex -0.033356510102748871 -0.27077248692512512 0.004447088111191988
   vertex -0.033356510102748871 -0.27017310261726379 0.0030000030528753996
  endloop
 endfacet
 facet normal 0 -0.99144741015762716 -0.13050683082403669
  outer loop
   vertex -2.3174039597506635e-05 -0.27097690105438232 0.0060000019147992134
   vertex -0.033356510102748871 -0.27077248692512512 0.004447088111191988
   vertex -2.3174039597506635e-05 -0.27077248692512512 0.004447088111191988
  endloop
 endfacet
 facet normal 0 -0.99144741015762727 -0.13050683082403672
  outer loop
   vertex 0.033310160040855408 -0.27097690105438232 0.0060000019147992134
   vertex -2.3174039597506635e-05 -0.27097690105438232 0.0060000019147992134
   vertex -2.3174039597506635e-05 -0.27077248692512512 0.004447088111191988
  endloop
 endfacet
 facet normal 0 -0.99144741522121982 0.13050679235642124
  outer loop
   vertex 0.033310160040855408 -0.27077248692512512 0.0075529161840677261
   vertex -2.3174039597506635e-05 -0.27097690105438232 0.0060000019147992134
   vertex 0.033310160040855408 -0.27097690105438232 0.0060000019147992134
  endloop
 endfacet
 facet normal 0 -0.99144741522121982 0.13050679235642124
  outer loop
   vertex 0.066643491387367249 -0.27077248692512512 0.0075529161840677261
   vertex 0.033310160040855408 -0.27077248692512512 0.0075529161840677261
   vertex 0.033310160040855408 -0.27097690105438232 0.0060000019147992134
  endloop
 endfacet
 facet normal 0 -0.9238835187248855 0.38267380865238765
  outer loop
   vertex 0.066643491387367249 -0.27017310261726379 0.0090000005438923836
   vertex 0.033310160040855408 -0.27077248692512512 0.0075529161840677261
   vertex 0.066643491387367249 -0.27077248692512512 0.0075529161840677261
  endloop
 endfacet
 facet normal 0 -0.92388351872488539 0.38267380865238765
  outer loop
   vertex 0.099976830184459686 -0.27017310261726379 0.0090000005438923836
   vertex 0.066643491387367249 -0.27017310261726379 0.0090000005438923836
   vertex 0.066643491387367249 -0.27077248692512512 0.0075529161840677261
  endloop
 endfacet
 facet normal 0 -0.79335806407548137 0.60875527280377972
  outer loop
   vertex 0.099976830184459686 -0.26921960711479187 0.010242640040814877
   vertex 0.066643491387367249 -0.27017310261726379 0.0090000005438923836
   vertex 0.099976830184459686 -0.27017310261726379 0.0090000005438923836
  endloop
 endfacet
 facet normal 0 -0.79335806407548137 0.60875527280377972
  outer loop
   vertex 0.13331019878387451 -0.26921960711479187 0.010242640040814877
   vertex 0.099976830184459686 -0.26921960711479187 0.010242640040814877
   vertex 0.099976830184459686 -0.27017310261726379 0.0090000005438923836
  endloop
 endfacet
 facet normal 0 -0.60874345674038877 0.79336713057434038
  outer loop
   vertex 0.13331019878387451 -0.26797690987586975 0.011196150444447994
   vertex 0.099976830184459686 -0.26921960711479187 0.010242640040814877
   vertex 0.13331019878387451 -0.26921960711479187 0.010242640040814877
  endloop
 endfacet
 facet normal 0 -0.60874345674038877 0.79336713057434027
  outer loop
   vertex 0.16664350032806396 -0.26797690987586975 0.011196150444447994
   vertex 0.13331019878387451 -0.26797690987586975 0.011196150444447994
   vertex 0.13331019878387451 -0.26921960711479187 0.010242640040814877
  endloop
 endfacet
 facet normal 0 -0.38268141534646621 0.92388036798517659
  outer loop
   vertex 0.16664350032806396 -0.26652979850769043 0.011795559898018837
   vertex 0.13331019878387451 -0.26797690987586975 0.011196150444447994
   vertex 0.16664350032806396 -0.26797690987586975 0.011196150444447994
  endloop
 endfacet
 facet normal 0 -0.60874434557398416 -0.79336644857953353
  outer loop
   vertex -0.1333564966917038 -0.26921960711479187 0.0017573620425537229
   vertex -0.1333564966917038 -0.26797690987586975 0.00080384942702949047
   vertex -0.10002320259809494 -0.26921960711479187 0.0017573620425537229
  endloop
 endfacet
 facet normal 0 -0.79335842214104468 -0.60875480615587096
  outer loop
   vertex -0.10002320259809494 -0.27017310261726379 0.0030000030528753996
   vertex -0.10002320259809494 -0.26921960711479187 0.0017573620425537229
   vertex -0.066689841449260712 -0.27017310261726379 0.0030000030528753996
  endloop
 endfacet
 facet normal -0 -0.79335842214104468 -0.60875480615587096
  outer loop
   vertex -0.1333564966917038 -0.26921960711479187 0.0017573620425537229
   vertex -0.10002320259809494 -0.26921960711479187 0.0017573620425537229
   vertex -0.10002320259809494 -0.27017310261726379 0.0030000030528753996
  endloop
 endfacet
 facet normal 0 -0.92388358402921467 -0.38267365098910722
  outer loop
   vertex -0.066689841449260712 -0.27077248692512512 0.004447088111191988
   vertex -0.066689841449260712 -0.27017310261726379 0.0030000030528753996
   vertex -0.033356510102748871 -0.27077248692512512 0.004447088111191988
  endloop
 endfacet
 facet normal -0 -0.92388358402921467 -0.38267365098910722
  outer loop
   vertex -0.10002320259809494 -0.27017310261726379 0.0030000030528753996
   vertex -0.066689841449260712 -0.27017310261726379 0.0030000030528753996
   vertex -0.066689841449260712 -0.27077248692512512 0.004447088111191988
  endloop
 endfacet
 facet normal 0 -0.99144741015762716 -0.13050683082403669
  outer loop
   vertex -0.033356510102748871 -0.27097690105438232 0.0060000019147992134
   vertex -0.033356510102748871 -0.27077248692512512 0.004447088111191988
   vertex -2.3174039597506635e-05 -0.27097690105438232 0.0060000019147992134
  endloop
 endfacet
 facet normal -0 -0.99144741015762727 -0.13050683082403672
  outer loop
   vertex -0.066689841449260712 -0.27077248692512512 0.004447088111191988
   vertex -0.033356510102748871 -0.27077248692512512 0.004447088111191988
   vertex -0.033356510102748871 -0.27097690105438232 0.0060000019147992134
  endloop
 endfacet
 facet normal 0 -0.99144741522121982 0.13050679235642124
  outer loop
   vertex -2.3174039597506635e-05 -0.27077248692512512 0.0075529161840677261
   vertex -2.3174039597506635e-05 -0.27097690105438232 0.0060000019147992134
   vertex 0.033310160040855408 -0.27077248692512512 0.0075529161840677261
  endloop
 endfacet
 facet normal 0 -0.99144741522121982 0.13050679235642124
  outer loop
   vertex -0.033356510102748871 -0.27097690105438232 0.0060000019147992134
   vertex -2.3174039597506635e-05 -0.27097690105438232 0.0060000019147992134
   vertex -2.3174039597506635e-05 -0.27077248692512512 0.0075529161840677261
  endloop
 endfacet
 facet normal 0 -0.9238835187248855 0.38267380865238765
  outer loop
   vertex 0.033310160040855408 -0.27017310261726379 0.0090000005438923836
   vertex 0.033310160040855408 -0.27077248692512512 0.0075529161840677261
   vertex 0.066643491387367249 -0.27017310261726379 0.0090000005438923836
  endloop
 endfacet
 facet normal 0 -0.9238835187248855 0.38267380865238765
  outer loop
   vertex -2.3174039597506635e-05 -0.27077248692512512 0.0075529161840677261
   vertex 0.033310160040855408 -0.27077248692512512 0.0075529161840677261
   vertex 0.033310160040855408 -0.27017310261726379 0.0090000005438923836
  endloop
 endfacet
 facet normal 0 -0.79335806407548137 0.60875527280377972
  outer loop
   vertex 0.066643491387367249 -0.26921960711479187 0.010242640040814877
   vertex 0.066643491387367249 -0.27017310261726379 0.0090000005438923836
   vertex 0.099976830184459686 -0.26921960711479187 0.010242640040814877
  endloop
 endfacet
 facet normal 0 -0.79335806407548137 0.60875527280377972
  outer loop
   vertex 0.033310160040855408 -0.27017310261726379 0.0090000005438923836
   vertex 0.066643491387367249 -0.27017310261726379 0.0090000005438923836
   vertex 0.066643491387367249 -0.26921960711479187 0.010242640040814877
  endloop
 endfacet
 facet normal 0 -0.60874345674038877 0.79336713057434038
  outer loop
   vertex 0.099976830184459686 -0.26797690987586975 0.011196150444447994
   vertex 0.099976830184459686 -0.26921960711479187 0.010242640040814877
   vertex 0.13331019878387451 -0.26797690987586975 0.011196150444447994
  endloop
 endfacet
 facet normal 0 -0.60874345674038877 0.79336713057434027
  outer loop
   vertex 0.066643491387367249 -0.26921960711479187 0.010242640040814877
   vertex 0.099976830184459686 -0.26921960711479187 0.010242640040814877
   vertex 0.099976830184459686 -0.26797690987586975 0.011196150444447994
  endloop
 endfacet
 facet normal 0 -0.38268141534646621 0.92388036798517659
  outer loop
   vertex 0.13331019878387451 -0.26652979850769043 0.011795559898018837
   vertex 0.13331019878387451 -0.26797690987586975 0.011196150444447994
   vertex 0.16664350032806396 -0.26652979850769043 0.011795559898018837
  endloop
 endfacet
 facet normal 0 -0.38268141534646621 0.92388036798517659
  outer loop
   vertex 0.099976830184459686 -0.26797690987586975 0.011196150444447994
   vertex 0.13331019878387451 -0.26797690987586975 0.011196150444447994
   vertex 0.13331019878387451 -0.26652979850769043 0.011795559898018837
  endloop
 endfacet
 facet normal 0 1 0
  outer loop
   vertex 0.19997680187225342 -0.26497688889503479 0.012000000104308128
   vertex -0.20002320408821106 -0.26497688889503479 1.3322680133619921e-17
   vertex -0.20002320408821106 -0.26497688889503479 0.012000000104308128
  endloop
 endfacet
 facet normal 0 1 0
  outer loop
   vertex 0.19997680187225342 -0.26497688889503479 1.3322680133619921e-17
   vertex -0.20002320408821106 -0.26497688889503479 1.3322680133619921e-17
   vertex 0.19997680187225342 -0.26497688889503479 0.012000000104308128
  endloop
 endfacet
 facet normal -0.13052701852631018 -0.0064135074762872906 -0.99142400836195399
  outer loop
   vertex -0.29956468939781189 -0.1747577041387558 1.3322680133619921e-17
   vertex -0.30159929394721985 -0.16495369374752045 0.00020444609981495887
   vertex -0.3000464141368866 -0.16495369374752045 1.3322680133619921e-17
  endloop
 endfacet
 facet normal -0.13052717637790201 -0.0064135406727329541 -0.99142398736506843
  outer loop
   vertex -0.30111008882522583 -0.17490990459918976 0.00020444609981495887
   vertex -0.30159929394721985 -0.16495369374752045 0.00020444609981495887
   vertex -0.29956468939781189 -0.1747577041387558 1.3322680133619921e-17
  endloop
 endfacet
 facet normal -0.12927029868986412 -0.019175491083743869 -0.99142397107308777
  outer loop
   vertex -0.29812440276145935 -0.18446730077266693 1.3322680133619921e-17
   vertex -0.30111008882522583 -0.17490990459918976 0.00020444609981495887
   vertex -0.29956468939781189 -0.1747577041387558 1.3322680133619921e-17
  endloop
 endfacet
 facet normal -0.12926425693546037 -0.019173586028424873 -0.99142479567425268
  outer loop
   vertex -0.29964751005172729 -0.18477030098438263 0.00020444609981495887
   vertex -0.30111008882522583 -0.17490990459918976 0.00020444609981495887
   vertex -0.29812440276145935 -0.18446730077266693 1.3322680133619921e-17
  endloop
 endfacet
 facet normal -0.12676204635874708 -0.031751612822704334 -0.99142484268153164
  outer loop
   vertex -0.29573941230773926 -0.19398890435695648 1.3322680133619921e-17
   vertex -0.29964751005172729 -0.18477030098438263 0.00020444609981495887
   vertex -0.29812440276145935 -0.18446730077266693 1.3322680133619921e-17
  endloop
 endfacet
 facet normal -0.12677058616286743 -0.031755259959792767 -0.99142363394706756
  outer loop
   vertex -0.29722538590431213 -0.19443969428539276 0.00020444609981495887
   vertex -0.29964751005172729 -0.18477030098438263 0.00020444609981495887
   vertex -0.29573941230773926 -0.19398890435695648 1.3322680133619921e-17
  endloop
 endfacet
 facet normal -0.12304756095968779 -0.04402776228448254 -0.9914236500558643
  outer loop
   vertex -0.29243248701095581 -0.20323100686073303 1.3322680133619921e-17
   vertex -0.29722538590431213 -0.19443969428539276 0.00020444609981495887
   vertex -0.29573941230773926 -0.19398890435695648 1.3322680133619921e-17
  endloop
 endfacet
 facet normal -0.12304390383015955 -0.044025755841905594 -0.99142419304391749
  outer loop
   vertex -0.29386720061302185 -0.2038252055644989 0.00020444609981495887
   vertex -0.29722538590431213 -0.19443969428539276 0.00020444609981495887
   vertex -0.29243248701095581 -0.20323100686073303 1.3322680133619921e-17
  endloop
 endfacet
 facet normal -0.11813648489929736 -0.055874863143342057 -0.99142411237792216
  outer loop
   vertex -0.28823569416999817 -0.21210430562496185 1.3322680133619921e-17
   vertex -0.29386720061302185 -0.2038252055644989 0.00020444609981495887
   vertex -0.29243248701095581 -0.20323100686073303 1.3322680133619921e-17
  endloop
 endfacet
 facet normal -0.11813014476549281 -0.055870525844827088 -0.99142511226996155
  outer loop
   vertex -0.28960528969764709 -0.21283639967441559 0.00020444609981495887
   vertex -0.29386720061302185 -0.2038252055644989 0.00020444609981495887
   vertex -0.28823569416999817 -0.21210430562496185 1.3322680133619921e-17
  endloop
 endfacet
 facet normal -0.11208453414025274 -0.067180614212631787 -0.99142514708906604
  outer loop
   vertex -0.28318938612937927 -0.22052359580993652 1.3322680133619921e-17
   vertex -0.28960528969764709 -0.21283639967441559 0.00020444609981495887
   vertex -0.28823569416999817 -0.21210430562496185 1.3322680133619921e-17
  endloop
 endfacet
 facet normal -0.11208639718741058 -0.067182177572134211 -0.99142483052534658
  outer loop
   vertex -0.28448060154914856 -0.22138640284538269 0.00020444609981495887
   vertex -0.28960528969764709 -0.21283639967441559 0.00020444609981495887
   vertex -0.28318938612937927 -0.22052359580993652 1.3322680133619921e-17
  endloop
 endfacet
 facet normal -0.10496181351137616 -0.077844330880963986 -0.99142487252141198
  outer loop
   vertex -0.27734211087226868 -0.22840780019760132 1.3322680133619921e-17
   vertex -0.28448060154914856 -0.22138640284538269 0.00020444609981495887
   vertex -0.28318938612937927 -0.22052359580993652 1.3322680133619921e-17
  endloop
 endfacet
 facet normal -0.10496273659537704 -0.077845274361519556 -0.99142470071407285
  outer loop
   vertex -0.27854260802268982 -0.22939290106296539 0.00020444609981495887
   vertex -0.28448060154914856 -0.22138640284538269 0.00020444609981495887
   vertex -0.27734211087226868 -0.22840780019760132 1.3322680133619921e-17
  endloop
 endfacet
 facet normal -0.096827168775148353 -0.087759695818283009 -0.99142459883587286
  outer loop
   vertex -0.27075019478797913 -0.23568080365657806 1.3322680133619921e-17
   vertex -0.27854260802268982 -0.22939290106296539 0.00020444609981495887
   vertex -0.27734211087226868 -0.22840780019760132 1.3322680133619921e-17
  endloop
 endfacet
 facet normal -0.096826661139313097 -0.087759063287605216 -0.99142470440447206
  outer loop
   vertex -0.27184829115867615 -0.23677890002727509 0.00020444609981495887
   vertex -0.27854260802268982 -0.22939290106296539 0.00020444609981495887
   vertex -0.27075019478797913 -0.23568080365657806 1.3322680133619921e-17
  endloop
 endfacet
 facet normal -0.087759144058365504 -0.09682658050363413 -0.99142470513000458
  outer loop
   vertex -0.26347720623016357 -0.24227270483970642 1.3322680133619921e-17
   vertex -0.27184829115867615 -0.23677890002727509 0.00020444609981495887
   vertex -0.27075019478797913 -0.23568080365657806 1.3322680133619921e-17
  endloop
 endfacet
 facet normal -0.087759915661807436 -0.096827763060057331 -0.99142452133473968
  outer loop
   vertex -0.26446241140365601 -0.24347309768199921 0.00020444609981495887
   vertex -0.27184829115867615 -0.23677890002727509 0.00020444609981495887
   vertex -0.26347720623016357 -0.24227270483970642 1.3322680133619921e-17
  endloop
 endfacet
 facet normal -0.077846853631531349 -0.10496375727965097 -0.9914244686497351
  outer loop
   vertex -0.25559309124946594 -0.24811999499797821 1.3322680133619921e-17
   vertex -0.26446241140365601 -0.24347309768199921 0.00020444609981495887
   vertex -0.26347720623016357 -0.24227270483970642 1.3322680133619921e-17
  endloop
 endfacet
 facet normal -0.077847957803325402 -0.10496587845674892 -0.99142415737445821
  outer loop
   vertex -0.25645580887794495 -0.2494111955165863 0.00020444609981495887
   vertex -0.26446241140365601 -0.24347309768199921 0.00020444609981495887
   vertex -0.25559309124946594 -0.24811999499797821 1.3322680133619921e-17
  endloop
 endfacet
 facet normal -0.067184217795136697 -0.11209087736995427 -0.99142418574981794
  outer loop
   vertex -0.24717380106449127 -0.25316628813743591 1.3322680133619921e-17
   vertex -0.25645580887794495 -0.2494111955165863 0.00020444609981495887
   vertex -0.25559309124946594 -0.24811999499797821 1.3322680133619921e-17
  endloop
 endfacet
 facet normal -0.067182116675492301 -0.11208564376030243 -0.99142491983096681
  outer loop
   vertex -0.24790580570697784 -0.25453591346740723 0.00020444609981495887
   vertex -0.25645580887794495 -0.2494111955165863 0.00020444609981495887
   vertex -0.24717380106449127 -0.25316628813743591 1.3322680133619921e-17
  endloop
 endfacet
 facet normal -0.055871786692927347 -0.11813053012686635 -0.99142499529903205
  outer loop
   vertex -0.23830039799213409 -0.25736311078071594 1.3322680133619921e-17
   vertex -0.24790580570697784 -0.25453591346740723 0.00020444609981495887
   vertex -0.24717380106449127 -0.25316628813743591 1.3322680133619921e-17
  endloop
 endfacet
 facet normal -0.055873255792842309 -0.11813557081684754 -0.99142431188411195
  outer loop
   vertex -0.23889470100402832 -0.25879779458045959 0.00020444609981495887
   vertex -0.24790580570697784 -0.25453591346740723 0.00020444609981495887
   vertex -0.23830039799213409 -0.25736311078071594 1.3322680133619921e-17
  endloop
 endfacet
 facet normal -0.044026253507574366 -0.12304306445718663 -0.99142427511690046
  outer loop
   vertex -0.2290583997964859 -0.260670006275177 1.3322680133619921e-17
   vertex -0.23889470100402832 -0.25879779458045959 0.00020444609981495887
   vertex -0.23830039799213409 -0.25736311078071594 1.3322680133619921e-17
  endloop
 endfacet
 facet normal -0.044026625308394005 -0.12304504650431725 -0.99142401261756041
  outer loop
   vertex -0.22950920462608337 -0.26215600967407227 0.00020444609981495887
   vertex -0.23889470100402832 -0.25879779458045959 0.00020444609981495887
   vertex -0.2290583997964859 -0.260670006275177 1.3322680133619921e-17
  endloop
 endfacet
 facet normal -0.031752926321599623 -0.12676848057679871 -0.99142397792380677
  outer loop
   vertex -0.21953670680522919 -0.26305499672889709 1.3322680133619921e-17
   vertex -0.22950920462608337 -0.26215600967407227 0.00020444609981495887
   vertex -0.2290583997964859 -0.260670006275177 1.3322680133619921e-17
  endloop
 endfacet
 facet normal -0.031752350639520574 -0.12676189893899903 -0.99142483790060654
  outer loop
   vertex -0.21983970701694489 -0.26457810401916504 0.00020444609981495887
   vertex -0.22950920462608337 -0.26215600967407227 0.00020444609981495887
   vertex -0.21953670680522919 -0.26305499672889709 1.3322680133619921e-17
  endloop
 endfacet
 facet normal -0.01917512303893806 -0.12926395250712625 -0.9914248056401842
  outer loop
   vertex -0.20982719957828522 -0.26449531316757202 1.3322680133619921e-17
   vertex -0.21983970701694489 -0.26457810401916504 0.00020444609981495887
   vertex -0.21953670680522919 -0.26305499672889709 1.3322680133619921e-17
  endloop
 endfacet
 facet normal -0.019175053220387952 -0.1292703421834647 -0.99142397387079839
  outer loop
   vertex -0.20997940003871918 -0.26604071259498596 0.00020444609981495887
   vertex -0.21983970701694489 -0.26457810401916504 0.00020444609981495887
   vertex -0.20982719957828522 -0.26449531316757202 1.3322680133619921e-17
  endloop
 endfacet
 facet normal -0.0064115506332484582 -0.1305273706877382 -0.99142397465454857
  outer loop
   vertex -0.20002320408821106 -0.26497688889503479 1.3322680133619921e-17
   vertex -0.20997940003871918 -0.26604071259498596 0.00020444609981495887
   vertex -0.20982719957828522 -0.26449531316757202 1.3322680133619921e-17
  endloop
 endfacet
 facet normal -0.0064118587765534356 -0.13052455760451528 -0.99142434301825322
  outer loop
   vertex -0.20002320408821106 -0.26652979850769043 0.00020444609981495887
   vertex -0.20997940003871918 -0.26604071259498596 0.00020444609981495887
   vertex -0.20002320408821106 -0.26497688889503479 1.3322680133619921e-17
  endloop
 endfacet
 facet normal -0.018796019832712032 -0.38262573442223852 -0.92371221546339377
  outer loop
   vertex -0.21012119948863983 -0.26748079061508179 0.00080384942702949047
   vertex -0.20997940003871918 -0.26604071259498596 0.00020444609981495887
   vertex -0.20002320408821106 -0.26652979850769043 0.00020444609981495887
  endloop
 endfacet
 facet normal -0.018797831735009072 -0.38261045962350343 -0.92371850566541847
  outer loop
   vertex -0.20002320408821106 -0.26797690987586975 0.00080384942702949047
   vertex -0.21012119948863983 -0.26748079061508179 0.00080384942702949047
   vertex -0.20002320408821106 -0.26652979850769043 0.00020444609981495887
  endloop
 endfacet
 facet normal -0.029894620646728105 -0.60847414250510612 -0.79301042209990158
  outer loop
   vertex -0.21024300158023834 -0.26871749758720398 0.0017573620425537229
   vertex -0.21012119948863983 -0.26748079061508179 0.00080384942702949047
   vertex -0.20002320408821106 -0.26797690987586975 0.00080384942702949047
  endloop
 endfacet
 facet normal -0.029894890018397006 -0.60847226600567972 -0.79301185177316291
  outer loop
   vertex -0.20002320408821106 -0.26921960711479187 0.0017573620425537229
   vertex -0.21024300158023834 -0.26871749758720398 0.0017573620425537229
   vertex -0.20002320408821106 -0.26797690987586975 0.00080384942702949047
  endloop
 endfacet
 facet normal -0.038948899776319656 -0.79275505916700195 -0.60829466492098849
  outer loop
   vertex -0.21033650636672974 -0.2696664035320282 0.0030000030528753996
   vertex -0.21024300158023834 -0.26871749758720398 0.0017573620425537229
   vertex -0.20002320408821106 -0.26921960711479187 0.0017573620425537229
  endloop
 endfacet
 facet normal -0.038948626604010557 -0.79275643316692634 -0.60829289175372936
  outer loop
   vertex -0.20002320408821106 -0.27017310261726379 0.0030000030528753996
   vertex -0.21033650636672974 -0.2696664035320282 0.0030000030528753996
   vertex -0.20002320408821106 -0.26921960711479187 0.0017573620425537229
  endloop
 endfacet
 facet normal -0.045344376552364542 -0.92293488510655319 -0.38227618990519274
  outer loop
   vertex -0.2103952020406723 -0.27026289701461792 0.004447088111191988
   vertex -0.21033650636672974 -0.2696664035320282 0.0030000030528753996
   vertex -0.20002320408821106 -0.27017310261726379 0.0030000030528753996
  endloop
 endfacet
 facet normal -0.045344926173562602 -0.92293326796557595 -0.38228002897443714
  outer loop
   vertex -0.20002320408821106 -0.27077248692512512 0.004447088111191988
   vertex -0.2103952020406723 -0.27026289701461792 0.004447088111191988
   vertex -0.20002320408821106 -0.27017310261726379 0.0030000030528753996
  endloop
 endfacet
 facet normal -0.048653170729586671 -0.99026801116559415 -0.13039223535201963
  outer loop
   vertex -0.2104153037071228 -0.2704663872718811 0.0060000019147992134
   vertex -0.2103952020406723 -0.27026289701461792 0.004447088111191988
   vertex -0.20002320408821106 -0.27077248692512512 0.004447088111191988
  endloop
 endfacet
 facet normal -0.048647368228145769 -0.99027355216127599 -0.13035231280788001
  outer loop
   vertex -0.20002320408821106 -0.27097690105438232 0.0060000019147992134
   vertex -0.2104153037071228 -0.2704663872718811 0.0060000019147992134
   vertex -0.20002320408821106 -0.27077248692512512 0.004447088111191988
  endloop
 endfacet
 facet normal -0.048647111149468139 -0.99026831902689372 0.13039215815554983
  outer loop
   vertex -0.2103952020406723 -0.27026289701461792 0.0075529161840677261
   vertex -0.2104153037071228 -0.2704663872718811 0.0060000019147992134
   vertex -0.20002320408821106 -0.27097690105438232 0.0060000019147992134
  endloop
 endfacet
 facet normal -0.048653428834938194 -0.99027326454310871 0.13035223586014028
  outer loop
   vertex -0.20002320408821106 -0.27077248692512512 0.0075529161840677261
   vertex -0.2103952020406723 -0.27026289701461792 0.0075529161840677261
   vertex -0.20002320408821106 -0.27097690105438232 0.0060000019147992134
  endloop
 endfacet
 facet normal -0.045345000691512947 -0.92293478467540979 0.38227635834359641
  outer loop
   vertex -0.21033650636672974 -0.2696664035320282 0.0090000005438923836
   vertex -0.2103952020406723 -0.27026289701461792 0.0075529161840677261
   vertex -0.20002320408821106 -0.27077248692512512 0.0075529161840677261
  endloop
 endfacet
 facet normal -0.045344295196097333 -0.92293322918926324 0.38228019743566094
  outer loop
   vertex -0.20002320408821106 -0.27017310261726379 0.0090000005438923836
   vertex -0.21033650636672974 -0.2696664035320282 0.0090000005438923836
   vertex -0.20002320408821106 -0.27077248692512512 0.0075529161840677261
  endloop
 endfacet
 facet normal -0.038948542670632268 -0.79275472479537656 0.60829512355306681
  outer loop
   vertex -0.21024300158023834 -0.26871749758720398 0.010242640040814877
   vertex -0.21033650636672974 -0.2696664035320282 0.0090000005438923836
   vertex -0.20002320408821106 -0.27017310261726379 0.0090000005438923836
  endloop
 endfacet
 facet normal -0.038948949213458005 -0.79275606539674803 0.60829335039258337
  outer loop
   vertex -0.20002320408821106 -0.26921960711479187 0.010242640040814877
   vertex -0.21024300158023834 -0.26871749758720398 0.010242640040814877
   vertex -0.20002320408821106 -0.27017310261726379 0.0090000005438923836
  endloop
 endfacet
 facet normal -0.02989493718394198 -0.60847322600004705 0.79301111339745023
  outer loop
   vertex -0.21012119948863983 -0.26748079061508179 0.011196150444447994
   vertex -0.21024300158023834 -0.26871749758720398 0.010242640040814877
   vertex -0.20002320408821106 -0.26921960711479187 0.010242640040814877
  endloop
 endfacet
 facet normal -0.029894485166269153 -0.60847138494022301 0.79301254306950952
  outer loop
   vertex -0.20002320408821106 -0.26797690987586975 0.011196150444447994
   vertex -0.21012119948863983 -0.26748079061508179 0.011196150444447994
   vertex -0.20002320408821106 -0.26921960711479187 0.010242640040814877
  endloop
 endfacet
 facet normal -0.018798734700040166 -0.3826288385445642 0.92371087440157118
  outer loop
   vertex -0.20997940003871918 -0.26604071259498596 0.011795559898018837
   vertex -0.21012119948863983 -0.26748079061508179 0.011196150444447994
   vertex -0.20002320408821106 -0.26797690987586975 0.011196150444447994
  endloop
 endfacet
 facet normal -0.018795434293902347 -0.38261381475950762 0.92371716472353205
  outer loop
   vertex -0.20002320408821106 -0.26652979850769043 0.011795559898018837
   vertex -0.20997940003871918 -0.26604071259498596 0.011795559898018837
   vertex -0.20002320408821106 -0.26797690987586975 0.011196150444447994
  endloop
 endfacet
 facet normal -0.0064118131545542077 -0.13052362888922792 0.99142446558154818
  outer loop
   vertex -0.20982719957828522 -0.26449531316757202 0.012000000104308128
   vertex -0.20997940003871918 -0.26604071259498596 0.011795559898018837
   vertex -0.20002320408821106 -0.26652979850769043 0.011795559898018837
  endloop
 endfacet
 facet normal -0.0064112308076709401 -0.13052085962760629 0.99142483392418679
  outer loop
   vertex -0.20002320408821106 -0.26497688889503479 0.012000000104308128
   vertex -0.20982719957828522 -0.26449531316757202 0.012000000104308128
   vertex -0.20002320408821106 -0.26652979850769043 0.011795559898018837
  endloop
 endfacet
 facet normal -0.38261044530482247 -0.018799821775585306 -0.92371847109649796
  outer loop
   vertex -0.30111008882522583 -0.17490990459918976 0.00020444609981495887
   vertex -0.30304640531539917 -0.16495369374752045 0.00080384942702949047
   vertex -0.30159929394721985 -0.16495369374752045 0.00020444609981495887
  endloop
 endfacet
 facet normal -0.38259763497213101 -0.018797007488522661 -0.92372383439164785
  outer loop
   vertex -0.30255028605461121 -0.17505179345607758 0.00080384942702949047
   vertex -0.30304640531539917 -0.16495369374752045 0.00080384942702949047
   vertex -0.30111008882522583 -0.17490990459918976 0.00020444609981495887
  endloop
 endfacet
 facet normal -0.37891249600275084 -0.056203559372033488 -0.92372424472181058
  outer loop
   vertex -0.29964751005172729 -0.18477030098438263 0.00020444609981495887
   vertex -0.30255028605461121 -0.17505179345607758 0.00080384942702949047
   vertex -0.30111008882522583 -0.17490990459918976 0.00020444609981495887
  endloop
 endfacet
 facet normal -0.37893260488521641 -0.056210098908805732 -0.92371559786309054
  outer loop
   vertex -0.30106678605079651 -0.18505260348320007 0.00080384942702949047
   vertex -0.30255028605461121 -0.17505179345607758 0.00080384942702949047
   vertex -0.29964751005172729 -0.18477030098438263 0.00020444609981495887
  endloop
 endfacet
 facet normal -0.37159828415839019 -0.093083107613799454 -0.92371545959104651
  outer loop
   vertex -0.29722538590431213 -0.19443969428539276 0.00020444609981495887
   vertex -0.30106678605079651 -0.18505260348320007 0.00080384942702949047
   vertex -0.29964751005172729 -0.18477030098438263 0.00020444609981495887
  endloop
 endfacet
 facet normal -0.37158451043838553 -0.093077078510751893 -0.92372160798487801
  outer loop
   vertex -0.29861021041870117 -0.19485980272293091 0.00080384942702949047
   vertex -0.30106678605079651 -0.18505260348320007 0.00080384942702949047
   vertex -0.29722538590431213 -0.19443969428539276 0.00020444609981495887
  endloop
 endfacet
 facet normal -0.36067159845522162 -0.12905019459247119 -0.92372184414108172
  outer loop
   vertex -0.29386720061302185 -0.2038252055644989 0.00020444609981495887
   vertex -0.29861021041870117 -0.19485980272293091 0.00080384942702949047
   vertex -0.29722538590431213 -0.19443969428539276 0.00020444609981495887
  endloop
 endfacet
 facet normal -0.36067096081001843 -0.12904983727290525 -0.92372214303231603
  outer loop
   vertex -0.29520419239997864 -0.20437900722026825 0.00080384942702949047
   vertex -0.29861021041870117 -0.19485980272293091 0.00080384942702949047
   vertex -0.29386720061302185 -0.2038252055644989 0.00020444609981495887
  endloop
 endfacet
 facet normal -0.34628587755522983 -0.16377846746954661 -0.92372220098854996
  outer loop
   vertex -0.28960528969764709 -0.21283639967441559 0.00020444609981495887
   vertex -0.29520419239997864 -0.20437900722026825 0.00080384942702949047
   vertex -0.29386720061302185 -0.2038252055644989 0.00020444609981495887
  endloop
 endfacet
 facet normal -0.34630056432082901 -0.16378870922346506 -0.92371487910609429
  outer loop
   vertex -0.29088151454925537 -0.21351850032806396 0.00080384942702949047
   vertex -0.29520419239997864 -0.20437900722026825 0.00080384942702949047
   vertex -0.28960528969764709 -0.21283639967441559 0.00020444609981495887
  endloop
 endfacet
 facet normal -0.32858002330308694 -0.19694380429852373 -0.92371440728970322
  outer loop
   vertex -0.28448060154914856 -0.22138640284538269 0.00020444609981495887
   vertex -0.29088151454925537 -0.21351850032806396 0.00080384942702949047
   vertex -0.28960528969764709 -0.21283639967441559 0.00020444609981495887
  endloop
 endfacet
 facet normal -0.32857357027588757 -0.19693829001440458 -0.92371787838189989
  outer loop
   vertex -0.28568381071090698 -0.22219039499759674 0.00080384942702949047
   vertex -0.29088151454925537 -0.21351850032806396 0.00080384942702949047
   vertex -0.28448060154914856 -0.22138640284538269 0.00020444609981495887
  endloop
 endfacet
 facet normal -0.30768748961651854 -0.22819543224314165 -0.92371816775294091
  outer loop
   vertex -0.27854260802268982 -0.22939290106296539 0.00020444609981495887
   vertex -0.28568381071090698 -0.22219039499759674 0.00080384942702949047
   vertex -0.28448060154914856 -0.22138640284538269 0.00020444609981495887
  endloop
 endfacet
 facet normal -0.30768459833347278 -0.22819242356562291 -0.92371987408283951
  outer loop
   vertex -0.27966120839118958 -0.23031100630760193 0.00080384942702949047
   vertex -0.28568381071090698 -0.22219039499759674 0.00080384942702949047
   vertex -0.27854260802268982 -0.22939290106296539 0.00020444609981495887
  endloop
 endfacet
 facet normal -0.28383322387005194 -0.25725288431559379 -0.9237205500251906
  outer loop
   vertex -0.27184829115867615 -0.23677890002727509 0.00020444609981495887
   vertex -0.27966120839118958 -0.23031100630760193 0.00080384942702949047
   vertex -0.27854260802268982 -0.22939290106296539 0.00020444609981495887
  endloop
 endfacet
 facet normal -0.28383555410405165 -0.25725584181834843 -0.92371901034718273
  outer loop
   vertex -0.27287161350250244 -0.23780210316181183 0.00080384942702949047
   vertex -0.27966120839118958 -0.23031100630760193 0.00080384942702949047
   vertex -0.27184829115867615 -0.23677890002727509 0.00020444609981495887
  endloop
 endfacet
 facet normal -0.25725642488756578 -0.28383760361259258 -0.92371821819726452
  outer loop
   vertex -0.26446241140365601 -0.24347309768199921 0.00020444609981495887
   vertex -0.27287161350250244 -0.23780210316181183 0.00080384942702949047
   vertex -0.27184829115867615 -0.23677890002727509 0.00020444609981495887
  endloop
 endfacet
 facet normal -0.25726196318432537 -0.28384626023018766 -0.92371401572774869
  outer loop
   vertex -0.26538041234016418 -0.24459169805049896 0.00080384942702949047
   vertex -0.27287161350250244 -0.23780210316181183 0.00080384942702949047
   vertex -0.26446241140365601 -0.24347309768199921 0.00020444609981495887
  endloop
 endfacet
 facet normal -0.22820198184762472 -0.30769492438995988 -0.92371407317712417
  outer loop
   vertex -0.25645580887794495 -0.2494111955165863 0.00020444609981495887
   vertex -0.26538041234016418 -0.24459169805049896 0.00080384942702949047
   vertex -0.26446241140365601 -0.24347309768199921 0.00020444609981495887
  endloop
 endfacet
 facet normal -0.22819840350563922 -0.30768789704721988 -0.9237172980128372
  outer loop
   vertex -0.2572597861289978 -0.25061440467834473 0.00080384942702949047
   vertex -0.26538041234016418 -0.24459169805049896 0.00080384942702949047
   vertex -0.25645580887794495 -0.2494111955165863 0.00020444609981495887
  endloop
 endfacet
 facet normal -0.19694118294592519 -0.32857373905073917 -0.92371720156445969
  outer loop
   vertex -0.24790580570697784 -0.25453591346740723 0.00020444609981495887
   vertex -0.2572597861289978 -0.25061440467834473 0.00080384942702949047
   vertex -0.25645580887794495 -0.2494111955165863 0.00020444609981495887
  endloop
 endfacet
 facet normal -0.19694197705068375 -0.32857576950492989 -0.92371631000519394
  outer loop
   vertex -0.24858799576759338 -0.25581210851669312 0.00080384942702949047
   vertex -0.2572597861289978 -0.25061440467834473 0.00080384942702949047
   vertex -0.24790580570697784 -0.25453591346740723 0.00020444609981495887
  endloop
 endfacet
 facet normal -0.16378536259373186 -0.34629944195830392 -0.92371589328072456
  outer loop
   vertex -0.23889470100402832 -0.25879779458045959 0.00020444609981495887
   vertex -0.24858799576759338 -0.25581210851669312 0.00080384942702949047
   vertex -0.24790580570697784 -0.25453591346740723 0.00020444609981495887
  endloop
 endfacet
 facet normal -0.16378396798042213 -0.34629449202956308 -0.92371799626432249
  outer loop
   vertex -0.23944839835166931 -0.26013478636741638 0.00080384942702949047
   vertex -0.24858799576759338 -0.25581210851669312 0.00080384942702949047
   vertex -0.23889470100402832 -0.25879779458045959 0.00020444609981495887
  endloop
 endfacet
 facet normal -0.12905380617045237 -0.36067791865880133 -0.92371887179210244
  outer loop
   vertex -0.22950920462608337 -0.26215600967407227 0.00020444609981495887
   vertex -0.23944839835166931 -0.26013478636741638 0.00080384942702949047
   vertex -0.23889470100402832 -0.25879779458045959 0.00020444609981495887
  endloop
 endfacet
 facet normal -0.12905527572613501 -0.36068616030343231 -0.92371544837835096
  outer loop
   vertex -0.22992919385433197 -0.26354080438613892 0.00080384942702949047
   vertex -0.23944839835166931 -0.26013478636741638 0.00080384942702949047
   vertex -0.22950920462608337 -0.26215600967407227 0.00020444609981495887
  endloop
 endfacet
 facet normal -0.093080658540493008 -0.37159708788299028 -0.92371618762612873
  outer loop
   vertex -0.21983970701694489 -0.26457810401916504 0.00020444609981495887
   vertex -0.22992919385433197 -0.26354080438613892 0.00080384942702949047
   vertex -0.22950920462608337 -0.26215600967407227 0.00020444609981495887
  endloop
 endfacet
 facet normal -0.093080339542039189 -0.37159302116700893 -0.92371785573881471
  outer loop
   vertex -0.22012199461460114 -0.26599740982055664 0.00080384942702949047
   vertex -0.22992919385433197 -0.26354080438613892 0.00080384942702949047
   vertex -0.21983970701694489 -0.26457810401916504 0.00020444609981495887
  endloop
 endfacet
 facet normal -0.056207343915577954 -0.37892685343187998 -0.92371812488343563
  outer loop
   vertex -0.20997940003871918 -0.26604071259498596 0.00020444609981495887
   vertex -0.22012199461460114 -0.26599740982055664 0.00080384942702949047
   vertex -0.21983970701694489 -0.26457810401916504 0.00020444609981495887
  endloop
 endfacet
 facet normal -0.056207044456291294 -0.37894189969144787 -0.92371197069851019
  outer loop
   vertex -0.21012119948863983 -0.26748079061508179 0.00080384942702949047
   vertex -0.22012199461460114 -0.26599740982055664 0.00080384942702949047
   vertex -0.20997940003871918 -0.26604071259498596 0.00020444609981495887
  endloop
 endfacet
 facet normal -0.60849980907684176 -0.029895572848523136 -0.79299069167141301
  outer loop
   vertex -0.30255028605461121 -0.17505179345607758 0.00080384942702949047
   vertex -0.30428901314735413 -0.16495369374752045 0.0017573620425537229
   vertex -0.30304640531539917 -0.16495369374752045 0.00080384942702949047
  endloop
 endfacet
 facet normal -0.6085016689945264 -0.029896029485394042 -0.79298924724858932
  outer loop
   vertex -0.30378690361976624 -0.17517359554767609 0.0017573620425537229
   vertex -0.30428901314735413 -0.16495369374752045 0.0017573620425537229
   vertex -0.30255028605461121 -0.17505179345607758 0.00080384942702949047
  endloop
 endfacet
 facet normal -0.6026413299002068 -0.089394600315499062 -0.79298930190169792
  outer loop
   vertex -0.30106678605079651 -0.18505260348320007 0.00080384942702949047
   vertex -0.30378690361976624 -0.17517359554767609 0.0017573620425537229
   vertex -0.30255028605461121 -0.17505179345607758 0.00080384942702949047
  endloop
 endfacet
 facet normal -0.6026130906344479 -0.089384645221131723 -0.79301188401857581
  outer loop
   vertex -0.30228561162948608 -0.18529500067234039 0.0017573620425537229
   vertex -0.30378690361976624 -0.17517359554767609 0.0017573620425537229
   vertex -0.30106678605079651 -0.18505260348320007 0.00080384942702949047
  endloop
 endfacet
 facet normal -0.59095010223660982 -0.14802530115402723 -0.79301102570191273
  outer loop
   vertex -0.29861021041870117 -0.19485980272293091 0.00080384942702949047
   vertex -0.30228561162948608 -0.18529500067234039 0.0017573620425537229
   vertex -0.30106678605079651 -0.18505260348320007 0.00080384942702949047
  endloop
 endfacet
 facet normal -0.59098032563329839 -0.14803942303989162 -0.79298586616684197
  outer loop
   vertex -0.29979929327964783 -0.19522050023078918 0.0017573620425537229
   vertex -0.30228561162948608 -0.18529500067234039 0.0017573620425537229
   vertex -0.29861021041870117 -0.19485980272293091 0.00080384942702949047
  endloop
 endfacet
 facet normal -0.57362684395887231 -0.20524649586983448 -0.79298557352762566
  outer loop
   vertex -0.29520419239997864 -0.20437900722026825 0.00080384942702949047
   vertex -0.29979929327964783 -0.19522050023078918 0.0017573620425537229
   vertex -0.29861021041870117 -0.19485980272293091 0.00080384942702949047
  endloop
 endfacet
 facet normal -0.57362484874624986 -0.20524531266361648 -0.7929873230578508
  outer loop
   vertex -0.29635220766067505 -0.20485450327396393 0.0017573620425537229
   vertex -0.29979929327964783 -0.19522050023078918 0.0017573620425537229
   vertex -0.29520419239997864 -0.20437900722026825 0.00080384942702949047
  endloop
 endfacet
 facet normal -0.55074499530344045 -0.26048416082990544 -0.7929867288328053
  outer loop
   vertex -0.29088151454925537 -0.21351850032806396 0.00080384942702949047
   vertex -0.29635220766067505 -0.20485450327396393 0.0017573620425537229
   vertex -0.29520419239997864 -0.20437900722026825 0.00080384942702949047
  endloop
 endfacet
 facet normal -0.55073515035753762 -0.26047693058668203 -0.79299594122088746
  outer loop
   vertex -0.2919774055480957 -0.2141042947769165 0.0017573620425537229
   vertex -0.29635220766067505 -0.20485450327396393 0.0017573620425537229
   vertex -0.29088151454925537 -0.21351850032806396 0.00080384942702949047
  endloop
 endfacet
 facet normal -0.52255142157875867 -0.31320347319447517 -0.79299659279528811
  outer loop
   vertex -0.28568381071090698 -0.22219039499759674 0.00080384942702949047
   vertex -0.2919774055480957 -0.2141042947769165 0.0017573620425537229
   vertex -0.29088151454925537 -0.21351850032806396 0.00080384942702949047
  endloop
 endfacet
 facet normal -0.52256329504982713 -0.31321413373825707 -0.79298455791601674
  outer loop
   vertex -0.2867169976234436 -0.22288070619106293 0.0017573620425537229
   vertex -0.2919774055480957 -0.2141042947769165 0.0017573620425537229
   vertex -0.28568381071090698 -0.22219039499759674 0.00080384942702949047
  endloop
 endfacet
 facet normal -0.48934991920088083 -0.36292341130791889 -0.79298376660730852
  outer loop
   vertex -0.27966120839118958 -0.23031100630760193 0.00080384942702949047
   vertex -0.2867169976234436 -0.22288070619106293 0.0017573620425537229
   vertex -0.28568381071090698 -0.22219039499759674 0.00080384942702949047
  endloop
 endfacet
 facet normal -0.48935418949868353 -0.36292807866348314 -0.79297899526892834
  outer loop
   vertex -0.28062170743942261 -0.23109929263591766 0.0017573620425537229
   vertex -0.2867169976234436 -0.22288070619106293 0.0017573620425537229
   vertex -0.27966120839118958 -0.23031100630760193 0.00080384942702949047
  endloop
 endfacet
 facet normal -0.45142149441041307 -0.4091482369994956 -0.79297941621739099
  outer loop
   vertex -0.27287161350250244 -0.23780210316181183 0.00080384942702949047
   vertex -0.28062170743942261 -0.23109929263591766 0.0017573620425537229
   vertex -0.27966120839118958 -0.23031100630760193 0.00080384942702949047
  endloop
 endfacet
 facet normal -0.45141972096715993 -0.40914586904277267 -0.79298164756012213
  outer loop
   vertex -0.2737501859664917 -0.23868079483509064 0.0017573620425537229
   vertex -0.28062170743942261 -0.23109929263591766 0.0017573620425537229
   vertex -0.27287161350250244 -0.23780210316181183 0.00080384942702949047
  endloop
 endfacet
 facet normal -0.40914151996580417 -0.45142036898777738 -0.79298352259237426
  outer loop
   vertex -0.26538041234016418 -0.24459169805049896 0.00080384942702949047
   vertex -0.2737501859664917 -0.23868079483509064 0.0017573620425537229
   vertex -0.27287161350250244 -0.23780210316181183 0.00080384942702949047
  endloop
 endfacet
 facet normal -0.40913011875515282 -0.45140154777783204 -0.79300011890993582
  outer loop
   vertex -0.26616871356964111 -0.24555230140686035 0.0017573620425537229
   vertex -0.2737501859664917 -0.23868079483509064 0.0017573620425537229
   vertex -0.26538041234016418 -0.24459169805049896 0.00080384942702949047
  endloop
 endfacet
 facet normal -0.36291363729233933 -0.48932916336322202 -0.79300104776065283
  outer loop
   vertex -0.2572597861289978 -0.25061440467834473 0.00080384942702949047
   vertex -0.26616871356964111 -0.24555230140686035 0.0017573620425537229
   vertex -0.26538041234016418 -0.24459169805049896 0.00080384942702949047
  endloop
 endfacet
 facet normal -0.36291634492398289 -0.48933481941971069 -0.79299631845961049
  outer loop
   vertex -0.25795018672943115 -0.25164759159088135 0.0017573620425537229
   vertex -0.26616871356964111 -0.24555230140686035 0.0017573620425537229
   vertex -0.2572597861289978 -0.25061440467834473 0.00080384942702949047
  endloop
 endfacet
 facet normal -0.31320700081484898 -0.52255102161681544 -0.79299546306885638
  outer loop
   vertex -0.24858799576759338 -0.25581210851669312 0.00080384942702949047
   vertex -0.25795018672943115 -0.25164759159088135 0.0017573620425537229
   vertex -0.2572597861289978 -0.25061440467834473 0.00080384942702949047
  endloop
 endfacet
 facet normal -0.31321143049509353 -0.52256322115744203 -0.79298567433515188
  outer loop
   vertex -0.24917370080947876 -0.25690799951553345 0.0017573620425537229
   vertex -0.25795018672943115 -0.25164759159088135 0.0017573620425537229
   vertex -0.24858799576759338 -0.25581210851669312 0.00080384942702949047
  endloop
 endfacet
 facet normal -0.2604816543627082 -0.55074598138528863 -0.79298686731144663
  outer loop
   vertex -0.23944839835166931 -0.26013478636741638 0.00080384942702949047
   vertex -0.24917370080947876 -0.25690799951553345 0.0017573620425537229
   vertex -0.24858799576759338 -0.25581210851669312 0.00080384942702949047
  endloop
 endfacet
 facet normal -0.26047822836193019 -0.55073257094533656 -0.79299730633172394
  outer loop
   vertex -0.23992399871349335 -0.26128280162811279 0.0017573620425537229
   vertex -0.24917370080947876 -0.25690799951553345 0.0017573620425537229
   vertex -0.23944839835166931 -0.26013478636741638 0.00080384942702949047
  endloop
 endfacet
 facet normal -0.20524206984121504 -0.57361447400918086 -0.79299566705907332
  outer loop
   vertex -0.22992919385433197 -0.26354080438613892 0.00080384942702949047
   vertex -0.23992399871349335 -0.26128280162811279 0.0017573620425537229
   vertex -0.23944839835166931 -0.26013478636741638 0.00080384942702949047
  endloop
 endfacet
 facet normal -0.20524384595705014 -0.57362607296135182 -0.79298681711343511
  outer loop
   vertex -0.23028990626335144 -0.26472988724708557 0.0017573620425537229
   vertex -0.23992399871349335 -0.26128280162811279 0.0017573620425537229
   vertex -0.22992919385433197 -0.26354080438613892 0.00080384942702949047
  endloop
 endfacet
 facet normal -0.14803471141719207 -0.59098050054121654 -0.79298661539504045
  outer loop
   vertex -0.22012199461460114 -0.26599740982055664 0.00080384942702949047
   vertex -0.23028990626335144 -0.26472988724708557 0.0017573620425537229
   vertex -0.22992919385433197 -0.26354080438613892 0.00080384942702949047
  endloop
 endfacet
 facet normal -0.14803535258228101 -0.59099241196180297 -0.79297761846688342
  outer loop
   vertex -0.22036440670490265 -0.26721608638763428 0.0017573620425537229
   vertex -0.23028990626335144 -0.26472988724708557 0.0017573620425537229
   vertex -0.22012199461460114 -0.26599740982055664 0.00080384942702949047
  endloop
 endfacet
 facet normal -0.089389971405227808 -0.60265765448675412 -0.79297741739642047
  outer loop
   vertex -0.21012119948863983 -0.26748079061508179 0.00080384942702949047
   vertex -0.22036440670490265 -0.26721608638763428 0.0017573620425537229
   vertex -0.22012199461460114 -0.26599740982055664 0.00080384942702949047
  endloop
 endfacet
 facet normal -0.08939190341368386 -0.60261417363481773 -0.79301024289633515
  outer loop
   vertex -0.21024300158023834 -0.26871749758720398 0.0017573620425537229
   vertex -0.22036440670490265 -0.26721608638763428 0.0017573620425537229
   vertex -0.21012119948863983 -0.26748079061508179 0.00080384942702949047
  endloop
 endfacet
 facet normal -0.7927564349222479 -0.038948569840955641 -0.60829289310061163
  outer loop
   vertex -0.30378690361976624 -0.17517359554767609 0.0017573620425537229
   vertex -0.30524250864982605 -0.16495369374752045 0.0030000030528753996
   vertex -0.30428901314735413 -0.16495369374752045 0.0017573620425537229
  endloop
 endfacet
 facet normal -0.79275665863167899 -0.038948637681236929 -0.60829259720788276
  outer loop
   vertex -0.30473580956459045 -0.17526699602603912 0.0030000030528753996
   vertex -0.30524250864982605 -0.16495369374752045 0.0030000030528753996
   vertex -0.30378690361976624 -0.17517359554767609 0.0017573620425537229
  endloop
 endfacet
 facet normal -0.78512468081997389 -0.11645630030300569 -0.60829036297402406
  outer loop
   vertex -0.30228561162948608 -0.18529500067234039 0.0017573620425537229
   vertex -0.30473580956459045 -0.17526699602603912 0.0030000030528753996
   vertex -0.30378690361976624 -0.17517359554767609 0.0017573620425537229
  endloop
 endfacet
 facet normal -0.78515177735357289 -0.11646752121636382 -0.60825323921886454
  outer loop
   vertex -0.30322068929672241 -0.185480996966362 0.0030000030528753996
   vertex -0.30473580956459045 -0.17526699602603912 0.0030000030528753996
   vertex -0.30228561162948608 -0.18529500067234039 0.0017573620425537229
  endloop
 endfacet
 facet normal -0.76995376384039782 -0.19287192148770771 -0.60825292720187063
  outer loop
   vertex -0.29979929327964783 -0.19522050023078918 0.0017573620425537229
   vertex -0.30322068929672241 -0.185480996966362 0.0030000030528753996
   vertex -0.30228561162948608 -0.18529500067234039 0.0017573620425537229
  endloop
 endfacet
 facet normal -0.76990319173083444 -0.19284489578780947 -0.60832550623104953
  outer loop
   vertex -0.30071181058883667 -0.1954973042011261 0.0030000030528753996
   vertex -0.30322068929672241 -0.185480996966362 0.0030000030528753996
   vertex -0.29979929327964783 -0.19522050023078918 0.0017573620425537229
  endloop
 endfacet
 facet normal -0.74729230419659887 -0.26738423720865367 -0.60832547355908451
  outer loop
   vertex -0.29635220766067505 -0.20485450327396393 0.0017573620425537229
   vertex -0.30071181058883667 -0.1954973042011261 0.0030000030528753996
   vertex -0.29979929327964783 -0.19522050023078918 0.0017573620425537229
  endloop
 endfacet
 facet normal -0.74729474925080963 -0.26738587060798713 -0.60832175198769456
  outer loop
   vertex -0.29723319411277771 -0.20521940290927887 0.0030000030528753996
   vertex -0.30071181058883667 -0.1954973042011261 0.0030000030528753996
   vertex -0.29635220766067505 -0.20485450327396393 0.0017573620425537229
  endloop
 endfacet
 facet normal -0.71748883076872139 -0.33934512487088436 -0.60832118485919651
  outer loop
   vertex -0.2919774055480957 -0.2141042947769165 0.0017573620425537229
   vertex -0.29723319411277771 -0.20521940290927887 0.0030000030528753996
   vertex -0.29635220766067505 -0.20485450327396393 0.0017573620425537229
  endloop
 endfacet
 facet normal -0.71750372783944494 -0.33935734829581871 -0.60829679490700095
  outer loop
   vertex -0.29281830787658691 -0.21455380320549011 0.0030000030528753996
   vertex -0.29723319411277771 -0.20521940290927887 0.0030000030528753996
   vertex -0.2919774055480957 -0.2141042947769165 0.0017573620425537229
  endloop
 endfacet
 facet normal -0.68078570696401208 -0.4080495271827082 -0.60829795705680179
  outer loop
   vertex -0.2867169976234436 -0.22288070619106293 0.0017573620425537229
   vertex -0.29281830787658691 -0.21455380320549011 0.0030000030528753996
   vertex -0.2919774055480957 -0.2141042947769165 0.0017573620425537229
  endloop
 endfacet
 facet normal -0.68078152818735971 -0.40804534914469864 -0.6083054363724395
  outer loop
   vertex -0.28750979900360107 -0.22341050207614899 0.0030000030528753996
   vertex -0.29281830787658691 -0.21455380320549011 0.0030000030528753996
   vertex -0.2867169976234436 -0.22288070619106293 0.0017573620425537229
  endloop
 endfacet
 facet normal -0.63750803294756997 -0.47280593585440328 -0.60830753320024078
  outer loop
   vertex -0.28062170743942261 -0.23109929263591766 0.0017573620425537229
   vertex -0.28750979900360107 -0.22341050207614899 0.0030000030528753996
   vertex -0.2867169976234436 -0.22288070619106293 0.0017573620425537229
  endloop
 endfacet
 facet normal -0.6375064885603835 -0.47280405437283429 -0.60831061408791776
  outer loop
   vertex -0.28135880827903748 -0.23170420527458191 0.0030000030528753996
   vertex -0.28750979900360107 -0.22341050207614899 0.0030000030528753996
   vertex -0.28062170743942261 -0.23109929263591766 0.0017573620425537229
  endloop
 endfacet
 facet normal -0.58809052767299408 -0.53301794060985264 -0.6083102878049419
  outer loop
   vertex -0.2737501859664917 -0.23868079483509064 0.0017573620425537229
   vertex -0.28135880827903748 -0.23170420527458191 0.0030000030528753996
   vertex -0.28062170743942261 -0.23109929263591766 0.0017573620425537229
  endloop
 endfacet
 facet normal -0.58808947144860391 -0.53301636016269527 -0.60831269374410846
  outer loop
   vertex -0.27442449331283569 -0.23935499787330627 0.0030000030528753996
   vertex -0.28135880827903748 -0.23170420527458191 0.0030000030528753996
   vertex -0.2737501859664917 -0.23868079483509064 0.0017573620425537229
  endloop
 endfacet
 facet normal -0.53301870276472774 -0.5880903321285974 -0.60830980902816512
  outer loop
   vertex -0.26616871356964111 -0.24555230140686035 0.0017573620425537229
   vertex -0.27442449331283569 -0.23935499787330627 0.0030000030528753996
   vertex -0.2737501859664917 -0.23868079483509064 0.0017573620425537229
  endloop
 endfacet
 facet normal -0.53302002446444274 -0.58809280428286148 -0.60830626091685502
  outer loop
   vertex -0.26677361130714417 -0.24628940224647522 0.0030000030528753996
   vertex -0.27442449331283569 -0.23935499787330627 0.0030000030528753996
   vertex -0.26616871356964111 -0.24555230140686035 0.0017573620425537229
  endloop
 endfacet
 facet normal -0.4728083359035497 -0.63750664555480085 -0.60830712175148938
  outer loop
   vertex -0.25795018672943115 -0.25164759159088135 0.0017573620425537229
   vertex -0.26677361130714417 -0.24628940224647522 0.0030000030528753996
   vertex -0.26616871356964111 -0.24555230140686035 0.0017573620425537229
  endloop
 endfacet
 facet normal -0.47281468310259489 -0.63752196525707872 -0.60828613271826693
  outer loop
   vertex -0.25847989320755005 -0.25244039297103882 0.0030000030528753996
   vertex -0.26677361130714417 -0.24628940224647522 0.0030000030528753996
   vertex -0.25795018672943115 -0.25164759159088135 0.0017573620425537229
  endloop
 endfacet
 facet normal -0.40805133336544869 -0.68079449981752294 -0.60828690464030877
  outer loop
   vertex -0.24917370080947876 -0.25690799951553345 0.0017573620425537229
   vertex -0.25847989320755005 -0.25244039297103882 0.0030000030528753996
   vertex -0.25795018672943115 -0.25164759159088135 0.0017573620425537229
  endloop
 endfacet
 facet normal -0.40804949722903866 -0.68078844883772849 -0.60829490852730994
  outer loop
   vertex -0.24962319433689117 -0.25774890184402466 0.0030000030528753996
   vertex -0.25847989320755005 -0.25244039297103882 0.0030000030528753996
   vertex -0.24917370080947876 -0.25690799951553345 0.0017573620425537229
  endloop
 endfacet
 facet normal -0.33935665103478152 -0.71750626556050368 -0.60829419056890321
  outer loop
   vertex -0.23992399871349335 -0.26128280162811279 0.0017573620425537229
   vertex -0.24962319433689117 -0.25774890184402466 0.0030000030528753996
   vertex -0.24917370080947876 -0.25690799951553345 0.0017573620425537229
  endloop
 endfacet
 facet normal -0.33935751018374932 -0.71751058278960933 -0.60828861888646368
  outer loop
   vertex -0.24028889834880829 -0.26216369867324829 0.0030000030528753996
   vertex -0.24962319433689117 -0.25774890184402466 0.0030000030528753996
   vertex -0.23992399871349335 -0.26128280162811279 0.0017573620425537229
  endloop
 endfacet
 facet normal -0.26739176259880276 -0.74732027168240933 -0.60828780756056211
  outer loop
   vertex -0.23028990626335144 -0.26472988724708557 0.0017573620425537229
   vertex -0.24028889834880829 -0.26216369867324829 0.0030000030528753996
   vertex -0.23992399871349335 -0.26128280162811279 0.0017573620425537229
  endloop
 endfacet
 facet normal -0.26738900778207852 -0.74729232806480994 -0.60832334735138327
  outer loop
   vertex -0.23056669533252716 -0.26564240455627441 0.0030000030528753996
   vertex -0.24028889834880829 -0.26216369867324829 0.0030000030528753996
   vertex -0.23028990626335144 -0.26472988724708557 0.0017573620425537229
  endloop
 endfacet
 facet normal -0.19284995409995118 -0.76990298284934833 -0.60832416703869552
  outer loop
   vertex -0.22036440670490265 -0.26721608638763428 0.0017573620425537229
   vertex -0.23056669533252716 -0.26564240455627441 0.0030000030528753996
   vertex -0.23028990626335144 -0.26472988724708557 0.0017573620425537229
  endloop
 endfacet
 facet normal -0.1928499550091072 -0.7699130988770666 -0.60831136355529103
  outer loop
   vertex -0.22055040299892426 -0.26815131306648254 0.0030000030528753996
   vertex -0.23056669533252716 -0.26564240455627441 0.0030000030528753996
   vertex -0.22036440670490265 -0.26721608638763428 0.0017573620425537229
  endloop
 endfacet
 facet normal -0.11646284759121006 -0.78510648034362696 -0.60831260027504674
  outer loop
   vertex -0.21024300158023834 -0.26871749758720398 0.0017573620425537229
   vertex -0.22055040299892426 -0.26815131306648254 0.0030000030528753996
   vertex -0.22036440670490265 -0.26721608638763428 0.0017573620425537229
  endloop
 endfacet
 facet normal -0.11646159252767145 -0.78511923528605276 -0.60829637829742389
  outer loop
   vertex -0.21033650636672974 -0.2696664035320282 0.0030000030528753996
   vertex -0.22055040299892426 -0.26815131306648254 0.0030000030528753996
   vertex -0.21024300158023834 -0.26871749758720398 0.0017573620425537229
  endloop
 endfacet
 facet normal -0.92293329429228721 -0.045344298394650207 -0.3822800398789914
  outer loop
   vertex -0.30473580956459045 -0.17526699602603912 0.0030000030528753996
   vertex -0.30584189295768738 -0.16495369374752045 0.004447088111191988
   vertex -0.30524250864982605 -0.16495369374752045 0.0030000030528753996
  endloop
 endfacet
 facet normal -0.92291404967056279 -0.045335570477165597 -0.3823275336281598
  outer loop
   vertex -0.30533239245414734 -0.17532579600811005 0.004447088111191988
   vertex -0.30584189295768738 -0.16495369374752045 0.004447088111191988
   vertex -0.30473580956459045 -0.17526699602603912 0.0030000030528753996
  endloop
 endfacet
 facet normal -0.9140245334036412 -0.1355841950651622 -0.38232980316055371
  outer loop
   vertex -0.30322068929672241 -0.185480996966362 0.0030000030528753996
   vertex -0.30533239245414734 -0.17532579600811005 0.004447088111191988
   vertex -0.30473580956459045 -0.17526699602603912 0.0030000030528753996
  endloop
 endfacet
 facet normal -0.91403253988359379 -0.13558882134701997 -0.38230902102837244
  outer loop
   vertex -0.30380859971046448 -0.18559800088405609 0.004447088111191988
   vertex -0.30533239245414734 -0.17532579600811005 0.004447088111191988
   vertex -0.30322068929672241 -0.185480996966362 0.0030000030528753996
  endloop
 endfacet
 facet normal -0.89634266637919269 -0.22451538056292991 -0.38231226545707614
  outer loop
   vertex -0.30071181058883667 -0.1954973042011261 0.0030000030528753996
   vertex -0.30380859971046448 -0.18559800088405609 0.004447088111191988
   vertex -0.30322068929672241 -0.185480996966362 0.0030000030528753996
  endloop
 endfacet
 facet normal -0.8963537939975339 -0.22452336057798489 -0.38228148861930872
  outer loop
   vertex -0.30128538608551025 -0.19567130506038666 0.004447088111191988
   vertex -0.30380859971046448 -0.18559800088405609 0.004447088111191988
   vertex -0.30071181058883667 -0.1954973042011261 0.0030000030528753996
  endloop
 endfacet
 facet normal -0.8700299386892858 -0.31130114703023426 -0.38228196614799631
  outer loop
   vertex -0.29723319411277771 -0.20521940290927887 0.0030000030528753996
   vertex -0.30128538608551025 -0.19567130506038666 0.004447088111191988
   vertex -0.30071181058883667 -0.1954973042011261 0.0030000030528753996
  endloop
 endfacet
 facet normal -0.87003932662966332 -0.31130938648236983 -0.38225388945800493
  outer loop
   vertex -0.2977868914604187 -0.20544880628585815 0.004447088111191988
   vertex -0.30128538608551025 -0.19567130506038666 0.004447088111191988
   vertex -0.29723319411277771 -0.20521940290927887 0.0030000030528753996
  endloop
 endfacet
 facet normal -0.83533547187295298 -0.39508816424668836 -0.3822564478239352
  outer loop
   vertex -0.29281830787658691 -0.21455380320549011 0.0030000030528753996
   vertex -0.2977868914604187 -0.20544880628585815 0.004447088111191988
   vertex -0.29723319411277771 -0.20521940290927887 0.0030000030528753996
  endloop
 endfacet
 facet normal -0.83531946271290025 -0.39507105868099013 -0.38230910766775272
  outer loop
   vertex -0.29334700107574463 -0.21483629941940308 0.004447088111191988
   vertex -0.2977868914604187 -0.20544880628585815 0.004447088111191988
   vertex -0.29281830787658691 -0.21455380320549011 0.0030000030528753996
  endloop
 endfacet
 facet normal -0.79257209519711236 -0.4750501356406453 -0.38230464624781113
  outer loop
   vertex -0.28750979900360107 -0.22341050207614899 0.0030000030528753996
   vertex -0.29334700107574463 -0.21483629941940308 0.004447088111191988
   vertex -0.29281830787658691 -0.21455380320549011 0.0030000030528753996
  endloop
 endfacet
 facet normal -0.79257342818181764 -0.47505187410327637 -0.38229972253597788
  outer loop
   vertex -0.28800821304321289 -0.2237434983253479 0.004447088111191988
   vertex -0.29334700107574463 -0.21483629941940308 0.004447088111191988
   vertex -0.28750979900360107 -0.22341050207614899 0.0030000030528753996
  endloop
 endfacet
 facet normal -0.74219672967734873 -0.55044713933209011 -0.38229826216890789
  outer loop
   vertex -0.28135880827903748 -0.23170420527458191 0.0030000030528753996
   vertex -0.28800821304321289 -0.2237434983253479 0.004447088111191988
   vertex -0.28750979900360107 -0.22341050207614899 0.0030000030528753996
  endloop
 endfacet
 facet normal -0.74219857474478323 -0.55045010884406964 -0.38229040443145362
  outer loop
   vertex -0.28182220458984375 -0.23208439350128174 0.004447088111191988
   vertex -0.28800821304321289 -0.2237434983253479 0.004447088111191988
   vertex -0.28135880827903748 -0.23170420527458191 0.0030000030528753996
  endloop
 endfacet
 facet normal -0.68466973457808178 -0.62055212268880378 -0.38228577998560054
  outer loop
   vertex -0.27442449331283569 -0.23935499787330627 0.0030000030528753996
   vertex -0.28182220458984375 -0.23208439350128174 0.004447088111191988
   vertex -0.28135880827903748 -0.23170420527458191 0.0030000030528753996
  endloop
 endfacet
 facet normal -0.68466591229055707 -0.62054436472123398 -0.38230521832700537
  outer loop
   vertex -0.27484831213951111 -0.23977890610694885 0.004447088111191988
   vertex -0.28182220458984375 -0.23208439350128174 0.004447088111191988
   vertex -0.27442449331283569 -0.23935499787330627 0.0030000030528753996
  endloop
 endfacet
 facet normal -0.62054617545138879 -0.68466234617524491 -0.38230866569103972
  outer loop
   vertex -0.26677361130714417 -0.24628940224647522 0.0030000030528753996
   vertex -0.27484831213951111 -0.23977890610694885 0.004447088111191988
   vertex -0.27442449331283569 -0.23935499787330627 0.0030000030528753996
  endloop
 endfacet
 facet normal -0.62055121798584589 -0.68467575875377573 -0.38227645916433922
  outer loop
   vertex -0.26715388894081116 -0.24675269424915314 0.004447088111191988
   vertex -0.27484831213951111 -0.23977890610694885 0.004447088111191988
   vertex -0.26677361130714417 -0.24628940224647522 0.0030000030528753996
  endloop
 endfacet
 facet normal -0.55045254794526421 -0.74220535589983916 -0.3822737267118414
  outer loop
   vertex -0.25847989320755005 -0.25244039297103882 0.0030000030528753996
   vertex -0.26715388894081116 -0.24675269424915314 0.004447088111191988
   vertex -0.26677361130714417 -0.24628940224647522 0.0030000030528753996
  endloop
 endfacet
 facet normal -0.55044917802437965 -0.74219276055686501 -0.38230303240919389
  outer loop
   vertex -0.25881290435791016 -0.25293880701065063 0.004447088111191988
   vertex -0.26715388894081116 -0.24675269424915314 0.004447088111191988
   vertex -0.25847989320755005 -0.25244039297103882 0.0030000030528753996
  endloop
 endfacet
 facet normal -0.47505029747835825 -0.79257236520662411 -0.3823038853798128
  outer loop
   vertex -0.24962319433689117 -0.25774890184402466 0.0030000030528753996
   vertex -0.25881290435791016 -0.25293880701065063 0.004447088111191988
   vertex -0.25847989320755005 -0.25244039297103882 0.0030000030528753996
  endloop
 endfacet
 facet normal -0.47505114933786252 -0.79257753650030416 -0.38229210578808032
  outer loop
   vertex -0.2499057948589325 -0.25827750563621521 0.004447088111191988
   vertex -0.25881290435791016 -0.25293880701065063 0.004447088111191988
   vertex -0.24962319433689117 -0.25774890184402466 0.0030000030528753996
  endloop
 endfacet
 facet normal -0.39507939642318357 -0.83532451609005276 -0.38228944968546047
  outer loop
   vertex -0.24028889834880829 -0.26216369867324829 0.0030000030528753996
   vertex -0.2499057948589325 -0.25827750563621521 0.004447088111191988
   vertex -0.24962319433689117 -0.25774890184402466 0.0030000030528753996
  endloop
 endfacet
 facet normal -0.39507977705672648 -0.83533035698426028 -0.38227629335515384
  outer loop
   vertex -0.24051819741725922 -0.26271748542785645 0.004447088111191988
   vertex -0.2499057948589325 -0.25827750563621521 0.004447088111191988
   vertex -0.24028889834880829 -0.26216369867324829 0.0030000030528753996
  endloop
 endfacet
 facet normal -0.31130546601041742 -0.87002898273149432 -0.38228062472382546
  outer loop
   vertex -0.23056669533252716 -0.26564240455627441 0.0030000030528753996
   vertex -0.24051819741725922 -0.26271748542785645 0.004447088111191988
   vertex -0.24028889834880829 -0.26216369867324829 0.0030000030528753996
  endloop
 endfacet
 facet normal -0.31130570912775207 -0.87002163787742859 -0.38229714240305779
  outer loop
   vertex -0.23074069619178772 -0.26621600985527039 0.004447088111191988
   vertex -0.24051819741725922 -0.26271748542785645 0.004447088111191988
   vertex -0.23056669533252716 -0.26564240455627441 0.0030000030528753996
  endloop
 endfacet
 facet normal -0.2245197174561617 -0.89634799975718771 -0.38229721396407507
  outer loop
   vertex -0.22055040299892426 -0.26815131306648254 0.0030000030528753996
   vertex -0.23074069619178772 -0.26621600985527039 0.004447088111191988
   vertex -0.23056669533252716 -0.26564240455627441 0.0030000030528753996
  endloop
 endfacet
 facet normal -0.22451967327249694 -0.89634833441557704 -0.38229645525956929
  outer loop
   vertex -0.22066740691661835 -0.26873919367790222 0.004447088111191988
   vertex -0.23074069619178772 -0.26621600985527039 0.004447088111191988
   vertex -0.22055040299892426 -0.26815131306648254 0.0030000030528753996
  endloop
 endfacet
 facet normal -0.13558518270889511 -0.9140398362596206 -0.38229286673999252
  outer loop
   vertex -0.21033650636672974 -0.2696664035320282 0.0030000030528753996
   vertex -0.22066740691661835 -0.26873919367790222 0.004447088111191988
   vertex -0.22055040299892426 -0.26815131306648254 0.0030000030528753996
  endloop
 endfacet
 facet normal -0.13558320446109406 -0.9140483061247674 -0.38227331680161114
  outer loop
   vertex -0.2103952020406723 -0.27026289701461792 0.004447088111191988
   vertex -0.22066740691661835 -0.26873919367790222 0.004447088111191988
   vertex -0.21033650636672974 -0.2696664035320282 0.0030000030528753996
  endloop
 endfacet
 facet normal -0.99027369430247869 -0.048644424554765898 -0.13035233151830045
  outer loop
   vertex -0.30533239245414734 -0.17532579600811005 0.004447088111191988
   vertex -0.30604630708694458 -0.16495369374752045 0.0060000019147992134
   vertex -0.30584189295768738 -0.16495369374752045 0.004447088111191988
  endloop
 endfacet
 facet normal -0.99027609594822452 -0.048647493192141934 -0.13033293981056093
  outer loop
   vertex -0.30553579330444336 -0.17534579336643219 0.0060000019147992134
   vertex -0.30604630708694458 -0.16495369374752045 0.0060000019147992134
   vertex -0.30533239245414734 -0.17532579600811005 0.004447088111191988
  endloop
 endfacet
 facet normal -0.98073864111898823 -0.1454840944893897 -0.13033071804713858
  outer loop
   vertex -0.30380859971046448 -0.18559800088405609 0.004447088111191988
   vertex -0.30553579330444336 -0.17534579336643219 0.0060000019147992134
   vertex -0.30533239245414734 -0.17532579600811005 0.004447088111191988
  endloop
 endfacet
 facet normal -0.98073550876571769 -0.14547916317146434 -0.13035979030736231
  outer loop
   vertex -0.30400910973548889 -0.18563780188560486 0.0060000019147992134
   vertex -0.30553579330444336 -0.17534579336643219 0.0060000019147992134
   vertex -0.30380859971046448 -0.18559800088405609 0.004447088111191988
  endloop
 endfacet
 facet normal -0.96175477510772656 -0.24090533850041915 -0.13035478679160575
  outer loop
   vertex -0.30128538608551025 -0.19567130506038666 0.004447088111191988
   vertex -0.30400910973548889 -0.18563780188560486 0.0060000019147992134
   vertex -0.30380859971046448 -0.18559800088405609 0.004447088111191988
  endloop
 endfacet
 facet normal -0.96175507513289604 -0.24090593244054012 -0.13035147552318382
  outer loop
   vertex -0.30148100852966309 -0.19573059678077698 0.0060000019147992134
   vertex -0.30400910973548889 -0.18563780188560486 0.0060000019147992134
   vertex -0.30128538608551025 -0.19567130506038666 0.004447088111191988
  endloop
 endfacet
 facet normal -0.93350955662747725 -0.33401971434427902 -0.13034852555567
  outer loop
   vertex -0.2977868914604187 -0.20544880628585815 0.004447088111191988
   vertex -0.30148100852966309 -0.19573059678077698 0.0060000019147992134
   vertex -0.30128538608551025 -0.19567130506038666 0.004447088111191988
  endloop
 endfacet
 facet normal -0.93350559088671825 -0.33400947952682974 -0.13040314171620099
  outer loop
   vertex -0.2979758083820343 -0.20552709698677063 0.0060000019147992134
   vertex -0.30148100852966309 -0.19573059678077698 0.0060000019147992134
   vertex -0.2977868914604187 -0.20544880628585815 0.004447088111191988
  endloop
 endfacet
 facet normal -0.89627223990948313 -0.42389916492239477 -0.13040540612157886
  outer loop
   vertex -0.29334700107574463 -0.21483629941940308 0.004447088111191988
   vertex -0.2979758083820343 -0.20552709698677063 0.0060000019147992134
   vertex -0.2977868914604187 -0.20544880628585815 0.004447088111191988
  endloop
 endfacet
 facet normal -0.89627376787397439 -0.42390465292006019 -0.13037706183877712
  outer loop
   vertex -0.29352730512619019 -0.21493269503116608 0.0060000019147992134
   vertex -0.2979758083820343 -0.20552709698677063 0.0060000019147992134
   vertex -0.29334700107574463 -0.21483629941940308 0.004447088111191988
  endloop
 endfacet
 facet normal -0.85040654685899197 -0.50971583132911247 -0.13037820504914563
  outer loop
   vertex -0.28800821304321289 -0.2237434983253479 0.004447088111191988
   vertex -0.29352730512619019 -0.21493269503116608 0.0060000019147992134
   vertex -0.29334700107574463 -0.21483629941940308 0.004447088111191988
  endloop
 endfacet
 facet normal -0.8504064683232343 -0.50971538276715422 -0.13038047094767294
  outer loop
   vertex -0.2881782054901123 -0.22385710477828979 0.0060000019147992134
   vertex -0.29352730512619019 -0.21493269503116608 0.0060000019147992134
   vertex -0.28800821304321289 -0.2237434983253479 0.004447088111191988
  endloop
 endfacet
 facet normal -0.79635222534375061 -0.59061305698332689 -0.13038155586917116
  outer loop
   vertex -0.28182220458984375 -0.23208439350128174 0.004447088111191988
   vertex -0.2881782054901123 -0.22385710477828979 0.0060000019147992134
   vertex -0.28800821304321289 -0.2237434983253479 0.004447088111191988
  endloop
 endfacet
 facet normal -0.79635279324532304 -0.59062060654611781 -0.13034388291541688
  outer loop
   vertex -0.28198018670082092 -0.23221409320831299 0.0060000019147992134
   vertex -0.2881782054901123 -0.22385710477828979 0.0060000019147992134
   vertex -0.28182220458984375 -0.23208439350128174 0.004447088111191988
  endloop
 endfacet
 facet normal -0.73463008589224577 -0.66582920483070263 -0.13034610426271137
  outer loop
   vertex -0.27484831213951111 -0.23977890610694885 0.004447088111191988
   vertex -0.28198018670082092 -0.23221409320831299 0.0060000019147992134
   vertex -0.28182220458984375 -0.23208439350128174 0.004447088111191988
  endloop
 endfacet
 facet normal -0.73463035333639259 -0.66581759615412794 -0.13040388264306157
  outer loop
   vertex -0.27499291300773621 -0.23992350697517395 0.0060000019147992134
   vertex -0.28198018670082092 -0.23221409320831299 0.0060000019147992134
   vertex -0.27484831213951111 -0.23977890610694885 0.004447088111191988
  endloop
 endfacet
 facet normal -0.66582287855327948 -0.73462555765942872 -0.13040392796460534
  outer loop
   vertex -0.26715388894081116 -0.24675269424915314 0.004447088111191988
   vertex -0.27499291300773621 -0.23992350697517395 0.0060000019147992134
   vertex -0.27484831213951111 -0.23977890610694885 0.004447088111191988
  endloop
 endfacet
 facet normal -0.66582282085839939 -0.73462603168330087 -0.13040155212807103
  outer loop
   vertex -0.26728358864784241 -0.24691079556941986 0.0060000019147992134
   vertex -0.27499291300773621 -0.23992350697517395 0.0060000019147992134
   vertex -0.26715388894081116 -0.24675269424915314 0.004447088111191988
  endloop
 endfacet
 facet normal -0.59061364250649739 -0.79634812305056801 -0.13040395775836222
  outer loop
   vertex -0.25881290435791016 -0.25293880701065063 0.004447088111191988
   vertex -0.26728358864784241 -0.24691079556941986 0.0060000019147992134
   vertex -0.26715388894081116 -0.24675269424915314 0.004447088111191988
  endloop
 endfacet
 facet normal -0.59061266305268856 -0.79635251699277421 -0.13038155897627771
  outer loop
   vertex -0.25892651081085205 -0.25310879945755005 0.0060000019147992134
   vertex -0.26728358864784241 -0.24691079556941986 0.0060000019147992134
   vertex -0.25881290435791016 -0.25293880701065063 0.004447088111191988
  endloop
 endfacet
 facet normal -0.50971316334627992 -0.85040780111753977 -0.13038045447826693
  outer loop
   vertex -0.2499057948589325 -0.25827750563621521 0.004447088111191988
   vertex -0.25892651081085205 -0.25310879945755005 0.0060000019147992134
   vertex -0.25881290435791016 -0.25293880701065063 0.004447088111191988
  endloop
 endfacet
 facet normal -0.50971332490282528 -0.85040730956219268 -0.13038302903253782
  outer loop
   vertex -0.25000220537185669 -0.25845780968666077 0.0060000019147992134
   vertex -0.25892651081085205 -0.25310879945755005 0.0060000019147992134
   vertex -0.2499057948589325 -0.25827750563621521 0.004447088111191988
  endloop
 endfacet
 facet normal -0.42390366078887287 -0.89627365625161193 -0.13038105490890686
  outer loop
   vertex -0.24051819741725922 -0.26271748542785645 0.004447088111191988
   vertex -0.25000220537185669 -0.25845780968666077 0.0060000019147992134
   vertex -0.2499057948589325 -0.25827750563621521 0.004447088111191988
  endloop
 endfacet
 facet normal -0.42390595755416732 -0.89626845261584953 -0.13040935547603644
  outer loop
   vertex -0.24059650301933289 -0.26290640234947205 0.0060000019147992134
   vertex -0.25000220537185669 -0.25845780968666077 0.0060000019147992134
   vertex -0.24051819741725922 -0.26271748542785645 0.004447088111191988
  endloop
 endfacet
 facet normal -0.33401967450519249 -0.93350149314812703 -0.13040636232048802
  outer loop
   vertex -0.23074069619178772 -0.26621600985527039 0.004447088111191988
   vertex -0.24059650301933289 -0.26290640234947205 0.0060000019147992134
   vertex -0.24051819741725922 -0.26271748542785645 0.004447088111191988
  endloop
 endfacet
 facet normal -0.33401471405160316 -0.93351028093940069 -0.13035615128357769
  outer loop
   vertex -0.23080010712146759 -0.26641160249710083 0.0060000019147992134
   vertex -0.24059650301933289 -0.26290640234947205 0.0060000019147992134
   vertex -0.23074069619178772 -0.26621600985527039 0.004447088111191988
  endloop
 endfacet
 facet normal -0.24090310166310175 -0.96175578194963873 -0.13035149211089286
  outer loop
   vertex -0.22066740691661835 -0.26873919367790222 0.004447088111191988
   vertex -0.23080010712146759 -0.26641160249710083 0.0060000019147992134
   vertex -0.23074069619178772 -0.26621600985527039 0.004447088111191988
  endloop
 endfacet
 facet normal -0.24090505643592994 -0.96175299785459423 -0.13036841987729397
  outer loop
   vertex -0.22070729732513428 -0.26893970370292664 0.0060000019147992134
   vertex -0.23080010712146759 -0.26641160249710083 0.0060000019147992134
   vertex -0.22066740691661835 -0.26873919367790222 0.004447088111191988
  endloop
 endfacet
 facet normal -0.14547502299126991 -0.98073503187327493 -0.13036799815221503
  outer loop
   vertex -0.2103952020406723 -0.27026289701461792 0.004447088111191988
   vertex -0.22070729732513428 -0.26893970370292664 0.0060000019147992134
   vertex -0.22066740691661835 -0.26873919367790222 0.004447088111191988
  endloop
 endfacet
 facet normal -0.1454786733814718 -0.98073078694641957 -0.13039585548100599
  outer loop
   vertex -0.2104153037071228 -0.2704663872718811 0.0060000019147992134
   vertex -0.22070729732513428 -0.26893970370292664 0.0060000019147992134
   vertex -0.2103952020406723 -0.27026289701461792 0.004447088111191988
  endloop
 endfacet
 facet normal -0.99027355720690446 -0.048647368476013184 0.13035227438423408
  outer loop
   vertex -0.30553579330444336 -0.17534579336643219 0.0060000019147992134
   vertex -0.30584189295768738 -0.16495369374752045 0.0075529161840677261
   vertex -0.30604630708694458 -0.16495369374752045 0.0060000019147992134
  endloop
 endfacet
 facet normal -0.99027624803872072 -0.04864454999991371 0.13033288274898347
  outer loop
   vertex -0.30533239245414734 -0.17532579600811005 0.0075529161840677261
   vertex -0.30584189295768738 -0.16495369374752045 0.0075529161840677261
   vertex -0.30553579330444336 -0.17534579336643219 0.0060000019147992134
  endloop
 endfacet
 facet normal -0.98073929077081523 -0.14547972418198327 0.13033070777945063
  outer loop
   vertex -0.30400910973548889 -0.18563780188560486 0.0060000019147992134
   vertex -0.30533239245414734 -0.17532579600811005 0.0075529161840677261
   vertex -0.30553579330444336 -0.17534579336643219 0.0060000019147992134
  endloop
 endfacet
 facet normal -0.98073486183025138 -0.14548353386459464 0.13035977970626822
  outer loop
   vertex -0.30380859971046448 -0.18559800088405609 0.0075529161840677261
   vertex -0.30533239245414734 -0.17532579600811005 0.0075529161840677261
   vertex -0.30400910973548889 -0.18563780188560486 0.0060000019147992134
  endloop
 endfacet
 facet normal -0.96175465814217587 -0.24090582799031068 0.13035474514619322
  outer loop
   vertex -0.30148100852966309 -0.19573059678077698 0.0060000019147992134
   vertex -0.30380859971046448 -0.18559800088405609 0.0075529161840677261
   vertex -0.30400910973548889 -0.18563780188560486 0.0060000019147992134
  endloop
 endfacet
 facet normal -0.96175520271563031 -0.24090544560987101 0.13035143391971685
  outer loop
   vertex -0.30128538608551025 -0.19567130506038666 0.0075529161840677261
   vertex -0.30380859971046448 -0.18559800088405609 0.0075529161840677261
   vertex -0.30148100852966309 -0.19573059678077698 0.0060000019147992134
  endloop
 endfacet
 facet normal -0.93351235119941489 -0.33401189837525153 0.13034854008350383
  outer loop
   vertex -0.2979758083820343 -0.20552709698677063 0.0060000019147992134
   vertex -0.30128538608551025 -0.19567130506038666 0.0075529161840677261
   vertex -0.30148100852966309 -0.19573059678077698 0.0060000019147992134
  endloop
 endfacet
 facet normal -0.933502792744623 -0.33401729415457365 0.13040315618744266
  outer loop
   vertex -0.2977868914604187 -0.20544880628585815 0.0075529161840677261
   vertex -0.30128538608551025 -0.19567130506038666 0.0075529161840677261
   vertex -0.2979758083820343 -0.20552709698677063 0.0060000019147992134
  endloop
 endfacet
 facet normal -0.89627040590974616 -0.4239030628341619 0.13040534042053437
  outer loop
   vertex -0.29352730512619019 -0.21493269503116608 0.0060000019147992134
   vertex -0.2977868914604187 -0.20544880628585815 0.0075529161840677261
   vertex -0.2979758083820343 -0.20552709698677063 0.0060000019147992134
  endloop
 endfacet
 facet normal -0.89627561751914731 -0.42390076239005287 0.13037699599930608
  outer loop
   vertex -0.29334700107574463 -0.21483629941940308 0.0075529161840677261
   vertex -0.2977868914604187 -0.20544880628585815 0.0075529161840677261
   vertex -0.29352730512619019 -0.21493269503116608 0.0060000019147992134
  endloop
 endfacet
 facet normal -0.85040672798873795 -0.50971553840508332 0.13037816880101008
  outer loop
   vertex -0.2881782054901123 -0.22385710477828979 0.0060000019147992134
   vertex -0.29334700107574463 -0.21483629941940308 0.0075529161840677261
   vertex -0.29352730512619019 -0.21493269503116608 0.0060000019147992134
  endloop
 endfacet
 facet normal -0.85040629536978785 -0.50971568059176309 0.13038043470670252
  outer loop
   vertex -0.28800821304321289 -0.2237434983253479 0.0075529161840677261
   vertex -0.29334700107574463 -0.21483629941940308 0.0075529161840677261
   vertex -0.2881782054901123 -0.22385710477828979 0.0060000019147992134
  endloop
 endfacet
 facet normal -0.79634882252712647 -0.59061766163525731 0.13038148113961467
  outer loop
   vertex -0.28198018670082092 -0.23221409320831299 0.0060000019147992134
   vertex -0.28800821304321289 -0.2237434983253479 0.0075529161840677261
   vertex -0.2881782054901123 -0.22385710477828979 0.0060000019147992134
  endloop
 endfacet
 facet normal -0.79635621188157124 -0.59061601359123739 0.13034380801261389
  outer loop
   vertex -0.28182220458984375 -0.23208439350128174 0.0075529161840677261
   vertex -0.28800821304321289 -0.2237434983253479 0.0075529161840677261
   vertex -0.28198018670082092 -0.23221409320831299 0.0060000019147992134
  endloop
 endfacet
 facet normal -0.73463598124403851 -0.66582269689618578 0.13034612138264307
  outer loop
   vertex -0.27499291300773621 -0.23992350697517395 0.0060000019147992134
   vertex -0.28182220458984375 -0.23208439350128174 0.0075529161840677261
   vertex -0.28198018670082092 -0.23221409320831299 0.0060000019147992134
  endloop
 endfacet
 facet normal -0.73462445467209481 -0.66582410099557898 0.13040389998445853
  outer loop
   vertex -0.27484831213951111 -0.23977890610694885 0.0075529161840677261
   vertex -0.28182220458984375 -0.23208439350128174 0.0075529161840677261
   vertex -0.27499291300773621 -0.23992350697517395 0.0060000019147992134
  endloop
 endfacet
 facet normal -0.66582261460541758 -0.73462580411704037 0.130403887232694
  outer loop
   vertex -0.26728358864784241 -0.24691079556941986 0.0060000019147992134
   vertex -0.27484831213951111 -0.23977890610694885 0.0075529161840677261
   vertex -0.27499291300773621 -0.23992350697517395 0.0060000019147992134
  endloop
 endfacet
 facet normal -0.66582309200251799 -0.73462579316540322 0.13040151138812958
  outer loop
   vertex -0.26715388894081116 -0.24675269424915314 0.0075529161840677261
   vertex -0.27484831213951111 -0.23977890610694885 0.0075529161840677261
   vertex -0.26728358864784241 -0.24691079556941986 0.0060000019147992134
  endloop
 endfacet
 facet normal -0.59061091295244872 -0.7963501572453151 0.13040389778237904
  outer loop
   vertex -0.25892651081085205 -0.25310879945755005 0.0060000019147992134
   vertex -0.26715388894081116 -0.24675269424915314 0.0075529161840677261
   vertex -0.26728358864784241 -0.24691079556941986 0.0060000019147992134
  endloop
 endfacet
 facet normal -0.59061540201518492 -0.79635049546688208 0.1303814989639735
  outer loop
   vertex -0.25881290435791016 -0.25293880701065063 0.0075529161840677261
   vertex -0.26715388894081116 -0.24675269424915314 0.0075529161840677261
   vertex -0.25892651081085205 -0.25310879945755005 0.0060000019147992134
  endloop
 endfacet
 facet normal -0.50971350138958893 -0.85040760401326265 0.13038041853586593
  outer loop
   vertex -0.25000220537185669 -0.25845780968666077 0.0060000019147992134
   vertex -0.25881290435791016 -0.25293880701065063 0.0075529161840677261
   vertex -0.25892651081085205 -0.25310879945755005 0.0060000019147992134
  endloop
 endfacet
 facet normal -0.50971299172039686 -0.85040751477612198 0.13038299307709816
  outer loop
   vertex -0.2499057948589325 -0.25827750563621521 0.0075529161840677261
   vertex -0.25881290435791016 -0.25293880701065063 0.0075529161840677261
   vertex -0.25000220537185669 -0.25845780968666077 0.0060000019147992134
  endloop
 endfacet
 facet normal -0.42390754955794185 -0.89627181860477745 0.13038104387780414
  outer loop
   vertex -0.24059650301933289 -0.26290640234947205 0.0060000019147992134
   vertex -0.2499057948589325 -0.25827750563621521 0.0075529161840677261
   vertex -0.25000220537185669 -0.25845780968666077 0.0060000019147992134
  endloop
 endfacet
 facet normal -0.4239020700528654 -0.89627029290538629 0.13040934422114328
  outer loop
   vertex -0.24051819741725922 -0.26271748542785645 0.0075529161840677261
   vertex -0.2499057948589325 -0.25827750563621521 0.0075529161840677261
   vertex -0.24059650301933289 -0.26290640234947205 0.0060000019147992134
  endloop
 endfacet
 facet normal -0.33401249345276618 -0.93350407477016029 0.13040627517482667
  outer loop
   vertex -0.23080010712146759 -0.26641160249710083 0.0060000019147992134
   vertex -0.24051819741725922 -0.26271748542785645 0.0075529161840677261
   vertex -0.24059650301933289 -0.26290640234947205 0.0060000019147992134
  endloop
 endfacet
 facet normal -0.33402190284558719 -0.93350772080249744 0.13035606476700537
  outer loop
   vertex -0.23074069619178772 -0.26621600985527039 0.0075529161840677261
   vertex -0.24051819741725922 -0.26271748542785645 0.0075529161840677261
   vertex -0.23080010712146759 -0.26641160249710083 0.0060000019147992134
  endloop
 endfacet
 facet normal -0.24090559793425492 -0.96175515965080183 0.13035147014514248
  outer loop
   vertex -0.22070729732513428 -0.26893970370292664 0.0060000019147992134
   vertex -0.23074069619178772 -0.26621600985527039 0.0075529161840677261
   vertex -0.23080010712146759 -0.26641160249710083 0.0060000019147992134
  endloop
 endfacet
 facet normal -0.24090256157825987 -0.96175362577267032 0.1303683977739819
  outer loop
   vertex -0.22066740691661835 -0.26873919367790222 0.0075529161840677261
   vertex -0.23074069619178772 -0.26621600985527039 0.0075529161840677261
   vertex -0.22070729732513428 -0.26893970370292664 0.0060000019147992134
  endloop
 endfacet
 facet normal -0.14547921113451728 -0.98073441215797275 0.13036798662568333
  outer loop
   vertex -0.2104153037071228 -0.2704663872718811 0.0060000019147992134
   vertex -0.22066740691661835 -0.26873919367790222 0.0075529161840677261
   vertex -0.22070729732513428 -0.26893970370292664 0.0060000019147992134
  endloop
 endfacet
 facet normal -0.14547448570199198 -0.98073140968160066 0.1303958437745672
  outer loop
   vertex -0.2103952020406723 -0.27026289701461792 0.0075529161840677261
   vertex -0.22066740691661835 -0.26873919367790222 0.0075529161840677261
   vertex -0.2104153037071228 -0.2704663872718811 0.0060000019147992134
  endloop
 endfacet
 facet normal -0.92293355486051265 -0.045336528615048485 0.38228033232913494
  outer loop
   vertex -0.30533239245414734 -0.17532579600811005 0.0075529161840677261
   vertex -0.30524250864982605 -0.16495369374752045 0.0090000005438923836
   vertex -0.30584189295768738 -0.16495369374752045 0.0075529161840677261
  endloop
 endfacet
 facet normal -0.92291354732011155 -0.045343328213376805 0.38232782629510814
  outer loop
   vertex -0.30473580956459045 -0.17526699602603912 0.0090000005438923836
   vertex -0.30524250864982605 -0.16495369374752045 0.0090000005438923836
   vertex -0.30533239245414734 -0.17532579600811005 0.0075529161840677261
  endloop
 endfacet
 facet normal -0.91402399394523404 -0.1355875536309826 0.38232990177694481
  outer loop
   vertex -0.30380859971046448 -0.18559800088405609 0.0075529161840677261
   vertex -0.30473580956459045 -0.17526699602603912 0.0090000005438923836
   vertex -0.30533239245414734 -0.17532579600811005 0.0075529161840677261
  endloop
 endfacet
 facet normal -0.91403299870608024 -0.13558545078771148 0.38230911944533019
  outer loop
   vertex -0.30322068929672241 -0.185480996966362 0.0090000005438923836
   vertex -0.30473580956459045 -0.17526699602603912 0.0090000005438923836
   vertex -0.30380859971046448 -0.18559800088405609 0.0075529161840677261
  endloop
 endfacet
 facet normal -0.89634141425869851 -0.22452025963660996 0.38231233579028745
  outer loop
   vertex -0.30128538608551025 -0.19567130506038666 0.0075529161840677261
   vertex -0.30322068929672241 -0.185480996966362 0.0090000005438923836
   vertex -0.30380859971046448 -0.18559800088405609 0.0075529161840677261
  endloop
 endfacet
 facet normal -0.89635498977129602 -0.22451846731889019 0.38228155872978775
  outer loop
   vertex -0.30071181058883667 -0.1954973042011261 0.0090000005438923836
   vertex -0.30322068929672241 -0.185480996966362 0.0090000005438923836
   vertex -0.30128538608551025 -0.19567130506038666 0.0075529161840677261
  endloop
 endfacet
 facet normal -0.87002836033568753 -0.31130546262497044 0.38228204398251314
  outer loop
   vertex -0.2977868914604187 -0.20544880628585815 0.0075529161840677261
   vertex -0.30071181058883667 -0.1954973042011261 0.0090000005438923836
   vertex -0.30128538608551025 -0.19567130506038666 0.0075529161840677261
  endloop
 endfacet
 facet normal -0.87004084442990381 -0.31130504915981927 0.38225396713612064
  outer loop
   vertex -0.29723319411277771 -0.20521940290927887 0.0090000005438923836
   vertex -0.30071181058883667 -0.1954973042011261 0.0090000005438923836
   vertex -0.2977868914604187 -0.20544880628585815 0.0075529161840677261
  endloop
 endfacet
 facet normal -0.83533904203185205 -0.39508031887737227 0.38225675467290554
  outer loop
   vertex -0.29334700107574463 -0.21483629941940308 0.0075529161840677261
   vertex -0.29723319411277771 -0.20521940290927887 0.0090000005438923836
   vertex -0.2977868914604187 -0.20544880628585815 0.0075529161840677261
  endloop
 endfacet
 facet normal -0.83531566318003203 -0.39507879533996071 0.38230941437378818
  outer loop
   vertex -0.29281830787658691 -0.21455380320549011 0.0090000005438923836
   vertex -0.29723319411277771 -0.20521940290927887 0.0090000005438923836
   vertex -0.29334700107574463 -0.21483629941940308 0.0075529161840677261
  endloop
 endfacet
 facet normal -0.79257162997712127 -0.47505079629713159 0.38230478978541477
  outer loop
   vertex -0.28800821304321289 -0.2237434983253479 0.0075529161840677261
   vertex -0.29281830787658691 -0.21455380320549011 0.0090000005438923836
   vertex -0.29334700107574463 -0.21483629941940308 0.0075529161840677261
  endloop
 endfacet
 facet normal -0.79257379151008311 -0.47505115237301798 0.38229986612657751
  outer loop
   vertex -0.28750979900360107 -0.22341050207614899 0.0090000005438923836
   vertex -0.29281830787658691 -0.21455380320549011 0.0090000005438923836
   vertex -0.28800821304321289 -0.2237434983253479 0.0075529161840677261
  endloop
 endfacet
 facet normal -0.74219591865432966 -0.55044813895982436 0.38229839739203914
  outer loop
   vertex -0.28182220458984375 -0.23208439350128174 0.0075529161840677261
   vertex -0.28750979900360107 -0.22341050207614899 0.0090000005438923836
   vertex -0.28800821304321289 -0.2237434983253479 0.0075529161840677261
  endloop
 endfacet
 facet normal -0.74219929587274058 -0.55044904254030425 0.38229053973708305
  outer loop
   vertex -0.28135880827903748 -0.23170420527458191 0.0090000005438923836
   vertex -0.28750979900360107 -0.22341050207614899 0.0090000005438923836
   vertex -0.28182220458984375 -0.23208439350128174 0.0075529161840677261
  endloop
 endfacet
 facet normal -0.684671805798588 -0.62054970627998762 0.38228599291671905
  outer loop
   vertex -0.27484831213951111 -0.23977890610694885 0.0075529161840677261
   vertex -0.28135880827903748 -0.23170420527458191 0.0090000005438923836
   vertex -0.28182220458984375 -0.23208439350128174 0.0075529161840677261
  endloop
 endfacet
 facet normal -0.68466371055349384 -0.62054666279908421 0.38230543121964811
  outer loop
   vertex -0.27442449331283569 -0.23935499787330627 0.0090000005438923836
   vertex -0.28135880827903748 -0.23170420527458191 0.0090000005438923836
   vertex -0.27484831213951111 -0.23977890610694885 0.0075529161840677261
  endloop
 endfacet
 facet normal -0.62054225145621178 -0.68466586566952636 0.38230873197542026
  outer loop
   vertex -0.26715388894081116 -0.24675269424915314 0.0075529161840677261
   vertex -0.27442449331283569 -0.23935499787330627 0.0090000005438923836
   vertex -0.27484831213951111 -0.23977890610694885 0.0075529161840677261
  endloop
 endfacet
 facet normal -0.62055510521872737 -0.68467219858542594 0.3822765253990536
  outer loop
   vertex -0.26677361130714417 -0.24628940224647522 0.0090000005438923836
   vertex -0.27442449331283569 -0.23935499787330627 0.0090000005438923836
   vertex -0.26715388894081116 -0.24675269424915314 0.0075529161840677261
  endloop
 endfacet
 facet normal -0.55045634100475316 -0.74220241869132952 0.38227396764153243
  outer loop
   vertex -0.25881290435791016 -0.25293880701065063 0.0075529161840677261
   vertex -0.26677361130714417 -0.24628940224647522 0.0090000005438923836
   vertex -0.26715388894081116 -0.24675269424915314 0.0075529161840677261
  endloop
 endfacet
 facet normal -0.55044526628388624 -0.74219553763649437 0.38230327325061803
  outer loop
   vertex -0.25847989320755005 -0.25244039297103882 0.0090000005438923836
   vertex -0.26677361130714417 -0.24628940224647522 0.0090000005438923836
   vertex -0.25881290435791016 -0.25293880701065063 0.0075529161840677261
  endloop
 endfacet
 facet normal -0.4750486174578385 -0.79257331229995232 0.38230400950196475
  outer loop
   vertex -0.2499057948589325 -0.25827750563621521 0.0075529161840677261
   vertex -0.25847989320755005 -0.25244039297103882 0.0090000005438923836
   vertex -0.25881290435791016 -0.25293880701065063 0.0075529161840677261
  endloop
 endfacet
 facet normal -0.47505277655847689 -0.7925765012957996 0.38229222994692308
  outer loop
   vertex -0.24962319433689117 -0.25774890184402466 0.0090000005438923836
   vertex -0.25847989320755005 -0.25244039297103882 0.0090000005438923836
   vertex -0.2499057948589325 -0.25827750563621521 0.0075529161840677261
  endloop
 endfacet
 facet normal -0.39507742869965462 -0.83532539177453535 0.38228956981428119
  outer loop
   vertex -0.24051819741725922 -0.26271748542785645 0.0075529161840677261
   vertex -0.24962319433689117 -0.25774890184402466 0.0090000005438923836
   vertex -0.2499057948589325 -0.25827750563621521 0.0075529161840677261
  endloop
 endfacet
 facet normal -0.39508170230176298 -0.83532939145669038 0.38227641344312185
  outer loop
   vertex -0.24028889834880829 -0.26216369867324829 0.0090000005438923836
   vertex -0.24962319433689117 -0.25774890184402466 0.0090000005438923836
   vertex -0.24051819741725922 -0.26271748542785645 0.0075529161840677261
  endloop
 endfacet
 facet normal -0.31130798285945194 -0.87002799238914985 0.38228082906063271
  outer loop
   vertex -0.23074069619178772 -0.26621600985527039 0.0075529161840677261
   vertex -0.24028889834880829 -0.26216369867324829 0.0090000005438923836
   vertex -0.24051819741725922 -0.26271748542785645 0.0075529161840677261
  endloop
 endfacet
 facet normal -0.31130313531711468 -0.87002246896625512 0.38229734688537392
  outer loop
   vertex -0.23056669533252716 -0.26564240455627441 0.0090000005438923836
   vertex -0.24028889834880829 -0.26216369867324829 0.0090000005438923836
   vertex -0.23074069619178772 -0.26621600985527039 0.0075529161840677261
  endloop
 endfacet
 facet normal -0.2245195813815358 -0.89634796755993029 0.38229736937028785
  outer loop
   vertex -0.22066740691661835 -0.26873919367790222 0.0075529161840677261
   vertex -0.23056669533252716 -0.26564240455627441 0.0090000005438923836
   vertex -0.23074069619178772 -0.26621600985527039 0.0075529161840677261
  endloop
 endfacet
 facet normal -0.22451977810224449 -0.89634824187398532 0.38229661067073883
  outer loop
   vertex -0.22055040299892426 -0.26815131306648254 0.0090000005438923836
   vertex -0.23056669533252716 -0.26564240455627441 0.0090000005438923836
   vertex -0.22066740691661835 -0.26873919367790222 0.0075529161840677261
  endloop
 endfacet
 facet normal -0.135582011555685 -0.91404026402860317 0.3822929686471298
  outer loop
   vertex -0.2103952020406723 -0.27026289701461792 0.0075529161840677261
   vertex -0.22055040299892426 -0.26815131306648254 0.0090000005438923836
   vertex -0.22066740691661835 -0.26873919367790222 0.0075529161840677261
  endloop
 endfacet
 facet normal -0.13558636326851675 -0.91404779493550037 0.38227341873215209
  outer loop
   vertex -0.21033650636672974 -0.2696664035320282 0.0090000005438923836
   vertex -0.22055040299892426 -0.26815131306648254 0.0090000005438923836
   vertex -0.2103952020406723 -0.27026289701461792 0.0075529161840677261
  endloop
 endfacet
 facet normal -0.79275607591582931 -0.038948609052037467 0.60829335846402866
  outer loop
   vertex -0.30473580956459045 -0.17526699602603912 0.0090000005438923836
   vertex -0.30428901314735413 -0.16495369374752045 0.010242640040814877
   vertex -0.30524250864982605 -0.16495369374752045 0.0090000005438923836
  endloop
 endfacet
 facet normal -0.79275630519668938 -0.03894856346746594 0.60829306257322568
  outer loop
   vertex -0.30378690361976624 -0.17517359554767609 0.010242640040814877
   vertex -0.30428901314735413 -0.16495369374752045 0.010242640040814877
   vertex -0.30473580956459045 -0.17526699602603912 0.0090000005438923836
  endloop
 endfacet
 facet normal -0.78512341003358321 -0.11646331327652588 0.60829066052167202
  outer loop
   vertex -0.30322068929672241 -0.185480996966362 0.0090000005438923836
   vertex -0.30378690361976624 -0.17517359554767609 0.010242640040814877
   vertex -0.30473580956459045 -0.17526699602603912 0.0090000005438923836
  endloop
 endfacet
 facet normal -0.78511511920599353 -0.11646412908172932 0.60830120518653652
  outer loop
   vertex -0.30228549242019653 -0.18529500067234039 0.010242640040814877
   vertex -0.30378690361976624 -0.17517359554767609 0.010242640040814877
   vertex -0.30322068929672241 -0.185480996966362 0.0090000005438923836
  endloop
 endfacet
 facet normal -0.76992196332405682 -0.19284959768536961 0.60830025732677495
  outer loop
   vertex -0.30071181058883667 -0.1954973042011261 0.0090000005438923836
   vertex -0.30228549242019653 -0.18529500067234039 0.010242640040814877
   vertex -0.30322068929672241 -0.185480996966362 0.0090000005438923836
  endloop
 endfacet
 facet normal -0.7699015527691635 -0.19284959588481998 0.60832609052274966
  outer loop
   vertex -0.29979929327964783 -0.19522050023078918 0.010242640040814877
   vertex -0.30228549242019653 -0.18529500067234039 0.010242640040814877
   vertex -0.30071181058883667 -0.1954973042011261 0.0090000005438923836
  endloop
 endfacet
 facet normal -0.74729173901612067 -0.26738479353067079 0.60832592332303481
  outer loop
   vertex -0.29723319411277771 -0.20521940290927887 0.0090000005438923836
   vertex -0.29979929327964783 -0.19522050023078918 0.010242640040814877
   vertex -0.30071181058883667 -0.1954973042011261 0.0090000005438923836
  endloop
 endfacet
 facet normal -0.7472946652845629 -0.26738508201556616 0.60832220175887242
  outer loop
   vertex -0.29635220766067505 -0.20485450327396393 0.010242640040814877
   vertex -0.29979929327964783 -0.19522050023078918 0.010242640040814877
   vertex -0.29723319411277771 -0.20521940290927887 0.0090000005438923836
  endloop
 endfacet
 facet normal -0.71748658319761005 -0.33934923940388573 0.60832154050914833
  outer loop
   vertex -0.29281830787658691 -0.21455380320549011 0.0090000005438923836
   vertex -0.29635220766067505 -0.20485450327396393 0.010242640040814877
   vertex -0.29723319411277771 -0.20521940290927887 0.0090000005438923836
  endloop
 endfacet
 facet normal -0.71750548266607983 -0.33935300058956613 0.60829715052347055
  outer loop
   vertex -0.2919774055480957 -0.2141042947769165 0.010242640040814877
   vertex -0.29635220766067505 -0.20485450327396393 0.010242640040814877
   vertex -0.29281830787658691 -0.21455380320549011 0.0090000005438923836
  endloop
 endfacet
 facet normal -0.68078611569486447 -0.40804809879495207 0.60829845778772418
  outer loop
   vertex -0.28750979900360107 -0.22341050207614899 0.0090000005438923836
   vertex -0.2919774055480957 -0.2141042947769165 0.010242640040814877
   vertex -0.29281830787658691 -0.21455380320549011 0.0090000005438923836
  endloop
 endfacet
 facet normal -0.68078046109343648 -0.40804638291133738 0.60830593716187087
  outer loop
   vertex -0.2867169976234436 -0.22288070619106293 0.010242640040814877
   vertex -0.2919774055480957 -0.2141042947769165 0.010242640040814877
   vertex -0.28750979900360107 -0.22341050207614899 0.0090000005438923836
  endloop
 endfacet
 facet normal -0.63750808921968771 -0.47280524149519654 0.60830801391575617
  outer loop
   vertex -0.28135880827903748 -0.23170420527458191 0.0090000005438923836
   vertex -0.2867169976234436 -0.22288070619106293 0.010242640040814877
   vertex -0.28750979900360107 -0.22341050207614899 0.0090000005438923836
  endloop
 endfacet
 facet normal -0.63750584042615022 -0.47280430977741578 0.60831109481781576
  outer loop
   vertex -0.28062170743942261 -0.23109929263591766 0.010242640040814877
   vertex -0.2867169976234436 -0.22288070619106293 0.010242640040814877
   vertex -0.28135880827903748 -0.23170420527458191 0.0090000005438923836
  endloop
 endfacet
 facet normal -0.5880905664852728 -0.53301735265191308 0.60831076546694207
  outer loop
   vertex -0.27442449331283569 -0.23935499787330627 0.0090000005438923836
   vertex -0.28062170743942261 -0.23109929263591766 0.010242640040814877
   vertex -0.28135880827903748 -0.23170420527458191 0.0090000005438923836
  endloop
 endfacet
 facet normal -0.58808889013639731 -0.53301645642273621 0.60831317138517527
  outer loop
   vertex -0.2737501859664917 -0.23868079483509064 0.010242640040814877
   vertex -0.28062170743942261 -0.23109929263591766 0.010242640040814877
   vertex -0.27442449331283569 -0.23935499787330627 0.0090000005438923836
  endloop
 endfacet
 facet normal -0.53301796636887178 -0.5880905335404123 0.60831025956180085
  outer loop
   vertex -0.26677361130714417 -0.24628940224647522 0.0090000005438923836
   vertex -0.2737501859664917 -0.23868079483509064 0.010242640040814877
   vertex -0.27442449331283569 -0.23935499787330627 0.0090000005438923836
  endloop
 endfacet
 facet normal -0.53302029707551912 -0.58809209116398953 0.60830671146707838
  outer loop
   vertex -0.26616871356964111 -0.24555230140686035 0.010242640040814877
   vertex -0.2737501859664917 -0.23868079483509064 0.010242640040814877
   vertex -0.26677361130714417 -0.24628940224647522 0.0090000005438923836
  endloop
 endfacet
 facet normal -0.47280493129956053 -0.63750881636628187 0.60830749296230135
  outer loop
   vertex -0.25847989320755005 -0.25244039297103882 0.0090000005438923836
   vertex -0.26616871356964111 -0.24555230140686035 0.010242640040814877
   vertex -0.26677361130714417 -0.24628940224647522 0.0090000005438923836
  endloop
 endfacet
 facet normal -0.47281774886129946 -0.63751933742730837 0.60828650385158056
  outer loop
   vertex -0.25795018672943115 -0.25164759159088135 0.010242640040814877
   vertex -0.26616871356964111 -0.24555230140686035 0.010242640040814877
   vertex -0.25847989320755005 -0.25244039297103882 0.0090000005438923836
  endloop
 endfacet
 facet normal -0.40805245254072808 -0.68079337947010166 0.60828740776476298
  outer loop
   vertex -0.24962319433689117 -0.25774890184402466 0.0090000005438923836
   vertex -0.25795018672943115 -0.25164759159088135 0.010242640040814877
   vertex -0.25847989320755005 -0.25244039297103882 0.0090000005438923836
  endloop
 endfacet
 facet normal -0.4080479816008058 -0.68078890771979661 0.60829541165226175
  outer loop
   vertex -0.24917370080947876 -0.25690799951553345 0.010242640040814877
   vertex -0.25795018672943115 -0.25164759159088135 0.010242640040814877
   vertex -0.24962319433689117 -0.25774890184402466 0.0090000005438923836
  endloop
 endfacet
 facet normal -0.33935553987987271 -0.71750641693548689 0.60829463190894528
  outer loop
   vertex -0.24028889834880829 -0.26216369867324829 0.0090000005438923836
   vertex -0.24917370080947876 -0.25690799951553345 0.010242640040814877
   vertex -0.24962319433689117 -0.25774890184402466 0.0090000005438923836
  endloop
 endfacet
 facet normal -0.33935833210656408 -0.71750981987285667 0.608289060246748
  outer loop
   vertex -0.23992399871349335 -0.26128280162811279 0.010242640040814877
   vertex -0.24917370080947876 -0.25690799951553345 0.010242640040814877
   vertex -0.24028889834880829 -0.26216369867324829 0.0090000005438923836
  endloop
 endfacet
 facet normal -0.2673980218859493 -0.74731752046416433 0.60828843610476013
  outer loop
   vertex -0.23056669533252716 -0.26564240455627441 0.0090000005438923836
   vertex -0.23992399871349335 -0.26128280162811279 0.010242640040814877
   vertex -0.24028889834880829 -0.26216369867324829 0.0090000005438923836
  endloop
 endfacet
 facet normal -0.26738242413957841 -0.74729417207553728 0.60832397589046228
  outer loop
   vertex -0.23028990626335144 -0.26472988724708557 0.010242640040814877
   vertex -0.23992399871349335 -0.26128280162811279 0.010242640040814877
   vertex -0.23056669533252716 -0.26564240455627441 0.0090000005438923836
  endloop
 endfacet
 facet normal -0.19284749459547063 -0.76990327619037013 0.60832457548547603
  outer loop
   vertex -0.22055040299892426 -0.26815131306648254 0.0090000005438923836
   vertex -0.23028990626335144 -0.26472988724708557 0.010242640040814877
   vertex -0.23056669533252716 -0.26564240455627441 0.0090000005438923836
  endloop
 endfacet
 facet normal -0.19285226242511855 -0.76991219823360946 0.60831177194642927
  outer loop
   vertex -0.22036440670490265 -0.26721608638763428 0.010242640040814877
   vertex -0.23028990626335144 -0.26472988724708557 0.010242640040814877
   vertex -0.22055040299892426 -0.26815131306648254 0.0090000005438923836
  endloop
 endfacet
 facet normal -0.11645972407794988 -0.78510663923799318 0.60831299319685039
  outer loop
   vertex -0.21033650636672974 -0.2696664035320282 0.0090000005438923836
   vertex -0.22036440670490265 -0.26721608638763428 0.010242640040814877
   vertex -0.22055040299892426 -0.26815131306648254 0.0090000005438923836
  endloop
 endfacet
 facet normal -0.11646462771294626 -0.78511848060928924 0.60829677123707149
  outer loop
   vertex -0.21024300158023834 -0.26871749758720398 0.010242640040814877
   vertex -0.22036440670490265 -0.26721608638763428 0.010242640040814877
   vertex -0.21033650636672974 -0.2696664035320282 0.0090000005438923836
  endloop
 endfacet
 facet normal -0.60846220734248735 -0.029894090712218858 0.79301959974290526
  outer loop
   vertex -0.30378690361976624 -0.17517359554767609 0.010242640040814877
   vertex -0.30304628610610962 -0.16495369374752045 0.011196150444447994
   vertex -0.30428901314735413 -0.16495369374752045 0.010242640040814877
  endloop
 endfacet
 facet normal -0.60850138396286524 -0.02988846679011075 0.79298975104865876
  outer loop
   vertex -0.30255028605461121 -0.17505179345607758 0.011196150444447994
   vertex -0.30304628610610962 -0.16495369374752045 0.011196150444447994
   vertex -0.30378690361976624 -0.17517359554767609 0.010242640040814877
  endloop
 endfacet
 facet normal -0.60264029780404105 -0.089395778678014071 0.79298995341505329
  outer loop
   vertex -0.30228549242019653 -0.18529500067234039 0.010242640040814877
   vertex -0.30255028605461121 -0.17505179345607758 0.011196150444447994
   vertex -0.30378690361976624 -0.17517359554767609 0.010242640040814877
  endloop
 endfacet
 facet normal -0.60264720500813052 -0.089395471817167796 0.79298473876517572
  outer loop
   vertex -0.30106678605079651 -0.18505260348320007 0.011196150444447994
   vertex -0.30255028605461121 -0.17505179345607758 0.011196150444447994
   vertex -0.30228549242019653 -0.18529500067234039 0.010242640040814877
  endloop
 endfacet
 facet normal -0.59098397752037279 -0.14803323987239561 0.79298429884019861
  outer loop
   vertex -0.29979929327964783 -0.19522050023078918 0.010242640040814877
   vertex -0.30106678605079651 -0.18505260348320007 0.011196150444447994
   vertex -0.30228549242019653 -0.18529500067234039 0.010242640040814877
  endloop
 endfacet
 facet normal -0.59098119812559768 -0.14803309026907205 0.79298639814780036
  outer loop
   vertex -0.29861021041870117 -0.19485980272293091 0.011196150444447994
   vertex -0.30106678605079651 -0.18505260348320007 0.011196150444447994
   vertex -0.29979929327964783 -0.19522050023078918 0.010242640040814877
  endloop
 endfacet
 facet normal -0.57362614321422378 -0.20524577582954215 0.79298626679489492
  outer loop
   vertex -0.29635220766067505 -0.20485450327396393 0.010242640040814877
   vertex -0.29861021041870117 -0.19485980272293091 0.011196150444447994
   vertex -0.29979929327964783 -0.19522050023078918 0.010242640040814877
  endloop
 endfacet
 facet normal -0.5736238502809714 -0.20524542471721083 0.79298801631644189
  outer loop
   vertex -0.29520419239997864 -0.20437900722026825 0.011196150444447994
   vertex -0.29861021041870117 -0.19485980272293091 0.011196150444447994
   vertex -0.29635220766067505 -0.20485450327396393 0.010242640040814877
  endloop
 endfacet
 facet normal -0.55074512176451873 -0.26048164668566787 0.79298746685714294
  outer loop
   vertex -0.2919774055480957 -0.2141042947769165 0.010242640040814877
   vertex -0.29520419239997864 -0.20437900722026825 0.011196150444447994
   vertex -0.29635220766067505 -0.20485450327396393 0.010242640040814877
  endloop
 endfacet
 facet normal -0.55073328714065761 -0.26047862325628546 0.79299667922492334
  outer loop
   vertex -0.29088151454925537 -0.21351850032806396 0.011196150444447994
   vertex -0.29520419239997864 -0.20437900722026825 0.011196150444447994
   vertex -0.2919774055480957 -0.2141042947769165 0.010242640040814877
  endloop
 endfacet
 facet normal -0.52254917713778126 -0.31320567174019193 0.79299720343920688
  outer loop
   vertex -0.2867169976234436 -0.22288070619106293 0.010242640040814877
   vertex -0.29088151454925537 -0.21351850032806396 0.011196150444447994
   vertex -0.2919774055480957 -0.2141042947769165 0.010242640040814877
  endloop
 endfacet
 facet normal -0.52256417600195371 -0.31321111785771466 0.79298516859378887
  outer loop
   vertex -0.28568381071090698 -0.22219039499759674 0.011196150444447994
   vertex -0.29088151454925537 -0.21351850032806396 0.011196150444447994
   vertex -0.2867169976234436 -0.22288070619106293 0.010242640040814877
  endloop
 endfacet
 facet normal -0.48934851745475177 -0.36292387200897724 0.79298442077436038
  outer loop
   vertex -0.28062170743942261 -0.23109929263591766 0.010242640040814877
   vertex -0.28568381071090698 -0.22219039499759674 0.011196150444447994
   vertex -0.2867169976234436 -0.22288070619106293 0.010242640040814877
  endloop
 endfacet
 facet normal -0.48935422345191881 -0.3629266035296983 0.79297964944894206
  outer loop
   vertex -0.27966120839118958 -0.23031100630760193 0.011196150444447994
   vertex -0.28568381071090698 -0.22219039499759674 0.011196150444447994
   vertex -0.28062170743942261 -0.23109929263591766 0.010242640040814877
  endloop
 endfacet
 facet normal -0.45142120149578718 -0.40914721092515777 0.79298011238130339
  outer loop
   vertex -0.2737501859664917 -0.23868079483509064 0.010242640040814877
   vertex -0.27966120839118958 -0.23031100630760193 0.011196150444447994
   vertex -0.28062170743942261 -0.23109929263591766 0.010242640040814877
  endloop
 endfacet
 facet normal -0.45141867110585682 -0.40914567808261637 0.79298234373997156
  outer loop
   vertex -0.27287161350250244 -0.23780210316181183 0.011196150444447994
   vertex -0.27966120839118958 -0.23031100630760193 0.011196150444447994
   vertex -0.2737501859664917 -0.23868079483509064 0.010242640040814877
  endloop
 endfacet
 facet normal -0.40914394229864104 -0.45141679957338626 0.79298430472692671
  outer loop
   vertex -0.26616871356964111 -0.24555230140686035 0.010242640040814877
   vertex -0.27287161350250244 -0.23780210316181183 0.011196150444447994
   vertex -0.2737501859664917 -0.23868079483509064 0.010242640040814877
  endloop
 endfacet
 facet normal -0.4091263290339443 -0.45140360829317461 0.79300090120447608
  outer loop
   vertex -0.26538041234016418 -0.24459169805049896 0.011196150444447994
   vertex -0.27287161350250244 -0.23780210316181183 0.011196150444447994
   vertex -0.26616871356964111 -0.24555230140686035 0.010242640040814877
  endloop
 endfacet
 facet normal -0.36291217040656748 -0.48932919074865694 0.79300170217475507
  outer loop
   vertex -0.25795018672943115 -0.25164759159088135 0.010242640040814877
   vertex -0.26538041234016418 -0.24459169805049896 0.011196150444447994
   vertex -0.26616871356964111 -0.24555230140686035 0.010242640040814877
  endloop
 endfacet
 facet normal -0.36291679694972223 -0.48933342363989618 0.79299697288237625
  outer loop
   vertex -0.2572597861289978 -0.25061440467834473 0.011196150444447994
   vertex -0.26538041234016418 -0.24459169805049896 0.011196150444447994
   vertex -0.25795018672943115 -0.25164759159088135 0.010242640040814877
  endloop
 endfacet
 facet normal -0.31320446262599771 -0.5225515959363779 0.79299608711235414
  outer loop
   vertex -0.24917370080947876 -0.25690799951553345 0.010242640040814877
   vertex -0.2572597861289978 -0.25061440467834473 0.011196150444447994
   vertex -0.25795018672943115 -0.25164759159088135 0.010242640040814877
  endloop
 endfacet
 facet normal -0.3132131335471931 -0.52256125339817217 0.79298629838130219
  outer loop
   vertex -0.24858799576759338 -0.25581210851669312 0.011196150444447994
   vertex -0.2572597861289978 -0.25061440467834473 0.011196150444447994
   vertex -0.24917370080947876 -0.25690799951553345 0.010242640040814877
  endloop
 endfacet
 facet normal -0.26048362310585443 -0.55074397712392464 0.79298761261155237
  outer loop
   vertex -0.23992399871349335 -0.26128280162811279 0.010242640040814877
   vertex -0.24858799576759338 -0.25581210851669312 0.011196150444447994
   vertex -0.24917370080947876 -0.25690799951553345 0.010242640040814877
  endloop
 endfacet
 facet normal -0.26046029710269236 -0.55071221545256599 0.79301733233549421
  outer loop
   vertex -0.23944839835166931 -0.26013469696044922 0.011196150444447994
   vertex -0.24858799576759338 -0.25581210851669312 0.011196150444447994
   vertex -0.23992399871349335 -0.26128280162811279 0.010242640040814877
  endloop
 endfacet
 facet normal -0.20523093559756123 -0.57358999042362879 0.79301625831982236
  outer loop
   vertex -0.23028990626335144 -0.26472988724708557 0.010242640040814877
   vertex -0.23944839835166931 -0.26013469696044922 0.011196150444447994
   vertex -0.23992399871349335 -0.26128280162811279 0.010242640040814877
  endloop
 endfacet
 facet normal -0.20525050336980097 -0.57362298676264922 0.79298732645858905
  outer loop
   vertex -0.22992919385433197 -0.26354080438613892 0.011196150444447994
   vertex -0.23944839835166931 -0.26013469696044922 0.011196150444447994
   vertex -0.23028990626335144 -0.26472988724708557 0.010242640040814877
  endloop
 endfacet
 facet normal -0.14803230835741235 -0.59098025869053161 0.79298724423564859
  outer loop
   vertex -0.22036440670490265 -0.26721608638763428 0.010242640040814877
   vertex -0.22992919385433197 -0.26354080438613892 0.011196150444447994
   vertex -0.23028990626335144 -0.26472988724708557 0.010242640040814877
  endloop
 endfacet
 facet normal -0.14803735792244796 -0.59099106585381 0.79297824733110978
  outer loop
   vertex -0.22012199461460114 -0.26599740982055664 0.011196150444447994
   vertex -0.22992919385433197 -0.26354080438613892 0.011196150444447994
   vertex -0.22036440670490265 -0.26721608638763428 0.010242640040814877
  endloop
 endfacet
 facet normal -0.089398004917943613 -0.6026553054689886 0.79297829699605982
  outer loop
   vertex -0.21024300158023834 -0.26871749758720398 0.010242640040814877
   vertex -0.22012199461460114 -0.26599740982055664 0.011196150444447994
   vertex -0.22036440670490265 -0.26721608638763428 0.010242640040814877
  endloop
 endfacet
 facet normal -0.089383534513753166 -0.60261425765087517 0.7930111223896632
  outer loop
   vertex -0.21012119948863983 -0.26748079061508179 0.011196150444447994
   vertex -0.22012199461460114 -0.26599740982055664 0.011196150444447994
   vertex -0.21024300158023834 -0.26871749758720398 0.010242640040814877
  endloop
 endfacet
 facet normal -0.38264072541043509 -0.018794607400057464 0.9237060344016671
  outer loop
   vertex -0.30255028605461121 -0.17505179345607758 0.011196150444447994
   vertex -0.30159929394721985 -0.16495369374752045 0.011795559898018837
   vertex -0.30304628610610962 -0.16495369374752045 0.011196150444447994
  endloop
 endfacet
 facet normal -0.38260077311005047 -0.018799346525784567 0.9237224869980134
  outer loop
   vertex -0.30111008882522583 -0.17490990459918976 0.011795559898018837
   vertex -0.30159929394721985 -0.16495369374752045 0.011795559898018837
   vertex -0.30255028605461121 -0.17505179345607758 0.011196150444447994
  endloop
 endfacet
 facet normal -0.37891543007565909 -0.056207551232170069 0.92372279826529191
  outer loop
   vertex -0.30106678605079651 -0.18505260348320007 0.011196150444447994
   vertex -0.30111008882522583 -0.17490990459918976 0.011795559898018837
   vertex -0.30255028605461121 -0.17505179345607758 0.011196150444447994
  endloop
 endfacet
 facet normal -0.37893657161244043 -0.056207130473469522 0.92371415122782874
  outer loop
   vertex -0.29964751005172729 -0.18477030098438263 0.011795559898018837
   vertex -0.30111008882522583 -0.17490990459918976 0.011795559898018837
   vertex -0.30106678605079651 -0.18505260348320007 0.011196150444447994
  endloop
 endfacet
 facet normal -0.37160203093903094 -0.093081467167889939 0.92371411760991329
  outer loop
   vertex -0.29861021041870117 -0.19485980272293091 0.011196150444447994
   vertex -0.29964751005172729 -0.18477030098438263 0.011795559898018837
   vertex -0.30106678605079651 -0.18505260348320007 0.011196150444447994
  endloop
 endfacet
 facet normal -0.37158704141577631 -0.093080291375228899 0.92372026610298674
  outer loop
   vertex -0.29722538590431213 -0.19443969428539276 0.011795559898018837
   vertex -0.29964751005172729 -0.18477030098438263 0.011795559898018837
   vertex -0.29861021041870117 -0.19485980272293091 0.011196150444447994
  endloop
 endfacet
 facet normal -0.36067478003313846 -0.12905120380965399 0.92372046087727555
  outer loop
   vertex -0.29520419239997864 -0.20437900722026825 0.011196150444447994
   vertex -0.29722538590431213 -0.19443969428539276 0.011795559898018837
   vertex -0.29861021041870117 -0.19485980272293091 0.011196150444447994
  endloop
 endfacet
 facet normal -0.36067406043929456 -0.12905107550331932 0.92372075977411516
  outer loop
   vertex -0.29386720061302185 -0.2038252055644989 0.011795559898018837
   vertex -0.29722538590431213 -0.19443969428539276 0.011795559898018837
   vertex -0.29520419239997864 -0.20437900722026825 0.011196150444447994
  endloop
 endfacet
 facet normal -0.34628773668947388 -0.16378264217824912 0.92372076383482526
  outer loop
   vertex -0.29088151454925537 -0.21351850032806396 0.011196150444447994
   vertex -0.29386720061302185 -0.2038252055644989 0.011795559898018837
   vertex -0.29520419239997864 -0.20437900722026825 0.011196150444447994
  endloop
 endfacet
 facet normal -0.34630497091867235 -0.16378749781703156 0.92371344186162707
  outer loop
   vertex -0.28960528969764709 -0.21283639967441559 0.011795559898018837
   vertex -0.29386720061302185 -0.2038252055644989 0.011795559898018837
   vertex -0.29088151454925537 -0.21351850032806396 0.011196150444447994
  endloop
 endfacet
 facet normal -0.32858356403391487 -0.19694428000810693 0.92371304636172513
  outer loop
   vertex -0.28568381071090698 -0.22219039499759674 0.011196150444447994
   vertex -0.28960528969764709 -0.21283639967441559 0.011795559898018837
   vertex -0.29088151454925537 -0.21351850032806396 0.011196150444447994
  endloop
 endfacet
 facet normal -0.32857565889657125 -0.19694118836705574 0.9237165175015849
  outer loop
   vertex -0.28448060154914856 -0.22138640284538269 0.011795559898018837
   vertex -0.28960528969764709 -0.21283639967441559 0.011795559898018837
   vertex -0.28568381071090698 -0.22219039499759674 0.011196150444447994
  endloop
 endfacet
 facet normal -0.30769056314298421 -0.22819684733056239 0.92371679438080201
  outer loop
   vertex -0.27966120839118958 -0.23031100630760193 0.011196150444447994
   vertex -0.28448060154914856 -0.22138640284538269 0.011795559898018837
   vertex -0.28568381071090698 -0.22219039499759674 0.011196150444447994
  endloop
 endfacet
 facet normal -0.30768684465173535 -0.22819495390709468 0.92371850075637096
  outer loop
   vertex -0.27854260802268982 -0.22939290106296539 0.011795559898018837
   vertex -0.28448060154914856 -0.22138640284538269 0.011795559898018837
   vertex -0.27966120839118958 -0.23031100630760193 0.011196150444447994
  endloop
 endfacet
 facet normal -0.28383529789216266 -0.25725560959936022 0.92371915374757108
  outer loop
   vertex -0.27287161350250244 -0.23780210316181183 0.011196150444447994
   vertex -0.27854260802268982 -0.22939290106296539 0.011795559898018837
   vertex -0.27966120839118958 -0.23031100630760193 0.011196150444447994
  endloop
 endfacet
 facet normal -0.28383846955536673 -0.25725763875434143 0.9237176140482587
  outer loop
   vertex -0.27184829115867615 -0.23677890002727509 0.011795559898018837
   vertex -0.27854260802268982 -0.22939290106296539 0.011795559898018837
   vertex -0.27287161350250244 -0.23780210316181183 0.011196150444447994
  endloop
 endfacet
 facet normal -0.25725744969605085 -0.28384128033828504 0.92371680300393322
  outer loop
   vertex -0.26538041234016418 -0.24459169805049896 0.011196150444447994
   vertex -0.27184829115867615 -0.23677890002727509 0.011795559898018837
   vertex -0.27287161350250244 -0.23780210316181183 0.011196150444447994
  endloop
 endfacet
 facet normal -0.25726552177719292 -0.2838476404439495 0.92371260049818038
  outer loop
   vertex -0.26446241140365601 -0.24347309768199921 0.011795559898018837
   vertex -0.27184829115867615 -0.23677890002727509 0.011795559898018837
   vertex -0.26538041234016418 -0.24459169805049896 0.011196150444447994
  endloop
 endfacet
 facet normal -0.22820499305961731 -0.30769678197355965 0.92371271048187698
  outer loop
   vertex -0.2572597861289978 -0.25061440467834473 0.011196150444447994
   vertex -0.26446241140365601 -0.24347309768199921 0.011795559898018837
   vertex -0.26538041234016418 -0.24459169805049896 0.011196150444447994
  endloop
 endfacet
 facet normal -0.22819930700023441 -0.30769131777375591 0.923715935367179
  outer loop
   vertex -0.25645580887794495 -0.2494111955165863 0.011795559898018837
   vertex -0.26446241140365601 -0.24347309768199921 0.011795559898018837
   vertex -0.2572597861289978 -0.25061440467834473 0.011196150444447994
  endloop
 endfacet
 facet normal -0.19694259712819159 -0.32857680403523848 0.92371580980645307
  outer loop
   vertex -0.24858799576759338 -0.25581210851669312 0.011196150444447994
   vertex -0.25645580887794495 -0.2494111955165863 0.011795559898018837
   vertex -0.2572597861289978 -0.25061440467834473 0.011196150444447994
  endloop
 endfacet
 facet normal -0.19694401350488808 -0.32857846151319275 0.92371491823733687
  outer loop
   vertex -0.24790580570697784 -0.25453591346740723 0.011795559898018837
   vertex -0.25645580887794495 -0.2494111955165863 0.011795559898018837
   vertex -0.24858799576759338 -0.25581210851669312 0.011196150444447994
  endloop
 endfacet
 facet normal -0.16378483561281074 -0.34630348917364018 0.92371446941652213
  outer loop
   vertex -0.23944839835166931 -0.26013469696044922 0.011196150444447994
   vertex -0.24790580570697784 -0.25453591346740723 0.011795559898018837
   vertex -0.24858799576759338 -0.25581210851669312 0.011196150444447994
  endloop
 endfacet
 facet normal -0.1637924224717745 -0.34631436900543278 0.92370904518749652
  outer loop
   vertex -0.23889470100402832 -0.25879779458045959 0.011795559898018837
   vertex -0.24790580570697784 -0.25453591346740723 0.011795559898018837
   vertex -0.23944839835166931 -0.26013469696044922 0.011196150444447994
  endloop
 endfacet
 facet normal -0.12906301168422568 -0.36069831268331487 0.92370962225279807
  outer loop
   vertex -0.22992919385433197 -0.26354080438613892 0.011196150444447994
   vertex -0.23889470100402832 -0.25879779458045959 0.011795559898018837
   vertex -0.23944839835166931 -0.26013469696044922 0.011196150444447994
  endloop
 endfacet
 facet normal -0.12905773237670587 -0.36068889156957212 0.92371403865703805
  outer loop
   vertex -0.22950920462608337 -0.26215600967407227 0.011795559898018837
   vertex -0.23889470100402832 -0.25879779458045959 0.011795559898018837
   vertex -0.22992919385433197 -0.26354080438613892 0.011196150444447994
  endloop
 endfacet
 facet normal -0.093082121748947436 -0.37160013604919173 0.92371481394364163
  outer loop
   vertex -0.22012199461460114 -0.26599740982055664 0.011196150444447994
   vertex -0.22950920462608337 -0.26215600967407227 0.011795559898018837
   vertex -0.22992919385433197 -0.26354080438613892 0.011196150444447994
  endloop
 endfacet
 facet normal -0.093080486006541938 -0.37159639909205583 0.92371648210184254
  outer loop
   vertex -0.21983970701694489 -0.26457810401916504 0.011795559898018837
   vertex -0.22950920462608337 -0.26215600967407227 0.011795559898018837
   vertex -0.22012199461460114 -0.26599740982055664 0.011196150444447994
  endloop
 endfacet
 facet normal -0.05620537274283053 -0.37893062917757031 0.92371669593329875
  outer loop
   vertex -0.21012119948863983 -0.26748079061508179 0.011196150444447994
   vertex -0.21983970701694489 -0.26457810401916504 0.011795559898018837
   vertex -0.22012199461460114 -0.26599740982055664 0.011196150444447994
  endloop
 endfacet
 facet normal -0.056210026873252536 -0.37894494083182989 0.92371054161835209
  outer loop
   vertex -0.20997940003871918 -0.26604071259498596 0.011795559898018837
   vertex -0.21983970701694489 -0.26457810401916504 0.011795559898018837
   vertex -0.21012119948863983 -0.26748079061508179 0.011196150444447994
  endloop
 endfacet
 facet normal -0.13051347210700037 -0.0064128673041574831 0.99142579587759094
  outer loop
   vertex -0.30111008882522583 -0.17490990459918976 0.011795559898018837
   vertex -0.30004629492759705 -0.16495369374752045 0.012000000104308128
   vertex -0.30159929394721985 -0.16495369374752045 0.011795559898018837
  endloop
 endfacet
 facet normal -0.13052363465146596 -0.0064117541401221088 0.99142446520459504
  outer loop
   vertex -0.29956468939781189 -0.1747577041387558 0.012000000104308128
   vertex -0.30004629492759705 -0.16495369374752045 0.012000000104308128
   vertex -0.30111008882522583 -0.17490990459918976 0.011795559898018837
  endloop
 endfacet
 facet normal -0.12926673463760541 -0.019173953542510801 0.99142446551498853
  outer loop
   vertex -0.29964751005172729 -0.18477030098438263 0.011795559898018837
   vertex -0.29956468939781189 -0.1747577041387558 0.012000000104308128
   vertex -0.30111008882522583 -0.17490990459918976 0.011795559898018837
  endloop
 endfacet
 facet normal -0.12926040018358009 -0.019174022774929585 0.99142529007233171
  outer loop
   vertex -0.29812440276145935 -0.18446730077266693 0.012000000104308128
   vertex -0.29956468939781189 -0.1747577041387558 0.012000000104308128
   vertex -0.29964751005172729 -0.18477030098438263 0.011795559898018837
  endloop
 endfacet
 facet normal -0.12675816768299397 -0.031752149206197448 0.99142532141681627
  outer loop
   vertex -0.29722538590431213 -0.19443969428539276 0.011795559898018837
   vertex -0.29812440276145935 -0.18446730077266693 0.012000000104308128
   vertex -0.29964751005172729 -0.18477030098438263 0.011795559898018837
  endloop
 endfacet
 facet normal -0.12676741816621118 -0.031752958363863201 0.99142411274217834
  outer loop
   vertex -0.29573941230773926 -0.19398890435695648 0.012000000104308128
   vertex -0.29812440276145935 -0.18446730077266693 0.012000000104308128
   vertex -0.29722538590431213 -0.19443969428539276 0.011795559898018837
  endloop
 endfacet
 facet normal -0.12304426597207214 -0.044025885418186313 0.99142414234500997
  outer loop
   vertex -0.29386720061302185 -0.2038252055644989 0.011795559898018837
   vertex -0.29573941230773926 -0.19398890435695648 0.012000000104308128
   vertex -0.29722538590431213 -0.19443969428539276 0.011795559898018837
  endloop
 endfacet
 facet normal -0.12304016623752695 -0.044025116372065277 0.99142468529922523
  outer loop
   vertex -0.29243248701095581 -0.20323100686073303 0.012000000104308128
   vertex -0.29573941230773926 -0.19398890435695648 0.012000000104308128
   vertex -0.29386720061302185 -0.2038252055644989 0.011795559898018837
  endloop
 endfacet
 facet normal -0.1181336020811901 -0.055872161007861909 0.99142460816929212
  outer loop
   vertex -0.28960528969764709 -0.21283639967441559 0.011795559898018837
   vertex -0.29243248701095581 -0.20323100686073303 0.012000000104308128
   vertex -0.29386720061302185 -0.2038252055644989 0.011795559898018837
  endloop
 endfacet
 facet normal -0.11812622739455171 -0.055870011664357039 0.99142560799999258
  outer loop
   vertex -0.28823569416999817 -0.21210430562496185 0.012000000104308128
   vertex -0.29243248701095581 -0.20323100686073303 0.012000000104308128
   vertex -0.28960528969764709 -0.21283639967441559 0.011795559898018837
  endloop
 endfacet
 facet normal -0.11208117717012588 -0.067179048805959637 0.99142563267533346
  outer loop
   vertex -0.28448060154914856 -0.22138640284538269 0.011795559898018837
   vertex -0.28823569416999817 -0.21210430562496185 0.012000000104308128
   vertex -0.28960528969764709 -0.21283639967441559 0.011795559898018837
  endloop
 endfacet
 facet normal -0.11208343411683262 -0.067179954886618792 0.99142531612724583
  outer loop
   vertex -0.28318938612937927 -0.22052359580993652 0.012000000104308128
   vertex -0.28823569416999817 -0.21210430562496185 0.012000000104308128
   vertex -0.28448060154914856 -0.22138640284538269 0.011795559898018837
  endloop
 endfacet
 facet normal -0.10495872366420478 -0.077842298184085251 0.9914253592380019
  outer loop
   vertex -0.27854260802268982 -0.22939290106296539 0.011795559898018837
   vertex -0.28318938612937927 -0.22052359580993652 0.012000000104308128
   vertex -0.28448060154914856 -0.22138640284538269 0.011795559898018837
  endloop
 endfacet
 facet normal -0.10495989444284504 -0.077842907614723414 0.9914251874411063
  outer loop
   vertex -0.27734211087226868 -0.22840780019760132 0.012000000104308128
   vertex -0.28318938612937927 -0.22052359580993652 0.012000000104308128
   vertex -0.27854260802268982 -0.22939290106296539 0.011795559898018837
  endloop
 endfacet
 facet normal -0.096824506444891517 -0.087757110375443592 0.99142508770469151
  outer loop
   vertex -0.27184829115867615 -0.23677890002727509 0.011795559898018837
   vertex -0.27734211087226868 -0.22840780019760132 0.012000000104308128
   vertex -0.27854260802268982 -0.22939290106296539 0.011795559898018837
  endloop
 endfacet
 facet normal -0.096823827230875514 -0.087756667196123989 0.99142519326623646
  outer loop
   vertex -0.27075019478797913 -0.23568080365657806 0.012000000104308128
   vertex -0.27734211087226868 -0.22840780019760132 0.012000000104308128
   vertex -0.27184829115867615 -0.23677890002727509 0.011795559898018837
  endloop
 endfacet
 facet normal -0.087756499845124972 -0.096823994302009955 0.99142519176301813
  outer loop
   vertex -0.26446241140365601 -0.24347309768199921 0.011795559898018837
   vertex -0.27075019478797913 -0.23568080365657806 0.012000000104308128
   vertex -0.27184829115867615 -0.23677890002727509 0.011795559898018837
  endloop
 endfacet
 facet normal -0.087757601047469644 -0.096824878066009784 0.99142500797886646
  outer loop
   vertex -0.26347720623016357 -0.24227270483970642 0.012000000104308128
   vertex -0.27075019478797913 -0.23568080365657806 0.012000000104308128
   vertex -0.26446241140365601 -0.24347309768199921 0.011795559898018837
  endloop
 endfacet
 facet normal -0.077844356158131622 -0.1049610221976726 0.99142495431250144
  outer loop
   vertex -0.25645580887794495 -0.2494111955165863 0.011795559898018837
   vertex -0.26347720623016357 -0.24227270483970642 0.012000000104308128
   vertex -0.26446241140365601 -0.24347309768199921 0.011795559898018837
  endloop
 endfacet
 facet normal -0.077846065428168548 -0.10496269451625594 0.99142464305525535
  outer loop
   vertex -0.25559309124946594 -0.24811999499797821 0.012000000104308128
   vertex -0.26347720623016357 -0.24227270483970642 0.012000000104308128
   vertex -0.25645580887794495 -0.2494111955165863 0.011795559898018837
  endloop
 endfacet
 facet normal -0.067183054138406695 -0.11208720780947891 0.9914246794800452
  outer loop
   vertex -0.24790580570697784 -0.25453591346740723 0.011795559898018837
   vertex -0.25559309124946594 -0.24811999499797821 0.012000000104308128
   vertex -0.25645580887794495 -0.2494111955165863 0.011795559898018837
  endloop
 endfacet
 facet normal -0.067179429037993676 -0.11208288775561794 0.99142541352665081
  outer loop
   vertex -0.24717380106449127 -0.25316628813743591 0.012000000104308128
   vertex -0.25559309124946594 -0.24811999499797821 0.012000000104308128
   vertex -0.24790580570697784 -0.25453591346740723 0.011795559898018837
  endloop
 endfacet
 facet normal -0.05586947298582106 -0.11812757264204272 0.99142547807184445
  outer loop
   vertex -0.23889470100402832 -0.25879779458045959 0.011795559898018837
   vertex -0.24717380106449127 -0.25316628813743591 0.012000000104308128
   vertex -0.24790580570697784 -0.25453591346740723 0.011795559898018837
  endloop
 endfacet
 facet normal -0.055872437414720783 -0.11813190595740576 0.99142479469307643
  outer loop
   vertex -0.23830039799213409 -0.25736311078071594 0.012000000104308128
   vertex -0.24717380106449127 -0.25316628813743591 0.012000000104308128
   vertex -0.23889470100402832 -0.25879779458045959 0.011795559898018837
  endloop
 endfacet
 facet normal -0.044024712122808202 -0.12303969955783368 0.99142476116709022
  outer loop
   vertex -0.22950920462608337 -0.26215600967407227 0.011795559898018837
   vertex -0.23830039799213409 -0.25736311078071594 0.012000000104308128
   vertex -0.23889470100402832 -0.25879779458045959 0.011795559898018837
  endloop
 endfacet
 facet normal -0.044025682098671387 -0.12304146750316763 0.9914244986837949
  outer loop
   vertex -0.2290583997964859 -0.260670006275177 0.012000000104308128
   vertex -0.23830039799213409 -0.25736311078071594 0.012000000104308128
   vertex -0.22950920462608337 -0.26215600967407227 0.011795559898018837
  endloop
 endfacet
 facet normal -0.031753023967940289 -0.12676458700420912 0.99142447264052536
  outer loop
   vertex -0.21983970701694489 -0.26457810401916504 0.011795559898018837
   vertex -0.2290583997964859 -0.260670006275177 0.012000000104308128
   vertex -0.22950920462608337 -0.26215600967407227 0.011795559898018837
  endloop
 endfacet
 facet normal -0.031750429231311404 -0.12675851134314464 0.9914253325620126
  outer loop
   vertex -0.21953670680522919 -0.26305499672889709 0.012000000104308128
   vertex -0.2290583997964859 -0.260670006275177 0.012000000104308128
   vertex -0.21983970701694489 -0.26457810401916504 0.011795559898018837
  endloop
 endfacet
 facet normal -0.019173591174318487 -0.12926048566867354 0.99142528727392187
  outer loop
   vertex -0.20997940003871918 -0.26604071259498596 0.011795559898018837
   vertex -0.21953670680522919 -0.26305499672889709 0.012000000104308128
   vertex -0.21983970701694489 -0.26457810401916504 0.011795559898018837
  endloop
 endfacet
 facet normal -0.019175512767476154 -0.12926657975760783 0.99142445555265291
  outer loop
   vertex -0.20982719957828522 -0.26449531316757202 0.012000000104308128
   vertex -0.21953670680522919 -0.26305499672889709 0.012000000104308128
   vertex -0.20997940003871918 -0.26604071259498596 0.011795559898018837
  endloop
 endfacet
 facet normal 0.99879562898008578 0.049064156283645174 -9.9221430251818071e-06
  outer loop
   vertex -0.29956468939781189 -0.1747577041387558 0.012000000104308128
   vertex -0.3000464141368866 -0.16495369374752045 1.3322680133619921e-17
   vertex -0.30004629492759705 -0.16495369374752045 0.012000000104308128
  endloop
 endfacet
 facet normal 0.99879503380955192 0.049076271632795883 0
  outer loop
   vertex -0.29956468939781189 -0.1747577041387558 1.3322680133619921e-17
   vertex -0.3000464141368866 -0.16495369374752045 1.3322680133619921e-17
   vertex -0.29956468939781189 -0.1747577041387558 0.012000000104308128
  endloop
 endfacet
 facet normal 0.98917645035921675 0.14673087628287362 -0
  outer loop
   vertex -0.29812440276145935 -0.18446730077266693 0.012000000104308128
   vertex -0.29956468939781189 -0.1747577041387558 1.3322680133619921e-17
   vertex -0.29956468939781189 -0.1747577041387558 0.012000000104308128
  endloop
 endfacet
 facet normal 0.98917645035921675 0.14673087628287362 0
  outer loop
   vertex -0.29812440276145935 -0.18446730077266693 1.3322680133619921e-17
   vertex -0.29956468939781189 -0.1747577041387558 1.3322680133619921e-17
   vertex -0.29812440276145935 -0.18446730077266693 0.012000000104308128
  endloop
 endfacet
 facet normal 0.97003238378257739 0.24297566629827452 -0
  outer loop
   vertex -0.29573941230773926 -0.19398890435695648 0.012000000104308128
   vertex -0.29812440276145935 -0.18446730077266693 1.3322680133619921e-17
   vertex -0.29812440276145935 -0.18446730077266693 0.012000000104308128
  endloop
 endfacet
 facet normal 0.97003238378257739 0.24297566629827452 0
  outer loop
   vertex -0.29573941230773926 -0.19398890435695648 1.3322680133619921e-17
   vertex -0.29812440276145935 -0.18446730077266693 1.3322680133619921e-17
   vertex -0.29573941230773926 -0.19398890435695648 0.012000000104308128
  endloop
 endfacet
 facet normal 0.9415425094240385 0.33689420141564347 -0
  outer loop
   vertex -0.29243248701095581 -0.20323100686073303 0.012000000104308128
   vertex -0.29573941230773926 -0.19398890435695648 1.3322680133619921e-17
   vertex -0.29573941230773926 -0.19398890435695648 0.012000000104308128
  endloop
 endfacet
 facet normal 0.9415425094240385 0.33689420141564347 0
  outer loop
   vertex -0.29243248701095581 -0.20323100686073303 1.3322680133619921e-17
   vertex -0.29573941230773926 -0.19398890435695648 1.3322680133619921e-17
   vertex -0.29243248701095581 -0.20323100686073303 0.012000000104308128
  endloop
 endfacet
 facet normal 0.90398791182353344 0.4275580139313585 -0
  outer loop
   vertex -0.28823569416999817 -0.21210430562496185 0.012000000104308128
   vertex -0.29243248701095581 -0.20323100686073303 1.3322680133619921e-17
   vertex -0.29243248701095581 -0.20323100686073303 0.012000000104308128
  endloop
 endfacet
 facet normal 0.90398791182353344 0.4275580139313585 0
  outer loop
   vertex -0.28823569416999817 -0.21210430562496185 1.3322680133619921e-17
   vertex -0.29243248701095581 -0.20323100686073303 1.3322680133619921e-17
   vertex -0.28823569416999817 -0.21210430562496185 0.012000000104308128
  endloop
 endfacet
 facet normal 0.8577295216890809 0.51410122312927875 -0
  outer loop
   vertex -0.28318938612937927 -0.22052359580993652 0.012000000104308128
   vertex -0.28823569416999817 -0.21210430562496185 1.3322680133619921e-17
   vertex -0.28823569416999817 -0.21210430562496185 0.012000000104308128
  endloop
 endfacet
 facet normal 0.8577295216890809 0.51410122312927875 0
  outer loop
   vertex -0.28318938612937927 -0.22052359580993652 1.3322680133619921e-17
   vertex -0.28823569416999817 -0.21210430562496185 1.3322680133619921e-17
   vertex -0.28318938612937927 -0.22052359580993652 0.012000000104308128
  endloop
 endfacet
 facet normal 0.80320993135944219 0.59569606861684099 -0
  outer loop
   vertex -0.27734211087226868 -0.22840780019760132 0.012000000104308128
   vertex -0.28318938612937927 -0.22052359580993652 1.3322680133619921e-17
   vertex -0.28318938612937927 -0.22052359580993652 0.012000000104308128
  endloop
 endfacet
 facet normal 0.80320993135944219 0.59569606861684099 0
  outer loop
   vertex -0.27734211087226868 -0.22840780019760132 1.3322680133619921e-17
   vertex -0.28318938612937927 -0.22052359580993652 1.3322680133619921e-17
   vertex -0.27734211087226868 -0.22840780019760132 0.012000000104308128
  endloop
 endfacet
 facet normal 0.74094859125837098 0.671561750781144 -0
  outer loop
   vertex -0.27075019478797913 -0.23568080365657806 0.012000000104308128
   vertex -0.27734211087226868 -0.22840780019760132 1.3322680133619921e-17
   vertex -0.27734211087226868 -0.22840780019760132 0.012000000104308128
  endloop
 endfacet
 facet normal 0.74094859125837098 0.671561750781144 0
  outer loop
   vertex -0.27075019478797913 -0.23568080365657806 1.3322680133619921e-17
   vertex -0.27734211087226868 -0.22840780019760132 1.3322680133619921e-17
   vertex -0.27075019478797913 -0.23568080365657806 0.012000000104308128
  endloop
 endfacet
 facet normal 0.67156167273336731 0.7409486619972816 -0
  outer loop
   vertex -0.26347720623016357 -0.24227270483970642 0.012000000104308128
   vertex -0.27075019478797913 -0.23568080365657806 1.3322680133619921e-17
   vertex -0.27075019478797913 -0.23568080365657806 0.012000000104308128
  endloop
 endfacet
 facet normal 0.67156167273336731 0.7409486619972816 0
  outer loop
   vertex -0.26347720623016357 -0.24227270483970642 1.3322680133619921e-17
   vertex -0.27075019478797913 -0.23568080365657806 1.3322680133619921e-17
   vertex -0.26347720623016357 -0.24227270483970642 0.012000000104308128
  endloop
 endfacet
 facet normal 0.59570140610556899 0.80320597281385286 -0
  outer loop
   vertex -0.25559309124946594 -0.24811999499797821 0.012000000104308128
   vertex -0.26347720623016357 -0.24227270483970642 1.3322680133619921e-17
   vertex -0.26347720623016357 -0.24227270483970642 0.012000000104308128
  endloop
 endfacet
 facet normal 0.59570140610556899 0.80320597281385286 0
  outer loop
   vertex -0.25559309124946594 -0.24811999499797821 1.3322680133619921e-17
   vertex -0.26347720623016357 -0.24227270483970642 1.3322680133619921e-17
   vertex -0.25559309124946594 -0.24811999499797821 0.012000000104308128
  endloop
 endfacet
 facet normal 0.51410010627575986 0.85773019110163795 -0
  outer loop
   vertex -0.24717380106449127 -0.25316628813743591 0.012000000104308128
   vertex -0.25559309124946594 -0.24811999499797821 1.3322680133619921e-17
   vertex -0.25559309124946594 -0.24811999499797821 0.012000000104308128
  endloop
 endfacet
 facet normal 0.51410010627575986 0.85773019110163795 0
  outer loop
   vertex -0.24717380106449127 -0.25316628813743591 1.3322680133619921e-17
   vertex -0.25559309124946594 -0.24811999499797821 1.3322680133619921e-17
   vertex -0.24717380106449127 -0.25316628813743591 0.012000000104308128
  endloop
 endfacet
 facet normal 0.42755638782668154 0.90398868091840634 -0
  outer loop
   vertex -0.23830039799213409 -0.25736311078071594 0.012000000104308128
   vertex -0.24717380106449127 -0.25316628813743591 1.3322680133619921e-17
   vertex -0.24717380106449127 -0.25316628813743591 0.012000000104308128
  endloop
 endfacet
 facet normal 0.42755638782668154 0.90398868091840634 0
  outer loop
   vertex -0.23830039799213409 -0.25736311078071594 1.3322680133619921e-17
   vertex -0.24717380106449127 -0.25316628813743591 1.3322680133619921e-17
   vertex -0.23830039799213409 -0.25736311078071594 0.012000000104308128
  endloop
 endfacet
 facet normal 0.33689488059887862 0.94154226640457694 -0
  outer loop
   vertex -0.2290583997964859 -0.260670006275177 0.012000000104308128
   vertex -0.23830039799213409 -0.25736311078071594 1.3322680133619921e-17
   vertex -0.23830039799213409 -0.25736311078071594 0.012000000104308128
  endloop
 endfacet
 facet normal 0.33689488059887862 0.94154226640457694 0
  outer loop
   vertex -0.2290583997964859 -0.260670006275177 1.3322680133619921e-17
   vertex -0.23830039799213409 -0.25736311078071594 1.3322680133619921e-17
   vertex -0.2290583997964859 -0.260670006275177 0.012000000104308128
  endloop
 endfacet
 facet normal 0.24297351949228738 0.97003292151634268 -0
  outer loop
   vertex -0.21953670680522919 -0.26305499672889709 0.012000000104308128
   vertex -0.2290583997964859 -0.260670006275177 1.3322680133619921e-17
   vertex -0.2290583997964859 -0.260670006275177 0.012000000104308128
  endloop
 endfacet
 facet normal 0.24297351949228738 0.97003292151634268 0
  outer loop
   vertex -0.21953670680522919 -0.26305499672889709 1.3322680133619921e-17
   vertex -0.2290583997964859 -0.260670006275177 1.3322680133619921e-17
   vertex -0.21953670680522919 -0.26305499672889709 0.012000000104308128
  endloop
 endfacet
 facet normal 0.14673516912008142 0.98917581356566797 -0
  outer loop
   vertex -0.20982719957828522 -0.26449531316757202 0.012000000104308128
   vertex -0.21953670680522919 -0.26305499672889709 1.3322680133619921e-17
   vertex -0.21953670680522919 -0.26305499672889709 0.012000000104308128
  endloop
 endfacet
 facet normal 0.14673516912008142 0.98917581356566797 0
  outer loop
   vertex -0.20982719957828522 -0.26449531316757202 1.3322680133619921e-17
   vertex -0.21953670680522919 -0.26305499672889709 1.3322680133619921e-17
   vertex -0.20982719957828522 -0.26449531316757202 0.012000000104308128
  endloop
 endfacet
 facet normal 0.049061201834856412 0.99879577415731957 -0
  outer loop
   vertex -0.20002320408821106 -0.26497688889503479 0.012000000104308128
   vertex -0.20982719957828522 -0.26449531316757202 1.3322680133619921e-17
   vertex -0.20982719957828522 -0.26449531316757202 0.012000000104308128
  endloop
 endfacet
 facet normal 0.049061201834856412 0.99879577415731957 0
  outer loop
   vertex -0.20002320408821106 -0.26497688889503479 1.3322680133619921e-17
   vertex -0.20982719957828522 -0.26449531316757202 1.3322680133619921e-17
   vertex -0.20002320408821106 -0.26497688889503479 0.012000000104308128
  endloop
 endfacet
 facet normal -0.13052970309815576 0 -0.9914443991516152
  outer loop
   vertex -0.3000464141368866 0.16504639387130737 1.3322680133619921e-17
   vertex -0.30159929394721985 0.1320464015007019 0.00020444609981495887
   vertex -0.30159929394721985 0.16504639387130737 0.00020444609981495887
  endloop
 endfacet
 facet normal -0.13052970309815576 -0 -0.9914443991516152
  outer loop
   vertex -0.30159929394721985 0.099046401679515839 0.00020444609981495887
   vertex -0.30159929394721985 0.1320464015007019 0.00020444609981495887
   vertex -0.3000464141368866 0.16504639387130737 1.3322680133619921e-17
  endloop
 endfacet
 facet normal -0.13052970309815576 -0 -0.9914443991516152
  outer loop
   vertex -0.30159929394721985 0.066046386957168579 0.00020444609981495887
   vertex -0.30159929394721985 0.099046401679515839 0.00020444609981495887
   vertex -0.3000464141368866 0.16504639387130737 1.3322680133619921e-17
  endloop
 endfacet
 facet normal -0.38267807686870414 -0 -0.92388175081233759
  outer loop
   vertex -0.30304640531539917 0.066046386957168579 0.00080384942702949047
   vertex -0.30159929394721985 0.099046401679515839 0.00020444609981495887
   vertex -0.30159929394721985 0.066046386957168579 0.00020444609981495887
  endloop
 endfacet
 facet normal -0.38267807686870414 -0 -0.92388175081233759
  outer loop
   vertex -0.30304640531539917 0.033046368509531021 0.00080384942702949047
   vertex -0.30304640531539917 0.066046386957168579 0.00080384942702949047
   vertex -0.30159929394721985 0.066046386957168579 0.00020444609981495887
  endloop
 endfacet
 facet normal -0.6087719133992836 -0 -0.79334529522533559
  outer loop
   vertex -0.30428901314735413 0.033046368509531021 0.0017573620425537229
   vertex -0.30304640531539917 0.066046386957168579 0.00080384942702949047
   vertex -0.30304640531539917 0.033046368509531021 0.00080384942702949047
  endloop
 endfacet
 facet normal -0.60877191339928372 -0 -0.7933452952253357
  outer loop
   vertex -0.30428901314735413 4.634807919501327e-05 0.0017573620425537229
   vertex -0.30428901314735413 0.033046368509531021 0.0017573620425537229
   vertex -0.30304640531539917 0.033046368509531021 0.00080384942702949047
  endloop
 endfacet
 facet normal -0.79335842214104468 -0 -0.60875480615587096
  outer loop
   vertex -0.30524250864982605 4.634807919501327e-05 0.0030000030528753996
   vertex -0.30428901314735413 0.033046368509531021 0.0017573620425537229
   vertex -0.30428901314735413 4.634807919501327e-05 0.0017573620425537229
  endloop
 endfacet
 facet normal -0.79335842214104457 -0 -0.60875480615587096
  outer loop
   vertex -0.30524250864982605 -0.032953668385744095 0.0030000030528753996
   vertex -0.30524250864982605 4.634807919501327e-05 0.0030000030528753996
   vertex -0.30428901314735413 4.634807919501327e-05 0.0017573620425537229
  endloop
 endfacet
 facet normal -0.92388358402921467 -0 -0.38267365098910722
  outer loop
   vertex -0.30584189295768738 -0.032953668385744095 0.004447088111191988
   vertex -0.30524250864982605 4.634807919501327e-05 0.0030000030528753996
   vertex -0.30524250864982605 -0.032953668385744095 0.0030000030528753996
  endloop
 endfacet
 facet normal -0.92388358402921478 -0 -0.38267365098910727
  outer loop
   vertex -0.30584189295768738 -0.065953686833381653 0.004447088111191988
   vertex -0.30584189295768738 -0.032953668385744095 0.004447088111191988
   vertex -0.30524250864982605 -0.032953668385744095 0.0030000030528753996
  endloop
 endfacet
 facet normal -0.99144741015762727 -0 -0.13050683082403669
  outer loop
   vertex -0.30604630708694458 -0.065953686833381653 0.0060000019147992134
   vertex -0.30584189295768738 -0.032953668385744095 0.004447088111191988
   vertex -0.30584189295768738 -0.065953686833381653 0.004447088111191988
  endloop
 endfacet
 facet normal -0.99144741015762716 -0 -0.13050683082403669
  outer loop
   vertex -0.30604630708694458 -0.098953709006309509 0.0060000019147992134
   vertex -0.30604630708694458 -0.065953686833381653 0.0060000019147992134
   vertex -0.30584189295768738 -0.065953686833381653 0.004447088111191988
  endloop
 endfacet
 facet normal -0.99144741522121993 0 0.13050679235642124
  outer loop
   vertex -0.30584189295768738 -0.098953709006309509 0.0075529161840677261
   vertex -0.30604630708694458 -0.065953686833381653 0.0060000019147992134
   vertex -0.30604630708694458 -0.098953709006309509 0.0060000019147992134
  endloop
 endfacet
 facet normal -0.99144741522121993 0 0.13050679235642124
  outer loop
   vertex -0.30584189295768738 -0.13195370137691498 0.0075529161840677261
   vertex -0.30584189295768738 -0.098953709006309509 0.0075529161840677261
   vertex -0.30604630708694458 -0.098953709006309509 0.0060000019147992134
  endloop
 endfacet
 facet normal -0.92388351872488539 0 0.38267380865238765
  outer loop
   vertex -0.30524250864982605 -0.13195370137691498 0.0090000005438923836
   vertex -0.30584189295768738 -0.098953709006309509 0.0075529161840677261
   vertex -0.30584189295768738 -0.13195370137691498 0.0075529161840677261
  endloop
 endfacet
 facet normal -0.92388351872488539 0 0.38267380865238765
  outer loop
   vertex -0.30524250864982605 -0.16495369374752045 0.0090000005438923836
   vertex -0.30524250864982605 -0.13195370137691498 0.0090000005438923836
   vertex -0.30584189295768738 -0.13195370137691498 0.0075529161840677261
  endloop
 endfacet
 facet normal -0.79335806407548137 0 0.60875527280377972
  outer loop
   vertex -0.30428901314735413 -0.16495369374752045 0.010242640040814877
   vertex -0.30524250864982605 -0.13195370137691498 0.0090000005438923836
   vertex -0.30524250864982605 -0.16495369374752045 0.0090000005438923836
  endloop
 endfacet
 facet normal -0.79335806407548137 0 0.60875527280377972
  outer loop
   vertex -0.30428901314735413 -0.13195370137691498 0.010242640040814877
   vertex -0.30524250864982605 -0.13195370137691498 0.0090000005438923836
   vertex -0.30428901314735413 -0.16495369374752045 0.010242640040814877
  endloop
 endfacet
 facet normal -0.6087342678544152 0 0.79337418103928048
  outer loop
   vertex -0.30304628610610962 -0.16495369374752045 0.011196150444447994
   vertex -0.30428901314735413 -0.13195370137691498 0.010242640040814877
   vertex -0.30428901314735413 -0.16495369374752045 0.010242640040814877
  endloop
 endfacet
 facet normal -0.6087342678544152 0 0.79337418103928048
  outer loop
   vertex -0.30304628610610962 -0.13195370137691498 0.011196150444447994
   vertex -0.30428901314735413 -0.13195370137691498 0.010242640040814877
   vertex -0.30304628610610962 -0.16495369374752045 0.011196150444447994
  endloop
 endfacet
 facet normal -0.3827083248020357 0 0.92386922133341987
  outer loop
   vertex -0.30159929394721985 -0.16495369374752045 0.011795559898018837
   vertex -0.30304628610610962 -0.13195370137691498 0.011196150444447994
   vertex -0.30304628610610962 -0.16495369374752045 0.011196150444447994
  endloop
 endfacet
 facet normal -0.3827083248020357 0 0.92386922133341987
  outer loop
   vertex -0.30159929394721985 -0.13195370137691498 0.011795559898018837
   vertex -0.30304628610610962 -0.13195370137691498 0.011196150444447994
   vertex -0.30159929394721985 -0.16495369374752045 0.011795559898018837
  endloop
 endfacet
 facet normal -0.13051615586437254 0 0.9914461826334231
  outer loop
   vertex -0.30004629492759705 -0.16495369374752045 0.012000000104308128
   vertex -0.30159929394721985 -0.13195370137691498 0.011795559898018837
   vertex -0.30159929394721985 -0.16495369374752045 0.011795559898018837
  endloop
 endfacet
 facet normal -0.13051615586437254 0 0.9914461826334231
  outer loop
   vertex -0.30159929394721985 -0.098953709006309509 0.011795559898018837
   vertex -0.30159929394721985 -0.13195370137691498 0.011795559898018837
   vertex -0.30004629492759705 -0.16495369374752045 0.012000000104308128
  endloop
 endfacet
 facet normal -0.13051615586437254 0 0.9914461826334231
  outer loop
   vertex -0.30159929394721985 -0.065953686833381653 0.011795559898018837
   vertex -0.30159929394721985 -0.098953709006309509 0.011795559898018837
   vertex -0.30004629492759705 -0.16495369374752045 0.012000000104308128
  endloop
 endfacet
 facet normal -0.3827083248020357 0 0.92386922133341975
  outer loop
   vertex -0.30304628610610962 -0.065953686833381653 0.011196150444447994
   vertex -0.30159929394721985 -0.098953709006309509 0.011795559898018837
   vertex -0.30159929394721985 -0.065953686833381653 0.011795559898018837
  endloop
 endfacet
 facet normal -0.38270832480203576 0 0.92386922133341987
  outer loop
   vertex -0.30304628610610962 -0.032953668385744095 0.011196150444447994
   vertex -0.30304628610610962 -0.065953686833381653 0.011196150444447994
   vertex -0.30159929394721985 -0.065953686833381653 0.011795559898018837
  endloop
 endfacet
 facet normal -0.6087342678544152 0 0.79337418103928048
  outer loop
   vertex -0.30428901314735413 -0.032953668385744095 0.010242640040814877
   vertex -0.30304628610610962 -0.065953686833381653 0.011196150444447994
   vertex -0.30304628610610962 -0.032953668385744095 0.011196150444447994
  endloop
 endfacet
 facet normal -0.6087342678544152 0 0.79337418103928048
  outer loop
   vertex -0.30428901314735413 4.634807919501327e-05 0.010242640040814877
   vertex -0.30428901314735413 -0.032953668385744095 0.010242640040814877
   vertex -0.30304628610610962 -0.032953668385744095 0.011196150444447994
  endloop
 endfacet
 facet normal -0.79335806407548137 0 0.60875527280377983
  outer loop
   vertex -0.30524250864982605 4.634807919501327e-05 0.0090000005438923836
   vertex -0.30428901314735413 -0.032953668385744095 0.010242640040814877
   vertex -0.30428901314735413 4.634807919501327e-05 0.010242640040814877
  endloop
 endfacet
 facet normal -0.79335806407548137 0 0.60875527280377983
  outer loop
   vertex -0.30524250864982605 0.033046368509531021 0.0090000005438923836
   vertex -0.30524250864982605 4.634807919501327e-05 0.0090000005438923836
   vertex -0.30428901314735413 4.634807919501327e-05 0.010242640040814877
  endloop
 endfacet
 facet normal -0.9238835187248855 0 0.38267380865238765
  outer loop
   vertex -0.30584189295768738 0.033046368509531021 0.0075529161840677261
   vertex -0.30524250864982605 4.634807919501327e-05 0.0090000005438923836
   vertex -0.30524250864982605 0.033046368509531021 0.0090000005438923836
  endloop
 endfacet
 facet normal -0.9238835187248855 0 0.38267380865238765
  outer loop
   vertex -0.30584189295768738 0.066046386957168579 0.0075529161840677261
   vertex -0.30584189295768738 0.033046368509531021 0.0075529161840677261
   vertex -0.30524250864982605 0.033046368509531021 0.0090000005438923836
  endloop
 endfacet
 facet normal -0.99144741522121982 0 0.13050679235642124
  outer loop
   vertex -0.30604630708694458 0.066046386957168579 0.0060000019147992134
   vertex -0.30584189295768738 0.033046368509531021 0.0075529161840677261
   vertex -0.30584189295768738 0.066046386957168579 0.0075529161840677261
  endloop
 endfacet
 facet normal -0.99144741522121982 0 0.13050679235642124
  outer loop
   vertex -0.30604630708694458 0.099046401679515839 0.0060000019147992134
   vertex -0.30604630708694458 0.066046386957168579 0.0060000019147992134
   vertex -0.30584189295768738 0.066046386957168579 0.0075529161840677261
  endloop
 endfacet
 facet normal -0.99144741015762727 0 -0.13050683082403672
  outer loop
   vertex -0.30584189295768738 0.099046401679515839 0.004447088111191988
   vertex -0.30604630708694458 0.066046386957168579 0.0060000019147992134
   vertex -0.30604630708694458 0.099046401679515839 0.0060000019147992134
  endloop
 endfacet
 facet normal -0.99144741015762716 0 -0.13050683082403669
  outer loop
   vertex -0.30584189295768738 0.1320464015007019 0.004447088111191988
   vertex -0.30584189295768738 0.099046401679515839 0.004447088111191988
   vertex -0.30604630708694458 0.099046401679515839 0.0060000019147992134
  endloop
 endfacet
 facet normal -0.92388358402921478 0 -0.38267365098910727
  outer loop
   vertex -0.30524250864982605 0.1320464015007019 0.0030000030528753996
   vertex -0.30584189295768738 0.099046401679515839 0.004447088111191988
   vertex -0.30584189295768738 0.1320464015007019 0.004447088111191988
  endloop
 endfacet
 facet normal -0.92388358402921467 0 -0.38267365098910722
  outer loop
   vertex -0.30524250864982605 0.16504639387130737 0.0030000030528753996
   vertex -0.30524250864982605 0.1320464015007019 0.0030000030528753996
   vertex -0.30584189295768738 0.1320464015007019 0.004447088111191988
  endloop
 endfacet
 facet normal -0.79335842214104457 0 -0.60875480615587096
  outer loop
   vertex -0.30428901314735413 0.16504639387130737 0.0017573620425537229
   vertex -0.30524250864982605 0.1320464015007019 0.0030000030528753996
   vertex -0.30524250864982605 0.16504639387130737 0.0030000030528753996
  endloop
 endfacet
 facet normal -0.79335842214104457 0 -0.60875480615587096
  outer loop
   vertex -0.30428901314735413 0.1320464015007019 0.0017573620425537229
   vertex -0.30524250864982605 0.1320464015007019 0.0030000030528753996
   vertex -0.30428901314735413 0.16504639387130737 0.0017573620425537229
  endloop
 endfacet
 facet normal -0.60877191339928372 0 -0.79334529522533581
  outer loop
   vertex -0.30304640531539917 0.16504639387130737 0.00080384942702949047
   vertex -0.30428901314735413 0.1320464015007019 0.0017573620425537229
   vertex -0.30428901314735413 0.16504639387130737 0.0017573620425537229
  endloop
 endfacet
 facet normal -0.60877191339928372 0 -0.79334529522533581
  outer loop
   vertex -0.30304640531539917 0.1320464015007019 0.00080384942702949047
   vertex -0.30428901314735413 0.1320464015007019 0.0017573620425537229
   vertex -0.30304640531539917 0.16504639387130737 0.00080384942702949047
  endloop
 endfacet
 facet normal -0.38267807686870414 0 -0.92388175081233759
  outer loop
   vertex -0.30159929394721985 0.16504639387130737 0.00020444609981495887
   vertex -0.30304640531539917 0.1320464015007019 0.00080384942702949047
   vertex -0.30304640531539917 0.16504639387130737 0.00080384942702949047
  endloop
 endfacet
 facet normal -0.38267807686870414 0 -0.92388175081233759
  outer loop
   vertex -0.30159929394721985 0.1320464015007019 0.00020444609981495887
   vertex -0.30304640531539917 0.1320464015007019 0.00080384942702949047
   vertex -0.30159929394721985 0.16504639387130737 0.00020444609981495887
  endloop
 endfacet
 facet normal -0.92388358402921467 -0 -0.38267365098910722
  outer loop
   vertex -0.30584189295768738 0.1320464015007019 0.004447088111191988
   vertex -0.30584189295768738 0.16504639387130737 0.004447088111191988
   vertex -0.30524250864982605 0.16504639387130737 0.0030000030528753996
  endloop
 endfacet
 facet normal -0.99144741015762727 -0 -0.13050683082403672
  outer loop
   vertex -0.30604630708694458 0.1320464015007019 0.0060000019147992134
   vertex -0.30584189295768738 0.16504639387130737 0.004447088111191988
   vertex -0.30584189295768738 0.1320464015007019 0.004447088111191988
  endloop
 endfacet
 facet normal -0.99144741015762716 -0 -0.13050683082403669
  outer loop
   vertex -0.30604630708694458 0.099046401679515839 0.0060000019147992134
   vertex -0.30604630708694458 0.1320464015007019 0.0060000019147992134
   vertex -0.30584189295768738 0.1320464015007019 0.004447088111191988
  endloop
 endfacet
 facet normal -0.99144741522121993 0 0.13050679235642124
  outer loop
   vertex -0.30584189295768738 0.099046401679515839 0.0075529161840677261
   vertex -0.30604630708694458 0.1320464015007019 0.0060000019147992134
   vertex -0.30604630708694458 0.099046401679515839 0.0060000019147992134
  endloop
 endfacet
 facet normal -0.99144741522121982 0 0.13050679235642124
  outer loop
   vertex -0.30584189295768738 0.066046386957168579 0.0075529161840677261
   vertex -0.30584189295768738 0.099046401679515839 0.0075529161840677261
   vertex -0.30604630708694458 0.099046401679515839 0.0060000019147992134
  endloop
 endfacet
 facet normal -0.9238835187248855 0 0.38267380865238765
  outer loop
   vertex -0.30524250864982605 0.066046386957168579 0.0090000005438923836
   vertex -0.30584189295768738 0.099046401679515839 0.0075529161840677261
   vertex -0.30584189295768738 0.066046386957168579 0.0075529161840677261
  endloop
 endfacet
 facet normal -0.9238835187248855 0 0.38267380865238765
  outer loop
   vertex -0.30524250864982605 0.033046368509531021 0.0090000005438923836
   vertex -0.30524250864982605 0.066046386957168579 0.0090000005438923836
   vertex -0.30584189295768738 0.066046386957168579 0.0075529161840677261
  endloop
 endfacet
 facet normal -0.79335806407548137 0 0.60875527280377983
  outer loop
   vertex -0.30428901314735413 0.033046368509531021 0.010242640040814877
   vertex -0.30524250864982605 0.066046386957168579 0.0090000005438923836
   vertex -0.30524250864982605 0.033046368509531021 0.0090000005438923836
  endloop
 endfacet
 facet normal -0.79335806407548137 0 0.60875527280377983
  outer loop
   vertex -0.30428901314735413 4.634807919501327e-05 0.010242640040814877
   vertex -0.30428901314735413 0.033046368509531021 0.010242640040814877
   vertex -0.30524250864982605 0.033046368509531021 0.0090000005438923836
  endloop
 endfacet
 facet normal -0.6087342678544152 0 0.79337418103928059
  outer loop
   vertex -0.30304628610610962 4.634807919501327e-05 0.011196150444447994
   vertex -0.30428901314735413 0.033046368509531021 0.010242640040814877
   vertex -0.30428901314735413 4.634807919501327e-05 0.010242640040814877
  endloop
 endfacet
 facet normal -0.6087342678544152 0 0.79337418103928048
  outer loop
   vertex -0.30304628610610962 -0.032953668385744095 0.011196150444447994
   vertex -0.30304628610610962 4.634807919501327e-05 0.011196150444447994
   vertex -0.30428901314735413 4.634807919501327e-05 0.010242640040814877
  endloop
 endfacet
 facet normal -0.3827083248020357 0 0.92386922133341987
  outer loop
   vertex -0.30159929394721985 -0.032953668385744095 0.011795559898018837
   vertex -0.30304628610610962 4.634807919501327e-05 0.011196150444447994
   vertex -0.30304628610610962 -0.032953668385744095 0.011196150444447994
  endloop
 endfacet
 facet normal -0.38270832480203576 0 0.92386922133341987
  outer loop
   vertex -0.30159929394721985 -0.065953686833381653 0.011795559898018837
   vertex -0.30159929394721985 -0.032953668385744095 0.011795559898018837
   vertex -0.30304628610610962 -0.032953668385744095 0.011196150444447994
  endloop
 endfacet
 facet normal -0.13051615586437254 0 0.9914461826334231
  outer loop
   vertex -0.30004629492759705 -0.16495369374752045 0.012000000104308128
   vertex -0.30159929394721985 -0.032953668385744095 0.011795559898018837
   vertex -0.30159929394721985 -0.065953686833381653 0.011795559898018837
  endloop
 endfacet
 facet normal -0.99144741015762727 -0 -0.13050683082403672
  outer loop
   vertex -0.30604630708694458 0.1320464015007019 0.0060000019147992134
   vertex -0.30604630708694458 0.16504639387130737 0.0060000019147992134
   vertex -0.30584189295768738 0.16504639387130737 0.004447088111191988
  endloop
 endfacet
 facet normal -0.99144741522121993 0 0.13050679235642124
  outer loop
   vertex -0.30584189295768738 0.1320464015007019 0.0075529161840677261
   vertex -0.30604630708694458 0.16504639387130737 0.0060000019147992134
   vertex -0.30604630708694458 0.1320464015007019 0.0060000019147992134
  endloop
 endfacet
 facet normal -0.99144741522121993 0 0.13050679235642124
  outer loop
   vertex -0.30584189295768738 0.099046401679515839 0.0075529161840677261
   vertex -0.30584189295768738 0.1320464015007019 0.0075529161840677261
   vertex -0.30604630708694458 0.1320464015007019 0.0060000019147992134
  endloop
 endfacet
 facet normal -0.9238835187248855 0 0.38267380865238765
  outer loop
   vertex -0.30524250864982605 0.099046401679515839 0.0090000005438923836
   vertex -0.30584189295768738 0.1320464015007019 0.0075529161840677261
   vertex -0.30584189295768738 0.099046401679515839 0.0075529161840677261
  endloop
 endfacet
 facet normal -0.9238835187248855 0 0.38267380865238765
  outer loop
   vertex -0.30524250864982605 0.066046386957168579 0.0090000005438923836
   vertex -0.30524250864982605 0.099046401679515839 0.0090000005438923836
   vertex -0.30584189295768738 0.099046401679515839 0.0075529161840677261
  endloop
 endfacet
 facet normal -0.79335806407548137 0 0.60875527280377972
  outer loop
   vertex -0.30428901314735413 0.066046386957168579 0.010242640040814877
   vertex -0.30524250864982605 0.099046401679515839 0.0090000005438923836
   vertex -0.30524250864982605 0.066046386957168579 0.0090000005438923836
  endloop
 endfacet
 facet normal -0.79335806407548137 0 0.60875527280377983
  outer loop
   vertex -0.30428901314735413 0.033046368509531021 0.010242640040814877
   vertex -0.30428901314735413 0.066046386957168579 0.010242640040814877
   vertex -0.30524250864982605 0.066046386957168579 0.0090000005438923836
  endloop
 endfacet
 facet normal -0.6087342678544152 0 0.79337418103928048
  outer loop
   vertex -0.30304628610610962 0.033046368509531021 0.011196150444447994
   vertex -0.30428901314735413 0.066046386957168579 0.010242640040814877
   vertex -0.30428901314735413 0.033046368509531021 0.010242640040814877
  endloop
 endfacet
 facet normal -0.6087342678544152 0 0.79337418103928059
  outer loop
   vertex -0.30304628610610962 4.634807919501327e-05 0.011196150444447994
   vertex -0.30304628610610962 0.033046368509531021 0.011196150444447994
   vertex -0.30428901314735413 0.033046368509531021 0.010242640040814877
  endloop
 endfacet
 facet normal -0.38270832480203576 0 0.92386922133341998
  outer loop
   vertex -0.30159929394721985 4.634807919501327e-05 0.011795559898018837
   vertex -0.30304628610610962 0.033046368509531021 0.011196150444447994
   vertex -0.30304628610610962 4.634807919501327e-05 0.011196150444447994
  endloop
 endfacet
 facet normal -0.3827083248020357 0 0.92386922133341987
  outer loop
   vertex -0.30159929394721985 -0.032953668385744095 0.011795559898018837
   vertex -0.30159929394721985 4.634807919501327e-05 0.011795559898018837
   vertex -0.30304628610610962 4.634807919501327e-05 0.011196150444447994
  endloop
 endfacet
 facet normal -0.13051615586437254 0 0.9914461826334231
  outer loop
   vertex -0.30004629492759705 -0.16495369374752045 0.012000000104308128
   vertex -0.30159929394721985 4.634807919501327e-05 0.011795559898018837
   vertex -0.30159929394721985 -0.032953668385744095 0.011795559898018837
  endloop
 endfacet
 facet normal -0.99144741522121993 0 0.13050679235642124
  outer loop
   vertex -0.30584189295768738 0.1320464015007019 0.0075529161840677261
   vertex -0.30584189295768738 0.16504639387130737 0.0075529161840677261
   vertex -0.30604630708694458 0.16504639387130737 0.0060000019147992134
  endloop
 endfacet
 facet normal -0.92388351872488539 0 0.38267380865238765
  outer loop
   vertex -0.30524250864982605 0.1320464015007019 0.0090000005438923836
   vertex -0.30584189295768738 0.16504639387130737 0.0075529161840677261
   vertex -0.30584189295768738 0.1320464015007019 0.0075529161840677261
  endloop
 endfacet
 facet normal -0.9238835187248855 0 0.38267380865238765
  outer loop
   vertex -0.30524250864982605 0.099046401679515839 0.0090000005438923836
   vertex -0.30524250864982605 0.1320464015007019 0.0090000005438923836
   vertex -0.30584189295768738 0.1320464015007019 0.0075529161840677261
  endloop
 endfacet
 facet normal -0.79335806407548137 0 0.60875527280377972
  outer loop
   vertex -0.30428901314735413 0.099046401679515839 0.010242640040814877
   vertex -0.30524250864982605 0.1320464015007019 0.0090000005438923836
   vertex -0.30524250864982605 0.099046401679515839 0.0090000005438923836
  endloop
 endfacet
 facet normal -0.79335806407548137 0 0.60875527280377972
  outer loop
   vertex -0.30428901314735413 0.066046386957168579 0.010242640040814877
   vertex -0.30428901314735413 0.099046401679515839 0.010242640040814877
   vertex -0.30524250864982605 0.099046401679515839 0.0090000005438923836
  endloop
 endfacet
 facet normal -0.60873426785441531 0 0.79337418103928059
  outer loop
   vertex -0.30304628610610962 0.066046386957168579 0.011196150444447994
   vertex -0.30428901314735413 0.099046401679515839 0.010242640040814877
   vertex -0.30428901314735413 0.066046386957168579 0.010242640040814877
  endloop
 endfacet
 facet normal -0.6087342678544152 0 0.79337418103928048
  outer loop
   vertex -0.30304628610610962 0.033046368509531021 0.011196150444447994
   vertex -0.30304628610610962 0.066046386957168579 0.011196150444447994
   vertex -0.30428901314735413 0.066046386957168579 0.010242640040814877
  endloop
 endfacet
 facet normal -0.38270832480203576 0 0.92386922133341987
  outer loop
   vertex -0.30159929394721985 0.033046368509531021 0.011795559898018837
   vertex -0.30304628610610962 0.066046386957168579 0.011196150444447994
   vertex -0.30304628610610962 0.033046368509531021 0.011196150444447994
  endloop
 endfacet
 facet normal -0.38270832480203576 0 0.92386922133341998
  outer loop
   vertex -0.30159929394721985 4.634807919501327e-05 0.011795559898018837
   vertex -0.30159929394721985 0.033046368509531021 0.011795559898018837
   vertex -0.30304628610610962 0.033046368509531021 0.011196150444447994
  endloop
 endfacet
 facet normal -0.13051615586437254 0 0.9914461826334231
  outer loop
   vertex -0.30004629492759705 0.16504639387130737 0.012000000104308128
   vertex -0.30159929394721985 0.033046368509531021 0.011795559898018837
   vertex -0.30159929394721985 4.634807919501327e-05 0.011795559898018837
  endloop
 endfacet
 facet normal -0.13051615586437254 0 0.9914461826334231
  outer loop
   vertex -0.30004629492759705 -0.16495369374752045 0.012000000104308128
   vertex -0.30004629492759705 0.16504639387130737 0.012000000104308128
   vertex -0.30159929394721985 4.634807919501327e-05 0.011795559898018837
  endloop
 endfacet
 facet normal -0.92388351872488539 0 0.38267380865238765
  outer loop
   vertex -0.30524250864982605 0.1320464015007019 0.0090000005438923836
   vertex -0.30524250864982605 0.16504639387130737 0.0090000005438923836
   vertex -0.30584189295768738 0.16504639387130737 0.0075529161840677261
  endloop
 endfacet
 facet normal -0.79335806407548137 0 0.60875527280377972
  outer loop
   vertex -0.30428901314735413 0.1320464015007019 0.010242640040814877
   vertex -0.30524250864982605 0.16504639387130737 0.0090000005438923836
   vertex -0.30524250864982605 0.1320464015007019 0.0090000005438923836
  endloop
 endfacet
 facet normal -0.79335806407548137 0 0.60875527280377972
  outer loop
   vertex -0.30428901314735413 0.099046401679515839 0.010242640040814877
   vertex -0.30428901314735413 0.1320464015007019 0.010242640040814877
   vertex -0.30524250864982605 0.1320464015007019 0.0090000005438923836
  endloop
 endfacet
 facet normal -0.6087342678544152 0 0.79337418103928048
  outer loop
   vertex -0.30304628610610962 0.099046401679515839 0.011196150444447994
   vertex -0.30428901314735413 0.1320464015007019 0.010242640040814877
   vertex -0.30428901314735413 0.099046401679515839 0.010242640040814877
  endloop
 endfacet
 facet normal -0.60873426785441531 0 0.79337418103928059
  outer loop
   vertex -0.30304628610610962 0.066046386957168579 0.011196150444447994
   vertex -0.30304628610610962 0.099046401679515839 0.011196150444447994
   vertex -0.30428901314735413 0.099046401679515839 0.010242640040814877
  endloop
 endfacet
 facet normal -0.3827083248020357 0 0.92386922133341975
  outer loop
   vertex -0.30159929394721985 0.066046386957168579 0.011795559898018837
   vertex -0.30304628610610962 0.099046401679515839 0.011196150444447994
   vertex -0.30304628610610962 0.066046386957168579 0.011196150444447994
  endloop
 endfacet
 facet normal -0.38270832480203576 0 0.92386922133341987
  outer loop
   vertex -0.30159929394721985 0.033046368509531021 0.011795559898018837
   vertex -0.30159929394721985 0.066046386957168579 0.011795559898018837
   vertex -0.30304628610610962 0.066046386957168579 0.011196150444447994
  endloop
 endfacet
 facet normal -0.13051615586437254 0 0.9914461826334231
  outer loop
   vertex -0.30004629492759705 0.16504639387130737 0.012000000104308128
   vertex -0.30159929394721985 0.066046386957168579 0.011795559898018837
   vertex -0.30159929394721985 0.033046368509531021 0.011795559898018837
  endloop
 endfacet
 facet normal -0.79335806407548137 0 0.60875527280377972
  outer loop
   vertex -0.30428901314735413 0.1320464015007019 0.010242640040814877
   vertex -0.30428901314735413 0.16504639387130737 0.010242640040814877
   vertex -0.30524250864982605 0.16504639387130737 0.0090000005438923836
  endloop
 endfacet
 facet normal -0.6087342678544152 0 0.79337418103928048
  outer loop
   vertex -0.30304628610610962 0.1320464015007019 0.011196150444447994
   vertex -0.30428901314735413 0.16504639387130737 0.010242640040814877
   vertex -0.30428901314735413 0.1320464015007019 0.010242640040814877
  endloop
 endfacet
 facet normal -0.6087342678544152 0 0.79337418103928048
  outer loop
   vertex -0.30304628610610962 0.099046401679515839 0.011196150444447994
   vertex -0.30304628610610962 0.1320464015007019 0.011196150444447994
   vertex -0.30428901314735413 0.1320464015007019 0.010242640040814877
  endloop
 endfacet
 facet normal -0.3827083248020357 0 0.92386922133341987
  outer loop
   vertex -0.30159929394721985 0.099046401679515839 0.011795559898018837
   vertex -0.30304628610610962 0.1320464015007019 0.011196150444447994
   vertex -0.30304628610610962 0.099046401679515839 0.011196150444447994
  endloop
 endfacet
 facet normal -0.3827083248020357 0 0.92386922133341975
  outer loop
   vertex -0.30159929394721985 0.066046386957168579 0.011795559898018837
   vertex -0.30159929394721985 0.099046401679515839 0.011795559898018837
   vertex -0.30304628610610962 0.099046401679515839 0.011196150444447994
  endloop
 endfacet
 facet normal -0.13051615586437254 0 0.99144618263342299
  outer loop
   vertex -0.30004629492759705 0.16504639387130737 0.012000000104308128
   vertex -0.30159929394721985 0.099046401679515839 0.011795559898018837
   vertex -0.30159929394721985 0.066046386957168579 0.011795559898018837
  endloop
 endfacet
 facet normal -0.6087342678544152 0 0.79337418103928048
  outer loop
   vertex -0.30304628610610962 0.1320464015007019 0.011196150444447994
   vertex -0.30304628610610962 0.16504639387130737 0.011196150444447994
   vertex -0.30428901314735413 0.16504639387130737 0.010242640040814877
  endloop
 endfacet
 facet normal -0.3827083248020357 0 0.92386922133341987
  outer loop
   vertex -0.30159929394721985 0.1320464015007019 0.011795559898018837
   vertex -0.30304628610610962 0.16504639387130737 0.011196150444447994
   vertex -0.30304628610610962 0.1320464015007019 0.011196150444447994
  endloop
 endfacet
 facet normal -0.3827083248020357 0 0.92386922133341987
  outer loop
   vertex -0.30159929394721985 0.099046401679515839 0.011795559898018837
   vertex -0.30159929394721985 0.1320464015007019 0.011795559898018837
   vertex -0.30304628610610962 0.1320464015007019 0.011196150444447994
  endloop
 endfacet
 facet normal -0.13051615586437254 0 0.9914461826334231
  outer loop
   vertex -0.30004629492759705 0.16504639387130737 0.012000000104308128
   vertex -0.30159929394721985 0.1320464015007019 0.011795559898018837
   vertex -0.30159929394721985 0.099046401679515839 0.011795559898018837
  endloop
 endfacet
 facet normal -0.3827083248020357 0 0.92386922133341987
  outer loop
   vertex -0.30159929394721985 0.1320464015007019 0.011795559898018837
   vertex -0.30159929394721985 0.16504639387130737 0.011795559898018837
   vertex -0.30304628610610962 0.16504639387130737 0.011196150444447994
  endloop
 endfacet
 facet normal -0.13051615586437254 0 0.9914461826334231
  outer loop
   vertex -0.30004629492759705 0.16504639387130737 0.012000000104308128
   vertex -0.30159929394721985 0.16504639387130737 0.011795559898018837
   vertex -0.30159929394721985 0.1320464015007019 0.011795559898018837
  endloop
 endfacet
 facet normal -0.92388351872488539 0 0.38267380865238765
  outer loop
   vertex -0.30584189295768738 -0.13195370137691498 0.0075529161840677261
   vertex -0.30584189295768738 -0.16495369374752045 0.0075529161840677261
   vertex -0.30524250864982605 -0.16495369374752045 0.0090000005438923836
  endloop
 endfacet
 facet normal -0.99144741522121993 0 0.13050679235642124
  outer loop
   vertex -0.30604630708694458 -0.13195370137691498 0.0060000019147992134
   vertex -0.30584189295768738 -0.16495369374752045 0.0075529161840677261
   vertex -0.30584189295768738 -0.13195370137691498 0.0075529161840677261
  endloop
 endfacet
 facet normal -0.99144741522121993 0 0.13050679235642124
  outer loop
   vertex -0.30604630708694458 -0.098953709006309509 0.0060000019147992134
   vertex -0.30604630708694458 -0.13195370137691498 0.0060000019147992134
   vertex -0.30584189295768738 -0.13195370137691498 0.0075529161840677261
  endloop
 endfacet
 facet normal -0.99144741015762727 0 -0.13050683082403672
  outer loop
   vertex -0.30584189295768738 -0.098953709006309509 0.004447088111191988
   vertex -0.30604630708694458 -0.13195370137691498 0.0060000019147992134
   vertex -0.30604630708694458 -0.098953709006309509 0.0060000019147992134
  endloop
 endfacet
 facet normal -0.99144741015762716 0 -0.13050683082403669
  outer loop
   vertex -0.30584189295768738 -0.065953686833381653 0.004447088111191988
   vertex -0.30584189295768738 -0.098953709006309509 0.004447088111191988
   vertex -0.30604630708694458 -0.098953709006309509 0.0060000019147992134
  endloop
 endfacet
 facet normal -0.92388358402921467 0 -0.38267365098910722
  outer loop
   vertex -0.30524250864982605 -0.065953686833381653 0.0030000030528753996
   vertex -0.30584189295768738 -0.098953709006309509 0.004447088111191988
   vertex -0.30584189295768738 -0.065953686833381653 0.004447088111191988
  endloop
 endfacet
 facet normal -0.92388358402921478 0 -0.38267365098910727
  outer loop
   vertex -0.30524250864982605 -0.032953668385744095 0.0030000030528753996
   vertex -0.30524250864982605 -0.065953686833381653 0.0030000030528753996
   vertex -0.30584189295768738 -0.065953686833381653 0.004447088111191988
  endloop
 endfacet
 facet normal -0.79335842214104468 0 -0.60875480615587108
  outer loop
   vertex -0.30428901314735413 -0.032953668385744095 0.0017573620425537229
   vertex -0.30524250864982605 -0.065953686833381653 0.0030000030528753996
   vertex -0.30524250864982605 -0.032953668385744095 0.0030000030528753996
  endloop
 endfacet
 facet normal -0.79335842214104457 0 -0.60875480615587096
  outer loop
   vertex -0.30428901314735413 4.634807919501327e-05 0.0017573620425537229
   vertex -0.30428901314735413 -0.032953668385744095 0.0017573620425537229
   vertex -0.30524250864982605 -0.032953668385744095 0.0030000030528753996
  endloop
 endfacet
 facet normal -0.60877191339928372 0 -0.7933452952253357
  outer loop
   vertex -0.30304640531539917 4.634807919501327e-05 0.00080384942702949047
   vertex -0.30428901314735413 -0.032953668385744095 0.0017573620425537229
   vertex -0.30428901314735413 4.634807919501327e-05 0.0017573620425537229
  endloop
 endfacet
 facet normal -0.60877191339928372 0 -0.7933452952253357
  outer loop
   vertex -0.30304640531539917 0.033046368509531021 0.00080384942702949047
   vertex -0.30304640531539917 4.634807919501327e-05 0.00080384942702949047
   vertex -0.30428901314735413 4.634807919501327e-05 0.0017573620425537229
  endloop
 endfacet
 facet normal -0.38267807686870409 0 -0.92388175081233748
  outer loop
   vertex -0.30159929394721985 0.033046368509531021 0.00020444609981495887
   vertex -0.30304640531539917 4.634807919501327e-05 0.00080384942702949047
   vertex -0.30304640531539917 0.033046368509531021 0.00080384942702949047
  endloop
 endfacet
 facet normal -0.38267807686870414 0 -0.92388175081233759
  outer loop
   vertex -0.30159929394721985 0.066046386957168579 0.00020444609981495887
   vertex -0.30159929394721985 0.033046368509531021 0.00020444609981495887
   vertex -0.30304640531539917 0.033046368509531021 0.00080384942702949047
  endloop
 endfacet
 facet normal -0.13052970309815576 0 -0.9914443991516152
  outer loop
   vertex -0.3000464141368866 0.16504639387130737 1.3322680133619921e-17
   vertex -0.30159929394721985 0.033046368509531021 0.00020444609981495887
   vertex -0.30159929394721985 0.066046386957168579 0.00020444609981495887
  endloop
 endfacet
 facet normal -0.99144741522121993 0 0.13050679235642124
  outer loop
   vertex -0.30604630708694458 -0.13195370137691498 0.0060000019147992134
   vertex -0.30604630708694458 -0.16495369374752045 0.0060000019147992134
   vertex -0.30584189295768738 -0.16495369374752045 0.0075529161840677261
  endloop
 endfacet
 facet normal -0.99144741015762727 0 -0.13050683082403672
  outer loop
   vertex -0.30584189295768738 -0.13195370137691498 0.004447088111191988
   vertex -0.30604630708694458 -0.16495369374752045 0.0060000019147992134
   vertex -0.30604630708694458 -0.13195370137691498 0.0060000019147992134
  endloop
 endfacet
 facet normal -0.99144741015762727 0 -0.13050683082403672
  outer loop
   vertex -0.30584189295768738 -0.098953709006309509 0.004447088111191988
   vertex -0.30584189295768738 -0.13195370137691498 0.004447088111191988
   vertex -0.30604630708694458 -0.13195370137691498 0.0060000019147992134
  endloop
 endfacet
 facet normal -0.92388358402921467 0 -0.38267365098910722
  outer loop
   vertex -0.30524250864982605 -0.098953709006309509 0.0030000030528753996
   vertex -0.30584189295768738 -0.13195370137691498 0.004447088111191988
   vertex -0.30584189295768738 -0.098953709006309509 0.004447088111191988
  endloop
 endfacet
 facet normal -0.92388358402921467 0 -0.38267365098910722
  outer loop
   vertex -0.30524250864982605 -0.065953686833381653 0.0030000030528753996
   vertex -0.30524250864982605 -0.098953709006309509 0.0030000030528753996
   vertex -0.30584189295768738 -0.098953709006309509 0.004447088111191988
  endloop
 endfacet
 facet normal -0.79335842214104457 0 -0.60875480615587096
  outer loop
   vertex -0.30428901314735413 -0.065953686833381653 0.0017573620425537229
   vertex -0.30524250864982605 -0.098953709006309509 0.0030000030528753996
   vertex -0.30524250864982605 -0.065953686833381653 0.0030000030528753996
  endloop
 endfacet
 facet normal -0.79335842214104468 0 -0.60875480615587108
  outer loop
   vertex -0.30428901314735413 -0.032953668385744095 0.0017573620425537229
   vertex -0.30428901314735413 -0.065953686833381653 0.0017573620425537229
   vertex -0.30524250864982605 -0.065953686833381653 0.0030000030528753996
  endloop
 endfacet
 facet normal -0.6087719133992836 0 -0.79334529522533559
  outer loop
   vertex -0.30304640531539917 -0.032953668385744095 0.00080384942702949047
   vertex -0.30428901314735413 -0.065953686833381653 0.0017573620425537229
   vertex -0.30428901314735413 -0.032953668385744095 0.0017573620425537229
  endloop
 endfacet
 facet normal -0.60877191339928372 0 -0.7933452952253357
  outer loop
   vertex -0.30304640531539917 4.634807919501327e-05 0.00080384942702949047
   vertex -0.30304640531539917 -0.032953668385744095 0.00080384942702949047
   vertex -0.30428901314735413 -0.032953668385744095 0.0017573620425537229
  endloop
 endfacet
 facet normal -0.38267807686870414 0 -0.92388175081233759
  outer loop
   vertex -0.30159929394721985 4.634807919501327e-05 0.00020444609981495887
   vertex -0.30304640531539917 -0.032953668385744095 0.00080384942702949047
   vertex -0.30304640531539917 4.634807919501327e-05 0.00080384942702949047
  endloop
 endfacet
 facet normal -0.38267807686870409 0 -0.92388175081233748
  outer loop
   vertex -0.30159929394721985 0.033046368509531021 0.00020444609981495887
   vertex -0.30159929394721985 4.634807919501327e-05 0.00020444609981495887
   vertex -0.30304640531539917 4.634807919501327e-05 0.00080384942702949047
  endloop
 endfacet
 facet normal -0.13052970309815579 0 -0.9914443991516152
  outer loop
   vertex -0.3000464141368866 0.16504639387130737 1.3322680133619921e-17
   vertex -0.30159929394721985 4.634807919501327e-05 0.00020444609981495887
   vertex -0.30159929394721985 0.033046368509531021 0.00020444609981495887
  endloop
 endfacet
 facet normal -0.99144741015762727 0 -0.13050683082403672
  outer loop
   vertex -0.30584189295768738 -0.13195370137691498 0.004447088111191988
   vertex -0.30584189295768738 -0.16495369374752045 0.004447088111191988
   vertex -0.30604630708694458 -0.16495369374752045 0.0060000019147992134
  endloop
 endfacet
 facet normal -0.92388358402921467 0 -0.38267365098910722
  outer loop
   vertex -0.30524250864982605 -0.13195370137691498 0.0030000030528753996
   vertex -0.30584189295768738 -0.16495369374752045 0.004447088111191988
   vertex -0.30584189295768738 -0.13195370137691498 0.004447088111191988
  endloop
 endfacet
 facet normal -0.92388358402921467 0 -0.38267365098910722
  outer loop
   vertex -0.30524250864982605 -0.098953709006309509 0.0030000030528753996
   vertex -0.30524250864982605 -0.13195370137691498 0.0030000030528753996
   vertex -0.30584189295768738 -0.13195370137691498 0.004447088111191988
  endloop
 endfacet
 facet normal -0.79335842214104457 0 -0.60875480615587096
  outer loop
   vertex -0.30428901314735413 -0.098953709006309509 0.0017573620425537229
   vertex -0.30524250864982605 -0.13195370137691498 0.0030000030528753996
   vertex -0.30524250864982605 -0.098953709006309509 0.0030000030528753996
  endloop
 endfacet
 facet normal -0.79335842214104457 0 -0.60875480615587096
  outer loop
   vertex -0.30428901314735413 -0.065953686833381653 0.0017573620425537229
   vertex -0.30428901314735413 -0.098953709006309509 0.0017573620425537229
   vertex -0.30524250864982605 -0.098953709006309509 0.0030000030528753996
  endloop
 endfacet
 facet normal -0.6087719133992836 0 -0.7933452952253357
  outer loop
   vertex -0.30304640531539917 -0.065953686833381653 0.00080384942702949047
   vertex -0.30428901314735413 -0.098953709006309509 0.0017573620425537229
   vertex -0.30428901314735413 -0.065953686833381653 0.0017573620425537229
  endloop
 endfacet
 facet normal -0.6087719133992836 0 -0.79334529522533559
  outer loop
   vertex -0.30304640531539917 -0.032953668385744095 0.00080384942702949047
   vertex -0.30304640531539917 -0.065953686833381653 0.00080384942702949047
   vertex -0.30428901314735413 -0.065953686833381653 0.0017573620425537229
  endloop
 endfacet
 facet normal -0.38267807686870414 0 -0.92388175081233759
  outer loop
   vertex -0.30159929394721985 -0.032953668385744095 0.00020444609981495887
   vertex -0.30304640531539917 -0.065953686833381653 0.00080384942702949047
   vertex -0.30304640531539917 -0.032953668385744095 0.00080384942702949047
  endloop
 endfacet
 facet normal -0.38267807686870414 0 -0.92388175081233759
  outer loop
   vertex -0.30159929394721985 4.634807919501327e-05 0.00020444609981495887
   vertex -0.30159929394721985 -0.032953668385744095 0.00020444609981495887
   vertex -0.30304640531539917 -0.032953668385744095 0.00080384942702949047
  endloop
 endfacet
 facet normal -0.13052970309815579 0 -0.9914443991516152
  outer loop
   vertex -0.3000464141368866 -0.16495369374752045 1.3322680133619921e-17
   vertex -0.30159929394721985 -0.032953668385744095 0.00020444609981495887
   vertex -0.30159929394721985 4.634807919501327e-05 0.00020444609981495887
  endloop
 endfacet
 facet normal -0.13052970309815576 0 -0.99144439915161531
  outer loop
   vertex -0.3000464141368866 0.16504639387130737 1.3322680133619921e-17
   vertex -0.3000464141368866 -0.16495369374752045 1.3322680133619921e-17
   vertex -0.30159929394721985 4.634807919501327e-05 0.00020444609981495887
  endloop
 endfacet
 facet normal -0.92388358402921467 0 -0.38267365098910722
  outer loop
   vertex -0.30524250864982605 -0.13195370137691498 0.0030000030528753996
   vertex -0.30524250864982605 -0.16495369374752045 0.0030000030528753996
   vertex -0.30584189295768738 -0.16495369374752045 0.004447088111191988
  endloop
 endfacet
 facet normal -0.79335842214104457 0 -0.60875480615587096
  outer loop
   vertex -0.30428901314735413 -0.13195370137691498 0.0017573620425537229
   vertex -0.30524250864982605 -0.16495369374752045 0.0030000030528753996
   vertex -0.30524250864982605 -0.13195370137691498 0.0030000030528753996
  endloop
 endfacet
 facet normal -0.79335842214104457 0 -0.60875480615587096
  outer loop
   vertex -0.30428901314735413 -0.098953709006309509 0.0017573620425537229
   vertex -0.30428901314735413 -0.13195370137691498 0.0017573620425537229
   vertex -0.30524250864982605 -0.13195370137691498 0.0030000030528753996
  endloop
 endfacet
 facet normal -0.60877191339928372 0 -0.79334529522533581
  outer loop
   vertex -0.30304640531539917 -0.098953709006309509 0.00080384942702949047
   vertex -0.30428901314735413 -0.13195370137691498 0.0017573620425537229
   vertex -0.30428901314735413 -0.098953709006309509 0.0017573620425537229
  endloop
 endfacet
 facet normal -0.6087719133992836 0 -0.7933452952253357
  outer loop
   vertex -0.30304640531539917 -0.065953686833381653 0.00080384942702949047
   vertex -0.30304640531539917 -0.098953709006309509 0.00080384942702949047
   vertex -0.30428901314735413 -0.098953709006309509 0.0017573620425537229
  endloop
 endfacet
 facet normal -0.38267807686870409 0 -0.92388175081233748
  outer loop
   vertex -0.30159929394721985 -0.065953686833381653 0.00020444609981495887
   vertex -0.30304640531539917 -0.098953709006309509 0.00080384942702949047
   vertex -0.30304640531539917 -0.065953686833381653 0.00080384942702949047
  endloop
 endfacet
 facet normal -0.38267807686870414 0 -0.92388175081233759
  outer loop
   vertex -0.30159929394721985 -0.032953668385744095 0.00020444609981495887
   vertex -0.30159929394721985 -0.065953686833381653 0.00020444609981495887
   vertex -0.30304640531539917 -0.065953686833381653 0.00080384942702949047
  endloop
 endfacet
 facet normal -0.13052970309815576 0 -0.9914443991516152
  outer loop
   vertex -0.3000464141368866 -0.16495369374752045 1.3322680133619921e-17
   vertex -0.30159929394721985 -0.065953686833381653 0.00020444609981495887
   vertex -0.30159929394721985 -0.032953668385744095 0.00020444609981495887
  endloop
 endfacet
 facet normal -0.79335842214104457 0 -0.60875480615587096
  outer loop
   vertex -0.30428901314735413 -0.13195370137691498 0.0017573620425537229
   vertex -0.30428901314735413 -0.16495369374752045 0.0017573620425537229
   vertex -0.30524250864982605 -0.16495369374752045 0.0030000030528753996
  endloop
 endfacet
 facet normal -0.60877191339928372 0 -0.79334529522533581
  outer loop
   vertex -0.30304640531539917 -0.13195370137691498 0.00080384942702949047
   vertex -0.30428901314735413 -0.16495369374752045 0.0017573620425537229
   vertex -0.30428901314735413 -0.13195370137691498 0.0017573620425537229
  endloop
 endfacet
 facet normal -0.60877191339928372 0 -0.79334529522533581
  outer loop
   vertex -0.30304640531539917 -0.098953709006309509 0.00080384942702949047
   vertex -0.30304640531539917 -0.13195370137691498 0.00080384942702949047
   vertex -0.30428901314735413 -0.13195370137691498 0.0017573620425537229
  endloop
 endfacet
 facet normal -0.38267807686870414 0 -0.92388175081233759
  outer loop
   vertex -0.30159929394721985 -0.098953709006309509 0.00020444609981495887
   vertex -0.30304640531539917 -0.13195370137691498 0.00080384942702949047
   vertex -0.30304640531539917 -0.098953709006309509 0.00080384942702949047
  endloop
 endfacet
 facet normal -0.38267807686870409 0 -0.92388175081233748
  outer loop
   vertex -0.30159929394721985 -0.065953686833381653 0.00020444609981495887
   vertex -0.30159929394721985 -0.098953709006309509 0.00020444609981495887
   vertex -0.30304640531539917 -0.098953709006309509 0.00080384942702949047
  endloop
 endfacet
 facet normal -0.13052970309815576 0 -0.99144439915161531
  outer loop
   vertex -0.3000464141368866 -0.16495369374752045 1.3322680133619921e-17
   vertex -0.30159929394721985 -0.098953709006309509 0.00020444609981495887
   vertex -0.30159929394721985 -0.065953686833381653 0.00020444609981495887
  endloop
 endfacet
 facet normal -0.60877191339928372 0 -0.79334529522533581
  outer loop
   vertex -0.30304640531539917 -0.13195370137691498 0.00080384942702949047
   vertex -0.30304640531539917 -0.16495369374752045 0.00080384942702949047
   vertex -0.30428901314735413 -0.16495369374752045 0.0017573620425537229
  endloop
 endfacet
 facet normal -0.38267807686870414 0 -0.92388175081233759
  outer loop
   vertex -0.30159929394721985 -0.13195370137691498 0.00020444609981495887
   vertex -0.30304640531539917 -0.16495369374752045 0.00080384942702949047
   vertex -0.30304640531539917 -0.13195370137691498 0.00080384942702949047
  endloop
 endfacet
 facet normal -0.38267807686870414 0 -0.92388175081233759
  outer loop
   vertex -0.30159929394721985 -0.098953709006309509 0.00020444609981495887
   vertex -0.30159929394721985 -0.13195370137691498 0.00020444609981495887
   vertex -0.30304640531539917 -0.13195370137691498 0.00080384942702949047
  endloop
 endfacet
 facet normal -0.13052970309815576 0 -0.9914443991516152
  outer loop
   vertex -0.3000464141368866 -0.16495369374752045 1.3322680133619921e-17
   vertex -0.30159929394721985 -0.13195370137691498 0.00020444609981495887
   vertex -0.30159929394721985 -0.098953709006309509 0.00020444609981495887
  endloop
 endfacet
 facet normal -0.38267807686870414 0 -0.92388175081233759
  outer loop
   vertex -0.30159929394721985 -0.13195370137691498 0.00020444609981495887
   vertex -0.30159929394721985 -0.16495369374752045 0.00020444609981495887
   vertex -0.30304640531539917 -0.16495369374752045 0.00080384942702949047
  endloop
 endfacet
 facet normal -0.13052970309815576 0 -0.9914443991516152
  outer loop
   vertex -0.3000464141368866 -0.16495369374752045 1.3322680133619921e-17
   vertex -0.30159929394721985 -0.16495369374752045 0.00020444609981495887
   vertex -0.30159929394721985 -0.13195370137691498 0.00020444609981495887
  endloop
 endfacet
 facet normal -0.38267807686870409 -0 -0.92388175081233748
  outer loop
   vertex -0.30304640531539917 0.099046401679515839 0.00080384942702949047
   vertex -0.30159929394721985 0.1320464015007019 0.00020444609981495887
   vertex -0.30159929394721985 0.099046401679515839 0.00020444609981495887
  endloop
 endfacet
 facet normal -0.38267807686870409 0 -0.92388175081233748
  outer loop
   vertex -0.30304640531539917 0.1320464015007019 0.00080384942702949047
   vertex -0.30159929394721985 0.1320464015007019 0.00020444609981495887
   vertex -0.30304640531539917 0.099046401679515839 0.00080384942702949047
  endloop
 endfacet
 facet normal -0.6087719133992836 -0 -0.79334529522533559
  outer loop
   vertex -0.30428901314735413 0.099046401679515839 0.0017573620425537229
   vertex -0.30304640531539917 0.1320464015007019 0.00080384942702949047
   vertex -0.30304640531539917 0.099046401679515839 0.00080384942702949047
  endloop
 endfacet
 facet normal -0.6087719133992836 0 -0.79334529522533559
  outer loop
   vertex -0.30428901314735413 0.1320464015007019 0.0017573620425537229
   vertex -0.30304640531539917 0.1320464015007019 0.00080384942702949047
   vertex -0.30428901314735413 0.099046401679515839 0.0017573620425537229
  endloop
 endfacet
 facet normal -0.79335842214104457 -0 -0.60875480615587096
  outer loop
   vertex -0.30524250864982605 0.099046401679515839 0.0030000030528753996
   vertex -0.30428901314735413 0.1320464015007019 0.0017573620425537229
   vertex -0.30428901314735413 0.099046401679515839 0.0017573620425537229
  endloop
 endfacet
 facet normal -0.79335842214104457 0 -0.60875480615587096
  outer loop
   vertex -0.30524250864982605 0.1320464015007019 0.0030000030528753996
   vertex -0.30428901314735413 0.1320464015007019 0.0017573620425537229
   vertex -0.30524250864982605 0.099046401679515839 0.0030000030528753996
  endloop
 endfacet
 facet normal -0.92388358402921478 -0 -0.38267365098910727
  outer loop
   vertex -0.30584189295768738 0.099046401679515839 0.004447088111191988
   vertex -0.30524250864982605 0.1320464015007019 0.0030000030528753996
   vertex -0.30524250864982605 0.099046401679515839 0.0030000030528753996
  endloop
 endfacet
 facet normal -0.38267807686870414 -0 -0.92388175081233759
  outer loop
   vertex -0.30304640531539917 0.066046386957168579 0.00080384942702949047
   vertex -0.30304640531539917 0.099046401679515839 0.00080384942702949047
   vertex -0.30159929394721985 0.099046401679515839 0.00020444609981495887
  endloop
 endfacet
 facet normal -0.60877191339928372 -0 -0.7933452952253357
  outer loop
   vertex -0.30428901314735413 0.066046386957168579 0.0017573620425537229
   vertex -0.30304640531539917 0.099046401679515839 0.00080384942702949047
   vertex -0.30304640531539917 0.066046386957168579 0.00080384942702949047
  endloop
 endfacet
 facet normal -0.6087719133992836 -0 -0.79334529522533559
  outer loop
   vertex -0.30428901314735413 0.033046368509531021 0.0017573620425537229
   vertex -0.30428901314735413 0.066046386957168579 0.0017573620425537229
   vertex -0.30304640531539917 0.066046386957168579 0.00080384942702949047
  endloop
 endfacet
 facet normal -0.79335842214104468 -0 -0.60875480615587108
  outer loop
   vertex -0.30524250864982605 0.033046368509531021 0.0030000030528753996
   vertex -0.30428901314735413 0.066046386957168579 0.0017573620425537229
   vertex -0.30428901314735413 0.033046368509531021 0.0017573620425537229
  endloop
 endfacet
 facet normal -0.79335842214104468 -0 -0.60875480615587096
  outer loop
   vertex -0.30524250864982605 4.634807919501327e-05 0.0030000030528753996
   vertex -0.30524250864982605 0.033046368509531021 0.0030000030528753996
   vertex -0.30428901314735413 0.033046368509531021 0.0017573620425537229
  endloop
 endfacet
 facet normal -0.92388358402921467 -0 -0.38267365098910722
  outer loop
   vertex -0.30584189295768738 4.634807919501327e-05 0.004447088111191988
   vertex -0.30524250864982605 0.033046368509531021 0.0030000030528753996
   vertex -0.30524250864982605 4.634807919501327e-05 0.0030000030528753996
  endloop
 endfacet
 facet normal -0.92388358402921467 -0 -0.38267365098910722
  outer loop
   vertex -0.30584189295768738 -0.032953668385744095 0.004447088111191988
   vertex -0.30584189295768738 4.634807919501327e-05 0.004447088111191988
   vertex -0.30524250864982605 4.634807919501327e-05 0.0030000030528753996
  endloop
 endfacet
 facet normal -0.99144741015762716 -0 -0.13050683082403669
  outer loop
   vertex -0.30604630708694458 -0.032953668385744095 0.0060000019147992134
   vertex -0.30584189295768738 4.634807919501327e-05 0.004447088111191988
   vertex -0.30584189295768738 -0.032953668385744095 0.004447088111191988
  endloop
 endfacet
 facet normal -0.99144741015762727 -0 -0.13050683082403669
  outer loop
   vertex -0.30604630708694458 -0.065953686833381653 0.0060000019147992134
   vertex -0.30604630708694458 -0.032953668385744095 0.0060000019147992134
   vertex -0.30584189295768738 -0.032953668385744095 0.004447088111191988
  endloop
 endfacet
 facet normal -0.99144741522121982 0 0.13050679235642124
  outer loop
   vertex -0.30584189295768738 -0.065953686833381653 0.0075529161840677261
   vertex -0.30604630708694458 -0.032953668385744095 0.0060000019147992134
   vertex -0.30604630708694458 -0.065953686833381653 0.0060000019147992134
  endloop
 endfacet
 facet normal -0.99144741522121993 0 0.13050679235642124
  outer loop
   vertex -0.30584189295768738 -0.098953709006309509 0.0075529161840677261
   vertex -0.30584189295768738 -0.065953686833381653 0.0075529161840677261
   vertex -0.30604630708694458 -0.065953686833381653 0.0060000019147992134
  endloop
 endfacet
 facet normal -0.92388351872488539 0 0.38267380865238765
  outer loop
   vertex -0.30524250864982605 -0.098953709006309509 0.0090000005438923836
   vertex -0.30584189295768738 -0.065953686833381653 0.0075529161840677261
   vertex -0.30584189295768738 -0.098953709006309509 0.0075529161840677261
  endloop
 endfacet
 facet normal -0.92388351872488539 0 0.38267380865238765
  outer loop
   vertex -0.30524250864982605 -0.13195370137691498 0.0090000005438923836
   vertex -0.30524250864982605 -0.098953709006309509 0.0090000005438923836
   vertex -0.30584189295768738 -0.098953709006309509 0.0075529161840677261
  endloop
 endfacet
 facet normal -0.79335806407548137 0 0.60875527280377972
  outer loop
   vertex -0.30428901314735413 -0.13195370137691498 0.010242640040814877
   vertex -0.30524250864982605 -0.098953709006309509 0.0090000005438923836
   vertex -0.30524250864982605 -0.13195370137691498 0.0090000005438923836
  endloop
 endfacet
 facet normal -0.60877191339928372 0 -0.7933452952253357
  outer loop
   vertex -0.30428901314735413 0.099046401679515839 0.0017573620425537229
   vertex -0.30304640531539917 0.099046401679515839 0.00080384942702949047
   vertex -0.30428901314735413 0.066046386957168579 0.0017573620425537229
  endloop
 endfacet
 facet normal -0.79335842214104468 -0 -0.60875480615587096
  outer loop
   vertex -0.30524250864982605 0.066046386957168579 0.0030000030528753996
   vertex -0.30428901314735413 0.099046401679515839 0.0017573620425537229
   vertex -0.30428901314735413 0.066046386957168579 0.0017573620425537229
  endloop
 endfacet
 facet normal -0.79335842214104468 0 -0.60875480615587096
  outer loop
   vertex -0.30524250864982605 0.099046401679515839 0.0030000030528753996
   vertex -0.30428901314735413 0.099046401679515839 0.0017573620425537229
   vertex -0.30524250864982605 0.066046386957168579 0.0030000030528753996
  endloop
 endfacet
 facet normal -0.92388358402921467 -0 -0.38267365098910722
  outer loop
   vertex -0.30584189295768738 0.066046386957168579 0.004447088111191988
   vertex -0.30524250864982605 0.099046401679515839 0.0030000030528753996
   vertex -0.30524250864982605 0.066046386957168579 0.0030000030528753996
  endloop
 endfacet
 facet normal -0.92388358402921467 0 -0.38267365098910722
  outer loop
   vertex -0.30584189295768738 0.099046401679515839 0.004447088111191988
   vertex -0.30524250864982605 0.099046401679515839 0.0030000030528753996
   vertex -0.30584189295768738 0.066046386957168579 0.004447088111191988
  endloop
 endfacet
 facet normal -0.99144741015762727 -0 -0.13050683082403672
  outer loop
   vertex -0.30604630708694458 0.066046386957168579 0.0060000019147992134
   vertex -0.30584189295768738 0.099046401679515839 0.004447088111191988
   vertex -0.30584189295768738 0.066046386957168579 0.004447088111191988
  endloop
 endfacet
 facet normal -0.79335842214104468 -0 -0.60875480615587108
  outer loop
   vertex -0.30524250864982605 0.033046368509531021 0.0030000030528753996
   vertex -0.30524250864982605 0.066046386957168579 0.0030000030528753996
   vertex -0.30428901314735413 0.066046386957168579 0.0017573620425537229
  endloop
 endfacet
 facet normal -0.92388358402921478 -0 -0.38267365098910727
  outer loop
   vertex -0.30584189295768738 0.033046368509531021 0.004447088111191988
   vertex -0.30524250864982605 0.066046386957168579 0.0030000030528753996
   vertex -0.30524250864982605 0.033046368509531021 0.0030000030528753996
  endloop
 endfacet
 facet normal -0.92388358402921467 -0 -0.38267365098910722
  outer loop
   vertex -0.30584189295768738 4.634807919501327e-05 0.004447088111191988
   vertex -0.30584189295768738 0.033046368509531021 0.004447088111191988
   vertex -0.30524250864982605 0.033046368509531021 0.0030000030528753996
  endloop
 endfacet
 facet normal -0.99144741015762727 -0 -0.13050683082403672
  outer loop
   vertex -0.30604630708694458 4.634807919501327e-05 0.0060000019147992134
   vertex -0.30584189295768738 0.033046368509531021 0.004447088111191988
   vertex -0.30584189295768738 4.634807919501327e-05 0.004447088111191988
  endloop
 endfacet
 facet normal -0.99144741015762716 -0 -0.13050683082403669
  outer loop
   vertex -0.30604630708694458 -0.032953668385744095 0.0060000019147992134
   vertex -0.30604630708694458 4.634807919501327e-05 0.0060000019147992134
   vertex -0.30584189295768738 4.634807919501327e-05 0.004447088111191988
  endloop
 endfacet
 facet normal -0.99144741522121993 0 0.13050679235642124
  outer loop
   vertex -0.30584189295768738 -0.032953668385744095 0.0075529161840677261
   vertex -0.30604630708694458 4.634807919501327e-05 0.0060000019147992134
   vertex -0.30604630708694458 -0.032953668385744095 0.0060000019147992134
  endloop
 endfacet
 facet normal -0.99144741522121982 0 0.13050679235642124
  outer loop
   vertex -0.30584189295768738 -0.065953686833381653 0.0075529161840677261
   vertex -0.30584189295768738 -0.032953668385744095 0.0075529161840677261
   vertex -0.30604630708694458 -0.032953668385744095 0.0060000019147992134
  endloop
 endfacet
 facet normal -0.9238835187248855 0 0.38267380865238765
  outer loop
   vertex -0.30524250864982605 -0.065953686833381653 0.0090000005438923836
   vertex -0.30584189295768738 -0.032953668385744095 0.0075529161840677261
   vertex -0.30584189295768738 -0.065953686833381653 0.0075529161840677261
  endloop
 endfacet
 facet normal -0.92388351872488539 0 0.38267380865238765
  outer loop
   vertex -0.30524250864982605 -0.098953709006309509 0.0090000005438923836
   vertex -0.30524250864982605 -0.065953686833381653 0.0090000005438923836
   vertex -0.30584189295768738 -0.065953686833381653 0.0075529161840677261
  endloop
 endfacet
 facet normal -0.79335806407548137 0 0.60875527280377972
  outer loop
   vertex -0.30428901314735413 -0.098953709006309509 0.010242640040814877
   vertex -0.30524250864982605 -0.065953686833381653 0.0090000005438923836
   vertex -0.30524250864982605 -0.098953709006309509 0.0090000005438923836
  endloop
 endfacet
 facet normal -0.79335806407548137 0 0.60875527280377972
  outer loop
   vertex -0.30428901314735413 -0.13195370137691498 0.010242640040814877
   vertex -0.30428901314735413 -0.098953709006309509 0.010242640040814877
   vertex -0.30524250864982605 -0.098953709006309509 0.0090000005438923836
  endloop
 endfacet
 facet normal -0.6087342678544152 0 0.79337418103928048
  outer loop
   vertex -0.30304628610610962 -0.13195370137691498 0.011196150444447994
   vertex -0.30428901314735413 -0.098953709006309509 0.010242640040814877
   vertex -0.30428901314735413 -0.13195370137691498 0.010242640040814877
  endloop
 endfacet
 facet normal -0.92388358402921478 0 -0.38267365098910727
  outer loop
   vertex -0.30584189295768738 0.066046386957168579 0.004447088111191988
   vertex -0.30524250864982605 0.066046386957168579 0.0030000030528753996
   vertex -0.30584189295768738 0.033046368509531021 0.004447088111191988
  endloop
 endfacet
 facet normal -0.99144741015762727 -0 -0.13050683082403669
  outer loop
   vertex -0.30604630708694458 0.033046368509531021 0.0060000019147992134
   vertex -0.30584189295768738 0.066046386957168579 0.004447088111191988
   vertex -0.30584189295768738 0.033046368509531021 0.004447088111191988
  endloop
 endfacet
 facet normal -0.99144741015762727 0 -0.13050683082403669
  outer loop
   vertex -0.30604630708694458 0.066046386957168579 0.0060000019147992134
   vertex -0.30584189295768738 0.066046386957168579 0.004447088111191988
   vertex -0.30604630708694458 0.033046368509531021 0.0060000019147992134
  endloop
 endfacet
 facet normal -0.99144741522121982 0 0.13050679235642124
  outer loop
   vertex -0.30584189295768738 0.033046368509531021 0.0075529161840677261
   vertex -0.30604630708694458 0.066046386957168579 0.0060000019147992134
   vertex -0.30604630708694458 0.033046368509531021 0.0060000019147992134
  endloop
 endfacet
 facet normal -0.99144741015762727 -0 -0.13050683082403672
  outer loop
   vertex -0.30604630708694458 4.634807919501327e-05 0.0060000019147992134
   vertex -0.30604630708694458 0.033046368509531021 0.0060000019147992134
   vertex -0.30584189295768738 0.033046368509531021 0.004447088111191988
  endloop
 endfacet
 facet normal -0.99144741522121982 0 0.13050679235642124
  outer loop
   vertex -0.30584189295768738 4.634807919501327e-05 0.0075529161840677261
   vertex -0.30604630708694458 0.033046368509531021 0.0060000019147992134
   vertex -0.30604630708694458 4.634807919501327e-05 0.0060000019147992134
  endloop
 endfacet
 facet normal -0.99144741522121993 0 0.13050679235642124
  outer loop
   vertex -0.30584189295768738 -0.032953668385744095 0.0075529161840677261
   vertex -0.30584189295768738 4.634807919501327e-05 0.0075529161840677261
   vertex -0.30604630708694458 4.634807919501327e-05 0.0060000019147992134
  endloop
 endfacet
 facet normal -0.9238835187248855 0 0.3826738086523877
  outer loop
   vertex -0.30524250864982605 -0.032953668385744095 0.0090000005438923836
   vertex -0.30584189295768738 4.634807919501327e-05 0.0075529161840677261
   vertex -0.30584189295768738 -0.032953668385744095 0.0075529161840677261
  endloop
 endfacet
 facet normal -0.9238835187248855 0 0.38267380865238765
  outer loop
   vertex -0.30524250864982605 -0.065953686833381653 0.0090000005438923836
   vertex -0.30524250864982605 -0.032953668385744095 0.0090000005438923836
   vertex -0.30584189295768738 -0.032953668385744095 0.0075529161840677261
  endloop
 endfacet
 facet normal -0.79335806407548137 0 0.60875527280377983
  outer loop
   vertex -0.30428901314735413 -0.065953686833381653 0.010242640040814877
   vertex -0.30524250864982605 -0.032953668385744095 0.0090000005438923836
   vertex -0.30524250864982605 -0.065953686833381653 0.0090000005438923836
  endloop
 endfacet
 facet normal -0.79335806407548137 0 0.60875527280377972
  outer loop
   vertex -0.30428901314735413 -0.098953709006309509 0.010242640040814877
   vertex -0.30428901314735413 -0.065953686833381653 0.010242640040814877
   vertex -0.30524250864982605 -0.065953686833381653 0.0090000005438923836
  endloop
 endfacet
 facet normal -0.6087342678544152 0 0.79337418103928048
  outer loop
   vertex -0.30304628610610962 -0.098953709006309509 0.011196150444447994
   vertex -0.30428901314735413 -0.065953686833381653 0.010242640040814877
   vertex -0.30428901314735413 -0.098953709006309509 0.010242640040814877
  endloop
 endfacet
 facet normal -0.6087342678544152 0 0.79337418103928048
  outer loop
   vertex -0.30304628610610962 -0.13195370137691498 0.011196150444447994
   vertex -0.30304628610610962 -0.098953709006309509 0.011196150444447994
   vertex -0.30428901314735413 -0.098953709006309509 0.010242640040814877
  endloop
 endfacet
 facet normal -0.3827083248020357 0 0.92386922133341987
  outer loop
   vertex -0.30159929394721985 -0.13195370137691498 0.011795559898018837
   vertex -0.30304628610610962 -0.098953709006309509 0.011196150444447994
   vertex -0.30304628610610962 -0.13195370137691498 0.011196150444447994
  endloop
 endfacet
 facet normal -0.99144741522121982 0 0.13050679235642124
  outer loop
   vertex -0.30584189295768738 0.033046368509531021 0.0075529161840677261
   vertex -0.30604630708694458 0.033046368509531021 0.0060000019147992134
   vertex -0.30584189295768738 4.634807919501327e-05 0.0075529161840677261
  endloop
 endfacet
 facet normal -0.9238835187248855 0 0.3826738086523877
  outer loop
   vertex -0.30524250864982605 4.634807919501327e-05 0.0090000005438923836
   vertex -0.30584189295768738 4.634807919501327e-05 0.0075529161840677261
   vertex -0.30524250864982605 -0.032953668385744095 0.0090000005438923836
  endloop
 endfacet
 facet normal -0.9238835187248855 0 0.38267380865238765
  outer loop
   vertex -0.30584189295768738 0.033046368509531021 0.0075529161840677261
   vertex -0.30584189295768738 4.634807919501327e-05 0.0075529161840677261
   vertex -0.30524250864982605 4.634807919501327e-05 0.0090000005438923836
  endloop
 endfacet
 facet normal -0.79335806407548137 0 0.60875527280377983
  outer loop
   vertex -0.30428901314735413 -0.032953668385744095 0.010242640040814877
   vertex -0.30524250864982605 -0.032953668385744095 0.0090000005438923836
   vertex -0.30428901314735413 -0.065953686833381653 0.010242640040814877
  endloop
 endfacet
 facet normal -0.79335806407548137 0 0.60875527280377983
  outer loop
   vertex -0.30524250864982605 4.634807919501327e-05 0.0090000005438923836
   vertex -0.30524250864982605 -0.032953668385744095 0.0090000005438923836
   vertex -0.30428901314735413 -0.032953668385744095 0.010242640040814877
  endloop
 endfacet
 facet normal -0.6087342678544152 0 0.79337418103928048
  outer loop
   vertex -0.30304628610610962 -0.065953686833381653 0.011196150444447994
   vertex -0.30428901314735413 -0.065953686833381653 0.010242640040814877
   vertex -0.30304628610610962 -0.098953709006309509 0.011196150444447994
  endloop
 endfacet
 facet normal -0.6087342678544152 0 0.79337418103928048
  outer loop
   vertex -0.30428901314735413 -0.032953668385744095 0.010242640040814877
   vertex -0.30428901314735413 -0.065953686833381653 0.010242640040814877
   vertex -0.30304628610610962 -0.065953686833381653 0.011196150444447994
  endloop
 endfacet
 facet normal -0.3827083248020357 0 0.92386922133341987
  outer loop
   vertex -0.30159929394721985 -0.098953709006309509 0.011795559898018837
   vertex -0.30304628610610962 -0.098953709006309509 0.011196150444447994
   vertex -0.30159929394721985 -0.13195370137691498 0.011795559898018837
  endloop
 endfacet
 facet normal -0.3827083248020357 0 0.92386922133341975
  outer loop
   vertex -0.30304628610610962 -0.065953686833381653 0.011196150444447994
   vertex -0.30304628610610962 -0.098953709006309509 0.011196150444447994
   vertex -0.30159929394721985 -0.098953709006309509 0.011795559898018837
  endloop
 endfacet
 facet normal 0.9999999999506568 0 -9.9341073757242552e-06
  outer loop
   vertex -0.30004629492759705 -0.16495369374752045 0.012000000104308128
   vertex -0.3000464141368866 0.16504639387130737 1.3322680133619921e-17
   vertex -0.30004629492759705 0.16504639387130737 0.012000000104308128
  endloop
 endfacet
 facet normal 0.9999999999506568 0 -9.9341073757242552e-06
  outer loop
   vertex -0.3000464141368866 -0.16495369374752045 1.3322680133619921e-17
   vertex -0.3000464141368866 0.16504639387130737 1.3322680133619921e-17
   vertex -0.30004629492759705 -0.16495369374752045 0.012000000104308128
  endloop
 endfacet
 facet normal -0.0064118092260151303 0.13052455764598594 -0.99142434333325158
  outer loop
   vertex -0.20982719957828522 0.26458799839019775 1.3322680133619921e-17
   vertex -0.20002320408821106 0.26662251353263855 0.00020444609981495887
   vertex -0.20002320408821106 0.26506960391998291 1.3322680133619921e-17
  endloop
 endfacet
 facet normal -0.0064123836832090204 0.13052728934780719 -0.99142397997577858
  outer loop
   vertex -0.20997940003871918 0.26613339781761169 0.00020444609981495887
   vertex -0.20002320408821106 0.26662251353263855 0.00020444609981495887
   vertex -0.20982719957828522 0.26458799839019775 1.3322680133619921e-17
  endloop
 endfacet
 facet normal -0.019175665091335042 0.12927028140543129 -0.99142396996121962
  outer loop
   vertex -0.21953670680522919 0.26314771175384521 1.3322680133619921e-17
   vertex -0.20997940003871918 0.26613339781761169 0.00020444609981495887
   vertex -0.20982719957828522 0.26458799839019775 1.3322680133619921e-17
  endloop
 endfacet
 facet normal -0.019174492670755029 0.12926656318780685 -0.99142447744265016
  outer loop
   vertex -0.21983970701694489 0.26467078924179077 0.00020444609981495887
   vertex -0.20997940003871918 0.26613339781761169 0.00020444609981495887
   vertex -0.21953670680522919 0.26314771175384521 1.3322680133619921e-17
  endloop
 endfacet
 facet normal -0.031752288432942706 0.12676434988857685 -0.99142452651555757
  outer loop
   vertex -0.2290583997964859 0.26076269149780273 1.3322680133619921e-17
   vertex -0.21983970701694489 0.26467078924179077 0.00020444609981495887
   vertex -0.21953670680522919 0.26314771175384521 1.3322680133619921e-17
  endloop
 endfacet
 facet normal -0.031753923699404371 0.1267681789168274 -0.99142398455141467
  outer loop
   vertex -0.22950920462608337 0.262248694896698 0.00020444609981495887
   vertex -0.21983970701694489 0.26467078924179077 0.00020444609981495887
   vertex -0.2290583997964859 0.26076269149780273 1.3322680133619921e-17
  endloop
 endfacet
 facet normal -0.044026929579652492 0.12304495392026059 -0.99142401059614715
  outer loop
   vertex -0.23830039799213409 0.25745579600334167 1.3322680133619921e-17
   vertex -0.22950920462608337 0.262248694896698 0.00020444609981495887
   vertex -0.2290583997964859 0.26076269149780273 1.3322680133619921e-17
  endloop
 endfacet
 facet normal -0.044024836336176591 0.12304113863057466 -0.99142457705569542
  outer loop
   vertex -0.23889470100402832 0.25889050960540771 0.00020444609981495887
   vertex -0.22950920462608337 0.262248694896698 0.00020444609981495887
   vertex -0.23830039799213409 0.25745579600334167 1.3322680133619921e-17
  endloop
 endfacet
 facet normal -0.055872735018941626 0.11813337407069771 -0.99142460298914081
  outer loop
   vertex -0.24717380106449127 0.25325900316238403 1.3322680133619921e-17
   vertex -0.23889470100402832 0.25889050960540771 0.00020444609981495887
   vertex -0.23830039799213409 0.25745579600334167 1.3322680133619921e-17
  endloop
 endfacet
 facet normal -0.055872321928834227 0.11813277022787254 -0.99142469821997548
  outer loop
   vertex -0.24790580570697784 0.25462859869003296 0.00020444609981495887
   vertex -0.23889470100402832 0.25889050960540771 0.00020444609981495887
   vertex -0.24717380106449127 0.25325900316238403 1.3322680133619921e-17
  endloop
 endfacet
 facet normal -0.067182571041937714 0.11208779892584185 -0.99142464538670572
  outer loop
   vertex -0.25559309124946594 0.24821269512176514 1.3322680133619921e-17
   vertex -0.24790580570697784 0.25462859869003296 0.00020444609981495887
   vertex -0.24717380106449127 0.25325900316238403 1.3322680133619921e-17
  endloop
 endfacet
 facet normal -0.067184818227938412 0.11209047691609428 -0.99142419033650864
  outer loop
   vertex -0.25645580887794495 0.24950389564037323 0.00020444609981495887
   vertex -0.24790580570697784 0.25462859869003296 0.00020444609981495887
   vertex -0.25559309124946594 0.24821269512176514 1.3322680133619921e-17
  endloop
 endfacet
 facet normal -0.077848271220554488 0.1049656686667297 -0.99142415497571834
  outer loop
   vertex -0.26347720623016357 0.24236540496349335 1.3322680133619921e-17
   vertex -0.25645580887794495 0.24950389564037323 0.00020444609981495887
   vertex -0.25559309124946594 0.24821269512176514 1.3322680133619921e-17
  endloop
 endfacet
 facet normal -0.077846561903469932 0.10496399630262822 -0.99142446625045066
  outer loop
   vertex -0.26446241140365601 0.24356579780578613 0.00020444609981495887
   vertex -0.25645580887794495 0.24950389564037323 0.00020444609981495887
   vertex -0.26347720623016357 0.24236540496349335 1.3322680133619921e-17
  endloop
 endfacet
 facet normal -0.087760087688119284 0.096827621630952571 -0.99142451991983072
  outer loop
   vertex -0.27075019478797913 0.23577350378036499 1.3322680133619921e-17
   vertex -0.26446241140365601 0.24356579780578613 0.00020444609981495887
   vertex -0.26347720623016357 0.24236540496349335 1.3322680133619921e-17
  endloop
 endfacet
 facet normal -0.087758986455493612 0.096826737842928182 -0.99142470371430691
  outer loop
   vertex -0.27184829115867615 0.23687160015106201 0.00020444609981495887
   vertex -0.26446241140365601 0.24356579780578613 0.00020444609981495887
   vertex -0.27075019478797913 0.23577350378036499 1.3322680133619921e-17
  endloop
 endfacet
 facet normal -0.096826570767068063 0.087759153811242149 -0.99142470521760995
  outer loop
   vertex -0.27734211087226868 0.22850050032138824 1.3322680133619921e-17
   vertex -0.27184829115867615 0.23687160015106201 0.00020444609981495887
   vertex -0.27075019478797913 0.23577350378036499 1.3322680133619921e-17
  endloop
 endfacet
 facet normal -0.096827249999745568 0.08775959700258984 -0.99142459965013463
  outer loop
   vertex -0.27854260802268982 0.22948560118675232 0.00020444609981495887
   vertex -0.27184829115867615 0.23687160015106201 0.00020444609981495887
   vertex -0.27734211087226868 0.22850050032138824 1.3322680133619921e-17
  endloop
 endfacet
 facet normal -0.10496286851724405 0.07784511332005413 -0.99142469939215228
  outer loop
   vertex -0.28318938612937927 0.22061629593372345 1.3322680133619921e-17
   vertex -0.27854260802268982 0.22948560118675232 0.00020444609981495887
   vertex -0.27734211087226868 0.22850050032138824 1.3322680133619921e-17
  endloop
 endfacet
 facet normal -0.10496169770646017 0.077844503872912002 -0.9914248711986996
  outer loop
   vertex -0.28448060154914856 0.22147910296916962 0.00020444609981495887
   vertex -0.27854260802268982 0.22948560118675232 0.00020444609981495887
   vertex -0.28318938612937927 0.22061629593372345 1.3322680133619921e-17
  endloop
 endfacet
 facet normal -0.11208661003998187 0.067181858454042218 -0.99142482808552157
  outer loop
   vertex -0.28823569416999817 0.21219700574874878 1.3322680133619921e-17
   vertex -0.28448060154914856 0.22147910296916962 0.00020444609981495887
   vertex -0.28318938612937927 0.22061629593372345 1.3322680133619921e-17
  endloop
 endfacet
 facet normal -0.11208435303135188 0.067180952348924558 -0.99142514465139275
  outer loop
   vertex -0.28960528969764709 0.21292909979820251 0.00020444609981495887
   vertex -0.28448060154914856 0.22147910296916962 0.00020444609981495887
   vertex -0.28823569416999817 0.21219700574874878 1.3322680133619921e-17
  endloop
 endfacet
 facet normal -0.11812957454432436 0.055871594761531682 -0.99142511997466565
  outer loop
   vertex -0.29243248701095581 0.20332370698451996 1.3322680133619921e-17
   vertex -0.28960528969764709 0.21292909979820251 0.00020444609981495887
   vertex -0.28823569416999817 0.21219700574874878 1.3322680133619921e-17
  endloop
 endfacet
 facet normal -0.1181369494331754 0.055873744162745681 -0.99142412008779546
  outer loop
   vertex -0.29386720061302185 0.20391790568828583 0.00020444609981495887
   vertex -0.28960528969764709 0.21292909979820251 0.00020444609981495887
   vertex -0.29243248701095581 0.20332370698451996 1.3322680133619921e-17
  endloop
 endfacet
 facet normal -0.12304365261906071 0.044026363837486003 -0.99142419722206165
  outer loop
   vertex -0.29573941230773926 0.19408160448074341 1.3322680133619921e-17
   vertex -0.29386720061302185 0.20391790568828583 0.00020444609981495887
   vertex -0.29243248701095581 0.20332370698451996 1.3322680133619921e-17
  endloop
 endfacet
 facet normal -0.1230477524659542 0.044027132904031756 -0.99142365423734358
  outer loop
   vertex -0.29722538590431213 0.19453239440917969 0.00020444609981495887
   vertex -0.29386720061302185 0.20391790568828583 0.00020444609981495887
   vertex -0.29573941230773926 0.19408160448074341 1.3322680133619921e-17
  endloop
 endfacet
 facet normal -0.12677101015644329 0.031753858092815127 -0.99142362463284905
  outer loop
   vertex -0.29812440276145935 0.18456000089645386 1.3322680133619921e-17
   vertex -0.29722538590431213 0.19453239440917969 0.00020444609981495887
   vertex -0.29573941230773926 0.19408160448074341 1.3322680133619921e-17
  endloop
 endfacet
 facet normal -0.126761759419869 0.031753048914415466 -0.991424833375389
  outer loop
   vertex -0.29964751005172729 0.18486300110816956 0.00020444609981495887
   vertex -0.29722538590431213 0.19453239440917969 0.00020444609981495887
   vertex -0.29812440276145935 0.18456000089645386 1.3322680133619921e-17
  endloop
 endfacet
 facet normal -0.12926406282185385 0.019174566077515505 -0.99142480202914374
  outer loop
   vertex -0.29956468939781189 0.17485040426254272 1.3322680133619921e-17
   vertex -0.29964751005172729 0.18486300110816956 0.00020444609981495887
   vertex -0.29812440276145935 0.18456000089645386 1.3322680133619921e-17
  endloop
 endfacet
 facet normal -0.12927039744927521 0.019174496842231246 -0.9914239774254775
  outer loop
   vertex -0.30111008882522583 0.17500260472297668 0.00020444609981495887
   vertex -0.29964751005172729 0.18486300110816956 0.00020444609981495887
   vertex -0.29956468939781189 0.17485040426254272 1.3322680133619921e-17
  endloop
 endfacet
 facet normal -0.1305271788500692 0.0064135153538718631 -0.99142398720337999
  outer loop
   vertex -0.3000464141368866 0.16504639387130737 1.3322680133619921e-17
   vertex -0.30111008882522583 0.17500260472297668 0.00020444609981495887
   vertex -0.29956468939781189 0.17485040426254272 1.3322680133619921e-17
  endloop
 endfacet
 facet normal -0.13052701850501316 0.0064135329155422926 -0.9914240082001915
  outer loop
   vertex -0.30159929394721985 0.16504639387130737 0.00020444609981495887
   vertex -0.30111008882522583 0.17500260472297668 0.00020444609981495887
   vertex -0.3000464141368866 0.16504639387130737 1.3322680133619921e-17
  endloop
 endfacet
 facet normal -0.38259743647646938 0.018799182578047576 -0.92372387234282927
  outer loop
   vertex -0.30255028605461121 0.1751444935798645 0.00080384942702949047
   vertex -0.30111008882522583 0.17500260472297668 0.00020444609981495887
   vertex -0.30159929394721985 0.16504639387130737 0.00020444609981495887
  endloop
 endfacet
 facet normal -0.38261046102002805 0.018797637631775867 -0.92371850903698249
  outer loop
   vertex -0.30304640531539917 0.16504639387130737 0.00080384942702949047
   vertex -0.30255028605461121 0.1751444935798645 0.00080384942702949047
   vertex -0.30159929394721985 0.16504639387130737 0.00020444609981495887
  endloop
 endfacet
 facet normal -0.60850169815350708 0.029895665658789011 -0.7929892385897277
  outer loop
   vertex -0.30378690361976624 0.17526629567146301 0.0017573620425537229
   vertex -0.30255028605461121 0.1751444935798645 0.00080384942702949047
   vertex -0.30304640531539917 0.16504639387130737 0.00080384942702949047
  endloop
 endfacet
 facet normal -0.60849980243222723 0.029895937780137712 -0.79299068301221964
  outer loop
   vertex -0.30428901314735413 0.16504639387130737 0.0017573620425537229
   vertex -0.30378690361976624 0.17526629567146301 0.0017573620425537229
   vertex -0.30304640531539917 0.16504639387130737 0.00080384942702949047
  endloop
 endfacet
 facet normal -0.79275666244754206 0.038948581019401407 -0.60829259586288653
  outer loop
   vertex -0.30473580956459045 0.17535969614982605 0.0030000030528753996
   vertex -0.30378690361976624 0.17526629567146301 0.0017573620425537229
   vertex -0.30428901314735413 0.16504639387130737 0.0017573620425537229
  endloop
 endfacet
 facet normal -0.79275643316692634 0.038948626604010557 -0.60829289175372936
  outer loop
   vertex -0.30524250864982605 0.16504639387130737 0.0030000030528753996
   vertex -0.30473580956459045 0.17535969614982605 0.0030000030528753996
   vertex -0.30428901314735413 0.16504639387130737 0.0017573620425537229
  endloop
 endfacet
 facet normal -0.92291361243797032 0.045343331412658526 -0.38232766872552904
  outer loop
   vertex -0.30533239245414734 0.17541849613189697 0.004447088111191988
   vertex -0.30473580956459045 0.17535969614982605 0.0030000030528753996
   vertex -0.30524250864982605 0.16504639387130737 0.0030000030528753996
  endloop
 endfacet
 facet normal -0.92293361996360557 0.045336531813055768 -0.38228017477242882
  outer loop
   vertex -0.30584189295768738 0.16504639387130737 0.004447088111191988
   vertex -0.30533239245414734 0.17541849613189697 0.004447088111191988
   vertex -0.30524250864982605 0.16504639387130737 0.0030000030528753996
  endloop
 endfacet
 facet normal -0.99027624299457961 0.048644549752134392 -0.13033292116711093
  outer loop
   vertex -0.30553579330444336 0.17543849349021912 0.0060000019147992134
   vertex -0.30533239245414734 0.17541849613189697 0.004447088111191988
   vertex -0.30584189295768738 0.16504639387130737 0.004447088111191988
  endloop
 endfacet
 facet normal -0.99027355216127599 0.048647368228145769 -0.13035231280788001
  outer loop
   vertex -0.30604630708694458 0.16504639387130737 0.0060000019147992134
   vertex -0.30553579330444336 0.17543849349021912 0.0060000019147992134
   vertex -0.30584189295768738 0.16504639387130737 0.004447088111191988
  endloop
 endfacet
 facet normal -0.99027610099236629 0.048647493439936317 0.13033290139242817
  outer loop
   vertex -0.30533239245414734 0.17541849613189697 0.0075529161840677261
   vertex -0.30553579330444336 0.17543849349021912 0.0060000019147992134
   vertex -0.30604630708694458 0.16504639387130737 0.0060000019147992134
  endloop
 endfacet
 facet normal -0.99027369934810905 0.048644424802618373 0.13035229309464916
  outer loop
   vertex -0.30584189295768738 0.16504639387130737 0.0075529161840677261
   vertex -0.30533239245414734 0.17541849613189697 0.0075529161840677261
   vertex -0.30604630708694458 0.16504639387130737 0.0060000019147992134
  endloop
 endfacet
 facet normal -0.92291398455271922 0.045335567278433721 0.38232769119770232
  outer loop
   vertex -0.30473580956459045 0.17535969614982605 0.0090000005438923836
   vertex -0.30533239245414734 0.17541849613189697 0.0075529161840677261
   vertex -0.30584189295768738 0.16504639387130737 0.0075529161840677261
  endloop
 endfacet
 facet normal -0.92293322918926324 0.045344295196097333 0.38228019743566094
  outer loop
   vertex -0.30524250864982605 0.16504639387130737 0.0090000005438923836
   vertex -0.30473580956459045 0.17535969614982605 0.0090000005438923836
   vertex -0.30584189295768738 0.16504639387130737 0.0075529161840677261
  endloop
 endfacet
 facet normal -0.79275630138082631 0.038948620129275843 0.60829306391822158
  outer loop
   vertex -0.30378690361976624 0.17526629567146301 0.010242640040814877
   vertex -0.30473580956459045 0.17535969614982605 0.0090000005438923836
   vertex -0.30524250864982605 0.16504639387130737 0.0090000005438923836
  endloop
 endfacet
 facet normal -0.79275607767114853 0.038948552289008058 0.60829335981091082
  outer loop
   vertex -0.30428901314735413 0.16504639387130737 0.010242640040814877
   vertex -0.30378690361976624 0.17526629567146301 0.010242640040814877
   vertex -0.30524250864982605 0.16504639387130737 0.0090000005438923836
  endloop
 endfacet
 facet normal -0.60850078135990704 0.029895985875405595 0.79298993001987106
  outer loop
   vertex -0.30255028605461121 0.1751444935798645 0.011196150444447994
   vertex -0.30378690361976624 0.17526629567146301 0.010242640040814877
   vertex -0.30428901314735413 0.16504639387130737 0.010242640040814877
  endloop
 endfacet
 facet normal -0.60846234462271387 0.029886549249654192 0.79301977866266216
  outer loop
   vertex -0.30304628610610962 0.16504639387130737 0.011196150444447994
   vertex -0.30255028605461121 0.1751444935798645 0.011196150444447994
   vertex -0.30428901314735413 0.16504639387130737 0.010242640040814877
  endloop
 endfacet
 facet normal -0.38260138194476956 0.018792674921516012 0.92372237057637985
  outer loop
   vertex -0.30111008882522583 0.17500260472297668 0.011795559898018837
   vertex -0.30255028605461121 0.1751444935798645 0.011196150444447994
   vertex -0.30304628610610962 0.16504639387130737 0.011196150444447994
  endloop
 endfacet
 facet normal -0.38264067720236383 0.018801307240220916 0.92370591802595658
  outer loop
   vertex -0.30159929394721985 0.16504639387130737 0.011795559898018837
   vertex -0.30111008882522583 0.17500260472297668 0.011795559898018837
   vertex -0.30304628610610962 0.16504639387130737 0.011196150444447994
  endloop
 endfacet
 facet normal -0.1305234779559595 0.0064133589482812999 0.99142447545402101
  outer loop
   vertex -0.29956468939781189 0.17485040426254272 0.012000000104308128
   vertex -0.30111008882522583 0.17500260472297668 0.011795559898018837
   vertex -0.30159929394721985 0.16504639387130737 0.011795559898018837
  endloop
 endfacet
 facet normal -0.1305134734563389 0.0064112549884926097 0.99142580612763653
  outer loop
   vertex -0.30004629492759705 0.16504639387130737 0.012000000104308128
   vertex -0.29956468939781189 0.17485040426254272 0.012000000104308128
   vertex -0.30159929394721985 0.16504639387130737 0.011795559898018837
  endloop
 endfacet
 facet normal -0.018796745563125612 0.3826171932505732 -0.92371573862595224
  outer loop
   vertex -0.20997940003871918 0.26613339781761169 0.00020444609981495887
   vertex -0.20002320408821106 0.26806959509849548 0.00080384942702949047
   vertex -0.20002320408821106 0.26662251353263855 0.00020444609981495887
  endloop
 endfacet
 facet normal -0.018797116233541553 0.38261888058401228 -0.92371503216194339
  outer loop
   vertex -0.21012119948863983 0.26757350564002991 0.00080384942702949047
   vertex -0.20002320408821106 0.26806959509849548 0.00080384942702949047
   vertex -0.20997940003871918 0.26613339781761169 0.00020444609981495887
  endloop
 endfacet
 facet normal -0.056208558447958593 0.37893504131092437 -0.92371469211217505
  outer loop
   vertex -0.21983970701694489 0.26467078924179077 0.00020444609981495887
   vertex -0.21012119948863983 0.26757350564002991 0.00080384942702949047
   vertex -0.20997940003871918 0.26613339781761169 0.00020444609981495887
  endloop
 endfacet
 facet normal -0.056205980610419787 0.37892711440319798 -0.92371810078274796
  outer loop
   vertex -0.22012199461460114 0.26609009504318237 0.00080384942702949047
   vertex -0.21012119948863983 0.26757350564002991 0.00080384942702949047
   vertex -0.21983970701694489 0.26467078924179077 0.00020444609981495887
  endloop
 endfacet
 facet normal -0.093079674268931073 0.37159315846895485 -0.92371786754238772
  outer loop
   vertex -0.22950920462608337 0.262248694896698 0.00020444609981495887
   vertex -0.22012199461460114 0.26609009504318237 0.00080384942702949047
   vertex -0.21983970701694489 0.26467078924179077 0.00020444609981495887
  endloop
 endfacet
 facet normal -0.093081310000003442 0.37159689540520602 -0.92371619941077998
  outer loop
   vertex -0.22992919385433197 0.26363348960876465 0.00080384942702949047
   vertex -0.22012199461460114 0.26609009504318237 0.00080384942702949047
   vertex -0.22950920462608337 0.262248694896698 0.00020444609981495887
  endloop
 endfacet
 facet normal -0.12905557632852341 0.36068606676541276 -0.92371544290425767
  outer loop
   vertex -0.23889470100402832 0.25889050960540771 0.00020444609981495887
   vertex -0.22992919385433197 0.26363348960876465 0.00080384942702949047
   vertex -0.22950920462608337 0.262248694896698 0.00020444609981495887
  endloop
 endfacet
 facet normal -0.12906090008495458 0.36069556726793889 -0.92371098933731499
  outer loop
   vertex -0.23944839835166931 0.26022741198539734 0.00080384942702949047
   vertex -0.22992919385433197 0.26363348960876465 0.00080384942702949047
   vertex -0.23889470100402832 0.25889050960540771 0.00020444609981495887
  endloop
 endfacet
 facet normal -0.1637919486419748 0.34631094549360941 -0.92371041273300969
  outer loop
   vertex -0.24790580570697784 0.25462859869003296 0.00020444609981495887
   vertex -0.23944839835166931 0.26022741198539734 0.00080384942702949047
   vertex -0.23889470100402832 0.25889050960540771 0.00020444609981495887
  endloop
 endfacet
 facet normal -0.16378431176980179 0.34629999398586758 -0.92371587264887922
  outer loop
   vertex -0.24858799576759338 0.25590479373931885 0.00080384942702949047
   vertex -0.23944839835166931 0.26022741198539734 0.00080384942702949047
   vertex -0.24790580570697784 0.25462859869003296 0.00020444609981495887
  endloop
 endfacet
 facet normal -0.19694186412340153 0.32857583091825393 -0.92371631223659723
  outer loop
   vertex -0.25645580887794495 0.24950389564037323 0.00020444609981495887
   vertex -0.24858799576759338 0.25590479373931885 0.00080384942702949047
   vertex -0.24790580570697784 0.25462859869003296 0.00020444609981495887
  endloop
 endfacet
 facet normal -0.19694236560753275 0.32857641776878699 -0.92371599656774406
  outer loop
   vertex -0.2572597861289978 0.25070708990097046 0.00080384942702949047
   vertex -0.24858799576759338 0.25590479373931885 0.00080384942702949047
   vertex -0.25645580887794495 0.24950389564037323 0.00020444609981495887
  endloop
 endfacet
 facet normal -0.22819892928936514 0.30769080848932101 -0.92371619832196028
  outer loop
   vertex -0.26446241140365601 0.24356579780578613 0.00020444609981495887
   vertex -0.2572597861289978 0.25070708990097046 0.00080384942702949047
   vertex -0.25645580887794495 0.24950389564037323 0.00020444609981495887
  endloop
 endfacet
 facet normal -0.22820265001104173 0.30769438404535987 -0.92371408810025435
  outer loop
   vertex -0.26538041234016418 0.24468439817428589 0.00080384942702949047
   vertex -0.2572597861289978 0.25070708990097046 0.00080384942702949047
   vertex -0.26446241140365601 0.24356579780578613 0.00020444609981495887
  endloop
 endfacet
 facet normal -0.25726327823126943 0.2838451650822601 -0.92371398600060461
  outer loop
   vertex -0.27184829115867615 0.23687160015106201 0.00020444609981495887
   vertex -0.26538041234016418 0.24468439817428589 0.00080384942702949047
   vertex -0.26446241140365601 0.24356579780578613 0.00020444609981495887
  endloop
 endfacet
 facet normal -0.25725520620010828 0.2838388050095374 -0.92371818843936238
  outer loop
   vertex -0.27287161350250244 0.23789480328559875 0.00080384942702949047
   vertex -0.26538041234016418 0.24468439817428589 0.00080384942702949047
   vertex -0.27184829115867615 0.23687160015106201 0.00020444609981495887
  endloop
 endfacet
 facet normal -0.2838359942467848 0.25725539525281055 -0.92371899947075853
  outer loop
   vertex -0.27854260802268982 0.22948560118675232 0.00020444609981495887
   vertex -0.27287161350250244 0.23789480328559875 0.00080384942702949047
   vertex -0.27184829115867615 0.23687160015106201 0.00020444609981495887
  endloop
 endfacet
 facet normal -0.28383282260298853 0.25725336610804622 -0.92372053914552532
  outer loop
   vertex -0.27966120839118958 0.23040370643138885 0.00080384942702949047
   vertex -0.27287161350250244 0.23789480328559875 0.00080384942702949047
   vertex -0.27854260802268982 0.22948560118675232 0.00020444609981495887
  endloop
 endfacet
 facet normal -0.30768416136024745 0.22819296385263493 -0.92371988616473522
  outer loop
   vertex -0.28448060154914856 0.22147910296916962 0.00020444609981495887
   vertex -0.27966120839118958 0.23040370643138885 0.00080384942702949047
   vertex -0.27854260802268982 0.22948560118675232 0.00020444609981495887
  endloop
 endfacet
 facet normal -0.30768787982898155 0.22819485726694277 -0.92371817981636895
  outer loop
   vertex -0.28568381071090698 0.22228309512138367 0.00080384942702949047
   vertex -0.27966120839118958 0.23040370643138885 0.00080384942702949047
   vertex -0.28448060154914856 0.22147910296916962 0.00020444609981495887
  endloop
 endfacet
 facet normal -0.32857279344912654 0.19693947087944005 -0.92371790294156564
  outer loop
   vertex -0.28960528969764709 0.21292909979820251 0.00020444609981495887
   vertex -0.28568381071090698 0.22228309512138367 0.00080384942702949047
   vertex -0.28448060154914856 0.22147910296916962 0.00020444609981495887
  endloop
 endfacet
 facet normal -0.32858069853906657 0.19694256250643755 -0.92371443185704138
  outer loop
   vertex -0.29088151454925537 0.21361120045185089 0.00080384942702949047
   vertex -0.28568381071090698 0.22228309512138367 0.00080384942702949047
   vertex -0.28960528969764709 0.21292909979820251 0.00020444609981495887
  endloop
 endfacet
 facet normal -0.34630195087729332 0.16378606946612034 -0.92371482735063859
  outer loop
   vertex -0.29386720061302185 0.20391790568828583 0.00020444609981495887
   vertex -0.29088151454925537 0.21361120045185089 0.00080384942702949047
   vertex -0.28960528969764709 0.21292909979820251 0.00020444609981495887
  endloop
 endfacet
 facet normal -0.34628471675051553 0.16378121384703948 -0.92372214920711171
  outer loop
   vertex -0.29520419239997864 0.20447170734405518 0.00080384942702949047
   vertex -0.29088151454925537 0.21361120045185089 0.00080384942702949047
   vertex -0.29386720061302185 0.20391790568828583 0.00020444609981495887
  endloop
 endfacet
 facet normal -0.36067091503874632 0.12904995006246245 -0.92372214514646633
  outer loop
   vertex -0.29722538590431213 0.19453239440917969 0.00020444609981495887
   vertex -0.29520419239997864 0.20447170734405518 0.00080384942702949047
   vertex -0.29386720061302185 0.20391790568828583 0.00020444609981495887
  endloop
 endfacet
 facet normal -0.36067163462835022 0.12905007836840646 -0.92372184625439158
  outer loop
   vertex -0.29861021041870117 0.19495250284671783 0.00080384942702949047
   vertex -0.29520419239997864 0.20447170734405518 0.00080384942702949047
   vertex -0.29722538590431213 0.19453239440917969 0.00020444609981495887
  endloop
 endfacet
 facet normal -0.37158380084773246 0.093079479632664899 -0.92372165148320784
  outer loop
   vertex -0.29964751005172729 0.18486300110816956 0.00020444609981495887
   vertex -0.29861021041870117 0.19495250284671783 0.00080384942702949047
   vertex -0.29722538590431213 0.19453239440917969 0.00020444609981495887
  endloop
 endfacet
 facet normal -0.37159879028340609 0.093080655425878234 -0.92371550308815209
  outer loop
   vertex -0.30106678605079651 0.185145303606987 0.00080384942702949047
   vertex -0.29861021041870117 0.19495250284671783 0.00080384942702949047
   vertex -0.29964751005172729 0.18486300110816956 0.00020444609981495887
  endloop
 endfacet
 facet normal -0.37893326699373708 0.056206640304009681 -0.92371553670553186
  outer loop
   vertex -0.30111008882522583 0.17500260472297668 0.00020444609981495887
   vertex -0.30106678605079651 0.185145303606987 0.00080384942702949047
   vertex -0.29964751005172729 0.18486300110816956 0.00020444609981495887
  endloop
 endfacet
 facet normal -0.37891212557946014 0.056207061049863789 -0.92372418360514541
  outer loop
   vertex -0.30255028605461121 0.1751444935798645 0.00080384942702949047
   vertex -0.30106678605079651 0.185145303606987 0.00080384942702949047
   vertex -0.30111008882522583 0.17500260472297668 0.00020444609981495887
  endloop
 endfacet
 facet normal -0.029892734590518812 0.60847230524702423 -0.79301190291575885
  outer loop
   vertex -0.21012119948863983 0.26757350564002991 0.00080384942702949047
   vertex -0.20002320408821106 0.2693122923374176 0.0017573620425537229
   vertex -0.20002320408821106 0.26806959509849548 0.00080384942702949047
  endloop
 endfacet
 facet normal -0.029893213360095219 0.60847425528801402 -0.79301038861209416
  outer loop
   vertex -0.21024300158023834 0.2688102126121521 0.0017573620425537229
   vertex -0.20002320408821106 0.2693122923374176 0.0017573620425537229
   vertex -0.21012119948863983 0.26757350564002991 0.00080384942702949047
  endloop
 endfacet
 facet normal -0.089385430088768619 0.60261493039313263 -0.79301039750757729
  outer loop
   vertex -0.22012199461460114 0.26609009504318237 0.00080384942702949047
   vertex -0.21024300158023834 0.2688102126121521 0.0017573620425537229
   vertex -0.21012119948863983 0.26757350564002991 0.00080384942702949047
  endloop
 endfacet
 facet normal -0.089396800023430839 0.60264718296031161 -0.79298460578725705
  outer loop
   vertex -0.22036440670490265 0.2673088014125824 0.0017573620425537229
   vertex -0.21024300158023834 0.2688102126121521 0.0017573620425537229
   vertex -0.22012199461460114 0.26609009504318237 0.00080384942702949047
  endloop
 endfacet
 facet normal -0.14803540549071872 0.59098327140432205 -0.79298442080626252
  outer loop
   vertex -0.22992919385433197 0.26363348960876465 0.00080384942702949047
   vertex -0.22036440670490265 0.2673088014125824 0.0017573620425537229
   vertex -0.22012199461460114 0.26609009504318237 0.00080384942702949047
  endloop
 endfacet
 facet normal -0.14803035601223094 0.59097246446322305 -0.79299341734036921
  outer loop
   vertex -0.23028990626335144 0.26482260227203369 0.0017573620425537229
   vertex -0.22036440670490265 0.2673088014125824 0.0017573620425537229
   vertex -0.22992919385433197 0.26363348960876465 0.00080384942702949047
  endloop
 endfacet
 facet normal -0.20524627506536969 0.5736161886799459 -0.7929933383428156
  outer loop
   vertex -0.23944839835166931 0.26022741198539734 0.00080384942702949047
   vertex -0.23028990626335144 0.26482260227203369 0.0017573620425537229
   vertex -0.22992919385433197 0.26363348960876465 0.00080384942702949047
  endloop
 endfacet
 facet normal -0.20523570839253924 0.57359837054170448 -0.79300896168486912
  outer loop
   vertex -0.23992399871349335 0.26137548685073853 0.0017573620425537229
   vertex -0.23028990626335144 0.26482260227203369 0.0017573620425537229
   vertex -0.23944839835166931 0.26022741198539734 0.00080384942702949047
  endloop
 endfacet
 facet normal -0.26046572132321044 0.55071988735115962 -0.79301022294262113
  outer loop
   vertex -0.24858799576759338 0.25590479373931885 0.00080384942702949047
   vertex -0.23992399871349335 0.26137548685073853 0.0017573620425537229
   vertex -0.23944839835166931 0.26022741198539734 0.00080384942702949047
  endloop
 endfacet
 facet normal -0.26047901852257527 0.55073799336701268 -0.79299328091200871
  outer loop
   vertex -0.24917370080947876 0.25700071454048157 0.0017573620425537229
   vertex -0.23992399871349335 0.26137548685073853 0.0017573620425537229
   vertex -0.24858799576759338 0.25590479373931885 0.00080384942702949047
  endloop
 endfacet
 facet normal -0.31320953382271938 0.52255524765852901 -0.79299167780443214
  outer loop
   vertex -0.2572597861289978 0.25070708990097046 0.00080384942702949047
   vertex -0.24917370080947876 0.25700071454048157 0.0017573620425537229
   vertex -0.24858799576759338 0.25590479373931885 0.00080384942702949047
  endloop
 endfacet
 facet normal -0.31320086303735306 0.52254559036808168 -0.79300146619002565
  outer loop
   vertex -0.25795018672943115 0.25174030661582947 0.0017573620425537229
   vertex -0.24917370080947876 0.25700071454048157 0.0017573620425537229
   vertex -0.2572597861289978 0.25070708990097046 0.00080384942702949047
  endloop
 endfacet
 facet normal -0.36291233227438363 0.48932861444084202 -0.79300198371288644
  outer loop
   vertex -0.26538041234016418 0.24468439817428589 0.00080384942702949047
   vertex -0.25795018672943115 0.25174030661582947 0.0017573620425537229
   vertex -0.2572597861289978 0.25070708990097046 0.00080384942702949047
  endloop
 endfacet
 facet normal -0.36291325908145805 0.48932946238898284 -0.79300103633033403
  outer loop
   vertex -0.26616871356964111 0.24564500153064728 0.0017573620425537229
   vertex -0.25795018672943115 0.25174030661582947 0.0017573620425537229
   vertex -0.26538041234016418 0.24468439817428589 0.00080384942702949047
  endloop
 endfacet
 facet normal -0.40912692585280325 0.45140426678461681 -0.79300021845575641
  outer loop
   vertex -0.27287161350250244 0.23789480328559875 0.00080384942702949047
   vertex -0.26616871356964111 0.24564500153064728 0.0017573620425537229
   vertex -0.26538041234016418 0.24468439817428589 0.00080384942702949047
  endloop
 endfacet
 facet normal -0.40914453911821153 0.45141745805650824 -0.79298362194407701
  outer loop
   vertex -0.2737501859664917 0.23877349495887756 0.0017573620425537229
   vertex -0.26616871356964111 0.24564500153064728 0.0017573620425537229
   vertex -0.27287161350250244 0.23789480328559875 0.00080384942702949047
  endloop
 endfacet
 facet normal -0.45141932958845199 0.40914627490176708 -0.79298166095308931
  outer loop
   vertex -0.27966120839118958 0.23040370643138885 0.00080384942702949047
   vertex -0.2737501859664917 0.23877349495887756 0.0017573620425537229
   vertex -0.27287161350250244 0.23789480328559875 0.00080384942702949047
  endloop
 endfacet
 facet normal -0.45142185997836753 0.4091478077431856 -0.79297942958983259
  outer loop
   vertex -0.28062170743942261 0.23119199275970459 0.0017573620425537229
   vertex -0.2737501859664917 0.23877349495887756 0.0017573620425537229
   vertex -0.27966120839118958 0.23040370643138885 0.00080384942702949047
  endloop
 endfacet
 facet normal -0.48935493726610046 0.3629271329256738 -0.79297896665651935
  outer loop
   vertex -0.28568381071090698 0.22228309512138367 0.00080384942702949047
   vertex -0.28062170743942261 0.23119199275970459 0.0017573620425537229
   vertex -0.27966120839118958 0.23040370643138885 0.00080384942702949047
  endloop
 endfacet
 facet normal -0.48934923126920027 0.36292440140733911 -0.79298373799174937
  outer loop
   vertex -0.2867169976234436 0.22297340631484985 0.0017573620425537229
   vertex -0.28062170743942261 0.23119199275970459 0.0017573620425537229
   vertex -0.28568381071090698 0.22228309512138367 0.00080384942702949047
  endloop
 endfacet
 facet normal -0.5225649382696409 0.31321157474076439 -0.79298448581271552
  outer loop
   vertex -0.29088151454925537 0.21361120045185089 0.00080384942702949047
   vertex -0.2867169976234436 0.22297340631484985 0.0017573620425537229
   vertex -0.28568381071090698 0.22228309512138367 0.00080384942702949047
  endloop
 endfacet
 facet normal -0.52254993940672634 0.31320612862916514 -0.79299652068288273
  outer loop
   vertex -0.2919774055480957 0.21419699490070343 0.0017573620425537229
   vertex -0.2867169976234436 0.22297340631484985 0.0017573620425537229
   vertex -0.29088151454925537 0.21361120045185089 0.00080384942702949047
  endloop
 endfacet
 facet normal -0.55073409052212896 0.26047900322914069 -0.79299599646752106
  outer loop
   vertex -0.29520419239997864 0.20447170734405518 0.00080384942702949047
   vertex -0.2919774055480957 0.21419699490070343 0.0017573620425537229
   vertex -0.29088151454925537 0.21361120045185089 0.00080384942702949047
  endloop
 endfacet
 facet normal -0.55074592514458742 0.26048202665410508 -0.7929867840807957
  outer loop
   vertex -0.29635220766067505 0.20494720339775085 0.0017573620425537229
   vertex -0.2919774055480957 0.21419699490070343 0.0017573620425537229
   vertex -0.29520419239997864 0.20447170734405518 0.00080384942702949047
  endloop
 endfacet
 facet normal -0.57362468703573988 0.20524572411216754 -0.79298733354122453
  outer loop
   vertex -0.29861021041870117 0.19495250284671783 0.00080384942702949047
   vertex -0.29635220766067505 0.20494720339775085 0.0017573620425537229
   vertex -0.29520419239997864 0.20447170734405518 0.00080384942702949047
  endloop
 endfacet
 facet normal -0.57362697996864476 0.20524607522368996 -0.79298558401607977
  outer loop
   vertex -0.29979929327964783 0.19531320035457611 0.0017573620425537229
   vertex -0.29635220766067505 0.20494720339775085 0.0017573620425537229
   vertex -0.29861021041870117 0.19495250284671783 0.00080384942702949047
  endloop
 endfacet
 facet normal -0.59098206019630339 0.14803330620655197 -0.79298571536925555
  outer loop
   vertex -0.30106678605079651 0.185145303606987 0.00080384942702949047
   vertex -0.29979929327964783 0.19531320035457611 0.0017573620425537229
   vertex -0.29861021041870117 0.19495250284671783 0.00080384942702949047
  endloop
 endfacet
 facet normal -0.59094874874002534 0.14803151308949433 -0.7930108747646738
  outer loop
   vertex -0.30228561162948608 0.18538770079612732 0.0017573620425537229
   vertex -0.29979929327964783 0.19531320035457611 0.0017573620425537229
   vertex -0.30106678605079651 0.185145303606987 0.00080384942702949047
  endloop
 endfacet
 facet normal -0.60261207954289564 0.089390261376446623 -0.7930120193036404
  outer loop
   vertex -0.30255028605461121 0.1751444935798645 0.00080384942702949047
   vertex -0.30228561162948608 0.18538770079612732 0.0017573620425537229
   vertex -0.30106678605079651 0.185145303606987 0.00080384942702949047
  endloop
 endfacet
 facet normal -0.6026419925582005 0.089388932197702553 -0.7929894372600661
  outer loop
   vertex -0.30378690361976624 0.17526629567146301 0.0017573620425537229
   vertex -0.30228561162948608 0.18538770079612732 0.0017573620425537229
   vertex -0.30255028605461121 0.1751444935798645 0.00080384942702949047
  endloop
 endfacet
 facet normal -0.038946658486525378 0.79275649402683213 -0.60829293845237031
  outer loop
   vertex -0.21024300158023834 0.2688102126121521 0.0017573620425537229
   vertex -0.20002320408821106 0.27026578783988953 0.0030000030528753996
   vertex -0.20002320408821106 0.2693122923374176 0.0017573620425537229
  endloop
 endfacet
 facet normal -0.038949010675816277 0.79276425052587651 -0.60828267906913169
  outer loop
   vertex -0.21033650636672974 0.26975908875465393 0.0030000030528753996
   vertex -0.20002320408821106 0.27026578783988953 0.0030000030528753996
   vertex -0.21024300158023834 0.2688102126121521 0.0017573620425537229
  endloop
 endfacet
 facet normal -0.11646601417969607 0.78512782714384999 -0.60828444216950961
  outer loop
   vertex -0.22036440670490265 0.2673088014125824 0.0017573620425537229
   vertex -0.21033650636672974 0.26975908875465393 0.0030000030528753996
   vertex -0.21024300158023834 0.2688102126121521 0.0017573620425537229
  endloop
 endfacet
 facet normal -0.11646111050457801 0.78511598575464669 -0.60830066468198907
  outer loop
   vertex -0.22055040299892426 0.26824399828910828 0.0030000030528753996
   vertex -0.21033650636672974 0.26975908875465393 0.0030000030528753996
   vertex -0.22036440670490265 0.2673088014125824 0.0017573620425537229
  endloop
 endfacet
 facet normal -0.19285451553228006 0.76992119317442964 -0.60829967297350418
  outer loop
   vertex -0.23028990626335144 0.26482260227203369 0.0017573620425537229
   vertex -0.22055040299892426 0.26824399828910828 0.0030000030528753996
   vertex -0.22036440670490265 0.2673088014125824 0.0017573620425537229
  endloop
 endfacet
 facet normal -0.1928497476710789 0.76991227112336613 -0.60831247693669876
  outer loop
   vertex -0.23056669533252716 0.26573508977890015 0.0030000030528753996
   vertex -0.22055040299892426 0.26824399828910828 0.0030000030528753996
   vertex -0.23028990626335144 0.26482260227203369 0.0017573620425537229
  endloop
 endfacet
 facet normal -0.26738752251113912 0.74730196035003504 -0.60831216728119908
  outer loop
   vertex -0.23992399871349335 0.26137548685073853 0.0017573620425537229
   vertex -0.23056669533252716 0.26573508977890015 0.0030000030528753996
   vertex -0.23028990626335144 0.26482260227203369 0.0017573620425537229
  endloop
 endfacet
 facet normal -0.26739320954193596 0.74731047330391065 -0.608299209255731
  outer loop
   vertex -0.24028889834880829 0.26225641369819641 0.0030000030528753996
   vertex -0.23056669533252716 0.26573508977890015 0.0030000030528753996
   vertex -0.23992399871349335 0.26137548685073853 0.0017573620425537229
  endloop
 endfacet
 facet normal -0.33935302739489132 0.71750349187639273 -0.60829948376034748
  outer loop
   vertex -0.24917370080947876 0.25700071454048157 0.0017573620425537229
   vertex -0.24028889834880829 0.26225641369819641 0.0030000030528753996
   vertex -0.23992399871349335 0.26137548685073853 0.0017573620425537229
  endloop
 endfacet
 facet normal -0.33936110100488193 0.71751333132462558 -0.60828337351615347
  outer loop
   vertex -0.24962319433689117 0.25784158706665039 0.0030000030528753996
   vertex -0.24028889834880829 0.26225641369819641 0.0030000030528753996
   vertex -0.24917370080947876 0.25700071454048157 0.0017573620425537229
  endloop
 endfacet
 facet normal -0.40805221817646548 0.68079597603981257 -0.60828465889685668
  outer loop
   vertex -0.25795018672943115 0.25174030661582947 0.0017573620425537229
   vertex -0.24962319433689117 0.25784158706665039 0.0030000030528753996
   vertex -0.24917370080947876 0.25700071454048157 0.0017573620425537229
  endloop
 endfacet
 facet normal -0.40805096941185615 0.68079472704967658 -0.60828689446954298
  outer loop
   vertex -0.25847989320755005 0.25253310799598694 0.0030000030528753996
   vertex -0.24962319433689117 0.25784158706665039 0.0030000030528753996
   vertex -0.25795018672943115 0.25174030661582947 0.0017573620425537229
  endloop
 endfacet
 facet normal -0.47281871770435507 0.63751908521421441 -0.60828601510805802
  outer loop
   vertex -0.26616871356964111 0.24564500153064728 0.0017573620425537229
   vertex -0.25847989320755005 0.25253310799598694 0.0030000030528753996
   vertex -0.25795018672943115 0.25174030661582947 0.0017573620425537229
  endloop
 endfacet
 facet normal -0.47280587336660984 0.63750854220247843 -0.60830704806775682
  outer loop
   vertex -0.26677361130714417 0.24638210237026215 0.0030000030528753996
   vertex -0.25847989320755005 0.25253310799598694 0.0030000030528753996
   vertex -0.26616871356964111 0.24564500153064728 0.0017573620425537229
  endloop
 endfacet
 facet normal -0.53302053728868404 0.58809235619604028 -0.60830624475856909
  outer loop
   vertex -0.2737501859664917 0.23877349495887756 0.0017573620425537229
   vertex -0.26677361130714417 0.24638210237026215 0.0030000030528753996
   vertex -0.26616871356964111 0.24564500153064728 0.0017573620425537229
  endloop
 endfacet
 facet normal -0.53301820658378851 0.58809079857485291 -0.60830979285376741
  outer loop
   vertex -0.27442449331283569 0.2394476979970932 0.0030000030528753996
   vertex -0.26677361130714417 0.24638210237026215 0.0030000030528753996
   vertex -0.2737501859664917 0.23877349495887756 0.0017573620425537229
  endloop
 endfacet
 facet normal -0.58808915517263471 0.53301669663927231 -0.60831270467753251
  outer loop
   vertex -0.28062170743942261 0.23119199275970459 0.0017573620425537229
   vertex -0.27442449331283569 0.2394476979970932 0.0030000030528753996
   vertex -0.2737501859664917 0.23877349495887756 0.0017573620425537229
  endloop
 endfacet
 facet normal -0.58809083152016917 0.53301759286695283 -0.60831029875897658
  outer loop
   vertex -0.28135880827903748 0.23179690539836884 0.0030000030528753996
   vertex -0.27442449331283569 0.2394476979970932 0.0030000030528753996
   vertex -0.28062170743942261 0.23119199275970459 0.0017573620425537229
  endloop
 endfacet
 facet normal -0.63750612773134918 0.4728045228564618 -0.60831062810989422
  outer loop
   vertex -0.2867169976234436 0.22297340631484985 0.0017573620425537229
   vertex -0.28135880827903748 0.23179690539836884 0.0030000030528753996
   vertex -0.28062170743942261 0.23119199275970459 0.0017573620425537229
  endloop
 endfacet
 facet normal -0.63750837652298986 0.47280545457250411 -0.60830754720742153
  outer loop
   vertex -0.28750979900360107 0.22350320219993591 0.0030000030528753996
   vertex -0.28135880827903748 0.23179690539836884 0.0030000030528753996
   vertex -0.2867169976234436 0.22297340631484985 0.0017573620425537229
  endloop
 endfacet
 facet normal -0.68078076789603637 0.40804656680276541 -0.608305470453258
  outer loop
   vertex -0.2919774055480957 0.21419699490070343 0.0017573620425537229
   vertex -0.28750979900360107 0.22350320219993591 0.0030000030528753996
   vertex -0.2867169976234436 0.22297340631484985 0.0017573620425537229
  endloop
 endfacet
 facet normal -0.68078642249246812 0.40804828268263127 -0.60829799107810834
  outer loop
   vertex -0.29281830787658691 0.21464650332927704 0.0030000030528753996
   vertex -0.28750979900360107 0.22350320219993591 0.0030000030528753996
   vertex -0.2919774055480957 0.21419699490070343 0.0017573620425537229
  endloop
 endfacet
 facet normal -0.71750580600994862 0.33935315351900674 -0.60829668381367941
  outer loop
   vertex -0.29635220766067505 0.20494720339775085 0.0017573620425537229
   vertex -0.29281830787658691 0.21464650332927704 0.0030000030528753996
   vertex -0.2919774055480957 0.21419699490070343 0.0017573620425537229
  endloop
 endfacet
 facet normal -0.71748690655889102 0.33934939234389511 -0.60832107380262823
  outer loop
   vertex -0.29723319411277771 0.2053121030330658 0.0030000030528753996
   vertex -0.29281830787658691 0.21464650332927704 0.0030000030528753996
   vertex -0.29635220766067505 0.20494720339775085 0.0017573620425537229
  endloop
 endfacet
 facet normal -0.74729500208066635 0.26738520252258691 -0.60832173505244103
  outer loop
   vertex -0.29979929327964783 0.19531320035457611 0.0017573620425537229
   vertex -0.29723319411277771 0.2053121030330658 0.0030000030528753996
   vertex -0.29635220766067505 0.20494720339775085 0.0017573620425537229
  endloop
 endfacet
 facet normal -0.74729207581502599 0.26738491403903591 -0.60832545661710269
  outer loop
   vertex -0.30071181058883667 0.19559000432491302 0.0030000030528753996
   vertex -0.29723319411277771 0.2053121030330658 0.0030000030528753996
   vertex -0.29979929327964783 0.19531320035457611 0.0017573620425537229
  endloop
 endfacet
 facet normal -0.76989956210974753 0.19285834405951729 -0.60832583652993066
  outer loop
   vertex -0.30228561162948608 0.18538770079612732 0.0017573620425537229
   vertex -0.30071181058883667 0.19559000432491302 0.0030000030528753996
   vertex -0.29979929327964783 0.19531320035457611 0.0017573620425537229
  endloop
 endfacet
 facet normal -0.76995690254165228 0.19285834923991371 -0.60825325758019588
  outer loop
   vertex -0.30322068929672241 0.18557369709014893 0.0030000030528753996
   vertex -0.30071181058883667 0.19559000432491302 0.0030000030528753996
   vertex -0.30228561162948608 0.18538770079612732 0.0017573620425537229
  endloop
 endfacet
 facet normal -0.7851529506888939 0.11646049352788436 -0.60825307025264164
  outer loop
   vertex -0.30378690361976624 0.17526629567146301 0.0017573620425537229
   vertex -0.30322068929672241 0.18557369709014893 0.0030000030528753996
   vertex -0.30228561162948608 0.18538770079612732 0.0017573620425537229
  endloop
 endfacet
 facet normal -0.78512376384192317 0.11646336575960183 -0.6082901938110109
  outer loop
   vertex -0.30473580956459045 0.17535969614982605 0.0030000030528753996
   vertex -0.30322068929672241 0.18557369709014893 0.0030000030528753996
   vertex -0.30378690361976624 0.17526629567146301 0.0017573620425537229
  endloop
 endfacet
 facet normal -0.045343968908825721 0.92292658797091542 -0.38229626953445373
  outer loop
   vertex -0.21033650636672974 0.26975908875465393 0.0030000030528753996
   vertex -0.20002320408821106 0.27086520195007324 0.004447088111191988
   vertex -0.20002320408821106 0.27026578783988953 0.0030000030528753996
  endloop
 endfacet
 facet normal -0.045344674401854024 0.92292814350060526 -0.3822924305265748
  outer loop
   vertex -0.2103952020406723 0.27035561203956604 0.004447088111191988
   vertex -0.20002320408821106 0.27086520195007324 0.004447088111191988
   vertex -0.21033650636672974 0.26975908875465393 0.0030000030528753996
  endloop
 endfacet
 facet normal -0.1355853971218933 0.91404128171271393 -0.3822893346828784
  outer loop
   vertex -0.22055040299892426 0.26824399828910828 0.0030000030528753996
   vertex -0.2103952020406723 0.27035561203956604 0.004447088111191988
   vertex -0.21033650636672974 0.26975908875465393 0.0030000030528753996
  endloop
 endfacet
 facet normal -0.13558104539919227 0.91403375058389491 -0.38230888417874948
  outer loop
   vertex -0.22066740691661835 0.26883190870285034 0.004447088111191988
   vertex -0.2103952020406723 0.27035561203956604 0.004447088111191988
   vertex -0.22055040299892426 0.26824399828910828 0.0030000030528753996
  endloop
 endfacet
 facet normal -0.22451820943595943 0.89634197930202575 -0.3823122150449777
  outer loop
   vertex -0.23056669533252716 0.26573508977890015 0.0030000030528753996
   vertex -0.22066740691661835 0.26883190870285034 0.004447088111191988
   vertex -0.22055040299892426 0.26824399828910828 0.0030000030528753996
  endloop
 endfacet
 facet normal -0.22452208805883628 0.89634738783670775 -0.38229725645368007
  outer loop
   vertex -0.23074069619178772 0.26630869507789612 0.004447088111191988
   vertex -0.22066740691661835 0.26883190870285034 0.004447088111191988
   vertex -0.23056669533252716 0.26573508977890015 0.0030000030528753996
  endloop
 endfacet
 facet normal -0.31130078693667929 0.87002335932186192 -0.38229723290511364
  outer loop
   vertex -0.24028889834880829 0.26225641369819641 0.0030000030528753996
   vertex -0.23074069619178772 0.26630869507789612 0.004447088111191988
   vertex -0.23056669533252716 0.26573508977890015 0.0030000030528753996
  endloop
 endfacet
 facet normal -0.31130565993517295 0.87002891177307806 -0.38228062829717091
  outer loop
   vertex -0.24051819741725922 0.26281020045280457 0.004447088111191988
   vertex -0.23074069619178772 0.26630869507789612 0.004447088111191988
   vertex -0.24028889834880829 0.26225641369819641 0.0030000030528753996
  endloop
 endfacet
 facet normal -0.3950839170662987 0.83532843524969602 -0.38227621393286376
  outer loop
   vertex -0.24962319433689117 0.25784158706665039 0.0030000030528753996
   vertex -0.24051819741725922 0.26281020045280457 0.004447088111191988
   vertex -0.24028889834880829 0.26225641369819641 0.0030000030528753996
  endloop
 endfacet
 facet normal -0.39507961629324417 0.8353244101575934 -0.38228945392784702
  outer loop
   vertex -0.2499057948589325 0.25837019085884094 0.004447088111191988
   vertex -0.24051819741725922 0.26281020045280457 0.004447088111191988
   vertex -0.24962319433689117 0.25784158706665039 0.0030000030528753996
  endloop
 endfacet
 facet normal -0.47505083954684296 0.79257771917601938 -0.38229211201851709
  outer loop
   vertex -0.25847989320755005 0.25253310799598694 0.0030000030528753996
   vertex -0.2499057948589325 0.25837019085884094 0.004447088111191988
   vertex -0.24962319433689117 0.25784158706665039 0.0030000030528753996
  endloop
 endfacet
 facet normal -0.47505161537347612 0.7925783140362791 -0.3822899146596207
  outer loop
   vertex -0.25881290435791016 0.25303149223327637 0.004447088111191988
   vertex -0.2499057948589325 0.25837019085884094 0.004447088111191988
   vertex -0.25847989320755005 0.25253310799598694 0.0030000030528753996
  endloop
 endfacet
 facet normal -0.55044938655483544 0.74219929519937267 -0.38229004570739167
  outer loop
   vertex -0.26677361130714417 0.24638210237026215 0.0030000030528753996
   vertex -0.25881290435791016 0.25303149223327637 0.004447088111191988
   vertex -0.25847989320755005 0.25253310799598694 0.0030000030528753996
  endloop
 endfacet
 facet normal -0.55045552897235617 0.7422031116205835 -0.3822737915741638
  outer loop
   vertex -0.26715388894081116 0.24684539437294006 0.004447088111191988
   vertex -0.25881290435791016 0.25303149223327637 0.004447088111191988
   vertex -0.26677361130714417 0.24638210237026215 0.0030000030528753996
  endloop
 endfacet
 facet normal -0.6205551489913822 0.684672246880766 -0.38227636784337937
  outer loop
   vertex -0.27442449331283569 0.2394476979970932 0.0030000030528753996
   vertex -0.26715388894081116 0.24684539437294006 0.004447088111191988
   vertex -0.26677361130714417 0.24638210237026215 0.0030000030528753996
  endloop
 endfacet
 facet normal -0.62054229523533566 0.6846659139725576 -0.38230857441101623
  outer loop
   vertex -0.27484831213951111 0.23987160623073578 0.004447088111191988
   vertex -0.26715388894081116 0.24684539437294006 0.004447088111191988
   vertex -0.27442449331283569 0.2394476979970932 0.0030000030528753996
  endloop
 endfacet
 facet normal -0.6846637588555391 0.62054670657776345 -0.3823052736561387
  outer loop
   vertex -0.28135880827903748 0.23179690539836884 0.0030000030528753996
   vertex -0.27484831213951111 0.23987160623073578 0.004447088111191988
   vertex -0.27442449331283569 0.2394476979970932 0.0030000030528753996
  endloop
 endfacet
 facet normal -0.6846718540962925 0.62054975005442969 -0.38228583535847849
  outer loop
   vertex -0.28182220458984375 0.23217709362506866 0.004447088111191988
   vertex -0.27484831213951111 0.23987160623073578 0.004447088111191988
   vertex -0.28135880827903748 0.23179690539836884 0.0030000030528753996
  endloop
 endfacet
 facet normal -0.74219934822976019 0.55044908137067161 -0.38229038217761013
  outer loop
   vertex -0.28750979900360107 0.22350320219993591 0.0030000030528753996
   vertex -0.28182220458984375 0.23217709362506866 0.004447088111191988
   vertex -0.28135880827903748 0.23179690539836884 0.0030000030528753996
  endloop
 endfacet
 facet normal -0.74219597101326318 0.55044817779172417 -0.38229823983043631
  outer loop
   vertex -0.28800821304321289 0.22383619844913483 0.004447088111191988
   vertex -0.28182220458984375 0.23217709362506866 0.004447088111191988
   vertex -0.28750979900360107 0.22350320219993591 0.0030000030528753996
  endloop
 endfacet
 facet normal -0.79257384742340231 0.47505118588622142 -0.38229970856457651
  outer loop
   vertex -0.29281830787658691 0.21464650332927704 0.0030000030528753996
   vertex -0.28800821304321289 0.22383619844913483 0.004447088111191988
   vertex -0.28750979900360107 0.22350320219993591 0.0030000030528753996
  endloop
 endfacet
 facet normal -0.79257168589172844 0.47505082981117325 -0.38230463222207933
  outer loop
   vertex -0.29334700107574463 0.21492899954319 0.004447088111191988
   vertex -0.28800821304321289 0.22383619844913483 0.004447088111191988
   vertex -0.29281830787658691 0.21464650332927704 0.0030000030528753996
  endloop
 endfacet
 facet normal -0.83531572211158489 0.39507882321278526 -0.38230925680919919
  outer loop
   vertex -0.29723319411277771 0.2053121030330658 0.0030000030528753996
   vertex -0.29334700107574463 0.21492899954319 0.004447088111191988
   vertex -0.29281830787658691 0.21464650332927704 0.0030000030528753996
  endloop
 endfacet
 facet normal -0.83533910094882036 0.39508034674262638 -0.38225659712259091
  outer loop
   vertex -0.2977868914604187 0.20554150640964508 0.004447088111191988
   vertex -0.29334700107574463 0.21492899954319 0.004447088111191988
   vertex -0.29723319411277771 0.2053121030330658 0.0030000030528753996
  endloop
 endfacet
 facet normal -0.87004090579351645 0.31130507111603267 -0.38225380958656174
  outer loop
   vertex -0.30071181058883667 0.19559000432491302 0.0030000030528753996
   vertex -0.2977868914604187 0.20554150640964508 0.004447088111191988
   vertex -0.29723319411277771 0.2053121030330658 0.0030000030528753996
  endloop
 endfacet
 facet normal -0.87002842170743422 0.31130548458443852 -0.38228188642534311
  outer loop
   vertex -0.30128538608551025 0.19576400518417358 0.004447088111191988
   vertex -0.2977868914604187 0.20554150640964508 0.004447088111191988
   vertex -0.30071181058883667 0.19559000432491302 0.0030000030528753996
  endloop
 endfacet
 facet normal -0.89635505299996099 0.22451848315636877 -0.38228140117274917
  outer loop
   vertex -0.30322068929672241 0.18557369709014893 0.0030000030528753996
   vertex -0.30128538608551025 0.19576400518417358 0.004447088111191988
   vertex -0.30071181058883667 0.19559000432491302 0.0030000030528753996
  endloop
 endfacet
 facet normal -0.89634147749658699 0.22452027547676517 -0.3823121782249066
  outer loop
   vertex -0.30380859971046448 0.18569070100784302 0.004447088111191988
   vertex -0.30128538608551025 0.19576400518417358 0.004447088111191988
   vertex -0.30322068929672241 0.18557369709014893 0.0030000030528753996
  endloop
 endfacet
 facet normal -0.91403306319104483 0.13558546035325561 -0.3823089618808212
  outer loop
   vertex -0.30473580956459045 0.17535969614982605 0.0030000030528753996
   vertex -0.30380859971046448 0.18569070100784302 0.004447088111191988
   vertex -0.30322068929672241 0.18557369709014893 0.0030000030528753996
  endloop
 endfacet
 facet normal -0.9140240584365743 0.13558756319771512 -0.38232974420680327
  outer loop
   vertex -0.30533239245414734 0.17541849613189697 0.004447088111191988
   vertex -0.30380859971046448 0.18569070100784302 0.004447088111191988
   vertex -0.30473580956459045 0.17535969614982605 0.0030000030528753996
  endloop
 endfacet
 facet normal -0.048653549107235357 0.9902757125194015 -0.13033359257482871
  outer loop
   vertex -0.2103952020406723 0.27035561203956604 0.004447088111191988
   vertex -0.20002320408821106 0.27106958627700806 0.0060000019147992134
   vertex -0.20002320408821106 0.27086520195007324 0.004447088111191988
  endloop
 endfacet
 facet normal -0.048644277976675136 0.99026845552832021 -0.13039217846820084
  outer loop
   vertex -0.2104153037071228 0.27055910229682922 0.0060000019147992134
   vertex -0.20002320408821106 0.27106958627700806 0.0060000019147992134
   vertex -0.2103952020406723 0.27035561203956604 0.004447088111191988
  endloop
 endfacet
 facet normal -0.14547448496027682 0.98073140468125042 -0.1303958822106118
  outer loop
   vertex -0.22066740691661835 0.26883190870285034 0.004447088111191988
   vertex -0.2104153037071228 0.27055910229682922 0.0060000019147992134
   vertex -0.2103952020406723 0.27035561203956604 0.004447088111191988
  endloop
 endfacet
 facet normal -0.14548234574467075 0.98073639892551123 -0.13034954123144529
  outer loop
   vertex -0.22070729732513428 0.26903238892555237 0.0060000019147992134
   vertex -0.2104153037071228 0.27055910229682922 0.0060000019147992134
   vertex -0.22066740691661835 0.26883190870285034 0.004447088111191988
  endloop
 endfacet
 facet normal -0.24090581795441207 0.96175526650864129 -0.13035027509985558
  outer loop
   vertex -0.23074069619178772 0.26630869507789612 0.004447088111191988
   vertex -0.22070729732513428 0.26903238892555237 0.0060000019147992134
   vertex -0.22066740691661835 0.26883190870285034 0.004447088111191988
  endloop
 endfacet
 facet normal -0.24090559670681111 0.96175515475054041 -0.13035150856855954
  outer loop
   vertex -0.23080010712146759 0.26650428771972656 0.0060000019147992134
   vertex -0.22070729732513428 0.26903238892555237 0.0060000019147992134
   vertex -0.23074069619178772 0.26630869507789612 0.004447088111191988
  endloop
 endfacet
 facet normal -0.33401937796142678 0.9335086165134846 -0.13035612007627992
  outer loop
   vertex -0.24051819741725922 0.26281020045280457 0.004447088111191988
   vertex -0.23080010712146759 0.26650428771972656 0.0060000019147992134
   vertex -0.23074069619178772 0.26630869507789612 0.004447088111191988
  endloop
 endfacet
 facet normal -0.3340132720322227 0.9335062507579136 -0.13038870312351403
  outer loop
   vertex -0.24059650301933289 0.26299908757209778 0.0060000019147992134
   vertex -0.23080010712146759 0.26650428771972656 0.0060000019147992134
   vertex -0.24051819741725922 0.26281020045280457 0.004447088111191988
  endloop
 endfacet
 facet normal -0.42390534481383429 0.89627120083168532 -0.13039245836317798
  outer loop
   vertex -0.2499057948589325 0.25837019085884094 0.004447088111191988
   vertex -0.24059650301933289 0.26299908757209778 0.0060000019147992134
   vertex -0.24051819741725922 0.26281020045280457 0.004447088111191988
  endloop
 endfacet
 facet normal -0.42390754739710046 0.89627181403608958 -0.13038108230963713
  outer loop
   vertex -0.25000220537185669 0.2585504949092865 0.0060000019147992134
   vertex -0.24059650301933289 0.26299908757209778 0.0060000019147992134
   vertex -0.2499057948589325 0.25837019085884094 0.004447088111191988
  endloop
 endfacet
 facet normal -0.50971298912208995 0.85040751044109475 -0.13038303150948582
  outer loop
   vertex -0.25881290435791016 0.25303149223327637 0.004447088111191988
   vertex -0.25000220537185669 0.2585504949092865 0.0060000019147992134
   vertex -0.2499057948589325 0.25837019085884094 0.004447088111191988
  endloop
 endfacet
 facet normal -0.50971032586439957 0.85040704404951162 -0.1303964843781438
  outer loop
   vertex -0.25892651081085205 0.25320151448249817 0.0060000019147992134
   vertex -0.25000220537185669 0.2585504949092865 0.0060000019147992134
   vertex -0.25881290435791016 0.25303149223327637 0.004447088111191988
  endloop
 endfacet
 facet normal -0.59061330367391829 0.79634958444264958 -0.13039656775160635
  outer loop
   vertex -0.26715388894081116 0.24684539437294006 0.004447088111191988
   vertex -0.25892651081085205 0.25320151448249817 0.0060000019147992134
   vertex -0.25881290435791016 0.25303149223327637 0.004447088111191988
  endloop
 endfacet
 facet normal -0.59061182543998791 0.79634947302462888 -0.13040394343669637
  outer loop
   vertex -0.26728358864784241 0.24700349569320679 0.0060000019147992134
   vertex -0.25892651081085205 0.25320151448249817 0.0060000019147992134
   vertex -0.26715388894081116 0.24684539437294006 0.004447088111191988
  endloop
 endfacet
 facet normal -0.66582308860746198 0.73462578941951984 -0.130401549825787
  outer loop
   vertex -0.27484831213951111 0.23987160623073578 0.004447088111191988
   vertex -0.26728358864784241 0.24700349569320679 0.0060000019147992134
   vertex -0.26715388894081116 0.24684539437294006 0.004447088111191988
  endloop
 endfacet
 facet normal -0.66583234756363785 0.73462557614778323 -0.13035546711754148
  outer loop
   vertex -0.27499291300773621 0.24001610279083252 0.0060000019147992134
   vertex -0.26728358864784241 0.24700349569320679 0.0060000019147992134
   vertex -0.27484831213951111 0.23987160623073578 0.004447088111191988
  endloop
 endfacet
 facet normal -0.73462873459323974 0.66582798008595023 -0.13035997562365051
  outer loop
   vertex -0.28182220458984375 0.23217709362506866 0.004447088111191988
   vertex -0.27499291300773621 0.24001610279083252 0.0060000019147992134
   vertex -0.27484831213951111 0.23987160623073578 0.004447088111191988
  endloop
 endfacet
 facet normal -0.73463149898144442 0.66582764311400533 -0.13034611758516135
  outer loop
   vertex -0.28198018670082092 0.23230679333209991 0.0060000019147992134
   vertex -0.27499291300773621 0.24001610279083252 0.0060000019147992134
   vertex -0.28182220458984375 0.23217709362506866 0.004447088111191988
  endloop
 endfacet
 facet normal -0.79635620782451499 0.59061601058232971 -0.1303438464338505
  outer loop
   vertex -0.28800821304321289 0.22383619844913483 0.004447088111191988
   vertex -0.28198018670082092 0.23230679333209991 0.0060000019147992134
   vertex -0.28182220458984375 0.23217709362506866 0.004447088111191988
  endloop
 endfacet
 facet normal -0.7963488184677624 0.59061765862460158 -0.13038151957157212
  outer loop
   vertex -0.2881782054901123 0.22394980490207672 0.0060000019147992134
   vertex -0.28198018670082092 0.23230679333209991 0.0060000019147992134
   vertex -0.28800821304321289 0.22383619844913483 0.004447088111191988
  endloop
 endfacet
 facet normal -0.85040629103493703 0.50971567799354456 -0.13038047313836218
  outer loop
   vertex -0.29334700107574463 0.21492899954319 0.004447088111191988
   vertex -0.2881782054901123 0.22394980490207672 0.0060000019147992134
   vertex -0.28800821304321289 0.22383619844913483 0.004447088111191988
  endloop
 endfacet
 facet normal -0.85040672365403547 0.50971553580695572 -0.1303782072320249
  outer loop
   vertex -0.29352730512619019 0.215025395154953 0.0060000019147992134
   vertex -0.2881782054901123 0.22394980490207672 0.0060000019147992134
   vertex -0.29334700107574463 0.21492899954319 0.004447088111191988
  endloop
 endfacet
 facet normal -0.89627561295072367 0.42390076022938011 -0.13037703442998716
  outer loop
   vertex -0.2977868914604187 0.20554150640964508 0.004447088111191988
   vertex -0.29352730512619019 0.215025395154953 0.0060000019147992134
   vertex -0.29334700107574463 0.21492899954319 0.004447088111191988
  endloop
 endfacet
 facet normal -0.89627040133936242 0.42390306067253786 -0.13040537885928136
  outer loop
   vertex -0.2979758083820343 0.20561979711055756 0.0060000019147992134
   vertex -0.29352730512619019 0.215025395154953 0.0060000019147992134
   vertex -0.2977868914604187 0.20554150640964508 0.004447088111191988
  endloop
 endfacet
 facet normal -0.93350278798453845 0.33401729245136441 -0.13040319462556815
  outer loop
   vertex -0.30128538608551025 0.19576400518417358 0.004447088111191988
   vertex -0.2979758083820343 0.20561979711055756 0.0060000019147992134
   vertex -0.2977868914604187 0.20554150640964508 0.004447088111191988
  endloop
 endfacet
 facet normal -0.93351234644326808 0.33401189667349618 -0.13034857850608708
  outer loop
   vertex -0.30148100852966309 0.1958232969045639 0.0060000019147992134
   vertex -0.2979758083820343 0.20561979711055756 0.0060000019147992134
   vertex -0.30128538608551025 0.19576400518417358 0.004447088111191988
  endloop
 endfacet
 facet normal -0.96175519781537155 0.2409054443824287 -0.13035147234312361
  outer loop
   vertex -0.30380859971046448 0.18569070100784302 0.004447088111191988
   vertex -0.30148100852966309 0.1958232969045639 0.0060000019147992134
   vertex -0.30128538608551025 0.19576400518417358 0.004447088111191988
  endloop
 endfacet
 facet normal -0.96175465324167098 0.24090582676280409 -0.13035478357054231
  outer loop
   vertex -0.30400910973548889 0.18573050200939178 0.0060000019147992134
   vertex -0.30148100852966309 0.1958232969045639 0.0060000019147992134
   vertex -0.30380859971046448 0.18569070100784302 0.004447088111191988
  endloop
 endfacet
 facet normal -0.98073485683264916 0.14548353312324358 -0.13035981813205003
  outer loop
   vertex -0.30533239245414734 0.17541849613189697 0.004447088111191988
   vertex -0.30400910973548889 0.18573050200939178 0.0060000019147992134
   vertex -0.30380859971046448 0.18569070100784302 0.004447088111191988
  endloop
 endfacet
 facet normal -0.98073928577541925 0.1454797234409822 -0.13033074619695917
  outer loop
   vertex -0.30553579330444336 0.17543849349021912 0.0060000019147992134
   vertex -0.30400910973548889 0.18573050200939178 0.0060000019147992134
   vertex -0.30533239245414734 0.17541849613189697 0.004447088111191988
  endloop
 endfacet
 facet normal -0.048644655801339969 0.99027614703619882 0.13033361068086019
  outer loop
   vertex -0.2104153037071228 0.27055910229682922 0.0060000019147992134
   vertex -0.20002320408821106 0.27086520195007324 0.0075529161840677261
   vertex -0.20002320408821106 0.27106958627700806 0.0060000019147992134
  endloop
 endfacet
 facet normal -0.048653170977635503 0.99026801621428517 0.13039219691701279
  outer loop
   vertex -0.2103952020406723 0.27035561203956604 0.0075529161840677261
   vertex -0.20002320408821106 0.27086520195007324 0.0075529161840677261
   vertex -0.2104153037071228 0.27055910229682922 0.0060000019147992134
  endloop
 endfacet
 facet normal -0.14548145320348116 0.98073038206052543 0.13039579930818074
  outer loop
   vertex -0.22070729732513428 0.26903238892555237 0.0060000019147992134
   vertex -0.2103952020406723 0.27035561203956604 0.0075529161840677261
   vertex -0.2104153037071228 0.27055910229682922 0.0060000019147992134
  endloop
 endfacet
 facet normal -0.14547538066334403 0.98073744315684652 0.13034945803886569
  outer loop
   vertex -0.22066740691661835 0.26883190870285034 0.0075529161840677261
   vertex -0.2103952020406723 0.27035561203956604 0.0075529161840677261
   vertex -0.22070729732513428 0.26903238892555237 0.0060000019147992134
  endloop
 endfacet
 facet normal -0.24090563729947953 0.96175531680658488 0.13035023786551872
  outer loop
   vertex -0.23080010712146759 0.26650428771972656 0.0060000019147992134
   vertex -0.22066740691661835 0.26883190870285034 0.0075529161840677261
   vertex -0.22070729732513428 0.26903238892555237 0.0060000019147992134
  endloop
 endfacet
 facet normal -0.24090577974029731 0.961755113948498 0.13035147134432759
  outer loop
   vertex -0.23074069619178772 0.26630869507789612 0.0075529161840677261
   vertex -0.22066740691661835 0.26883190870285034 0.0075529161840677261
   vertex -0.23080010712146759 0.26650428771972656 0.0060000019147992134
  endloop
 endfacet
 facet normal -0.33401471575357067 0.93351028569608974 0.13035611285883941
  outer loop
   vertex -0.24059650301933289 0.26299908757209778 0.0060000019147992134
   vertex -0.23074069619178772 0.26630869507789612 0.0075529161840677261
   vertex -0.23080010712146759 0.26650428771972656 0.0060000019147992134
  endloop
 endfacet
 facet normal -0.33401793484064174 0.93350458331727992 0.13038869632918618
  outer loop
   vertex -0.24051819741725922 0.26281020045280457 0.0075529161840677261
   vertex -0.23074069619178772 0.26630869507789612 0.0075529161840677261
   vertex -0.24059650301933289 0.26299908757209778 0.0060000019147992134
  endloop
 endfacet
 facet normal -0.42390691052147533 0.89627046748381578 0.13039240901402294
  outer loop
   vertex -0.25000220537185669 0.2585504949092865 0.0060000019147992134
   vertex -0.24051819741725922 0.26281020045280457 0.0075529161840677261
   vertex -0.24059650301933289 0.26299908757209778 0.0060000019147992134
  endloop
 endfacet
 facet normal -0.42390598724212042 0.89627255913013215 0.13038103286370689
  outer loop
   vertex -0.2499057948589325 0.25837019085884094 0.0075529161840677261
   vertex -0.24051819741725922 0.26281020045280457 0.0075529161840677261
   vertex -0.25000220537185669 0.2585504949092865 0.0060000019147992134
  endloop
 endfacet
 facet normal -0.50971123714347122 0.85040856443884316 0.13038300601971789
  outer loop
   vertex -0.25892651081085205 0.25320151448249817 0.0060000019147992134
   vertex -0.2499057948589325 0.25837019085884094 0.0075529161840677261
   vertex -0.25000220537185669 0.2585504949092865 0.0060000019147992134
  endloop
 endfacet
 facet normal -0.50971208128386214 0.8504059957995932 0.13039645892958823
  outer loop
   vertex -0.25881290435791016 0.25303149223327637 0.0075529161840677261
   vertex -0.2499057948589325 0.25837019085884094 0.0075529161840677261
   vertex -0.25892651081085205 0.25320151448249817 0.0060000019147992134
  endloop
 endfacet
 facet normal -0.59061240576539764 0.79635025550444771 0.13039653643410198
  outer loop
   vertex -0.26728358864784241 0.24700349569320679 0.0060000019147992134
   vertex -0.25881290435791016 0.25303149223327637 0.0075529161840677261
   vertex -0.25892651081085205 0.25320151448249817 0.0060000019147992134
  endloop
 endfacet
 facet normal -0.59061272825722189 0.79634880858331125 0.13040391209047983
  outer loop
   vertex -0.26715388894081116 0.24684539437294006 0.0075529161840677261
   vertex -0.25881290435791016 0.25303149223327637 0.0075529161840677261
   vertex -0.26728358864784241 0.24700349569320679 0.0060000019147992134
  endloop
 endfacet
 facet normal -0.66582828528750382 0.73462109416075405 0.13040146672932312
  outer loop
   vertex -0.27499291300773621 0.24001610279083252 0.0060000019147992134
   vertex -0.26715388894081116 0.24684539437294006 0.0075529161840677261
   vertex -0.26728358864784241 0.24700349569320679 0.0060000019147992134
  endloop
 endfacet
 facet normal -0.66582716553933485 0.73463028764036364 0.13035538389837106
  outer loop
   vertex -0.27484831213951111 0.23987160623073578 0.0075529161840677261
   vertex -0.26715388894081116 0.24684539437294006 0.0075529161840677261
   vertex -0.27499291300773621 0.24001610279083252 0.0060000019147992134
  endloop
 endfacet
 facet normal -0.7346301540143757 0.66582642411338433 0.13035992392295434
  outer loop
   vertex -0.28198018670082092 0.23230679333209991 0.0060000019147992134
   vertex -0.27484831213951111 0.23987160623073578 0.0075529161840677261
   vertex -0.27499291300773621 0.24001610279083252 0.0060000019147992134
  endloop
 endfacet
 facet normal -0.73463008963496657 0.66582920822290348 0.13034606584083225
  outer loop
   vertex -0.28182220458984375 0.23217709362506866 0.0075529161840677261
   vertex -0.27484831213951111 0.23987160623073578 0.0075529161840677261
   vertex -0.28198018670082092 0.23230679333209991 0.0060000019147992134
  endloop
 endfacet
 facet normal -0.79635279730236397 0.59062060955505058 0.13034384449416986
  outer loop
   vertex -0.2881782054901123 0.22394980490207672 0.0060000019147992134
   vertex -0.28182220458984375 0.23217709362506866 0.0075529161840677261
   vertex -0.28198018670082092 0.23230679333209991 0.0060000019147992134
  endloop
 endfacet
 facet normal -0.79635222940313433 0.59061305999396074 0.13038151743720339
  outer loop
   vertex -0.28800821304321289 0.22383619844913483 0.0075529161840677261
   vertex -0.28182220458984375 0.23217709362506866 0.0075529161840677261
   vertex -0.2881782054901123 0.22394980490207672 0.0060000019147992134
  endloop
 endfacet
 facet normal -0.85040647265808611 0.50971538536537142 0.13038043251601394
  outer loop
   vertex -0.29352730512619019 0.215025395154953 0.0060000019147992134
   vertex -0.28800821304321289 0.22383619844913483 0.0075529161840677261
   vertex -0.2881782054901123 0.22394980490207672 0.0060000019147992134
  endloop
 endfacet
 facet normal -0.85040655119369335 0.50971583392724151 0.1303781666181314
  outer loop
   vertex -0.29334700107574463 0.21492899954319 0.0075529161840677261
   vertex -0.28800821304321289 0.22383619844913483 0.0075529161840677261
   vertex -0.29352730512619019 0.215025395154953 0.0060000019147992134
  endloop
 endfacet
 facet normal -0.89627377244239048 0.42390465508075359 0.13037702340808821
  outer loop
   vertex -0.2979758083820343 0.20561979711055756 0.0060000019147992134
   vertex -0.29334700107574463 0.21492899954319 0.0075529161840677261
   vertex -0.29352730512619019 0.215025395154953 0.0060000019147992134
  endloop
 endfacet
 facet normal -0.89627224447987808 0.42389916708399983 0.13040536768282407
  outer loop
   vertex -0.2977868914604187 0.20554150640964508 0.0075529161840677261
   vertex -0.29334700107574463 0.21492899954319 0.0075529161840677261
   vertex -0.2979758083820343 0.20561979711055756 0.0060000019147992134
  endloop
 endfacet
 facet normal -0.93350559564681312 0.33400948122999774 0.13040310327809057
  outer loop
   vertex -0.30148100852966309 0.1958232969045639 0.0060000019147992134
   vertex -0.2977868914604187 0.20554150640964508 0.0075529161840677261
   vertex -0.2979758083820343 0.20561979711055756 0.0060000019147992134
  endloop
 endfacet
 facet normal -0.93350956138360597 0.33401971604607283 0.13034848713310182
  outer loop
   vertex -0.30128538608551025 0.19576400518417358 0.0075529161840677261
   vertex -0.2977868914604187 0.20554150640964508 0.0075529161840677261
   vertex -0.30148100852966309 0.1958232969045639 0.0060000019147992134
  endloop
 endfacet
 facet normal -0.96175508003315457 0.24090593366798502 0.13035143709977615
  outer loop
   vertex -0.30400910973548889 0.18573050200939178 0.0060000019147992134
   vertex -0.30128538608551025 0.19576400518417358 0.0075529161840677261
   vertex -0.30148100852966309 0.1958232969045639 0.0060000019147992134
  endloop
 endfacet
 facet normal -0.96175478000823234 0.24090533972792333 0.13035474836725577
  outer loop
   vertex -0.30380859971046448 0.18569070100784302 0.0075529161840677261
   vertex -0.30128538608551025 0.19576400518417358 0.0075529161840677261
   vertex -0.30400910973548889 0.18573050200939178 0.0060000019147992134
  endloop
 endfacet
 facet normal -0.98073551376332113 0.14547916391279281 0.13035975188158841
  outer loop
   vertex -0.30553579330444336 0.17543849349021912 0.0060000019147992134
   vertex -0.30380859971046448 0.18569070100784302 0.0075529161840677261
   vertex -0.30400910973548889 0.18573050200939178 0.0060000019147992134
  endloop
 endfacet
 facet normal -0.98073864611437889 0.1454840952304127 0.13033067962963807
  outer loop
   vertex -0.30533239245414734 0.17541849613189697 0.0075529161840677261
   vertex -0.30380859971046448 0.18569070100784302 0.0075529161840677261
   vertex -0.30553579330444336 0.17543849349021912 0.0060000019147992134
  endloop
 endfacet
 facet normal -0.045344593484349945 0.92292649653670489 0.38229641619066079
  outer loop
   vertex -0.2103952020406723 0.27035561203956604 0.0075529161840677261
   vertex -0.20002320408821106 0.27026578783988953 0.0090000005438923836
   vertex -0.20002320408821106 0.27086520195007324 0.0075529161840677261
  endloop
 endfacet
 facet normal -0.045344043869980061 0.92292811372272032 0.38229257720460463
  outer loop
   vertex -0.21033650636672974 0.26975908875465393 0.0090000005438923836
   vertex -0.20002320408821106 0.27026578783988953 0.0090000005438923836
   vertex -0.2103952020406723 0.27035561203956604 0.0075529161840677261
  endloop
 endfacet
 facet normal -0.13558221920849317 0.91404166394165531 0.38228954787342834
  outer loop
   vertex -0.22066740691661835 0.26883190870285034 0.0075529161840677261
   vertex -0.21033650636672974 0.26975908875465393 0.0090000005438923836
   vertex -0.2103952020406723 0.27035561203956604 0.0075529161840677261
  endloop
 endfacet
 facet normal -0.13558419740008534 0.91403319385603987 0.38230909738678953
  outer loop
   vertex -0.22055040299892426 0.26824399828910828 0.0090000005438923836
   vertex -0.21033650636672974 0.26975908875465393 0.0090000005438923836
   vertex -0.22066740691661835 0.26883190870285034 0.0075529161840677261
  endloop
 endfacet
 facet normal -0.22452057271630946 0.89634133821670237 0.38231233021056432
  outer loop
   vertex -0.23074069619178772 0.26630869507789612 0.0075529161840677261
   vertex -0.22055040299892426 0.26824399828910828 0.0090000005438923836
   vertex -0.22066740691661835 0.26883190870285034 0.0075529161840677261
  endloop
 endfacet
 facet normal -0.22451970161728582 0.89634793652378941 0.38229737152539989
  outer loop
   vertex -0.23056669533252716 0.26573508977890015 0.0090000005438923836
   vertex -0.22055040299892426 0.26824399828910828 0.0090000005438923836
   vertex -0.23074069619178772 0.26630869507789612 0.0075529161840677261
  endloop
 endfacet
 facet normal -0.3113033302379774 0.87002240079632231 0.38229734330145215
  outer loop
   vertex -0.24051819741725922 0.26281020045280457 0.0075529161840677261
   vertex -0.23056669533252716 0.26573508977890015 0.0090000005438923836
   vertex -0.23074069619178772 0.26630869507789612 0.0075529161840677261
  endloop
 endfacet
 facet normal -0.31130308582301963 0.87002978424881505 0.38228073882557312
  outer loop
   vertex -0.24028889834880829 0.26225641369819641 0.0090000005438923836
   vertex -0.23056669533252716 0.26573508977890015 0.0090000005438923836
   vertex -0.24051819741725922 0.26281020045280457 0.0075529161840677261
  endloop
 endfacet
 facet normal -0.39508192367470429 0.83532928869846912 0.38227640919628397
  outer loop
   vertex -0.2499057948589325 0.25837019085884094 0.0075529161840677261
   vertex -0.24028889834880829 0.26225641369819641 0.0090000005438923836
   vertex -0.24051819741725922 0.26281020045280457 0.0075529161840677261
  endloop
 endfacet
 facet normal -0.39508154060249767 0.83532341067718729 0.38228964915334557
  outer loop
   vertex -0.24962319433689117 0.25784158706665039 0.0090000005438923836
   vertex -0.24028889834880829 0.26225641369819641 0.0090000005438923836
   vertex -0.2499057948589325 0.25837019085884094 0.0075529161840677261
  endloop
 endfacet
 facet normal -0.47505111582599457 0.7925774805889485 0.38229226334802052
  outer loop
   vertex -0.25881290435791016 0.25303149223327637 0.0075529161840677261
   vertex -0.24962319433689117 0.25784158706665039 0.0090000005438923836
   vertex -0.2499057948589325 0.25837019085884094 0.0075529161840677261
  endloop
 endfacet
 facet normal -0.47505127472335285 0.7925784452271637 0.38229006597740584
  outer loop
   vertex -0.25847989320755005 0.25253310799598694 0.0090000005438923836
   vertex -0.24962319433689117 0.25784158706665039 0.0090000005438923836
   vertex -0.25881290435791016 0.25303149223327637 0.0075529161840677261
  endloop
 endfacet
 facet normal -0.55045149579213604 0.74219767350841725 0.38229015710438174
  outer loop
   vertex -0.26715388894081116 0.24684539437294006 0.0075529161840677261
   vertex -0.25847989320755005 0.25253310799598694 0.0090000005438923836
   vertex -0.25881290435791016 0.25303149223327637 0.0075529161840677261
  endloop
 endfacet
 facet normal -0.55045336483436447 0.74220465931882607 0.38227390288633545
  outer loop
   vertex -0.26677361130714417 0.24638210237026215 0.0090000005438923836
   vertex -0.25847989320755005 0.25253310799598694 0.0090000005438923836
   vertex -0.26715388894081116 0.24684539437294006 0.0075529161840677261
  endloop
 endfacet
 facet normal -0.6205511742134473 0.68467571045816478 0.3822766167200381
  outer loop
   vertex -0.27484831213951111 0.23987160623073578 0.0075529161840677261
   vertex -0.26677361130714417 0.24638210237026215 0.0090000005438923836
   vertex -0.26715388894081116 0.24684539437294006 0.0075529161840677261
  endloop
 endfacet
 facet normal -0.62054613167197015 0.68466229787244226 0.38230882325546844
  outer loop
   vertex -0.27442449331283569 0.2394476979970932 0.0090000005438923836
   vertex -0.26677361130714417 0.24638210237026215 0.0090000005438923836
   vertex -0.27484831213951111 0.23987160623073578 0.0075529161840677261
  endloop
 endfacet
 facet normal -0.68466586398837381 0.6205443209427326 0.38230537589049968
  outer loop
   vertex -0.28182220458984375 0.23217709362506866 0.0075529161840677261
   vertex -0.27442449331283569 0.2394476979970932 0.0090000005438923836
   vertex -0.27484831213951111 0.23987160623073578 0.0075529161840677261
  endloop
 endfacet
 facet normal -0.6846696862805407 0.62055207891420694 0.38228593754382612
  outer loop
   vertex -0.28135880827903748 0.23179690539836884 0.0090000005438923836
   vertex -0.27442449331283569 0.2394476979970932 0.0090000005438923836
   vertex -0.28182220458984375 0.23217709362506866 0.0075529161840677261
  endloop
 endfacet
 facet normal -0.74219852238781214 0.55045007001362545 0.38229056199093264
  outer loop
   vertex -0.28800821304321289 0.22383619844913483 0.0075529161840677261
   vertex -0.28135880827903748 0.23179690539836884 0.0090000005438923836
   vertex -0.28182220458984375 0.23217709362506866 0.0075529161840677261
  endloop
 endfacet
 facet normal -0.74219667731835548 0.55044710050025902 0.38229841973051676
  outer loop
   vertex -0.28750979900360107 0.22350320219993591 0.0090000005438923836
   vertex -0.28135880827903748 0.23179690539836884 0.0090000005438923836
   vertex -0.28800821304321289 0.22383619844913483 0.0075529161840677261
  endloop
 endfacet
 facet normal -0.79257337226852398 0.47505184059002192 0.38229988009798266
  outer loop
   vertex -0.29334700107574463 0.21492899954319 0.0075529161840677261
   vertex -0.28750979900360107 0.22350320219993591 0.0090000005438923836
   vertex -0.28800821304321289 0.22383619844913483 0.0075529161840677261
  endloop
 endfacet
 facet normal -0.79257203928247233 0.47505010212665022 0.38230480381115045
  outer loop
   vertex -0.29281830787658691 0.21464650332927704 0.0090000005438923836
   vertex -0.28750979900360107 0.22350320219993591 0.0090000005438923836
   vertex -0.29334700107574463 0.21492899954319 0.0075529161840677261
  endloop
 endfacet
 facet normal -0.83531940378112934 0.39507103080873512 0.38230926523230124
  outer loop
   vertex -0.2977868914604187 0.20554150640964508 0.0075529161840677261
   vertex -0.29281830787658691 0.21464650332927704 0.0090000005438923836
   vertex -0.29334700107574463 0.21492899954319 0.0075529161840677261
  endloop
 endfacet
 facet normal -0.83533541295628644 0.39508813638090456 0.38225660537420925
  outer loop
   vertex -0.29723319411277771 0.2053121030330658 0.0090000005438923836
   vertex -0.29281830787658691 0.21464650332927704 0.0090000005438923836
   vertex -0.2977868914604187 0.20554150640964508 0.0075529161840677261
  endloop
 endfacet
 facet normal -0.87003926526613651 0.31130936452584296 0.38225404700758547
  outer loop
   vertex -0.30128538608551025 0.19576400518417358 0.0075529161840677261
   vertex -0.29723319411277771 0.2053121030330658 0.0090000005438923836
   vertex -0.2977868914604187 0.20554150640964508 0.0075529161840677261
  endloop
 endfacet
 facet normal -0.87002987731740655 0.31130112507106306 0.38228212370518805
  outer loop
   vertex -0.30071181058883667 0.19559000432491302 0.0090000005438923836
   vertex -0.29723319411277771 0.2053121030330658 0.0090000005438923836
   vertex -0.30128538608551025 0.19576400518417358 0.0075529161840677261
  endloop
 endfacet
 facet normal -0.89635373076892877 0.22452334474015501 0.382281646176371
  outer loop
   vertex -0.30380859971046448 0.18569070100784302 0.0075529161840677261
   vertex -0.30071181058883667 0.19559000432491302 0.0090000005438923836
   vertex -0.30128538608551025 0.19576400518417358 0.0075529161840677261
  endloop
 endfacet
 facet normal -0.89634260314119152 0.22451536472311279 0.38231242302248059
  outer loop
   vertex -0.30322068929672241 0.18557369709014893 0.0090000005438923836
   vertex -0.30071181058883667 0.19559000432491302 0.0090000005438923836
   vertex -0.30380859971046448 0.18569070100784302 0.0075529161840677261
  endloop
 endfacet
 facet normal -0.91403247539864596 0.13558881178123575 0.38230917859289743
  outer loop
   vertex -0.30533239245414734 0.17541849613189697 0.0075529161840677261
   vertex -0.30322068929672241 0.18557369709014893 0.0090000005438923836
   vertex -0.30380859971046448 0.18569070100784302 0.0075529161840677261
  endloop
 endfacet
 facet normal -0.91402446891224765 0.13558418549866441 0.38232996073071135
  outer loop
   vertex -0.30473580956459045 0.17535969614982605 0.0090000005438923836
   vertex -0.30322068929672241 0.18557369709014893 0.0090000005438923836
   vertex -0.30533239245414734 0.17541849613189697 0.0075529161840677261
  endloop
 endfacet
 facet normal -0.038948609052037467 0.79275607591582931 0.60829335846402866
  outer loop
   vertex -0.21033650636672974 0.26975908875465393 0.0090000005438923836
   vertex -0.20002320408821106 0.2693122923374176 0.010242640040814877
   vertex -0.20002320408821106 0.27026578783988953 0.0090000005438923836
  endloop
 endfacet
 facet normal -0.038947028502159864 0.79276402566904558 0.60828309903848277
  outer loop
   vertex -0.21024300158023834 0.2688102126121521 0.010242640040814877
   vertex -0.20002320408821106 0.2693122923374176 0.010242640040814877
   vertex -0.21033650636672974 0.26975908875465393 0.0090000005438923836
  endloop
 endfacet
 facet normal -0.11646287399327708 0.78512787421391306 0.60828498264675912
  outer loop
   vertex -0.22055040299892426 0.26824399828910828 0.0090000005438923836
   vertex -0.21024300158023834 0.2688102126121521 0.010242640040814877
   vertex -0.21033650636672974 0.26975908875465393 0.0090000005438923836
  endloop
 endfacet
 facet normal -0.11646412908172932 0.78511511920599353 0.60830120518653652
  outer loop
   vertex -0.22036440670490265 0.2673088014125824 0.010242640040814877
   vertex -0.21024300158023834 0.2688102126121521 0.010242640040814877
   vertex -0.22055040299892426 0.26824399828910828 0.0090000005438923836
  endloop
 endfacet
 facet normal -0.19285203426843758 0.76992139988493735 0.60830019799252399
  outer loop
   vertex -0.23056669533252716 0.26573508977890015 0.0090000005438923836
   vertex -0.22036440670490265 0.2673088014125824 0.010242640040814877
   vertex -0.22055040299892426 0.26824399828910828 0.0090000005438923836
  endloop
 endfacet
 facet normal -0.19285203337274476 0.76991128380193818 0.60831300191467985
  outer loop
   vertex -0.23028990626335144 0.26482260227203369 0.010242640040814877
   vertex -0.22036440670490265 0.2673088014125824 0.010242640040814877
   vertex -0.23056669533252716 0.26573508977890015 0.0090000005438923836
  endloop
 endfacet
 facet normal -0.26738975852676983 0.74730082840761136 0.6083125749943803
  outer loop
   vertex -0.24028889834880829 0.26225641369819641 0.0090000005438923836
   vertex -0.23028990626335144 0.26482260227203369 0.010242640040814877
   vertex -0.23056669533252716 0.26573508977890015 0.0090000005438923836
  endloop
 endfacet
 facet normal -0.26739076295455666 0.74731101682991719 0.60829961697441126
  outer loop
   vertex -0.23992399871349335 0.26137548685073853 0.010242640040814877
   vertex -0.23028990626335144 0.26482260227203369 0.010242640040814877
   vertex -0.24028889834880829 0.26225641369819641 0.0090000005438923836
  endloop
 endfacet
 facet normal -0.33935569318262343 0.71750189753167626 0.60829987715187406
  outer loop
   vertex -0.24962319433689117 0.25784158706665039 0.0090000005438923836
   vertex -0.23992399871349335 0.26137548685073853 0.010242640040814877
   vertex -0.24028889834880829 0.26225641369819641 0.0090000005438923836
  endloop
 endfacet
 facet normal -0.33935817738519852 0.71751438064334128 0.60828376684882723
  outer loop
   vertex -0.24917370080947876 0.25700071454048157 0.010242640040814877
   vertex -0.23992399871349335 0.26137548685073853 0.010242640040814877
   vertex -0.24962319433689117 0.25784158706665039 0.0090000005438923836
  endloop
 endfacet
 facet normal -0.40805166232761914 0.68079588311456318 0.60828513577591925
  outer loop
   vertex -0.25847989320755005 0.25253310799598694 0.0090000005438923836
   vertex -0.24917370080947876 0.25700071454048157 0.010242640040814877
   vertex -0.24962319433689117 0.25784158706665039 0.0090000005438923836
  endloop
 endfacet
 facet normal -0.40805114948309751 0.68079419302746247 0.60828737135141075
  outer loop
   vertex -0.25795018672943115 0.25174030661582947 0.010242640040814877
   vertex -0.24917370080947876 0.25700071454048157 0.010242640040814877
   vertex -0.25847989320755005 0.25253310799598694 0.0090000005438923836
  endloop
 endfacet
 facet normal -0.47281521896635376 0.63752114335657639 0.60828657759901472
  outer loop
   vertex -0.26677361130714417 0.24638210237026215 0.0090000005438923836
   vertex -0.25795018672943115 0.25174030661582947 0.010242640040814877
   vertex -0.25847989320755005 0.25253310799598694 0.0090000005438923836
  endloop
 endfacet
 facet normal -0.47280885847721865 0.63750579165110122 0.60830761047086379
  outer loop
   vertex -0.26616871356964111 0.24564500153064728 0.010242640040814877
   vertex -0.25795018672943115 0.25174030661582947 0.010242640040814877
   vertex -0.26677361130714417 0.24638210237026215 0.0090000005438923836
  endloop
 endfacet
 facet normal -0.5330197842514961 0.58809253925059446 0.60830672762536198
  outer loop
   vertex -0.27442449331283569 0.2394476979970932 0.0090000005438923836
   vertex -0.26616871356964111 0.24564500153064728 0.010242640040814877
   vertex -0.26677361130714417 0.24638210237026215 0.0090000005438923836
  endloop
 endfacet
 facet normal -0.53301846254957463 0.58809006709435285 0.60831027573619623
  outer loop
   vertex -0.2737501859664917 0.23877349495887756 0.010242640040814877
   vertex -0.26616871356964111 0.24564500153064728 0.010242640040814877
   vertex -0.27442449331283569 0.2394476979970932 0.0090000005438923836
  endloop
 endfacet
 facet normal -0.58808920641223361 0.53301611994631959 0.60831316045175277
  outer loop
   vertex -0.28135880827903748 0.23179690539836884 0.0090000005438923836
   vertex -0.2737501859664917 0.23877349495887756 0.010242640040814877
   vertex -0.27442449331283569 0.2394476979970932 0.0090000005438923836
  endloop
 endfacet
 facet normal -0.58809026263824415 0.53301770039466478 0.60831075451290872
  outer loop
   vertex -0.28062170743942261 0.23119199275970459 0.010242640040814877
   vertex -0.2737501859664917 0.23877349495887756 0.010242640040814877
   vertex -0.28135880827903748 0.23179690539836884 0.0090000005438923836
  endloop
 endfacet
 facet normal -0.6375062012550351 0.47280384129400915 0.60831108079584095
  outer loop
   vertex -0.28750979900360107 0.22350320219993591 0.0090000005438923836
   vertex -0.28062170743942261 0.23119199275970459 0.010242640040814877
   vertex -0.28135880827903748 0.23179690539836884 0.0090000005438923836
  endloop
 endfacet
 facet normal -0.63750774564443569 0.47280572277688859 0.60830799990857709
  outer loop
   vertex -0.2867169976234436 0.22297340631484985 0.010242640040814877
   vertex -0.28062170743942261 0.23119199275970459 0.010242640040814877
   vertex -0.28750979900360107 0.22350320219993591 0.0090000005438923836
  endloop
 endfacet
 facet normal -0.68078122138445185 0.40804516525384016 0.60830590308105714
  outer loop
   vertex -0.29281830787658691 0.21464650332927704 0.0090000005438923836
   vertex -0.2867169976234436 0.22297340631484985 0.010242640040814877
   vertex -0.28750979900360107 0.22350320219993591 0.0090000005438923836
  endloop
 endfacet
 facet normal -0.68078540016676525 0.40804934329448866 0.60829842376642207
  outer loop
   vertex -0.2919774055480957 0.21419699490070343 0.010242640040814877
   vertex -0.2867169976234436 0.22297340631484985 0.010242640040814877
   vertex -0.29281830787658691 0.21464650332927704 0.0090000005438923836
  endloop
 endfacet
 facet normal -0.7175034044963946 0.33935719536443193 0.60829726161677733
  outer loop
   vertex -0.29723319411277771 0.2053121030330658 0.0090000005438923836
   vertex -0.2919774055480957 0.21419699490070343 0.010242640040814877
   vertex -0.29281830787658691 0.21464650332927704 0.0090000005438923836
  endloop
 endfacet
 facet normal -0.7174885074064552 0.33934497193274249 0.60832165156570173
  outer loop
   vertex -0.29635220766067505 0.20494720339775085 0.010242640040814877
   vertex -0.2919774055480957 0.21419699490070343 0.010242640040814877
   vertex -0.29723319411277771 0.2053121030330658 0.0090000005438923836
  endloop
 endfacet
 facet normal -0.74729441245480144 0.26738575010065857 0.60832221869412362
  outer loop
   vertex -0.30071181058883667 0.19559000432491302 0.0090000005438923836
   vertex -0.29635220766067505 0.20494720339775085 0.010242640040814877
   vertex -0.29723319411277771 0.2053121030330658 0.0090000005438923836
  endloop
 endfacet
 facet normal -0.74729196739757175 0.26738411670058676 0.60832594026501419
  outer loop
   vertex -0.29979929327964783 0.19531320035457611 0.010242640040814877
   vertex -0.29635220766067505 0.20494720339775085 0.010242640040814877
   vertex -0.30071181058883667 0.19559000432491302 0.0090000005438923836
  endloop
 endfacet
 facet normal -0.76990284474121284 0.19284480887405445 0.60832597293697488
  outer loop
   vertex -0.30322068929672241 0.18557369709014893 0.0090000005438923836
   vertex -0.29979929327964783 0.19531320035457611 0.010242640040814877
   vertex -0.30071181058883667 0.19559000432491302 0.0090000005438923836
  endloop
 endfacet
 facet normal -0.76992084620616563 0.19285442862157146 0.60830013968289465
  outer loop
   vertex -0.30228549242019653 0.18538770079612732 0.010242640040814877
   vertex -0.29979929327964783 0.19531320035457611 0.010242640040814877
   vertex -0.30322068929672241 0.18557369709014893 0.0090000005438923836
  endloop
 endfacet
 facet normal -0.78511545248562065 0.11646213287305118 0.60830115721980915
  outer loop
   vertex -0.30473580956459045 0.17535969614982605 0.0090000005438923836
   vertex -0.30228549242019653 0.18538770079612732 0.010242640040814877
   vertex -0.30322068929672241 0.18557369709014893 0.0090000005438923836
  endloop
 endfacet
 facet normal -0.78512314954762064 0.11646532030416402 0.60829061246321492
  outer loop
   vertex -0.30378690361976624 0.17526629567146301 0.010242640040814877
   vertex -0.30228549242019653 0.18538770079612732 0.010242640040814877
   vertex -0.30473580956459045 0.17535969614982605 0.0090000005438923836
  endloop
 endfacet
 facet normal -0.029893073607744531 0.60847141063874577 0.79301257656204727
  outer loop
   vertex -0.21024300158023834 0.2688102126121521 0.010242640040814877
   vertex -0.20002320408821106 0.26806959509849548 0.011196150444447994
   vertex -0.20002320408821106 0.2693122923374176 0.010242640040814877
  endloop
 endfacet
 facet normal -0.029892788285440928 0.60847339821738933 0.79301106226225138
  outer loop
   vertex -0.21012119948863983 0.26757350564002991 0.011196150444447994
   vertex -0.20002320408821106 0.26806959509849548 0.011196150444447994
   vertex -0.21024300158023834 0.2688102126121521 0.010242640040814877
  endloop
 endfacet
 facet normal -0.089391773008865028 0.60261329454186707 0.79301092562443831
  outer loop
   vertex -0.22036440670490265 0.2673088014125824 0.010242640040814877
   vertex -0.21012119948863983 0.26757350564002991 0.011196150444447994
   vertex -0.21024300158023834 0.2688102126121521 0.010242640040814877
  endloop
 endfacet
 facet normal -0.089390255008339373 0.60264745883281678 0.7929851339539048
  outer loop
   vertex -0.22012199461460114 0.26609009504318237 0.011196150444447994
   vertex -0.21012119948863983 0.26757350564002991 0.011196150444447994
   vertex -0.22036440670490265 0.2673088014125824 0.010242640040814877
  endloop
 endfacet
 facet normal -0.14803296830527218 0.59098289335968757 0.79298515752247378
  outer loop
   vertex -0.23028990626335144 0.26482260227203369 0.010242640040814877
   vertex -0.22012199461460114 0.26609009504318237 0.011196150444447994
   vertex -0.22036440670490265 0.2673088014125824 0.010242640040814877
  endloop
 endfacet
 facet normal -0.14803232716471232 0.59097098218764654 0.79299415403038631
  outer loop
   vertex -0.22992919385433197 0.26363348960876465 0.011196150444447994
   vertex -0.22012199461460114 0.26609009504318237 0.011196150444447994
   vertex -0.23028990626335144 0.26482260227203369 0.010242640040814877
  endloop
 endfacet
 facet normal -0.20524221901129858 0.5736165665970635 0.79299411477054149
  outer loop
   vertex -0.23992399871349335 0.26137548685073853 0.010242640040814877
   vertex -0.22992919385433197 0.26363348960876465 0.011196150444447994
   vertex -0.23028990626335144 0.26482260227203369 0.010242640040814877
  endloop
 endfacet
 facet normal -0.2052390833502824 0.57359608948839114 0.79300973814270492
  outer loop
   vertex -0.23944839835166931 0.26022741198539734 0.011196150444447994
   vertex -0.22992919385433197 0.26363348960876465 0.011196150444447994
   vertex -0.23992399871349335 0.26137548685073853 0.010242640040814877
  endloop
 endfacet
 facet normal -0.2604692662090094 0.55071737378070429 0.79301080419917636
  outer loop
   vertex -0.24917370080947876 0.25700071454048157 0.010242640040814877
   vertex -0.23944839835166931 0.26022741198539734 0.011196150444447994
   vertex -0.23992399871349335 0.26137548685073853 0.010242640040814877
  endloop
 endfacet
 facet normal -0.26047482649859638 0.55073913902518945 0.79299386221226165
  outer loop
   vertex -0.24858799576759338 0.25590479373931885 0.011196150444447994
   vertex -0.23944839835166931 0.26022741198539734 0.011196150444447994
   vertex -0.24917370080947876 0.25700071454048157 0.010242640040814877
  endloop
 endfacet
 facet normal -0.31320691701636721 0.52255569085122644 0.79299241931565789
  outer loop
   vertex -0.25795018672943115 0.25174030661582947 0.010242640040814877
   vertex -0.24858799576759338 0.25590479373931885 0.011196150444447994
   vertex -0.24917370080947876 0.25700071454048157 0.010242640040814877
  endloop
 endfacet
 facet normal -0.31320248743330609 0.52254349154204038 0.79300220763415485
  outer loop
   vertex -0.2572597861289978 0.25070708990097046 0.011196150444447994
   vertex -0.24858799576759338 0.25590479373931885 0.011196150444447994
   vertex -0.25795018672943115 0.25174030661582947 0.010242640040814877
  endloop
 endfacet
 facet normal -0.36291199947327218 0.48932776401235706 0.7930026607805164
  outer loop
   vertex -0.26616871356964111 0.24564500153064728 0.010242640040814877
   vertex -0.2572597861289978 0.25070708990097046 0.011196150444447994
   vertex -0.25795018672943115 0.25174030661582947 0.010242640040814877
  endloop
 endfacet
 facet normal -0.36291254187525035 0.48932889705372828 0.79300171340157044
  outer loop
   vertex -0.26538041234016418 0.24468439817428589 0.011196150444447994
   vertex -0.2572597861289978 0.25070708990097046 0.011196150444447994
   vertex -0.26616871356964111 0.24564500153064728 0.010242640040814877
  endloop
 endfacet
 facet normal -0.40912952193178592 0.45140088929052147 0.79300080165886022
  outer loop
   vertex -0.2737501859664917 0.23877349495887756 0.010242640040814877
   vertex -0.26538041234016418 0.24468439817428589 0.011196150444447994
   vertex -0.26616871356964111 0.24564500153064728 0.010242640040814877
  endloop
 endfacet
 facet normal -0.40914092315078721 0.45141971050057422 0.79298420537542824
  outer loop
   vertex -0.27287161350250244 0.23789480328559875 0.011196150444447994
   vertex -0.26538041234016418 0.24468439817428589 0.011196150444447994
   vertex -0.2737501859664917 0.23877349495887756 0.010242640040814877
  endloop
 endfacet
 facet normal -0.45141906248401609 0.40914527222423408 0.79298233034703192
  outer loop
   vertex -0.28062170743942261 0.23119199275970459 0.010242640040814877
   vertex -0.27287161350250244 0.23789480328559875 0.011196150444447994
   vertex -0.2737501859664917 0.23877349495887756 0.010242640040814877
  endloop
 endfacet
 facet normal -0.45142083592838805 0.40914764018086164 0.79298009900888899
  outer loop
   vertex -0.27966120839118958 0.23040370643138885 0.011196150444447994
   vertex -0.27287161350250244 0.23789480328559875 0.011196150444447994
   vertex -0.28062170743942261 0.23119199275970459 0.010242640040814877
  endloop
 endfacet
 facet normal -0.489353475685541 0.36292754926608983 0.7929796780612921
  outer loop
   vertex -0.2867169976234436 0.22297340631484985 0.010242640040814877
   vertex -0.27966120839118958 0.23040370643138885 0.011196150444447994
   vertex -0.28062170743942261 0.23119199275970459 0.010242640040814877
  endloop
 endfacet
 facet normal -0.48933783266333569 0.36291045179934417 0.79299715604732468
  outer loop
   vertex -0.28568381071090698 0.2222830057144165 0.011196150444447994
   vertex -0.27966120839118958 0.23040370643138885 0.011196150444447994
   vertex -0.2867169976234436 0.22297340631484985 0.010242640040814877
  endloop
 endfacet
 facet normal -0.52255036299989899 0.31320638252255922 0.79299614127422224
  outer loop
   vertex -0.2919774055480957 0.21419699490070343 0.010242640040814877
   vertex -0.28568381071090698 0.2222830057144165 0.011196150444447994
   vertex -0.2867169976234436 0.22297340631484985 0.010242640040814877
  endloop
 endfacet
 facet normal -0.52254930874458638 0.31320543595607336 0.7929972098425826
  outer loop
   vertex -0.29088151454925537 0.21361120045185089 0.011196150444447994
   vertex -0.28568381071090698 0.2222830057144165 0.011196150444447994
   vertex -0.2919774055480957 0.21419699490070343 0.010242640040814877
  endloop
 endfacet
 facet normal -0.55073434697463219 0.26047655061690317 0.79299662397840331
  outer loop
   vertex -0.29635220766067505 0.20494720339775085 0.010242640040814877
   vertex -0.29088151454925537 0.21361120045185089 0.011196150444447994
   vertex -0.2919774055480957 0.21419699490070343 0.010242640040814877
  endloop
 endfacet
 facet normal -0.55074419192484014 0.26048378085840806 0.79298741160926622
  outer loop
   vertex -0.29520419239997864 0.20447170734405518 0.011196150444447994
   vertex -0.29088151454925537 0.21361120045185089 0.011196150444447994
   vertex -0.29635220766067505 0.20494720339775085 0.010242640040814877
  endloop
 endfacet
 facet normal -0.57362401199126756 0.20524501326926783 0.79298800583308959
  outer loop
   vertex -0.29979929327964783 0.19531320035457611 0.010242640040814877
   vertex -0.29520419239997864 0.20447170734405518 0.011196150444447994
   vertex -0.29635220766067505 0.20494720339775085 0.010242640040814877
  endloop
 endfacet
 facet normal -0.57362600720467194 0.20524619647508102 0.79298625630646236
  outer loop
   vertex -0.29861021041870117 0.19495250284671783 0.011196150444447994
   vertex -0.29520419239997864 0.20447170734405518 0.011196150444447994
   vertex -0.29979929327964783 0.19531320035457611 0.010242640040814877
  endloop
 endfacet
 facet normal -0.59098134284440318 0.14803257992282906 0.79298638556485779
  outer loop
   vertex -0.30228549242019653 0.18538770079612732 0.010242640040814877
   vertex -0.29861021041870117 0.19495250284671783 0.011196150444447994
   vertex -0.29979929327964783 0.19531320035457611 0.010242640040814877
  endloop
 endfacet
 facet normal -0.59098386458144636 0.14803375818152104 0.79298428625227724
  outer loop
   vertex -0.30106678605079651 0.185145303606987 0.011196150444447994
   vertex -0.29861021041870117 0.19495250284671783 0.011196150444447994
   vertex -0.30228549242019653 0.18538770079612732 0.010242640040814877
  endloop
 endfacet
 facet normal -0.60264697151856272 0.089396768658120809 0.79298477001326517
  outer loop
   vertex -0.30378690361976624 0.17526629567146301 0.010242640040814877
   vertex -0.30106678605079651 0.185145303606987 0.011196150444447994
   vertex -0.30228549242019653 0.18538770079612732 0.010242640040814877
  endloop
 endfacet
 facet normal -0.60264045081407036 0.089394469913633284 0.7929899846728673
  outer loop
   vertex -0.30255028605461121 0.1751444935798645 0.011196150444447994
   vertex -0.30106678605079651 0.185145303606987 0.011196150444447994
   vertex -0.30378690361976624 0.17526629567146301 0.010242640040814877
  endloop
 endfacet
 facet normal -0.018797197163461614 0.38262052792794704 0.92371434815474052
  outer loop
   vertex -0.21012119948863983 0.26757350564002991 0.011196150444447994
   vertex -0.20002320408821106 0.26662251353263855 0.011795559898018837
   vertex -0.20002320408821106 0.26806959509849548 0.011196150444447994
  endloop
 endfacet
 facet normal -0.018796993664164586 0.38262224347178603 0.92371364168220804
  outer loop
   vertex -0.20997940003871918 0.26613339781761169 0.011795559898018837
   vertex -0.20002320408821106 0.26662251353263855 0.011795559898018837
   vertex -0.21012119948863983 0.26757350564002991 0.011196150444447994
  endloop
 endfacet
 facet normal -0.056207668226111923 0.37893849189964046 0.9237133307414207
  outer loop
   vertex -0.22012199461460114 0.26609009504318237 0.011196150444447994
   vertex -0.20997940003871918 0.26613339781761169 0.011795559898018837
   vertex -0.21012119948863983 0.26757350564002991 0.011196150444447994
  endloop
 endfacet
 facet normal -0.0562078340939208 0.3789301580131702 0.92371673944699317
  outer loop
   vertex -0.21983970701694489 0.26467078924179077 0.011795559898018837
   vertex -0.20997940003871918 0.26613339781761169 0.011795559898018837
   vertex -0.22012199461460114 0.26609009504318237 0.011196150444447994
  endloop
 endfacet
 facet normal -0.093081151285431055 0.37159626178882965 0.92371647029808135
  outer loop
   vertex -0.22992919385433197 0.26363348960876465 0.011196150444447994
   vertex -0.21983970701694489 0.26467078924179077 0.011795559898018837
   vertex -0.22012199461460114 0.26609009504318237 0.011196150444447994
  endloop
 endfacet
 facet normal -0.093081470283735007 0.37160032852857194 0.92371480215880264
  outer loop
   vertex -0.22950920462608337 0.262248694896698 0.011795559898018837
   vertex -0.21983970701694489 0.26467078924179077 0.011795559898018837
   vertex -0.22992919385433197 0.26363348960876465 0.011196150444447994
  endloop
 endfacet
 facet normal -0.12905843339434259 0.36068867343433797 0.9237140258900346
  outer loop
   vertex -0.23944839835166931 0.26022741198539734 0.011196150444447994
   vertex -0.22950920462608337 0.262248694896698 0.011795559898018837
   vertex -0.22992919385433197 0.26363348960876465 0.011196150444447994
  endloop
 endfacet
 facet normal -0.1290603451352684 0.3606993946834845 0.92370957231617634
  outer loop
   vertex -0.23889470100402832 0.25889050960540771 0.011795559898018837
   vertex -0.22950920462608337 0.262248694896698 0.011795559898018837
   vertex -0.23944839835166931 0.26022741198539734 0.011196150444447994
  endloop
 endfacet
 facet normal -0.16379132906091731 0.3463148311082076 0.9237090658204844
  outer loop
   vertex -0.24858799576759338 0.25590479373931885 0.011196150444447994
   vertex -0.23889470100402832 0.25889050960540771 0.011795559898018837
   vertex -0.23944839835166931 0.26022741198539734 0.011196150444447994
  endloop
 endfacet
 facet normal -0.16378770832928918 0.3463019800547858 0.92371452581973312
  outer loop
   vertex -0.24790580570697784 0.25462859869003296 0.011795559898018837
   vertex -0.23889470100402832 0.25889050960540771 0.011795559898018837
   vertex -0.24858799576759338 0.25590479373931885 0.011196150444447994
  endloop
 endfacet
 facet normal -0.19694369455423172 0.32857863496844536 0.9237149245398184
  outer loop
   vertex -0.2572597861289978 0.25070708990097046 0.011196150444447994
   vertex -0.24790580570697784 0.25462859869003296 0.011795559898018837
   vertex -0.24858799576759338 0.25590479373931885 0.011196150444447994
  endloop
 endfacet
 facet normal -0.19694397571958216 0.32857935388414383 0.92371460886403822
  outer loop
   vertex -0.25645580887794495 0.24950389564037323 0.011795559898018837
   vertex -0.24790580570697784 0.25462859869003296 0.011795559898018837
   vertex -0.2572597861289978 0.25070708990097046 0.011196150444447994
  endloop
 endfacet
 facet normal -0.22820163040713173 0.30769300927430859 0.92371479793453959
  outer loop
   vertex -0.26538041234016418 0.24468439817428589 0.011196150444447994
   vertex -0.25645580887794495 0.24950389564037323 0.011795559898018837
   vertex -0.2572597861289978 0.25070708990097046 0.011196150444447994
  endloop
 endfacet
 facet normal -0.22820397195568159 0.30769760774153787 0.92371268767608972
  outer loop
   vertex -0.26446241140365601 0.24356579780578613 0.011795559898018837
   vertex -0.25645580887794495 0.24950389564037323 0.011795559898018837
   vertex -0.26538041234016418 0.24468439817428589 0.011196150444447994
  endloop
 endfacet
 facet normal -0.25726420671892503 0.28384873560158697 0.92371263022579853
  outer loop
   vertex -0.27287161350250244 0.23789480328559875 0.011196150444447994
   vertex -0.26446241140365601 0.24356579780578613 0.011795559898018837
   vertex -0.26538041234016418 0.24468439817428589 0.011196150444447994
  endloop
 endfacet
 facet normal -0.25725866839428085 0.28384007893102231 0.92371683276230954
  outer loop
   vertex -0.27184829115867615 0.23687160015106201 0.011795559898018837
   vertex -0.26446241140365601 0.24356579780578613 0.011795559898018837
   vertex -0.27287161350250244 0.23789480328559875 0.011196150444447994
  endloop
 endfacet
 facet normal -0.28383802940885344 0.25725808532382666 0.92371762492485632
  outer loop
   vertex -0.27966120839118958 0.23040370643138885 0.011196150444447994
   vertex -0.27184829115867615 0.23687160015106201 0.011795559898018837
   vertex -0.27287161350250244 0.23789480328559875 0.011196150444447994
  endloop
 endfacet
 facet normal -0.28383569916278384 0.25725512780275894 0.92371916462740977
  outer loop
   vertex -0.27854260802268982 0.22948560118675232 0.011795559898018837
   vertex -0.27184829115867615 0.23687160015106201 0.011795559898018837
   vertex -0.27966120839118958 0.23040370643138885 0.011196150444447994
  endloop
 endfacet
 facet normal -0.30768855173968346 0.22819284320932282 0.92371845355410187
  outer loop
   vertex -0.28568381071090698 0.2222830057144165 0.011196150444447994
   vertex -0.27854260802268982 0.22948560118675232 0.011795559898018837
   vertex -0.27966120839118958 0.23040370643138885 0.011196150444447994
  endloop
 endfacet
 facet normal -0.30769984731390682 0.22820459728947021 0.92371178716033997
  outer loop
   vertex -0.28448060154914856 0.22147910296916962 0.011795559898018837
   vertex -0.27854260802268982 0.22948560118675232 0.011795559898018837
   vertex -0.28568381071090698 0.2222830057144165 0.011196150444447994
  endloop
 endfacet
 facet normal -0.32858439372388615 0.1969468078178144 0.9237122122671535
  outer loop
   vertex -0.29088151454925537 0.21361120045185089 0.011196150444447994
   vertex -0.28448060154914856 0.22147910296916962 0.011795559898018837
   vertex -0.28568381071090698 0.2222830057144165 0.011196150444447994
  endloop
 endfacet
 facet normal -0.32858288879189412 0.19694552181093117 0.92371302179399517
  outer loop
   vertex -0.28960528969764709 0.21292909979820251 0.011795559898018837
   vertex -0.28448060154914856 0.22147910296916962 0.011795559898018837
   vertex -0.29088151454925537 0.21361120045185089 0.011196150444447994
  endloop
 endfacet
 facet normal -0.34630358435045455 0.16379013759755726 0.92371349361790811
  outer loop
   vertex -0.29520419239997864 0.20447170734405518 0.011196150444447994
   vertex -0.28960528969764709 0.21292909979820251 0.011795559898018837
   vertex -0.29088151454925537 0.21361120045185089 0.011196150444447994
  endloop
 endfacet
 facet normal -0.34628889750465019 0.16377989577696531 0.92372081561708919
  outer loop
   vertex -0.29386720061302185 0.20391790568828583 0.011795559898018837
   vertex -0.28960528969764709 0.21292909979820251 0.011795559898018837
   vertex -0.29520419239997864 0.20447170734405518 0.011196150444447994
  endloop
 endfacet
 facet normal -0.36067410621095147 0.12905096271277336 0.92372075765993134
  outer loop
   vertex -0.29861021041870117 0.19495250284671783 0.011196150444447994
   vertex -0.29386720061302185 0.20391790568828583 0.011795559898018837
   vertex -0.29520419239997864 0.20447170734405518 0.011196150444447994
  endloop
 endfacet
 facet normal -0.36067474385967996 0.12905132003472711 0.92372045876393183
  outer loop
   vertex -0.29722538590431213 0.19453239440917969 0.011795559898018837
   vertex -0.29386720061302185 0.20391790568828583 0.011795559898018837
   vertex -0.29861021041870117 0.19495250284671783 0.011196150444447994
  endloop
 endfacet
 facet normal -0.37158775101231251 0.093077890232299343 0.92372022260396336
  outer loop
   vertex -0.30106678605079651 0.185145303606987 0.011196150444447994
   vertex -0.29722538590431213 0.19453239440917969 0.011795559898018837
   vertex -0.29861021041870117 0.19495250284671783 0.011196150444447994
  endloop
 endfacet
 facet normal -0.37160152480929592 0.093083919377119836 0.92371407411211404
  outer loop
   vertex -0.29964751005172729 0.18486300110816956 0.011795559898018837
   vertex -0.29722538590431213 0.19453239440917969 0.011795559898018837
   vertex -0.30106678605079651 0.185145303606987 0.011196150444447994
  endloop
 endfacet
 facet normal -0.37893590949858319 0.056210589108492449 0.92371421238636242
  outer loop
   vertex -0.30255028605461121 0.1751444935798645 0.011196150444447994
   vertex -0.29964751005172729 0.18486300110816956 0.011795559898018837
   vertex -0.30106678605079651 0.185145303606987 0.011196150444447994
  endloop
 endfacet
 facet normal -0.37891580050261758 0.05620404952386647 0.92372285938293153
  outer loop
   vertex -0.30111008882522583 0.17500260472297668 0.011795559898018837
   vertex -0.29964751005172729 0.18486300110816956 0.011795559898018837
   vertex -0.30255028605461121 0.1751444935798645 0.011196150444447994
  endloop
 endfacet
 facet normal -0.0064120677774343292 0.13052085892715604 0.9914248286036289
  outer loop
   vertex -0.20997940003871918 0.26613339781761169 0.011795559898018837
   vertex -0.20002320408821106 0.26506960391998291 0.012000000104308128
   vertex -0.20002320408821106 0.26662251353263855 0.011795559898018837
  endloop
 endfacet
 facet normal -0.0064117638388722729 0.13052363370446871 0.99142446526654571
  outer loop
   vertex -0.20982719957828522 0.26458799839019775 0.012000000104308128
   vertex -0.20002320408821106 0.26506960391998291 0.012000000104308128
   vertex -0.20997940003871918 0.26613339781761169 0.011795559898018837
  endloop
 endfacet
 facet normal -0.019174509904906704 0.12926667937338709 0.99142446196050893
  outer loop
   vertex -0.21983970701694489 0.26467078924179077 0.011795559898018837
   vertex -0.20982719957828522 0.26458799839019775 0.012000000104308128
   vertex -0.20997940003871918 0.26613339781761169 0.011795559898018837
  endloop
 endfacet
 facet normal -0.019174552500842157 0.12926278101963401 0.99142496941496416
  outer loop
   vertex -0.21953670680522919 0.26314771175384521 0.012000000104308128
   vertex -0.20982719957828522 0.26458799839019775 0.012000000104308128
   vertex -0.21983970701694489 0.26467078924179077 0.011795559898018837
  endloop
 endfacet
 facet normal -0.031752032641217405 0.12676062942452349 0.99142501040222375
  outer loop
   vertex -0.22950920462608337 0.262248694896698 0.011795559898018837
   vertex -0.21953670680522919 0.26314771175384521 0.012000000104308128
   vertex -0.21983970701694489 0.26467078924179077 0.011795559898018837
  endloop
 endfacet
 facet normal -0.031752395442946939 0.1267647771035679 0.99142446846419785
  outer loop
   vertex -0.2290583997964859 0.26076269149780273 0.012000000104308128
   vertex -0.21953670680522919 0.26314771175384521 0.012000000104308128
   vertex -0.22950920462608337 0.262248694896698 0.011795559898018837
  endloop
 endfacet
 facet normal -0.044025025495460182 0.12304166729520065 0.99142450304566376
  outer loop
   vertex -0.23889470100402832 0.25889050960540771 0.011795559898018837
   vertex -0.2290583997964859 0.26076269149780273 0.012000000104308128
   vertex -0.22950920462608337 0.262248694896698 0.011795559898018837
  endloop
 endfacet
 facet normal -0.0440242231921886 0.12303739020132845 0.99142506947563647
  outer loop
   vertex -0.23830039799213409 0.25745579600334167 0.012000000104308128
   vertex -0.2290583997964859 0.26076269149780273 0.012000000104308128
   vertex -0.23889470100402832 0.25889050960540771 0.011795559898018837
  endloop
 endfacet
 facet normal -0.055871045326474626 0.11813007106363499 0.99142509177679561
  outer loop
   vertex -0.24790580570697784 0.25462859869003296 0.011795559898018837
   vertex -0.23830039799213409 0.25745579600334167 0.012000000104308128
   vertex -0.23889470100402832 0.25889050960540771 0.011795559898018837
  endloop
 endfacet
 facet normal -0.055870840619957438 0.11812936868696691 0.99142518700204396
  outer loop
   vertex -0.24717380106449127 0.25325900316238403 0.012000000104308128
   vertex -0.23830039799213409 0.25745579600334167 0.012000000104308128
   vertex -0.24790580570697784 0.25462859869003296 0.011795559898018837
  endloop
 endfacet
 facet normal -0.067181153477531952 0.11208436268327095 0.99142512993130916
  outer loop
   vertex -0.25645580887794495 0.24950389564037323 0.011795559898018837
   vertex -0.24717380106449127 0.25325900316238403 0.012000000104308128
   vertex -0.24790580570697784 0.25462859869003296 0.011795559898018837
  endloop
 endfacet
 facet normal -0.067182455890371001 0.11208760680628678 0.99142467491029174
  outer loop
   vertex -0.25559309124946594 0.24821269512176514 0.012000000104308128
   vertex -0.24717380106449127 0.25325900316238403 0.012000000104308128
   vertex -0.25645580887794495 0.24950389564037323 0.011795559898018837
  endloop
 endfacet
 facet normal -0.077845752019809297 0.10496290430031646 0.99142464545386033
  outer loop
   vertex -0.26446241140365601 0.24356579780578613 0.011795559898018837
   vertex -0.25559309124946594 0.24821269512176514 0.012000000104308128
   vertex -0.25645580887794495 0.24950389564037323 0.011795559898018837
  endloop
 endfacet
 facet normal -0.077844647877916368 0.10496078318145356 0.99142495671165098
  outer loop
   vertex -0.26347720623016357 0.24236540496349335 0.012000000104308128
   vertex -0.25559309124946594 0.24821269512176514 0.012000000104308128
   vertex -0.26446241140365601 0.24356579780578613 0.011795559898018837
  endloop
 endfacet
 facet normal -0.087757429026025 0.096825019491099409 0.99142500939369627
  outer loop
   vertex -0.27184829115867615 0.23687160015106201 0.011795559898018837
   vertex -0.26347720623016357 0.24236540496349335 0.012000000104308128
   vertex -0.26446241140365601 0.24356579780578613 0.011795559898018837
  endloop
 endfacet
 facet normal -0.087756657443524122 0.096823836967166191 0.99142519317863598
  outer loop
   vertex -0.27075019478797913 0.23577350378036499 0.012000000104308128
   vertex -0.26347720623016357 0.24236540496349335 0.012000000104308128
   vertex -0.27184829115867615 0.23687160015106201 0.011795559898018837
  endloop
 endfacet
 facet normal -0.096823917600564399 0.087756576675056097 0.9914251924531442
  outer loop
   vertex -0.27854260802268982 0.22948560118675232 0.011795559898018837
   vertex -0.27075019478797913 0.23577350378036499 0.012000000104308128
   vertex -0.27184829115867615 0.23687160015106201 0.011795559898018837
  endloop
 endfacet
 facet normal -0.096824425222600277 0.087757209188340957 0.99142508689047548
  outer loop
   vertex -0.27734211087226868 0.22850050032138824 0.012000000104308128
   vertex -0.27075019478797913 0.23577350378036499 0.012000000104308128
   vertex -0.27854260802268982 0.22948560118675232 0.011795559898018837
  endloop
 endfacet
 facet normal -0.10495976252470801 0.077843068651619912 0.99142518876295249
  outer loop
   vertex -0.28448060154914856 0.22147910296916962 0.011795559898018837
   vertex -0.27734211087226868 0.22850050032138824 0.012000000104308128
   vertex -0.27854260802268982 0.22948560118675232 0.011795559898018837
  endloop
 endfacet
 facet normal -0.10495883946583157 0.077842125197033013 0.99142536056064012
  outer loop
   vertex -0.28318938612937927 0.22061629593372345 0.012000000104308128
   vertex -0.27734211087226868 0.22850050032138824 0.012000000104308128
   vertex -0.28448060154914856 0.22147910296916962 0.011795559898018837
  endloop
 endfacet
 facet normal -0.11208322127027678 0.067180273995659373 0.99142531856693394
  outer loop
   vertex -0.28960528969764709 0.21292909979820251 0.011795559898018837
   vertex -0.28318938612937927 0.22061629593372345 0.012000000104308128
   vertex -0.28448060154914856 0.22147910296916962 0.011795559898018837
  endloop
 endfacet
 facet normal -0.11208135827387949 0.067178710679238446 0.99142563511286996
  outer loop
   vertex -0.28823569416999817 0.21219700574874878 0.012000000104308128
   vertex -0.28318938612937927 0.22061629593372345 0.012000000104308128
   vertex -0.28960528969764709 0.21292909979820251 0.011795559898018837
  endloop
 endfacet
 facet normal -0.11812679759961527 0.05586894277796435 0.99142560029572158
  outer loop
   vertex -0.29386720061302185 0.20391790568828583 0.011795559898018837
   vertex -0.28823569416999817 0.21219700574874878 0.012000000104308128
   vertex -0.28960528969764709 0.21292909979820251 0.011795559898018837
  endloop
 endfacet
 facet normal -0.11813313756052647 0.055873279956777169 0.99142460045985215
  outer loop
   vertex -0.29243248701095581 0.20332370698451996 0.012000000104308128
   vertex -0.28823569416999817 0.21219700574874878 0.012000000104308128
   vertex -0.29386720061302185 0.20391790568828583 0.011795559898018837
  endloop
 endfacet
 facet normal -0.12304041744153728 0.044024508393722656 0.99142468112131621
  outer loop
   vertex -0.29722538590431213 0.19453239440917969 0.011795559898018837
   vertex -0.29243248701095581 0.20332370698451996 0.012000000104308128
   vertex -0.29386720061302185 0.20391790568828583 0.011795559898018837
  endloop
 endfacet
 facet normal -0.12304407447126135 0.044026514780814451 0.99142413816376562
  outer loop
   vertex -0.29573941230773926 0.19408160448074341 0.012000000104308128
   vertex -0.29243248701095581 0.20332370698451996 0.012000000104308128
   vertex -0.29722538590431213 0.19453239440917969 0.011795559898018837
  endloop
 endfacet
 facet normal -0.12676699418458146 0.031754360191102782 0.99142412205587382
  outer loop
   vertex -0.29964751005172729 0.18486300110816956 0.011795559898018837
   vertex -0.29573941230773926 0.19408160448074341 0.012000000104308128
   vertex -0.29722538590431213 0.19453239440917969 0.011795559898018837
  endloop
 endfacet
 facet normal -0.12675845461367438 0.03175071315516044 0.99142533072243622
  outer loop
   vertex -0.29812440276145935 0.18456000089645386 0.012000000104308128
   vertex -0.29573941230773926 0.19408160448074341 0.012000000104308128
   vertex -0.29964751005172729 0.18486300110816956 0.011795559898018837
  endloop
 endfacet
 facet normal -0.12926059429173348 0.019173042753615161 0.99142528371779781
  outer loop
   vertex -0.30111008882522583 0.17500260472297668 0.011795559898018837
   vertex -0.29812440276145935 0.18456000089645386 0.012000000104308128
   vertex -0.29964751005172729 0.18486300110816956 0.011795559898018837
  endloop
 endfacet
 facet normal -0.12926663588103957 0.019174947755859054 0.99142445916295541
  outer loop
   vertex -0.29956468939781189 0.17485040426254272 0.012000000104308128
   vertex -0.29812440276145935 0.18456000089645386 0.012000000104308128
   vertex -0.30111008882522583 0.17500260472297668 0.011795559898018837
  endloop
 endfacet
 facet normal 0.04906423067949478 -0.99879562537479571 0
  outer loop
   vertex -0.20982719957828522 0.26458799839019775 0.012000000104308128
   vertex -0.20002320408821106 0.26506960391998291 1.3322680133619921e-17
   vertex -0.20002320408821106 0.26506960391998291 0.012000000104308128
  endloop
 endfacet
 facet normal 0.04906423067949478 -0.99879562537479571 0
  outer loop
   vertex -0.20982719957828522 0.26458799839019775 1.3322680133619921e-17
   vertex -0.20002320408821106 0.26506960391998291 1.3322680133619921e-17
   vertex -0.20982719957828522 0.26458799839019775 0.012000000104308128
  endloop
 endfacet
 facet normal 0.1467321983182989 -0.98917625425233469 0
  outer loop
   vertex -0.21953670680522919 0.26314771175384521 0.012000000104308128
   vertex -0.20982719957828522 0.26458799839019775 1.3322680133619921e-17
   vertex -0.20982719957828522 0.26458799839019775 0.012000000104308128
  endloop
 endfacet
 facet normal 0.1467321983182989 -0.98917625425233469 0
  outer loop
   vertex -0.21953670680522919 0.26314771175384521 1.3322680133619921e-17
   vertex -0.20982719957828522 0.26458799839019775 1.3322680133619921e-17
   vertex -0.21953670680522919 0.26314771175384521 0.012000000104308128
  endloop
 endfacet
 facet normal 0.24297637639120817 -0.97003220591679229 0
  outer loop
   vertex -0.2290583997964859 0.26076269149780273 0.012000000104308128
   vertex -0.21953670680522919 0.26314771175384521 1.3322680133619921e-17
   vertex -0.21953670680522919 0.26314771175384521 0.012000000104308128
  endloop
 endfacet
 facet normal 0.24297637639120817 -0.97003220591679229 0
  outer loop
   vertex -0.2290583997964859 0.26076269149780273 1.3322680133619921e-17
   vertex -0.21953670680522919 0.26314771175384521 1.3322680133619921e-17
   vertex -0.2290583997964859 0.26076269149780273 0.012000000104308128
  endloop
 endfacet
 facet normal 0.33689488059887862 -0.94154226640457694 0
  outer loop
   vertex -0.23830039799213409 0.25745579600334167 0.012000000104308128
   vertex -0.2290583997964859 0.26076269149780273 1.3322680133619921e-17
   vertex -0.2290583997964859 0.26076269149780273 0.012000000104308128
  endloop
 endfacet
 facet normal 0.33689488059887862 -0.94154226640457694 0
  outer loop
   vertex -0.23830039799213409 0.25745579600334167 1.3322680133619921e-17
   vertex -0.2290583997964859 0.26076269149780273 1.3322680133619921e-17
   vertex -0.23830039799213409 0.25745579600334167 0.012000000104308128
  endloop
 endfacet
 facet normal 0.4275539066955264 -0.90398985440622792 0
  outer loop
   vertex -0.24717380106449127 0.25325900316238403 0.012000000104308128
   vertex -0.23830039799213409 0.25745579600334167 1.3322680133619921e-17
   vertex -0.23830039799213409 0.25745579600334167 0.012000000104308128
  endloop
 endfacet
 facet normal 0.4275539066955264 -0.90398985440622792 0
  outer loop
   vertex -0.24717380106449127 0.25325900316238403 1.3322680133619921e-17
   vertex -0.23830039799213409 0.25745579600334167 1.3322680133619921e-17
   vertex -0.24717380106449127 0.25325900316238403 0.012000000104308128
  endloop
 endfacet
 facet normal 0.51410122312927875 -0.8577295216890809 0
  outer loop
   vertex -0.25559309124946594 0.24821269512176514 0.012000000104308128
   vertex -0.24717380106449127 0.25325900316238403 1.3322680133619921e-17
   vertex -0.24717380106449127 0.25325900316238403 0.012000000104308128
  endloop
 endfacet
 facet normal 0.51410122312927875 -0.8577295216890809 0
  outer loop
   vertex -0.25559309124946594 0.24821269512176514 1.3322680133619921e-17
   vertex -0.24717380106449127 0.25325900316238403 1.3322680133619921e-17
   vertex -0.25559309124946594 0.24821269512176514 0.012000000104308128
  endloop
 endfacet
 facet normal 0.59570140610556899 -0.80320597281385286 0
  outer loop
   vertex -0.26347720623016357 0.24236540496349335 0.012000000104308128
   vertex -0.25559309124946594 0.24821269512176514 1.3322680133619921e-17
   vertex -0.25559309124946594 0.24821269512176514 0.012000000104308128
  endloop
 endfacet
 facet normal 0.59570140610556899 -0.80320597281385286 0
  outer loop
   vertex -0.26347720623016357 0.24236540496349335 1.3322680133619921e-17
   vertex -0.25559309124946594 0.24821269512176514 1.3322680133619921e-17
   vertex -0.26347720623016357 0.24236540496349335 0.012000000104308128
  endloop
 endfacet
 facet normal 0.67156167273336731 -0.7409486619972816 0
  outer loop
   vertex -0.27075019478797913 0.23577350378036499 0.012000000104308128
   vertex -0.26347720623016357 0.24236540496349335 1.3322680133619921e-17
   vertex -0.26347720623016357 0.24236540496349335 0.012000000104308128
  endloop
 endfacet
 facet normal 0.67156167273336731 -0.7409486619972816 0
  outer loop
   vertex -0.27075019478797913 0.23577350378036499 1.3322680133619921e-17
   vertex -0.26347720623016357 0.24236540496349335 1.3322680133619921e-17
   vertex -0.27075019478797913 0.23577350378036499 0.012000000104308128
  endloop
 endfacet
 facet normal 0.74094859125837098 -0.671561750781144 0
  outer loop
   vertex -0.27734211087226868 0.22850050032138824 0.012000000104308128
   vertex -0.27075019478797913 0.23577350378036499 1.3322680133619921e-17
   vertex -0.27075019478797913 0.23577350378036499 0.012000000104308128
  endloop
 endfacet
 facet normal 0.74094859125837098 -0.671561750781144 0
  outer loop
   vertex -0.27734211087226868 0.22850050032138824 1.3322680133619921e-17
   vertex -0.27075019478797913 0.23577350378036499 1.3322680133619921e-17
   vertex -0.27734211087226868 0.22850050032138824 0.012000000104308128
  endloop
 endfacet
 facet normal 0.80320993135944219 -0.59569606861684099 0
  outer loop
   vertex -0.28318938612937927 0.22061629593372345 0.012000000104308128
   vertex -0.27734211087226868 0.22850050032138824 1.3322680133619921e-17
   vertex -0.27734211087226868 0.22850050032138824 0.012000000104308128
  endloop
 endfacet
 facet normal 0.80320993135944219 -0.59569606861684099 0
  outer loop
   vertex -0.28318938612937927 0.22061629593372345 1.3322680133619921e-17
   vertex -0.27734211087226868 0.22850050032138824 1.3322680133619921e-17
   vertex -0.28318938612937927 0.22061629593372345 0.012000000104308128
  endloop
 endfacet
 facet normal 0.8577295216890809 -0.51410122312927875 0
  outer loop
   vertex -0.28823569416999817 0.21219700574874878 0.012000000104308128
   vertex -0.28318938612937927 0.22061629593372345 1.3322680133619921e-17
   vertex -0.28318938612937927 0.22061629593372345 0.012000000104308128
  endloop
 endfacet
 facet normal 0.8577295216890809 -0.51410122312927875 0
  outer loop
   vertex -0.28823569416999817 0.21219700574874878 1.3322680133619921e-17
   vertex -0.28318938612937927 0.22061629593372345 1.3322680133619921e-17
   vertex -0.28823569416999817 0.21219700574874878 0.012000000104308128
  endloop
 endfacet
 facet normal 0.90398791182353344 -0.4275580139313585 0
  outer loop
   vertex -0.29243248701095581 0.20332370698451996 0.012000000104308128
   vertex -0.28823569416999817 0.21219700574874878 1.3322680133619921e-17
   vertex -0.28823569416999817 0.21219700574874878 0.012000000104308128
  endloop
 endfacet
 facet normal 0.90398791182353344 -0.4275580139313585 0
  outer loop
   vertex -0.29243248701095581 0.20332370698451996 1.3322680133619921e-17
   vertex -0.28823569416999817 0.21219700574874878 1.3322680133619921e-17
   vertex -0.29243248701095581 0.20332370698451996 0.012000000104308128
  endloop
 endfacet
 facet normal 0.9415425094240385 -0.33689420141564347 0
  outer loop
   vertex -0.29573941230773926 0.19408160448074341 0.012000000104308128
   vertex -0.29243248701095581 0.20332370698451996 1.3322680133619921e-17
   vertex -0.29243248701095581 0.20332370698451996 0.012000000104308128
  endloop
 endfacet
 facet normal 0.9415425094240385 -0.33689420141564347 0
  outer loop
   vertex -0.29573941230773926 0.19408160448074341 1.3322680133619921e-17
   vertex -0.29243248701095581 0.20332370698451996 1.3322680133619921e-17
   vertex -0.29573941230773926 0.19408160448074341 0.012000000104308128
  endloop
 endfacet
 facet normal 0.97003238378257739 -0.24297566629827452 0
  outer loop
   vertex -0.29812440276145935 0.18456000089645386 0.012000000104308128
   vertex -0.29573941230773926 0.19408160448074341 1.3322680133619921e-17
   vertex -0.29573941230773926 0.19408160448074341 0.012000000104308128
  endloop
 endfacet
 facet normal 0.97003238378257739 -0.24297566629827452 0
  outer loop
   vertex -0.29812440276145935 0.18456000089645386 1.3322680133619921e-17
   vertex -0.29573941230773926 0.19408160448074341 1.3322680133619921e-17
   vertex -0.29812440276145935 0.18456000089645386 0.012000000104308128
  endloop
 endfacet
 facet normal 0.98917645035921675 -0.14673087628287362 0
  outer loop
   vertex -0.29956468939781189 0.17485040426254272 0.012000000104308128
   vertex -0.29812440276145935 0.18456000089645386 1.3322680133619921e-17
   vertex -0.29812440276145935 0.18456000089645386 0.012000000104308128
  endloop
 endfacet
 facet normal 0.98917645035921675 -0.14673087628287362 0
  outer loop
   vertex -0.29956468939781189 0.17485040426254272 1.3322680133619921e-17
   vertex -0.29812440276145935 0.18456000089645386 1.3322680133619921e-17
   vertex -0.29956468939781189 0.17485040426254272 0.012000000104308128
  endloop
 endfacet
 facet normal 0.9987956290292509 -0.049064156286060333 0
  outer loop
   vertex -0.30004629492759705 0.16504639387130737 0.012000000104308128
   vertex -0.29956468939781189 0.17485040426254272 1.3322680133619921e-17
   vertex -0.29956468939781189 0.17485040426254272 0.012000000104308128
  endloop
 endfacet
 facet normal 0.99879503376038692 -0.049076271630380142 -9.9221371122054065e-06
  outer loop
   vertex -0.3000464141368866 0.16504639387130737 1.3322680133619921e-17
   vertex -0.29956468939781189 0.17485040426254272 1.3322680133619921e-17
   vertex -0.30004629492759705 0.16504639387130737 0.012000000104308128
  endloop
 endfacet
 facet normal 0 0.13052724074567906 -0.99144472333222877
  outer loop
   vertex 0.19997680187225342 0.26506960391998291 1.3322680133619921e-17
   vertex 0.16664350032806396 0.26662251353263855 0.00020444609981495887
   vertex 0.19997680187225342 0.26662251353263855 0.00020444609981495887
  endloop
 endfacet
 facet normal 0 0.13052724074567906 -0.99144472333222877
  outer loop
   vertex 0.13331019878387451 0.26662251353263855 0.00020444609981495887
   vertex 0.16664350032806396 0.26662251353263855 0.00020444609981495887
   vertex 0.19997680187225342 0.26506960391998291 1.3322680133619921e-17
  endloop
 endfacet
 facet normal 0 0.13052724074567906 -0.99144472333222877
  outer loop
   vertex 0.099976830184459686 0.26662251353263855 0.00020444609981495887
   vertex 0.13331019878387451 0.26662251353263855 0.00020444609981495887
   vertex 0.19997680187225342 0.26506960391998291 1.3322680133619921e-17
  endloop
 endfacet
 facet normal 0 0.38268480386971088 -0.92387896441427908
  outer loop
   vertex 0.099976830184459686 0.26806959509849548 0.00080384942702949047
   vertex 0.13331019878387451 0.26662251353263855 0.00020444609981495887
   vertex 0.099976830184459686 0.26662251353263855 0.00020444609981495887
  endloop
 endfacet
 facet normal 0 0.38268480386971088 -0.92387896441427919
  outer loop
   vertex 0.066643491387367249 0.26806959509849548 0.00080384942702949047
   vertex 0.099976830184459686 0.26806959509849548 0.00080384942702949047
   vertex 0.099976830184459686 0.26662251353263855 0.00020444609981495887
  endloop
 endfacet
 facet normal 0 0.60874434557398416 -0.79336644857953353
  outer loop
   vertex 0.066643491387367249 0.2693122923374176 0.0017573620425537229
   vertex 0.099976830184459686 0.26806959509849548 0.00080384942702949047
   vertex 0.066643491387367249 0.26806959509849548 0.00080384942702949047
  endloop
 endfacet
 facet normal 0 0.60874434557398416 -0.79336644857953353
  outer loop
   vertex 0.033310160040855408 0.2693122923374176 0.0017573620425537229
   vertex 0.066643491387367249 0.2693122923374176 0.0017573620425537229
   vertex 0.066643491387367249 0.26806959509849548 0.00080384942702949047
  endloop
 endfacet
 facet normal 0 0.79335842214104457 -0.60875480615587096
  outer loop
   vertex 0.033310160040855408 0.27026578783988953 0.0030000030528753996
   vertex 0.066643491387367249 0.2693122923374176 0.0017573620425537229
   vertex 0.033310160040855408 0.2693122923374176 0.0017573620425537229
  endloop
 endfacet
 facet normal 0 0.79335842214104468 -0.60875480615587108
  outer loop
   vertex -2.3174039597506635e-05 0.27026578783988953 0.0030000030528753996
   vertex 0.033310160040855408 0.27026578783988953 0.0030000030528753996
   vertex 0.033310160040855408 0.2693122923374176 0.0017573620425537229
  endloop
 endfacet
 facet normal 0 0.92387685697135169 -0.38268989162602196
  outer loop
   vertex -2.3174039597506635e-05 0.27086520195007324 0.004447088111191988
   vertex 0.033310160040855408 0.27026578783988953 0.0030000030528753996
   vertex -2.3174039597506635e-05 0.27026578783988953 0.0030000030528753996
  endloop
 endfacet
 facet normal 0 0.92387685697135169 -0.38268989162602196
  outer loop
   vertex -0.033356510102748871 0.27086520195007324 0.004447088111191988
   vertex -2.3174039597506635e-05 0.27086520195007324 0.004447088111191988
   vertex -2.3174039597506635e-05 0.27026578783988953 0.0030000030528753996
  endloop
 endfacet
 facet normal 0 0.9914498719154381 -0.13048812773145857
  outer loop
   vertex -0.033356510102748871 0.27106958627700806 0.0060000019147992134
   vertex -2.3174039597506635e-05 0.27086520195007324 0.004447088111191988
   vertex -0.033356510102748871 0.27086520195007324 0.004447088111191988
  endloop
 endfacet
 facet normal 0 0.99144987191543799 -0.13048812773145857
  outer loop
   vertex -0.066689841449260712 0.27106958627700806 0.0060000019147992134
   vertex -0.033356510102748871 0.27106958627700806 0.0060000019147992134
   vertex -0.033356510102748871 0.27086520195007324 0.004447088111191988
  endloop
 endfacet
 facet normal 0 0.99144987697759213 0.13048808926916494
  outer loop
   vertex -0.066689841449260712 0.27086520195007324 0.0075529161840677261
   vertex -0.033356510102748871 0.27106958627700806 0.0060000019147992134
   vertex -0.066689841449260712 0.27106958627700806 0.0060000019147992134
  endloop
 endfacet
 facet normal 0 0.99144987697759202 0.13048808926916494
  outer loop
   vertex -0.10002320259809494 0.27086520195007324 0.0075529161840677261
   vertex -0.066689841449260712 0.27086520195007324 0.0075529161840677261
   vertex -0.066689841449260712 0.27106958627700806 0.0060000019147992134
  endloop
 endfacet
 facet normal 0 0.92387679166195502 0.3826900492936976
  outer loop
   vertex -0.10002320259809494 0.27026578783988953 0.0090000005438923836
   vertex -0.066689841449260712 0.27086520195007324 0.0075529161840677261
   vertex -0.10002320259809494 0.27086520195007324 0.0075529161840677261
  endloop
 endfacet
 facet normal 0 0.92387679166195491 0.38269004929369754
  outer loop
   vertex -0.1333564966917038 0.27026578783988953 0.0090000005438923836
   vertex -0.10002320259809494 0.27026578783988953 0.0090000005438923836
   vertex -0.10002320259809494 0.27086520195007324 0.0075529161840677261
  endloop
 endfacet
 facet normal 0 0.79335806407548137 0.60875527280377983
  outer loop
   vertex -0.1333564966917038 0.2693122923374176 0.010242640040814877
   vertex -0.10002320259809494 0.27026578783988953 0.0090000005438923836
   vertex -0.1333564966917038 0.27026578783988953 0.0090000005438923836
  endloop
 endfacet
 facet normal 0 0.79335806407548148 0.60875527280377983
  outer loop
   vertex -0.16668979823589325 0.2693122923374176 0.010242640040814877
   vertex -0.1333564966917038 0.2693122923374176 0.010242640040814877
   vertex -0.1333564966917038 0.27026578783988953 0.0090000005438923836
  endloop
 endfacet
 facet normal 0 0.60874345674038877 0.79336713057434027
  outer loop
   vertex -0.16668979823589325 0.26806959509849548 0.011196150444447994
   vertex -0.1333564966917038 0.2693122923374176 0.010242640040814877
   vertex -0.16668979823589325 0.2693122923374176 0.010242640040814877
  endloop
 endfacet
 facet normal 0 0.60874345674038877 0.79336713057434038
  outer loop
   vertex -0.20002320408821106 0.26806959509849548 0.011196150444447994
   vertex -0.16668979823589325 0.26806959509849548 0.011196150444447994
   vertex -0.16668979823589325 0.2693122923374176 0.010242640040814877
  endloop
 endfacet
 facet normal 0 0.38268814238602117 0.92387758154267186
  outer loop
   vertex -0.20002320408821106 0.26662251353263855 0.011795559898018837
   vertex -0.16668979823589325 0.26806959509849548 0.011196150444447994
   vertex -0.20002320408821106 0.26806959509849548 0.011196150444447994
  endloop
 endfacet
 facet normal 0 0.38268814238602117 0.92387758154267186
  outer loop
   vertex -0.16668979823589325 0.26662251353263855 0.011795559898018837
   vertex -0.16668979823589325 0.26806959509849548 0.011196150444447994
   vertex -0.20002320408821106 0.26662251353263855 0.011795559898018837
  endloop
 endfacet
 facet normal 0 0.1305235421672101 0.99144521025628263
  outer loop
   vertex -0.20002320408821106 0.26506960391998291 0.012000000104308128
   vertex -0.16668979823589325 0.26662251353263855 0.011795559898018837
   vertex -0.20002320408821106 0.26662251353263855 0.011795559898018837
  endloop
 endfacet
 facet normal -0 0.1305235421672101 0.99144521025628263
  outer loop
   vertex -0.1333564966917038 0.26662251353263855 0.011795559898018837
   vertex -0.16668979823589325 0.26662251353263855 0.011795559898018837
   vertex -0.20002320408821106 0.26506960391998291 0.012000000104308128
  endloop
 endfacet
 facet normal -0 0.1305235421672101 0.99144521025628263
  outer loop
   vertex -0.10002320259809494 0.26662251353263855 0.011795559898018837
   vertex -0.1333564966917038 0.26662251353263855 0.011795559898018837
   vertex -0.20002320408821106 0.26506960391998291 0.012000000104308128
  endloop
 endfacet
 facet normal -0 0.38268814238602117 0.92387758154267197
  outer loop
   vertex -0.10002320259809494 0.26806959509849548 0.011196150444447994
   vertex -0.1333564966917038 0.26662251353263855 0.011795559898018837
   vertex -0.10002320259809494 0.26662251353263855 0.011795559898018837
  endloop
 endfacet
 facet normal -0 0.38268814238602117 0.92387758154267186
  outer loop
   vertex -0.066689841449260712 0.26806959509849548 0.011196150444447994
   vertex -0.10002320259809494 0.26806959509849548 0.011196150444447994
   vertex -0.10002320259809494 0.26662251353263855 0.011795559898018837
  endloop
 endfacet
 facet normal -0 0.60874345674038877 0.79336713057434038
  outer loop
   vertex -0.066689841449260712 0.2693122923374176 0.010242640040814877
   vertex -0.10002320259809494 0.26806959509849548 0.011196150444447994
   vertex -0.066689841449260712 0.26806959509849548 0.011196150444447994
  endloop
 endfacet
 facet normal -0 0.60874345674038877 0.79336713057434027
  outer loop
   vertex -0.033356510102748871 0.2693122923374176 0.010242640040814877
   vertex -0.066689841449260712 0.2693122923374176 0.010242640040814877
   vertex -0.066689841449260712 0.26806959509849548 0.011196150444447994
  endloop
 endfacet
 facet normal -0 0.79335806407548137 0.60875527280377972
  outer loop
   vertex -0.033356510102748871 0.27026578783988953 0.0090000005438923836
   vertex -0.066689841449260712 0.2693122923374176 0.010242640040814877
   vertex -0.033356510102748871 0.2693122923374176 0.010242640040814877
  endloop
 endfacet
 facet normal -0 0.79335806407548137 0.60875527280377983
  outer loop
   vertex -2.3174039597506635e-05 0.27026578783988953 0.0090000005438923836
   vertex -0.033356510102748871 0.27026578783988953 0.0090000005438923836
   vertex -0.033356510102748871 0.2693122923374176 0.010242640040814877
  endloop
 endfacet
 facet normal -0 0.92387679166195491 0.38269004929369754
  outer loop
   vertex -2.3174039597506635e-05 0.27086520195007324 0.0075529161840677261
   vertex -0.033356510102748871 0.27026578783988953 0.0090000005438923836
   vertex -2.3174039597506635e-05 0.27026578783988953 0.0090000005438923836
  endloop
 endfacet
 facet normal -0 0.92387679166195502 0.3826900492936976
  outer loop
   vertex 0.033310160040855408 0.27086520195007324 0.0075529161840677261
   vertex -2.3174039597506635e-05 0.27086520195007324 0.0075529161840677261
   vertex -2.3174039597506635e-05 0.27026578783988953 0.0090000005438923836
  endloop
 endfacet
 facet normal -0 0.99144987697759202 0.13048808926916494
  outer loop
   vertex 0.033310160040855408 0.27106958627700806 0.0060000019147992134
   vertex -2.3174039597506635e-05 0.27086520195007324 0.0075529161840677261
   vertex 0.033310160040855408 0.27086520195007324 0.0075529161840677261
  endloop
 endfacet
 facet normal -0 0.99144987697759213 0.13048808926916494
  outer loop
   vertex 0.066643491387367249 0.27106958627700806 0.0060000019147992134
   vertex 0.033310160040855408 0.27106958627700806 0.0060000019147992134
   vertex 0.033310160040855408 0.27086520195007324 0.0075529161840677261
  endloop
 endfacet
 facet normal 0 0.99144987191543799 -0.13048812773145857
  outer loop
   vertex 0.066643491387367249 0.27086520195007324 0.004447088111191988
   vertex 0.033310160040855408 0.27106958627700806 0.0060000019147992134
   vertex 0.066643491387367249 0.27106958627700806 0.0060000019147992134
  endloop
 endfacet
 facet normal 0 0.9914498719154381 -0.13048812773145857
  outer loop
   vertex 0.099976830184459686 0.27086520195007324 0.004447088111191988
   vertex 0.066643491387367249 0.27086520195007324 0.004447088111191988
   vertex 0.066643491387367249 0.27106958627700806 0.0060000019147992134
  endloop
 endfacet
 facet normal 0 0.9238768569713518 -0.38268989162602196
  outer loop
   vertex 0.099976830184459686 0.27026578783988953 0.0030000030528753996
   vertex 0.066643491387367249 0.27086520195007324 0.004447088111191988
   vertex 0.099976830184459686 0.27086520195007324 0.004447088111191988
  endloop
 endfacet
 facet normal 0 0.92387685697135169 -0.38268989162602196
  outer loop
   vertex 0.13331019878387451 0.27026578783988953 0.0030000030528753996
   vertex 0.099976830184459686 0.27026578783988953 0.0030000030528753996
   vertex 0.099976830184459686 0.27086520195007324 0.004447088111191988
  endloop
 endfacet
 facet normal 0 0.79335842214104468 -0.60875480615587108
  outer loop
   vertex 0.13331019878387451 0.2693122923374176 0.0017573620425537229
   vertex 0.099976830184459686 0.27026578783988953 0.0030000030528753996
   vertex 0.13331019878387451 0.27026578783988953 0.0030000030528753996
  endloop
 endfacet
 facet normal 0 0.79335842214104457 -0.60875480615587096
  outer loop
   vertex 0.16664350032806396 0.2693122923374176 0.0017573620425537229
   vertex 0.13331019878387451 0.2693122923374176 0.0017573620425537229
   vertex 0.13331019878387451 0.27026578783988953 0.0030000030528753996
  endloop
 endfacet
 facet normal 0 0.60874434557398416 -0.79336644857953353
  outer loop
   vertex 0.16664350032806396 0.26806959509849548 0.00080384942702949047
   vertex 0.13331019878387451 0.2693122923374176 0.0017573620425537229
   vertex 0.16664350032806396 0.2693122923374176 0.0017573620425537229
  endloop
 endfacet
 facet normal 0 0.60874434557398416 -0.79336644857953353
  outer loop
   vertex 0.19997680187225342 0.26806959509849548 0.00080384942702949047
   vertex 0.16664350032806396 0.26806959509849548 0.00080384942702949047
   vertex 0.16664350032806396 0.2693122923374176 0.0017573620425537229
  endloop
 endfacet
 facet normal 0 0.38268480386971088 -0.92387896441427908
  outer loop
   vertex 0.19997680187225342 0.26662251353263855 0.00020444609981495887
   vertex 0.16664350032806396 0.26806959509849548 0.00080384942702949047
   vertex 0.19997680187225342 0.26806959509849548 0.00080384942702949047
  endloop
 endfacet
 facet normal 0 0.38268480386971088 -0.92387896441427908
  outer loop
   vertex 0.16664350032806396 0.26662251353263855 0.00020444609981495887
   vertex 0.16664350032806396 0.26806959509849548 0.00080384942702949047
   vertex 0.19997680187225342 0.26662251353263855 0.00020444609981495887
  endloop
 endfacet
 facet normal 0 0.60874434557398416 -0.79336644857953353
  outer loop
   vertex 0.16664350032806396 0.2693122923374176 0.0017573620425537229
   vertex 0.19997680187225342 0.2693122923374176 0.0017573620425537229
   vertex 0.19997680187225342 0.26806959509849548 0.00080384942702949047
  endloop
 endfacet
 facet normal 0 0.79335842214104457 -0.60875480615587096
  outer loop
   vertex 0.16664350032806396 0.27026578783988953 0.0030000030528753996
   vertex 0.19997680187225342 0.2693122923374176 0.0017573620425537229
   vertex 0.16664350032806396 0.2693122923374176 0.0017573620425537229
  endloop
 endfacet
 facet normal 0 0.79335842214104457 -0.60875480615587096
  outer loop
   vertex 0.13331019878387451 0.27026578783988953 0.0030000030528753996
   vertex 0.16664350032806396 0.27026578783988953 0.0030000030528753996
   vertex 0.16664350032806396 0.2693122923374176 0.0017573620425537229
  endloop
 endfacet
 facet normal 0 0.92387685697135169 -0.38268989162602196
  outer loop
   vertex 0.13331019878387451 0.27086520195007324 0.004447088111191988
   vertex 0.16664350032806396 0.27026578783988953 0.0030000030528753996
   vertex 0.13331019878387451 0.27026578783988953 0.0030000030528753996
  endloop
 endfacet
 facet normal 0 0.92387685697135169 -0.38268989162602196
  outer loop
   vertex 0.099976830184459686 0.27086520195007324 0.004447088111191988
   vertex 0.13331019878387451 0.27086520195007324 0.004447088111191988
   vertex 0.13331019878387451 0.27026578783988953 0.0030000030528753996
  endloop
 endfacet
 facet normal 0 0.9914498719154381 -0.13048812773145857
  outer loop
   vertex 0.099976830184459686 0.27106958627700806 0.0060000019147992134
   vertex 0.13331019878387451 0.27086520195007324 0.004447088111191988
   vertex 0.099976830184459686 0.27086520195007324 0.004447088111191988
  endloop
 endfacet
 facet normal 0 0.9914498719154381 -0.13048812773145857
  outer loop
   vertex 0.066643491387367249 0.27106958627700806 0.0060000019147992134
   vertex 0.099976830184459686 0.27106958627700806 0.0060000019147992134
   vertex 0.099976830184459686 0.27086520195007324 0.004447088111191988
  endloop
 endfacet
 facet normal 0 0.99144987697759213 0.13048808926916494
  outer loop
   vertex 0.066643491387367249 0.27086520195007324 0.0075529161840677261
   vertex 0.099976830184459686 0.27106958627700806 0.0060000019147992134
   vertex 0.066643491387367249 0.27106958627700806 0.0060000019147992134
  endloop
 endfacet
 facet normal 0 0.99144987697759213 0.13048808926916494
  outer loop
   vertex 0.033310160040855408 0.27086520195007324 0.0075529161840677261
   vertex 0.066643491387367249 0.27086520195007324 0.0075529161840677261
   vertex 0.066643491387367249 0.27106958627700806 0.0060000019147992134
  endloop
 endfacet
 facet normal 0 0.92387679166195491 0.38269004929369754
  outer loop
   vertex 0.033310160040855408 0.27026578783988953 0.0090000005438923836
   vertex 0.066643491387367249 0.27086520195007324 0.0075529161840677261
   vertex 0.033310160040855408 0.27086520195007324 0.0075529161840677261
  endloop
 endfacet
 facet normal 0 0.92387679166195502 0.3826900492936976
  outer loop
   vertex -2.3174039597506635e-05 0.27026578783988953 0.0090000005438923836
   vertex 0.033310160040855408 0.27026578783988953 0.0090000005438923836
   vertex 0.033310160040855408 0.27086520195007324 0.0075529161840677261
  endloop
 endfacet
 facet normal 0 0.79335806407548137 0.60875527280377972
  outer loop
   vertex -2.3174039597506635e-05 0.2693122923374176 0.010242640040814877
   vertex 0.033310160040855408 0.27026578783988953 0.0090000005438923836
   vertex -2.3174039597506635e-05 0.27026578783988953 0.0090000005438923836
  endloop
 endfacet
 facet normal 0 0.79335806407548137 0.60875527280377983
  outer loop
   vertex -0.033356510102748871 0.2693122923374176 0.010242640040814877
   vertex -2.3174039597506635e-05 0.2693122923374176 0.010242640040814877
   vertex -2.3174039597506635e-05 0.27026578783988953 0.0090000005438923836
  endloop
 endfacet
 facet normal 0 0.60874345674038877 0.79336713057434027
  outer loop
   vertex -0.033356510102748871 0.26806959509849548 0.011196150444447994
   vertex -2.3174039597506635e-05 0.2693122923374176 0.010242640040814877
   vertex -0.033356510102748871 0.2693122923374176 0.010242640040814877
  endloop
 endfacet
 facet normal 0 0.60874345674038877 0.79336713057434027
  outer loop
   vertex -0.066689841449260712 0.26806959509849548 0.011196150444447994
   vertex -0.033356510102748871 0.26806959509849548 0.011196150444447994
   vertex -0.033356510102748871 0.2693122923374176 0.010242640040814877
  endloop
 endfacet
 facet normal 0 0.38268814238602122 0.92387758154267197
  outer loop
   vertex -0.066689841449260712 0.26662251353263855 0.011795559898018837
   vertex -0.033356510102748871 0.26806959509849548 0.011196150444447994
   vertex -0.066689841449260712 0.26806959509849548 0.011196150444447994
  endloop
 endfacet
 facet normal 0 0.38268814238602117 0.92387758154267186
  outer loop
   vertex -0.10002320259809494 0.26662251353263855 0.011795559898018837
   vertex -0.066689841449260712 0.26662251353263855 0.011795559898018837
   vertex -0.066689841449260712 0.26806959509849548 0.011196150444447994
  endloop
 endfacet
 facet normal 0 0.1305235421672101 0.99144521025628263
  outer loop
   vertex -0.20002320408821106 0.26506960391998291 0.012000000104308128
   vertex -0.066689841449260712 0.26662251353263855 0.011795559898018837
   vertex -0.10002320259809494 0.26662251353263855 0.011795559898018837
  endloop
 endfacet
 facet normal 0 0.79335842214104457 -0.60875480615587096
  outer loop
   vertex 0.16664350032806396 0.27026578783988953 0.0030000030528753996
   vertex 0.19997680187225342 0.27026578783988953 0.0030000030528753996
   vertex 0.19997680187225342 0.2693122923374176 0.0017573620425537229
  endloop
 endfacet
 facet normal 0 0.92387685697135169 -0.38268989162602196
  outer loop
   vertex 0.16664350032806396 0.27086520195007324 0.004447088111191988
   vertex 0.19997680187225342 0.27026578783988953 0.0030000030528753996
   vertex 0.16664350032806396 0.27026578783988953 0.0030000030528753996
  endloop
 endfacet
 facet normal 0 0.92387685697135169 -0.38268989162602196
  outer loop
   vertex 0.13331019878387451 0.27086520195007324 0.004447088111191988
   vertex 0.16664350032806396 0.27086520195007324 0.004447088111191988
   vertex 0.16664350032806396 0.27026578783988953 0.0030000030528753996
  endloop
 endfacet
 facet normal 0 0.9914498719154381 -0.13048812773145857
  outer loop
   vertex 0.13331019878387451 0.27106958627700806 0.0060000019147992134
   vertex 0.16664350032806396 0.27086520195007324 0.004447088111191988
   vertex 0.13331019878387451 0.27086520195007324 0.004447088111191988
  endloop
 endfacet
 facet normal 0 0.9914498719154381 -0.13048812773145857
  outer loop
   vertex 0.099976830184459686 0.27106958627700806 0.0060000019147992134
   vertex 0.13331019878387451 0.27106958627700806 0.0060000019147992134
   vertex 0.13331019878387451 0.27086520195007324 0.004447088111191988
  endloop
 endfacet
 facet normal 0 0.99144987697759202 0.13048808926916494
  outer loop
   vertex 0.099976830184459686 0.27086520195007324 0.0075529161840677261
   vertex 0.13331019878387451 0.27106958627700806 0.0060000019147992134
   vertex 0.099976830184459686 0.27106958627700806 0.0060000019147992134
  endloop
 endfacet
 facet normal 0 0.99144987697759213 0.13048808926916494
  outer loop
   vertex 0.066643491387367249 0.27086520195007324 0.0075529161840677261
   vertex 0.099976830184459686 0.27086520195007324 0.0075529161840677261
   vertex 0.099976830184459686 0.27106958627700806 0.0060000019147992134
  endloop
 endfacet
 facet normal 0 0.92387679166195491 0.38269004929369754
  outer loop
   vertex 0.066643491387367249 0.27026578783988953 0.0090000005438923836
   vertex 0.099976830184459686 0.27086520195007324 0.0075529161840677261
   vertex 0.066643491387367249 0.27086520195007324 0.0075529161840677261
  endloop
 endfacet
 facet normal 0 0.92387679166195491 0.38269004929369754
  outer loop
   vertex 0.033310160040855408 0.27026578783988953 0.0090000005438923836
   vertex 0.066643491387367249 0.27026578783988953 0.0090000005438923836
   vertex 0.066643491387367249 0.27086520195007324 0.0075529161840677261
  endloop
 endfacet
 facet normal 0 0.79335806407548137 0.60875527280377972
  outer loop
   vertex 0.033310160040855408 0.2693122923374176 0.010242640040814877
   vertex 0.066643491387367249 0.27026578783988953 0.0090000005438923836
   vertex 0.033310160040855408 0.27026578783988953 0.0090000005438923836
  endloop
 endfacet
 facet normal 0 0.79335806407548137 0.60875527280377972
  outer loop
   vertex -2.3174039597506635e-05 0.2693122923374176 0.010242640040814877
   vertex 0.033310160040855408 0.2693122923374176 0.010242640040814877
   vertex 0.033310160040855408 0.27026578783988953 0.0090000005438923836
  endloop
 endfacet
 facet normal 0 0.60874345674038877 0.79336713057434027
  outer loop
   vertex -2.3174039597506635e-05 0.26806959509849548 0.011196150444447994
   vertex 0.033310160040855408 0.2693122923374176 0.010242640040814877
   vertex -2.3174039597506635e-05 0.2693122923374176 0.010242640040814877
  endloop
 endfacet
 facet normal 0 0.60874345674038877 0.79336713057434027
  outer loop
   vertex -0.033356510102748871 0.26806959509849548 0.011196150444447994
   vertex -2.3174039597506635e-05 0.26806959509849548 0.011196150444447994
   vertex -2.3174039597506635e-05 0.2693122923374176 0.010242640040814877
  endloop
 endfacet
 facet normal 0 0.38268814238602122 0.92387758154267197
  outer loop
   vertex -0.033356510102748871 0.26662251353263855 0.011795559898018837
   vertex -2.3174039597506635e-05 0.26806959509849548 0.011196150444447994
   vertex -0.033356510102748871 0.26806959509849548 0.011196150444447994
  endloop
 endfacet
 facet normal 0 0.38268814238602122 0.92387758154267197
  outer loop
   vertex -0.066689841449260712 0.26662251353263855 0.011795559898018837
   vertex -0.033356510102748871 0.26662251353263855 0.011795559898018837
   vertex -0.033356510102748871 0.26806959509849548 0.011196150444447994
  endloop
 endfacet
 facet normal 0 0.1305235421672101 0.99144521025628263
  outer loop
   vertex -0.20002320408821106 0.26506960391998291 0.012000000104308128
   vertex -0.033356510102748871 0.26662251353263855 0.011795559898018837
   vertex -0.066689841449260712 0.26662251353263855 0.011795559898018837
  endloop
 endfacet
 facet normal 0 0.92387685697135169 -0.38268989162602196
  outer loop
   vertex 0.16664350032806396 0.27086520195007324 0.004447088111191988
   vertex 0.19997680187225342 0.27086520195007324 0.004447088111191988
   vertex 0.19997680187225342 0.27026578783988953 0.0030000030528753996
  endloop
 endfacet
 facet normal 0 0.9914498719154381 -0.13048812773145857
  outer loop
   vertex 0.16664350032806396 0.27106958627700806 0.0060000019147992134
   vertex 0.19997680187225342 0.27086520195007324 0.004447088111191988
   vertex 0.16664350032806396 0.27086520195007324 0.004447088111191988
  endloop
 endfacet
 facet normal 0 0.9914498719154381 -0.13048812773145857
  outer loop
   vertex 0.13331019878387451 0.27106958627700806 0.0060000019147992134
   vertex 0.16664350032806396 0.27106958627700806 0.0060000019147992134
   vertex 0.16664350032806396 0.27086520195007324 0.004447088111191988
  endloop
 endfacet
 facet normal 0 0.99144987697759213 0.13048808926916497
  outer loop
   vertex 0.13331019878387451 0.27086520195007324 0.0075529161840677261
   vertex 0.16664350032806396 0.27106958627700806 0.0060000019147992134
   vertex 0.13331019878387451 0.27106958627700806 0.0060000019147992134
  endloop
 endfacet
 facet normal 0 0.99144987697759202 0.13048808926916494
  outer loop
   vertex 0.099976830184459686 0.27086520195007324 0.0075529161840677261
   vertex 0.13331019878387451 0.27086520195007324 0.0075529161840677261
   vertex 0.13331019878387451 0.27106958627700806 0.0060000019147992134
  endloop
 endfacet
 facet normal 0 0.92387679166195491 0.38269004929369754
  outer loop
   vertex 0.099976830184459686 0.27026578783988953 0.0090000005438923836
   vertex 0.13331019878387451 0.27086520195007324 0.0075529161840677261
   vertex 0.099976830184459686 0.27086520195007324 0.0075529161840677261
  endloop
 endfacet
 facet normal 0 0.92387679166195491 0.38269004929369754
  outer loop
   vertex 0.066643491387367249 0.27026578783988953 0.0090000005438923836
   vertex 0.099976830184459686 0.27026578783988953 0.0090000005438923836
   vertex 0.099976830184459686 0.27086520195007324 0.0075529161840677261
  endloop
 endfacet
 facet normal 0 0.79335806407548137 0.60875527280377972
  outer loop
   vertex 0.066643491387367249 0.2693122923374176 0.010242640040814877
   vertex 0.099976830184459686 0.27026578783988953 0.0090000005438923836
   vertex 0.066643491387367249 0.27026578783988953 0.0090000005438923836
  endloop
 endfacet
 facet normal 0 0.79335806407548137 0.60875527280377972
  outer loop
   vertex 0.033310160040855408 0.2693122923374176 0.010242640040814877
   vertex 0.066643491387367249 0.2693122923374176 0.010242640040814877
   vertex 0.066643491387367249 0.27026578783988953 0.0090000005438923836
  endloop
 endfacet
 facet normal 0 0.60874345674038877 0.79336713057434027
  outer loop
   vertex 0.033310160040855408 0.26806959509849548 0.011196150444447994
   vertex 0.066643491387367249 0.2693122923374176 0.010242640040814877
   vertex 0.033310160040855408 0.2693122923374176 0.010242640040814877
  endloop
 endfacet
 facet normal 0 0.60874345674038877 0.79336713057434027
  outer loop
   vertex -2.3174039597506635e-05 0.26806959509849548 0.011196150444447994
   vertex 0.033310160040855408 0.26806959509849548 0.011196150444447994
   vertex 0.033310160040855408 0.2693122923374176 0.010242640040814877
  endloop
 endfacet
 facet normal 0 0.38268814238602117 0.92387758154267197
  outer loop
   vertex -2.3174039597506635e-05 0.26662251353263855 0.011795559898018837
   vertex 0.033310160040855408 0.26806959509849548 0.011196150444447994
   vertex -2.3174039597506635e-05 0.26806959509849548 0.011196150444447994
  endloop
 endfacet
 facet normal 0 0.38268814238602122 0.92387758154267197
  outer loop
   vertex -0.033356510102748871 0.26662251353263855 0.011795559898018837
   vertex -2.3174039597506635e-05 0.26662251353263855 0.011795559898018837
   vertex -2.3174039597506635e-05 0.26806959509849548 0.011196150444447994
  endloop
 endfacet
 facet normal 0 0.1305235421672101 0.99144521025628263
  outer loop
   vertex -0.20002320408821106 0.26506960391998291 0.012000000104308128
   vertex -2.3174039597506635e-05 0.26662251353263855 0.011795559898018837
   vertex -0.033356510102748871 0.26662251353263855 0.011795559898018837
  endloop
 endfacet
 facet normal 0 0.9914498719154381 -0.13048812773145857
  outer loop
   vertex 0.16664350032806396 0.27106958627700806 0.0060000019147992134
   vertex 0.19997680187225342 0.27106958627700806 0.0060000019147992134
   vertex 0.19997680187225342 0.27086520195007324 0.004447088111191988
  endloop
 endfacet
 facet normal 0 0.99144987697759213 0.13048808926916497
  outer loop
   vertex 0.16664350032806396 0.27086520195007324 0.0075529161840677261
   vertex 0.19997680187225342 0.27106958627700806 0.0060000019147992134
   vertex 0.16664350032806396 0.27106958627700806 0.0060000019147992134
  endloop
 endfacet
 facet normal 0 0.99144987697759213 0.13048808926916497
  outer loop
   vertex 0.13331019878387451 0.27086520195007324 0.0075529161840677261
   vertex 0.16664350032806396 0.27086520195007324 0.0075529161840677261
   vertex 0.16664350032806396 0.27106958627700806 0.0060000019147992134
  endloop
 endfacet
 facet normal 0 0.92387679166195502 0.38269004929369754
  outer loop
   vertex 0.13331019878387451 0.27026578783988953 0.0090000005438923836
   vertex 0.16664350032806396 0.27086520195007324 0.0075529161840677261
   vertex 0.13331019878387451 0.27086520195007324 0.0075529161840677261
  endloop
 endfacet
 facet normal 0 0.92387679166195491 0.38269004929369754
  outer loop
   vertex 0.099976830184459686 0.27026578783988953 0.0090000005438923836
   vertex 0.13331019878387451 0.27026578783988953 0.0090000005438923836
   vertex 0.13331019878387451 0.27086520195007324 0.0075529161840677261
  endloop
 endfacet
 facet normal 0 0.79335806407548137 0.60875527280377972
  outer loop
   vertex 0.099976830184459686 0.2693122923374176 0.010242640040814877
   vertex 0.13331019878387451 0.27026578783988953 0.0090000005438923836
   vertex 0.099976830184459686 0.27026578783988953 0.0090000005438923836
  endloop
 endfacet
 facet normal 0 0.79335806407548137 0.60875527280377972
  outer loop
   vertex 0.066643491387367249 0.2693122923374176 0.010242640040814877
   vertex 0.099976830184459686 0.2693122923374176 0.010242640040814877
   vertex 0.099976830184459686 0.27026578783988953 0.0090000005438923836
  endloop
 endfacet
 facet normal 0 0.60874345674038877 0.79336713057434027
  outer loop
   vertex 0.066643491387367249 0.26806959509849548 0.011196150444447994
   vertex 0.099976830184459686 0.2693122923374176 0.010242640040814877
   vertex 0.066643491387367249 0.2693122923374176 0.010242640040814877
  endloop
 endfacet
 facet normal 0 0.60874345674038877 0.79336713057434027
  outer loop
   vertex 0.033310160040855408 0.26806959509849548 0.011196150444447994
   vertex 0.066643491387367249 0.26806959509849548 0.011196150444447994
   vertex 0.066643491387367249 0.2693122923374176 0.010242640040814877
  endloop
 endfacet
 facet normal 0 0.38268814238602122 0.92387758154267197
  outer loop
   vertex 0.033310160040855408 0.26662251353263855 0.011795559898018837
   vertex 0.066643491387367249 0.26806959509849548 0.011196150444447994
   vertex 0.033310160040855408 0.26806959509849548 0.011196150444447994
  endloop
 endfacet
 facet normal 0 0.38268814238602117 0.92387758154267197
  outer loop
   vertex -2.3174039597506635e-05 0.26662251353263855 0.011795559898018837
   vertex 0.033310160040855408 0.26662251353263855 0.011795559898018837
   vertex 0.033310160040855408 0.26806959509849548 0.011196150444447994
  endloop
 endfacet
 facet normal 0 0.13052354216721013 0.99144521025628274
  outer loop
   vertex 0.19997680187225342 0.26506960391998291 0.012000000104308128
   vertex 0.033310160040855408 0.26662251353263855 0.011795559898018837
   vertex -2.3174039597506635e-05 0.26662251353263855 0.011795559898018837
  endloop
 endfacet
 facet normal 0 0.1305235421672101 0.99144521025628274
  outer loop
   vertex -0.20002320408821106 0.26506960391998291 0.012000000104308128
   vertex 0.19997680187225342 0.26506960391998291 0.012000000104308128
   vertex -2.3174039597506635e-05 0.26662251353263855 0.011795559898018837
  endloop
 endfacet
 facet normal 0 0.99144987697759213 0.13048808926916497
  outer loop
   vertex 0.16664350032806396 0.27086520195007324 0.0075529161840677261
   vertex 0.19997680187225342 0.27086520195007324 0.0075529161840677261
   vertex 0.19997680187225342 0.27106958627700806 0.0060000019147992134
  endloop
 endfacet
 facet normal 0 0.92387679166195502 0.38269004929369754
  outer loop
   vertex 0.16664350032806396 0.27026578783988953 0.0090000005438923836
   vertex 0.19997680187225342 0.27086520195007324 0.0075529161840677261
   vertex 0.16664350032806396 0.27086520195007324 0.0075529161840677261
  endloop
 endfacet
 facet normal 0 0.92387679166195502 0.38269004929369754
  outer loop
   vertex 0.13331019878387451 0.27026578783988953 0.0090000005438923836
   vertex 0.16664350032806396 0.27026578783988953 0.0090000005438923836
   vertex 0.16664350032806396 0.27086520195007324 0.0075529161840677261
  endloop
 endfacet
 facet normal 0 0.79335806407548148 0.60875527280377983
  outer loop
   vertex 0.13331019878387451 0.2693122923374176 0.010242640040814877
   vertex 0.16664350032806396 0.27026578783988953 0.0090000005438923836
   vertex 0.13331019878387451 0.27026578783988953 0.0090000005438923836
  endloop
 endfacet
 facet normal 0 0.79335806407548137 0.60875527280377972
  outer loop
   vertex 0.099976830184459686 0.2693122923374176 0.010242640040814877
   vertex 0.13331019878387451 0.2693122923374176 0.010242640040814877
   vertex 0.13331019878387451 0.27026578783988953 0.0090000005438923836
  endloop
 endfacet
 facet normal 0 0.60874345674038877 0.79336713057434038
  outer loop
   vertex 0.099976830184459686 0.26806959509849548 0.011196150444447994
   vertex 0.13331019878387451 0.2693122923374176 0.010242640040814877
   vertex 0.099976830184459686 0.2693122923374176 0.010242640040814877
  endloop
 endfacet
 facet normal 0 0.60874345674038877 0.79336713057434027
  outer loop
   vertex 0.066643491387367249 0.26806959509849548 0.011196150444447994
   vertex 0.099976830184459686 0.26806959509849548 0.011196150444447994
   vertex 0.099976830184459686 0.2693122923374176 0.010242640040814877
  endloop
 endfacet
 facet normal 0 0.38268814238602117 0.92387758154267197
  outer loop
   vertex 0.066643491387367249 0.26662251353263855 0.011795559898018837
   vertex 0.099976830184459686 0.26806959509849548 0.011196150444447994
   vertex 0.066643491387367249 0.26806959509849548 0.011196150444447994
  endloop
 endfacet
 facet normal 0 0.38268814238602122 0.92387758154267197
  outer loop
   vertex 0.033310160040855408 0.26662251353263855 0.011795559898018837
   vertex 0.066643491387367249 0.26662251353263855 0.011795559898018837
   vertex 0.066643491387367249 0.26806959509849548 0.011196150444447994
  endloop
 endfacet
 facet normal 0 0.1305235421672101 0.99144521025628263
  outer loop
   vertex 0.19997680187225342 0.26506960391998291 0.012000000104308128
   vertex 0.066643491387367249 0.26662251353263855 0.011795559898018837
   vertex 0.033310160040855408 0.26662251353263855 0.011795559898018837
  endloop
 endfacet
 facet normal 0 0.92387679166195502 0.38269004929369754
  outer loop
   vertex 0.16664350032806396 0.27026578783988953 0.0090000005438923836
   vertex 0.19997680187225342 0.27026578783988953 0.0090000005438923836
   vertex 0.19997680187225342 0.27086520195007324 0.0075529161840677261
  endloop
 endfacet
 facet normal 0 0.79335806407548148 0.60875527280377983
  outer loop
   vertex 0.16664350032806396 0.2693122923374176 0.010242640040814877
   vertex 0.19997680187225342 0.27026578783988953 0.0090000005438923836
   vertex 0.16664350032806396 0.27026578783988953 0.0090000005438923836
  endloop
 endfacet
 facet normal 0 0.79335806407548148 0.60875527280377983
  outer loop
   vertex 0.13331019878387451 0.2693122923374176 0.010242640040814877
   vertex 0.16664350032806396 0.2693122923374176 0.010242640040814877
   vertex 0.16664350032806396 0.27026578783988953 0.0090000005438923836
  endloop
 endfacet
 facet normal 0 0.60874345674038877 0.79336713057434027
  outer loop
   vertex 0.13331019878387451 0.26806959509849548 0.011196150444447994
   vertex 0.16664350032806396 0.2693122923374176 0.010242640040814877
   vertex 0.13331019878387451 0.2693122923374176 0.010242640040814877
  endloop
 endfacet
 facet normal 0 0.60874345674038877 0.79336713057434038
  outer loop
   vertex 0.099976830184459686 0.26806959509849548 0.011196150444447994
   vertex 0.13331019878387451 0.26806959509849548 0.011196150444447994
   vertex 0.13331019878387451 0.2693122923374176 0.010242640040814877
  endloop
 endfacet
 facet normal 0 0.38268814238602117 0.92387758154267186
  outer loop
   vertex 0.099976830184459686 0.26662251353263855 0.011795559898018837
   vertex 0.13331019878387451 0.26806959509849548 0.011196150444447994
   vertex 0.099976830184459686 0.26806959509849548 0.011196150444447994
  endloop
 endfacet
 facet normal 0 0.38268814238602117 0.92387758154267197
  outer loop
   vertex 0.066643491387367249 0.26662251353263855 0.011795559898018837
   vertex 0.099976830184459686 0.26662251353263855 0.011795559898018837
   vertex 0.099976830184459686 0.26806959509849548 0.011196150444447994
  endloop
 endfacet
 facet normal 0 0.1305235421672101 0.99144521025628263
  outer loop
   vertex 0.19997680187225342 0.26506960391998291 0.012000000104308128
   vertex 0.099976830184459686 0.26662251353263855 0.011795559898018837
   vertex 0.066643491387367249 0.26662251353263855 0.011795559898018837
  endloop
 endfacet
 facet normal 0 0.79335806407548148 0.60875527280377983
  outer loop
   vertex 0.16664350032806396 0.2693122923374176 0.010242640040814877
   vertex 0.19997680187225342 0.2693122923374176 0.010242640040814877
   vertex 0.19997680187225342 0.27026578783988953 0.0090000005438923836
  endloop
 endfacet
 facet normal 0 0.60874345674038877 0.79336713057434027
  outer loop
   vertex 0.16664350032806396 0.26806959509849548 0.011196150444447994
   vertex 0.19997680187225342 0.2693122923374176 0.010242640040814877
   vertex 0.16664350032806396 0.2693122923374176 0.010242640040814877
  endloop
 endfacet
 facet normal 0 0.60874345674038877 0.79336713057434027
  outer loop
   vertex 0.13331019878387451 0.26806959509849548 0.011196150444447994
   vertex 0.16664350032806396 0.26806959509849548 0.011196150444447994
   vertex 0.16664350032806396 0.2693122923374176 0.010242640040814877
  endloop
 endfacet
 facet normal 0 0.38268814238602117 0.92387758154267186
  outer loop
   vertex 0.13331019878387451 0.26662251353263855 0.011795559898018837
   vertex 0.16664350032806396 0.26806959509849548 0.011196150444447994
   vertex 0.13331019878387451 0.26806959509849548 0.011196150444447994
  endloop
 endfacet
 facet normal 0 0.38268814238602117 0.92387758154267186
  outer loop
   vertex 0.099976830184459686 0.26662251353263855 0.011795559898018837
   vertex 0.13331019878387451 0.26662251353263855 0.011795559898018837
   vertex 0.13331019878387451 0.26806959509849548 0.011196150444447994
  endloop
 endfacet
 facet normal 0 0.1305235421672101 0.99144521025628263
  outer loop
   vertex 0.19997680187225342 0.26506960391998291 0.012000000104308128
   vertex 0.13331019878387451 0.26662251353263855 0.011795559898018837
   vertex 0.099976830184459686 0.26662251353263855 0.011795559898018837
  endloop
 endfacet
 facet normal 0 0.60874345674038877 0.79336713057434027
  outer loop
   vertex 0.16664350032806396 0.26806959509849548 0.011196150444447994
   vertex 0.19997680187225342 0.26806959509849548 0.011196150444447994
   vertex 0.19997680187225342 0.2693122923374176 0.010242640040814877
  endloop
 endfacet
 facet normal 0 0.38268814238602117 0.92387758154267186
  outer loop
   vertex 0.16664350032806396 0.26662251353263855 0.011795559898018837
   vertex 0.19997680187225342 0.26806959509849548 0.011196150444447994
   vertex 0.16664350032806396 0.26806959509849548 0.011196150444447994
  endloop
 endfacet
 facet normal 0 0.38268814238602117 0.92387758154267186
  outer loop
   vertex 0.13331019878387451 0.26662251353263855 0.011795559898018837
   vertex 0.16664350032806396 0.26662251353263855 0.011795559898018837
   vertex 0.16664350032806396 0.26806959509849548 0.011196150444447994
  endloop
 endfacet
 facet normal 0 0.1305235421672101 0.99144521025628263
  outer loop
   vertex 0.19997680187225342 0.26506960391998291 0.012000000104308128
   vertex 0.16664350032806396 0.26662251353263855 0.011795559898018837
   vertex 0.13331019878387451 0.26662251353263855 0.011795559898018837
  endloop
 endfacet
 facet normal 0 0.38268814238602117 0.92387758154267186
  outer loop
   vertex 0.16664350032806396 0.26662251353263855 0.011795559898018837
   vertex 0.19997680187225342 0.26662251353263855 0.011795559898018837
   vertex 0.19997680187225342 0.26806959509849548 0.011196150444447994
  endloop
 endfacet
 facet normal 0 0.1305235421672101 0.99144521025628263
  outer loop
   vertex 0.19997680187225342 0.26506960391998291 0.012000000104308128
   vertex 0.19997680187225342 0.26662251353263855 0.011795559898018837
   vertex 0.16664350032806396 0.26662251353263855 0.011795559898018837
  endloop
 endfacet
 facet normal -0 0.60874345674038877 0.79336713057434038
  outer loop
   vertex -0.16668979823589325 0.2693122923374176 0.010242640040814877
   vertex -0.20002320408821106 0.2693122923374176 0.010242640040814877
   vertex -0.20002320408821106 0.26806959509849548 0.011196150444447994
  endloop
 endfacet
 facet normal -0 0.79335806407548137 0.60875527280377983
  outer loop
   vertex -0.16668979823589325 0.27026578783988953 0.0090000005438923836
   vertex -0.20002320408821106 0.2693122923374176 0.010242640040814877
   vertex -0.16668979823589325 0.2693122923374176 0.010242640040814877
  endloop
 endfacet
 facet normal -0 0.79335806407548148 0.60875527280377983
  outer loop
   vertex -0.1333564966917038 0.27026578783988953 0.0090000005438923836
   vertex -0.16668979823589325 0.27026578783988953 0.0090000005438923836
   vertex -0.16668979823589325 0.2693122923374176 0.010242640040814877
  endloop
 endfacet
 facet normal -0 0.92387679166195502 0.38269004929369754
  outer loop
   vertex -0.1333564966917038 0.27086520195007324 0.0075529161840677261
   vertex -0.16668979823589325 0.27026578783988953 0.0090000005438923836
   vertex -0.1333564966917038 0.27026578783988953 0.0090000005438923836
  endloop
 endfacet
 facet normal -0 0.92387679166195491 0.38269004929369754
  outer loop
   vertex -0.10002320259809494 0.27086520195007324 0.0075529161840677261
   vertex -0.1333564966917038 0.27086520195007324 0.0075529161840677261
   vertex -0.1333564966917038 0.27026578783988953 0.0090000005438923836
  endloop
 endfacet
 facet normal -0 0.99144987697759213 0.13048808926916497
  outer loop
   vertex -0.10002320259809494 0.27106958627700806 0.0060000019147992134
   vertex -0.1333564966917038 0.27086520195007324 0.0075529161840677261
   vertex -0.10002320259809494 0.27086520195007324 0.0075529161840677261
  endloop
 endfacet
 facet normal -0 0.99144987697759202 0.13048808926916494
  outer loop
   vertex -0.066689841449260712 0.27106958627700806 0.0060000019147992134
   vertex -0.10002320259809494 0.27106958627700806 0.0060000019147992134
   vertex -0.10002320259809494 0.27086520195007324 0.0075529161840677261
  endloop
 endfacet
 facet normal 0 0.99144987191543799 -0.13048812773145857
  outer loop
   vertex -0.066689841449260712 0.27086520195007324 0.004447088111191988
   vertex -0.10002320259809494 0.27106958627700806 0.0060000019147992134
   vertex -0.066689841449260712 0.27106958627700806 0.0060000019147992134
  endloop
 endfacet
 facet normal 0 0.99144987191543799 -0.13048812773145857
  outer loop
   vertex -0.033356510102748871 0.27086520195007324 0.004447088111191988
   vertex -0.066689841449260712 0.27086520195007324 0.004447088111191988
   vertex -0.066689841449260712 0.27106958627700806 0.0060000019147992134
  endloop
 endfacet
 facet normal 0 0.9238768569713518 -0.38268989162602202
  outer loop
   vertex -0.033356510102748871 0.27026578783988953 0.0030000030528753996
   vertex -0.066689841449260712 0.27086520195007324 0.004447088111191988
   vertex -0.033356510102748871 0.27086520195007324 0.004447088111191988
  endloop
 endfacet
 facet normal 0 0.92387685697135169 -0.38268989162602196
  outer loop
   vertex -2.3174039597506635e-05 0.27026578783988953 0.0030000030528753996
   vertex -0.033356510102748871 0.27026578783988953 0.0030000030528753996
   vertex -0.033356510102748871 0.27086520195007324 0.004447088111191988
  endloop
 endfacet
 facet normal 0 0.79335842214104457 -0.60875480615587096
  outer loop
   vertex -2.3174039597506635e-05 0.2693122923374176 0.0017573620425537229
   vertex -0.033356510102748871 0.27026578783988953 0.0030000030528753996
   vertex -2.3174039597506635e-05 0.27026578783988953 0.0030000030528753996
  endloop
 endfacet
 facet normal 0 0.79335842214104468 -0.60875480615587108
  outer loop
   vertex 0.033310160040855408 0.2693122923374176 0.0017573620425537229
   vertex -2.3174039597506635e-05 0.2693122923374176 0.0017573620425537229
   vertex -2.3174039597506635e-05 0.27026578783988953 0.0030000030528753996
  endloop
 endfacet
 facet normal 0 0.60874434557398416 -0.79336644857953353
  outer loop
   vertex 0.033310160040855408 0.26806959509849548 0.00080384942702949047
   vertex -2.3174039597506635e-05 0.2693122923374176 0.0017573620425537229
   vertex 0.033310160040855408 0.2693122923374176 0.0017573620425537229
  endloop
 endfacet
 facet normal 0 0.60874434557398416 -0.79336644857953353
  outer loop
   vertex 0.066643491387367249 0.26806959509849548 0.00080384942702949047
   vertex 0.033310160040855408 0.26806959509849548 0.00080384942702949047
   vertex 0.033310160040855408 0.2693122923374176 0.0017573620425537229
  endloop
 endfacet
 facet normal 0 0.38268480386971093 -0.92387896441427919
  outer loop
   vertex 0.066643491387367249 0.26662251353263855 0.00020444609981495887
   vertex 0.033310160040855408 0.26806959509849548 0.00080384942702949047
   vertex 0.066643491387367249 0.26806959509849548 0.00080384942702949047
  endloop
 endfacet
 facet normal 0 0.38268480386971088 -0.92387896441427919
  outer loop
   vertex 0.099976830184459686 0.26662251353263855 0.00020444609981495887
   vertex 0.066643491387367249 0.26662251353263855 0.00020444609981495887
   vertex 0.066643491387367249 0.26806959509849548 0.00080384942702949047
  endloop
 endfacet
 facet normal 0 0.13052724074567906 -0.99144472333222877
  outer loop
   vertex 0.19997680187225342 0.26506960391998291 1.3322680133619921e-17
   vertex 0.066643491387367249 0.26662251353263855 0.00020444609981495887
   vertex 0.099976830184459686 0.26662251353263855 0.00020444609981495887
  endloop
 endfacet
 facet normal -0 0.79335806407548137 0.60875527280377983
  outer loop
   vertex -0.16668979823589325 0.27026578783988953 0.0090000005438923836
   vertex -0.20002320408821106 0.27026578783988953 0.0090000005438923836
   vertex -0.20002320408821106 0.2693122923374176 0.010242640040814877
  endloop
 endfacet
 facet normal -0 0.92387679166195502 0.38269004929369754
  outer loop
   vertex -0.16668979823589325 0.27086520195007324 0.0075529161840677261
   vertex -0.20002320408821106 0.27026578783988953 0.0090000005438923836
   vertex -0.16668979823589325 0.27026578783988953 0.0090000005438923836
  endloop
 endfacet
 facet normal -0 0.92387679166195502 0.38269004929369754
  outer loop
   vertex -0.1333564966917038 0.27086520195007324 0.0075529161840677261
   vertex -0.16668979823589325 0.27086520195007324 0.0075529161840677261
   vertex -0.16668979823589325 0.27026578783988953 0.0090000005438923836
  endloop
 endfacet
 facet normal -0 0.99144987697759213 0.13048808926916497
  outer loop
   vertex -0.1333564966917038 0.27106958627700806 0.0060000019147992134
   vertex -0.16668979823589325 0.27086520195007324 0.0075529161840677261
   vertex -0.1333564966917038 0.27086520195007324 0.0075529161840677261
  endloop
 endfacet
 facet normal -0 0.99144987697759213 0.13048808926916497
  outer loop
   vertex -0.10002320259809494 0.27106958627700806 0.0060000019147992134
   vertex -0.1333564966917038 0.27106958627700806 0.0060000019147992134
   vertex -0.1333564966917038 0.27086520195007324 0.0075529161840677261
  endloop
 endfacet
 facet normal 0 0.9914498719154381 -0.13048812773145857
  outer loop
   vertex -0.10002320259809494 0.27086520195007324 0.004447088111191988
   vertex -0.1333564966917038 0.27106958627700806 0.0060000019147992134
   vertex -0.10002320259809494 0.27106958627700806 0.0060000019147992134
  endloop
 endfacet
 facet normal 0 0.99144987191543799 -0.13048812773145857
  outer loop
   vertex -0.066689841449260712 0.27086520195007324 0.004447088111191988
   vertex -0.10002320259809494 0.27086520195007324 0.004447088111191988
   vertex -0.10002320259809494 0.27106958627700806 0.0060000019147992134
  endloop
 endfacet
 facet normal 0 0.9238768569713518 -0.38268989162602196
  outer loop
   vertex -0.066689841449260712 0.27026578783988953 0.0030000030528753996
   vertex -0.10002320259809494 0.27086520195007324 0.004447088111191988
   vertex -0.066689841449260712 0.27086520195007324 0.004447088111191988
  endloop
 endfacet
 facet normal 0 0.9238768569713518 -0.38268989162602202
  outer loop
   vertex -0.033356510102748871 0.27026578783988953 0.0030000030528753996
   vertex -0.066689841449260712 0.27026578783988953 0.0030000030528753996
   vertex -0.066689841449260712 0.27086520195007324 0.004447088111191988
  endloop
 endfacet
 facet normal 0 0.79335842214104457 -0.60875480615587096
  outer loop
   vertex -0.033356510102748871 0.2693122923374176 0.0017573620425537229
   vertex -0.066689841449260712 0.27026578783988953 0.0030000030528753996
   vertex -0.033356510102748871 0.27026578783988953 0.0030000030528753996
  endloop
 endfacet
 facet normal 0 0.79335842214104457 -0.60875480615587096
  outer loop
   vertex -2.3174039597506635e-05 0.2693122923374176 0.0017573620425537229
   vertex -0.033356510102748871 0.2693122923374176 0.0017573620425537229
   vertex -0.033356510102748871 0.27026578783988953 0.0030000030528753996
  endloop
 endfacet
 facet normal 0 0.60874434557398427 -0.79336644857953353
  outer loop
   vertex -2.3174039597506635e-05 0.26806959509849548 0.00080384942702949047
   vertex -0.033356510102748871 0.2693122923374176 0.0017573620425537229
   vertex -2.3174039597506635e-05 0.2693122923374176 0.0017573620425537229
  endloop
 endfacet
 facet normal 0 0.60874434557398416 -0.79336644857953353
  outer loop
   vertex 0.033310160040855408 0.26806959509849548 0.00080384942702949047
   vertex -2.3174039597506635e-05 0.26806959509849548 0.00080384942702949047
   vertex -2.3174039597506635e-05 0.2693122923374176 0.0017573620425537229
  endloop
 endfacet
 facet normal 0 0.38268480386971088 -0.92387896441427919
  outer loop
   vertex 0.033310160040855408 0.26662251353263855 0.00020444609981495887
   vertex -2.3174039597506635e-05 0.26806959509849548 0.00080384942702949047
   vertex 0.033310160040855408 0.26806959509849548 0.00080384942702949047
  endloop
 endfacet
 facet normal 0 0.38268480386971093 -0.92387896441427919
  outer loop
   vertex 0.066643491387367249 0.26662251353263855 0.00020444609981495887
   vertex 0.033310160040855408 0.26662251353263855 0.00020444609981495887
   vertex 0.033310160040855408 0.26806959509849548 0.00080384942702949047
  endloop
 endfacet
 facet normal 0 0.13052724074567906 -0.99144472333222877
  outer loop
   vertex 0.19997680187225342 0.26506960391998291 1.3322680133619921e-17
   vertex 0.033310160040855408 0.26662251353263855 0.00020444609981495887
   vertex 0.066643491387367249 0.26662251353263855 0.00020444609981495887
  endloop
 endfacet
 facet normal -0 0.92387679166195502 0.38269004929369754
  outer loop
   vertex -0.16668979823589325 0.27086520195007324 0.0075529161840677261
   vertex -0.20002320408821106 0.27086520195007324 0.0075529161840677261
   vertex -0.20002320408821106 0.27026578783988953 0.0090000005438923836
  endloop
 endfacet
 facet normal -0 0.99144987697759213 0.13048808926916497
  outer loop
   vertex -0.16668979823589325 0.27106958627700806 0.0060000019147992134
   vertex -0.20002320408821106 0.27086520195007324 0.0075529161840677261
   vertex -0.16668979823589325 0.27086520195007324 0.0075529161840677261
  endloop
 endfacet
 facet normal -0 0.99144987697759213 0.13048808926916497
  outer loop
   vertex -0.1333564966917038 0.27106958627700806 0.0060000019147992134
   vertex -0.16668979823589325 0.27106958627700806 0.0060000019147992134
   vertex -0.16668979823589325 0.27086520195007324 0.0075529161840677261
  endloop
 endfacet
 facet normal 0 0.9914498719154381 -0.13048812773145857
  outer loop
   vertex -0.1333564966917038 0.27086520195007324 0.004447088111191988
   vertex -0.16668979823589325 0.27106958627700806 0.0060000019147992134
   vertex -0.1333564966917038 0.27106958627700806 0.0060000019147992134
  endloop
 endfacet
 facet normal 0 0.9914498719154381 -0.13048812773145857
  outer loop
   vertex -0.10002320259809494 0.27086520195007324 0.004447088111191988
   vertex -0.1333564966917038 0.27086520195007324 0.004447088111191988
   vertex -0.1333564966917038 0.27106958627700806 0.0060000019147992134
  endloop
 endfacet
 facet normal 0 0.92387685697135169 -0.38268989162602196
  outer loop
   vertex -0.10002320259809494 0.27026578783988953 0.0030000030528753996
   vertex -0.1333564966917038 0.27086520195007324 0.004447088111191988
   vertex -0.10002320259809494 0.27086520195007324 0.004447088111191988
  endloop
 endfacet
 facet normal 0 0.9238768569713518 -0.38268989162602196
  outer loop
   vertex -0.066689841449260712 0.27026578783988953 0.0030000030528753996
   vertex -0.10002320259809494 0.27026578783988953 0.0030000030528753996
   vertex -0.10002320259809494 0.27086520195007324 0.004447088111191988
  endloop
 endfacet
 facet normal 0 0.79335842214104468 -0.60875480615587096
  outer loop
   vertex -0.066689841449260712 0.2693122923374176 0.0017573620425537229
   vertex -0.10002320259809494 0.27026578783988953 0.0030000030528753996
   vertex -0.066689841449260712 0.27026578783988953 0.0030000030528753996
  endloop
 endfacet
 facet normal 0 0.79335842214104457 -0.60875480615587096
  outer loop
   vertex -0.033356510102748871 0.2693122923374176 0.0017573620425537229
   vertex -0.066689841449260712 0.2693122923374176 0.0017573620425537229
   vertex -0.066689841449260712 0.27026578783988953 0.0030000030528753996
  endloop
 endfacet
 facet normal 0 0.60874434557398416 -0.79336644857953353
  outer loop
   vertex -0.033356510102748871 0.26806959509849548 0.00080384942702949047
   vertex -0.066689841449260712 0.2693122923374176 0.0017573620425537229
   vertex -0.033356510102748871 0.2693122923374176 0.0017573620425537229
  endloop
 endfacet
 facet normal 0 0.60874434557398427 -0.79336644857953353
  outer loop
   vertex -2.3174039597506635e-05 0.26806959509849548 0.00080384942702949047
   vertex -0.033356510102748871 0.26806959509849548 0.00080384942702949047
   vertex -0.033356510102748871 0.2693122923374176 0.0017573620425537229
  endloop
 endfacet
 facet normal 0 0.38268480386971088 -0.92387896441427919
  outer loop
   vertex -2.3174039597506635e-05 0.26662251353263855 0.00020444609981495887
   vertex -0.033356510102748871 0.26806959509849548 0.00080384942702949047
   vertex -2.3174039597506635e-05 0.26806959509849548 0.00080384942702949047
  endloop
 endfacet
 facet normal 0 0.38268480386971088 -0.92387896441427919
  outer loop
   vertex 0.033310160040855408 0.26662251353263855 0.00020444609981495887
   vertex -2.3174039597506635e-05 0.26662251353263855 0.00020444609981495887
   vertex -2.3174039597506635e-05 0.26806959509849548 0.00080384942702949047
  endloop
 endfacet
 facet normal 0 0.13052724074567906 -0.99144472333222877
  outer loop
   vertex 0.19997680187225342 0.26506960391998291 1.3322680133619921e-17
   vertex -2.3174039597506635e-05 0.26662251353263855 0.00020444609981495887
   vertex 0.033310160040855408 0.26662251353263855 0.00020444609981495887
  endloop
 endfacet
 facet normal -0 0.99144987697759213 0.13048808926916497
  outer loop
   vertex -0.16668979823589325 0.27106958627700806 0.0060000019147992134
   vertex -0.20002320408821106 0.27106958627700806 0.0060000019147992134
   vertex -0.20002320408821106 0.27086520195007324 0.0075529161840677261
  endloop
 endfacet
 facet normal 0 0.99144987191543821 -0.1304881277314586
  outer loop
   vertex -0.16668979823589325 0.27086520195007324 0.004447088111191988
   vertex -0.20002320408821106 0.27106958627700806 0.0060000019147992134
   vertex -0.16668979823589325 0.27106958627700806 0.0060000019147992134
  endloop
 endfacet
 facet normal 0 0.9914498719154381 -0.13048812773145857
  outer loop
   vertex -0.1333564966917038 0.27086520195007324 0.004447088111191988
   vertex -0.16668979823589325 0.27086520195007324 0.004447088111191988
   vertex -0.16668979823589325 0.27106958627700806 0.0060000019147992134
  endloop
 endfacet
 facet normal 0 0.92387685697135169 -0.38268989162602196
  outer loop
   vertex -0.1333564966917038 0.27026578783988953 0.0030000030528753996
   vertex -0.16668979823589325 0.27086520195007324 0.004447088111191988
   vertex -0.1333564966917038 0.27086520195007324 0.004447088111191988
  endloop
 endfacet
 facet normal 0 0.92387685697135169 -0.38268989162602196
  outer loop
   vertex -0.10002320259809494 0.27026578783988953 0.0030000030528753996
   vertex -0.1333564966917038 0.27026578783988953 0.0030000030528753996
   vertex -0.1333564966917038 0.27086520195007324 0.004447088111191988
  endloop
 endfacet
 facet normal 0 0.79335842214104468 -0.60875480615587096
  outer loop
   vertex -0.10002320259809494 0.2693122923374176 0.0017573620425537229
   vertex -0.1333564966917038 0.27026578783988953 0.0030000030528753996
   vertex -0.10002320259809494 0.27026578783988953 0.0030000030528753996
  endloop
 endfacet
 facet normal 0 0.79335842214104468 -0.60875480615587096
  outer loop
   vertex -0.066689841449260712 0.2693122923374176 0.0017573620425537229
   vertex -0.10002320259809494 0.2693122923374176 0.0017573620425537229
   vertex -0.10002320259809494 0.27026578783988953 0.0030000030528753996
  endloop
 endfacet
 facet normal 0 0.60874434557398427 -0.79336644857953365
  outer loop
   vertex -0.066689841449260712 0.26806959509849548 0.00080384942702949047
   vertex -0.10002320259809494 0.2693122923374176 0.0017573620425537229
   vertex -0.066689841449260712 0.2693122923374176 0.0017573620425537229
  endloop
 endfacet
 facet normal 0 0.60874434557398416 -0.79336644857953353
  outer loop
   vertex -0.033356510102748871 0.26806959509849548 0.00080384942702949047
   vertex -0.066689841449260712 0.26806959509849548 0.00080384942702949047
   vertex -0.066689841449260712 0.2693122923374176 0.0017573620425537229
  endloop
 endfacet
 facet normal 0 0.38268480386971093 -0.92387896441427919
  outer loop
   vertex -0.033356510102748871 0.26662251353263855 0.00020444609981495887
   vertex -0.066689841449260712 0.26806959509849548 0.00080384942702949047
   vertex -0.033356510102748871 0.26806959509849548 0.00080384942702949047
  endloop
 endfacet
 facet normal 0 0.38268480386971088 -0.92387896441427919
  outer loop
   vertex -2.3174039597506635e-05 0.26662251353263855 0.00020444609981495887
   vertex -0.033356510102748871 0.26662251353263855 0.00020444609981495887
   vertex -0.033356510102748871 0.26806959509849548 0.00080384942702949047
  endloop
 endfacet
 facet normal 0 0.13052724074567906 -0.99144472333222877
  outer loop
   vertex -0.20002320408821106 0.26506960391998291 1.3322680133619921e-17
   vertex -0.033356510102748871 0.26662251353263855 0.00020444609981495887
   vertex -2.3174039597506635e-05 0.26662251353263855 0.00020444609981495887
  endloop
 endfacet
 facet normal 0 0.13052724074567906 -0.99144472333222877
  outer loop
   vertex 0.19997680187225342 0.26506960391998291 1.3322680133619921e-17
   vertex -0.20002320408821106 0.26506960391998291 1.3322680133619921e-17
   vertex -2.3174039597506635e-05 0.26662251353263855 0.00020444609981495887
  endloop
 endfacet
 facet normal 0 0.99144987191543821 -0.1304881277314586
  outer loop
   vertex -0.16668979823589325 0.27086520195007324 0.004447088111191988
   vertex -0.20002320408821106 0.27086520195007324 0.004447088111191988
   vertex -0.20002320408821106 0.27106958627700806 0.0060000019147992134
  endloop
 endfacet
 facet normal 0 0.9238768569713518 -0.38268989162602196
  outer loop
   vertex -0.16668979823589325 0.27026578783988953 0.0030000030528753996
   vertex -0.20002320408821106 0.27086520195007324 0.004447088111191988
   vertex -0.16668979823589325 0.27086520195007324 0.004447088111191988
  endloop
 endfacet
 facet normal 0 0.92387685697135169 -0.38268989162602196
  outer loop
   vertex -0.1333564966917038 0.27026578783988953 0.0030000030528753996
   vertex -0.16668979823589325 0.27026578783988953 0.0030000030528753996
   vertex -0.16668979823589325 0.27086520195007324 0.004447088111191988
  endloop
 endfacet
 facet normal 0 0.79335842214104457 -0.60875480615587096
  outer loop
   vertex -0.1333564966917038 0.2693122923374176 0.0017573620425537229
   vertex -0.16668979823589325 0.27026578783988953 0.0030000030528753996
   vertex -0.1333564966917038 0.27026578783988953 0.0030000030528753996
  endloop
 endfacet
 facet normal 0 0.79335842214104468 -0.60875480615587096
  outer loop
   vertex -0.10002320259809494 0.2693122923374176 0.0017573620425537229
   vertex -0.1333564966917038 0.2693122923374176 0.0017573620425537229
   vertex -0.1333564966917038 0.27026578783988953 0.0030000030528753996
  endloop
 endfacet
 facet normal 0 0.60874434557398416 -0.79336644857953353
  outer loop
   vertex -0.10002320259809494 0.26806959509849548 0.00080384942702949047
   vertex -0.1333564966917038 0.2693122923374176 0.0017573620425537229
   vertex -0.10002320259809494 0.2693122923374176 0.0017573620425537229
  endloop
 endfacet
 facet normal 0 0.60874434557398427 -0.79336644857953365
  outer loop
   vertex -0.066689841449260712 0.26806959509849548 0.00080384942702949047
   vertex -0.10002320259809494 0.26806959509849548 0.00080384942702949047
   vertex -0.10002320259809494 0.2693122923374176 0.0017573620425537229
  endloop
 endfacet
 facet normal 0 0.38268480386971088 -0.92387896441427908
  outer loop
   vertex -0.066689841449260712 0.26662251353263855 0.00020444609981495887
   vertex -0.10002320259809494 0.26806959509849548 0.00080384942702949047
   vertex -0.066689841449260712 0.26806959509849548 0.00080384942702949047
  endloop
 endfacet
 facet normal 0 0.38268480386971093 -0.92387896441427919
  outer loop
   vertex -0.033356510102748871 0.26662251353263855 0.00020444609981495887
   vertex -0.066689841449260712 0.26662251353263855 0.00020444609981495887
   vertex -0.066689841449260712 0.26806959509849548 0.00080384942702949047
  endloop
 endfacet
 facet normal 0 0.13052724074567906 -0.99144472333222877
  outer loop
   vertex -0.20002320408821106 0.26506960391998291 1.3322680133619921e-17
   vertex -0.066689841449260712 0.26662251353263855 0.00020444609981495887
   vertex -0.033356510102748871 0.26662251353263855 0.00020444609981495887
  endloop
 endfacet
 facet normal 0 0.9238768569713518 -0.38268989162602196
  outer loop
   vertex -0.16668979823589325 0.27026578783988953 0.0030000030528753996
   vertex -0.20002320408821106 0.27026578783988953 0.0030000030528753996
   vertex -0.20002320408821106 0.27086520195007324 0.004447088111191988
  endloop
 endfacet
 facet normal 0 0.79335842214104457 -0.60875480615587096
  outer loop
   vertex -0.16668979823589325 0.2693122923374176 0.0017573620425537229
   vertex -0.20002320408821106 0.27026578783988953 0.0030000030528753996
   vertex -0.16668979823589325 0.27026578783988953 0.0030000030528753996
  endloop
 endfacet
 facet normal 0 0.79335842214104457 -0.60875480615587096
  outer loop
   vertex -0.1333564966917038 0.2693122923374176 0.0017573620425537229
   vertex -0.16668979823589325 0.2693122923374176 0.0017573620425537229
   vertex -0.16668979823589325 0.27026578783988953 0.0030000030528753996
  endloop
 endfacet
 facet normal 0 0.60874434557398416 -0.79336644857953353
  outer loop
   vertex -0.1333564966917038 0.26806959509849548 0.00080384942702949047
   vertex -0.16668979823589325 0.2693122923374176 0.0017573620425537229
   vertex -0.1333564966917038 0.2693122923374176 0.0017573620425537229
  endloop
 endfacet
 facet normal 0 0.60874434557398416 -0.79336644857953353
  outer loop
   vertex -0.10002320259809494 0.26806959509849548 0.00080384942702949047
   vertex -0.1333564966917038 0.26806959509849548 0.00080384942702949047
   vertex -0.1333564966917038 0.2693122923374176 0.0017573620425537229
  endloop
 endfacet
 facet normal 0 0.38268480386971088 -0.92387896441427919
  outer loop
   vertex -0.10002320259809494 0.26662251353263855 0.00020444609981495887
   vertex -0.1333564966917038 0.26806959509849548 0.00080384942702949047
   vertex -0.10002320259809494 0.26806959509849548 0.00080384942702949047
  endloop
 endfacet
 facet normal 0 0.38268480386971088 -0.92387896441427908
  outer loop
   vertex -0.066689841449260712 0.26662251353263855 0.00020444609981495887
   vertex -0.10002320259809494 0.26662251353263855 0.00020444609981495887
   vertex -0.10002320259809494 0.26806959509849548 0.00080384942702949047
  endloop
 endfacet
 facet normal 0 0.13052724074567906 -0.99144472333222877
  outer loop
   vertex -0.20002320408821106 0.26506960391998291 1.3322680133619921e-17
   vertex -0.10002320259809494 0.26662251353263855 0.00020444609981495887
   vertex -0.066689841449260712 0.26662251353263855 0.00020444609981495887
  endloop
 endfacet
 facet normal 0 0.79335842214104457 -0.60875480615587096
  outer loop
   vertex -0.16668979823589325 0.2693122923374176 0.0017573620425537229
   vertex -0.20002320408821106 0.2693122923374176 0.0017573620425537229
   vertex -0.20002320408821106 0.27026578783988953 0.0030000030528753996
  endloop
 endfacet
 facet normal 0 0.60874434557398427 -0.79336644857953365
  outer loop
   vertex -0.16668979823589325 0.26806959509849548 0.00080384942702949047
   vertex -0.20002320408821106 0.2693122923374176 0.0017573620425537229
   vertex -0.16668979823589325 0.2693122923374176 0.0017573620425537229
  endloop
 endfacet
 facet normal 0 0.60874434557398416 -0.79336644857953353
  outer loop
   vertex -0.1333564966917038 0.26806959509849548 0.00080384942702949047
   vertex -0.16668979823589325 0.26806959509849548 0.00080384942702949047
   vertex -0.16668979823589325 0.2693122923374176 0.0017573620425537229
  endloop
 endfacet
 facet normal 0 0.38268480386971088 -0.92387896441427908
  outer loop
   vertex -0.1333564966917038 0.26662251353263855 0.00020444609981495887
   vertex -0.16668979823589325 0.26806959509849548 0.00080384942702949047
   vertex -0.1333564966917038 0.26806959509849548 0.00080384942702949047
  endloop
 endfacet
 facet normal 0 0.38268480386971088 -0.92387896441427919
  outer loop
   vertex -0.10002320259809494 0.26662251353263855 0.00020444609981495887
   vertex -0.1333564966917038 0.26662251353263855 0.00020444609981495887
   vertex -0.1333564966917038 0.26806959509849548 0.00080384942702949047
  endloop
 endfacet
 facet normal 0 0.13052724074567906 -0.99144472333222877
  outer loop
   vertex -0.20002320408821106 0.26506960391998291 1.3322680133619921e-17
   vertex -0.1333564966917038 0.26662251353263855 0.00020444609981495887
   vertex -0.10002320259809494 0.26662251353263855 0.00020444609981495887
  endloop
 endfacet
 facet normal 0 0.60874434557398427 -0.79336644857953365
  outer loop
   vertex -0.16668979823589325 0.26806959509849548 0.00080384942702949047
   vertex -0.20002320408821106 0.26806959509849548 0.00080384942702949047
   vertex -0.20002320408821106 0.2693122923374176 0.0017573620425537229
  endloop
 endfacet
 facet normal 0 0.38268480386971088 -0.92387896441427908
  outer loop
   vertex -0.16668979823589325 0.26662251353263855 0.00020444609981495887
   vertex -0.20002320408821106 0.26806959509849548 0.00080384942702949047
   vertex -0.16668979823589325 0.26806959509849548 0.00080384942702949047
  endloop
 endfacet
 facet normal 0 0.38268480386971088 -0.92387896441427908
  outer loop
   vertex -0.1333564966917038 0.26662251353263855 0.00020444609981495887
   vertex -0.16668979823589325 0.26662251353263855 0.00020444609981495887
   vertex -0.16668979823589325 0.26806959509849548 0.00080384942702949047
  endloop
 endfacet
 facet normal 0 0.13052724074567906 -0.99144472333222877
  outer loop
   vertex -0.20002320408821106 0.26506960391998291 1.3322680133619921e-17
   vertex -0.16668979823589325 0.26662251353263855 0.00020444609981495887
   vertex -0.1333564966917038 0.26662251353263855 0.00020444609981495887
  endloop
 endfacet
 facet normal 0 0.38268480386971088 -0.92387896441427908
  outer loop
   vertex -0.16668979823589325 0.26662251353263855 0.00020444609981495887
   vertex -0.20002320408821106 0.26662251353263855 0.00020444609981495887
   vertex -0.20002320408821106 0.26806959509849548 0.00080384942702949047
  endloop
 endfacet
 facet normal 0 0.13052724074567906 -0.99144472333222877
  outer loop
   vertex -0.20002320408821106 0.26506960391998291 1.3322680133619921e-17
   vertex -0.20002320408821106 0.26662251353263855 0.00020444609981495887
   vertex -0.16668979823589325 0.26662251353263855 0.00020444609981495887
  endloop
 endfacet
 facet normal 0 0.38268480386971088 -0.92387896441427908
  outer loop
   vertex 0.13331019878387451 0.26806959509849548 0.00080384942702949047
   vertex 0.16664350032806396 0.26662251353263855 0.00020444609981495887
   vertex 0.13331019878387451 0.26662251353263855 0.00020444609981495887
  endloop
 endfacet
 facet normal 0 0.38268480386971088 -0.92387896441427908
  outer loop
   vertex 0.16664350032806396 0.26806959509849548 0.00080384942702949047
   vertex 0.16664350032806396 0.26662251353263855 0.00020444609981495887
   vertex 0.13331019878387451 0.26806959509849548 0.00080384942702949047
  endloop
 endfacet
 facet normal 0 0.60874434557398416 -0.79336644857953353
  outer loop
   vertex 0.13331019878387451 0.2693122923374176 0.0017573620425537229
   vertex 0.16664350032806396 0.26806959509849548 0.00080384942702949047
   vertex 0.13331019878387451 0.26806959509849548 0.00080384942702949047
  endloop
 endfacet
 facet normal 0 0.38268480386971088 -0.92387896441427908
  outer loop
   vertex 0.099976830184459686 0.26806959509849548 0.00080384942702949047
   vertex 0.13331019878387451 0.26806959509849548 0.00080384942702949047
   vertex 0.13331019878387451 0.26662251353263855 0.00020444609981495887
  endloop
 endfacet
 facet normal 0 0.60874434557398416 -0.79336644857953353
  outer loop
   vertex 0.099976830184459686 0.2693122923374176 0.0017573620425537229
   vertex 0.13331019878387451 0.26806959509849548 0.00080384942702949047
   vertex 0.099976830184459686 0.26806959509849548 0.00080384942702949047
  endloop
 endfacet
 facet normal 0 0.60874434557398416 -0.79336644857953353
  outer loop
   vertex 0.066643491387367249 0.2693122923374176 0.0017573620425537229
   vertex 0.099976830184459686 0.2693122923374176 0.0017573620425537229
   vertex 0.099976830184459686 0.26806959509849548 0.00080384942702949047
  endloop
 endfacet
 facet normal 0 0.79335842214104457 -0.60875480615587096
  outer loop
   vertex 0.066643491387367249 0.27026578783988953 0.0030000030528753996
   vertex 0.099976830184459686 0.2693122923374176 0.0017573620425537229
   vertex 0.066643491387367249 0.2693122923374176 0.0017573620425537229
  endloop
 endfacet
 facet normal 0 0.79335842214104457 -0.60875480615587096
  outer loop
   vertex 0.033310160040855408 0.27026578783988953 0.0030000030528753996
   vertex 0.066643491387367249 0.27026578783988953 0.0030000030528753996
   vertex 0.066643491387367249 0.2693122923374176 0.0017573620425537229
  endloop
 endfacet
 facet normal 0 0.9238768569713518 -0.38268989162602202
  outer loop
   vertex 0.033310160040855408 0.27086520195007324 0.004447088111191988
   vertex 0.066643491387367249 0.27026578783988953 0.0030000030528753996
   vertex 0.033310160040855408 0.27026578783988953 0.0030000030528753996
  endloop
 endfacet
 facet normal 0 0.92387685697135169 -0.38268989162602196
  outer loop
   vertex -2.3174039597506635e-05 0.27086520195007324 0.004447088111191988
   vertex 0.033310160040855408 0.27086520195007324 0.004447088111191988
   vertex 0.033310160040855408 0.27026578783988953 0.0030000030528753996
  endloop
 endfacet
 facet normal 0 0.9914498719154381 -0.13048812773145857
  outer loop
   vertex -2.3174039597506635e-05 0.27106958627700806 0.0060000019147992134
   vertex 0.033310160040855408 0.27086520195007324 0.004447088111191988
   vertex -2.3174039597506635e-05 0.27086520195007324 0.004447088111191988
  endloop
 endfacet
 facet normal 0 0.9914498719154381 -0.13048812773145857
  outer loop
   vertex -0.033356510102748871 0.27106958627700806 0.0060000019147992134
   vertex -2.3174039597506635e-05 0.27106958627700806 0.0060000019147992134
   vertex -2.3174039597506635e-05 0.27086520195007324 0.004447088111191988
  endloop
 endfacet
 facet normal 0 0.99144987697759202 0.13048808926916494
  outer loop
   vertex -0.033356510102748871 0.27086520195007324 0.0075529161840677261
   vertex -2.3174039597506635e-05 0.27106958627700806 0.0060000019147992134
   vertex -0.033356510102748871 0.27106958627700806 0.0060000019147992134
  endloop
 endfacet
 facet normal 0 0.99144987697759213 0.13048808926916494
  outer loop
   vertex -0.066689841449260712 0.27086520195007324 0.0075529161840677261
   vertex -0.033356510102748871 0.27086520195007324 0.0075529161840677261
   vertex -0.033356510102748871 0.27106958627700806 0.0060000019147992134
  endloop
 endfacet
 facet normal 0 0.92387679166195491 0.38269004929369754
  outer loop
   vertex -0.066689841449260712 0.27026578783988953 0.0090000005438923836
   vertex -0.033356510102748871 0.27086520195007324 0.0075529161840677261
   vertex -0.066689841449260712 0.27086520195007324 0.0075529161840677261
  endloop
 endfacet
 facet normal 0 0.92387679166195502 0.3826900492936976
  outer loop
   vertex -0.10002320259809494 0.27026578783988953 0.0090000005438923836
   vertex -0.066689841449260712 0.27026578783988953 0.0090000005438923836
   vertex -0.066689841449260712 0.27086520195007324 0.0075529161840677261
  endloop
 endfacet
 facet normal 0 0.79335806407548148 0.60875527280377983
  outer loop
   vertex -0.10002320259809494 0.2693122923374176 0.010242640040814877
   vertex -0.066689841449260712 0.27026578783988953 0.0090000005438923836
   vertex -0.10002320259809494 0.27026578783988953 0.0090000005438923836
  endloop
 endfacet
 facet normal 0 0.79335806407548137 0.60875527280377983
  outer loop
   vertex -0.1333564966917038 0.2693122923374176 0.010242640040814877
   vertex -0.10002320259809494 0.2693122923374176 0.010242640040814877
   vertex -0.10002320259809494 0.27026578783988953 0.0090000005438923836
  endloop
 endfacet
 facet normal 0 0.60874345674038877 0.79336713057434027
  outer loop
   vertex -0.1333564966917038 0.26806959509849548 0.011196150444447994
   vertex -0.10002320259809494 0.2693122923374176 0.010242640040814877
   vertex -0.1333564966917038 0.2693122923374176 0.010242640040814877
  endloop
 endfacet
 facet normal 0 0.60874345674038877 0.79336713057434027
  outer loop
   vertex -0.16668979823589325 0.26806959509849548 0.011196150444447994
   vertex -0.1333564966917038 0.26806959509849548 0.011196150444447994
   vertex -0.1333564966917038 0.2693122923374176 0.010242640040814877
  endloop
 endfacet
 facet normal 0 0.38268814238602117 0.92387758154267186
  outer loop
   vertex -0.16668979823589325 0.26662251353263855 0.011795559898018837
   vertex -0.1333564966917038 0.26806959509849548 0.011196150444447994
   vertex -0.16668979823589325 0.26806959509849548 0.011196150444447994
  endloop
 endfacet
 facet normal 0 0.60874434557398416 -0.79336644857953353
  outer loop
   vertex 0.13331019878387451 0.2693122923374176 0.0017573620425537229
   vertex 0.13331019878387451 0.26806959509849548 0.00080384942702949047
   vertex 0.099976830184459686 0.2693122923374176 0.0017573620425537229
  endloop
 endfacet
 facet normal 0 0.79335842214104457 -0.60875480615587096
  outer loop
   vertex 0.099976830184459686 0.27026578783988953 0.0030000030528753996
   vertex 0.099976830184459686 0.2693122923374176 0.0017573620425537229
   vertex 0.066643491387367249 0.27026578783988953 0.0030000030528753996
  endloop
 endfacet
 facet normal 0 0.79335842214104468 -0.60875480615587108
  outer loop
   vertex 0.13331019878387451 0.2693122923374176 0.0017573620425537229
   vertex 0.099976830184459686 0.2693122923374176 0.0017573620425537229
   vertex 0.099976830184459686 0.27026578783988953 0.0030000030528753996
  endloop
 endfacet
 facet normal 0 0.9238768569713518 -0.38268989162602202
  outer loop
   vertex 0.066643491387367249 0.27086520195007324 0.004447088111191988
   vertex 0.066643491387367249 0.27026578783988953 0.0030000030528753996
   vertex 0.033310160040855408 0.27086520195007324 0.004447088111191988
  endloop
 endfacet
 facet normal 0 0.9238768569713518 -0.38268989162602196
  outer loop
   vertex 0.099976830184459686 0.27026578783988953 0.0030000030528753996
   vertex 0.066643491387367249 0.27026578783988953 0.0030000030528753996
   vertex 0.066643491387367249 0.27086520195007324 0.004447088111191988
  endloop
 endfacet
 facet normal 0 0.9914498719154381 -0.13048812773145857
  outer loop
   vertex 0.033310160040855408 0.27106958627700806 0.0060000019147992134
   vertex 0.033310160040855408 0.27086520195007324 0.004447088111191988
   vertex -2.3174039597506635e-05 0.27106958627700806 0.0060000019147992134
  endloop
 endfacet
 facet normal 0 0.99144987191543799 -0.13048812773145857
  outer loop
   vertex 0.066643491387367249 0.27086520195007324 0.004447088111191988
   vertex 0.033310160040855408 0.27086520195007324 0.004447088111191988
   vertex 0.033310160040855408 0.27106958627700806 0.0060000019147992134
  endloop
 endfacet
 facet normal 0 0.99144987697759202 0.13048808926916494
  outer loop
   vertex -2.3174039597506635e-05 0.27086520195007324 0.0075529161840677261
   vertex -2.3174039597506635e-05 0.27106958627700806 0.0060000019147992134
   vertex -0.033356510102748871 0.27086520195007324 0.0075529161840677261
  endloop
 endfacet
 facet normal -0 0.99144987697759202 0.13048808926916494
  outer loop
   vertex 0.033310160040855408 0.27106958627700806 0.0060000019147992134
   vertex -2.3174039597506635e-05 0.27106958627700806 0.0060000019147992134
   vertex -2.3174039597506635e-05 0.27086520195007324 0.0075529161840677261
  endloop
 endfacet
 facet normal 0 0.92387679166195491 0.38269004929369754
  outer loop
   vertex -0.033356510102748871 0.27026578783988953 0.0090000005438923836
   vertex -0.033356510102748871 0.27086520195007324 0.0075529161840677261
   vertex -0.066689841449260712 0.27026578783988953 0.0090000005438923836
  endloop
 endfacet
 facet normal -0 0.92387679166195491 0.38269004929369754
  outer loop
   vertex -2.3174039597506635e-05 0.27086520195007324 0.0075529161840677261
   vertex -0.033356510102748871 0.27086520195007324 0.0075529161840677261
   vertex -0.033356510102748871 0.27026578783988953 0.0090000005438923836
  endloop
 endfacet
 facet normal 0 0.79335806407548148 0.60875527280377983
  outer loop
   vertex -0.066689841449260712 0.2693122923374176 0.010242640040814877
   vertex -0.066689841449260712 0.27026578783988953 0.0090000005438923836
   vertex -0.10002320259809494 0.2693122923374176 0.010242640040814877
  endloop
 endfacet
 facet normal -0 0.79335806407548137 0.60875527280377972
  outer loop
   vertex -0.033356510102748871 0.27026578783988953 0.0090000005438923836
   vertex -0.066689841449260712 0.27026578783988953 0.0090000005438923836
   vertex -0.066689841449260712 0.2693122923374176 0.010242640040814877
  endloop
 endfacet
 facet normal 0 0.60874345674038877 0.79336713057434027
  outer loop
   vertex -0.10002320259809494 0.26806959509849548 0.011196150444447994
   vertex -0.10002320259809494 0.2693122923374176 0.010242640040814877
   vertex -0.1333564966917038 0.26806959509849548 0.011196150444447994
  endloop
 endfacet
 facet normal -0 0.60874345674038877 0.79336713057434038
  outer loop
   vertex -0.066689841449260712 0.2693122923374176 0.010242640040814877
   vertex -0.10002320259809494 0.2693122923374176 0.010242640040814877
   vertex -0.10002320259809494 0.26806959509849548 0.011196150444447994
  endloop
 endfacet
 facet normal 0 0.38268814238602117 0.92387758154267186
  outer loop
   vertex -0.1333564966917038 0.26662251353263855 0.011795559898018837
   vertex -0.1333564966917038 0.26806959509849548 0.011196150444447994
   vertex -0.16668979823589325 0.26662251353263855 0.011795559898018837
  endloop
 endfacet
 facet normal -0 0.38268814238602117 0.92387758154267197
  outer loop
   vertex -0.10002320259809494 0.26806959509849548 0.011196150444447994
   vertex -0.1333564966917038 0.26806959509849548 0.011196150444447994
   vertex -0.1333564966917038 0.26662251353263855 0.011795559898018837
  endloop
 endfacet
 facet normal 0 -1 0
  outer loop
   vertex -0.20002320408821106 0.26506960391998291 0.012000000104308128
   vertex 0.19997680187225342 0.26506960391998291 1.3322680133619921e-17
   vertex 0.19997680187225342 0.26506960391998291 0.012000000104308128
  endloop
 endfacet
 facet normal 0 -1 0
  outer loop
   vertex -0.20002320408821106 0.26506960391998291 1.3322680133619921e-17
   vertex 0.19997680187225342 0.26506960391998291 1.3322680133619921e-17
   vertex -0.20002320408821106 0.26506960391998291 0.012000000104308128
  endloop
 endfacet
 facet normal 0.13052701985477191 0.0064119204325439388 -0.9914240184523464
  outer loop
   vertex 0.2995184063911438 0.17485040426254272 1.3322680133619921e-17
   vertex 0.30155289173126221 0.16504639387130737 0.00020444609981495887
   vertex 0.30000001192092896 0.16504639387130737 1.3322680133619921e-17
  endloop
 endfacet
 facet normal 0.13052732824792718 0.0064119852843724703 -0.99142397743103361
  outer loop
   vertex 0.30106380581855774 0.17500260472297668 0.00020444609981495887
   vertex 0.30155289173126221 0.16504639387130737 0.00020444609981495887
   vertex 0.2995184063911438 0.17485040426254272 1.3322680133619921e-17
  endloop
 endfacet
 facet normal 0.12927025984960439 0.019175882100280942 -0.99142396857454085
  outer loop
   vertex 0.29807808995246887 0.18456000089645386 1.3322680133619921e-17
   vertex 0.30106380581855774 0.17500260472297668 0.00020444609981495887
   vertex 0.2995184063911438 0.17485040426254272 1.3322680133619921e-17
  endloop
 endfacet
 facet normal 0.12926418176160825 0.019173965569468803 -0.99142479813541229
  outer loop
   vertex 0.29960119724273682 0.18486300110816956 0.00020444609981495887
   vertex 0.30106380581855774 0.17500260472297668 0.00020444609981495887
   vertex 0.29807808995246887 0.18456000089645386 1.3322680133619921e-17
  endloop
 endfacet
 facet normal 0.12676181986933824 0.031752746372814153 -0.99142483533609194
  outer loop
   vertex 0.29569301009178162 0.19408160448074341 1.3322680133619921e-17
   vertex 0.29960119724273682 0.18486300110816956 0.00020444609981495887
   vertex 0.29807808995246887 0.18456000089645386 1.3322680133619921e-17
  endloop
 endfacet
 facet normal 0.12676140642037292 0.031752569795120214 -0.99142489385416133
  outer loop
   vertex 0.29717910289764404 0.19453239440917969 0.00020444609981495887
   vertex 0.29960119724273682 0.18486300110816956 0.00020444609981495887
   vertex 0.29569301009178162 0.19408160448074341 1.3322680133619921e-17
  endloop
 endfacet
 facet normal 0.12303924443851233 0.044023199520202921 -0.99142488481579105
  outer loop
   vertex 0.29238620400428772 0.20332370698451996 1.3322680133619921e-17
   vertex 0.29717910289764404 0.19453239440917969 0.00020444609981495887
   vertex 0.29569301009178162 0.19408160448074341 1.3322680133619921e-17
  endloop
 endfacet
 facet normal 0.12304595124198832 0.044026879131099171 -0.9914238890590289
  outer loop
   vertex 0.29382088780403137 0.20391790568828583 0.00020444609981495887
   vertex 0.29717910289764404 0.19453239440917969 0.00020444609981495887
   vertex 0.29238620400428772 0.20332370698451996 1.3322680133619921e-17
  endloop
 endfacet
 facet normal 0.11813850190067539 0.055875817121920759 -0.99142381826826298
  outer loop
   vertex 0.28818941116333008 0.21219700574874878 1.3322680133619921e-17
   vertex 0.29382088780403137 0.20391790568828583 0.00020444609981495887
   vertex 0.29238620400428772 0.20332370698451996 1.3322680133619921e-17
  endloop
 endfacet
 facet normal 0.11813771298156665 0.055875277423452295 -0.99142394269269962
  outer loop
   vertex 0.28955888748168945 0.21292909979820251 0.00020444609981495887
   vertex 0.29382088780403137 0.20391790568828583 0.00020444609981495887
   vertex 0.28818941116333008 0.21219700574874878 1.3322680133619921e-17
  endloop
 endfacet
 facet normal 0.11209179704717616 0.067184967414006327 -0.99142403097177034
  outer loop
   vertex 0.28314310312271118 0.22061629593372345 1.3322680133619921e-17
   vertex 0.28955888748168945 0.21292909979820251 0.00020444609981495887
   vertex 0.28818941116333008 0.21219700574874878 1.3322680133619921e-17
  endloop
 endfacet
 facet normal 0.11208877140772495 0.067182428521936163 -0.99142454509771039
  outer loop
   vertex 0.28443428874015808 0.22147910296916962 0.00020444609981495887
   vertex 0.28955888748168945 0.21292909979820251 0.00020444609981495887
   vertex 0.28314310312271118 0.22061629593372345 1.3322680133619921e-17
  endloop
 endfacet
 facet normal 0.10496322823356072 0.077845776863010058 -0.99142460920807496
  outer loop
   vertex 0.2772957980632782 0.22850050032138824 1.3322680133619921e-17
   vertex 0.28443428874015808 0.22147910296916962 0.00020444609981495887
   vertex 0.28314310312271118 0.22061629593372345 1.3322680133619921e-17
  endloop
 endfacet
 facet normal 0.10496691611665963 0.07784954623456726 -0.99142392278582336
  outer loop
   vertex 0.27849620580673218 0.22948560118675232 0.00020444609981495887
   vertex 0.28443428874015808 0.22147910296916962 0.00020444609981495887
   vertex 0.2772957980632782 0.22850050032138824 1.3322680133619921e-17
  endloop
 endfacet
 facet normal 0.096831420725947817 0.087763152808478143 -0.99142387754648631
  outer loop
   vertex 0.27070391178131104 0.23577350378036499 1.3322680133619921e-17
   vertex 0.27849620580673218 0.22948560118675232 0.00020444609981495887
   vertex 0.2772957980632782 0.22850050032138824 1.3322680133619921e-17
  endloop
 endfacet
 facet normal 0.096827480197635152 0.08775824285705619 -0.99142469703413105
  outer loop
   vertex 0.27180200815200806 0.23687160015106201 0.00020444609981495887
   vertex 0.27849620580673218 0.22948560118675232 0.00020444609981495887
   vertex 0.27070391178131104 0.23577350378036499 1.3322680133619921e-17
  endloop
 endfacet
 facet normal 0.087758955272014369 0.09682676897425456 -0.99142470343418954
  outer loop
   vertex 0.2634308934211731 0.24236540496349335 1.3322680133619921e-17
   vertex 0.27180200815200806 0.23687160015106201 0.00020444609981495887
   vertex 0.27070391178131104 0.23577350378036499 1.3322680133619921e-17
  endloop
 endfacet
 facet normal 0.087762443292534742 0.09683211472050024 -0.99142387257221132
  outer loop
   vertex 0.26441600918769836 0.24356579780578613 0.00020444609981495887
   vertex 0.27180200815200806 0.23687160015106201 0.00020444609981495887
   vertex 0.2634308934211731 0.24236540496349335 1.3322680133619921e-17
  endloop
 endfacet
 facet normal 0.0778489320189341 0.10496774998080562 -0.99142388273002502
  outer loop
   vertex 0.2555466890335083 0.24821269512176514 1.3322680133619921e-17
   vertex 0.26441600918769836 0.24356579780578613 0.00020444609981495887
   vertex 0.2634308934211731 0.24236540496349335 1.3322680133619921e-17
  endloop
 endfacet
 facet normal 0.077845911249080676 0.10496194690932986 -0.99142473431057954
  outer loop
   vertex 0.25640949606895447 0.24950389564037323 0.00020444609981495887
   vertex 0.26441600918769836 0.24356579780578613 0.00020444609981495887
   vertex 0.2555466890335083 0.24821269512176514 1.3322680133619921e-17
  endloop
 endfacet
 facet normal 0.067182402593611468 0.11208751788565791 -0.99142468857497312
  outer loop
   vertex 0.24712739884853363 0.25325900316238403 1.3322680133619921e-17
   vertex 0.25640949606895447 0.24950389564037323 0.00020444609981495887
   vertex 0.2555466890335083 0.24821269512176514 1.3322680133619921e-17
  endloop
 endfacet
 facet normal 0.067181100220590512 0.11208427382992399 -0.99142514358531864
  outer loop
   vertex 0.24785949289798737 0.25462859869003296 0.00020444609981495887
   vertex 0.25640949606895447 0.24950389564037323 0.00020444609981495887
   vertex 0.24712739884853363 0.25325900316238403 1.3322680133619921e-17
  endloop
 endfacet
 facet normal 0.055871070305965637 0.11812985431887872 -0.99142511619459506
  outer loop
   vertex 0.23825399577617645 0.25745579600334167 1.3322680133619921e-17
   vertex 0.24785949289798737 0.25462859869003296 0.00020444609981495887
   vertex 0.24712739884853363 0.25325900316238403 1.3322680133619921e-17
  endloop
 endfacet
 facet normal 0.055872165089825739 0.11813361071191213 -0.99142460691085421
  outer loop
   vertex 0.23884829878807068 0.25889050960540771 0.00020444609981495887
   vertex 0.24785949289798737 0.25462859869003296 0.00020444609981495887
   vertex 0.23825399577617645 0.25745579600334167 1.3322680133619921e-17
  endloop
 endfacet
 facet normal 0.044025470633267588 0.1230408765069043 -0.9914245814200553
  outer loop
   vertex 0.22901199758052826 0.26076269149780273 1.3322680133619921e-17
   vertex 0.23884829878807068 0.25889050960540771 0.00020444609981495887
   vertex 0.23825399577617645 0.25745579600334167 1.3322680133619921e-17
  endloop
 endfacet
 facet normal 0.04402627295784723 0.12304515371798545 -0.99142401495826138
  outer loop
   vertex 0.22946280241012573 0.262248694896698 0.00020444609981495887
   vertex 0.23884829878807068 0.25889050960540771 0.00020444609981495887
   vertex 0.22901199758052826 0.26076269149780273 1.3322680133619921e-17
  endloop
 endfacet
 facet normal 0.031753572319225036 0.12676828519285555 -0.99142398221660466
  outer loop
   vertex 0.21949039399623871 0.26314771175384521 1.3322680133619921e-17
   vertex 0.22946280241012573 0.262248694896698 0.00020444609981495887
   vertex 0.22901199758052826 0.26076269149780273 1.3322680133619921e-17
  endloop
 endfacet
 facet normal 0.031753369490847436 0.12676596640255144 -0.99142428520185288
  outer loop
   vertex 0.21979330480098724 0.26467078924179077 0.00020444609981495887
   vertex 0.22946280241012573 0.262248694896698 0.00020444609981495887
   vertex 0.21949039399623871 0.26314771175384521 1.3322680133619921e-17
  endloop
 endfacet
 facet normal 0.019175083704180744 0.12926755236761481 -0.99142433703728672
  outer loop
   vertex 0.20978079736232758 0.26458799839019775 1.3322680133619921e-17
   vertex 0.21979330480098724 0.26467078924179077 0.00020444609981495887
   vertex 0.21949039399623871 0.26314771175384521 1.3322680133619921e-17
  endloop
 endfacet
 facet normal 0.019175053220387952 0.1292703421834647 -0.99142397387079839
  outer loop
   vertex 0.20993299782276154 0.26613339781761169 0.00020444609981495887
   vertex 0.21979330480098724 0.26467078924179077 0.00020444609981495887
   vertex 0.20978079736232758 0.26458799839019775 1.3322680133619921e-17
  endloop
 endfacet
 facet normal 0.0064119455181222904 0.13052733213074841 -0.99142397717702091
  outer loop
   vertex 0.19997680187225342 0.26506960391998291 1.3322680133619921e-17
   vertex 0.20993299782276154 0.26613339781761169 0.00020444609981495887
   vertex 0.20978079736232758 0.26458799839019775 1.3322680133619921e-17
  endloop
 endfacet
 facet normal 0.0064122494654297096 0.13052455727752238 -0.99142434053451578
  outer loop
   vertex 0.19997680187225342 0.26662251353263855 0.00020444609981495887
   vertex 0.20993299782276154 0.26613339781761169 0.00020444609981495887
   vertex 0.19997680187225342 0.26506960391998291 1.3322680133619921e-17
  endloop
 endfacet
 facet normal 0.018796772945749888 0.38261775063763837 -0.92371550719029272
  outer loop
   vertex 0.21007490158081055 0.26757350564002991 0.00080384942702949047
   vertex 0.20993299782276154 0.26613339781761169 0.00020444609981495887
   vertex 0.19997680187225342 0.26662251353263855 0.00020444609981495887
  endloop
 endfacet
 facet normal 0.018796839142363849 0.38261719257731569 -0.92371573700057175
  outer loop
   vertex 0.19997680187225342 0.26806959509849548 0.00080384942702949047
   vertex 0.21007490158081055 0.26757350564002991 0.00080384942702949047
   vertex 0.19997680187225342 0.26662251353263855 0.00020444609981495887
  endloop
 endfacet
 facet normal 0.029892524326573619 0.60847431050816403 -0.79301037221526915
  outer loop
   vertex 0.21019670367240906 0.2688102126121521 0.0017573620425537229
   vertex 0.21007490158081055 0.26757350564002991 0.00080384942702949047
   vertex 0.19997680187225342 0.26806959509849548 0.00080384942702949047
  endloop
 endfacet
 facet normal 0.029892812388308199 0.60847230383070061 -0.79301190106988761
  outer loop
   vertex 0.19997680187225342 0.2693122923374176 0.0017573620425537229
   vertex 0.21019670367240906 0.2688102126121521 0.0017573620425537229
   vertex 0.19997680187225342 0.26806959509849548 0.00080384942702949047
  endloop
 endfacet
 facet normal 0.038946727305757683 0.79276598610270921 -0.60828056331825209
  outer loop
   vertex 0.21029010415077209 0.26975908875465393 0.0030000030528753996
   vertex 0.21019670367240906 0.2688102126121521 0.0017573620425537229
   vertex 0.19997680187225342 0.2693122923374176 0.0017573620425537229
  endloop
 endfacet
 facet normal 0.038948626604010557 0.79275643316692634 -0.60829289175372936
  outer loop
   vertex 0.19997680187225342 0.27026578783988953 0.0030000030528753996
   vertex 0.21029010415077209 0.26975908875465393 0.0030000030528753996
   vertex 0.19997680187225342 0.2693122923374176 0.0017573620425537229
  endloop
 endfacet
 facet normal 0.045343990410703951 0.92292702561798468 -0.38229521042981152
  outer loop
   vertex 0.21034890413284302 0.27035561203956604 0.004447088111191988
   vertex 0.21029010415077209 0.26975908875465393 0.0030000030528753996
   vertex 0.19997680187225342 0.27026578783988953 0.0030000030528753996
  endloop
 endfacet
 facet normal 0.045344141608136899 0.92292658072869083 -0.38229626653456678
  outer loop
   vertex 0.19997680187225342 0.27086520195007324 0.004447088111191988
   vertex 0.21034890413284302 0.27035561203956604 0.004447088111191988
   vertex 0.19997680187225342 0.27026578783988953 0.0030000030528753996
  endloop
 endfacet
 facet normal 0.048652703373775717 0.99026845752237924 -0.13038901982402931
  outer loop
   vertex 0.21036890149116516 0.27055910229682922 0.0060000019147992134
   vertex 0.21034890413284302 0.27035561203956604 0.004447088111191988
   vertex 0.19997680187225342 0.27086520195007324 0.004447088111191988
  endloop
 endfacet
 facet normal 0.048644655553557348 0.99027614199200198 -0.13033364909919484
  outer loop
   vertex 0.19997680187225342 0.27106958627700806 0.0060000019147992134
   vertex 0.21036890149116516 0.27055910229682922 0.0060000019147992134
   vertex 0.19997680187225342 0.27086520195007324 0.004447088111191988
  endloop
 endfacet
 facet normal 0.04864429894900605 0.99026888246934197 0.13038892818288178
  outer loop
   vertex 0.21034890413284302 0.27035561203956604 0.0075529161840677261
   vertex 0.21036890149116516 0.27055910229682922 0.0060000019147992134
   vertex 0.19997680187225342 0.27106958627700806 0.0060000019147992134
  endloop
 endfacet
 facet normal 0.048653061223781581 0.99027574113765149 0.13033355725917234
  outer loop
   vertex 0.19997680187225342 0.27086520195007324 0.0075529161840677261
   vertex 0.21034890413284302 0.27035561203956604 0.0075529161840677261
   vertex 0.19997680187225342 0.27106958627700806 0.0060000019147992134
  endloop
 endfacet
 facet normal 0.045344159789403829 0.92292695078695919 0.38229537099483563
  outer loop
   vertex 0.21029010415077209 0.26975908875465393 0.0090000005438923836
   vertex 0.21034890413284302 0.27035561203956604 0.0075529161840677261
   vertex 0.19997680187225342 0.27086520195007324 0.0075529161840677261
  endloop
 endfacet
 facet normal 0.045343965710024497 0.92292652286283661 0.38229642709552253
  outer loop
   vertex 0.19997680187225342 0.27026578783988953 0.0090000005438923836
   vertex 0.21029010415077209 0.26975908875465393 0.0090000005438923836
   vertex 0.19997680187225342 0.27086520195007324 0.0075529161840677261
  endloop
 endfacet
 facet normal 0.038949070583169473 0.79276546987412533 0.60828108607449272
  outer loop
   vertex 0.21019670367240906 0.2688102126121521 0.010242640040814877
   vertex 0.21029010415077209 0.26975908875465393 0.0090000005438923836
   vertex 0.19997680187225342 0.27026578783988953 0.0090000005438923836
  endloop
 endfacet
 facet normal 0.038946244034438519 0.79275614904859981 0.60829341457987551
  outer loop
   vertex 0.19997680187225342 0.2693122923374176 0.010242640040814877
   vertex 0.21019670367240906 0.2688102126121521 0.010242640040814877
   vertex 0.19997680187225342 0.27026578783988953 0.0090000005438923836
  endloop
 endfacet
 facet normal 0.029892865847575997 0.60847339200144257 0.79301106410798439
  outer loop
   vertex 0.21007490158081055 0.26757350564002991 0.011196150444447994
   vertex 0.21019670367240906 0.2688102126121521 0.010242640040814877
   vertex 0.19997680187225342 0.2693122923374176 0.010242640040814877
  endloop
 endfacet
 facet normal 0.029892382482773261 0.60847142322077141 0.79301259296003146
  outer loop
   vertex 0.19997680187225342 0.26806959509849548 0.011196150444447994
   vertex 0.21007490158081055 0.26757350564002991 0.011196150444447994
   vertex 0.19997680187225342 0.2693122923374176 0.010242640040814877
  endloop
 endfacet
 facet normal 0.018797030064893892 0.38262107888191677 0.92371412333902181
  outer loop
   vertex 0.20993299782276154 0.26613339781761169 0.011795559898018837
   vertex 0.21007490158081055 0.26757350564002991 0.011196150444447994
   vertex 0.19997680187225342 0.26806959509849548 0.011196150444447994
  endloop
 endfacet
 facet normal 0.018796909486722503 0.38262052999768931 0.92371435315146821
  outer loop
   vertex 0.19997680187225342 0.26662251353263855 0.011795559898018837
   vertex 0.20993299782276154 0.26613339781761169 0.011795559898018837
   vertex 0.19997680187225342 0.26806959509849548 0.011196150444447994
  endloop
 endfacet
 facet normal 0.0064122019915427908 0.13052359092271887 0.99142446806514639
  outer loop
   vertex 0.20978079736232758 0.26458799839019775 0.012000000104308128
   vertex 0.20993299782276154 0.26613339781761169 0.011795559898018837
   vertex 0.19997680187225342 0.26662251353263855 0.011795559898018837
  endloop
 endfacet
 facet normal 0.0064116275504926953 0.13052085929558824 0.99142483140220716
  outer loop
   vertex 0.19997680187225342 0.26506960391998291 0.012000000104308128
   vertex 0.20978079736232758 0.26458799839019775 0.012000000104308128
   vertex 0.19997680187225342 0.26662251353263855 0.011795559898018837
  endloop
 endfacet
 facet normal 0.38261047825293415 0.018795242261794215 -0.92371855064158026
  outer loop
   vertex 0.30106380581855774 0.17500260472297668 0.00020444609981495887
   vertex 0.30300000309944153 0.16504639387130737 0.00080384942702949047
   vertex 0.30155289173126221 0.16504639387130737 0.00020444609981495887
  endloop
 endfacet
 facet normal 0.38261790728598866 0.018796874253864899 -0.92371544024248897
  outer loop
   vertex 0.30250391364097595 0.1751444935798645 0.00080384942702949047
   vertex 0.30300000309944153 0.16504639387130737 0.00080384942702949047
   vertex 0.30106380581855774 0.17500260472297668 0.00020444609981495887
  endloop
 endfacet
 facet normal 0.37893215975872835 0.056207621363957905 -0.92371593122625706
  outer loop
   vertex 0.29960119724273682 0.18486300110816956 0.00020444609981495887
   vertex 0.30250391364097595 0.1751444935798645 0.00080384942702949047
   vertex 0.30106380581855774 0.17500260472297668 0.00020444609981495887
  endloop
 endfacet
 facet normal 0.37894579464843259 0.056212055451698606 -0.9237100679001844
  outer loop
   vertex 0.30102041363716125 0.185145303606987 0.00080384942702949047
   vertex 0.30250391364097595 0.1751444935798645 0.00080384942702949047
   vertex 0.29960119724273682 0.18486300110816956 0.00020444609981495887
  endloop
 endfacet
 facet normal 0.37161119305673035 0.093085195860412168 -0.92371005597350864
  outer loop
   vertex 0.29717910289764404 0.19453239440917969 0.00020444609981495887
   vertex 0.30102041363716125 0.185145303606987 0.00080384942702949047
   vertex 0.29960119724273682 0.18486300110816956 0.00020444609981495887
  endloop
 endfacet
 facet normal 0.37159147338932502 0.093076564239343296 -0.92371885879511528
  outer loop
   vertex 0.29856389760971069 0.19495250284671783 0.00080384942702949047
   vertex 0.30102041363716125 0.185145303606987 0.00080384942702949047
   vertex 0.29717910289764404 0.19453239440917969 0.00020444609981495887
  endloop
 endfacet
 facet normal 0.36067725222999042 0.12905336282083227 -0.92371919394827906
  outer loop
   vertex 0.29382088780403137 0.20391790568828583 0.00020444609981495887
   vertex 0.29856389760971069 0.19495250284671783 0.00080384942702949047
   vertex 0.29717910289764404 0.19453239440917969 0.00020444609981495887
  endloop
 endfacet
 facet normal 0.36068768432849024 0.12905920870695997 -0.92371430378753172
  outer loop
   vertex 0.295157790184021 0.20447170734405518 0.00080384942702949047
   vertex 0.29856389760971069 0.19495250284671783 0.00080384942702949047
   vertex 0.29382088780403137 0.20391790568828583 0.00020444609981495887
  endloop
 endfacet
 facet normal 0.34630118993053222 0.1637891454903932 -0.92371456720797918
  outer loop
   vertex 0.28955888748168945 0.21292909979820251 0.00020444609981495887
   vertex 0.295157790184021 0.20447170734405518 0.00080384942702949047
   vertex 0.29382088780403137 0.20391790568828583 0.00020444609981495887
  endloop
 endfacet
 facet normal 0.34628546693910706 0.16377818112854664 -0.92372240568960418
  outer loop
   vertex 0.29083520174026489 0.21361120045185089 0.00080384942702949047
   vertex 0.295157790184021 0.20447170734405518 0.00080384942702949047
   vertex 0.28955888748168945 0.21292909979820251 0.00020444609981495887
  endloop
 endfacet
 facet normal 0.3285665573548916 0.19693229729407449 -0.92372165053680155
  outer loop
   vertex 0.28443428874015808 0.22147910296916962 0.00020444609981495887
   vertex 0.29083520174026489 0.21361120045185089 0.00080384942702949047
   vertex 0.28955888748168945 0.21292909979820251 0.00020444609981495887
  endloop
 endfacet
 facet normal 0.32857357027588757 0.19693829001440458 -0.92371787838189989
  outer loop
   vertex 0.2856374979019165 0.22228309512138367 0.00080384942702949047
   vertex 0.29083520174026489 0.21361120045185089 0.00080384942702949047
   vertex 0.28443428874015808 0.22147910296916962 0.00020444609981495887
  endloop
 endfacet
 facet normal 0.30768593853278553 0.22819771775435269 -0.92371811979678287
  outer loop
   vertex 0.27849620580673218 0.22948560118675232 0.00020444609981495887
   vertex 0.2856374979019165 0.22228309512138367 0.00080384942702949047
   vertex 0.28443428874015808 0.22147910296916962 0.00020444609981495887
  endloop
 endfacet
 facet normal 0.30768288578226766 0.22819454101443912 -0.92371992143068204
  outer loop
   vertex 0.27961480617523193 0.23040370643138885 0.00080384942702949047
   vertex 0.2856374979019165 0.22228309512138367 0.00080384942702949047
   vertex 0.27849620580673218 0.22948560118675232 0.00020444609981495887
  endloop
 endfacet
 facet normal 0.28383539805405433 0.25725027381705295 -0.92372060896818142
  outer loop
   vertex 0.27180200815200806 0.23687160015106201 0.00020444609981495887
   vertex 0.27961480617523193 0.23040370643138885 0.00080384942702949047
   vertex 0.27849620580673218 0.22948560118675232 0.00020444609981495887
  endloop
 endfacet
 facet normal 0.28385035490172061 0.2572692565988749 -0.92371072616443595
  outer loop
   vertex 0.2728252112865448 0.23789480328559875 0.00080384942702949047
   vertex 0.27961480617523193 0.23040370643138885 0.00080384942702949047
   vertex 0.27180200815200806 0.23687160015106201 0.00020444609981495887
  endloop
 endfacet
 facet normal 0.25726639038576055 0.2838531801641625 -0.92371065626015869
  outer loop
   vertex 0.26441600918769836 0.24356579780578613 0.00020444609981495887
   vertex 0.2728252112865448 0.23789480328559875 0.00080384942702949047
   vertex 0.27180200815200806 0.23687160015106201 0.00020444609981495887
  endloop
 endfacet
 facet normal 0.25726196318432537 0.28384626023018766 -0.92371401572774869
  outer loop
   vertex 0.26533401012420654 0.24468439817428589 0.00080384942702949047
   vertex 0.2728252112865448 0.23789480328559875 0.00080384942702949047
   vertex 0.26441600918769836 0.24356579780578613 0.00020444609981495887
  endloop
 endfacet
 facet normal 0.22820357474204056 0.30769363621363244 -0.92371410875258719
  outer loop
   vertex 0.25640949606895447 0.24950389564037323 0.00020444609981495887
   vertex 0.26533401012420654 0.24468439817428589 0.00080384942702949047
   vertex 0.26441600918769836 0.24356579780578613 0.00020444609981495887
  endloop
 endfacet
 facet normal 0.22820498083191607 0.30769639754484263 -0.92371284155923206
  outer loop
   vertex 0.25721341371536255 0.25070708990097046 0.00080384942702949047
   vertex 0.26533401012420654 0.24468439817428589 0.00080384942702949047
   vertex 0.25640949606895447 0.24950389564037323 0.00020444609981495887
  endloop
 endfacet
 facet normal 0.19694582095718571 0.32858243246005525 -0.92371312033884911
  outer loop
   vertex 0.24785949289798737 0.25462859869003296 0.00020444609981495887
   vertex 0.25721341371536255 0.25070708990097046 0.00080384942702949047
   vertex 0.25640949606895447 0.24950389564037323 0.00020444609981495887
  endloop
 endfacet
 facet normal 0.19694681072406042 0.32858496319430325 -0.92371200907437578
  outer loop
   vertex 0.24854159355163574 0.25590479373931885 0.00080384942702949047
   vertex 0.25721341371536255 0.25070708990097046 0.00080384942702949047
   vertex 0.24785949289798737 0.25462859869003296 0.00020444609981495887
  endloop
 endfacet
 facet normal 0.16378867446227349 0.34630745876482494 -0.92371230051447317
  outer loop
   vertex 0.23884829878807068 0.25889050960540771 0.00020444609981495887
   vertex 0.24854159355163574 0.25590479373931885 0.00080384942702949047
   vertex 0.24785949289798737 0.25462859869003296 0.00020444609981495887
  endloop
 endfacet
 facet normal 0.16378714632504809 0.3463020349625674 -0.92371460488588264
  outer loop
   vertex 0.23940210044384003 0.26022741198539734 0.00080384942702949047
   vertex 0.24854159355163574 0.25590479373931885 0.00080384942702949047
   vertex 0.23884829878807068 0.25889050960540771 0.00020444609981495887
  endloop
 endfacet
 facet normal 0.1290565422921581 0.36068876645212089 -0.92371425378568217
  outer loop
   vertex 0.22946280241012573 0.262248694896698 0.00020444609981495887
   vertex 0.23940210044384003 0.26022741198539734 0.00080384942702949047
   vertex 0.23884829878807068 0.25889050960540771 0.00020444609981495887
  endloop
 endfacet
 facet normal 0.12905463062346093 0.36067804556331401 -0.92371870705495085
  outer loop
   vertex 0.22988289594650269 0.26363348960876465 0.00080384942702949047
   vertex 0.23940210044384003 0.26022741198539734 0.00080384942702949047
   vertex 0.22946280241012573 0.262248694896698 0.00020444609981495887
  endloop
 endfacet
 facet normal 0.093079265863140748 0.37159152802924006 -0.92371856458732793
  outer loop
   vertex 0.21979330480098724 0.26467078924179077 0.00020444609981495887
   vertex 0.22988289594650269 0.26363348960876465 0.00080384942702949047
   vertex 0.22946280241012573 0.262248694896698 0.00020444609981495887
  endloop
 endfacet
 facet normal 0.09307894687171768 0.37158746138311893 -0.92372023264195158
  outer loop
   vertex 0.22007569670677185 0.26609009504318237 0.00080384942702949047
   vertex 0.22988289594650269 0.26363348960876465 0.00080384942702949047
   vertex 0.21979330480098724 0.26467078924179077 0.00020444609981495887
  endloop
 endfacet
 facet normal 0.05620683608247299 0.37892342982942656 -0.92371956020423296
  outer loop
   vertex 0.20993299782276154 0.26613339781761169 0.00020444609981495887
   vertex 0.22007569670677185 0.26609009504318237 0.00080384942702949047
   vertex 0.21979330480098724 0.26467078924179077 0.00020444609981495887
  endloop
 endfacet
 facet normal 0.056206670224599332 0.37893176361504816 -0.92371615161035936
  outer loop
   vertex 0.21007490158081055 0.26757350564002991 0.00080384942702949047
   vertex 0.22007569670677185 0.26609009504318237 0.00080384942702949047
   vertex 0.20993299782276154 0.26613339781761169 0.00020444609981495887
  endloop
 endfacet
 facet normal 0.60849984174504257 0.029893778599936187 -0.79299073424427613
  outer loop
   vertex 0.30250391364097595 0.1751444935798645 0.00080384942702949047
   vertex 0.30424261093139648 0.16504639387130737 0.0017573620425537229
   vertex 0.30300000309944153 0.16504639387130737 0.00080384942702949047
  endloop
 endfacet
 facet normal 0.60848373974131564 0.029889825400869766 -0.79300323883823343
  outer loop
   vertex 0.30374059081077576 0.17526629567146301 0.0017573620425537229
   vertex 0.30424261093139648 0.16504639387130737 0.0017573620425537229
   vertex 0.30250391364097595 0.1751444935798645 0.00080384942702949047
  endloop
 endfacet
 facet normal 0.60262332753077341 0.089391929880299259 -0.79300328371830453
  outer loop
   vertex 0.30102041363716125 0.185145303606987 0.00080384942702949047
   vertex 0.30374059081077576 0.17526629567146301 0.0017573620425537229
   vertex 0.30250391364097595 0.1751444935798645 0.00080384942702949047
  endloop
 endfacet
 facet normal 0.60262115807586525 0.089391165078252441 -0.79300501854985483
  outer loop
   vertex 0.30223920941352844 0.18538770079612732 0.0017573620425537229
   vertex 0.30374059081077576 0.17526629567146301 0.0017573620425537229
   vertex 0.30102041363716125 0.185145303606987 0.00080384942702949047
  endloop
 endfacet
 facet normal 0.59095950014312781 0.14802406356696071 -0.79300425332762825
  outer loop
   vertex 0.29856389760971069 0.19495250284671783 0.00080384942702949047
   vertex 0.30223920941352844 0.18538770079612732 0.0017573620425537229
   vertex 0.30102041363716125 0.185145303606987 0.00080384942702949047
  endloop
 endfacet
 facet normal 0.59097354859442219 0.14803062757196855 -0.79299255870554364
  outer loop
   vertex 0.29975301027297974 0.19531320035457611 0.0017573620425537229
   vertex 0.30223920941352844 0.18538770079612732 0.0017573620425537229
   vertex 0.29856389760971069 0.19495250284671783 0.00080384942702949047
  endloop
 endfacet
 facet normal 0.57361712725025826 0.20524840675251838 -0.79299210768500972
  outer loop
   vertex 0.295157790184021 0.20447170734405518 0.00080384942702949047
   vertex 0.29975301027297974 0.19531320035457611 0.0017573620425537229
   vertex 0.29856389760971069 0.19495250284671783 0.00080384942702949047
  endloop
 endfacet
 facet normal 0.57359977186632483 0.20523811445675225 -0.79300732536915253
  outer loop
   vertex 0.29630589485168457 0.20494720339775085 0.0017573620425537229
   vertex 0.29975301027297974 0.19531320035457611 0.0017573620425537229
   vertex 0.295157790184021 0.20447170734405518 0.00080384942702949047
  endloop
 endfacet
 facet normal 0.55072438868520324 0.26046902712741937 -0.79300601108352564
  outer loop
   vertex 0.29083520174026489 0.21361120045185089 0.00080384942702949047
   vertex 0.29630589485168457 0.20494720339775085 0.0017573620425537229
   vertex 0.295157790184021 0.20447170734405518 0.00080384942702949047
  endloop
 endfacet
 facet normal 0.55073515035753762 0.26047693058668203 -0.79299594122088746
  outer loop
   vertex 0.29193109273910522 0.21419699490070343 0.0017573620425537229
   vertex 0.29630589485168457 0.20494720339775085 0.0017573620425537229
   vertex 0.29083520174026489 0.21361120045185089 0.00080384942702949047
  endloop
 endfacet
 facet normal 0.52255142157875867 0.31320347319447517 -0.79299659279528811
  outer loop
   vertex 0.2856374979019165 0.22228309512138367 0.00080384942702949047
   vertex 0.29193109273910522 0.21419699490070343 0.0017573620425537229
   vertex 0.29083520174026489 0.21361120045185089 0.00080384942702949047
  endloop
 endfacet
 facet normal 0.5225573497835696 0.31320879579930588 -0.79299058406838629
  outer loop
   vertex 0.28667071461677551 0.22297340631484985 0.0017573620425537229
   vertex 0.29193109273910522 0.21419699490070343 0.0017573620425537229
   vertex 0.2856374979019165 0.22228309512138367 0.00080384942702949047
  endloop
 endfacet
 facet normal 0.48934151382346103 0.36292256510255005 -0.79298934077851824
  outer loop
   vertex 0.27961480617523193 0.23040370643138885 0.00080384942702949047
   vertex 0.28667071461677551 0.22297340631484985 0.0017573620425537229
   vertex 0.2856374979019165 0.22228309512138367 0.00080384942702949047
  endloop
 endfacet
 facet normal 0.48933550013613991 0.36291599218676435 -0.79299605983990229
  outer loop
   vertex 0.28057539463043213 0.23119199275970459 0.0017573620425537229
   vertex 0.28667071461677551 0.22297340631484985 0.0017573620425537229
   vertex 0.27961480617523193 0.23040370643138885 0.00080384942702949047
  endloop
 endfacet
 facet normal 0.45140634272211488 0.4091345041874086 -0.7929951268662172
  outer loop
   vertex 0.2728252112865448 0.23789480328559875 0.00080384942702949047
   vertex 0.28057539463043213 0.23119199275970459 0.0017573620425537229
   vertex 0.27961480617523193 0.23040370643138885 0.00080384942702949047
  endloop
 endfacet
 facet normal 0.45140043200948649 0.40912661200581496 -0.79300256325581453
  outer loop
   vertex 0.27370390295982361 0.23877349495887756 0.0017573620425537229
   vertex 0.28057539463043213 0.23119199275970459 0.0017573620425537229
   vertex 0.2728252112865448 0.23789480328559875 0.00080384942702949047
  endloop
 endfacet
 facet normal 0.4091249247650266 0.4514020589134074 -0.79300250765350555
  outer loop
   vertex 0.26533401012420654 0.24468439817428589 0.00080384942702949047
   vertex 0.27370390295982361 0.23877349495887756 0.0017573620425537229
   vertex 0.2728252112865448 0.23789480328559875 0.00080384942702949047
  endloop
 endfacet
 facet normal 0.40911676507095146 0.45138858876258375 -0.7930143847830271
  outer loop
   vertex 0.26612240076065063 0.24564500153064728 0.0017573620425537229
   vertex 0.27370390295982361 0.23877349495887756 0.0017573620425537229
   vertex 0.26533401012420654 0.24468439817428589 0.00080384942702949047
  endloop
 endfacet
 facet normal 0.36290411780988485 0.48931574279063106 -0.79301368533833161
  outer loop
   vertex 0.25721341371536255 0.25070708990097046 0.00080384942702949047
   vertex 0.26612240076065063 0.24564500153064728 0.0017573620425537229
   vertex 0.26533401012420654 0.24468439817428589 0.00080384942702949047
  endloop
 endfacet
 facet normal 0.36291079197598408 0.4893296847234298 -0.79300202819150023
  outer loop
   vertex 0.2579038143157959 0.25174030661582947 0.0017573620425537229
   vertex 0.26612240076065063 0.24564500153064728 0.0017573620425537229
   vertex 0.25721341371536255 0.25070708990097046 0.00080384942702949047
  endloop
 endfacet
 facet normal 0.31320216710203297 0.52254475292716618 -0.79300150296886407
  outer loop
   vertex 0.24854159355163574 0.25590479373931885 0.00080384942702949047
   vertex 0.2579038143157959 0.25174030661582947 0.0017573620425537229
   vertex 0.25721341371536255 0.25070708990097046 0.00080384942702949047
  endloop
 endfacet
 facet normal 0.3132008564802215 0.52254114340671476 -0.79300439907182019
  outer loop
   vertex 0.24912740290164948 0.25700071454048157 0.0017573620425537229
   vertex 0.2579038143157959 0.25174030661582947 0.0017573620425537229
   vertex 0.24854159355163574 0.25590479373931885 0.00080384942702949047
  endloop
 endfacet
 facet normal 0.26047171469946939 0.5507262741583091 -0.79300381890204363
  outer loop
   vertex 0.23940210044384003 0.26022741198539734 0.00080384942702949047
   vertex 0.24912740290164948 0.25700071454048157 0.0017573620425537229
   vertex 0.24854159355163574 0.25590479373931885 0.00080384942702949047
  endloop
 endfacet
 facet normal 0.26047309631099125 0.55073168235702641 -0.79299960917163426
  outer loop
   vertex 0.23987759649753571 0.26137548685073853 0.0017573620425537229
   vertex 0.24912740290164948 0.25700071454048157 0.0017573620425537229
   vertex 0.23940210044384003 0.26022741198539734 0.00080384942702949047
  endloop
 endfacet
 facet normal 0.20524303698935487 0.5736071390013503 -0.79300072248017017
  outer loop
   vertex 0.22988289594650269 0.26363348960876465 0.00080384942702949047
   vertex 0.23987759649753571 0.26137548685073853 0.0017573620425537229
   vertex 0.23940210044384003 0.26022741198539734 0.00080384942702949047
  endloop
 endfacet
 facet normal 0.20524474766020095 0.5736183103526824 -0.79299219894399586
  outer loop
   vertex 0.23024359345436096 0.26482260227203369 0.0017573620425537229
   vertex 0.23987759649753571 0.26137548685073853 0.0017573620425537229
   vertex 0.22988289594650269 0.26363348960876465 0.00080384942702949047
  endloop
 endfacet
 facet normal 0.14803281467308366 0.5909729284064662 -0.79299261262047738
  outer loop
   vertex 0.22007569670677185 0.26609009504318237 0.00080384942702949047
   vertex 0.23024359345436096 0.26482260227203369 0.0017573620425537229
   vertex 0.22988289594650269 0.26363348960876465 0.00080384942702949047
  endloop
 endfacet
 facet normal 0.14803345580895041 0.59098483959056847 -0.79298361605733669
  outer loop
   vertex 0.22031809389591217 0.2673088014125824 0.0017573620425537229
   vertex 0.23024359345436096 0.26482260227203369 0.0017573620425537229
   vertex 0.22007569670677185 0.26609009504318237 0.00080384942702949047
  endloop
 endfacet
 facet normal 0.089390484426423736 0.6026490055140018 -0.79298393265374179
  outer loop
   vertex 0.21007490158081055 0.26757350564002991 0.00080384942702949047
   vertex 0.22031809389591217 0.2673088014125824 0.0017573620425537229
   vertex 0.22007569670677185 0.26609009504318237 0.00080384942702949047
  endloop
 endfacet
 facet normal 0.089392032777015781 0.6026141585114464 -0.79301023980622976
  outer loop
   vertex 0.21019670367240906 0.2688102126121521 0.0017573620425537229
   vertex 0.22031809389591217 0.2673088014125824 0.0017573620425537229
   vertex 0.21007490158081055 0.26757350564002991 0.00080384942702949047
  endloop
 endfacet
 facet normal 0.79272914376129677 0.038940293962956826 -0.60832898840804861
  outer loop
   vertex 0.30374059081077576 0.17526629567146301 0.0017573620425537229
   vertex 0.30519619584083557 0.16504639387130737 0.0030000030528753996
   vertex 0.30424261093139648 0.16504639387130737 0.0017573620425537229
  endloop
 endfacet
 facet normal 0.79275665863167899 0.038948637681236929 -0.60829259720788276
  outer loop
   vertex 0.30468949675559998 0.17535969614982605 0.0030000030528753996
   vertex 0.30519619584083557 0.16504639387130737 0.0030000030528753996
   vertex 0.30374059081077576 0.17526629567146301 0.0017573620425537229
  endloop
 endfacet
 facet normal 0.78512379772766694 0.11646310467031902 -0.60829020006263113
  outer loop
   vertex 0.30223920941352844 0.18538770079612732 0.0017573620425537229
   vertex 0.30468949675559998 0.17535969614982605 0.0030000030528753996
   vertex 0.30374059081077576 0.17526629567146301 0.0017573620425537229
  endloop
 endfacet
 facet normal 0.78511617951990476 0.11645994991445888 -0.60830063679235991
  outer loop
   vertex 0.30317440629005432 0.18557369709014893 0.0030000030528753996
   vertex 0.30468949675559998 0.17535969614982605 0.0030000030528753996
   vertex 0.30223920941352844 0.18538770079612732 0.0017573620425537229
  endloop
 endfacet
 facet normal 0.76992119317442964 0.19285451553228006 -0.60829967297350418
  outer loop
   vertex 0.29975301027297974 0.19531320035457611 0.0017573620425537229
   vertex 0.30317440629005432 0.18557369709014893 0.0030000030528753996
   vertex 0.30223920941352844 0.18538770079612732 0.0017573620425537229
  endloop
 endfacet
 facet normal 0.76993546709877747 0.19286214350589609 -0.60827918763155009
  outer loop
   vertex 0.30066540837287903 0.19559000432491302 0.0030000030528753996
   vertex 0.30317440629005432 0.18557369709014893 0.0030000030528753996
   vertex 0.29975301027297974 0.19531320035457611 0.0017573620425537229
  endloop
 endfacet
 facet normal 0.74732419811913542 0.26739796079559841 -0.60828025898260651
  outer loop
   vertex 0.29630589485168457 0.20494720339775085 0.0017573620425537229
   vertex 0.30066540837287903 0.19559000432491302 0.0030000030528753996
   vertex 0.29975301027297974 0.19531320035457611 0.0017573620425537229
  endloop
 endfacet
 facet normal 0.7473191917158083 0.2673946162465588 -0.60828787995125022
  outer loop
   vertex 0.29718679189682007 0.2053121030330658 0.0030000030528753996
   vertex 0.30066540837287903 0.19559000432491302 0.0030000030528753996
   vertex 0.29630589485168457 0.20494720339775085 0.0017573620425537229
  endloop
 endfacet
 facet normal 0.71751136231207002 0.33935578144010647 -0.6082886638399998
  outer loop
   vertex 0.29193109273910522 0.21419699490070343 0.0017573620425537229
   vertex 0.29718679189682007 0.2053121030330658 0.0030000030528753996
   vertex 0.29630589485168457 0.20494720339775085 0.0017573620425537229
  endloop
 endfacet
 facet normal 0.71750648622859514 0.3393517804925415 -0.60829664744796741
  outer loop
   vertex 0.29277199506759644 0.21464650332927704 0.0030000030528753996
   vertex 0.29718679189682007 0.2053121030330658 0.0030000030528753996
   vertex 0.29193109273910522 0.21419699490070343 0.0017573620425537229
  endloop
 endfacet
 facet normal 0.68078669546702464 0.4080478079042032 -0.60829800405694523
  outer loop
   vertex 0.28667071461677551 0.22297340631484985 0.0017573620425537229
   vertex 0.29277199506759644 0.21464650332927704 0.0030000030528753996
   vertex 0.29193109273910522 0.21419699490070343 0.0017573620425537229
  endloop
 endfacet
 facet normal 0.68078828967552629 0.40804940183074467 -0.60829515065159223
  outer loop
   vertex 0.2874634861946106 0.22350320219993591 0.0030000030528753996
   vertex 0.29277199506759644 0.21464650332927704 0.0030000030528753996
   vertex 0.28667071461677551 0.22297340631484985 0.0017573620425537229
  endloop
 endfacet
 facet normal 0.63751288315894883 0.47281184475499155 -0.60829785735751696
  outer loop
   vertex 0.28057539463043213 0.23119199275970459 0.0017573620425537229
   vertex 0.2874634861946106 0.22350320219993591 0.0030000030528753996
   vertex 0.28667071461677551 0.22297340631484985 0.0017573620425537229
  endloop
 endfacet
 facet normal 0.6375064885603835 0.47280405437283429 -0.60831061408791776
  outer loop
   vertex 0.281312495470047 0.23179690539836884 0.0030000030528753996
   vertex 0.2874634861946106 0.22350320219993591 0.0030000030528753996
   vertex 0.28057539463043213 0.23119199275970459 0.0017573620425537229
  endloop
 endfacet
 facet normal 0.58809165490177884 0.5330166505330266 -0.60831032844218647
  outer loop
   vertex 0.27370390295982361 0.23877349495887756 0.0017573620425537229
   vertex 0.281312495470047 0.23179690539836884 0.0030000030528753996
   vertex 0.28057539463043213 0.23119199275970459 0.0017573620425537229
  endloop
 endfacet
 facet normal 0.58810616584318764 0.53303836376254443 -0.60827727267634679
  outer loop
   vertex 0.27437809109687805 0.2394476979970932 0.0030000030528753996
   vertex 0.281312495470047 0.23179690539836884 0.0030000030528753996
   vertex 0.27370390295982361 0.23877349495887756 0.0017573620425537229
  endloop
 endfacet
 facet normal 0.53303415104700425 0.58810968834689992 -0.60827755859485055
  outer loop
   vertex 0.26612240076065063 0.24564500153064728 0.0017573620425537229
   vertex 0.27437809109687805 0.2394476979970932 0.0030000030528753996
   vertex 0.27370390295982361 0.23877349495887756 0.0017573620425537229
  endloop
 endfacet
 facet normal 0.53302350048700498 0.58808976705356264 -0.60830615138716648
  outer loop
   vertex 0.26672729849815369 0.24638210237026215 0.0030000030528753996
   vertex 0.27437809109687805 0.2394476979970932 0.0030000030528753996
   vertex 0.26612240076065063 0.24564500153064728 0.0017573620425537229
  endloop
 endfacet
 facet normal 0.47280688916810498 0.63750775983262797 -0.60830707846314225
  outer loop
   vertex 0.2579038143157959 0.25174030661582947 0.0017573620425537229
   vertex 0.26672729849815369 0.24638210237026215 0.0030000030528753996
   vertex 0.26612240076065063 0.24564500153064728 0.0017573620425537229
  endloop
 endfacet
 facet normal 0.47280675889240198 0.63750744540000792 -0.60830750924611976
  outer loop
   vertex 0.25843361020088196 0.25253310799598694 0.0030000030528753996
   vertex 0.26672729849815369 0.24638210237026215 0.0030000030528753996
   vertex 0.2579038143157959 0.25174030661582947 0.0017573620425537229
  endloop
 endfacet
 facet normal 0.40804656680276541 0.68078076789603637 -0.608305470453258
  outer loop
   vertex 0.24912740290164948 0.25700071454048157 0.0017573620425537229
   vertex 0.25843361020088196 0.25253310799598694 0.0030000030528753996
   vertex 0.2579038143157959 0.25174030661582947 0.0017573620425537229
  endloop
 endfacet
 facet normal 0.40805133562577511 0.6807964834633321 -0.60828468302101923
  outer loop
   vertex 0.24957689642906189 0.25784158706665039 0.0030000030528753996
   vertex 0.25843361020088196 0.25253310799598694 0.0030000030528753996
   vertex 0.24912740290164948 0.25700071454048157 0.0017573620425537229
  endloop
 endfacet
 facet normal 0.33935522989703776 0.71751623996786906 -0.60828321801928742
  outer loop
   vertex 0.23987759649753571 0.26137548685073853 0.0017573620425537229
   vertex 0.24957689642906189 0.25784158706665039 0.0030000030528753996
   vertex 0.24912740290164948 0.25700071454048157 0.0017573620425537229
  endloop
 endfacet
 facet normal 0.33935272053030408 0.71750363024535946 -0.60829949174186548
  outer loop
   vertex 0.24024249613285065 0.26225641369819641 0.0030000030528753996
   vertex 0.24957689642906189 0.25784158706665039 0.0030000030528753996
   vertex 0.23987759649753571 0.26137548685073853 0.0017573620425537229
  endloop
 endfacet
 facet normal 0.2673930689905698 0.74731052649553931 -0.60829920569138018
  outer loop
   vertex 0.23024359345436096 0.26482260227203369 0.0017573620425537229
   vertex 0.24024249613285065 0.26225641369819641 0.0030000030528753996
   vertex 0.23987759649753571 0.26137548685073853 0.0017573620425537229
  endloop
 endfacet
 facet normal 0.26739191724141259 0.74729884383409728 -0.60831406411341749
  outer loop
   vertex 0.23052039742469788 0.26573508977890015 0.0030000030528753996
   vertex 0.24024249613285065 0.26225641369819641 0.0030000030528753996
   vertex 0.23024359345436096 0.26482260227203369 0.0017573620425537229
  endloop
 endfacet
 facet normal 0.19285184898595706 0.76991054768593281 -0.60831399203424907
  outer loop
   vertex 0.22031809389591217 0.2673088014125824 0.0017573620425537229
   vertex 0.23052039742469788 0.26573508977890015 0.0030000030528753996
   vertex 0.23024359345436096 0.26482260227203369 0.0017573620425537229
  endloop
 endfacet
 facet normal 0.19285184988369944 0.76992066376744583 -0.6083011881464071
  outer loop
   vertex 0.22050410509109497 0.26824399828910828 0.0030000030528753996
   vertex 0.23052039742469788 0.26573508977890015 0.0030000030528753996
   vertex 0.22031809389591217 0.2673088014125824 0.0017573620425537229
  endloop
 endfacet
 facet normal 0.11646424994526448 0.78511477809773644 -0.60830162230363072
  outer loop
   vertex 0.21019670367240906 0.2688102126121521 0.0017573620425537229
   vertex 0.22050410509109497 0.26824399828910828 0.0030000030528753996
   vertex 0.22031809389591217 0.2673088014125824 0.0017573620425537229
  endloop
 endfacet
 facet normal 0.11646245213838291 0.78513304829315245 -0.60827838505064191
  outer loop
   vertex 0.21029010415077209 0.26975908875465393 0.0030000030528753996
   vertex 0.22050410509109497 0.26824399828910828 0.0030000030528753996
   vertex 0.21019670367240906 0.2688102126121521 0.0017573620425537229
  endloop
 endfacet
 facet normal 0.92292658797091542 0.045343968908825721 -0.38229626953445373
  outer loop
   vertex 0.30468949675559998 0.17535969614982605 0.0030000030528753996
   vertex 0.30579560995101929 0.16504639387130737 0.004447088111191988
   vertex 0.30519619584083557 0.16504639387130737 0.0030000030528753996
  endloop
 endfacet
 facet normal 0.9229335732016104 0.045347137033438317 -0.38227902979391637
  outer loop
   vertex 0.3052859902381897 0.17541849613189697 0.004447088111191988
   vertex 0.30579560995101929 0.16504639387130737 0.004447088111191988
   vertex 0.30468949675559998 0.17535969614982605 0.0030000030528753996
  endloop
 endfacet
 facet normal 0.91404463570465089 0.13558451000059243 -0.38228162993721165
  outer loop
   vertex 0.30317440629005432 0.18557369709014893 0.0030000030528753996
   vertex 0.3052859902381897 0.17541849613189697 0.004447088111191988
   vertex 0.30468949675559998 0.17535969614982605 0.0030000030528753996
  endloop
 endfacet
 facet normal 0.91404032850863204 0.13558202112017834 -0.38229281108699847
  outer loop
   vertex 0.303762286901474 0.18569070100784302 0.004447088111191988
   vertex 0.3052859902381897 0.17541849613189697 0.004447088111191988
   vertex 0.30317440629005432 0.18557369709014893 0.0030000030528753996
  endloop
 endfacet
 facet normal 0.89634654971069538 0.22452702114467049 -0.38229632433183636
  outer loop
   vertex 0.30066540837287903 0.19559000432491302 0.0030000030528753996
   vertex 0.303762286901474 0.18569070100784302 0.004447088111191988
   vertex 0.30317440629005432 0.18557369709014893 0.0030000030528753996
  endloop
 endfacet
 facet normal 0.89634618243742137 0.22452675775561579 -0.3822973401445684
  outer loop
   vertex 0.301239013671875 0.19576400518417358 0.004447088111191988
   vertex 0.303762286901474 0.18569070100784302 0.004447088111191988
   vertex 0.30066540837287903 0.19559000432491302 0.0030000030528753996
  endloop
 endfacet
 facet normal 0.87002397913238749 0.31129901467039728 -0.38229726548837173
  outer loop
   vertex 0.29718679189682007 0.2053121030330658 0.0030000030528753996
   vertex 0.301239013671875 0.19576400518417358 0.004447088111191988
   vertex 0.30066540837287903 0.19559000432491302 0.0030000030528753996
  endloop
 endfacet
 facet normal 0.8700180628284504 0.31129382248834747 -0.38231495711366487
  outer loop
   vertex 0.29774060845375061 0.20554150640964508 0.004447088111191988
   vertex 0.301239013671875 0.19576400518417358 0.004447088111191988
   vertex 0.29718679189682007 0.2053121030330658 0.0030000030528753996
  endloop
 endfacet
 facet normal 0.83531654301496105 0.3950712106269243 -0.38231532992977274
  outer loop
   vertex 0.29277199506759644 0.21464650332927704 0.0030000030528753996
   vertex 0.29774060845375061 0.20554150640964508 0.004447088111191988
   vertex 0.29718679189682007 0.2053121030330658 0.0030000030528753996
  endloop
 endfacet
 facet normal 0.83533178154152921 0.39508749262717818 -0.3822652062589848
  outer loop
   vertex 0.29330059885978699 0.21492899954319 0.004447088111191988
   vertex 0.29774060845375061 0.20554150640964508 0.004447088111191988
   vertex 0.29277199506759644 0.21464650332927704 0.0030000030528753996
  endloop
 endfacet
 facet normal 0.79258693228999866 0.47505902866505395 -0.3822628337243168
  outer loop
   vertex 0.2874634861946106 0.22350320219993591 0.0030000030528753996
   vertex 0.29330059885978699 0.21492899954319 0.004447088111191988
   vertex 0.29277199506759644 0.21464650332927704 0.0030000030528753996
  endloop
 endfacet
 facet normal 0.79257697824822126 0.47504604636187453 -0.3822996042201332
  outer loop
   vertex 0.28796190023422241 0.22383619844913483 0.004447088111191988
   vertex 0.29330059885978699 0.21492899954319 0.004447088111191988
   vertex 0.2874634861946106 0.22350320219993591 0.0030000030528753996
  endloop
 endfacet
 facet normal 0.74219672967734873 0.55044713933209011 -0.38229826216890789
  outer loop
   vertex 0.281312495470047 0.23179690539836884 0.0030000030528753996
   vertex 0.28796190023422241 0.22383619844913483 0.004447088111191988
   vertex 0.2874634861946106 0.22350320219993591 0.0030000030528753996
  endloop
 endfacet
 facet normal 0.74220774187935534 0.55046486343725987 -0.38225135972988639
  outer loop
   vertex 0.28177580237388611 0.23217709362506866 0.004447088111191988
   vertex 0.28796190023422241 0.22383619844913483 0.004447088111191988
   vertex 0.281312495470047 0.23179690539836884 0.0030000030528753996
  endloop
 endfacet
 facet normal 0.68467685653150623 0.62056657880534627 -0.38224955644181363
  outer loop
   vertex 0.27437809109687805 0.2394476979970932 0.0030000030528753996
   vertex 0.28177580237388611 0.23217709362506866 0.004447088111191988
   vertex 0.281312495470047 0.23179690539836884 0.0030000030528753996
  endloop
 endfacet
 facet normal 0.6846588293886553 0.62052998971514273 -0.38234123398383446
  outer loop
   vertex 0.27480199933052063 0.23987160623073578 0.004447088111191988
   vertex 0.28177580237388611 0.23217709362506866 0.004447088111191988
   vertex 0.27437809109687805 0.2394476979970932 0.0030000030528753996
  endloop
 endfacet
 facet normal 0.62054103463413335 0.68464867341071622 -0.38234149438969572
  outer loop
   vertex 0.26672729849815369 0.24638210237026215 0.0030000030528753996
   vertex 0.27480199933052063 0.23987160623073578 0.004447088111191988
   vertex 0.27437809109687805 0.2394476979970932 0.0030000030528753996
  endloop
 endfacet
 facet normal 0.62055632836234309 0.68468935300941047 -0.38224381382175776
  outer loop
   vertex 0.26710748672485352 0.24684539437294006 0.004447088111191988
   vertex 0.27480199933052063 0.23987160623073578 0.004447088111191988
   vertex 0.26672729849815369 0.24638210237026215 0.0030000030528753996
  endloop
 endfacet
 facet normal 0.55046182916674613 0.74221340516447365 -0.38224473289315158
  outer loop
   vertex 0.25843361020088196 0.25253310799598694 0.0030000030528753996
   vertex 0.26710748672485352 0.24684539437294006 0.004447088111191988
   vertex 0.26672729849815369 0.24638210237026215 0.0030000030528753996
  endloop
 endfacet
 facet normal 0.55045774699057504 0.7421981465678742 -0.38228023753428864
  outer loop
   vertex 0.25876659154891968 0.25303149223327637 0.004447088111191988
   vertex 0.26710748672485352 0.24684539437294006 0.004447088111191988
   vertex 0.25843361020088196 0.25253310799598694 0.0030000030528753996
  endloop
 endfacet
 facet normal 0.47505249949710593 0.79258182214283912 -0.3822815427538836
  outer loop
   vertex 0.24957689642906189 0.25784158706665039 0.0030000030528753996
   vertex 0.25876659154891968 0.25303149223327637 0.004447088111191988
   vertex 0.25843361020088196 0.25253310799598694 0.0030000030528753996
  endloop
 endfacet
 facet normal 0.47505384462118988 0.79258998903075717 -0.38226293830143993
  outer loop
   vertex 0.24985939264297485 0.25837019085884094 0.004447088111191988
   vertex 0.25876659154891968 0.25303149223327637 0.004447088111191988
   vertex 0.24957689642906189 0.25784158706665039 0.0030000030528753996
  endloop
 endfacet
 facet normal 0.39508227395579043 0.83533429573185691 -0.38226510588868085
  outer loop
   vertex 0.24024249613285065 0.26225641369819641 0.0030000030528753996
   vertex 0.24985939264297485 0.25837019085884094 0.004447088111191988
   vertex 0.24957689642906189 0.25784158706665039 0.0030000030528753996
  endloop
 endfacet
 facet normal 0.39508124993518429 0.83531858264477299 -0.3823004988722617
  outer loop
   vertex 0.24047189950942993 0.26281020045280457 0.004447088111191988
   vertex 0.24985939264297485 0.25837019085884094 0.004447088111191988
   vertex 0.24024249613285065 0.26225641369819641 0.0030000030528753996
  endloop
 endfacet
 facet normal 0.31130339060688134 0.87002130162417246 -0.38229979560135813
  outer loop
   vertex 0.23052039742469788 0.26573508977890015 0.0030000030528753996
   vertex 0.24047189950942993 0.26281020045280457 0.004447088111191988
   vertex 0.24024249613285065 0.26225641369819641 0.0030000030528753996
  endloop
 endfacet
 facet normal 0.31130335219905275 0.87002246217256096 -0.38229718574013499
  outer loop
   vertex 0.23069439828395844 0.26630869507789612 0.004447088111191988
   vertex 0.24047189950942993 0.26281020045280457 0.004447088111191988
   vertex 0.23052039742469788 0.26573508977890015 0.0030000030528753996
  endloop
 endfacet
 facet normal 0.2245197174561617 0.89634799975718771 -0.38229721396407507
  outer loop
   vertex 0.22050410509109497 0.26824399828910828 0.0030000030528753996
   vertex 0.23069439828395844 0.26630869507789612 0.004447088111191988
   vertex 0.23052039742469788 0.26573508977890015 0.0030000030528753996
  endloop
 endfacet
 facet normal 0.22451978614013479 0.8963474795236348 -0.38229839338298971
  outer loop
   vertex 0.22062100470066071 0.26883190870285034 0.004447088111191988
   vertex 0.23069439828395844 0.26630869507789612 0.004447088111191988
   vertex 0.22050410509109497 0.26824399828910828 0.0030000030528753996
  endloop
 endfacet
 facet normal 0.13558336017579045 0.91403688414665774 -0.3823005713609533
  outer loop
   vertex 0.21029010415077209 0.26975908875465393 0.0030000030528753996
   vertex 0.22062100470066071 0.26883190870285034 0.004447088111191988
   vertex 0.22050410509109497 0.26824399828910828 0.0030000030528753996
  endloop
 endfacet
 facet normal 0.13558307077708506 0.91403812327256451 -0.3822977113756032
  outer loop
   vertex 0.21034890413284302 0.27035561203956604 0.004447088111191988
   vertex 0.22062100470066071 0.26883190870285034 0.004447088111191988
   vertex 0.21029010415077209 0.26975908875465393 0.0030000030528753996
  endloop
 endfacet
 facet normal 0.99027559899948492 0.04865589961466308 -0.13033357763408204
  outer loop
   vertex 0.3052859902381897 0.17541849613189697 0.004447088111191988
   vertex 0.3059999942779541 0.16504639387130737 0.0060000019147992134
   vertex 0.30579560995101929 0.16504639387130737 0.004447088111191988
  endloop
 endfacet
 facet normal 0.99026642339074011 0.04864417815337492 -0.13040764792255916
  outer loop
   vertex 0.30548951029777527 0.17543849349021912 0.0060000019147992134
   vertex 0.3059999942779541 0.16504639387130737 0.0060000019147992134
   vertex 0.3052859902381897 0.17541849613189697 0.004447088111191988
  endloop
 endfacet
 facet normal 0.98073024729627734 0.14547431328230051 -0.13040477833739705
  outer loop
   vertex 0.303762286901474 0.18569070100784302 0.004447088111191988
   vertex 0.30548951029777527 0.17543849349021912 0.0060000019147992134
   vertex 0.3052859902381897 0.17541849613189697 0.004447088111191988
  endloop
 endfacet
 facet normal 0.9807350942703047 0.14548194157764877 -0.13035980799853303
  outer loop
   vertex 0.30396279692649841 0.18573050200939178 0.0060000019147992134
   vertex 0.30548951029777527 0.17543849349021912 0.0060000019147992134
   vertex 0.303762286901474 0.18569070100784302 0.004447088111191988
  endloop
 endfacet
 facet normal 0.96175343829971816 0.24091069443119678 -0.13035475145674177
  outer loop
   vertex 0.301239013671875 0.19576400518417358 0.004447088111191988
   vertex 0.30396279692649841 0.18573050200939178 0.0060000019147992134
   vertex 0.303762286901474 0.18569070100784302 0.004447088111191988
  endloop
 endfacet
 facet normal 0.96175044667802356 0.24090477307859276 -0.13038776254915183
  outer loop
   vertex 0.30143469572067261 0.1958232969045639 0.0060000019147992134
   vertex 0.30396279692649841 0.18573050200939178 0.0060000019147992134
   vertex 0.301239013671875 0.19576400518417358 0.004447088111191988
  endloop
 endfacet
 facet normal 0.93350789743227336 0.33401058452742949 -0.13038379828499039
  outer loop
   vertex 0.29774060845375061 0.20554150640964508 0.004447088111191988
   vertex 0.30143469572067261 0.1958232969045639 0.0060000019147992134
   vertex 0.301239013671875 0.19576400518417358 0.004447088111191988
  endloop
 endfacet
 facet normal 0.9335077715888489 0.33401025978480653 -0.1303855311823649
  outer loop
   vertex 0.29792949557304382 0.20561979711055756 0.0060000019147992134
   vertex 0.30143469572067261 0.1958232969045639 0.0060000019147992134
   vertex 0.29774060845375061 0.20554150640964508 0.004447088111191988
  endloop
 endfacet
 facet normal 0.89626985888041832 0.42390942028915812 -0.13038843297081626
  outer loop
   vertex 0.29330059885978699 0.21492899954319 0.004447088111191988
   vertex 0.29792949557304382 0.20561979711055756 0.0060000019147992134
   vertex 0.29774060845375061 0.20554150640964508 0.004447088111191988
  endloop
 endfacet
 facet normal 0.8962704691221951 0.42391161242609721 -0.13037711083540177
  outer loop
   vertex 0.29348090291023254 0.215025395154953 0.0060000019147992134
   vertex 0.29792949557304382 0.20561979711055756 0.0060000019147992134
   vertex 0.29330059885978699 0.21492899954319 0.004447088111191988
  endloop
 endfacet
 facet normal 0.8504103056850193 0.50970954820560133 -0.13037825145611479
  outer loop
   vertex 0.28796190023422241 0.22383619844913483 0.004447088111191988
   vertex 0.29348090291023254 0.215025395154953 0.0060000019147992134
   vertex 0.29330059885978699 0.21492899954319 0.004447088111191988
  endloop
 endfacet
 facet normal 0.85041023036666741 0.50970911803301866 -0.13038042445748457
  outer loop
   vertex 0.28813189268112183 0.22394980490207672 0.0060000019147992134
   vertex 0.29348090291023254 0.215025395154953 0.0060000019147992134
   vertex 0.28796190023422241 0.22383619844913483 0.004447088111191988
  endloop
 endfacet
 facet normal 0.79634814563021639 0.59061856741465668 -0.13038151240254175
  outer loop
   vertex 0.28177580237388611 0.23217709362506866 0.004447088111191988
   vertex 0.28813189268112183 0.22394980490207672 0.0060000019147992134
   vertex 0.28796190023422241 0.22383619844913483 0.004447088111191988
  endloop
 endfacet
 facet normal 0.79634848609052966 0.59062309192018125 -0.13035893522105191
  outer loop
   vertex 0.28193381428718567 0.23230679333209991 0.0060000019147992134
   vertex 0.28813189268112183 0.22394980490207672 0.0060000019147992134
   vertex 0.28177580237388611 0.23217709362506866 0.004447088111191988
  endloop
 endfacet
 facet normal 0.7346329793980545 0.66582329122568529 -0.13036000323003077
  outer loop
   vertex 0.27480199933052063 0.23987160623073578 0.004447088111191988
   vertex 0.28193381428718567 0.23230679333209991 0.0060000019147992134
   vertex 0.28177580237388611 0.23217709362506866 0.004447088111191988
  endloop
 endfacet
 facet normal 0.73463278570110024 0.66583164923487548 -0.13031839874019049
  outer loop
   vertex 0.27494651079177856 0.24001610279083252 0.0060000019147992134
   vertex 0.28193381428718567 0.23230679333209991 0.0060000019147992134
   vertex 0.27480199933052063 0.23987160623073578 0.004447088111191988
  endloop
 endfacet
 facet normal 0.66582624452977801 0.73463780763764652 -0.13031770288308778
  outer loop
   vertex 0.26710748672485352 0.24684539437294006 0.004447088111191988
   vertex 0.27494651079177856 0.24001610279083252 0.0060000019147992134
   vertex 0.27480199933052063 0.23987160623073578 0.004447088111191988
  endloop
 endfacet
 facet normal 0.66582828189242371 0.73462109041489709 -0.13040150516696783
  outer loop
   vertex 0.26723718643188477 0.24700349569320679 0.0060000019147992134
   vertex 0.27494651079177856 0.24001610279083252 0.0060000019147992134
   vertex 0.26710748672485352 0.24684539437294006 0.004447088111191988
  endloop
 endfacet
 facet normal 0.59061680699518737 0.79634577200558387 -0.13040398269853593
  outer loop
   vertex 0.25876659154891968 0.25303149223327637 0.004447088111191988
   vertex 0.26723718643188477 0.24700349569320679 0.0060000019147992134
   vertex 0.26710748672485352 0.24684539437294006 0.004447088111191988
  endloop
 endfacet
 facet normal 0.59061502118776799 0.79635378200042473 -0.1303631490912697
  outer loop
   vertex 0.25888010859489441 0.25320151448249817 0.0060000019147992134
   vertex 0.26723718643188477 0.24700349569320679 0.0060000019147992134
   vertex 0.25876659154891968 0.25303149223327637 0.004447088111191988
  endloop
 endfacet
 facet normal 0.50971026673718267 0.8504115044984687 -0.1303676225117312
  outer loop
   vertex 0.24985939264297485 0.25837019085884094 0.004447088111191988
   vertex 0.25888010859489441 0.25320151448249817 0.0060000019147992134
   vertex 0.25876659154891968 0.25303149223327637 0.004447088111191988
  endloop
 endfacet
 facet normal 0.50971123454517286 0.85040856010380983 -0.13038304445210927
  outer loop
   vertex 0.24995580315589905 0.2585504949092865 0.0060000019147992134
   vertex 0.25888010859489441 0.25320151448249817 0.0060000019147992134
   vertex 0.24985939264297485 0.25837019085884094 0.004447088111191988
  endloop
 endfacet
 facet normal 0.42390983269064281 0.89627073081909869 -0.13038109841993994
  outer loop
   vertex 0.24047189950942993 0.26281020045280457 0.004447088111191988
   vertex 0.24995580315589905 0.2585504949092865 0.0060000019147992134
   vertex 0.24985939264297485 0.25837019085884094 0.004447088111191988
  endloop
 endfacet
 facet normal 0.42390848205040788 0.89627379018258768 -0.13036445787659282
  outer loop
   vertex 0.24055010080337524 0.26299908757209778 0.0060000019147992134
   vertex 0.24995580315589905 0.2585504949092865 0.0060000019147992134
   vertex 0.24047189950942993 0.26281020045280457 0.004447088111191988
  endloop
 endfacet
 facet normal 0.33401891018374152 0.93350730918065117 -0.13036668035186597
  outer loop
   vertex 0.23069439828395844 0.26630869507789612 0.004447088111191988
   vertex 0.24055010080337524 0.26299908757209778 0.0060000019147992134
   vertex 0.24047189950942993 0.26281020045280457 0.004447088111191988
  endloop
 endfacet
 facet normal 0.33401569083453003 0.93351301086974836 -0.13033409689420802
  outer loop
   vertex 0.23075370490550995 0.26650428771972656 0.0060000019147992134
   vertex 0.24055010080337524 0.26299908757209778 0.0060000019147992134
   vertex 0.23069439828395844 0.26630869507789612 0.004447088111191988
  endloop
 endfacet
 facet normal 0.24090393984228692 0.96175772744666477 -0.13033558786874255
  outer loop
   vertex 0.22062100470066071 0.26883190870285034 0.004447088111191988
   vertex 0.23075370490550995 0.26650428771972656 0.0060000019147992134
   vertex 0.23069439828395844 0.26630869507789612 0.004447088111191988
  endloop
 endfacet
 facet normal 0.24090563607205875 0.96175531190641539 -0.13035027628858509
  outer loop
   vertex 0.22066089510917664 0.26903238892555237 0.0060000019147992134
   vertex 0.23075370490550995 0.26650428771972656 0.0060000019147992134
   vertex 0.22062100470066071 0.26883190870285034 0.004447088111191988
  endloop
 endfacet
 facet normal 0.14547682517027419 0.98073722254682794 -0.13034950575092938
  outer loop
   vertex 0.21034890413284302 0.27035561203956604 0.004447088111191988
   vertex 0.22066089510917664 0.26903238892555237 0.0060000019147992134
   vertex 0.22062100470066071 0.26883190870285034 0.004447088111191988
  endloop
 endfacet
 facet normal 0.14548163782955184 0.98073162667551128 -0.13038623199109806
  outer loop
   vertex 0.21036890149116516 0.27055910229682922 0.0060000019147992134
   vertex 0.22066089510917664 0.26903238892555237 0.0060000019147992134
   vertex 0.21034890413284302 0.27035561203956604 0.004447088111191988
  endloop
 endfacet
 facet normal 0.99027614703619882 0.048644655801339969 0.13033361068086019
  outer loop
   vertex 0.30548951029777527 0.17543849349021912 0.0060000019147992134
   vertex 0.30579560995101929 0.16504639387130737 0.0075529161840677261
   vertex 0.3059999942779541 0.16504639387130737 0.0060000019147992134
  endloop
 endfacet
 facet normal 0.99026586672156436 0.048655421431884463 0.13040768064602176
  outer loop
   vertex 0.3052859902381897 0.17541849613189697 0.0075529161840677261
   vertex 0.30579560995101929 0.16504639387130737 0.0075529161840677261
   vertex 0.30548951029777527 0.17543849349021912 0.0060000019147992134
  endloop
 endfacet
 facet normal 0.98072925513977205 0.14548107540282543 0.13040469628286036
  outer loop
   vertex 0.30396279692649841 0.18573050200939178 0.0060000019147992134
   vertex 0.3052859902381897 0.17541849613189697 0.0075529161840677261
   vertex 0.30548951029777527 0.17543849349021912 0.0060000019147992134
  endloop
 endfacet
 facet normal 0.98073610770424091 0.1454751825721245 0.13035972652910233
  outer loop
   vertex 0.303762286901474 0.18569070100784302 0.0075529161840677261
   vertex 0.3052859902381897 0.17541849613189697 0.0075529161840677261
   vertex 0.30396279692649841 0.18573050200939178 0.0060000019147992134
  endloop
 endfacet
 facet normal 0.96175465814217587 0.24090582799031068 0.13035474514619322
  outer loop
   vertex 0.30143469572067261 0.1958232969045639 0.0060000019147992134
   vertex 0.303762286901474 0.18569070100784302 0.0075529161840677261
   vertex 0.30396279692649841 0.18573050200939178 0.0060000019147992134
  endloop
 endfacet
 facet normal 0.96174922851049072 0.24090963991638478 0.1303877557703704
  outer loop
   vertex 0.301239013671875 0.19576400518417358 0.0075529161840677261
   vertex 0.303762286901474 0.18569070100784302 0.0075529161840677261
   vertex 0.30143469572067261 0.1958232969045639 0.0060000019147992134
  endloop
 endfacet
 facet normal 0.93350799070660628 0.33401033818541687 0.13038376153562331
  outer loop
   vertex 0.29792949557304382 0.20561979711055756 0.0060000019147992134
   vertex 0.301239013671875 0.19576400518417358 0.0075529161840677261
   vertex 0.30143469572067261 0.1958232969045639 0.0060000019147992134
  endloop
 endfacet
 facet normal 0.93350768741554446 0.33401050938311566 0.13038549442983977
  outer loop
   vertex 0.29774060845375061 0.20554150640964508 0.0075529161840677261
   vertex 0.301239013671875 0.19576400518417358 0.0075529161840677261
   vertex 0.29792949557304382 0.20561979711055756 0.0060000019147992134
  endloop
 endfacet
 facet normal 0.89626912901997446 0.42391097859410931 0.13038838365882466
  outer loop
   vertex 0.29348090291023254 0.215025395154953 0.0060000019147992134
   vertex 0.29774060845375061 0.20554150640964508 0.0075529161840677261
   vertex 0.29792949557304382 0.20561979711055756 0.0060000019147992134
  endloop
 endfacet
 facet normal 0.89627121071580551 0.42391005966774437 0.13037706145834704
  outer loop
   vertex 0.29330059885978699 0.21492899954319 0.0075529161840677261
   vertex 0.29774060845375061 0.20554150640964508 0.0075529161840677261
   vertex 0.29348090291023254 0.215025395154953 0.0060000019147992134
  endloop
 endfacet
 facet normal 0.85041047956527394 0.50970926739481781 0.13037821511816711
  outer loop
   vertex 0.28813189268112183 0.22394980490207672 0.0060000019147992134
   vertex 0.29330059885978699 0.21492899954319 0.0075529161840677261
   vertex 0.29348090291023254 0.215025395154953 0.0060000019147992134
  endloop
 endfacet
 facet normal 0.85041006468296665 0.50970940375644946 0.13038038812703825
  outer loop
   vertex 0.28796190023422241 0.22383619844913483 0.0075529161840677261
   vertex 0.29330059885978699 0.21492899954319 0.0075529161840677261
   vertex 0.28813189268112183 0.22394980490207672 0.0060000019147992134
  endloop
 endfacet
 facet normal 0.79634610795762906 0.59062132814435797 0.13038145221514769
  outer loop
   vertex 0.28193381428718567 0.23230679333209991 0.0060000019147992134
   vertex 0.28796190023422241 0.22383619844913483 0.0075529161840677261
   vertex 0.28813189268112183 0.22394980490207672 0.0060000019147992134
  endloop
 endfacet
 facet normal 0.79635053648897902 0.59062034061596957 0.13035887497363219
  outer loop
   vertex 0.28177580237388611 0.23217709362506866 0.0075529161840677261
   vertex 0.28796190023422241 0.22383619844913483 0.0075529161840677261
   vertex 0.28193381428718567 0.23230679333209991 0.0060000019147992134
  endloop
 endfacet
 facet normal 0.73462874082394503 0.66582798317575098 0.13035992472971358
  outer loop
   vertex 0.27494651079177856 0.24001610279083252 0.0060000019147992134
   vertex 0.28177580237388611 0.23217709362506866 0.0075529161840677261
   vertex 0.28193381428718567 0.23230679333209991 0.0060000019147992134
  endloop
 endfacet
 facet normal 0.73463703959243287 0.66582697112035361 0.13031832022997306
  outer loop
   vertex 0.27480199933052063 0.23987160623073578 0.0075529161840677261
   vertex 0.28177580237388611 0.23217709362506866 0.0075529161840677261
   vertex 0.27494651079177856 0.24001610279083252 0.0060000019147992134
  endloop
 endfacet
 facet normal 0.66583567772178909 0.73462925037502602 0.13031774540020633
  outer loop
   vertex 0.26723718643188477 0.24700349569320679 0.0060000019147992134
   vertex 0.27480199933052063 0.23987160623073578 0.0075529161840677261
   vertex 0.27494651079177856 0.24001610279083252 0.0060000019147992134
  endloop
 endfacet
 facet normal 0.6658188412746745 0.73462963927368763 0.13040154793660028
  outer loop
   vertex 0.26710748672485352 0.24684539437294006 0.0075529161840677261
   vertex 0.27480199933052063 0.23987160623073578 0.0075529161840677261
   vertex 0.26723718643188477 0.24700349569320679 0.0060000019147992134
  endloop
 endfacet
 facet normal 0.59061182845164961 0.79634947708539283 0.13040390499835783
  outer loop
   vertex 0.25888010859489441 0.25320151448249817 0.0060000019147992134
   vertex 0.26710748672485352 0.24684539437294006 0.0075529161840677261
   vertex 0.26723718643188477 0.24700349569320679 0.0060000019147992134
  endloop
 endfacet
 facet normal 0.5906200119651972 0.79635009335960993 0.13036307096862557
  outer loop
   vertex 0.25876659154891968 0.25303149223327637 0.0075529161840677261
   vertex 0.26710748672485352 0.24684539437294006 0.0075529161840677261
   vertex 0.25888010859489441 0.25320151448249817 0.0060000019147992134
  endloop
 endfacet
 facet normal 0.50971227871250568 0.85041030220556846 0.13036759885929683
  outer loop
   vertex 0.24995580315589905 0.2585504949092865 0.0060000019147992134
   vertex 0.25876659154891968 0.25303149223327637 0.0075529161840677261
   vertex 0.25888010859489441 0.25320151448249817 0.0060000019147992134
  endloop
 endfacet
 facet normal 0.50970922576810063 0.85040976772340082 0.13038302085591902
  outer loop
   vertex 0.24985939264297485 0.25837019085884094 0.0075529161840677261
   vertex 0.25876659154891968 0.25303149223327637 0.0075529161840677261
   vertex 0.24995580315589905 0.2585504949092865 0.0060000019147992134
  endloop
 endfacet
 facet normal 0.42390754955794185 0.89627181860477745 0.13038104387780414
  outer loop
   vertex 0.24055010080337524 0.26299908757209778 0.0060000019147992134
   vertex 0.24985939264297485 0.25837019085884094 0.0075529161840677261
   vertex 0.24995580315589905 0.2585504949092865 0.0060000019147992134
  endloop
 endfacet
 facet normal 0.4239107713211539 0.89627271536153974 0.13036440333295193
  outer loop
   vertex 0.24047189950942993 0.26281020045280457 0.0075529161840677261
   vertex 0.24985939264297485 0.25837019085884094 0.0075529161840677261
   vertex 0.24055010080337524 0.26299908757209778 0.0060000019147992134
  endloop
 endfacet
 facet normal 0.33401425075289198 0.93350898610389843 0.13036661059203547
  outer loop
   vertex 0.23075370490550995 0.26650428771972656 0.0060000019147992134
   vertex 0.24047189950942993 0.26281020045280457 0.0075529161840677261
   vertex 0.24055010080337524 0.26299908757209778 0.0060000019147992134
  endloop
 endfacet
 facet normal 0.33402035647281636 0.9335113512315093 0.1303340269603237
  outer loop
   vertex 0.23069439828395844 0.26630869507789612 0.0075529161840677261
   vertex 0.24047189950942993 0.26281020045280457 0.0075529161840677261
   vertex 0.23075370490550995 0.26650428771972656 0.0060000019147992134
  endloop
 endfacet
 facet normal 0.2409061060408203 0.96175718813878674 0.13033556358731607
  outer loop
   vertex 0.22066089510917664 0.26903238892555237 0.0060000019147992134
   vertex 0.23069439828395844 0.26630869507789612 0.0075529161840677261
   vertex 0.23075370490550995 0.26650428771972656 0.0060000019147992134
  endloop
 endfacet
 facet normal 0.24090347142855104 0.96175585740447944 0.13035025202065309
  outer loop
   vertex 0.22062100470066071 0.26883190870285034 0.0075529161840677261
   vertex 0.23069439828395844 0.26630869507789612 0.0075529161840677261
   vertex 0.22066089510917664 0.26903238892555237 0.0060000019147992134
  endloop
 endfacet
 facet normal 0.14548234648589894 0.98073640392233374 0.13034950280858812
  outer loop
   vertex 0.21036890149116516 0.27055910229682922 0.0060000019147992134
   vertex 0.22062100470066071 0.26883190870285034 0.0075529161840677261
   vertex 0.22066089510917664 0.26903238892555237 0.0060000019147992134
  endloop
 endfacet
 facet normal 0.14547611665213983 0.98073244604647192 0.13038622916365533
  outer loop
   vertex 0.21034890413284302 0.27035561203956604 0.0075529161840677261
   vertex 0.22062100470066071 0.26883190870285034 0.0075529161840677261
   vertex 0.21036890149116516 0.27055910229682922 0.0060000019147992134
  endloop
 endfacet
 facet normal 0.92292640463892184 0.045346784815462934 0.38229637812458167
  outer loop
   vertex 0.3052859902381897 0.17541849613189697 0.0075529161840677261
   vertex 0.30519619584083557 0.16504639387130737 0.0090000005438923836
   vertex 0.30579560995101929 0.16504639387130737 0.0075529161840677261
  endloop
 endfacet
 facet normal 0.92293366682444289 0.045344316697391404 0.38227913830764398
  outer loop
   vertex 0.30468949675559998 0.17535969614982605 0.0090000005438923836
   vertex 0.30519619584083557 0.16504639387130737 0.0090000005438923836
   vertex 0.3052859902381897 0.17541849613189697 0.0075529161840677261
  endloop
 endfacet
 facet normal 0.91404482676195709 0.13558268835799958 0.38228181919536935
  outer loop
   vertex 0.303762286901474 0.18569070100784302 0.0075529161840677261
   vertex 0.30468949675559998 0.17535969614982605 0.0090000005438923836
   vertex 0.3052859902381897 0.17541849613189697 0.0075529161840677261
  endloop
 endfacet
 facet normal 0.91403998249694052 0.13558381976855924 0.38229300047732961
  outer loop
   vertex 0.30317440629005432 0.18557369709014893 0.0090000005438923836
   vertex 0.30468949675559998 0.17535969614982605 0.0090000005438923836
   vertex 0.303762286901474 0.18569070100784302 0.0075529161840677261
  endloop
 endfacet
 facet normal 0.89634652571931395 0.22452684374468099 0.38229648477192019
  outer loop
   vertex 0.301239013671875 0.19576400518417358 0.0075529161840677261
   vertex 0.30317440629005432 0.18557369709014893 0.0090000005438923836
   vertex 0.303762286901474 0.18569070100784302 0.0075529161840677261
  endloop
 endfacet
 facet normal 0.8963460776492862 0.22452690289738986 0.3822975005908959
  outer loop
   vertex 0.30066540837287903 0.19559000432491302 0.0090000005438923836
   vertex 0.30317440629005432 0.18557369709014893 0.0090000005438923836
   vertex 0.301239013671875 0.19576400518417358 0.0075529161840677261
  endloop
 endfacet
 facet normal 0.87002487365831926 0.31129625941391809 0.38229747329890662
  outer loop
   vertex 0.29774060845375061 0.20554150640964508 0.0075529161840677261
   vertex 0.30066540837287903 0.19559000432491302 0.0090000005438923836
   vertex 0.301239013671875 0.19576400518417358 0.0075529161840677261
  endloop
 endfacet
 facet normal 0.87001700639790958 0.31129651979045764 0.38231516494218404
  outer loop
   vertex 0.29718679189682007 0.2053121030330658 0.0090000005438923836
   vertex 0.30066540837287903 0.19559000432491302 0.0090000005438923836
   vertex 0.29774060845375061 0.20554150640964508 0.0075529161840677261
  endloop
 endfacet
 facet normal 0.83531302993888235 0.39507862366775842 0.3823153451473188
  outer loop
   vertex 0.29330059885978699 0.21492899954319 0.0075529161840677261
   vertex 0.29718679189682007 0.2053121030330658 0.0090000005438923836
   vertex 0.29774060845375061 0.20554150640964508 0.0075529161840677261
  endloop
 endfacet
 facet normal 0.83533528324440987 0.39508007400356598 0.3822652216620267
  outer loop
   vertex 0.29277199506759644 0.21464650332927704 0.0090000005438923836
   vertex 0.29718679189682007 0.2053121030330658 0.0090000005438923836
   vertex 0.29330059885978699 0.21492899954319 0.0075529161840677261
  endloop
 endfacet
 facet normal 0.79258993312705461 0.47505381111424533 0.38226309585347357
  outer loop
   vertex 0.28796190023422241 0.22383619844913483 0.0075529161840677261
   vertex 0.29277199506759644 0.21464650332927704 0.0090000005438923836
   vertex 0.29330059885978699 0.21492899954319 0.0075529161840677261
  endloop
 endfacet
 facet normal 0.79257379151008311 0.47505115237301798 0.38229986612657751
  outer loop
   vertex 0.2874634861946106 0.22350320219993591 0.0090000005438923836
   vertex 0.29277199506759644 0.21464650332927704 0.0090000005438923836
   vertex 0.28796190023422241 0.22383619844913483 0.0075529161840677261
  endloop
 endfacet
 facet normal 0.74219214899221186 0.5504532988361277 0.38229828638740576
  outer loop
   vertex 0.28177580237388611 0.23217709362506866 0.0075529161840677261
   vertex 0.2874634861946106 0.22350320219993591 0.0090000005438923836
   vertex 0.28796190023422241 0.22383619844913483 0.0075529161840677261
  endloop
 endfacet
 facet normal 0.74221230647834457 0.5504586918022174 0.3822513842113428
  outer loop
   vertex 0.281312495470047 0.23179690539836884 0.0090000005438923836
   vertex 0.2874634861946106 0.22350320219993591 0.0090000005438923836
   vertex 0.28177580237388611 0.23217709362506866 0.0075529161840677261
  endloop
 endfacet
 facet normal 0.68468680490892764 0.62055534489725928 0.38224997462792248
  outer loop
   vertex 0.27480199933052063 0.23987160623073578 0.0075529161840677261
   vertex 0.281312495470047 0.23179690539836884 0.0090000005438923836
   vertex 0.28177580237388611 0.23217709362506866 0.0075529161840677261
  endloop
 endfacet
 facet normal 0.68464862510058244 0.62054099084755843 0.38234165196302178
  outer loop
   vertex 0.27437809109687805 0.2394476979970932 0.0090000005438923836
   vertex 0.281312495470047 0.23179690539836884 0.0090000005438923836
   vertex 0.27480199933052063 0.23987160623073578 0.0075529161840677261
  endloop
 endfacet
 facet normal 0.620529222723608 0.68465944606720364 0.38234137450318489
  outer loop
   vertex 0.26710748672485352 0.24684539437294006 0.0075529161840677261
   vertex 0.27437809109687805 0.2394476979970932 0.0090000005438923836
   vertex 0.27480199933052063 0.23987160623073578 0.0075529161840677261
  endloop
 endfacet
 facet normal 0.62056820745725305 0.68467865343824597 0.38224369375999134
  outer loop
   vertex 0.26672729849815369 0.24638210237026215 0.0090000005438923836
   vertex 0.27437809109687805 0.2394476979970932 0.0090000005438923836
   vertex 0.26710748672485352 0.24684539437294006 0.0075529161840677261
  endloop
 endfacet
 facet normal 0.55046643276929452 0.74220985785525684 0.38224499119900446
  outer loop
   vertex 0.25876659154891968 0.25303149223327637 0.0075529161840677261
   vertex 0.26672729849815369 0.24638210237026215 0.0090000005438923836
   vertex 0.26710748672485352 0.24684539437294006 0.0075529161840677261
  endloop
 endfacet
 facet normal 0.5504530161109582 0.74220152210955548 0.3822804960138671
  outer loop
   vertex 0.25843361020088196 0.25253310799598694 0.0090000005438923836
   vertex 0.26672729849815369 0.24638210237026215 0.0090000005438923836
   vertex 0.25876659154891968 0.25303149223327637 0.0075529161840677261
  endloop
 endfacet
 facet normal 0.47504986557886686 0.79258335031149019 0.38228164750941745
  outer loop
   vertex 0.24985939264297485 0.25837019085884094 0.0075529161840677261
   vertex 0.25843361020088196 0.25253310799598694 0.0090000005438923836
   vertex 0.25876659154891968 0.25303149223327637 0.0075529161840677261
  endloop
 endfacet
 facet normal 0.47505643402673337 0.79258838654712005 0.38226304294351671
  outer loop
   vertex 0.24957689642906189 0.25784158706665039 0.0090000005438923836
   vertex 0.25843361020088196 0.25253310799598694 0.0090000005438923836
   vertex 0.24985939264297485 0.25837019085884094 0.0075529161840677261
  endloop
 endfacet
 facet normal 0.39508746476016487 0.83533172262242328 0.38226536381163329
  outer loop
   vertex 0.24047189950942993 0.26281020045280457 0.0075529161840677261
   vertex 0.24957689642906189 0.25784158706665039 0.0090000005438923836
   vertex 0.24985939264297485 0.25837019085884094 0.0075529161840677261
  endloop
 endfacet
 facet normal 0.39507596794942107 0.83532096275354673 0.38230075690915877
  outer loop
   vertex 0.24024249613285065 0.26225641369819641 0.0090000005438923836
   vertex 0.24957689642906189 0.25784158706665039 0.0090000005438923836
   vertex 0.24047189950942993 0.26281020045280457 0.0075529161840677261
  endloop
 endfacet
 facet normal 0.31130296750460845 0.87002138703859511 0.38229994574713699
  outer loop
   vertex 0.23069439828395844 0.26630869507789612 0.0075529161840677261
   vertex 0.24024249613285065 0.26225641369819641 0.0090000005438923836
   vertex 0.24047189950942993 0.26281020045280457 0.0075529161840677261
  endloop
 endfacet
 facet normal 0.31130373344636192 0.87002225978158465 0.38229733588778941
  outer loop
   vertex 0.23052039742469788 0.26573508977890015 0.0090000005438923836
   vertex 0.24024249613285065 0.26225641369819641 0.0090000005438923836
   vertex 0.23069439828395844 0.26630869507789612 0.0075529161840677261
  endloop
 endfacet
 facet normal 0.22451988852601931 0.89634788827749612 0.38229737487555066
  outer loop
   vertex 0.22062100470066071 0.26883190870285034 0.0075529161840677261
   vertex 0.23052039742469788 0.26573508977890015 0.0090000005438923836
   vertex 0.23069439828395844 0.26630869507789612 0.0075529161840677261
  endloop
 endfacet
 facet normal 0.22451958271853517 0.89634746184540237 0.38229855429912352
  outer loop
   vertex 0.22050410509109497 0.26824399828910828 0.0090000005438923836
   vertex 0.23052039742469788 0.26573508977890015 0.0090000005438923836
   vertex 0.22062100470066071 0.26883190870285034 0.0075529161840677261
  endloop
 endfacet
 facet normal 0.13558288808765237 0.91403689166521673 0.38230072081124827
  outer loop
   vertex 0.21034890413284302 0.27035561203956604 0.0075529161840677261
   vertex 0.22050410509109497 0.26824399828910828 0.0090000005438923836
   vertex 0.22062100470066071 0.26883190870285034 0.0075529161840677261
  endloop
 endfacet
 facet normal 0.1355835247207893 0.91403799342878389 0.38229786082709044
  outer loop
   vertex 0.21029010415077209 0.26975908875465393 0.0090000005438923836
   vertex 0.22050410509109497 0.26824399828910828 0.0090000005438923836
   vertex 0.21034890413284302 0.27035561203956604 0.0075529161840677261
  endloop
 endfacet
 facet normal 0.79272857062754731 0.038947257699770733 0.60832928947114928
  outer loop
   vertex 0.30468949675559998 0.17535969614982605 0.0090000005438923836
   vertex 0.30424261093139648 0.16504639387130737 0.010242640040814877
   vertex 0.30519619584083557 0.16504639387130737 0.0090000005438923836
  endloop
 endfacet
 facet normal 0.79275677069108264 0.038941651047877474 0.60829289847663959
  outer loop
   vertex 0.30374059081077576 0.17526629567146301 0.010242640040814877
   vertex 0.30424261093139648 0.16504639387130737 0.010242640040814877
   vertex 0.30468949675559998 0.17535969614982605 0.0090000005438923836
  endloop
 endfacet
 facet normal 0.78512370173322532 0.11646106571949437 0.60829071433665449
  outer loop
   vertex 0.30317440629005432 0.18557369709014893 0.0090000005438923836
   vertex 0.30374059081077576 0.17526629567146301 0.010242640040814877
   vertex 0.30468949675559998 0.17535969614982605 0.0090000005438923836
  endloop
 endfacet
 facet normal 0.78511549584088935 0.11646187319126879 0.60830115097975535
  outer loop
   vertex 0.30223920941352844 0.18538770079612732 0.010242640040814877
   vertex 0.30374059081077576 0.17526629567146301 0.010242640040814877
   vertex 0.30317440629005432 0.18557369709014893 0.0090000005438923836
  endloop
 endfacet
 facet normal 0.7699199603965724 0.19285825921175229 0.60830004638891233
  outer loop
   vertex 0.30066540837287903 0.19559000432491302 0.0090000005438923836
   vertex 0.30223920941352844 0.18538770079612732 0.010242640040814877
   vertex 0.30317440629005432 0.18557369709014893 0.0090000005438923836
  endloop
 endfacet
 facet normal 0.76993614469046434 0.19285826067841566 0.60827956104679404
  outer loop
   vertex 0.29975301027297974 0.19531320035457611 0.010242640040814877
   vertex 0.30223920941352844 0.18538770079612732 0.010242640040814877
   vertex 0.30066540837287903 0.19559000432491302 0.0090000005438923836
  endloop
 endfacet
 facet normal 0.74732432902293244 0.26739645440123522 0.60828076035994405
  outer loop
   vertex 0.29718679189682007 0.2053121030330658 0.0090000005438923836
   vertex 0.29975301027297974 0.19531320035457611 0.010242640040814877
   vertex 0.30066540837287903 0.19559000432491302 0.0090000005438923836
  endloop
 endfacet
 facet normal 0.74731833723015484 0.2673958637274641 0.60828838136282026
  outer loop
   vertex 0.29630589485168457 0.20494720339775085 0.010242640040814877
   vertex 0.29975301027297974 0.19531320035457611 0.010242640040814877
   vertex 0.29718679189682007 0.2053121030330658 0.0090000005438923836
  endloop
 endfacet
 facet normal 0.71751166883921313 0.3393542316594293 0.60828916687247181
  outer loop
   vertex 0.29277199506759644 0.21464650332927704 0.0090000005438923836
   vertex 0.29630589485168457 0.20494720339775085 0.010242640040814877
   vertex 0.29718679189682007 0.2053121030330658 0.0090000005438923836
  endloop
 endfacet
 facet normal 0.71750548266607983 0.33935300058956613 0.60829715052347055
  outer loop
   vertex 0.29193109273910522 0.21419699490070343 0.010242640040814877
   vertex 0.29630589485168457 0.20494720339775085 0.010242640040814877
   vertex 0.29277199506759644 0.21464650332927704 0.0090000005438923836
  endloop
 endfacet
 facet normal 0.68078611569486447 0.40804809879495207 0.60829845778772418
  outer loop
   vertex 0.2874634861946106 0.22350320219993591 0.0090000005438923836
   vertex 0.29193109273910522 0.21419699490070343 0.010242640040814877
   vertex 0.29277199506759644 0.21464650332927704 0.0090000005438923836
  endloop
 endfacet
 facet normal 0.68078827293711397 0.40804875340330926 0.60829560435474683
  outer loop
   vertex 0.28667071461677551 0.22297340631484985 0.010242640040814877
   vertex 0.29193109273910522 0.21419699490070343 0.010242640040814877
   vertex 0.2874634861946106 0.22350320219993591 0.0090000005438923836
  endloop
 endfacet
 facet normal 0.63751401847967104 0.47280963890637573 0.60829838204545983
  outer loop
   vertex 0.281312495470047 0.23179690539836884 0.0090000005438923836
   vertex 0.28667071461677551 0.22297340631484985 0.010242640040814877
   vertex 0.2874634861946106 0.22350320219993591 0.0090000005438923836
  endloop
 endfacet
 facet normal 0.6375047072258615 0.47280578106889548 0.60831113885305443
  outer loop
   vertex 0.28057539463043213 0.23119199275970459 0.010242640040814877
   vertex 0.28667071461677551 0.22297340631484985 0.010242640040814877
   vertex 0.281312495470047 0.23179690539836884 0.0090000005438923836
  endloop
 endfacet
 facet normal 0.58808721544045817 0.53302118779628149 0.6083106446510117
  outer loop
   vertex 0.27437809109687805 0.2394476979970932 0.0090000005438923836
   vertex 0.28057539463043213 0.23119199275970459 0.010242640040814877
   vertex 0.281312495470047 0.23179690539836884 0.0090000005438923836
  endloop
 endfacet
 facet normal 0.58811024630265718 0.53303350084222978 0.60827758891291117
  outer loop
   vertex 0.27370390295982361 0.23877349495887756 0.010242640040814877
   vertex 0.28057539463043213 0.23119199275970459 0.010242640040814877
   vertex 0.27437809109687805 0.2394476979970932 0.0090000005438923836
  endloop
 endfacet
 facet normal 0.53303790945633556 0.58810566460293778 0.60827815540618935
  outer loop
   vertex 0.26672729849815369 0.24638210237026215 0.0090000005438923836
   vertex 0.27370390295982361 0.23877349495887756 0.010242640040814877
   vertex 0.27437809109687805 0.2394476979970932 0.0090000005438923836
  endloop
 endfacet
 facet normal 0.53301912780194549 0.58809311283114341 0.60830674830863851
  outer loop
   vertex 0.26612240076065063 0.24564500153064728 0.010242640040814877
   vertex 0.27370390295982361 0.23877349495887756 0.010242640040814877
   vertex 0.26672729849815369 0.24638210237026215 0.0090000005438923836
  endloop
 endfacet
 facet normal 0.47280674159562402 0.63750742207795408 0.60830754713158874
  outer loop
   vertex 0.25843361020088196 0.25253310799598694 0.0090000005438923836
   vertex 0.26612240076065063 0.24564500153064728 0.010242640040814877
   vertex 0.26672729849815369 0.24638210237026215 0.0090000005438923836
  endloop
 endfacet
 facet normal 0.47280647852034347 0.63750720613694256 0.60830797791304858
  outer loop
   vertex 0.2579038143157959 0.25174030661582947 0.010242640040814877
   vertex 0.26612240076065063 0.24564500153064728 0.010242640040814877
   vertex 0.25843361020088196 0.25253310799598694 0.0090000005438923836
  endloop
 endfacet
 facet normal 0.40804299873851624 0.68078257412636067 0.60830584243977592
  outer loop
   vertex 0.24957689642906189 0.25784158706665039 0.0090000005438923836
   vertex 0.2579038143157959 0.25174030661582947 0.010242640040814877
   vertex 0.25843361020088196 0.25253310799598694 0.0090000005438923836
  endloop
 endfacet
 facet normal 0.40805461056012071 0.68079418801950908 0.60828505518341136
  outer loop
   vertex 0.24912740290164948 0.25700071454048157 0.010242640040814877
   vertex 0.2579038143157959 0.25174030661582947 0.010242640040814877
   vertex 0.24957689642906189 0.25784158706665039 0.0090000005438923836
  endloop
 endfacet
 facet normal 0.33935787574903437 0.71751453007886568 0.60828375885996444
  outer loop
   vertex 0.24024249613285065 0.26225641369819641 0.0090000005438923836
   vertex 0.24912740290164948 0.25700071454048157 0.010242640040814877
   vertex 0.24957689642906189 0.25784158706665039 0.0090000005438923836
  endloop
 endfacet
 facet normal 0.33934972031307964 0.71750459077075301 0.60830003250561215
  outer loop
   vertex 0.23987759649753571 0.26137548685073853 0.010242640040814877
   vertex 0.24912740290164948 0.25700071454048157 0.010242640040814877
   vertex 0.24024249613285065 0.26225641369819641 0.0090000005438923836
  endloop
 endfacet
 facet normal 0.26739561574234494 0.7473091802926527 0.60829974003947718
  outer loop
   vertex 0.23052039742469788 0.26573508977890015 0.0090000005438923836
   vertex 0.23987759649753571 0.26137548685073853 0.010242640040814877
   vertex 0.24024249613285065 0.26225641369819641 0.0090000005438923836
  endloop
 endfacet
 facet normal 0.26738909459279359 0.74729941884302664 0.60831459845191993
  outer loop
   vertex 0.23024359345436096 0.26482260227203369 0.010242640040814877
   vertex 0.23987759649753571 0.26137548685073853 0.010242640040814877
   vertex 0.23052039742469788 0.26573508977890015 0.0090000005438923836
  endloop
 endfacet
 facet normal 0.19284938946517549 0.76991084106123764 0.60831440045365259
  outer loop
   vertex 0.22050410509109497 0.26824399828910828 0.0090000005438923836
   vertex 0.23024359345436096 0.26482260227203369 0.010242640040814877
   vertex 0.23052039742469788 0.26573508977890015 0.0090000005438923836
  endloop
 endfacet
 facet normal 0.19285415732018249 0.76991976310635579 0.60830159656421667
  outer loop
   vertex 0.22031809389591217 0.2673088014125824 0.010242640040814877
   vertex 0.23024359345436096 0.26482260227203369 0.010242640040814877
   vertex 0.22050410509109497 0.26824399828910828 0.0090000005438923836
  endloop
 endfacet
 facet normal 0.11645979849695011 0.78511515873691384 0.60830198327439355
  outer loop
   vertex 0.21029010415077209 0.26975908875465393 0.0090000005438923836
   vertex 0.22031809389591217 0.2673088014125824 0.010242640040814877
   vertex 0.22050410509109497 0.26824399828910828 0.0090000005438923836
  endloop
 endfacet
 facet normal 0.11646682251847609 0.78513212046028213 0.6082787458673784
  outer loop
   vertex 0.21019670367240906 0.2688102126121521 0.010242640040814877
   vertex 0.22031809389591217 0.2673088014125824 0.010242640040814877
   vertex 0.21029010415077209 0.26975908875465393 0.0090000005438923836
  endloop
 endfacet
 facet normal 0.60849901162874587 0.029890575583691455 0.79299149197082497
  outer loop
   vertex 0.30374059081077576 0.17526629567146301 0.010242640040814877
   vertex 0.30300000309944153 0.16504639387130737 0.011196150444447994
   vertex 0.30424261093139648 0.16504639387130737 0.010242640040814877
  endloop
 endfacet
 facet normal 0.60848259967655438 0.029892931548642775 0.79300399654370601
  outer loop
   vertex 0.30250391364097595 0.1751444935798645 0.011196150444447994
   vertex 0.30300000309944153 0.16504639387130737 0.011196150444447994
   vertex 0.30374059081077576 0.17526629567146301 0.010242640040814877
  endloop
 endfacet
 facet normal 0.60262249934586276 0.089391364038554716 0.79300397686106971
  outer loop
   vertex 0.30223920941352844 0.18538770079612732 0.010242640040814877
   vertex 0.30250391364097595 0.1751444935798645 0.011196150444447994
   vertex 0.30374059081077576 0.17526629567146301 0.010242640040814877
  endloop
 endfacet
 facet normal 0.60262020130452076 0.08939146614219752 0.79300571168223433
  outer loop
   vertex 0.30102041363716125 0.185145303606987 0.011196150444447994
   vertex 0.30250391364097595 0.1751444935798645 0.011196150444447994
   vertex 0.30223920941352844 0.18538770079612732 0.010242640040814877
  endloop
 endfacet
 facet normal 0.59095800892395267 0.14802673510135403 0.79300486592698227
  outer loop
   vertex 0.29975301027297974 0.19531320035457611 0.010242640040814877
   vertex 0.30102041363716125 0.185145303606987 0.011196150444447994
   vertex 0.30223920941352844 0.18538770079612732 0.010242640040814877
  endloop
 endfacet
 facet normal 0.59097349274838773 0.14802756844722739 0.79299317137562586
  outer loop
   vertex 0.29856389760971069 0.19495250284671783 0.011196150444447994
   vertex 0.30102041363716125 0.185145303606987 0.011196150444447994
   vertex 0.29975301027297974 0.19531320035457611 0.010242640040814877
  endloop
 endfacet
 facet normal 0.57361747359694792 0.20524444826299465 0.79299288170920768
  outer loop
   vertex 0.29630589485168457 0.20494720339775085 0.010242640040814877
   vertex 0.29856389760971069 0.19495250284671783 0.011196150444447994
   vertex 0.29975301027297974 0.19531320035457611 0.010242640040814877
  endloop
 endfacet
 facet normal 0.57359752852166845 0.20524139404730726 0.79300809922935322
  outer loop
   vertex 0.295157790184021 0.20447170734405518 0.011196150444447994
   vertex 0.29856389760971069 0.19495250284671783 0.011196150444447994
   vertex 0.29630589485168457 0.20494720339775085 0.010242640040814877
  endloop
 endfacet
 facet normal 0.55072256893522697 0.26047098004899838 0.79300663340081734
  outer loop
   vertex 0.29193109273910522 0.21419699490070343 0.010242640040814877
   vertex 0.295157790184021 0.20447170734405518 0.011196150444447994
   vertex 0.29630589485168457 0.20494720339775085 0.010242640040814877
  endloop
 endfacet
 facet normal 0.55073550552530903 0.26047428491622726 0.79299656358092885
  outer loop
   vertex 0.29083520174026489 0.21361120045185089 0.011196150444447994
   vertex 0.295157790184021 0.20447170734405518 0.011196150444447994
   vertex 0.29193109273910522 0.21419699490070343 0.010242640040814877
  endloop
 endfacet
 facet normal 0.52254991928193162 0.31320434212839071 0.79299723954776091
  outer loop
   vertex 0.28667071461677551 0.22297340631484985 0.010242640040814877
   vertex 0.29083520174026489 0.21361120045185089 0.011196150444447994
   vertex 0.29193109273910522 0.21419699490070343 0.010242640040814877
  endloop
 endfacet
 facet normal 0.52254374109948976 0.31320209882275302 0.79300219667461935
  outer loop
   vertex 0.2856374979019165 0.2222830057144165 0.011196150444447994
   vertex 0.29083520174026489 0.21361120045185089 0.011196150444447994
   vertex 0.28667071461677551 0.22297340631484985 0.010242640040814877
  endloop
 endfacet
 facet normal 0.4893285640797182 0.36291084805600454 0.7930026940300724
  outer loop
   vertex 0.28057539463043213 0.23119199275970459 0.010242640040814877
   vertex 0.2856374979019165 0.2222830057144165 0.011196150444447994
   vertex 0.28667071461677551 0.22297340631484985 0.010242640040814877
  endloop
 endfacet
 facet normal 0.48933572468839126 0.36291427591863645 0.79299670672590983
  outer loop
   vertex 0.27961480617523193 0.23040370643138885 0.011196150444447994
   vertex 0.2856374979019165 0.2222830057144165 0.011196150444447994
   vertex 0.28057539463043213 0.23119199275970459 0.010242640040814877
  endloop
 endfacet
 facet normal 0.4514069026142305 0.40913247663599439 0.79299585423501684
  outer loop
   vertex 0.27370390295982361 0.23877349495887756 0.010242640040814877
   vertex 0.27961480617523193 0.23040370643138885 0.011196150444447994
   vertex 0.28057539463043213 0.23119199275970459 0.010242640040814877
  endloop
 endfacet
 facet normal 0.45139846914537141 0.40912736792986804 0.79300329057576646
  outer loop
   vertex 0.2728252112865448 0.23789480328559875 0.011196150444447994
   vertex 0.27961480617523193 0.23040370643138885 0.011196150444447994
   vertex 0.27370390295982361 0.23877349495887756 0.010242640040814877
  endloop
 endfacet
 facet normal 0.40912648862955142 0.45139931700392927 0.79300326160113599
  outer loop
   vertex 0.26612240076065063 0.24564500153064728 0.010242640040814877
   vertex 0.2728252112865448 0.23789480328559875 0.011196150444447994
   vertex 0.27370390295982361 0.23877349495887756 0.010242640040814877
  endloop
 endfacet
 facet normal 0.40911388316701369 0.45138987632619498 0.793015138663966
  outer loop
   vertex 0.26533401012420654 0.24468439817428589 0.011196150444447994
   vertex 0.2728252112865448 0.23789480328559875 0.011196150444447994
   vertex 0.26612240076065063 0.24564500153064728 0.010242640040814877
  endloop
 endfacet
 facet normal 0.36290127762605773 0.48931685607806369 0.79301429814049029
  outer loop
   vertex 0.2579038143157959 0.25174030661582947 0.010242640040814877
   vertex 0.26533401012420654 0.24468439817428589 0.011196150444447994
   vertex 0.26612240076065063 0.24564500153064728 0.010242640040814877
  endloop
 endfacet
 facet normal 0.36291268179481267 0.48932728989754037 0.79300264107632434
  outer loop
   vertex 0.25721341371536255 0.25070708990097046 0.011196150444447994
   vertex 0.26533401012420654 0.24468439817428589 0.011196150444447994
   vertex 0.2579038143157959 0.25174030661582947 0.010242640040814877
  endloop
 endfacet
 facet normal 0.31320232603135223 0.52254359519096838 0.79300220308234193
  outer loop
   vertex 0.24912740290164948 0.25700071454048157 0.010242640040814877
   vertex 0.25721341371536255 0.25070708990097046 0.011196150444447994
   vertex 0.2579038143157959 0.25174030661582947 0.010242640040814877
  endloop
 endfacet
 facet normal 0.31319976053920295 0.52254073783113086 0.79300509916713857
  outer loop
   vertex 0.24854159355163574 0.25590479373931885 0.011196150444447994
   vertex 0.25721341371536255 0.25070708990097046 0.011196150444447994
   vertex 0.24912740290164948 0.25700071454048157 0.010242640040814877
  endloop
 endfacet
 facet normal 0.26047038755846647 0.55072595510205768 0.79300447639472293
  outer loop
   vertex 0.23987759649753571 0.26137548685073853 0.010242640040814877
   vertex 0.24854159355163574 0.25590479373931885 0.011196150444447994
   vertex 0.24912740290164948 0.25700071454048157 0.010242640040814877
  endloop
 endfacet
 facet normal 0.26047369162966094 0.55073045406475274 0.79300026666732437
  outer loop
   vertex 0.23940210044384003 0.26022741198539734 0.011196150444447994
   vertex 0.24854159355163574 0.25590479373931885 0.011196150444447994
   vertex 0.23987759649753571 0.26137548685073853 0.010242640040814877
  endloop
 endfacet
 facet normal 0.2052407329706519 0.57360709009266619 0.79300135417607809
  outer loop
   vertex 0.23024359345436096 0.26482260227203369 0.010242640040814877
   vertex 0.23940210044384003 0.26022741198539734 0.011196150444447994
   vertex 0.23987759649753571 0.26137548685073853 0.010242640040814877
  endloop
 endfacet
 facet normal 0.20524649771816339 0.57361681094335537 0.79299283059659664
  outer loop
   vertex 0.22988289594650269 0.26363348960876465 0.011196150444447994
   vertex 0.23940210044384003 0.26022741198539734 0.011196150444447994
   vertex 0.23024359345436096 0.26482260227203369 0.010242640040814877
  endloop
 endfacet
 facet normal 0.14803041163466904 0.59097268652125357 0.79299324147001571
  outer loop
   vertex 0.22031809389591217 0.2673088014125824 0.010242640040814877
   vertex 0.22988289594650269 0.26363348960876465 0.011196150444447994
   vertex 0.23024359345436096 0.26482260227203369 0.010242640040814877
  endloop
 endfacet
 facet normal 0.14803546112613644 0.59098349351065571 0.79298424489211194
  outer loop
   vertex 0.22007569670677185 0.26609009504318237 0.011196150444447994
   vertex 0.22988289594650269 0.26363348960876465 0.011196150444447994
   vertex 0.22031809389591217 0.2673088014125824 0.010242640040814877
  endloop
 endfacet
 facet normal 0.089396896848319071 0.60264694843851618 0.79298477310200322
  outer loop
   vertex 0.21019670367240906 0.2688102126121521 0.010242640040814877
   vertex 0.22007569670677185 0.26609009504318237 0.011196150444447994
   vertex 0.22031809389591217 0.2673088014125824 0.010242640040814877
  endloop
 endfacet
 facet normal 0.089385299693342218 0.60261405129873513 0.79301108023536249
  outer loop
   vertex 0.21007490158081055 0.26757350564002991 0.011196150444447994
   vertex 0.22007569670677185 0.26609009504318237 0.011196150444447994
   vertex 0.21019670367240906 0.2688102126121521 0.010242640040814877
  endloop
 endfacet
 facet normal 0.38261380584975202 0.018796672762560564 0.9237171432133463
  outer loop
   vertex 0.30250391364097595 0.1751444935798645 0.011196150444447994
   vertex 0.30155289173126221 0.16504639387130737 0.011795559898018837
   vertex 0.30300000309944153 0.16504639387130737 0.011196150444447994
  endloop
 endfacet
 facet normal 0.38262135915545131 0.018795776771982672 0.92371403274691721
  outer loop
   vertex 0.30106380581855774 0.17500260472297668 0.011795559898018837
   vertex 0.30155289173126221 0.16504639387130737 0.011795559898018837
   vertex 0.30250391364097595 0.1751444935798645 0.011196150444447994
  endloop
 endfacet
 facet normal 0.37893521319374701 0.056210485820036384 0.92371450431704549
  outer loop
   vertex 0.30102041363716125 0.185145303606987 0.011196150444447994
   vertex 0.30106380581855774 0.17500260472297668 0.011795559898018837
   vertex 0.30250391364097595 0.1751444935798645 0.011196150444447994
  endloop
 endfacet
 facet normal 0.37894954828106159 0.056210200631655868 0.92370864086167803
  outer loop
   vertex 0.29960119724273682 0.18486300110816956 0.011795559898018837
   vertex 0.30106380581855774 0.17500260472297668 0.011795559898018837
   vertex 0.30102041363716125 0.185145303606987 0.011196150444447994
  endloop
 endfacet
 facet normal 0.37161515841601295 0.093082496885988603 0.92370873266896825
  outer loop
   vertex 0.29856389760971069 0.19495250284671783 0.011196150444447994
   vertex 0.29960119724273682 0.18486300110816956 0.011795559898018837
   vertex 0.30102041363716125 0.185145303606987 0.011196150444447994
  endloop
 endfacet
 facet normal 0.37159369809910869 0.093080813533972045 0.9237175356595122
  outer loop
   vertex 0.29717910289764404 0.19453239440917969 0.011795559898018837
   vertex 0.29960119724273682 0.18486300110816956 0.011795559898018837
   vertex 0.29856389760971069 0.19495250284671783 0.011196150444447994
  endloop
 endfacet
 facet normal 0.36067980586904846 0.1290563896815661 0.92371777395513266
  outer loop
   vertex 0.295157790184021 0.20447170734405518 0.011196150444447994
   vertex 0.29717910289764404 0.19453239440917969 0.011795559898018837
   vertex 0.29856389760971069 0.19495250284671783 0.011196150444447994
  endloop
 endfacet
 facet normal 0.36069157869232177 0.12905848894988464 0.92371288368757376
  outer loop
   vertex 0.29382088780403137 0.20391790568828583 0.011795559898018837
   vertex 0.29717910289764404 0.19453239440917969 0.011795559898018837
   vertex 0.295157790184021 0.20447170734405518 0.011196150444447994
  endloop
 endfacet
 facet normal 0.34630545279900637 0.16378763358351547 0.92371323712870301
  outer loop
   vertex 0.29083520174026489 0.21361120045185089 0.011196150444447994
   vertex 0.29382088780403137 0.20391790568828583 0.011795559898018837
   vertex 0.295157790184021 0.20447170734405518 0.011196150444447994
  endloop
 endfacet
 facet normal 0.34628700263018486 0.16378243536097906 0.92372107569148221
  outer loop
   vertex 0.28955888748168945 0.21292909979820251 0.011795559898018837
   vertex 0.29382088780403137 0.20391790568828583 0.011795559898018837
   vertex 0.29083520174026489 0.21361120045185089 0.011196150444447994
  endloop
 endfacet
 facet normal 0.32856785634277363 0.1969368956476627 0.9237202081317567
  outer loop
   vertex 0.2856374979019165 0.2222830057144165 0.011196150444447994
   vertex 0.28955888748168945 0.21292909979820251 0.011795559898018837
   vertex 0.29083520174026489 0.21361120045185089 0.011196150444447994
  endloop
 endfacet
 facet normal 0.32858619591338228 0.19694406801861275 0.9237121553424813
  outer loop
   vertex 0.28443428874015808 0.22147910296916962 0.011795559898018837
   vertex 0.28955888748168945 0.21292909979820251 0.011795559898018837
   vertex 0.2856374979019165 0.2222830057144165 0.011196150444447994
  endloop
 endfacet
 facet normal 0.30769984242805587 0.22820460448941671 0.92371178700911805
  outer loop
   vertex 0.27961480617523193 0.23040370643138885 0.011196150444447994
   vertex 0.28443428874015808 0.22147910296916962 0.011795559898018837
   vertex 0.2856374979019165 0.2222830057144165 0.011196150444447994
  endloop
 endfacet
 facet normal 0.30768510768188767 0.22819710154719158 0.92371854877784398
  outer loop
   vertex 0.27849620580673218 0.22948560118675232 0.011795559898018837
   vertex 0.28443428874015808 0.22147910296916962 0.011795559898018837
   vertex 0.27961480617523193 0.23040370643138885 0.011196150444447994
  endloop
 endfacet
 facet normal 0.28383529789216266 0.25725560959936022 0.92371915374757108
  outer loop
   vertex 0.2728252112865448 0.23789480328559875 0.011196150444447994
   vertex 0.27849620580673218 0.22948560118675232 0.011795559898018837
   vertex 0.27961480617523193 0.23040370643138885 0.011196150444447994
  endloop
 endfacet
 facet normal 0.28385565557790327 0.25726863394264943 0.92370927070465281
  outer loop
   vertex 0.27180200815200806 0.23687160015106201 0.011795559898018837
   vertex 0.27849620580673218 0.22948560118675232 0.011795559898018837
   vertex 0.2728252112865448 0.23789480328559875 0.011196150444447994
  endloop
 endfacet
 facet normal 0.2572696081970669 0.28385469524424584 0.92370929446765027
  outer loop
   vertex 0.26533401012420654 0.24468439817428589 0.011196150444447994
   vertex 0.27180200815200806 0.23687160015106201 0.011795559898018837
   vertex 0.2728252112865448 0.23789480328559875 0.011196150444447994
  endloop
 endfacet
 facet normal 0.25726315553260759 0.28384961101020717 0.92371265398648705
  outer loop
   vertex 0.26441600918769836 0.24356579780578613 0.011795559898018837
   vertex 0.27180200815200806 0.23687160015106201 0.011795559898018837
   vertex 0.26533401012420654 0.24468439817428589 0.011196150444447994
  endloop
 endfacet
 facet normal 0.22820516363713902 0.30769664402723029 0.92371271429147628
  outer loop
   vertex 0.25721341371536255 0.25070708990097046 0.011196150444447994
   vertex 0.26441600918769836 0.24356579780578613 0.011795559898018837
   vertex 0.26533401012420654 0.24468439817428589 0.011196150444447994
  endloop
 endfacet
 facet normal 0.22820739794153236 0.30769879114670018 0.92371144707187358
  outer loop
   vertex 0.25640949606895447 0.24950389564037323 0.011795559898018837
   vertex 0.26441600918769836 0.24356579780578613 0.011795559898018837
   vertex 0.25721341371536255 0.25070708990097046 0.011196150444447994
  endloop
 endfacet
 facet normal 0.19694716043127103 0.32858554664386769 0.92371172696616233
  outer loop
   vertex 0.24854159355163574 0.25590479373931885 0.011196150444447994
   vertex 0.25640949606895447 0.24950389564037323 0.011795559898018837
   vertex 0.25721341371536255 0.25070708990097046 0.011196150444447994
  endloop
 endfacet
 facet normal 0.19694892579482401 0.32858761254003166 0.92371061567652613
  outer loop
   vertex 0.24785949289798737 0.25462859869003296 0.011795559898018837
   vertex 0.25640949606895447 0.24950389564037323 0.011795559898018837
   vertex 0.24854159355163574 0.25590479373931885 0.011196150444447994
  endloop
 endfacet
 facet normal 0.16379093356300789 0.34631004247867464 0.92371093127719195
  outer loop
   vertex 0.23940210044384003 0.26022741198539734 0.011196150444447994
   vertex 0.24785949289798737 0.25462859869003296 0.011795559898018837
   vertex 0.24854159355163574 0.25590479373931885 0.011196150444447994
  endloop
 endfacet
 facet normal 0.16378771037426679 0.34630542034019807 0.92371323568159069
  outer loop
   vertex 0.23884829878807068 0.25889050960540771 0.011795559898018837
   vertex 0.24785949289798737 0.25462859869003296 0.011795559898018837
   vertex 0.23940210044384003 0.26022741198539734 0.011196150444447994
  endloop
 endfacet
 facet normal 0.12905934816031323 0.36069122999508169 0.92371289980007876
  outer loop
   vertex 0.22988289594650269 0.26363348960876465 0.011196150444447994
   vertex 0.23884829878807068 0.25889050960540771 0.011795559898018837
   vertex 0.23940210044384003 0.26022741198539734 0.011196150444447994
  endloop
 endfacet
 facet normal 0.12905402457628104 0.36068172990970437 0.92371735311728764
  outer loop
   vertex 0.22946280241012573 0.262248694896698 0.011795559898018837
   vertex 0.23884829878807068 0.25889050960540771 0.011795559898018837
   vertex 0.22988289594650269 0.26363348960876465 0.011196150444447994
  endloop
 endfacet
 facet normal 0.09308072904411531 0.37159457612752939 0.92371719095901739
  outer loop
   vertex 0.22007569670677185 0.26609009504318237 0.011196150444447994
   vertex 0.22946280241012573 0.262248694896698 0.011795559898018837
   vertex 0.22988289594650269 0.26363348960876465 0.011196150444447994
  endloop
 endfacet
 facet normal 0.093079093348142405 0.37159083931396875 0.92371885902553053
  outer loop
   vertex 0.21979330480098724 0.26467078924179077 0.011795559898018837
   vertex 0.22946280241012573 0.262248694896698 0.011795559898018837
   vertex 0.22007569670677185 0.26609009504318237 0.011196150444447994
  endloop
 endfacet
 facet normal 0.056205962965485329 0.37892699544532149 0.92371815065522234
  outer loop
   vertex 0.21007490158081055 0.26757350564002991 0.011196150444447994
   vertex 0.21979330480098724 0.26467078924179077 0.011795559898018837
   vertex 0.22007569670677185 0.26609009504318237 0.011196150444447994
  endloop
 endfacet
 facet normal 0.056208540777180023 0.37893492218178476 0.92371474205773341
  outer loop
   vertex 0.20993299782276154 0.26613339781761169 0.011795559898018837
   vertex 0.21979330480098724 0.26467078924179077 0.011795559898018837
   vertex 0.21007490158081055 0.26757350564002991 0.011196150444447994
  endloop
 endfacet
 facet normal 0.13052332139543846 0.0064117884529538002 0.99142450622361444
  outer loop
   vertex 0.30106380581855774 0.17500260472297668 0.011795559898018837
   vertex 0.30000001192092896 0.16504639387130737 0.012000000104308128
   vertex 0.30155289173126221 0.16504639387130737 0.011795559898018837
  endloop
 endfacet
 facet normal 0.13052363465146596 0.0064117541401221088 0.99142446520459504
  outer loop
   vertex 0.2995184063911438 0.17485040426254272 0.012000000104308128
   vertex 0.30000001192092896 0.16504639387130737 0.012000000104308128
   vertex 0.30106380581855774 0.17500260472297668 0.011795559898018837
  endloop
 endfacet
 facet normal 0.1292666963924417 0.019174338568735603 0.99142446305517185
  outer loop
   vertex 0.29960119724273682 0.18486300110816956 0.011795559898018837
   vertex 0.2995184063911438 0.17485040426254272 0.012000000104308128
   vertex 0.30106380581855774 0.17500260472297668 0.011795559898018837
  endloop
 endfacet
 facet normal 0.12926032384452651 0.019174408198533218 0.99142529257117717
  outer loop
   vertex 0.29807808995246887 0.18456000089645386 0.012000000104308128
   vertex 0.2995184063911438 0.17485040426254272 0.012000000104308128
   vertex 0.29960119724273682 0.18486300110816956 0.011795559898018837
  endloop
 endfacet
 facet normal 0.12675824202330385 0.0317517771426747 0.99142532382799442
  outer loop
   vertex 0.29717910289764404 0.19453239440917969 0.011795559898018837
   vertex 0.29807808995246887 0.18456000089645386 0.012000000104308128
   vertex 0.29960119724273682 0.18486300110816956 0.011795559898018837
  endloop
 endfacet
 facet normal 0.12675779416779906 0.031751737969179072 0.99142538234284194
  outer loop
   vertex 0.29569301009178162 0.19408160448074341 0.012000000104308128
   vertex 0.29807808995246887 0.18456000089645386 0.012000000104308128
   vertex 0.29717910289764404 0.19453239440917969 0.011795559898018837
  endloop
 endfacet
 facet normal 0.12303540701550218 0.044023106317931805 0.99142536518421298
  outer loop
   vertex 0.29382088780403137 0.20391790568828583 0.011795559898018837
   vertex 0.29569301009178162 0.19408160448074341 0.012000000104308128
   vertex 0.29717910289764404 0.19453239440917969 0.011795559898018837
  endloop
 endfacet
 facet normal 0.12304292552122362 0.044024516604352699 0.99142436948913637
  outer loop
   vertex 0.29238620400428772 0.20332370698451996 0.012000000104308128
   vertex 0.29569301009178162 0.19408160448074341 0.012000000104308128
   vertex 0.29382088780403137 0.20391790568828583 0.011795559898018837
  endloop
 endfacet
 facet normal 0.11813521230538028 0.05587409468533986 0.99142430732590792
  outer loop
   vertex 0.28955888748168945 0.21292909979820251 0.011795559898018837
   vertex 0.29238620400428772 0.20332370698451996 0.012000000104308128
   vertex 0.29382088780403137 0.20391790568828583 0.011795559898018837
  endloop
 endfacet
 facet normal 0.11813429465337281 0.055873827225510347 0.99142443174350103
  outer loop
   vertex 0.28818941116333008 0.21219700574874878 0.012000000104308128
   vertex 0.29238620400428772 0.20332370698451996 0.012000000104308128
   vertex 0.28955888748168945 0.21292909979820251 0.011795559898018837
  endloop
 endfacet
 facet normal 0.11208891511389844 0.067182514654825373 0.99142452301385187
  outer loop
   vertex 0.28443428874015808 0.22147910296916962 0.011795559898018837
   vertex 0.28818941116333008 0.21219700574874878 0.012000000104308128
   vertex 0.28955888748168945 0.21292909979820251 0.011795559898018837
  endloop
 endfacet
 facet normal 0.11208524977310366 0.067181043144730626 0.99142503711843333
  outer loop
   vertex 0.28314310312271118 0.22061629593372345 0.012000000104308128
   vertex 0.28818941116333008 0.21219700574874878 0.012000000104308128
   vertex 0.28443428874015808 0.22147910296916962 0.011795559898018837
  endloop
 endfacet
 facet normal 0.10495979151499235 0.077844262217208082 0.99142509197870732
  outer loop
   vertex 0.27849620580673218 0.22948560118675232 0.011795559898018837
   vertex 0.28314310312271118 0.22061629593372345 0.012000000104308128
   vertex 0.28443428874015808 0.22147910296916962 0.011795559898018837
  endloop
 endfacet
 facet normal 0.1049644689846332 0.077846697063662776 0.9914244055938165
  outer loop
   vertex 0.2772957980632782 0.22850050032138824 0.012000000104308128
   vertex 0.28314310312271118 0.22061629593372345 0.012000000104308128
   vertex 0.27849620580673218 0.22948560118675232 0.011795559898018837
  endloop
 endfacet
 facet normal 0.09682930757191878 0.08775989907237694 0.99142437195680677
  outer loop
   vertex 0.27180200815200806 0.23687160015106201 0.011795559898018837
   vertex 0.2772957980632782 0.22850050032138824 0.012000000104308128
   vertex 0.27849620580673218 0.22948560118675232 0.011795559898018837
  endloop
 endfacet
 facet normal 0.096824035169172068 0.087756458909503759 0.99142519139530816
  outer loop
   vertex 0.27070391178131104 0.23577350378036499 0.012000000104308128
   vertex 0.2772957980632782 0.22850050032138824 0.012000000104308128
   vertex 0.27180200815200806 0.23687160015106201 0.011795559898018837
  endloop
 endfacet
 facet normal 0.087755756267790544 0.096824736635719583 0.9914251850832172
  outer loop
   vertex 0.26441600918769836 0.24356579780578613 0.011795559898018837
   vertex 0.27070391178131104 0.23577350378036499 0.012000000104308128
   vertex 0.27180200815200806 0.23687160015106201 0.011795559898018837
  endloop
 endfacet
 facet normal 0.087760734238260932 0.096828731754613956 0.99142435426650388
  outer loop
   vertex 0.2634308934211731 0.24236540496349335 0.012000000104308128
   vertex 0.27070391178131104 0.23577350378036499 0.012000000104308128
   vertex 0.26441600918769836 0.24356579780578613 0.011795559898018837
  endloop
 endfacet
 facet normal 0.077847524343342536 0.10496412189208176 0.9914243773828828
  outer loop
   vertex 0.25640949606895447 0.24950389564037323 0.011795559898018837
   vertex 0.2634308934211731 0.24236540496349335 0.012000000104308128
   vertex 0.26441600918769836 0.24356579780578613 0.011795559898018837
  endloop
 endfacet
 facet normal 0.077842848163324471 0.10495954680295862 0.9914252289127703
  outer loop
   vertex 0.2555466890335083 0.24821269512176514 0.012000000104308128
   vertex 0.2634308934211731 0.24236540496349335 0.012000000104308128
   vertex 0.25640949606895447 0.24950389564037323 0.011795559898018837
  endloop
 endfacet
 facet normal 0.067180957673307104 0.11208403600546597 0.99142518013152281
  outer loop
   vertex 0.24785949289798737 0.25462859869003296 0.011795559898018837
   vertex 0.2555466890335083 0.24821269512176514 0.012000000104308128
   vertex 0.25640949606895447 0.24950389564037323 0.011795559898018837
  endloop
 endfacet
 facet normal 0.067178710679238446 0.11208135827387949 0.99142563511286996
  outer loop
   vertex 0.24712739884853363 0.25325900316238403 0.012000000104308128
   vertex 0.2555466890335083 0.24821269512176514 0.012000000104308128
   vertex 0.24785949289798737 0.25462859869003296 0.011795559898018837
  endloop
 endfacet
 facet normal 0.05586894277796435 0.11812679759961527 0.99142560029572158
  outer loop
   vertex 0.23884829878807068 0.25889050960540771 0.011795559898018837
   vertex 0.24712739884853363 0.25325900316238403 0.012000000104308128
   vertex 0.24785949289798737 0.25462859869003296 0.011795559898018837
  endloop
 endfacet
 facet normal 0.055871151891109312 0.11813002681675792 0.99142509104351029
  outer loop
   vertex 0.23825399577617645 0.25745579600334167 0.012000000104308128
   vertex 0.24712739884853363 0.25325900316238403 0.012000000104308128
   vertex 0.23884829878807068 0.25889050960540771 0.011795559898018837
  endloop
 endfacet
 facet normal 0.044023588913081092 0.1230376523176023 0.99142506511152162
  outer loop
   vertex 0.22946280241012573 0.262248694896698 0.011795559898018837
   vertex 0.23825399577617645 0.25745579600334167 0.012000000104308128
   vertex 0.23884829878807068 0.25889050960540771 0.011795559898018837
  endloop
 endfacet
 facet normal 0.044025682098671387 0.12304146750316763 0.9914244986837949
  outer loop
   vertex 0.22901199758052826 0.26076269149780273 0.012000000104308128
   vertex 0.23825399577617645 0.25745579600334167 0.012000000104308128
   vertex 0.22946280241012573 0.262248694896698 0.011795559898018837
  endloop
 endfacet
 facet normal 0.031753023967940289 0.12676458700420912 0.99142447264052536
  outer loop
   vertex 0.21979330480098724 0.26467078924179077 0.011795559898018837
   vertex 0.22901199758052826 0.26076269149780273 0.012000000104308128
   vertex 0.22946280241012573 0.262248694896698 0.011795559898018837
  endloop
 endfacet
 facet normal 0.031752109802238061 0.12676244645544862 0.99142477560919184
  outer loop
   vertex 0.21949039399623871 0.26314771175384521 0.012000000104308128
   vertex 0.22901199758052826 0.26076269149780273 0.012000000104308128
   vertex 0.21979330480098724 0.26467078924179077 0.011795559898018837
  endloop
 endfacet
 facet normal 0.019174108771822625 0.12926397509870036 0.99142482231104589
  outer loop
   vertex 0.20993299782276154 0.26613339781761169 0.011795559898018837
   vertex 0.21949039399623871 0.26314771175384521 0.012000000104308128
   vertex 0.21979330480098724 0.26467078924179077 0.011795559898018837
  endloop
 endfacet
 facet normal 0.019174947755859054 0.12926663588103957 0.99142445916295541
  outer loop
   vertex 0.20978079736232758 0.26458799839019775 0.012000000104308128
   vertex 0.21949039399623871 0.26314771175384521 0.012000000104308128
   vertex 0.20993299782276154 0.26613339781761169 0.011795559898018837
  endloop
 endfacet
 facet normal -0.9987956290292509 -0.049064156286060333 0
  outer loop
   vertex 0.2995184063911438 0.17485040426254272 0.012000000104308128
   vertex 0.30000001192092896 0.16504639387130737 1.3322680133619921e-17
   vertex 0.30000001192092896 0.16504639387130737 0.012000000104308128
  endloop
 endfacet
 facet normal -0.9987956290292509 -0.049064156286060333 0
  outer loop
   vertex 0.2995184063911438 0.17485040426254272 1.3322680133619921e-17
   vertex 0.30000001192092896 0.16504639387130737 1.3322680133619921e-17
   vertex 0.2995184063911438 0.17485040426254272 0.012000000104308128
  endloop
 endfacet
 facet normal -0.98917600968040365 -0.14673384705906761 0
  outer loop
   vertex 0.29807808995246887 0.18456000089645386 0.012000000104308128
   vertex 0.2995184063911438 0.17485040426254272 1.3322680133619921e-17
   vertex 0.2995184063911438 0.17485040426254272 0.012000000104308128
  endloop
 endfacet
 facet normal -0.98917600968040365 -0.14673384705906761 0
  outer loop
   vertex 0.29807808995246887 0.18456000089645386 1.3322680133619921e-17
   vertex 0.2995184063911438 0.17485040426254272 1.3322680133619921e-17
   vertex 0.29807808995246887 0.18456000089645386 0.012000000104308128
  endloop
 endfacet
 facet normal -0.97003023692510471 -0.24298423704229255 0
  outer loop
   vertex 0.29569301009178162 0.19408160448074341 0.012000000104308128
   vertex 0.29807808995246887 0.18456000089645386 1.3322680133619921e-17
   vertex 0.29807808995246887 0.18456000089645386 0.012000000104308128
  endloop
 endfacet
 facet normal -0.97003023692510471 -0.24298423704229255 0
  outer loop
   vertex 0.29569301009178162 0.19408160448074341 1.3322680133619921e-17
   vertex 0.29807808995246887 0.18456000089645386 1.3322680133619921e-17
   vertex 0.29569301009178162 0.19408160448074341 0.012000000104308128
  endloop
 endfacet
 facet normal -0.94154636161277849 -0.33688343523203818 0
  outer loop
   vertex 0.29238620400428772 0.20332370698451996 0.012000000104308128
   vertex 0.29569301009178162 0.19408160448074341 1.3322680133619921e-17
   vertex 0.29569301009178162 0.19408160448074341 0.012000000104308128
  endloop
 endfacet
 facet normal -0.94154636161277849 -0.33688343523203818 0
  outer loop
   vertex 0.29238620400428772 0.20332370698451996 1.3322680133619921e-17
   vertex 0.29569301009178162 0.19408160448074341 1.3322680133619921e-17
   vertex 0.29238620400428772 0.20332370698451996 0.012000000104308128
  endloop
 endfacet
 facet normal -0.90398791182353344 -0.4275580139313585 0
  outer loop
   vertex 0.28818941116333008 0.21219700574874878 0.012000000104308128
   vertex 0.29238620400428772 0.20332370698451996 1.3322680133619921e-17
   vertex 0.29238620400428772 0.20332370698451996 0.012000000104308128
  endloop
 endfacet
 facet normal -0.90398791182353344 -0.4275580139313585 0
  outer loop
   vertex 0.28818941116333008 0.21219700574874878 1.3322680133619921e-17
   vertex 0.29238620400428772 0.20332370698451996 1.3322680133619921e-17
   vertex 0.28818941116333008 0.21219700574874878 0.012000000104308128
  endloop
 endfacet
 facet normal -0.8577295216890809 -0.51410122312927875 0
  outer loop
   vertex 0.28314310312271118 0.22061629593372345 0.012000000104308128
   vertex 0.28818941116333008 0.21219700574874878 1.3322680133619921e-17
   vertex 0.28818941116333008 0.21219700574874878 0.012000000104308128
  endloop
 endfacet
 facet normal -0.8577295216890809 -0.51410122312927875 0
  outer loop
   vertex 0.28314310312271118 0.22061629593372345 1.3322680133619921e-17
   vertex 0.28818941116333008 0.21219700574874878 1.3322680133619921e-17
   vertex 0.28314310312271118 0.22061629593372345 0.012000000104308128
  endloop
 endfacet
 facet normal -0.80320847866245437 -0.59569802736348343 0
  outer loop
   vertex 0.2772957980632782 0.22850050032138824 0.012000000104308128
   vertex 0.28314310312271118 0.22061629593372345 1.3322680133619921e-17
   vertex 0.28314310312271118 0.22061629593372345 0.012000000104308128
  endloop
 endfacet
 facet normal -0.80320847866245437 -0.59569802736348343 0
  outer loop
   vertex 0.2772957980632782 0.22850050032138824 1.3322680133619921e-17
   vertex 0.28314310312271118 0.22061629593372345 1.3322680133619921e-17
   vertex 0.2772957980632782 0.22850050032138824 0.012000000104308128
  endloop
 endfacet
 facet normal -0.74095010202981304 -0.67156008391059818 0
  outer loop
   vertex 0.27070391178131104 0.23577350378036499 0.012000000104308128
   vertex 0.2772957980632782 0.22850050032138824 1.3322680133619921e-17
   vertex 0.2772957980632782 0.22850050032138824 0.012000000104308128
  endloop
 endfacet
 facet normal -0.74095010202981304 -0.67156008391059818 0
  outer loop
   vertex 0.27070391178131104 0.23577350378036499 1.3322680133619921e-17
   vertex 0.2772957980632782 0.22850050032138824 1.3322680133619921e-17
   vertex 0.27070391178131104 0.23577350378036499 0.012000000104308128
  endloop
 endfacet
 facet normal -0.67156016196192525 -0.74095003128798953 0
  outer loop
   vertex 0.2634308934211731 0.24236540496349335 0.012000000104308128
   vertex 0.27070391178131104 0.23577350378036499 1.3322680133619921e-17
   vertex 0.27070391178131104 0.23577350378036499 0.012000000104308128
  endloop
 endfacet
 facet normal -0.67156016196192525 -0.74095003128798953 0
  outer loop
   vertex 0.2634308934211731 0.24236540496349335 1.3322680133619921e-17
   vertex 0.27070391178131104 0.23577350378036499 1.3322680133619921e-17
   vertex 0.2634308934211731 0.24236540496349335 0.012000000104308128
  endloop
 endfacet
 facet normal -0.5956970479914907 -0.80320920501088855 0
  outer loop
   vertex 0.2555466890335083 0.24821269512176514 0.012000000104308128
   vertex 0.2634308934211731 0.24236540496349335 1.3322680133619921e-17
   vertex 0.2634308934211731 0.24236540496349335 0.012000000104308128
  endloop
 endfacet
 facet normal -0.5956970479914907 -0.80320920501088855 0
  outer loop
   vertex 0.2555466890335083 0.24821269512176514 1.3322680133619921e-17
   vertex 0.2634308934211731 0.24236540496349335 1.3322680133619921e-17
   vertex 0.2555466890335083 0.24821269512176514 0.012000000104308128
  endloop
 endfacet
 facet normal -0.51410122312927875 -0.8577295216890809 0
  outer loop
   vertex 0.24712739884853363 0.25325900316238403 0.012000000104308128
   vertex 0.2555466890335083 0.24821269512176514 1.3322680133619921e-17
   vertex 0.2555466890335083 0.24821269512176514 0.012000000104308128
  endloop
 endfacet
 facet normal -0.51410122312927875 -0.8577295216890809 0
  outer loop
   vertex 0.24712739884853363 0.25325900316238403 1.3322680133619921e-17
   vertex 0.2555466890335083 0.24821269512176514 1.3322680133619921e-17
   vertex 0.24712739884853363 0.25325900316238403 0.012000000104308128
  endloop
 endfacet
 facet normal -0.4275539066955264 -0.90398985440622792 0
  outer loop
   vertex 0.23825399577617645 0.25745579600334167 0.012000000104308128
   vertex 0.24712739884853363 0.25325900316238403 1.3322680133619921e-17
   vertex 0.24712739884853363 0.25325900316238403 0.012000000104308128
  endloop
 endfacet
 facet normal -0.4275539066955264 -0.90398985440622792 0
  outer loop
   vertex 0.23825399577617645 0.25745579600334167 1.3322680133619921e-17
   vertex 0.24712739884853363 0.25325900316238403 1.3322680133619921e-17
   vertex 0.23825399577617645 0.25745579600334167 0.012000000104308128
  endloop
 endfacet
 facet normal -0.33689488059887862 -0.94154226640457694 0
  outer loop
   vertex 0.22901199758052826 0.26076269149780273 0.012000000104308128
   vertex 0.23825399577617645 0.25745579600334167 1.3322680133619921e-17
   vertex 0.23825399577617645 0.25745579600334167 0.012000000104308128
  endloop
 endfacet
 facet normal -0.33689488059887862 -0.94154226640457694 0
  outer loop
   vertex 0.22901199758052826 0.26076269149780273 1.3322680133619921e-17
   vertex 0.23825399577617645 0.25745579600334167 1.3322680133619921e-17
   vertex 0.22901199758052826 0.26076269149780273 0.012000000104308128
  endloop
 endfacet
 facet normal -0.24297852321927008 -0.97003166817077813 0
  outer loop
   vertex 0.21949039399623871 0.26314771175384521 0.012000000104308128
   vertex 0.22901199758052826 0.26076269149780273 1.3322680133619921e-17
   vertex 0.22901199758052826 0.26076269149780273 0.012000000104308128
  endloop
 endfacet
 facet normal -0.24297852321927008 -0.97003166817077813 0
  outer loop
   vertex 0.21949039399623871 0.26314771175384521 1.3322680133619921e-17
   vertex 0.22901199758052826 0.26076269149780273 1.3322680133619921e-17
   vertex 0.21949039399623871 0.26314771175384521 0.012000000104308128
  endloop
 endfacet
 facet normal -0.14673087628287362 -0.98917645035921675 0
  outer loop
   vertex 0.20978079736232758 0.26458799839019775 0.012000000104308128
   vertex 0.21949039399623871 0.26314771175384521 1.3322680133619921e-17
   vertex 0.21949039399623871 0.26314771175384521 0.012000000104308128
  endloop
 endfacet
 facet normal -0.14673087628287362 -0.98917645035921675 0
  outer loop
   vertex 0.20978079736232758 0.26458799839019775 1.3322680133619921e-17
   vertex 0.21949039399623871 0.26314771175384521 1.3322680133619921e-17
   vertex 0.20978079736232758 0.26458799839019775 0.012000000104308128
  endloop
 endfacet
 facet normal -0.04906423067949478 -0.99879562537479571 0
  outer loop
   vertex 0.19997680187225342 0.26506960391998291 0.012000000104308128
   vertex 0.20978079736232758 0.26458799839019775 1.3322680133619921e-17
   vertex 0.20978079736232758 0.26458799839019775 0.012000000104308128
  endloop
 endfacet
 facet normal -0.04906423067949478 -0.99879562537479571 0
  outer loop
   vertex 0.19997680187225342 0.26506960391998291 1.3322680133619921e-17
   vertex 0.20978079736232758 0.26458799839019775 1.3322680133619921e-17
   vertex 0.19997680187225342 0.26506960391998291 0.012000000104308128
  endloop
 endfacet
 facet normal 0.13052970309815579 0 -0.99144439915161531
  outer loop
   vertex 0.30000001192092896 0.16504639387130737 1.3322680133619921e-17
   vertex 0.30155289173126221 4.634807919501327e-05 0.00020444609981495887
   vertex 0.30000001192092896 -0.16495369374752045 1.3322680133619921e-17
  endloop
 endfacet
 facet normal 0.13052970309815579 0 -0.9914443991516152
  outer loop
   vertex 0.30155289173126221 0.033046368509531021 0.00020444609981495887
   vertex 0.30155289173126221 4.634807919501327e-05 0.00020444609981495887
   vertex 0.30000001192092896 0.16504639387130737 1.3322680133619921e-17
  endloop
 endfacet
 facet normal 0.13052970309815576 0 -0.9914443991516152
  outer loop
   vertex 0.30155289173126221 0.066046386957168579 0.00020444609981495887
   vertex 0.30155289173126221 0.033046368509531021 0.00020444609981495887
   vertex 0.30000001192092896 0.16504639387130737 1.3322680133619921e-17
  endloop
 endfacet
 facet normal 0.38267807686870414 0 -0.92388175081233759
  outer loop
   vertex 0.30300000309944153 0.066046386957168579 0.00080384942702949047
   vertex 0.30155289173126221 0.033046368509531021 0.00020444609981495887
   vertex 0.30155289173126221 0.066046386957168579 0.00020444609981495887
  endloop
 endfacet
 facet normal 0.38267807686870414 0 -0.92388175081233759
  outer loop
   vertex 0.30300000309944153 0.099046401679515839 0.00080384942702949047
   vertex 0.30300000309944153 0.066046386957168579 0.00080384942702949047
   vertex 0.30155289173126221 0.066046386957168579 0.00020444609981495887
  endloop
 endfacet
 facet normal 0.60877191339928372 0 -0.7933452952253357
  outer loop
   vertex 0.30424261093139648 0.099046401679515839 0.0017573620425537229
   vertex 0.30300000309944153 0.066046386957168579 0.00080384942702949047
   vertex 0.30300000309944153 0.099046401679515839 0.00080384942702949047
  endloop
 endfacet
 facet normal 0.6087719133992836 0 -0.79334529522533559
  outer loop
   vertex 0.30424261093139648 0.1320464015007019 0.0017573620425537229
   vertex 0.30424261093139648 0.099046401679515839 0.0017573620425537229
   vertex 0.30300000309944153 0.099046401679515839 0.00080384942702949047
  endloop
 endfacet
 facet normal 0.79333085417782845 0 -0.60879073236168524
  outer loop
   vertex 0.30519619584083557 0.1320464015007019 0.0030000030528753996
   vertex 0.30424261093139648 0.099046401679515839 0.0017573620425537229
   vertex 0.30424261093139648 0.1320464015007019 0.0017573620425537229
  endloop
 endfacet
 facet normal 0.79333085417782845 0 -0.60879073236168524
  outer loop
   vertex 0.30519619584083557 0.16504639387130737 0.0030000030528753996
   vertex 0.30519619584083557 0.1320464015007019 0.0030000030528753996
   vertex 0.30424261093139648 0.1320464015007019 0.0017573620425537229
  endloop
 endfacet
 facet normal 0.92387685697135169 0 -0.38268989162602196
  outer loop
   vertex 0.30579560995101929 0.16504639387130737 0.004447088111191988
   vertex 0.30519619584083557 0.1320464015007019 0.0030000030528753996
   vertex 0.30519619584083557 0.16504639387130737 0.0030000030528753996
  endloop
 endfacet
 facet normal 0.92387685697135169 0 -0.38268989162602196
  outer loop
   vertex 0.30579560995101929 0.1320464015007019 0.004447088111191988
   vertex 0.30519619584083557 0.1320464015007019 0.0030000030528753996
   vertex 0.30579560995101929 0.16504639387130737 0.004447088111191988
  endloop
 endfacet
 facet normal 0.99144987191543799 0 -0.13048812773145857
  outer loop
   vertex 0.3059999942779541 0.16504639387130737 0.0060000019147992134
   vertex 0.30579560995101929 0.1320464015007019 0.004447088111191988
   vertex 0.30579560995101929 0.16504639387130737 0.004447088111191988
  endloop
 endfacet
 facet normal 0.99144987191543799 0 -0.13048812773145857
  outer loop
   vertex 0.3059999942779541 0.1320464015007019 0.0060000019147992134
   vertex 0.30579560995101929 0.1320464015007019 0.004447088111191988
   vertex 0.3059999942779541 0.16504639387130737 0.0060000019147992134
  endloop
 endfacet
 facet normal 0.99144987697759213 -0 0.13048808926916494
  outer loop
   vertex 0.30579560995101929 0.16504639387130737 0.0075529161840677261
   vertex 0.3059999942779541 0.1320464015007019 0.0060000019147992134
   vertex 0.3059999942779541 0.16504639387130737 0.0060000019147992134
  endloop
 endfacet
 facet normal 0.99144987697759213 0 0.13048808926916494
  outer loop
   vertex 0.30579560995101929 0.1320464015007019 0.0075529161840677261
   vertex 0.3059999942779541 0.1320464015007019 0.0060000019147992134
   vertex 0.30579560995101929 0.16504639387130737 0.0075529161840677261
  endloop
 endfacet
 facet normal 0.92387679166195502 -0 0.3826900492936976
  outer loop
   vertex 0.30519619584083557 0.16504639387130737 0.0090000005438923836
   vertex 0.30579560995101929 0.1320464015007019 0.0075529161840677261
   vertex 0.30579560995101929 0.16504639387130737 0.0075529161840677261
  endloop
 endfacet
 facet normal 0.92387679166195502 0 0.3826900492936976
  outer loop
   vertex 0.30519619584083557 0.1320464015007019 0.0090000005438923836
   vertex 0.30579560995101929 0.1320464015007019 0.0075529161840677261
   vertex 0.30519619584083557 0.16504639387130737 0.0090000005438923836
  endloop
 endfacet
 facet normal 0.79333049608244466 -0 0.60879119900470169
  outer loop
   vertex 0.30424261093139648 0.16504639387130737 0.010242640040814877
   vertex 0.30519619584083557 0.1320464015007019 0.0090000005438923836
   vertex 0.30519619584083557 0.16504639387130737 0.0090000005438923836
  endloop
 endfacet
 facet normal 0.79333049608244466 0 0.60879119900470169
  outer loop
   vertex 0.30424261093139648 0.1320464015007019 0.010242640040814877
   vertex 0.30519619584083557 0.1320464015007019 0.0090000005438923836
   vertex 0.30424261093139648 0.16504639387130737 0.010242640040814877
  endloop
 endfacet
 facet normal 0.60877102457283516 -0 0.79334597726372846
  outer loop
   vertex 0.30300000309944153 0.16504639387130737 0.011196150444447994
   vertex 0.30424261093139648 0.1320464015007019 0.010242640040814877
   vertex 0.30424261093139648 0.16504639387130737 0.010242640040814877
  endloop
 endfacet
 facet normal 0.60877102457283516 0 0.79334597726372846
  outer loop
   vertex 0.30300000309944153 0.1320464015007019 0.011196150444447994
   vertex 0.30424261093139648 0.1320464015007019 0.010242640040814877
   vertex 0.30300000309944153 0.16504639387130737 0.011196150444447994
  endloop
 endfacet
 facet normal 0.38268141534646621 -0 0.9238803679851767
  outer loop
   vertex 0.30155289173126221 0.16504639387130737 0.011795559898018837
   vertex 0.30300000309944153 0.1320464015007019 0.011196150444447994
   vertex 0.30300000309944153 0.16504639387130737 0.011196150444447994
  endloop
 endfacet
 facet normal 0.38268141534646621 0 0.9238803679851767
  outer loop
   vertex 0.30155289173126221 0.1320464015007019 0.011795559898018837
   vertex 0.30300000309944153 0.1320464015007019 0.011196150444447994
   vertex 0.30155289173126221 0.16504639387130737 0.011795559898018837
  endloop
 endfacet
 facet normal 0.13052600445233303 -0 0.99144488609388148
  outer loop
   vertex 0.30000001192092896 0.16504639387130737 0.012000000104308128
   vertex 0.30155289173126221 0.1320464015007019 0.011795559898018837
   vertex 0.30155289173126221 0.16504639387130737 0.011795559898018837
  endloop
 endfacet
 facet normal 0.13052600445233303 0 0.99144488609388148
  outer loop
   vertex 0.30000001192092896 0.1200001984834671 0.012000000104308128
   vertex 0.30155289173126221 0.1320464015007019 0.011795559898018837
   vertex 0.30000001192092896 0.16504639387130737 0.012000000104308128
  endloop
 endfacet
 facet normal 0.13052600445233303 0 0.99144488609388137
  outer loop
   vertex 0.30155289173126221 0.099046401679515839 0.011795559898018837
   vertex 0.30155289173126221 0.1320464015007019 0.011795559898018837
   vertex 0.30000001192092896 0.1200001984834671 0.012000000104308128
  endloop
 endfacet
 facet normal 0.13052600445233303 0 0.99144488609388148
  outer loop
   vertex 0.30155289173126221 0.066046386957168579 0.011795559898018837
   vertex 0.30155289173126221 0.099046401679515839 0.011795559898018837
   vertex 0.30000001192092896 0.1200001984834671 0.012000000104308128
  endloop
 endfacet
 facet normal 0.38268141534646621 0 0.92388036798517659
  outer loop
   vertex 0.30300000309944153 0.066046386957168579 0.011196150444447994
   vertex 0.30155289173126221 0.099046401679515839 0.011795559898018837
   vertex 0.30155289173126221 0.066046386957168579 0.011795559898018837
  endloop
 endfacet
 facet normal 0.38268141534646621 0 0.9238803679851767
  outer loop
   vertex 0.30300000309944153 0.033046368509531021 0.011196150444447994
   vertex 0.30300000309944153 0.066046386957168579 0.011196150444447994
   vertex 0.30155289173126221 0.066046386957168579 0.011795559898018837
  endloop
 endfacet
 facet normal 0.60877102457283516 0 0.79334597726372857
  outer loop
   vertex 0.30424261093139648 0.033046368509531021 0.010242640040814877
   vertex 0.30300000309944153 0.066046386957168579 0.011196150444447994
   vertex 0.30300000309944153 0.033046368509531021 0.011196150444447994
  endloop
 endfacet
 facet normal 0.60877102457283516 0 0.79334597726372857
  outer loop
   vertex 0.30424261093139648 4.634807919501327e-05 0.010242640040814877
   vertex 0.30424261093139648 0.033046368509531021 0.010242640040814877
   vertex 0.30300000309944153 0.033046368509531021 0.011196150444447994
  endloop
 endfacet
 facet normal 0.79333049608244466 0 0.60879119900470169
  outer loop
   vertex 0.30519619584083557 4.634807919501327e-05 0.0090000005438923836
   vertex 0.30424261093139648 0.033046368509531021 0.010242640040814877
   vertex 0.30424261093139648 4.634807919501327e-05 0.010242640040814877
  endloop
 endfacet
 facet normal 0.79333049608244455 0 0.60879119900470169
  outer loop
   vertex 0.30519619584083557 -0.032953668385744095 0.0090000005438923836
   vertex 0.30519619584083557 4.634807919501327e-05 0.0090000005438923836
   vertex 0.30424261093139648 4.634807919501327e-05 0.010242640040814877
  endloop
 endfacet
 facet normal 0.92387679166195491 0 0.3826900492936976
  outer loop
   vertex 0.30579560995101929 -0.032953668385744095 0.0075529161840677261
   vertex 0.30519619584083557 4.634807919501327e-05 0.0090000005438923836
   vertex 0.30519619584083557 -0.032953668385744095 0.0090000005438923836
  endloop
 endfacet
 facet normal 0.92387679166195491 0 0.38269004929369754
  outer loop
   vertex 0.30579560995101929 -0.065953686833381653 0.0075529161840677261
   vertex 0.30579560995101929 -0.032953668385744095 0.0075529161840677261
   vertex 0.30519619584083557 -0.032953668385744095 0.0090000005438923836
  endloop
 endfacet
 facet normal 0.99144987697759213 0 0.13048808926916494
  outer loop
   vertex 0.3059999942779541 -0.065953686833381653 0.0060000019147992134
   vertex 0.30579560995101929 -0.032953668385744095 0.0075529161840677261
   vertex 0.30579560995101929 -0.065953686833381653 0.0075529161840677261
  endloop
 endfacet
 facet normal 0.99144987697759202 0 0.13048808926916494
  outer loop
   vertex 0.3059999942779541 -0.098953709006309509 0.0060000019147992134
   vertex 0.3059999942779541 -0.065953686833381653 0.0060000019147992134
   vertex 0.30579560995101929 -0.065953686833381653 0.0075529161840677261
  endloop
 endfacet
 facet normal 0.9914498719154381 0 -0.13048812773145857
  outer loop
   vertex 0.30579560995101929 -0.098953709006309509 0.004447088111191988
   vertex 0.3059999942779541 -0.065953686833381653 0.0060000019147992134
   vertex 0.3059999942779541 -0.098953709006309509 0.0060000019147992134
  endloop
 endfacet
 facet normal 0.99144987191543799 0 -0.13048812773145857
  outer loop
   vertex 0.30579560995101929 -0.13195370137691498 0.004447088111191988
   vertex 0.30579560995101929 -0.098953709006309509 0.004447088111191988
   vertex 0.3059999942779541 -0.098953709006309509 0.0060000019147992134
  endloop
 endfacet
 facet normal 0.92387685697135169 0 -0.38268989162602196
  outer loop
   vertex 0.30519619584083557 -0.13195370137691498 0.0030000030528753996
   vertex 0.30579560995101929 -0.098953709006309509 0.004447088111191988
   vertex 0.30579560995101929 -0.13195370137691498 0.004447088111191988
  endloop
 endfacet
 facet normal 0.92387685697135169 0 -0.38268989162602196
  outer loop
   vertex 0.30519619584083557 -0.16495369374752045 0.0030000030528753996
   vertex 0.30519619584083557 -0.13195370137691498 0.0030000030528753996
   vertex 0.30579560995101929 -0.13195370137691498 0.004447088111191988
  endloop
 endfacet
 facet normal 0.79333085417782845 0 -0.60879073236168524
  outer loop
   vertex 0.30424261093139648 -0.16495369374752045 0.0017573620425537229
   vertex 0.30519619584083557 -0.13195370137691498 0.0030000030528753996
   vertex 0.30519619584083557 -0.16495369374752045 0.0030000030528753996
  endloop
 endfacet
 facet normal 0.79333085417782845 0 -0.60879073236168524
  outer loop
   vertex 0.30424261093139648 -0.13195370137691498 0.0017573620425537229
   vertex 0.30519619584083557 -0.13195370137691498 0.0030000030528753996
   vertex 0.30424261093139648 -0.16495369374752045 0.0017573620425537229
  endloop
 endfacet
 facet normal 0.60877191339928372 0 -0.79334529522533581
  outer loop
   vertex 0.30300000309944153 -0.16495369374752045 0.00080384942702949047
   vertex 0.30424261093139648 -0.13195370137691498 0.0017573620425537229
   vertex 0.30424261093139648 -0.16495369374752045 0.0017573620425537229
  endloop
 endfacet
 facet normal 0.60877191339928372 0 -0.79334529522533581
  outer loop
   vertex 0.30300000309944153 -0.13195370137691498 0.00080384942702949047
   vertex 0.30424261093139648 -0.13195370137691498 0.0017573620425537229
   vertex 0.30300000309944153 -0.16495369374752045 0.00080384942702949047
  endloop
 endfacet
 facet normal 0.38267807686870414 0 -0.92388175081233759
  outer loop
   vertex 0.30155289173126221 -0.16495369374752045 0.00020444609981495887
   vertex 0.30300000309944153 -0.13195370137691498 0.00080384942702949047
   vertex 0.30300000309944153 -0.16495369374752045 0.00080384942702949047
  endloop
 endfacet
 facet normal 0.38267807686870414 0 -0.92388175081233759
  outer loop
   vertex 0.30155289173126221 -0.13195370137691498 0.00020444609981495887
   vertex 0.30300000309944153 -0.13195370137691498 0.00080384942702949047
   vertex 0.30155289173126221 -0.16495369374752045 0.00020444609981495887
  endloop
 endfacet
 facet normal 0.13052970309815576 0 -0.9914443991516152
  outer loop
   vertex 0.30000001192092896 -0.16495369374752045 1.3322680133619921e-17
   vertex 0.30155289173126221 -0.13195370137691498 0.00020444609981495887
   vertex 0.30155289173126221 -0.16495369374752045 0.00020444609981495887
  endloop
 endfacet
 facet normal 0.13052970309815576 0 -0.9914443991516152
  outer loop
   vertex 0.30155289173126221 -0.098953709006309509 0.00020444609981495887
   vertex 0.30155289173126221 -0.13195370137691498 0.00020444609981495887
   vertex 0.30000001192092896 -0.16495369374752045 1.3322680133619921e-17
  endloop
 endfacet
 facet normal 0.13052970309815576 0 -0.99144439915161531
  outer loop
   vertex 0.30155289173126221 -0.065953686833381653 0.00020444609981495887
   vertex 0.30155289173126221 -0.098953709006309509 0.00020444609981495887
   vertex 0.30000001192092896 -0.16495369374752045 1.3322680133619921e-17
  endloop
 endfacet
 facet normal 0.38267807686870409 0 -0.92388175081233748
  outer loop
   vertex 0.30300000309944153 -0.065953686833381653 0.00080384942702949047
   vertex 0.30155289173126221 -0.098953709006309509 0.00020444609981495887
   vertex 0.30155289173126221 -0.065953686833381653 0.00020444609981495887
  endloop
 endfacet
 facet normal 0.38267807686870414 0 -0.92388175081233759
  outer loop
   vertex 0.30300000309944153 -0.032953668385744095 0.00080384942702949047
   vertex 0.30300000309944153 -0.065953686833381653 0.00080384942702949047
   vertex 0.30155289173126221 -0.065953686833381653 0.00020444609981495887
  endloop
 endfacet
 facet normal 0.6087719133992836 0 -0.79334529522533559
  outer loop
   vertex 0.30424261093139648 -0.032953668385744095 0.0017573620425537229
   vertex 0.30300000309944153 -0.065953686833381653 0.00080384942702949047
   vertex 0.30300000309944153 -0.032953668385744095 0.00080384942702949047
  endloop
 endfacet
 facet normal 0.60877191339928372 0 -0.7933452952253357
  outer loop
   vertex 0.30424261093139648 4.634807919501327e-05 0.0017573620425537229
   vertex 0.30424261093139648 -0.032953668385744095 0.0017573620425537229
   vertex 0.30300000309944153 -0.032953668385744095 0.00080384942702949047
  endloop
 endfacet
 facet normal 0.79333085417782845 0 -0.60879073236168524
  outer loop
   vertex 0.30519619584083557 4.634807919501327e-05 0.0030000030528753996
   vertex 0.30424261093139648 -0.032953668385744095 0.0017573620425537229
   vertex 0.30424261093139648 4.634807919501327e-05 0.0017573620425537229
  endloop
 endfacet
 facet normal 0.79333085417782845 0 -0.60879073236168524
  outer loop
   vertex 0.30519619584083557 0.033046368509531021 0.0030000030528753996
   vertex 0.30519619584083557 4.634807919501327e-05 0.0030000030528753996
   vertex 0.30424261093139648 4.634807919501327e-05 0.0017573620425537229
  endloop
 endfacet
 facet normal 0.9238768569713518 0 -0.38268989162602196
  outer loop
   vertex 0.30579560995101929 0.033046368509531021 0.004447088111191988
   vertex 0.30519619584083557 4.634807919501327e-05 0.0030000030528753996
   vertex 0.30519619584083557 0.033046368509531021 0.0030000030528753996
  endloop
 endfacet
 facet normal 0.9238768569713518 0 -0.38268989162602202
  outer loop
   vertex 0.30579560995101929 0.066046386957168579 0.004447088111191988
   vertex 0.30579560995101929 0.033046368509531021 0.004447088111191988
   vertex 0.30519619584083557 0.033046368509531021 0.0030000030528753996
  endloop
 endfacet
 facet normal 0.9914498719154381 0 -0.13048812773145857
  outer loop
   vertex 0.3059999942779541 0.066046386957168579 0.0060000019147992134
   vertex 0.30579560995101929 0.033046368509531021 0.004447088111191988
   vertex 0.30579560995101929 0.066046386957168579 0.004447088111191988
  endloop
 endfacet
 facet normal 0.9914498719154381 0 -0.13048812773145857
  outer loop
   vertex 0.3059999942779541 0.099046401679515839 0.0060000019147992134
   vertex 0.3059999942779541 0.066046386957168579 0.0060000019147992134
   vertex 0.30579560995101929 0.066046386957168579 0.004447088111191988
  endloop
 endfacet
 facet normal 0.99144987697759202 -0 0.13048808926916494
  outer loop
   vertex 0.30579560995101929 0.099046401679515839 0.0075529161840677261
   vertex 0.3059999942779541 0.066046386957168579 0.0060000019147992134
   vertex 0.3059999942779541 0.099046401679515839 0.0060000019147992134
  endloop
 endfacet
 facet normal 0.99144987697759213 -0 0.13048808926916494
  outer loop
   vertex 0.30579560995101929 0.1320464015007019 0.0075529161840677261
   vertex 0.30579560995101929 0.099046401679515839 0.0075529161840677261
   vertex 0.3059999942779541 0.099046401679515839 0.0060000019147992134
  endloop
 endfacet
 facet normal 0.92387679166195491 -0 0.38269004929369754
  outer loop
   vertex 0.30519619584083557 0.1320464015007019 0.0090000005438923836
   vertex 0.30579560995101929 0.099046401679515839 0.0075529161840677261
   vertex 0.30579560995101929 0.1320464015007019 0.0075529161840677261
  endloop
 endfacet
 facet normal 0.92387685697135169 0 -0.38268989162602196
  outer loop
   vertex 0.30579560995101929 -0.13195370137691498 0.004447088111191988
   vertex 0.30579560995101929 -0.16495369374752045 0.004447088111191988
   vertex 0.30519619584083557 -0.16495369374752045 0.0030000030528753996
  endloop
 endfacet
 facet normal 0.99144987191543799 0 -0.13048812773145857
  outer loop
   vertex 0.3059999942779541 -0.13195370137691498 0.0060000019147992134
   vertex 0.30579560995101929 -0.16495369374752045 0.004447088111191988
   vertex 0.30579560995101929 -0.13195370137691498 0.004447088111191988
  endloop
 endfacet
 facet normal 0.99144987191543799 0 -0.13048812773145857
  outer loop
   vertex 0.3059999942779541 -0.098953709006309509 0.0060000019147992134
   vertex 0.3059999942779541 -0.13195370137691498 0.0060000019147992134
   vertex 0.30579560995101929 -0.13195370137691498 0.004447088111191988
  endloop
 endfacet
 facet normal 0.99144987697759213 -0 0.13048808926916494
  outer loop
   vertex 0.30579560995101929 -0.098953709006309509 0.0075529161840677261
   vertex 0.3059999942779541 -0.13195370137691498 0.0060000019147992134
   vertex 0.3059999942779541 -0.098953709006309509 0.0060000019147992134
  endloop
 endfacet
 facet normal 0.99144987697759202 -0 0.13048808926916494
  outer loop
   vertex 0.30579560995101929 -0.065953686833381653 0.0075529161840677261
   vertex 0.30579560995101929 -0.098953709006309509 0.0075529161840677261
   vertex 0.3059999942779541 -0.098953709006309509 0.0060000019147992134
  endloop
 endfacet
 facet normal 0.92387679166195502 -0 0.38269004929369754
  outer loop
   vertex 0.30519619584083557 -0.065953686833381653 0.0090000005438923836
   vertex 0.30579560995101929 -0.098953709006309509 0.0075529161840677261
   vertex 0.30579560995101929 -0.065953686833381653 0.0075529161840677261
  endloop
 endfacet
 facet normal 0.92387679166195491 -0 0.38269004929369754
  outer loop
   vertex 0.30519619584083557 -0.032953668385744095 0.0090000005438923836
   vertex 0.30519619584083557 -0.065953686833381653 0.0090000005438923836
   vertex 0.30579560995101929 -0.065953686833381653 0.0075529161840677261
  endloop
 endfacet
 facet normal 0.79333049608244455 -0 0.60879119900470169
  outer loop
   vertex 0.30424261093139648 -0.032953668385744095 0.010242640040814877
   vertex 0.30519619584083557 -0.065953686833381653 0.0090000005438923836
   vertex 0.30519619584083557 -0.032953668385744095 0.0090000005438923836
  endloop
 endfacet
 facet normal 0.79333049608244455 -0 0.60879119900470169
  outer loop
   vertex 0.30424261093139648 4.634807919501327e-05 0.010242640040814877
   vertex 0.30424261093139648 -0.032953668385744095 0.010242640040814877
   vertex 0.30519619584083557 -0.032953668385744095 0.0090000005438923836
  endloop
 endfacet
 facet normal 0.60877102457283516 -0 0.79334597726372857
  outer loop
   vertex 0.30300000309944153 4.634807919501327e-05 0.011196150444447994
   vertex 0.30424261093139648 -0.032953668385744095 0.010242640040814877
   vertex 0.30424261093139648 4.634807919501327e-05 0.010242640040814877
  endloop
 endfacet
 facet normal 0.60877102457283516 -0 0.79334597726372857
  outer loop
   vertex 0.30300000309944153 0.033046368509531021 0.011196150444447994
   vertex 0.30300000309944153 4.634807919501327e-05 0.011196150444447994
   vertex 0.30424261093139648 4.634807919501327e-05 0.010242640040814877
  endloop
 endfacet
 facet normal 0.38268141534646621 -0 0.9238803679851767
  outer loop
   vertex 0.30155289173126221 0.033046368509531021 0.011795559898018837
   vertex 0.30300000309944153 4.634807919501327e-05 0.011196150444447994
   vertex 0.30300000309944153 0.033046368509531021 0.011196150444447994
  endloop
 endfacet
 facet normal 0.38268141534646621 -0 0.9238803679851767
  outer loop
   vertex 0.30155289173126221 0.066046386957168579 0.011795559898018837
   vertex 0.30155289173126221 0.033046368509531021 0.011795559898018837
   vertex 0.30300000309944153 0.033046368509531021 0.011196150444447994
  endloop
 endfacet
 facet normal 0.13052600445233303 -0 0.99144488609388137
  outer loop
   vertex 0.30000001192092896 0.1200001984834671 0.012000000104308128
   vertex 0.30155289173126221 0.033046368509531021 0.011795559898018837
   vertex 0.30155289173126221 0.066046386957168579 0.011795559898018837
  endloop
 endfacet
 facet normal 0.99144987191543799 0 -0.13048812773145857
  outer loop
   vertex 0.3059999942779541 -0.13195370137691498 0.0060000019147992134
   vertex 0.3059999942779541 -0.16495369374752045 0.0060000019147992134
   vertex 0.30579560995101929 -0.16495369374752045 0.004447088111191988
  endloop
 endfacet
 facet normal 0.99144987697759213 -0 0.13048808926916494
  outer loop
   vertex 0.30579560995101929 -0.13195370137691498 0.0075529161840677261
   vertex 0.3059999942779541 -0.16495369374752045 0.0060000019147992134
   vertex 0.3059999942779541 -0.13195370137691498 0.0060000019147992134
  endloop
 endfacet
 facet normal 0.99144987697759213 -0 0.13048808926916494
  outer loop
   vertex 0.30579560995101929 -0.098953709006309509 0.0075529161840677261
   vertex 0.30579560995101929 -0.13195370137691498 0.0075529161840677261
   vertex 0.3059999942779541 -0.13195370137691498 0.0060000019147992134
  endloop
 endfacet
 facet normal 0.92387679166195502 -0 0.3826900492936976
  outer loop
   vertex 0.30519619584083557 -0.098953709006309509 0.0090000005438923836
   vertex 0.30579560995101929 -0.13195370137691498 0.0075529161840677261
   vertex 0.30579560995101929 -0.098953709006309509 0.0075529161840677261
  endloop
 endfacet
 facet normal 0.92387679166195502 -0 0.38269004929369754
  outer loop
   vertex 0.30519619584083557 -0.065953686833381653 0.0090000005438923836
   vertex 0.30519619584083557 -0.098953709006309509 0.0090000005438923836
   vertex 0.30579560995101929 -0.098953709006309509 0.0075529161840677261
  endloop
 endfacet
 facet normal 0.79333049608244455 -0 0.60879119900470169
  outer loop
   vertex 0.30424261093139648 -0.065953686833381653 0.010242640040814877
   vertex 0.30519619584083557 -0.098953709006309509 0.0090000005438923836
   vertex 0.30519619584083557 -0.065953686833381653 0.0090000005438923836
  endloop
 endfacet
 facet normal 0.79333049608244455 -0 0.60879119900470169
  outer loop
   vertex 0.30424261093139648 -0.032953668385744095 0.010242640040814877
   vertex 0.30424261093139648 -0.065953686833381653 0.010242640040814877
   vertex 0.30519619584083557 -0.065953686833381653 0.0090000005438923836
  endloop
 endfacet
 facet normal 0.60877102457283516 -0 0.79334597726372857
  outer loop
   vertex 0.30300000309944153 -0.032953668385744095 0.011196150444447994
   vertex 0.30424261093139648 -0.065953686833381653 0.010242640040814877
   vertex 0.30424261093139648 -0.032953668385744095 0.010242640040814877
  endloop
 endfacet
 facet normal 0.60877102457283516 -0 0.79334597726372857
  outer loop
   vertex 0.30300000309944153 4.634807919501327e-05 0.011196150444447994
   vertex 0.30300000309944153 -0.032953668385744095 0.011196150444447994
   vertex 0.30424261093139648 -0.032953668385744095 0.010242640040814877
  endloop
 endfacet
 facet normal 0.38268141534646621 -0 0.92388036798517659
  outer loop
   vertex 0.30155289173126221 4.634807919501327e-05 0.011795559898018837
   vertex 0.30300000309944153 -0.032953668385744095 0.011196150444447994
   vertex 0.30300000309944153 4.634807919501327e-05 0.011196150444447994
  endloop
 endfacet
 facet normal 0.38268141534646621 -0 0.9238803679851767
  outer loop
   vertex 0.30155289173126221 0.033046368509531021 0.011795559898018837
   vertex 0.30155289173126221 4.634807919501327e-05 0.011795559898018837
   vertex 0.30300000309944153 4.634807919501327e-05 0.011196150444447994
  endloop
 endfacet
 facet normal 0.13052600445233303 -0 0.99144488609388148
  outer loop
   vertex 0.30000001192092896 0.1200001984834671 0.012000000104308128
   vertex 0.30155289173126221 4.634807919501327e-05 0.011795559898018837
   vertex 0.30155289173126221 0.033046368509531021 0.011795559898018837
  endloop
 endfacet
 facet normal 0.99144987697759213 -0 0.13048808926916494
  outer loop
   vertex 0.30579560995101929 -0.13195370137691498 0.0075529161840677261
   vertex 0.30579560995101929 -0.16495369374752045 0.0075529161840677261
   vertex 0.3059999942779541 -0.16495369374752045 0.0060000019147992134
  endloop
 endfacet
 facet normal 0.92387679166195502 -0 0.3826900492936976
  outer loop
   vertex 0.30519619584083557 -0.13195370137691498 0.0090000005438923836
   vertex 0.30579560995101929 -0.16495369374752045 0.0075529161840677261
   vertex 0.30579560995101929 -0.13195370137691498 0.0075529161840677261
  endloop
 endfacet
 facet normal 0.92387679166195502 -0 0.3826900492936976
  outer loop
   vertex 0.30519619584083557 -0.098953709006309509 0.0090000005438923836
   vertex 0.30519619584083557 -0.13195370137691498 0.0090000005438923836
   vertex 0.30579560995101929 -0.13195370137691498 0.0075529161840677261
  endloop
 endfacet
 facet normal 0.79333049608244466 -0 0.60879119900470169
  outer loop
   vertex 0.30424261093139648 -0.098953709006309509 0.010242640040814877
   vertex 0.30519619584083557 -0.13195370137691498 0.0090000005438923836
   vertex 0.30519619584083557 -0.098953709006309509 0.0090000005438923836
  endloop
 endfacet
 facet normal 0.79333049608244455 -0 0.60879119900470169
  outer loop
   vertex 0.30424261093139648 -0.065953686833381653 0.010242640040814877
   vertex 0.30424261093139648 -0.098953709006309509 0.010242640040814877
   vertex 0.30519619584083557 -0.098953709006309509 0.0090000005438923836
  endloop
 endfacet
 facet normal 0.60877102457283516 -0 0.79334597726372857
  outer loop
   vertex 0.30300000309944153 -0.065953686833381653 0.011196150444447994
   vertex 0.30424261093139648 -0.098953709006309509 0.010242640040814877
   vertex 0.30424261093139648 -0.065953686833381653 0.010242640040814877
  endloop
 endfacet
 facet normal 0.60877102457283516 -0 0.79334597726372857
  outer loop
   vertex 0.30300000309944153 -0.032953668385744095 0.011196150444447994
   vertex 0.30300000309944153 -0.065953686833381653 0.011196150444447994
   vertex 0.30424261093139648 -0.065953686833381653 0.010242640040814877
  endloop
 endfacet
 facet normal 0.38268141534646621 -0 0.9238803679851767
  outer loop
   vertex 0.30155289173126221 -0.032953668385744095 0.011795559898018837
   vertex 0.30300000309944153 -0.065953686833381653 0.011196150444447994
   vertex 0.30300000309944153 -0.032953668385744095 0.011196150444447994
  endloop
 endfacet
 facet normal 0.38268141534646621 -0 0.92388036798517659
  outer loop
   vertex 0.30155289173126221 4.634807919501327e-05 0.011795559898018837
   vertex 0.30155289173126221 -0.032953668385744095 0.011795559898018837
   vertex 0.30300000309944153 -0.032953668385744095 0.011196150444447994
  endloop
 endfacet
 facet normal 0.13052600445233303 -0 0.99144488609388148
  outer loop
   vertex 0.30000001192092896 0.1200001984834671 0.012000000104308128
   vertex 0.30155289173126221 -0.032953668385744095 0.011795559898018837
   vertex 0.30155289173126221 4.634807919501327e-05 0.011795559898018837
  endloop
 endfacet
 facet normal 0.92387679166195502 -0 0.3826900492936976
  outer loop
   vertex 0.30519619584083557 -0.13195370137691498 0.0090000005438923836
   vertex 0.30519619584083557 -0.16495369374752045 0.0090000005438923836
   vertex 0.30579560995101929 -0.16495369374752045 0.0075529161840677261
  endloop
 endfacet
 facet normal 0.79333049608244466 -0 0.60879119900470169
  outer loop
   vertex 0.30424261093139648 -0.13195370137691498 0.010242640040814877
   vertex 0.30519619584083557 -0.16495369374752045 0.0090000005438923836
   vertex 0.30519619584083557 -0.13195370137691498 0.0090000005438923836
  endloop
 endfacet
 facet normal 0.79333049608244466 -0 0.60879119900470169
  outer loop
   vertex 0.30424261093139648 -0.098953709006309509 0.010242640040814877
   vertex 0.30424261093139648 -0.13195370137691498 0.010242640040814877
   vertex 0.30519619584083557 -0.13195370137691498 0.0090000005438923836
  endloop
 endfacet
 facet normal 0.60877102457283516 -0 0.79334597726372846
  outer loop
   vertex 0.30300000309944153 -0.098953709006309509 0.011196150444447994
   vertex 0.30424261093139648 -0.13195370137691498 0.010242640040814877
   vertex 0.30424261093139648 -0.098953709006309509 0.010242640040814877
  endloop
 endfacet
 facet normal 0.60877102457283516 -0 0.79334597726372857
  outer loop
   vertex 0.30300000309944153 -0.065953686833381653 0.011196150444447994
   vertex 0.30300000309944153 -0.098953709006309509 0.011196150444447994
   vertex 0.30424261093139648 -0.098953709006309509 0.010242640040814877
  endloop
 endfacet
 facet normal 0.38268141534646621 -0 0.9238803679851767
  outer loop
   vertex 0.30155289173126221 -0.065953686833381653 0.011795559898018837
   vertex 0.30300000309944153 -0.098953709006309509 0.011196150444447994
   vertex 0.30300000309944153 -0.065953686833381653 0.011196150444447994
  endloop
 endfacet
 facet normal 0.38268141534646621 -0 0.9238803679851767
  outer loop
   vertex 0.30155289173126221 -0.032953668385744095 0.011795559898018837
   vertex 0.30155289173126221 -0.065953686833381653 0.011795559898018837
   vertex 0.30300000309944153 -0.065953686833381653 0.011196150444447994
  endloop
 endfacet
 facet normal 0.13052600445233303 -0 0.99144488609388137
  outer loop
   vertex 0.30000001192092896 -0.16495369374752045 0.012000000104308128
   vertex 0.30155289173126221 -0.065953686833381653 0.011795559898018837
   vertex 0.30155289173126221 -0.032953668385744095 0.011795559898018837
  endloop
 endfacet
 facet normal 0.13052600445233303 -0 0.99144488609388148
  outer loop
   vertex 0.30000001192092896 0.1200001984834671 0.012000000104308128
   vertex 0.30000001192092896 -0.16495369374752045 0.012000000104308128
   vertex 0.30155289173126221 -0.032953668385744095 0.011795559898018837
  endloop
 endfacet
 facet normal 0.79333049608244466 -0 0.60879119900470169
  outer loop
   vertex 0.30424261093139648 -0.13195370137691498 0.010242640040814877
   vertex 0.30424261093139648 -0.16495369374752045 0.010242640040814877
   vertex 0.30519619584083557 -0.16495369374752045 0.0090000005438923836
  endloop
 endfacet
 facet normal 0.60877102457283516 -0 0.79334597726372846
  outer loop
   vertex 0.30300000309944153 -0.13195370137691498 0.011196150444447994
   vertex 0.30424261093139648 -0.16495369374752045 0.010242640040814877
   vertex 0.30424261093139648 -0.13195370137691498 0.010242640040814877
  endloop
 endfacet
 facet normal 0.60877102457283516 -0 0.79334597726372846
  outer loop
   vertex 0.30300000309944153 -0.098953709006309509 0.011196150444447994
   vertex 0.30300000309944153 -0.13195370137691498 0.011196150444447994
   vertex 0.30424261093139648 -0.13195370137691498 0.010242640040814877
  endloop
 endfacet
 facet normal 0.38268141534646621 -0 0.9238803679851767
  outer loop
   vertex 0.30155289173126221 -0.098953709006309509 0.011795559898018837
   vertex 0.30300000309944153 -0.13195370137691498 0.011196150444447994
   vertex 0.30300000309944153 -0.098953709006309509 0.011196150444447994
  endloop
 endfacet
 facet normal 0.38268141534646621 -0 0.9238803679851767
  outer loop
   vertex 0.30155289173126221 -0.065953686833381653 0.011795559898018837
   vertex 0.30155289173126221 -0.098953709006309509 0.011795559898018837
   vertex 0.30300000309944153 -0.098953709006309509 0.011196150444447994
  endloop
 endfacet
 facet normal 0.13052600445233303 -0 0.99144488609388148
  outer loop
   vertex 0.30000001192092896 -0.16495369374752045 0.012000000104308128
   vertex 0.30155289173126221 -0.098953709006309509 0.011795559898018837
   vertex 0.30155289173126221 -0.065953686833381653 0.011795559898018837
  endloop
 endfacet
 facet normal 0.60877102457283516 -0 0.79334597726372846
  outer loop
   vertex 0.30300000309944153 -0.13195370137691498 0.011196150444447994
   vertex 0.30300000309944153 -0.16495369374752045 0.011196150444447994
   vertex 0.30424261093139648 -0.16495369374752045 0.010242640040814877
  endloop
 endfacet
 facet normal 0.38268141534646621 -0 0.9238803679851767
  outer loop
   vertex 0.30155289173126221 -0.13195370137691498 0.011795559898018837
   vertex 0.30300000309944153 -0.16495369374752045 0.011196150444447994
   vertex 0.30300000309944153 -0.13195370137691498 0.011196150444447994
  endloop
 endfacet
 facet normal 0.38268141534646621 -0 0.9238803679851767
  outer loop
   vertex 0.30155289173126221 -0.098953709006309509 0.011795559898018837
   vertex 0.30155289173126221 -0.13195370137691498 0.011795559898018837
   vertex 0.30300000309944153 -0.13195370137691498 0.011196150444447994
  endloop
 endfacet
 facet normal 0.13052600445233303 -0 0.99144488609388148
  outer loop
   vertex 0.30000001192092896 -0.16495369374752045 0.012000000104308128
   vertex 0.30155289173126221 -0.13195370137691498 0.011795559898018837
   vertex 0.30155289173126221 -0.098953709006309509 0.011795559898018837
  endloop
 endfacet
 facet normal 0.38268141534646621 -0 0.9238803679851767
  outer loop
   vertex 0.30155289173126221 -0.13195370137691498 0.011795559898018837
   vertex 0.30155289173126221 -0.16495369374752045 0.011795559898018837
   vertex 0.30300000309944153 -0.16495369374752045 0.011196150444447994
  endloop
 endfacet
 facet normal 0.13052600445233303 -0 0.99144488609388148
  outer loop
   vertex 0.30000001192092896 -0.16495369374752045 0.012000000104308128
   vertex 0.30155289173126221 -0.16495369374752045 0.011795559898018837
   vertex 0.30155289173126221 -0.13195370137691498 0.011795559898018837
  endloop
 endfacet
 facet normal 0.79333085417782845 0 -0.60879073236168524
  outer loop
   vertex 0.30424261093139648 0.1320464015007019 0.0017573620425537229
   vertex 0.30424261093139648 0.16504639387130737 0.0017573620425537229
   vertex 0.30519619584083557 0.16504639387130737 0.0030000030528753996
  endloop
 endfacet
 facet normal 0.60877191339928372 0 -0.79334529522533581
  outer loop
   vertex 0.30300000309944153 0.1320464015007019 0.00080384942702949047
   vertex 0.30424261093139648 0.16504639387130737 0.0017573620425537229
   vertex 0.30424261093139648 0.1320464015007019 0.0017573620425537229
  endloop
 endfacet
 facet normal 0.6087719133992836 0 -0.79334529522533559
  outer loop
   vertex 0.30300000309944153 0.099046401679515839 0.00080384942702949047
   vertex 0.30300000309944153 0.1320464015007019 0.00080384942702949047
   vertex 0.30424261093139648 0.1320464015007019 0.0017573620425537229
  endloop
 endfacet
 facet normal 0.38267807686870409 0 -0.92388175081233748
  outer loop
   vertex 0.30155289173126221 0.099046401679515839 0.00020444609981495887
   vertex 0.30300000309944153 0.1320464015007019 0.00080384942702949047
   vertex 0.30300000309944153 0.099046401679515839 0.00080384942702949047
  endloop
 endfacet
 facet normal 0.38267807686870414 0 -0.92388175081233759
  outer loop
   vertex 0.30155289173126221 0.066046386957168579 0.00020444609981495887
   vertex 0.30155289173126221 0.099046401679515839 0.00020444609981495887
   vertex 0.30300000309944153 0.099046401679515839 0.00080384942702949047
  endloop
 endfacet
 facet normal 0.13052970309815576 0 -0.9914443991516152
  outer loop
   vertex 0.30000001192092896 0.16504639387130737 1.3322680133619921e-17
   vertex 0.30155289173126221 0.099046401679515839 0.00020444609981495887
   vertex 0.30155289173126221 0.066046386957168579 0.00020444609981495887
  endloop
 endfacet
 facet normal 0.60877191339928372 0 -0.79334529522533581
  outer loop
   vertex 0.30300000309944153 0.1320464015007019 0.00080384942702949047
   vertex 0.30300000309944153 0.16504639387130737 0.00080384942702949047
   vertex 0.30424261093139648 0.16504639387130737 0.0017573620425537229
  endloop
 endfacet
 facet normal 0.38267807686870414 0 -0.92388175081233759
  outer loop
   vertex 0.30155289173126221 0.1320464015007019 0.00020444609981495887
   vertex 0.30300000309944153 0.16504639387130737 0.00080384942702949047
   vertex 0.30300000309944153 0.1320464015007019 0.00080384942702949047
  endloop
 endfacet
 facet normal 0.38267807686870409 0 -0.92388175081233748
  outer loop
   vertex 0.30155289173126221 0.099046401679515839 0.00020444609981495887
   vertex 0.30155289173126221 0.1320464015007019 0.00020444609981495887
   vertex 0.30300000309944153 0.1320464015007019 0.00080384942702949047
  endloop
 endfacet
 facet normal 0.13052970309815576 0 -0.9914443991516152
  outer loop
   vertex 0.30000001192092896 0.16504639387130737 1.3322680133619921e-17
   vertex 0.30155289173126221 0.1320464015007019 0.00020444609981495887
   vertex 0.30155289173126221 0.099046401679515839 0.00020444609981495887
  endloop
 endfacet
 facet normal 0.38267807686870414 0 -0.92388175081233759
  outer loop
   vertex 0.30155289173126221 0.1320464015007019 0.00020444609981495887
   vertex 0.30155289173126221 0.16504639387130737 0.00020444609981495887
   vertex 0.30300000309944153 0.16504639387130737 0.00080384942702949047
  endloop
 endfacet
 facet normal 0.13052970309815576 0 -0.9914443991516152
  outer loop
   vertex 0.30000001192092896 0.16504639387130737 1.3322680133619921e-17
   vertex 0.30155289173126221 0.16504639387130737 0.00020444609981495887
   vertex 0.30155289173126221 0.1320464015007019 0.00020444609981495887
  endloop
 endfacet
 facet normal 0.38267807686870414 0 -0.92388175081233759
  outer loop
   vertex 0.30300000309944153 -0.098953709006309509 0.00080384942702949047
   vertex 0.30155289173126221 -0.13195370137691498 0.00020444609981495887
   vertex 0.30155289173126221 -0.098953709006309509 0.00020444609981495887
  endloop
 endfacet
 facet normal 0.38267807686870414 0 -0.92388175081233759
  outer loop
   vertex 0.30300000309944153 -0.13195370137691498 0.00080384942702949047
   vertex 0.30155289173126221 -0.13195370137691498 0.00020444609981495887
   vertex 0.30300000309944153 -0.098953709006309509 0.00080384942702949047
  endloop
 endfacet
 facet normal 0.60877191339928372 0 -0.79334529522533581
  outer loop
   vertex 0.30424261093139648 -0.098953709006309509 0.0017573620425537229
   vertex 0.30300000309944153 -0.13195370137691498 0.00080384942702949047
   vertex 0.30300000309944153 -0.098953709006309509 0.00080384942702949047
  endloop
 endfacet
 facet normal 0.60877191339928372 0 -0.79334529522533581
  outer loop
   vertex 0.30424261093139648 -0.13195370137691498 0.0017573620425537229
   vertex 0.30300000309944153 -0.13195370137691498 0.00080384942702949047
   vertex 0.30424261093139648 -0.098953709006309509 0.0017573620425537229
  endloop
 endfacet
 facet normal 0.79333085417782845 0 -0.60879073236168524
  outer loop
   vertex 0.30519619584083557 -0.098953709006309509 0.0030000030528753996
   vertex 0.30424261093139648 -0.13195370137691498 0.0017573620425537229
   vertex 0.30424261093139648 -0.098953709006309509 0.0017573620425537229
  endloop
 endfacet
 facet normal 0.79333085417782845 0 -0.60879073236168524
  outer loop
   vertex 0.30519619584083557 -0.13195370137691498 0.0030000030528753996
   vertex 0.30424261093139648 -0.13195370137691498 0.0017573620425537229
   vertex 0.30519619584083557 -0.098953709006309509 0.0030000030528753996
  endloop
 endfacet
 facet normal 0.92387685697135169 0 -0.38268989162602196
  outer loop
   vertex 0.30579560995101929 -0.098953709006309509 0.004447088111191988
   vertex 0.30519619584083557 -0.13195370137691498 0.0030000030528753996
   vertex 0.30519619584083557 -0.098953709006309509 0.0030000030528753996
  endloop
 endfacet
 facet normal 0.13052970309815581 0 -0.9914443991516152
  outer loop
   vertex 0.30155289173126221 -0.032953668385744095 0.00020444609981495887
   vertex 0.30000001192092896 -0.16495369374752045 1.3322680133619921e-17
   vertex 0.30155289173126221 4.634807919501327e-05 0.00020444609981495887
  endloop
 endfacet
 facet normal 0.13052970309815576 0 -0.9914443991516152
  outer loop
   vertex 0.30155289173126221 -0.065953686833381653 0.00020444609981495887
   vertex 0.30000001192092896 -0.16495369374752045 1.3322680133619921e-17
   vertex 0.30155289173126221 -0.032953668385744095 0.00020444609981495887
  endloop
 endfacet
 facet normal 0.38267807686870414 0 -0.92388175081233759
  outer loop
   vertex 0.30300000309944153 -0.032953668385744095 0.00080384942702949047
   vertex 0.30155289173126221 -0.065953686833381653 0.00020444609981495887
   vertex 0.30155289173126221 -0.032953668385744095 0.00020444609981495887
  endloop
 endfacet
 facet normal 0.38267807686870414 0 -0.92388175081233759
  outer loop
   vertex 0.30300000309944153 4.634807919501327e-05 0.00080384942702949047
   vertex 0.30155289173126221 -0.032953668385744095 0.00020444609981495887
   vertex 0.30155289173126221 4.634807919501327e-05 0.00020444609981495887
  endloop
 endfacet
 facet normal 0.38267807686870414 0 -0.92388175081233759
  outer loop
   vertex 0.30300000309944153 -0.032953668385744095 0.00080384942702949047
   vertex 0.30155289173126221 -0.032953668385744095 0.00020444609981495887
   vertex 0.30300000309944153 4.634807919501327e-05 0.00080384942702949047
  endloop
 endfacet
 facet normal 0.60877191339928372 0 -0.7933452952253357
  outer loop
   vertex 0.30424261093139648 4.634807919501327e-05 0.0017573620425537229
   vertex 0.30300000309944153 -0.032953668385744095 0.00080384942702949047
   vertex 0.30300000309944153 4.634807919501327e-05 0.00080384942702949047
  endloop
 endfacet
 facet normal 0.38267807686870409 0 -0.92388175081233748
  outer loop
   vertex 0.30300000309944153 0.033046368509531021 0.00080384942702949047
   vertex 0.30155289173126221 4.634807919501327e-05 0.00020444609981495887
   vertex 0.30155289173126221 0.033046368509531021 0.00020444609981495887
  endloop
 endfacet
 facet normal 0.38267807686870409 0 -0.92388175081233748
  outer loop
   vertex 0.30300000309944153 4.634807919501327e-05 0.00080384942702949047
   vertex 0.30155289173126221 4.634807919501327e-05 0.00020444609981495887
   vertex 0.30300000309944153 0.033046368509531021 0.00080384942702949047
  endloop
 endfacet
 facet normal 0.60877191339928372 0 -0.7933452952253357
  outer loop
   vertex 0.30424261093139648 0.033046368509531021 0.0017573620425537229
   vertex 0.30300000309944153 4.634807919501327e-05 0.00080384942702949047
   vertex 0.30300000309944153 0.033046368509531021 0.00080384942702949047
  endloop
 endfacet
 facet normal 0.60877191339928372 0 -0.7933452952253357
  outer loop
   vertex 0.30424261093139648 4.634807919501327e-05 0.0017573620425537229
   vertex 0.30300000309944153 4.634807919501327e-05 0.00080384942702949047
   vertex 0.30424261093139648 0.033046368509531021 0.0017573620425537229
  endloop
 endfacet
 facet normal 0.79333085417782845 0 -0.60879073236168524
  outer loop
   vertex 0.30519619584083557 0.033046368509531021 0.0030000030528753996
   vertex 0.30424261093139648 4.634807919501327e-05 0.0017573620425537229
   vertex 0.30424261093139648 0.033046368509531021 0.0017573620425537229
  endloop
 endfacet
 facet normal 0.38267807686870409 0 -0.92388175081233748
  outer loop
   vertex 0.30300000309944153 -0.065953686833381653 0.00080384942702949047
   vertex 0.30300000309944153 -0.098953709006309509 0.00080384942702949047
   vertex 0.30155289173126221 -0.098953709006309509 0.00020444609981495887
  endloop
 endfacet
 facet normal 0.6087719133992836 0 -0.7933452952253357
  outer loop
   vertex 0.30424261093139648 -0.065953686833381653 0.0017573620425537229
   vertex 0.30300000309944153 -0.098953709006309509 0.00080384942702949047
   vertex 0.30300000309944153 -0.065953686833381653 0.00080384942702949047
  endloop
 endfacet
 facet normal 0.6087719133992836 0 -0.79334529522533559
  outer loop
   vertex 0.30424261093139648 -0.032953668385744095 0.0017573620425537229
   vertex 0.30424261093139648 -0.065953686833381653 0.0017573620425537229
   vertex 0.30300000309944153 -0.065953686833381653 0.00080384942702949047
  endloop
 endfacet
 facet normal 0.79333085417782845 0 -0.60879073236168524
  outer loop
   vertex 0.30519619584083557 -0.032953668385744095 0.0030000030528753996
   vertex 0.30424261093139648 -0.065953686833381653 0.0017573620425537229
   vertex 0.30424261093139648 -0.032953668385744095 0.0017573620425537229
  endloop
 endfacet
 facet normal 0.79333085417782845 0 -0.60879073236168524
  outer loop
   vertex 0.30519619584083557 4.634807919501327e-05 0.0030000030528753996
   vertex 0.30519619584083557 -0.032953668385744095 0.0030000030528753996
   vertex 0.30424261093139648 -0.032953668385744095 0.0017573620425537229
  endloop
 endfacet
 facet normal 0.9238768569713518 0 -0.38268989162602196
  outer loop
   vertex 0.30579560995101929 4.634807919501327e-05 0.004447088111191988
   vertex 0.30519619584083557 -0.032953668385744095 0.0030000030528753996
   vertex 0.30519619584083557 4.634807919501327e-05 0.0030000030528753996
  endloop
 endfacet
 facet normal 0.9238768569713518 0 -0.38268989162602196
  outer loop
   vertex 0.30579560995101929 0.033046368509531021 0.004447088111191988
   vertex 0.30579560995101929 4.634807919501327e-05 0.004447088111191988
   vertex 0.30519619584083557 4.634807919501327e-05 0.0030000030528753996
  endloop
 endfacet
 facet normal 0.9914498719154381 0 -0.1304881277314586
  outer loop
   vertex 0.3059999942779541 0.033046368509531021 0.0060000019147992134
   vertex 0.30579560995101929 4.634807919501327e-05 0.004447088111191988
   vertex 0.30579560995101929 0.033046368509531021 0.004447088111191988
  endloop
 endfacet
 facet normal 0.9914498719154381 0 -0.13048812773145857
  outer loop
   vertex 0.3059999942779541 0.066046386957168579 0.0060000019147992134
   vertex 0.3059999942779541 0.033046368509531021 0.0060000019147992134
   vertex 0.30579560995101929 0.033046368509531021 0.004447088111191988
  endloop
 endfacet
 facet normal 0.99144987697759213 -0 0.13048808926916494
  outer loop
   vertex 0.30579560995101929 0.066046386957168579 0.0075529161840677261
   vertex 0.3059999942779541 0.033046368509531021 0.0060000019147992134
   vertex 0.3059999942779541 0.066046386957168579 0.0060000019147992134
  endloop
 endfacet
 facet normal 0.99144987697759202 -0 0.13048808926916494
  outer loop
   vertex 0.30579560995101929 0.099046401679515839 0.0075529161840677261
   vertex 0.30579560995101929 0.066046386957168579 0.0075529161840677261
   vertex 0.3059999942779541 0.066046386957168579 0.0060000019147992134
  endloop
 endfacet
 facet normal 0.92387679166195491 -0 0.38269004929369754
  outer loop
   vertex 0.30519619584083557 0.099046401679515839 0.0090000005438923836
   vertex 0.30579560995101929 0.066046386957168579 0.0075529161840677261
   vertex 0.30579560995101929 0.099046401679515839 0.0075529161840677261
  endloop
 endfacet
 facet normal 0.92387679166195491 -0 0.38269004929369754
  outer loop
   vertex 0.30519619584083557 0.1320464015007019 0.0090000005438923836
   vertex 0.30519619584083557 0.099046401679515839 0.0090000005438923836
   vertex 0.30579560995101929 0.099046401679515839 0.0075529161840677261
  endloop
 endfacet
 facet normal 0.79333049608244455 -0 0.60879119900470169
  outer loop
   vertex 0.30424261093139648 0.1320464015007019 0.010242640040814877
   vertex 0.30519619584083557 0.099046401679515839 0.0090000005438923836
   vertex 0.30519619584083557 0.1320464015007019 0.0090000005438923836
  endloop
 endfacet
 facet normal 0.6087719133992836 0 -0.7933452952253357
  outer loop
   vertex 0.30424261093139648 -0.098953709006309509 0.0017573620425537229
   vertex 0.30300000309944153 -0.098953709006309509 0.00080384942702949047
   vertex 0.30424261093139648 -0.065953686833381653 0.0017573620425537229
  endloop
 endfacet
 facet normal 0.38267807686870414 0 -0.92388175081233759
  outer loop
   vertex 0.30300000309944153 0.066046386957168579 0.00080384942702949047
   vertex 0.30300000309944153 0.033046368509531021 0.00080384942702949047
   vertex 0.30155289173126221 0.033046368509531021 0.00020444609981495887
  endloop
 endfacet
 facet normal 0.6087719133992836 0 -0.79334529522533559
  outer loop
   vertex 0.30424261093139648 0.066046386957168579 0.0017573620425537229
   vertex 0.30300000309944153 0.033046368509531021 0.00080384942702949047
   vertex 0.30300000309944153 0.066046386957168579 0.00080384942702949047
  endloop
 endfacet
 facet normal 0.60877191339928372 0 -0.7933452952253357
  outer loop
   vertex 0.30424261093139648 0.099046401679515839 0.0017573620425537229
   vertex 0.30424261093139648 0.066046386957168579 0.0017573620425537229
   vertex 0.30300000309944153 0.066046386957168579 0.00080384942702949047
  endloop
 endfacet
 facet normal 0.79333085417782845 0 -0.60879073236168524
  outer loop
   vertex 0.30519619584083557 0.099046401679515839 0.0030000030528753996
   vertex 0.30424261093139648 0.066046386957168579 0.0017573620425537229
   vertex 0.30424261093139648 0.099046401679515839 0.0017573620425537229
  endloop
 endfacet
 facet normal 0.79333085417782845 0 -0.60879073236168524
  outer loop
   vertex 0.30519619584083557 0.1320464015007019 0.0030000030528753996
   vertex 0.30519619584083557 0.099046401679515839 0.0030000030528753996
   vertex 0.30424261093139648 0.099046401679515839 0.0017573620425537229
  endloop
 endfacet
 facet normal 0.9238768569713518 0 -0.38268989162602202
  outer loop
   vertex 0.30579560995101929 0.1320464015007019 0.004447088111191988
   vertex 0.30519619584083557 0.099046401679515839 0.0030000030528753996
   vertex 0.30519619584083557 0.1320464015007019 0.0030000030528753996
  endloop
 endfacet
 facet normal 0.6087719133992836 0 -0.79334529522533559
  outer loop
   vertex 0.30424261093139648 0.033046368509531021 0.0017573620425537229
   vertex 0.30300000309944153 0.033046368509531021 0.00080384942702949047
   vertex 0.30424261093139648 0.066046386957168579 0.0017573620425537229
  endloop
 endfacet
 facet normal 0.79333085417782845 0 -0.60879073236168524
  outer loop
   vertex 0.30519619584083557 -0.065953686833381653 0.0030000030528753996
   vertex 0.30424261093139648 -0.098953709006309509 0.0017573620425537229
   vertex 0.30424261093139648 -0.065953686833381653 0.0017573620425537229
  endloop
 endfacet
 facet normal 0.79333085417782845 0 -0.60879073236168524
  outer loop
   vertex 0.30519619584083557 -0.098953709006309509 0.0030000030528753996
   vertex 0.30424261093139648 -0.098953709006309509 0.0017573620425537229
   vertex 0.30519619584083557 -0.065953686833381653 0.0030000030528753996
  endloop
 endfacet
 facet normal 0.9238768569713518 0 -0.38268989162602202
  outer loop
   vertex 0.30579560995101929 -0.065953686833381653 0.004447088111191988
   vertex 0.30519619584083557 -0.098953709006309509 0.0030000030528753996
   vertex 0.30519619584083557 -0.065953686833381653 0.0030000030528753996
  endloop
 endfacet
 facet normal 0.9238768569713518 0 -0.38268989162602202
  outer loop
   vertex 0.30579560995101929 -0.098953709006309509 0.004447088111191988
   vertex 0.30519619584083557 -0.098953709006309509 0.0030000030528753996
   vertex 0.30579560995101929 -0.065953686833381653 0.004447088111191988
  endloop
 endfacet
 facet normal 0.9914498719154381 0 -0.13048812773145857
  outer loop
   vertex 0.3059999942779541 -0.065953686833381653 0.0060000019147992134
   vertex 0.30579560995101929 -0.098953709006309509 0.004447088111191988
   vertex 0.30579560995101929 -0.065953686833381653 0.004447088111191988
  endloop
 endfacet
 facet normal 0.79333085417782845 0 -0.60879073236168524
  outer loop
   vertex 0.30519619584083557 0.066046386957168579 0.0030000030528753996
   vertex 0.30424261093139648 0.033046368509531021 0.0017573620425537229
   vertex 0.30424261093139648 0.066046386957168579 0.0017573620425537229
  endloop
 endfacet
 facet normal 0.79333085417782845 0 -0.60879073236168524
  outer loop
   vertex 0.30519619584083557 0.033046368509531021 0.0030000030528753996
   vertex 0.30424261093139648 0.033046368509531021 0.0017573620425537229
   vertex 0.30519619584083557 0.066046386957168579 0.0030000030528753996
  endloop
 endfacet
 facet normal 0.9238768569713518 0 -0.38268989162602202
  outer loop
   vertex 0.30579560995101929 0.066046386957168579 0.004447088111191988
   vertex 0.30519619584083557 0.033046368509531021 0.0030000030528753996
   vertex 0.30519619584083557 0.066046386957168579 0.0030000030528753996
  endloop
 endfacet
 facet normal 0.79333085417782845 0 -0.60879073236168524
  outer loop
   vertex 0.30519619584083557 -0.032953668385744095 0.0030000030528753996
   vertex 0.30519619584083557 -0.065953686833381653 0.0030000030528753996
   vertex 0.30424261093139648 -0.065953686833381653 0.0017573620425537229
  endloop
 endfacet
 facet normal 0.9238768569713518 0 -0.38268989162602202
  outer loop
   vertex 0.30579560995101929 -0.032953668385744095 0.004447088111191988
   vertex 0.30519619584083557 -0.065953686833381653 0.0030000030528753996
   vertex 0.30519619584083557 -0.032953668385744095 0.0030000030528753996
  endloop
 endfacet
 facet normal 0.9238768569713518 0 -0.38268989162602196
  outer loop
   vertex 0.30579560995101929 4.634807919501327e-05 0.004447088111191988
   vertex 0.30579560995101929 -0.032953668385744095 0.004447088111191988
   vertex 0.30519619584083557 -0.032953668385744095 0.0030000030528753996
  endloop
 endfacet
 facet normal 0.9914498719154381 0 -0.13048812773145857
  outer loop
   vertex 0.3059999942779541 4.634807919501327e-05 0.0060000019147992134
   vertex 0.30579560995101929 -0.032953668385744095 0.004447088111191988
   vertex 0.30579560995101929 4.634807919501327e-05 0.004447088111191988
  endloop
 endfacet
 facet normal 0.9914498719154381 0 -0.1304881277314586
  outer loop
   vertex 0.3059999942779541 0.033046368509531021 0.0060000019147992134
   vertex 0.3059999942779541 4.634807919501327e-05 0.0060000019147992134
   vertex 0.30579560995101929 4.634807919501327e-05 0.004447088111191988
  endloop
 endfacet
 facet normal 0.99144987697759202 -0 0.13048808926916494
  outer loop
   vertex 0.30579560995101929 0.033046368509531021 0.0075529161840677261
   vertex 0.3059999942779541 4.634807919501327e-05 0.0060000019147992134
   vertex 0.3059999942779541 0.033046368509531021 0.0060000019147992134
  endloop
 endfacet
 facet normal 0.99144987697759213 -0 0.13048808926916494
  outer loop
   vertex 0.30579560995101929 0.066046386957168579 0.0075529161840677261
   vertex 0.30579560995101929 0.033046368509531021 0.0075529161840677261
   vertex 0.3059999942779541 0.033046368509531021 0.0060000019147992134
  endloop
 endfacet
 facet normal 0.92387679166195491 -0 0.38269004929369754
  outer loop
   vertex 0.30519619584083557 0.066046386957168579 0.0090000005438923836
   vertex 0.30579560995101929 0.033046368509531021 0.0075529161840677261
   vertex 0.30579560995101929 0.066046386957168579 0.0075529161840677261
  endloop
 endfacet
 facet normal 0.92387679166195491 -0 0.38269004929369754
  outer loop
   vertex 0.30519619584083557 0.099046401679515839 0.0090000005438923836
   vertex 0.30519619584083557 0.066046386957168579 0.0090000005438923836
   vertex 0.30579560995101929 0.066046386957168579 0.0075529161840677261
  endloop
 endfacet
 facet normal 0.79333049608244466 -0 0.6087911990047018
  outer loop
   vertex 0.30424261093139648 0.099046401679515839 0.010242640040814877
   vertex 0.30519619584083557 0.066046386957168579 0.0090000005438923836
   vertex 0.30519619584083557 0.099046401679515839 0.0090000005438923836
  endloop
 endfacet
 facet normal 0.79333049608244455 -0 0.60879119900470169
  outer loop
   vertex 0.30424261093139648 0.1320464015007019 0.010242640040814877
   vertex 0.30424261093139648 0.099046401679515839 0.010242640040814877
   vertex 0.30519619584083557 0.099046401679515839 0.0090000005438923836
  endloop
 endfacet
 facet normal 0.60877102457283516 -0 0.79334597726372857
  outer loop
   vertex 0.30300000309944153 0.1320464015007019 0.011196150444447994
   vertex 0.30424261093139648 0.099046401679515839 0.010242640040814877
   vertex 0.30424261093139648 0.1320464015007019 0.010242640040814877
  endloop
 endfacet
 facet normal 0.9238768569713518 0 -0.38268989162602202
  outer loop
   vertex 0.30579560995101929 -0.065953686833381653 0.004447088111191988
   vertex 0.30519619584083557 -0.065953686833381653 0.0030000030528753996
   vertex 0.30579560995101929 -0.032953668385744095 0.004447088111191988
  endloop
 endfacet
 facet normal 0.79333085417782845 0 -0.60879073236168524
  outer loop
   vertex 0.30519619584083557 0.099046401679515839 0.0030000030528753996
   vertex 0.30519619584083557 0.066046386957168579 0.0030000030528753996
   vertex 0.30424261093139648 0.066046386957168579 0.0017573620425537229
  endloop
 endfacet
 facet normal 0.92387685697135169 0 -0.38268989162602196
  outer loop
   vertex 0.30579560995101929 0.099046401679515839 0.004447088111191988
   vertex 0.30519619584083557 0.066046386957168579 0.0030000030528753996
   vertex 0.30519619584083557 0.099046401679515839 0.0030000030528753996
  endloop
 endfacet
 facet normal 0.9238768569713518 0 -0.38268989162602202
  outer loop
   vertex 0.30579560995101929 0.1320464015007019 0.004447088111191988
   vertex 0.30579560995101929 0.099046401679515839 0.004447088111191988
   vertex 0.30519619584083557 0.099046401679515839 0.0030000030528753996
  endloop
 endfacet
 facet normal 0.9914498719154381 0 -0.13048812773145857
  outer loop
   vertex 0.3059999942779541 0.1320464015007019 0.0060000019147992134
   vertex 0.30579560995101929 0.099046401679515839 0.004447088111191988
   vertex 0.30579560995101929 0.1320464015007019 0.004447088111191988
  endloop
 endfacet
 facet normal 0.92387685697135169 0 -0.38268989162602196
  outer loop
   vertex 0.30579560995101929 0.066046386957168579 0.004447088111191988
   vertex 0.30519619584083557 0.066046386957168579 0.0030000030528753996
   vertex 0.30579560995101929 0.099046401679515839 0.004447088111191988
  endloop
 endfacet
 facet normal 0.9914498719154381 0 -0.13048812773145857
  outer loop
   vertex 0.3059999942779541 -0.032953668385744095 0.0060000019147992134
   vertex 0.30579560995101929 -0.065953686833381653 0.004447088111191988
   vertex 0.30579560995101929 -0.032953668385744095 0.004447088111191988
  endloop
 endfacet
 facet normal 0.9914498719154381 0 -0.13048812773145857
  outer loop
   vertex 0.3059999942779541 -0.065953686833381653 0.0060000019147992134
   vertex 0.30579560995101929 -0.065953686833381653 0.004447088111191988
   vertex 0.3059999942779541 -0.032953668385744095 0.0060000019147992134
  endloop
 endfacet
 facet normal 0.99144987697759213 -0 0.13048808926916494
  outer loop
   vertex 0.30579560995101929 -0.032953668385744095 0.0075529161840677261
   vertex 0.3059999942779541 -0.065953686833381653 0.0060000019147992134
   vertex 0.3059999942779541 -0.032953668385744095 0.0060000019147992134
  endloop
 endfacet
 facet normal 0.9914498719154381 0 -0.13048812773145857
  outer loop
   vertex 0.3059999942779541 0.099046401679515839 0.0060000019147992134
   vertex 0.30579560995101929 0.099046401679515839 0.004447088111191988
   vertex 0.3059999942779541 0.1320464015007019 0.0060000019147992134
  endloop
 endfacet
 facet normal 0.9914498719154381 0 -0.13048812773145857
  outer loop
   vertex 0.30579560995101929 0.066046386957168579 0.004447088111191988
   vertex 0.30579560995101929 0.099046401679515839 0.004447088111191988
   vertex 0.3059999942779541 0.099046401679515839 0.0060000019147992134
  endloop
 endfacet
 facet normal 0.9914498719154381 0 -0.13048812773145857
  outer loop
   vertex 0.3059999942779541 4.634807919501327e-05 0.0060000019147992134
   vertex 0.3059999942779541 -0.032953668385744095 0.0060000019147992134
   vertex 0.30579560995101929 -0.032953668385744095 0.004447088111191988
  endloop
 endfacet
 facet normal 0.99144987697759202 -0 0.13048808926916494
  outer loop
   vertex 0.30579560995101929 4.634807919501327e-05 0.0075529161840677261
   vertex 0.3059999942779541 -0.032953668385744095 0.0060000019147992134
   vertex 0.3059999942779541 4.634807919501327e-05 0.0060000019147992134
  endloop
 endfacet
 facet normal 0.99144987697759202 -0 0.13048808926916494
  outer loop
   vertex 0.30579560995101929 0.033046368509531021 0.0075529161840677261
   vertex 0.30579560995101929 4.634807919501327e-05 0.0075529161840677261
   vertex 0.3059999942779541 4.634807919501327e-05 0.0060000019147992134
  endloop
 endfacet
 facet normal 0.92387679166195502 -0 0.38269004929369754
  outer loop
   vertex 0.30519619584083557 0.033046368509531021 0.0090000005438923836
   vertex 0.30579560995101929 4.634807919501327e-05 0.0075529161840677261
   vertex 0.30579560995101929 0.033046368509531021 0.0075529161840677261
  endloop
 endfacet
 facet normal 0.92387679166195491 -0 0.38269004929369754
  outer loop
   vertex 0.30519619584083557 0.066046386957168579 0.0090000005438923836
   vertex 0.30519619584083557 0.033046368509531021 0.0090000005438923836
   vertex 0.30579560995101929 0.033046368509531021 0.0075529161840677261
  endloop
 endfacet
 facet normal 0.79333049608244455 -0 0.60879119900470169
  outer loop
   vertex 0.30424261093139648 0.066046386957168579 0.010242640040814877
   vertex 0.30519619584083557 0.033046368509531021 0.0090000005438923836
   vertex 0.30519619584083557 0.066046386957168579 0.0090000005438923836
  endloop
 endfacet
 facet normal 0.79333049608244466 -0 0.6087911990047018
  outer loop
   vertex 0.30424261093139648 0.099046401679515839 0.010242640040814877
   vertex 0.30424261093139648 0.066046386957168579 0.010242640040814877
   vertex 0.30519619584083557 0.066046386957168579 0.0090000005438923836
  endloop
 endfacet
 facet normal 0.60877102457283516 -0 0.79334597726372846
  outer loop
   vertex 0.30300000309944153 0.099046401679515839 0.011196150444447994
   vertex 0.30424261093139648 0.066046386957168579 0.010242640040814877
   vertex 0.30424261093139648 0.099046401679515839 0.010242640040814877
  endloop
 endfacet
 facet normal 0.60877102457283516 -0 0.79334597726372857
  outer loop
   vertex 0.30300000309944153 0.1320464015007019 0.011196150444447994
   vertex 0.30300000309944153 0.099046401679515839 0.011196150444447994
   vertex 0.30424261093139648 0.099046401679515839 0.010242640040814877
  endloop
 endfacet
 facet normal 0.38268141534646621 -0 0.9238803679851767
  outer loop
   vertex 0.30155289173126221 0.1320464015007019 0.011795559898018837
   vertex 0.30300000309944153 0.099046401679515839 0.011196150444447994
   vertex 0.30300000309944153 0.1320464015007019 0.011196150444447994
  endloop
 endfacet
 facet normal 0.99144987697759202 0 0.13048808926916494
  outer loop
   vertex 0.30579560995101929 -0.032953668385744095 0.0075529161840677261
   vertex 0.3059999942779541 -0.032953668385744095 0.0060000019147992134
   vertex 0.30579560995101929 4.634807919501327e-05 0.0075529161840677261
  endloop
 endfacet
 facet normal 0.99144987697759213 0 0.13048808926916494
  outer loop
   vertex 0.3059999942779541 0.099046401679515839 0.0060000019147992134
   vertex 0.3059999942779541 0.1320464015007019 0.0060000019147992134
   vertex 0.30579560995101929 0.1320464015007019 0.0075529161840677261
  endloop
 endfacet
 facet normal 0.92387679166195502 0 0.38269004929369754
  outer loop
   vertex 0.30519619584083557 4.634807919501327e-05 0.0090000005438923836
   vertex 0.30579560995101929 4.634807919501327e-05 0.0075529161840677261
   vertex 0.30519619584083557 0.033046368509531021 0.0090000005438923836
  endloop
 endfacet
 facet normal 0.92387679166195491 0 0.3826900492936976
  outer loop
   vertex 0.30579560995101929 -0.032953668385744095 0.0075529161840677261
   vertex 0.30579560995101929 4.634807919501327e-05 0.0075529161840677261
   vertex 0.30519619584083557 4.634807919501327e-05 0.0090000005438923836
  endloop
 endfacet
 facet normal 0.79333049608244455 0 0.60879119900470169
  outer loop
   vertex 0.30424261093139648 0.033046368509531021 0.010242640040814877
   vertex 0.30519619584083557 0.033046368509531021 0.0090000005438923836
   vertex 0.30424261093139648 0.066046386957168579 0.010242640040814877
  endloop
 endfacet
 facet normal 0.79333049608244466 0 0.60879119900470169
  outer loop
   vertex 0.30519619584083557 4.634807919501327e-05 0.0090000005438923836
   vertex 0.30519619584083557 0.033046368509531021 0.0090000005438923836
   vertex 0.30424261093139648 0.033046368509531021 0.010242640040814877
  endloop
 endfacet
 facet normal 0.60877102457283516 0 0.79334597726372846
  outer loop
   vertex 0.30300000309944153 0.066046386957168579 0.011196150444447994
   vertex 0.30424261093139648 0.066046386957168579 0.010242640040814877
   vertex 0.30300000309944153 0.099046401679515839 0.011196150444447994
  endloop
 endfacet
 facet normal 0.60877102457283516 0 0.79334597726372857
  outer loop
   vertex 0.30424261093139648 0.033046368509531021 0.010242640040814877
   vertex 0.30424261093139648 0.066046386957168579 0.010242640040814877
   vertex 0.30300000309944153 0.066046386957168579 0.011196150444447994
  endloop
 endfacet
 facet normal 0.38268141534646621 0 0.9238803679851767
  outer loop
   vertex 0.30155289173126221 0.099046401679515839 0.011795559898018837
   vertex 0.30300000309944153 0.099046401679515839 0.011196150444447994
   vertex 0.30155289173126221 0.1320464015007019 0.011795559898018837
  endloop
 endfacet
 facet normal 0.38268141534646621 0 0.92388036798517659
  outer loop
   vertex 0.30300000309944153 0.066046386957168579 0.011196150444447994
   vertex 0.30300000309944153 0.099046401679515839 0.011196150444447994
   vertex 0.30155289173126221 0.099046401679515839 0.011795559898018837
  endloop
 endfacet
 facet normal -1 0 0
  outer loop
   vertex 0.30000001192092896 0.1200001984834671 0.012000000104308128
   vertex 0.30000001192092896 -0.16495369374752045 1.3322680133619921e-17
   vertex 0.30000001192092896 -0.16495369374752045 0.012000000104308128
  endloop
 endfacet
 facet normal -1 0 0
  outer loop
   vertex 0.30000001192092896 0.16504639387130737 1.3322680133619921e-17
   vertex 0.30000001192092896 -0.16495369374752045 1.3322680133619921e-17
   vertex 0.30000001192092896 0.1200001984834671 0.012000000104308128
  endloop
 endfacet
 facet normal -1 0 0
  outer loop
   vertex 0.30000001192092896 0.16504639387130737 0.012000000104308128
   vertex 0.30000001192092896 0.16504639387130737 1.3322680133619921e-17
   vertex 0.30000001192092896 0.1200001984834671 0.012000000104308128
  endloop
 endfacet
endsolid
