solid Visualization Toolkit generated SLA File
 facet normal 0.99144314264261424 0 0.13053924661547878
  outer loop
   vertex 0.053006649017333984 -0.0062000001780688763 -0.00054379604989662766
   vertex 0.053006649017333984 -0.0001999999803956598 -0.00054379604989662766
   vertex 0.052935089915990829 -0.0062000001780688763 -3.060102358176664e-07
  endloop
 endfacet
 facet normal 0.99144314264261424 0 0.13053924661547878
  outer loop
   vertex 0.052935089915990829 -0.0062000001780688763 -3.060102358176664e-07
   vertex 0.053006649017333984 -0.0001999999803956598 -0.00054379604989662766
   vertex 0.052935089915990829 -0.0001999999803956598 -3.060102358176664e-07
  endloop
 endfacet
 facet normal 0.99144684791027504 0 -0.13051110209012864
  outer loop
   vertex 0.052935089915990829 -0.0062000001780688763 -3.060102358176664e-07
   vertex 0.052935089915990829 -0.0001999999803956598 -3.060102358176664e-07
   vertex 0.053006649017333984 -0.0062000001780688763 0.00054330326383933425
  endloop
 endfacet
 facet normal 0.99144684791027504 0 -0.13051110209012864
  outer loop
   vertex 0.053006649017333984 -0.0062000001780688763 0.00054330326383933425
   vertex 0.052935089915990829 -0.0001999999803956598 -3.060102358176664e-07
   vertex 0.053006649017333984 -0.0001999999803956598 0.00054330326383933425
  endloop
 endfacet
 facet normal 0.92385917509711701 0 -0.38273257581354936
  outer loop
   vertex 0.053006649017333984 -0.0062000001780688763 0.00054330326383933425
   vertex 0.053006649017333984 -0.0001999999803956598 0.00054330326383933425
   vertex 0.053216438740491867 -0.0062000001780688763 0.0010497042676433921
  endloop
 endfacet
 facet normal 0.92385917509711701 0 -0.38273257581354936
  outer loop
   vertex 0.053216438740491867 -0.0062000001780688763 0.0010497042676433921
   vertex 0.053006649017333984 -0.0001999999803956598 0.00054330326383933425
   vertex 0.053216438740491867 -0.0001999999803956598 0.0010497042676433921
  endloop
 endfacet
 facet normal 0.79340006012336184 0 -0.60870053769998089
  outer loop
   vertex 0.053216438740491867 -0.0062000001780688763 0.0010497042676433921
   vertex 0.053216438740491867 -0.0001999999803956598 0.0010497042676433921
   vertex 0.053550168871879578 -0.0062000001780688763 0.0014846989652141929
  endloop
 endfacet
 facet normal 0.79340006012336184 0 -0.60870053769998089
  outer loop
   vertex 0.053550168871879578 -0.0062000001780688763 0.0014846989652141929
   vertex 0.053216438740491867 -0.0001999999803956598 0.0010497042676433921
   vertex 0.053550168871879578 -0.0001999999803956598 0.0014846989652141929
  endloop
 endfacet
 facet normal 0.60872767584998899 0 -0.79337923886012462
  outer loop
   vertex 0.053550168871879578 -0.0062000001780688763 0.0014846989652141929
   vertex 0.053550168871879578 -0.0001999999803956598 0.0014846989652141929
   vertex 0.053985089063644409 -0.0062000001780688763 0.0018183955689892173
  endloop
 endfacet
 facet normal 0.60872767584998899 0 -0.79337923886012462
  outer loop
   vertex 0.053985089063644409 -0.0062000001780688763 0.0018183955689892173
   vertex 0.053550168871879578 -0.0001999999803956598 0.0014846989652141929
   vertex 0.053985089063644409 -0.0001999999803956598 0.0018183955689892173
  endloop
 endfacet
 facet normal 0.38271126101224962 0 -0.92386800501717437
  outer loop
   vertex 0.053985089063644409 -0.0062000001780688763 0.0018183955689892173
   vertex 0.053985089063644409 -0.0001999999803956598 0.0018183955689892173
   vertex 0.054491568356752396 -0.0062000001780688763 0.0020282040350139141
  endloop
 endfacet
 facet normal 0.38271126101224962 0 -0.92386800501717437
  outer loop
   vertex 0.054491568356752396 -0.0062000001780688763 0.0020282040350139141
   vertex 0.053985089063644409 -0.0001999999803956598 0.0018183955689892173
   vertex 0.054491568356752396 -0.0001999999803956598 0.0020282040350139141
  endloop
 endfacet
 facet normal 0.13041865239057002 0 -0.99145901332764519
  outer loop
   vertex 0.054491568356752396 -0.0062000001780688763 0.0020282040350139141
   vertex 0.054491568356752396 -0.0001999999803956598 0.0020282040350139141
   vertex 0.055035088211297989 -0.0062000001780688763 0.0020996998064219952
  endloop
 endfacet
 facet normal 0.13041865239057002 0 -0.99145901332764519
  outer loop
   vertex 0.055035088211297989 -0.0062000001780688763 0.0020996998064219952
   vertex 0.054491568356752396 -0.0001999999803956598 0.0020282040350139141
   vertex 0.055035088211297989 -0.0001999999803956598 0.0020996998064219952
  endloop
 endfacet
 facet normal -0.13041865239057002 -0 -0.99145901332764519
  outer loop
   vertex 0.055035088211297989 -0.0062000001780688763 0.0020996998064219952
   vertex 0.055035088211297989 -0.0001999999803956598 0.0020996998064219952
   vertex 0.055578608065843582 -0.0062000001780688763 0.0020282040350139141
  endloop
 endfacet
 facet normal -0.13041865239057002 0 -0.99145901332764519
  outer loop
   vertex 0.055578608065843582 -0.0062000001780688763 0.0020282040350139141
   vertex 0.055035088211297989 -0.0001999999803956598 0.0020996998064219952
   vertex 0.055578608065843582 -0.0001999999803956598 0.0020282040350139141
  endloop
 endfacet
 facet normal -0.3827088583815062 -0 -0.92386900030054264
  outer loop
   vertex 0.055578608065843582 -0.0062000001780688763 0.0020282040350139141
   vertex 0.055578608065843582 -0.0001999999803956598 0.0020282040350139141
   vertex 0.056085091084241867 -0.0062000001780688763 0.0018183955689892173
  endloop
 endfacet
 facet normal -0.3827088583815062 0 -0.92386900030054264
  outer loop
   vertex 0.056085091084241867 -0.0062000001780688763 0.0018183955689892173
   vertex 0.055578608065843582 -0.0001999999803956598 0.0020282040350139141
   vertex 0.056085091084241867 -0.0001999999803956598 0.0018183955689892173
  endloop
 endfacet
 facet normal -0.60872111195004397 -0 -0.79338427503089703
  outer loop
   vertex 0.056085091084241867 -0.0062000001780688763 0.0018183955689892173
   vertex 0.056085091084241867 -0.0001999999803956598 0.0018183955689892173
   vertex 0.056520018726587296 -0.0062000001780688763 0.0014846989652141929
  endloop
 endfacet
 facet normal -0.60872111195004397 0 -0.79338427503089703
  outer loop
   vertex 0.056520018726587296 -0.0062000001780688763 0.0014846989652141929
   vertex 0.056085091084241867 -0.0001999999803956598 0.0018183955689892173
   vertex 0.056520018726587296 -0.0001999999803956598 0.0014846989652141929
  endloop
 endfacet
 facet normal -0.79340006012336184 -0 -0.60870053769998089
  outer loop
   vertex 0.056520018726587296 -0.0062000001780688763 0.0014846989652141929
   vertex 0.056520018726587296 -0.0001999999803956598 0.0014846989652141929
   vertex 0.056853748857975006 -0.0062000001780688763 0.0010497042676433921
  endloop
 endfacet
 facet normal -0.79340006012336184 0 -0.60870053769998089
  outer loop
   vertex 0.056853748857975006 -0.0062000001780688763 0.0010497042676433921
   vertex 0.056520018726587296 -0.0001999999803956598 0.0014846989652141929
   vertex 0.056853748857975006 -0.0001999999803956598 0.0010497042676433921
  endloop
 endfacet
 facet normal -0.92385917509711701 -0 -0.38273257581354936
  outer loop
   vertex 0.056853748857975006 -0.0062000001780688763 0.0010497042676433921
   vertex 0.056853748857975006 -0.0001999999803956598 0.0010497042676433921
   vertex 0.057063538581132889 -0.0062000001780688763 0.00054330326383933425
  endloop
 endfacet
 facet normal -0.92385917509711701 0 -0.38273257581354936
  outer loop
   vertex 0.057063538581132889 -0.0062000001780688763 0.00054330326383933425
   vertex 0.056853748857975006 -0.0001999999803956598 0.0010497042676433921
   vertex 0.057063538581132889 -0.0001999999803956598 0.00054330326383933425
  endloop
 endfacet
 facet normal -0.99144860610970664 -0 -0.13049774497331237
  outer loop
   vertex 0.057063538581132889 -0.0062000001780688763 0.00054330326383933425
   vertex 0.057063538581132889 -0.0001999999803956598 0.00054330326383933425
   vertex 0.057135090231895447 -0.0062000001780688763 -3.060102358176664e-07
  endloop
 endfacet
 facet normal -0.99144860610970664 0 -0.13049774497331237
  outer loop
   vertex 0.057135090231895447 -0.0062000001780688763 -3.060102358176664e-07
   vertex 0.057063538581132889 -0.0001999999803956598 0.00054330326383933425
   vertex 0.057135090231895447 -0.0001999999803956598 -3.060102358176664e-07
  endloop
 endfacet
 facet normal -0.99144490159386223 0 0.13052588671806345
  outer loop
   vertex 0.057135090231895447 -0.0062000001780688763 -3.060102358176664e-07
   vertex 0.057135090231895447 -0.0001999999803956598 -3.060102358176664e-07
   vertex 0.057063538581132889 -0.0062000001780688763 -0.00054379604989662766
  endloop
 endfacet
 facet normal -0.99144490159386223 0 0.13052588671806345
  outer loop
   vertex 0.057063538581132889 -0.0062000001780688763 -0.00054379604989662766
   vertex 0.057135090231895447 -0.0001999999803956598 -3.060102358176664e-07
   vertex 0.057063538581132889 -0.0001999999803956598 -0.00054379604989662766
  endloop
 endfacet
 facet normal -0.92388707418571403 0 0.38266522464493802
  outer loop
   vertex 0.057063538581132889 -0.0062000001780688763 -0.00054379604989662766
   vertex 0.057063538581132889 -0.0001999999803956598 -0.00054379604989662766
   vertex 0.056853748857975006 -0.0062000001780688763 -0.0010503014782443643
  endloop
 endfacet
 facet normal -0.92388707418571403 0 0.38266522464493802
  outer loop
   vertex 0.056853748857975006 -0.0062000001780688763 -0.0010503014782443643
   vertex 0.057063538581132889 -0.0001999999803956598 -0.00054379604989662766
   vertex 0.056853748857975006 -0.0001999999803956598 -0.0010503014782443643
  endloop
 endfacet
 facet normal -0.79333962752208709 0 0.60877929942066544
  outer loop
   vertex 0.056853748857975006 -0.0062000001780688763 -0.0010503014782443643
   vertex 0.056853748857975006 -0.0001999999803956598 -0.0010503014782443643
   vertex 0.056520018726587296 -0.0062000001780688763 -0.001485206768848002
  endloop
 endfacet
 facet normal -0.79333962752208709 0 0.60877929942066544
  outer loop
   vertex 0.056520018726587296 -0.0062000001780688763 -0.001485206768848002
   vertex 0.056853748857975006 -0.0001999999803956598 -0.0010503014782443643
   vertex 0.056520018726587296 -0.0001999999803956598 -0.001485206768848002
  endloop
 endfacet
 facet normal -0.60872111195004397 0 0.79338427503089703
  outer loop
   vertex 0.056520018726587296 -0.0062000001780688763 -0.001485206768848002
   vertex 0.056520018726587296 -0.0001999999803956598 -0.001485206768848002
   vertex 0.056085091084241867 -0.0062000001780688763 -0.0018189033726230264
  endloop
 endfacet
 facet normal -0.60872111195004397 0 0.79338427503089703
  outer loop
   vertex 0.056085091084241867 -0.0062000001780688763 -0.0018189033726230264
   vertex 0.056520018726587296 -0.0001999999803956598 -0.001485206768848002
   vertex 0.056085091084241867 -0.0001999999803956598 -0.0018189033726230264
  endloop
 endfacet
 facet normal -0.38268529559361208 0 0.92387876073456177
  outer loop
   vertex 0.056085091084241867 -0.0062000001780688763 -0.0018189033726230264
   vertex 0.056085091084241867 -0.0001999999803956598 -0.0018189033726230264
   vertex 0.055578608065843582 -0.0062000001780688763 -0.0020286967046558857
  endloop
 endfacet
 facet normal -0.38268529559361208 0 0.92387876073456177
  outer loop
   vertex 0.055578608065843582 -0.0062000001780688763 -0.0020286967046558857
   vertex 0.056085091084241867 -0.0001999999803956598 -0.0018189033726230264
   vertex 0.055578608065843582 -0.0001999999803956598 -0.0020286967046558857
  endloop
 endfacet
 facet normal -0.13060568221327701 0 0.99143439307581238
  outer loop
   vertex 0.055578608065843582 -0.0062000001780688763 -0.0020286967046558857
   vertex 0.055578608065843582 -0.0001999999803956598 -0.0020286967046558857
   vertex 0.055035088211297989 -0.0062000001780688763 -0.0021002967841923237
  endloop
 endfacet
 facet normal -0.13060568221327701 0 0.99143439307581238
  outer loop
   vertex 0.055035088211297989 -0.0062000001780688763 -0.0021002967841923237
   vertex 0.055578608065843582 -0.0001999999803956598 -0.0020286967046558857
   vertex 0.055035088211297989 -0.0001999999803956598 -0.0021002967841923237
  endloop
 endfacet
 facet normal 0.13060568221327701 0 0.99143439307581238
  outer loop
   vertex 0.055035088211297989 -0.0062000001780688763 -0.0021002967841923237
   vertex 0.055035088211297989 -0.0001999999803956598 -0.0021002967841923237
   vertex 0.054491568356752396 -0.0062000001780688763 -0.0020286967046558857
  endloop
 endfacet
 facet normal 0.13060568221327701 0 0.99143439307581238
  outer loop
   vertex 0.054491568356752396 -0.0062000001780688763 -0.0020286967046558857
   vertex 0.055035088211297989 -0.0001999999803956598 -0.0021002967841923237
   vertex 0.054491568356752396 -0.0001999999803956598 -0.0020286967046558857
  endloop
 endfacet
 facet normal 0.38268769812719317 0 0.92387776556323198
  outer loop
   vertex 0.054491568356752396 -0.0062000001780688763 -0.0020286967046558857
   vertex 0.054491568356752396 -0.0001999999803956598 -0.0020286967046558857
   vertex 0.053985089063644409 -0.0062000001780688763 -0.0018189033726230264
  endloop
 endfacet
 facet normal 0.38268769812719317 0 0.92387776556323198
  outer loop
   vertex 0.053985089063644409 -0.0062000001780688763 -0.0018189033726230264
   vertex 0.054491568356752396 -0.0001999999803956598 -0.0020286967046558857
   vertex 0.053985089063644409 -0.0001999999803956598 -0.0018189033726230264
  endloop
 endfacet
 facet normal 0.60872767584998899 0 0.79337923886012462
  outer loop
   vertex 0.053985089063644409 -0.0062000001780688763 -0.0018189033726230264
   vertex 0.053985089063644409 -0.0001999999803956598 -0.0018189033726230264
   vertex 0.053550168871879578 -0.0062000001780688763 -0.001485206768848002
  endloop
 endfacet
 facet normal 0.60872767584998899 0 0.79337923886012462
  outer loop
   vertex 0.053550168871879578 -0.0062000001780688763 -0.001485206768848002
   vertex 0.053985089063644409 -0.0001999999803956598 -0.0018189033726230264
   vertex 0.053550168871879578 -0.0001999999803956598 -0.001485206768848002
  endloop
 endfacet
 facet normal 0.79333962752208709 0 0.60877929942066544
  outer loop
   vertex 0.053550168871879578 -0.0062000001780688763 -0.001485206768848002
   vertex 0.053550168871879578 -0.0001999999803956598 -0.001485206768848002
   vertex 0.053216438740491867 -0.0062000001780688763 -0.0010503014782443643
  endloop
 endfacet
 facet normal 0.79333962752208709 0 0.60877929942066544
  outer loop
   vertex 0.053216438740491867 -0.0062000001780688763 -0.0010503014782443643
   vertex 0.053550168871879578 -0.0001999999803956598 -0.001485206768848002
   vertex 0.053216438740491867 -0.0001999999803956598 -0.0010503014782443643
  endloop
 endfacet
 facet normal 0.92388707418571403 0 0.38266522464493802
  outer loop
   vertex 0.053216438740491867 -0.0062000001780688763 -0.0010503014782443643
   vertex 0.053216438740491867 -0.0001999999803956598 -0.0010503014782443643
   vertex 0.053006649017333984 -0.0062000001780688763 -0.00054379604989662766
  endloop
 endfacet
 facet normal 0.92388707418571403 0 0.38266522464493802
  outer loop
   vertex 0.053006649017333984 -0.0062000001780688763 -0.00054379604989662766
   vertex 0.053216438740491867 -0.0001999999803956598 -0.0010503014782443643
   vertex 0.053006649017333984 -0.0001999999803956598 -0.00054379604989662766
  endloop
 endfacet
 facet normal -0.6087194709906657 0 0.79338553404813472
  outer loop
   vertex -0.025979980826377869 -0.0062000001780688763 0.046146191656589508
   vertex -0.025979980826377869 -0.0001999999803956598 0.046146191656589508
   vertex -0.026414910331368446 -0.0062000001780688763 0.045812495052814484
  endloop
 endfacet
 facet normal -0.6087194709906657 0 0.79338553404813472
  outer loop
   vertex -0.026414910331368446 -0.0062000001780688763 0.045812495052814484
   vertex -0.025979980826377869 -0.0001999999803956598 0.046146191656589508
   vertex -0.026414910331368446 -0.0001999999803956598 0.045812495052814484
  endloop
 endfacet
 facet normal -0.38270987844369253 0 0.9238685777434007
  outer loop
   vertex -0.026414910331368446 -0.0062000001780688763 0.045812495052814484
   vertex -0.026414910331368446 -0.0001999999803956598 0.045812495052814484
   vertex -0.026921391487121582 -0.0062000001780688763 0.045602686703205109
  endloop
 endfacet
 facet normal -0.38270987844369253 0 0.9238685777434007
  outer loop
   vertex -0.026921391487121582 -0.0062000001780688763 0.045602686703205109
   vertex -0.026414910331368446 -0.0001999999803956598 0.045812495052814484
   vertex -0.026921391487121582 -0.0001999999803956598 0.045602686703205109
  endloop
 endfacet
 facet normal -0.13057896452037307 0 0.99143791233984346
  outer loop
   vertex -0.026921391487121582 -0.0062000001780688763 0.045602686703205109
   vertex -0.026921391487121582 -0.0001999999803956598 0.045602686703205109
   vertex -0.027464911341667175 -0.0062000001780688763 0.045531101524829865
  endloop
 endfacet
 facet normal -0.13057896452037307 0 0.99143791233984346
  outer loop
   vertex -0.027464911341667175 -0.0062000001780688763 0.045531101524829865
   vertex -0.026921391487121582 -0.0001999999803956598 0.045602686703205109
   vertex -0.027464911341667175 -0.0001999999803956598 0.045531101524829865
  endloop
 endfacet
 facet normal 0.13057896452037307 0 0.99143791233984346
  outer loop
   vertex -0.027464911341667175 -0.0062000001780688763 0.045531101524829865
   vertex -0.027464911341667175 -0.0001999999803956598 0.045531101524829865
   vertex -0.028008431196212769 -0.0062000001780688763 0.045602686703205109
  endloop
 endfacet
 facet normal 0.13057896452037307 0 0.99143791233984346
  outer loop
   vertex -0.028008431196212769 -0.0062000001780688763 0.045602686703205109
   vertex -0.027464911341667175 -0.0001999999803956598 0.045531101524829865
   vertex -0.028008431196212769 -0.0001999999803956598 0.045602686703205109
  endloop
 endfacet
 facet normal 0.38271107976213792 0 0.92386808009980437
  outer loop
   vertex -0.028008431196212769 -0.0062000001780688763 0.045602686703205109
   vertex -0.028008431196212769 -0.0001999999803956598 0.045602686703205109
   vertex -0.028514910489320755 -0.0062000001780688763 0.045812495052814484
  endloop
 endfacet
 facet normal 0.38271107976213792 0 0.92386808009980437
  outer loop
   vertex -0.028514910489320755 -0.0062000001780688763 0.045812495052814484
   vertex -0.028008431196212769 -0.0001999999803956598 0.045602686703205109
   vertex -0.028514910489320755 -0.0001999999803956598 0.045812495052814484
  endloop
 endfacet
 facet normal 0.60872767584998899 0 0.79337923886012462
  outer loop
   vertex -0.028514910489320755 -0.0062000001780688763 0.045812495052814484
   vertex -0.028514910489320755 -0.0001999999803956598 0.045812495052814484
   vertex -0.028949830681085587 -0.0062000001780688763 0.046146191656589508
  endloop
 endfacet
 facet normal 0.60872767584998899 0 0.79337923886012462
  outer loop
   vertex -0.028949830681085587 -0.0062000001780688763 0.046146191656589508
   vertex -0.028514910489320755 -0.0001999999803956598 0.045812495052814484
   vertex -0.028949830681085587 -0.0001999999803956598 0.046146191656589508
  endloop
 endfacet
 facet normal 0.79333962752208709 0 0.60877929942066544
  outer loop
   vertex -0.028949830681085587 -0.0062000001780688763 0.046146191656589508
   vertex -0.028949830681085587 -0.0001999999803956598 0.046146191656589508
   vertex -0.029283560812473297 -0.0062000001780688763 0.046581096947193146
  endloop
 endfacet
 facet normal 0.79333962752208709 0 0.60877929942066544
  outer loop
   vertex -0.029283560812473297 -0.0062000001780688763 0.046581096947193146
   vertex -0.028949830681085587 -0.0001999999803956598 0.046146191656589508
   vertex -0.029283560812473297 -0.0001999999803956598 0.046581096947193146
  endloop
 endfacet
 facet normal 0.92388307839738515 0 0.38267487172660153
  outer loop
   vertex -0.029283560812473297 -0.0062000001780688763 0.046581096947193146
   vertex -0.029283560812473297 -0.0001999999803956598 0.046581096947193146
   vertex -0.02949335053563118 -0.0062000001780688763 0.047087587416172028
  endloop
 endfacet
 facet normal 0.92388307839738515 0 0.38267487172660153
  outer loop
   vertex -0.02949335053563118 -0.0062000001780688763 0.047087587416172028
   vertex -0.029283560812473297 -0.0001999999803956598 0.046581096947193146
   vertex -0.02949335053563118 -0.0001999999803956598 0.047087587416172028
  endloop
 endfacet
 facet normal 0.99144316648357256 0 0.13053906554371736
  outer loop
   vertex -0.02949335053563118 -0.0062000001780688763 0.047087587416172028
   vertex -0.02949335053563118 -0.0001999999803956598 0.047087587416172028
   vertex -0.029564911499619484 -0.0062000001780688763 0.047631092369556427
  endloop
 endfacet
 facet normal 0.99144316648357256 0 0.13053906554371736
  outer loop
   vertex -0.029564911499619484 -0.0062000001780688763 0.047631092369556427
   vertex -0.02949335053563118 -0.0001999999803956598 0.047087587416172028
   vertex -0.029564911499619484 -0.0001999999803956598 0.047631092369556427
  endloop
 endfacet
 facet normal 0.99144594498966021 0 -0.13051796107647257
  outer loop
   vertex -0.029564911499619484 -0.0062000001780688763 0.047631092369556427
   vertex -0.029564911499619484 -0.0001999999803956598 0.047631092369556427
   vertex -0.02949335053563118 -0.0062000001780688763 0.04817468672990799
  endloop
 endfacet
 facet normal 0.99144594498966021 0 -0.13051796107647257
  outer loop
   vertex -0.02949335053563118 -0.0062000001780688763 0.04817468672990799
   vertex -0.029564911499619484 -0.0001999999803956598 0.047631092369556427
   vertex -0.02949335053563118 -0.0001999999803956598 0.04817468672990799
  endloop
 endfacet
 facet normal 0.92385919065255206 0 -0.38273253826505466
  outer loop
   vertex -0.02949335053563118 -0.0062000001780688763 0.04817468672990799
   vertex -0.02949335053563118 -0.0001999999803956598 0.04817468672990799
   vertex -0.029283560812473297 -0.0062000001780688763 0.048681087791919708
  endloop
 endfacet
 facet normal 0.92385919065255206 0 -0.38273253826505466
  outer loop
   vertex -0.029283560812473297 -0.0062000001780688763 0.048681087791919708
   vertex -0.02949335053563118 -0.0001999999803956598 0.04817468672990799
   vertex -0.029283560812473297 -0.0001999999803956598 0.048681087791919708
  endloop
 endfacet
 facet normal 0.79342019911171724 0 -0.60867428698896342
  outer loop
   vertex -0.029283560812473297 -0.0062000001780688763 0.048681087791919708
   vertex -0.029283560812473297 -0.0001999999803956598 0.048681087791919708
   vertex -0.028949830681085587 -0.0062000001780688763 0.049116112291812897
  endloop
 endfacet
 facet normal 0.79342019911171724 0 -0.60867428698896342
  outer loop
   vertex -0.028949830681085587 -0.0062000001780688763 0.049116112291812897
   vertex -0.029283560812473297 -0.0001999999803956598 0.048681087791919708
   vertex -0.028949830681085587 -0.0001999999803956598 0.049116112291812897
  endloop
 endfacet
 facet normal 0.60872767584998899 0 -0.79337923886012462
  outer loop
   vertex -0.028949830681085587 -0.0062000001780688763 0.049116112291812897
   vertex -0.028949830681085587 -0.0001999999803956598 0.049116112291812897
   vertex -0.028514910489320755 -0.0062000001780688763 0.049449808895587921
  endloop
 endfacet
 facet normal 0.60872767584998899 0 -0.79337923886012462
  outer loop
   vertex -0.028514910489320755 -0.0062000001780688763 0.049449808895587921
   vertex -0.028949830681085587 -0.0001999999803956598 0.049116112291812897
   vertex -0.028514910489320755 -0.0001999999803956598 0.049449808895587921
  endloop
 endfacet
 facet normal 0.38266467827986927 0 -0.92388730048473122
  outer loop
   vertex -0.028514910489320755 -0.0062000001780688763 0.049449808895587921
   vertex -0.028514910489320755 -0.0001999999803956598 0.049449808895587921
   vertex -0.028008431196212769 -0.0062000001780688763 0.049659587442874908
  endloop
 endfacet
 facet normal 0.38266467827986927 0 -0.92388730048473122
  outer loop
   vertex -0.028008431196212769 -0.0062000001780688763 0.049659587442874908
   vertex -0.028514910489320755 -0.0001999999803956598 0.049449808895587921
   vertex -0.028008431196212769 -0.0001999999803956598 0.049659587442874908
  endloop
 endfacet
 facet normal 0.13047209090440598 0 -0.99145198244545996
  outer loop
   vertex -0.028008431196212769 -0.0062000001780688763 0.049659587442874908
   vertex -0.028008431196212769 -0.0001999999803956598 0.049659587442874908
   vertex -0.027464911341667175 -0.0062000001780688763 0.049731113016605377
  endloop
 endfacet
 facet normal 0.13047209090440598 0 -0.99145198244545996
  outer loop
   vertex -0.027464911341667175 -0.0062000001780688763 0.049731113016605377
   vertex -0.028008431196212769 -0.0001999999803956598 0.049659587442874908
   vertex -0.027464911341667175 -0.0001999999803956598 0.049731113016605377
  endloop
 endfacet
 facet normal -0.13047209090440598 -0 -0.99145198244545996
  outer loop
   vertex -0.027464911341667175 -0.0062000001780688763 0.049731113016605377
   vertex -0.027464911341667175 -0.0001999999803956598 0.049731113016605377
   vertex -0.026921391487121582 -0.0062000001780688763 0.049659587442874908
  endloop
 endfacet
 facet normal -0.13047209090440598 0 -0.99145198244545996
  outer loop
   vertex -0.026921391487121582 -0.0062000001780688763 0.049659587442874908
   vertex -0.027464911341667175 -0.0001999999803956598 0.049731113016605377
   vertex -0.026921391487121582 -0.0001999999803956598 0.049659587442874908
  endloop
 endfacet
 facet normal -0.38266347705709747 -0 -0.92388779801801268
  outer loop
   vertex -0.026921391487121582 -0.0062000001780688763 0.049659587442874908
   vertex -0.026921391487121582 -0.0001999999803956598 0.049659587442874908
   vertex -0.026414910331368446 -0.0062000001780688763 0.049449808895587921
  endloop
 endfacet
 facet normal -0.38266347705709747 0 -0.92388779801801268
  outer loop
   vertex -0.026414910331368446 -0.0062000001780688763 0.049449808895587921
   vertex -0.026921391487121582 -0.0001999999803956598 0.049659587442874908
   vertex -0.026414910331368446 -0.0001999999803956598 0.049449808895587921
  endloop
 endfacet
 facet normal -0.6087194709906657 -0 -0.79338553404813472
  outer loop
   vertex -0.026414910331368446 -0.0062000001780688763 0.049449808895587921
   vertex -0.026414910331368446 -0.0001999999803956598 0.049449808895587921
   vertex -0.025979980826377869 -0.0062000001780688763 0.049116112291812897
  endloop
 endfacet
 facet normal -0.6087194709906657 0 -0.79338553404813472
  outer loop
   vertex -0.025979980826377869 -0.0062000001780688763 0.049116112291812897
   vertex -0.026414910331368446 -0.0001999999803956598 0.049449808895587921
   vertex -0.025979980826377869 -0.0001999999803956598 0.049116112291812897
  endloop
 endfacet
 facet normal -0.79342019911171724 -0 -0.60867428698896342
  outer loop
   vertex -0.025979980826377869 -0.0062000001780688763 0.049116112291812897
   vertex -0.025979980826377869 -0.0001999999803956598 0.049116112291812897
   vertex -0.025646250694990158 -0.0062000001780688763 0.048681087791919708
  endloop
 endfacet
 facet normal -0.79342019911171724 0 -0.60867428698896342
  outer loop
   vertex -0.025646250694990158 -0.0062000001780688763 0.048681087791919708
   vertex -0.025979980826377869 -0.0001999999803956598 0.049116112291812897
   vertex -0.025646250694990158 -0.0001999999803956598 0.048681087791919708
  endloop
 endfacet
 facet normal -0.92385919065255206 -0 -0.38273253826505466
  outer loop
   vertex -0.025646250694990158 -0.0062000001780688763 0.048681087791919708
   vertex -0.025646250694990158 -0.0001999999803956598 0.048681087791919708
   vertex -0.025436460971832275 -0.0062000001780688763 0.04817468672990799
  endloop
 endfacet
 facet normal -0.92385919065255206 0 -0.38273253826505466
  outer loop
   vertex -0.025436460971832275 -0.0062000001780688763 0.04817468672990799
   vertex -0.025646250694990158 -0.0001999999803956598 0.048681087791919708
   vertex -0.025436460971832275 -0.0001999999803956598 0.04817468672990799
  endloop
 endfacet
 facet normal -0.99144858242982292 -0 -0.13049792487964909
  outer loop
   vertex -0.025436460971832275 -0.0062000001780688763 0.04817468672990799
   vertex -0.025436460971832275 -0.0001999999803956598 0.04817468672990799
   vertex -0.025364911183714867 -0.0062000001780688763 0.047631092369556427
  endloop
 endfacet
 facet normal -0.99144858242982292 0 -0.13049792487964909
  outer loop
   vertex -0.025364911183714867 -0.0062000001780688763 0.047631092369556427
   vertex -0.025436460971832275 -0.0001999999803956598 0.04817468672990799
   vertex -0.025364911183714867 -0.0001999999803956598 0.047631092369556427
  endloop
 endfacet
 facet normal -0.99144580476935051 0 0.13051902621937908
  outer loop
   vertex -0.025364911183714867 -0.0062000001780688763 0.047631092369556427
   vertex -0.025364911183714867 -0.0001999999803956598 0.047631092369556427
   vertex -0.025436460971832275 -0.0062000001780688763 0.047087587416172028
  endloop
 endfacet
 facet normal -0.99144580476935051 0 0.13051902621937908
  outer loop
   vertex -0.025436460971832275 -0.0062000001780688763 0.047087587416172028
   vertex -0.025364911183714867 -0.0001999999803956598 0.047631092369556427
   vertex -0.025436460971832275 -0.0001999999803956598 0.047087587416172028
  endloop
 endfacet
 facet normal -0.92388307839738515 0 0.38267487172660153
  outer loop
   vertex -0.025436460971832275 -0.0062000001780688763 0.047087587416172028
   vertex -0.025436460971832275 -0.0001999999803956598 0.047087587416172028
   vertex -0.025646250694990158 -0.0062000001780688763 0.046581096947193146
  endloop
 endfacet
 facet normal -0.92388307839738515 0 0.38267487172660153
  outer loop
   vertex -0.025646250694990158 -0.0062000001780688763 0.046581096947193146
   vertex -0.025436460971832275 -0.0001999999803956598 0.047087587416172028
   vertex -0.025646250694990158 -0.0001999999803956598 0.046581096947193146
  endloop
 endfacet
 facet normal -0.79333962752208709 0 0.60877929942066544
  outer loop
   vertex -0.025646250694990158 -0.0062000001780688763 0.046581096947193146
   vertex -0.025646250694990158 -0.0001999999803956598 0.046581096947193146
   vertex -0.025979980826377869 -0.0062000001780688763 0.046146191656589508
  endloop
 endfacet
 facet normal -0.79333962752208709 0 0.60877929942066544
  outer loop
   vertex -0.025979980826377869 -0.0062000001780688763 0.046146191656589508
   vertex -0.025646250694990158 -0.0001999999803956598 0.046581096947193146
   vertex -0.025979980826377869 -0.0001999999803956598 0.046146191656589508
  endloop
 endfacet
 facet normal -0.38270987844369253 -0 -0.9238685777434007
  outer loop
   vertex -0.026921391487121582 -0.0062000001780688763 -0.045603193342685699
   vertex -0.026921391487121582 -0.0001999999803956598 -0.045603193342685699
   vertex -0.026414910331368446 -0.0062000001780688763 -0.045813001692295074
  endloop
 endfacet
 facet normal -0.38270987844369253 0 -0.9238685777434007
  outer loop
   vertex -0.026414910331368446 -0.0062000001780688763 -0.045813001692295074
   vertex -0.026921391487121582 -0.0001999999803956598 -0.045603193342685699
   vertex -0.026414910331368446 -0.0001999999803956598 -0.045813001692295074
  endloop
 endfacet
 facet normal -0.6087194709906657 -0 -0.79338553404813472
  outer loop
   vertex -0.026414910331368446 -0.0062000001780688763 -0.045813001692295074
   vertex -0.026414910331368446 -0.0001999999803956598 -0.045813001692295074
   vertex -0.025979980826377869 -0.0062000001780688763 -0.046146698296070099
  endloop
 endfacet
 facet normal -0.6087194709906657 0 -0.79338553404813472
  outer loop
   vertex -0.025979980826377869 -0.0062000001780688763 -0.046146698296070099
   vertex -0.026414910331368446 -0.0001999999803956598 -0.045813001692295074
   vertex -0.025979980826377869 -0.0001999999803956598 -0.046146698296070099
  endloop
 endfacet
 facet normal -0.79340006012336184 -0 -0.60870053769998089
  outer loop
   vertex -0.025979980826377869 -0.0062000001780688763 -0.046146698296070099
   vertex -0.025979980826377869 -0.0001999999803956598 -0.046146698296070099
   vertex -0.025646250694990158 -0.0062000001780688763 -0.0465816929936409
  endloop
 endfacet
 facet normal -0.79340006012336184 0 -0.60870053769998089
  outer loop
   vertex -0.025646250694990158 -0.0062000001780688763 -0.0465816929936409
   vertex -0.025979980826377869 -0.0001999999803956598 -0.046146698296070099
   vertex -0.025646250694990158 -0.0001999999803956598 -0.0465816929936409
  endloop
 endfacet
 facet normal -0.92385919065255206 -0 -0.38273253826505466
  outer loop
   vertex -0.025646250694990158 -0.0062000001780688763 -0.0465816929936409
   vertex -0.025646250694990158 -0.0001999999803956598 -0.0465816929936409
   vertex -0.025436460971832275 -0.0062000001780688763 -0.047088094055652618
  endloop
 endfacet
 facet normal -0.92385919065255206 0 -0.38273253826505466
  outer loop
   vertex -0.025436460971832275 -0.0062000001780688763 -0.047088094055652618
   vertex -0.025646250694990158 -0.0001999999803956598 -0.0465816929936409
   vertex -0.025436460971832275 -0.0001999999803956598 -0.047088094055652618
  endloop
 endfacet
 facet normal -0.99144904524226407 -0 -0.13049440864727901
  outer loop
   vertex -0.025436460971832275 -0.0062000001780688763 -0.047088094055652618
   vertex -0.025436460971832275 -0.0001999999803956598 -0.047088094055652618
   vertex -0.025364911183714867 -0.0062000001780688763 -0.047631703317165375
  endloop
 endfacet
 facet normal -0.99144904524226407 0 -0.13049440864727901
  outer loop
   vertex -0.025364911183714867 -0.0062000001780688763 -0.047631703317165375
   vertex -0.025436460971832275 -0.0001999999803956598 -0.047088094055652618
   vertex -0.025364911183714867 -0.0001999999803956598 -0.047631703317165375
  endloop
 endfacet
 facet normal -0.99144534169492993 0 0.13052254376705832
  outer loop
   vertex -0.025364911183714867 -0.0062000001780688763 -0.047631703317165375
   vertex -0.025364911183714867 -0.0001999999803956598 -0.047631703317165375
   vertex -0.025436460971832275 -0.0062000001780688763 -0.04817519336938858
  endloop
 endfacet
 facet normal -0.99144534169492993 0 0.13052254376705832
  outer loop
   vertex -0.025436460971832275 -0.0062000001780688763 -0.04817519336938858
   vertex -0.025364911183714867 -0.0001999999803956598 -0.047631703317165375
   vertex -0.025436460971832275 -0.0001999999803956598 -0.04817519336938858
  endloop
 endfacet
 facet normal -0.92388705863848519 0 0.38266526218135899
  outer loop
   vertex -0.025436460971832275 -0.0062000001780688763 -0.04817519336938858
   vertex -0.025436460971832275 -0.0001999999803956598 -0.04817519336938858
   vertex -0.025646250694990158 -0.0062000001780688763 -0.048681698739528656
  endloop
 endfacet
 facet normal -0.92388705863848519 0 0.38266526218135899
  outer loop
   vertex -0.025646250694990158 -0.0062000001780688763 -0.048681698739528656
   vertex -0.025436460971832275 -0.0001999999803956598 -0.04817519336938858
   vertex -0.025646250694990158 -0.0001999999803956598 -0.048681698739528656
  endloop
 endfacet
 facet normal -0.79333962752208709 0 0.60877929942066544
  outer loop
   vertex -0.025646250694990158 -0.0062000001780688763 -0.048681698739528656
   vertex -0.025646250694990158 -0.0001999999803956598 -0.048681698739528656
   vertex -0.025979980826377869 -0.0062000001780688763 -0.049116604030132294
  endloop
 endfacet
 facet normal -0.79333962752208709 0 0.60877929942066544
  outer loop
   vertex -0.025979980826377869 -0.0062000001780688763 -0.049116604030132294
   vertex -0.025646250694990158 -0.0001999999803956598 -0.048681698739528656
   vertex -0.025979980826377869 -0.0001999999803956598 -0.049116604030132294
  endloop
 endfacet
 facet normal -0.6087194709906657 0 0.79338553404813472
  outer loop
   vertex -0.025979980826377869 -0.0062000001780688763 -0.049116604030132294
   vertex -0.025979980826377869 -0.0001999999803956598 -0.049116604030132294
   vertex -0.026414910331368446 -0.0062000001780688763 -0.049450300633907318
  endloop
 endfacet
 facet normal -0.6087194709906657 0 0.79338553404813472
  outer loop
   vertex -0.026414910331368446 -0.0062000001780688763 -0.049450300633907318
   vertex -0.025979980826377869 -0.0001999999803956598 -0.049116604030132294
   vertex -0.026414910331368446 -0.0001999999803956598 -0.049450300633907318
  endloop
 endfacet
 facet normal -0.38268667811239376 0 0.92387818807205369
  outer loop
   vertex -0.026414910331368446 -0.0062000001780688763 -0.049450300633907318
   vertex -0.026414910331368446 -0.0001999999803956598 -0.049450300633907318
   vertex -0.026921391487121582 -0.0062000001780688763 -0.049660094082355499
  endloop
 endfacet
 facet normal -0.38268667811239376 0 0.92387818807205369
  outer loop
   vertex -0.026921391487121582 -0.0062000001780688763 -0.049660094082355499
   vertex -0.026414910331368446 -0.0001999999803956598 -0.049450300633907318
   vertex -0.026921391487121582 -0.0001999999803956598 -0.049660094082355499
  endloop
 endfacet
 facet normal -0.13060568221327701 0 0.99143439307581238
  outer loop
   vertex -0.026921391487121582 -0.0062000001780688763 -0.049660094082355499
   vertex -0.026921391487121582 -0.0001999999803956598 -0.049660094082355499
   vertex -0.027464911341667175 -0.0062000001780688763 -0.049731694161891937
  endloop
 endfacet
 facet normal -0.13060568221327701 0 0.99143439307581238
  outer loop
   vertex -0.027464911341667175 -0.0062000001780688763 -0.049731694161891937
   vertex -0.026921391487121582 -0.0001999999803956598 -0.049660094082355499
   vertex -0.027464911341667175 -0.0001999999803956598 -0.049731694161891937
  endloop
 endfacet
 facet normal 0.13060568221327701 0 0.99143439307581238
  outer loop
   vertex -0.027464911341667175 -0.0062000001780688763 -0.049731694161891937
   vertex -0.027464911341667175 -0.0001999999803956598 -0.049731694161891937
   vertex -0.028008431196212769 -0.0062000001780688763 -0.049660094082355499
  endloop
 endfacet
 facet normal 0.13060568221327701 0 0.99143439307581238
  outer loop
   vertex -0.028008431196212769 -0.0062000001780688763 -0.049660094082355499
   vertex -0.027464911341667175 -0.0001999999803956598 -0.049731694161891937
   vertex -0.028008431196212769 -0.0001999999803956598 -0.049660094082355499
  endloop
 endfacet
 facet normal 0.38268787938300536 0 0.92387769048361501
  outer loop
   vertex -0.028008431196212769 -0.0062000001780688763 -0.049660094082355499
   vertex -0.028008431196212769 -0.0001999999803956598 -0.049660094082355499
   vertex -0.028514910489320755 -0.0062000001780688763 -0.049450300633907318
  endloop
 endfacet
 facet normal 0.38268787938300536 0 0.92387769048361501
  outer loop
   vertex -0.028514910489320755 -0.0062000001780688763 -0.049450300633907318
   vertex -0.028008431196212769 -0.0001999999803956598 -0.049660094082355499
   vertex -0.028514910489320755 -0.0001999999803956598 -0.049450300633907318
  endloop
 endfacet
 facet normal 0.60872767584998899 0 0.79337923886012462
  outer loop
   vertex -0.028514910489320755 -0.0062000001780688763 -0.049450300633907318
   vertex -0.028514910489320755 -0.0001999999803956598 -0.049450300633907318
   vertex -0.028949830681085587 -0.0062000001780688763 -0.049116604030132294
  endloop
 endfacet
 facet normal 0.60872767584998899 0 0.79337923886012462
  outer loop
   vertex -0.028949830681085587 -0.0062000001780688763 -0.049116604030132294
   vertex -0.028514910489320755 -0.0001999999803956598 -0.049450300633907318
   vertex -0.028949830681085587 -0.0001999999803956598 -0.049116604030132294
  endloop
 endfacet
 facet normal 0.79333962752208709 0 0.60877929942066544
  outer loop
   vertex -0.028949830681085587 -0.0062000001780688763 -0.049116604030132294
   vertex -0.028949830681085587 -0.0001999999803956598 -0.049116604030132294
   vertex -0.029283560812473297 -0.0062000001780688763 -0.048681698739528656
  endloop
 endfacet
 facet normal 0.79333962752208709 0 0.60877929942066544
  outer loop
   vertex -0.029283560812473297 -0.0062000001780688763 -0.048681698739528656
   vertex -0.028949830681085587 -0.0001999999803956598 -0.049116604030132294
   vertex -0.029283560812473297 -0.0001999999803956598 -0.048681698739528656
  endloop
 endfacet
 facet normal 0.92388705863848519 0 0.38266526218135899
  outer loop
   vertex -0.029283560812473297 -0.0062000001780688763 -0.048681698739528656
   vertex -0.029283560812473297 -0.0001999999803956598 -0.048681698739528656
   vertex -0.02949335053563118 -0.0062000001780688763 -0.04817519336938858
  endloop
 endfacet
 facet normal 0.92388705863848519 0 0.38266526218135899
  outer loop
   vertex -0.02949335053563118 -0.0062000001780688763 -0.04817519336938858
   vertex -0.029283560812473297 -0.0001999999803956598 -0.048681698739528656
   vertex -0.02949335053563118 -0.0001999999803956598 -0.04817519336938858
  endloop
 endfacet
 facet normal 0.99144270326817696 0 0.13054258361274124
  outer loop
   vertex -0.02949335053563118 -0.0062000001780688763 -0.04817519336938858
   vertex -0.02949335053563118 -0.0001999999803956598 -0.04817519336938858
   vertex -0.029564911499619484 -0.0062000001780688763 -0.047631703317165375
  endloop
 endfacet
 facet normal 0.99144270326817696 0 0.13054258361274124
  outer loop
   vertex -0.029564911499619484 -0.0062000001780688763 -0.047631703317165375
   vertex -0.02949335053563118 -0.0001999999803956598 -0.04817519336938858
   vertex -0.029564911499619484 -0.0001999999803956598 -0.047631703317165375
  endloop
 endfacet
 facet normal 0.99144640794299799 0 -0.13051444432294221
  outer loop
   vertex -0.029564911499619484 -0.0062000001780688763 -0.047631703317165375
   vertex -0.029564911499619484 -0.0001999999803956598 -0.047631703317165375
   vertex -0.02949335053563118 -0.0062000001780688763 -0.047088094055652618
  endloop
 endfacet
 facet normal 0.99144640794299799 0 -0.13051444432294221
  outer loop
   vertex -0.02949335053563118 -0.0062000001780688763 -0.047088094055652618
   vertex -0.029564911499619484 -0.0001999999803956598 -0.047631703317165375
   vertex -0.02949335053563118 -0.0001999999803956598 -0.047088094055652618
  endloop
 endfacet
 facet normal 0.92385919065255206 0 -0.38273253826505466
  outer loop
   vertex -0.02949335053563118 -0.0062000001780688763 -0.047088094055652618
   vertex -0.02949335053563118 -0.0001999999803956598 -0.047088094055652618
   vertex -0.029283560812473297 -0.0062000001780688763 -0.0465816929936409
  endloop
 endfacet
 facet normal 0.92385919065255206 0 -0.38273253826505466
  outer loop
   vertex -0.029283560812473297 -0.0062000001780688763 -0.0465816929936409
   vertex -0.02949335053563118 -0.0001999999803956598 -0.047088094055652618
   vertex -0.029283560812473297 -0.0001999999803956598 -0.0465816929936409
  endloop
 endfacet
 facet normal 0.79340006012336184 0 -0.60870053769998089
  outer loop
   vertex -0.029283560812473297 -0.0062000001780688763 -0.0465816929936409
   vertex -0.029283560812473297 -0.0001999999803956598 -0.0465816929936409
   vertex -0.028949830681085587 -0.0062000001780688763 -0.046146698296070099
  endloop
 endfacet
 facet normal 0.79340006012336184 0 -0.60870053769998089
  outer loop
   vertex -0.028949830681085587 -0.0062000001780688763 -0.046146698296070099
   vertex -0.029283560812473297 -0.0001999999803956598 -0.0465816929936409
   vertex -0.028949830681085587 -0.0001999999803956598 -0.046146698296070099
  endloop
 endfacet
 facet normal 0.60872767584998899 0 -0.79337923886012462
  outer loop
   vertex -0.028949830681085587 -0.0062000001780688763 -0.046146698296070099
   vertex -0.028949830681085587 -0.0001999999803956598 -0.046146698296070099
   vertex -0.028514910489320755 -0.0062000001780688763 -0.045813001692295074
  endloop
 endfacet
 facet normal 0.60872767584998899 0 -0.79337923886012462
  outer loop
   vertex -0.028514910489320755 -0.0062000001780688763 -0.045813001692295074
   vertex -0.028949830681085587 -0.0001999999803956598 -0.046146698296070099
   vertex -0.028514910489320755 -0.0001999999803956598 -0.045813001692295074
  endloop
 endfacet
 facet normal 0.38271107976213792 0 -0.92386808009980437
  outer loop
   vertex -0.028514910489320755 -0.0062000001780688763 -0.045813001692295074
   vertex -0.028514910489320755 -0.0001999999803956598 -0.045813001692295074
   vertex -0.028008431196212769 -0.0062000001780688763 -0.045603193342685699
  endloop
 endfacet
 facet normal 0.38271107976213792 0 -0.92386808009980437
  outer loop
   vertex -0.028008431196212769 -0.0062000001780688763 -0.045603193342685699
   vertex -0.028514910489320755 -0.0001999999803956598 -0.045813001692295074
   vertex -0.028008431196212769 -0.0001999999803956598 -0.045603193342685699
  endloop
 endfacet
 facet normal 0.13041865239057002 0 -0.99145901332764519
  outer loop
   vertex -0.028008431196212769 -0.0062000001780688763 -0.045603193342685699
   vertex -0.028008431196212769 -0.0001999999803956598 -0.045603193342685699
   vertex -0.027464911341667175 -0.0062000001780688763 -0.045531697571277618
  endloop
 endfacet
 facet normal 0.13041865239057002 0 -0.99145901332764519
  outer loop
   vertex -0.027464911341667175 -0.0062000001780688763 -0.045531697571277618
   vertex -0.028008431196212769 -0.0001999999803956598 -0.045603193342685699
   vertex -0.027464911341667175 -0.0001999999803956598 -0.045531697571277618
  endloop
 endfacet
 facet normal -0.13041865239057002 -0 -0.99145901332764519
  outer loop
   vertex -0.027464911341667175 -0.0062000001780688763 -0.045531697571277618
   vertex -0.027464911341667175 -0.0001999999803956598 -0.045531697571277618
   vertex -0.026921391487121582 -0.0062000001780688763 -0.045603193342685699
  endloop
 endfacet
 facet normal -0.13041865239057002 0 -0.99145901332764519
  outer loop
   vertex -0.026921391487121582 -0.0062000001780688763 -0.045603193342685699
   vertex -0.027464911341667175 -0.0001999999803956598 -0.045531697571277618
   vertex -0.026921391487121582 -0.0001999999803956598 -0.045603193342685699
  endloop
 endfacet
 facet normal 0.38271107976213792 0 0.92386808009980437
  outer loop
   vertex 0.026991568505764008 -0.0062000001780688763 0.045602686703205109
   vertex 0.026991568505764008 -0.0001999999803956598 0.045602686703205109
   vertex 0.026485089212656021 -0.0062000001780688763 0.045812495052814484
  endloop
 endfacet
 facet normal 0.38271107976213792 0 0.92386808009980437
  outer loop
   vertex 0.026485089212656021 -0.0062000001780688763 0.045812495052814484
   vertex 0.026991568505764008 -0.0001999999803956598 0.045602686703205109
   vertex 0.026485089212656021 -0.0001999999803956598 0.045812495052814484
  endloop
 endfacet
 facet normal 0.60872767584998899 0 0.79337923886012462
  outer loop
   vertex 0.026485089212656021 -0.0062000001780688763 0.045812495052814484
   vertex 0.026485089212656021 -0.0001999999803956598 0.045812495052814484
   vertex 0.02605016902089119 -0.0062000001780688763 0.046146191656589508
  endloop
 endfacet
 facet normal 0.60872767584998899 0 0.79337923886012462
  outer loop
   vertex 0.02605016902089119 -0.0062000001780688763 0.046146191656589508
   vertex 0.026485089212656021 -0.0001999999803956598 0.045812495052814484
   vertex 0.02605016902089119 -0.0001999999803956598 0.046146191656589508
  endloop
 endfacet
 facet normal 0.79333962752208709 0 0.60877929942066544
  outer loop
   vertex 0.02605016902089119 -0.0062000001780688763 0.046146191656589508
   vertex 0.02605016902089119 -0.0001999999803956598 0.046146191656589508
   vertex 0.025716438889503479 -0.0062000001780688763 0.046581096947193146
  endloop
 endfacet
 facet normal 0.79333962752208709 0 0.60877929942066544
  outer loop
   vertex 0.025716438889503479 -0.0062000001780688763 0.046581096947193146
   vertex 0.02605016902089119 -0.0001999999803956598 0.046146191656589508
   vertex 0.025716438889503479 -0.0001999999803956598 0.046581096947193146
  endloop
 endfacet
 facet normal 0.92388307839738515 0 0.38267487172660153
  outer loop
   vertex 0.025716438889503479 -0.0062000001780688763 0.046581096947193146
   vertex 0.025716438889503479 -0.0001999999803956598 0.046581096947193146
   vertex 0.025506649166345596 -0.0062000001780688763 0.047087587416172028
  endloop
 endfacet
 facet normal 0.92388307839738515 0 0.38267487172660153
  outer loop
   vertex 0.025506649166345596 -0.0062000001780688763 0.047087587416172028
   vertex 0.025716438889503479 -0.0001999999803956598 0.046581096947193146
   vertex 0.025506649166345596 -0.0001999999803956598 0.047087587416172028
  endloop
 endfacet
 facet normal 0.99144360622502148 0 0.13053572566743735
  outer loop
   vertex 0.025506649166345596 -0.0062000001780688763 0.047087587416172028
   vertex 0.025506649166345596 -0.0001999999803956598 0.047087587416172028
   vertex 0.025435090065002441 -0.0062000001780688763 0.047631092369556427
  endloop
 endfacet
 facet normal 0.99144360622502148 0 0.13053572566743735
  outer loop
   vertex 0.025435090065002441 -0.0062000001780688763 0.047631092369556427
   vertex 0.025506649166345596 -0.0001999999803956598 0.047087587416172028
   vertex 0.025435090065002441 -0.0001999999803956598 0.047631092369556427
  endloop
 endfacet
 facet normal 0.9914463845901651 0 -0.13051462172143971
  outer loop
   vertex 0.025435090065002441 -0.0062000001780688763 0.047631092369556427
   vertex 0.025435090065002441 -0.0001999999803956598 0.047631092369556427
   vertex 0.025506649166345596 -0.0062000001780688763 0.04817468672990799
  endloop
 endfacet
 facet normal 0.9914463845901651 0 -0.13051462172143971
  outer loop
   vertex 0.025506649166345596 -0.0062000001780688763 0.04817468672990799
   vertex 0.025435090065002441 -0.0001999999803956598 0.047631092369556427
   vertex 0.025506649166345596 -0.0001999999803956598 0.04817468672990799
  endloop
 endfacet
 facet normal 0.92385919065255206 0 -0.38273253826505466
  outer loop
   vertex 0.025506649166345596 -0.0062000001780688763 0.04817468672990799
   vertex 0.025506649166345596 -0.0001999999803956598 0.04817468672990799
   vertex 0.025716438889503479 -0.0062000001780688763 0.048681087791919708
  endloop
 endfacet
 facet normal 0.92385919065255206 0 -0.38273253826505466
  outer loop
   vertex 0.025716438889503479 -0.0062000001780688763 0.048681087791919708
   vertex 0.025506649166345596 -0.0001999999803956598 0.04817468672990799
   vertex 0.025716438889503479 -0.0001999999803956598 0.048681087791919708
  endloop
 endfacet
 facet normal 0.79342019911171724 0 -0.60867428698896342
  outer loop
   vertex 0.025716438889503479 -0.0062000001780688763 0.048681087791919708
   vertex 0.025716438889503479 -0.0001999999803956598 0.048681087791919708
   vertex 0.02605016902089119 -0.0062000001780688763 0.049116112291812897
  endloop
 endfacet
 facet normal 0.79342019911171724 0 -0.60867428698896342
  outer loop
   vertex 0.02605016902089119 -0.0062000001780688763 0.049116112291812897
   vertex 0.025716438889503479 -0.0001999999803956598 0.048681087791919708
   vertex 0.02605016902089119 -0.0001999999803956598 0.049116112291812897
  endloop
 endfacet
 facet normal 0.60872767584998899 0 -0.79337923886012462
  outer loop
   vertex 0.02605016902089119 -0.0062000001780688763 0.049116112291812897
   vertex 0.02605016902089119 -0.0001999999803956598 0.049116112291812897
   vertex 0.026485089212656021 -0.0062000001780688763 0.049449808895587921
  endloop
 endfacet
 facet normal 0.60872767584998899 0 -0.79337923886012462
  outer loop
   vertex 0.026485089212656021 -0.0062000001780688763 0.049449808895587921
   vertex 0.02605016902089119 -0.0001999999803956598 0.049116112291812897
   vertex 0.026485089212656021 -0.0001999999803956598 0.049449808895587921
  endloop
 endfacet
 facet normal 0.38266467827986927 0 -0.92388730048473122
  outer loop
   vertex 0.026485089212656021 -0.0062000001780688763 0.049449808895587921
   vertex 0.026485089212656021 -0.0001999999803956598 0.049449808895587921
   vertex 0.026991568505764008 -0.0062000001780688763 0.049659587442874908
  endloop
 endfacet
 facet normal 0.38266467827986927 0 -0.92388730048473122
  outer loop
   vertex 0.026991568505764008 -0.0062000001780688763 0.049659587442874908
   vertex 0.026485089212656021 -0.0001999999803956598 0.049449808895587921
   vertex 0.026991568505764008 -0.0001999999803956598 0.049659587442874908
  endloop
 endfacet
 facet normal 0.13047165138884539 0 -0.99145204028428313
  outer loop
   vertex 0.026991568505764008 -0.0062000001780688763 0.049659587442874908
   vertex 0.026991568505764008 -0.0001999999803956598 0.049659587442874908
   vertex 0.02753509022295475 -0.0062000001780688763 0.049731113016605377
  endloop
 endfacet
 facet normal 0.13047165138884539 0 -0.99145204028428313
  outer loop
   vertex 0.02753509022295475 -0.0062000001780688763 0.049731113016605377
   vertex 0.026991568505764008 -0.0001999999803956598 0.049659587442874908
   vertex 0.02753509022295475 -0.0001999999803956598 0.049731113016605377
  endloop
 endfacet
 facet normal -0.13047209090440598 -0 -0.99145198244545996
  outer loop
   vertex 0.02753509022295475 -0.0062000001780688763 0.049731113016605377
   vertex 0.02753509022295475 -0.0001999999803956598 0.049731113016605377
   vertex 0.028078610077500343 -0.0062000001780688763 0.049659587442874908
  endloop
 endfacet
 facet normal -0.13047209090440598 0 -0.99145198244545996
  outer loop
   vertex 0.028078610077500343 -0.0062000001780688763 0.049659587442874908
   vertex 0.02753509022295475 -0.0001999999803956598 0.049731113016605377
   vertex 0.028078610077500343 -0.0001999999803956598 0.049659587442874908
  endloop
 endfacet
 facet normal -0.38266467827986927 -0 -0.92388730048473122
  outer loop
   vertex 0.028078610077500343 -0.0062000001780688763 0.049659587442874908
   vertex 0.028078610077500343 -0.0001999999803956598 0.049659587442874908
   vertex 0.02858508937060833 -0.0062000001780688763 0.049449808895587921
  endloop
 endfacet
 facet normal -0.38266467827986927 0 -0.92388730048473122
  outer loop
   vertex 0.02858508937060833 -0.0062000001780688763 0.049449808895587921
   vertex 0.028078610077500343 -0.0001999999803956598 0.049659587442874908
   vertex 0.02858508937060833 -0.0001999999803956598 0.049449808895587921
  endloop
 endfacet
 facet normal -0.6087194709906657 -0 -0.79338553404813472
  outer loop
   vertex 0.02858508937060833 -0.0062000001780688763 0.049449808895587921
   vertex 0.02858508937060833 -0.0001999999803956598 0.049449808895587921
   vertex 0.029020018875598907 -0.0062000001780688763 0.049116112291812897
  endloop
 endfacet
 facet normal -0.6087194709906657 0 -0.79338553404813472
  outer loop
   vertex 0.029020018875598907 -0.0062000001780688763 0.049116112291812897
   vertex 0.02858508937060833 -0.0001999999803956598 0.049449808895587921
   vertex 0.029020018875598907 -0.0001999999803956598 0.049116112291812897
  endloop
 endfacet
 facet normal -0.79342019911171724 -0 -0.60867428698896342
  outer loop
   vertex 0.029020018875598907 -0.0062000001780688763 0.049116112291812897
   vertex 0.029020018875598907 -0.0001999999803956598 0.049116112291812897
   vertex 0.029353749006986618 -0.0062000001780688763 0.048681087791919708
  endloop
 endfacet
 facet normal -0.79342019911171724 0 -0.60867428698896342
  outer loop
   vertex 0.029353749006986618 -0.0062000001780688763 0.048681087791919708
   vertex 0.029020018875598907 -0.0001999999803956598 0.049116112291812897
   vertex 0.029353749006986618 -0.0001999999803956598 0.048681087791919708
  endloop
 endfacet
 facet normal -0.92385919065255206 -0 -0.38273253826505466
  outer loop
   vertex 0.029353749006986618 -0.0062000001780688763 0.048681087791919708
   vertex 0.029353749006986618 -0.0001999999803956598 0.048681087791919708
   vertex 0.029563538730144501 -0.0062000001780688763 0.04817468672990799
  endloop
 endfacet
 facet normal -0.92385919065255206 0 -0.38273253826505466
  outer loop
   vertex 0.029563538730144501 -0.0062000001780688763 0.04817468672990799
   vertex 0.029353749006986618 -0.0001999999803956598 0.048681087791919708
   vertex 0.029563538730144501 -0.0001999999803956598 0.04817468672990799
  endloop
 endfacet
 facet normal -0.99144814288360694 -0 -0.13050126425689035
  outer loop
   vertex 0.029563538730144501 -0.0062000001780688763 0.04817468672990799
   vertex 0.029563538730144501 -0.0001999999803956598 0.04817468672990799
   vertex 0.029635090380907059 -0.0062000001780688763 0.047631092369556427
  endloop
 endfacet
 facet normal -0.99144814288360694 0 -0.13050126425689035
  outer loop
   vertex 0.029635090380907059 -0.0062000001780688763 0.047631092369556427
   vertex 0.029563538730144501 -0.0001999999803956598 0.04817468672990799
   vertex 0.029635090380907059 -0.0001999999803956598 0.047631092369556427
  endloop
 endfacet
 facet normal -0.99144536508220693 0 0.13052236611787812
  outer loop
   vertex 0.029635090380907059 -0.0062000001780688763 0.047631092369556427
   vertex 0.029635090380907059 -0.0001999999803956598 0.047631092369556427
   vertex 0.029563538730144501 -0.0062000001780688763 0.047087587416172028
  endloop
 endfacet
 facet normal -0.99144536508220693 0 0.13052236611787812
  outer loop
   vertex 0.029563538730144501 -0.0062000001780688763 0.047087587416172028
   vertex 0.029635090380907059 -0.0001999999803956598 0.047631092369556427
   vertex 0.029563538730144501 -0.0001999999803956598 0.047087587416172028
  endloop
 endfacet
 facet normal -0.92388307839738515 0 0.38267487172660153
  outer loop
   vertex 0.029563538730144501 -0.0062000001780688763 0.047087587416172028
   vertex 0.029563538730144501 -0.0001999999803956598 0.047087587416172028
   vertex 0.029353749006986618 -0.0062000001780688763 0.046581096947193146
  endloop
 endfacet
 facet normal -0.92388307839738515 0 0.38267487172660153
  outer loop
   vertex 0.029353749006986618 -0.0062000001780688763 0.046581096947193146
   vertex 0.029563538730144501 -0.0001999999803956598 0.047087587416172028
   vertex 0.029353749006986618 -0.0001999999803956598 0.046581096947193146
  endloop
 endfacet
 facet normal -0.79333962752208709 0 0.60877929942066544
  outer loop
   vertex 0.029353749006986618 -0.0062000001780688763 0.046581096947193146
   vertex 0.029353749006986618 -0.0001999999803956598 0.046581096947193146
   vertex 0.029020018875598907 -0.0062000001780688763 0.046146191656589508
  endloop
 endfacet
 facet normal -0.79333962752208709 0 0.60877929942066544
  outer loop
   vertex 0.029020018875598907 -0.0062000001780688763 0.046146191656589508
   vertex 0.029353749006986618 -0.0001999999803956598 0.046581096947193146
   vertex 0.029020018875598907 -0.0001999999803956598 0.046146191656589508
  endloop
 endfacet
 facet normal -0.6087194709906657 0 0.79338553404813472
  outer loop
   vertex 0.029020018875598907 -0.0062000001780688763 0.046146191656589508
   vertex 0.029020018875598907 -0.0001999999803956598 0.046146191656589508
   vertex 0.02858508937060833 -0.0062000001780688763 0.045812495052814484
  endloop
 endfacet
 facet normal -0.6087194709906657 0 0.79338553404813472
  outer loop
   vertex 0.02858508937060833 -0.0062000001780688763 0.045812495052814484
   vertex 0.029020018875598907 -0.0001999999803956598 0.046146191656589508
   vertex 0.02858508937060833 -0.0001999999803956598 0.045812495052814484
  endloop
 endfacet
 facet normal -0.38271107976213792 0 0.92386808009980437
  outer loop
   vertex 0.02858508937060833 -0.0062000001780688763 0.045812495052814484
   vertex 0.02858508937060833 -0.0001999999803956598 0.045812495052814484
   vertex 0.028078610077500343 -0.0062000001780688763 0.045602686703205109
  endloop
 endfacet
 facet normal -0.38271107976213792 0 0.92386808009980437
  outer loop
   vertex 0.028078610077500343 -0.0062000001780688763 0.045602686703205109
   vertex 0.02858508937060833 -0.0001999999803956598 0.045812495052814484
   vertex 0.028078610077500343 -0.0001999999803956598 0.045602686703205109
  endloop
 endfacet
 facet normal -0.13057896452037307 0 0.99143791233984346
  outer loop
   vertex 0.028078610077500343 -0.0062000001780688763 0.045602686703205109
   vertex 0.028078610077500343 -0.0001999999803956598 0.045602686703205109
   vertex 0.02753509022295475 -0.0062000001780688763 0.045531101524829865
  endloop
 endfacet
 facet normal -0.13057896452037307 0 0.99143791233984346
  outer loop
   vertex 0.02753509022295475 -0.0062000001780688763 0.045531101524829865
   vertex 0.028078610077500343 -0.0001999999803956598 0.045602686703205109
   vertex 0.02753509022295475 -0.0001999999803956598 0.045531101524829865
  endloop
 endfacet
 facet normal 0.13057852465727682 0 0.99143797027263825
  outer loop
   vertex 0.02753509022295475 -0.0062000001780688763 0.045531101524829865
   vertex 0.02753509022295475 -0.0001999999803956598 0.045531101524829865
   vertex 0.026991568505764008 -0.0062000001780688763 0.045602686703205109
  endloop
 endfacet
 facet normal 0.13057852465727682 0 0.99143797027263825
  outer loop
   vertex 0.026991568505764008 -0.0062000001780688763 0.045602686703205109
   vertex 0.02753509022295475 -0.0001999999803956598 0.045531101524829865
   vertex 0.026991568505764008 -0.0001999999803956598 0.045602686703205109
  endloop
 endfacet
 facet normal 0.60872767584998899 0 -0.79337923886012462
  outer loop
   vertex 0.02605016902089119 -0.0062000001780688763 -0.046146698296070099
   vertex 0.02605016902089119 -0.0001999999803956598 -0.046146698296070099
   vertex 0.026485089212656021 -0.0062000001780688763 -0.045813001692295074
  endloop
 endfacet
 facet normal 0.60872767584998899 0 -0.79337923886012462
  outer loop
   vertex 0.026485089212656021 -0.0062000001780688763 -0.045813001692295074
   vertex 0.02605016902089119 -0.0001999999803956598 -0.046146698296070099
   vertex 0.026485089212656021 -0.0001999999803956598 -0.045813001692295074
  endloop
 endfacet
 facet normal 0.38271107976213792 0 -0.92386808009980437
  outer loop
   vertex 0.026485089212656021 -0.0062000001780688763 -0.045813001692295074
   vertex 0.026485089212656021 -0.0001999999803956598 -0.045813001692295074
   vertex 0.026991568505764008 -0.0062000001780688763 -0.045603193342685699
  endloop
 endfacet
 facet normal 0.38271107976213792 0 -0.92386808009980437
  outer loop
   vertex 0.026991568505764008 -0.0062000001780688763 -0.045603193342685699
   vertex 0.026485089212656021 -0.0001999999803956598 -0.045813001692295074
   vertex 0.026991568505764008 -0.0001999999803956598 -0.045603193342685699
  endloop
 endfacet
 facet normal 0.13041821304879431 0 -0.99145907111950882
  outer loop
   vertex 0.026991568505764008 -0.0062000001780688763 -0.045603193342685699
   vertex 0.026991568505764008 -0.0001999999803956598 -0.045603193342685699
   vertex 0.02753509022295475 -0.0062000001780688763 -0.045531697571277618
  endloop
 endfacet
 facet normal 0.13041821304879431 0 -0.99145907111950882
  outer loop
   vertex 0.02753509022295475 -0.0062000001780688763 -0.045531697571277618
   vertex 0.026991568505764008 -0.0001999999803956598 -0.045603193342685699
   vertex 0.02753509022295475 -0.0001999999803956598 -0.045531697571277618
  endloop
 endfacet
 facet normal -0.13041865239057002 -0 -0.99145901332764519
  outer loop
   vertex 0.02753509022295475 -0.0062000001780688763 -0.045531697571277618
   vertex 0.02753509022295475 -0.0001999999803956598 -0.045531697571277618
   vertex 0.028078610077500343 -0.0062000001780688763 -0.045603193342685699
  endloop
 endfacet
 facet normal -0.13041865239057002 0 -0.99145901332764519
  outer loop
   vertex 0.028078610077500343 -0.0062000001780688763 -0.045603193342685699
   vertex 0.02753509022295475 -0.0001999999803956598 -0.045531697571277618
   vertex 0.028078610077500343 -0.0001999999803956598 -0.045603193342685699
  endloop
 endfacet
 facet normal -0.38271107976213792 -0 -0.92386808009980437
  outer loop
   vertex 0.028078610077500343 -0.0062000001780688763 -0.045603193342685699
   vertex 0.028078610077500343 -0.0001999999803956598 -0.045603193342685699
   vertex 0.02858508937060833 -0.0062000001780688763 -0.045813001692295074
  endloop
 endfacet
 facet normal -0.38271107976213792 0 -0.92386808009980437
  outer loop
   vertex 0.02858508937060833 -0.0062000001780688763 -0.045813001692295074
   vertex 0.028078610077500343 -0.0001999999803956598 -0.045603193342685699
   vertex 0.02858508937060833 -0.0001999999803956598 -0.045813001692295074
  endloop
 endfacet
 facet normal -0.6087194709906657 -0 -0.79338553404813472
  outer loop
   vertex 0.02858508937060833 -0.0062000001780688763 -0.045813001692295074
   vertex 0.02858508937060833 -0.0001999999803956598 -0.045813001692295074
   vertex 0.029020018875598907 -0.0062000001780688763 -0.046146698296070099
  endloop
 endfacet
 facet normal -0.6087194709906657 0 -0.79338553404813472
  outer loop
   vertex 0.029020018875598907 -0.0062000001780688763 -0.046146698296070099
   vertex 0.02858508937060833 -0.0001999999803956598 -0.045813001692295074
   vertex 0.029020018875598907 -0.0001999999803956598 -0.046146698296070099
  endloop
 endfacet
 facet normal -0.79340006012336184 -0 -0.60870053769998089
  outer loop
   vertex 0.029020018875598907 -0.0062000001780688763 -0.046146698296070099
   vertex 0.029020018875598907 -0.0001999999803956598 -0.046146698296070099
   vertex 0.029353749006986618 -0.0062000001780688763 -0.0465816929936409
  endloop
 endfacet
 facet normal -0.79340006012336184 0 -0.60870053769998089
  outer loop
   vertex 0.029353749006986618 -0.0062000001780688763 -0.0465816929936409
   vertex 0.029020018875598907 -0.0001999999803956598 -0.046146698296070099
   vertex 0.029353749006986618 -0.0001999999803956598 -0.0465816929936409
  endloop
 endfacet
 facet normal -0.92385919065255206 -0 -0.38273253826505466
  outer loop
   vertex 0.029353749006986618 -0.0062000001780688763 -0.0465816929936409
   vertex 0.029353749006986618 -0.0001999999803956598 -0.0465816929936409
   vertex 0.029563538730144501 -0.0062000001780688763 -0.047088094055652618
  endloop
 endfacet
 facet normal -0.92385919065255206 0 -0.38273253826505466
  outer loop
   vertex 0.029563538730144501 -0.0062000001780688763 -0.047088094055652618
   vertex 0.029353749006986618 -0.0001999999803956598 -0.0465816929936409
   vertex 0.029563538730144501 -0.0001999999803956598 -0.047088094055652618
  endloop
 endfacet
 facet normal -0.99144860571952942 -0 -0.13049774793765934
  outer loop
   vertex 0.029563538730144501 -0.0062000001780688763 -0.047088094055652618
   vertex 0.029563538730144501 -0.0001999999803956598 -0.047088094055652618
   vertex 0.029635090380907059 -0.0062000001780688763 -0.047631703317165375
  endloop
 endfacet
 facet normal -0.99144860571952942 0 -0.13049774793765934
  outer loop
   vertex 0.029635090380907059 -0.0062000001780688763 -0.047631703317165375
   vertex 0.029563538730144501 -0.0001999999803956598 -0.047088094055652618
   vertex 0.029635090380907059 -0.0001999999803956598 -0.047631703317165375
  endloop
 endfacet
 facet normal -0.99144490198429192 0 0.13052588375244903
  outer loop
   vertex 0.029635090380907059 -0.0062000001780688763 -0.047631703317165375
   vertex 0.029635090380907059 -0.0001999999803956598 -0.047631703317165375
   vertex 0.029563538730144501 -0.0062000001780688763 -0.04817519336938858
  endloop
 endfacet
 facet normal -0.99144490198429192 0 0.13052588375244903
  outer loop
   vertex 0.029563538730144501 -0.0062000001780688763 -0.04817519336938858
   vertex 0.029635090380907059 -0.0001999999803956598 -0.047631703317165375
   vertex 0.029563538730144501 -0.0001999999803956598 -0.04817519336938858
  endloop
 endfacet
 facet normal -0.92388705863848519 0 0.38266526218135899
  outer loop
   vertex 0.029563538730144501 -0.0062000001780688763 -0.04817519336938858
   vertex 0.029563538730144501 -0.0001999999803956598 -0.04817519336938858
   vertex 0.029353749006986618 -0.0062000001780688763 -0.048681698739528656
  endloop
 endfacet
 facet normal -0.92388705863848519 0 0.38266526218135899
  outer loop
   vertex 0.029353749006986618 -0.0062000001780688763 -0.048681698739528656
   vertex 0.029563538730144501 -0.0001999999803956598 -0.04817519336938858
   vertex 0.029353749006986618 -0.0001999999803956598 -0.048681698739528656
  endloop
 endfacet
 facet normal -0.79333962752208709 0 0.60877929942066544
  outer loop
   vertex 0.029353749006986618 -0.0062000001780688763 -0.048681698739528656
   vertex 0.029353749006986618 -0.0001999999803956598 -0.048681698739528656
   vertex 0.029020018875598907 -0.0062000001780688763 -0.049116604030132294
  endloop
 endfacet
 facet normal -0.79333962752208709 0 0.60877929942066544
  outer loop
   vertex 0.029020018875598907 -0.0062000001780688763 -0.049116604030132294
   vertex 0.029353749006986618 -0.0001999999803956598 -0.048681698739528656
   vertex 0.029020018875598907 -0.0001999999803956598 -0.049116604030132294
  endloop
 endfacet
 facet normal -0.6087194709906657 0 0.79338553404813472
  outer loop
   vertex 0.029020018875598907 -0.0062000001780688763 -0.049116604030132294
   vertex 0.029020018875598907 -0.0001999999803956598 -0.049116604030132294
   vertex 0.02858508937060833 -0.0062000001780688763 -0.049450300633907318
  endloop
 endfacet
 facet normal -0.6087194709906657 0 0.79338553404813472
  outer loop
   vertex 0.02858508937060833 -0.0062000001780688763 -0.049450300633907318
   vertex 0.029020018875598907 -0.0001999999803956598 -0.049116604030132294
   vertex 0.02858508937060833 -0.0001999999803956598 -0.049450300633907318
  endloop
 endfacet
 facet normal -0.38268787938300536 0 0.92387769048361501
  outer loop
   vertex 0.02858508937060833 -0.0062000001780688763 -0.049450300633907318
   vertex 0.02858508937060833 -0.0001999999803956598 -0.049450300633907318
   vertex 0.028078610077500343 -0.0062000001780688763 -0.049660094082355499
  endloop
 endfacet
 facet normal -0.38268787938300536 0 0.92387769048361501
  outer loop
   vertex 0.028078610077500343 -0.0062000001780688763 -0.049660094082355499
   vertex 0.02858508937060833 -0.0001999999803956598 -0.049450300633907318
   vertex 0.028078610077500343 -0.0001999999803956598 -0.049660094082355499
  endloop
 endfacet
 facet normal -0.13060568221327701 0 0.99143439307581238
  outer loop
   vertex 0.028078610077500343 -0.0062000001780688763 -0.049660094082355499
   vertex 0.028078610077500343 -0.0001999999803956598 -0.049660094082355499
   vertex 0.02753509022295475 -0.0062000001780688763 -0.049731694161891937
  endloop
 endfacet
 facet normal -0.13060568221327701 0 0.99143439307581238
  outer loop
   vertex 0.02753509022295475 -0.0062000001780688763 -0.049731694161891937
   vertex 0.028078610077500343 -0.0001999999803956598 -0.049660094082355499
   vertex 0.02753509022295475 -0.0001999999803956598 -0.049731694161891937
  endloop
 endfacet
 facet normal 0.13060524226330394 0 0.99143445103211125
  outer loop
   vertex 0.02753509022295475 -0.0062000001780688763 -0.049731694161891937
   vertex 0.02753509022295475 -0.0001999999803956598 -0.049731694161891937
   vertex 0.026991568505764008 -0.0062000001780688763 -0.049660094082355499
  endloop
 endfacet
 facet normal 0.13060524226330394 0 0.99143445103211125
  outer loop
   vertex 0.026991568505764008 -0.0062000001780688763 -0.049660094082355499
   vertex 0.02753509022295475 -0.0001999999803956598 -0.049731694161891937
   vertex 0.026991568505764008 -0.0001999999803956598 -0.049660094082355499
  endloop
 endfacet
 facet normal 0.38268787938300536 0 0.92387769048361501
  outer loop
   vertex 0.026991568505764008 -0.0062000001780688763 -0.049660094082355499
   vertex 0.026991568505764008 -0.0001999999803956598 -0.049660094082355499
   vertex 0.026485089212656021 -0.0062000001780688763 -0.049450300633907318
  endloop
 endfacet
 facet normal 0.38268787938300536 0 0.92387769048361501
  outer loop
   vertex 0.026485089212656021 -0.0062000001780688763 -0.049450300633907318
   vertex 0.026991568505764008 -0.0001999999803956598 -0.049660094082355499
   vertex 0.026485089212656021 -0.0001999999803956598 -0.049450300633907318
  endloop
 endfacet
 facet normal 0.60872767584998899 0 0.79337923886012462
  outer loop
   vertex 0.026485089212656021 -0.0062000001780688763 -0.049450300633907318
   vertex 0.026485089212656021 -0.0001999999803956598 -0.049450300633907318
   vertex 0.02605016902089119 -0.0062000001780688763 -0.049116604030132294
  endloop
 endfacet
 facet normal 0.60872767584998899 0 0.79337923886012462
  outer loop
   vertex 0.02605016902089119 -0.0062000001780688763 -0.049116604030132294
   vertex 0.026485089212656021 -0.0001999999803956598 -0.049450300633907318
   vertex 0.02605016902089119 -0.0001999999803956598 -0.049116604030132294
  endloop
 endfacet
 facet normal 0.79333962752208709 0 0.60877929942066544
  outer loop
   vertex 0.02605016902089119 -0.0062000001780688763 -0.049116604030132294
   vertex 0.02605016902089119 -0.0001999999803956598 -0.049116604030132294
   vertex 0.025716438889503479 -0.0062000001780688763 -0.048681698739528656
  endloop
 endfacet
 facet normal 0.79333962752208709 0 0.60877929942066544
  outer loop
   vertex 0.025716438889503479 -0.0062000001780688763 -0.048681698739528656
   vertex 0.02605016902089119 -0.0001999999803956598 -0.049116604030132294
   vertex 0.025716438889503479 -0.0001999999803956598 -0.048681698739528656
  endloop
 endfacet
 facet normal 0.92388705863848519 0 0.38266526218135899
  outer loop
   vertex 0.025716438889503479 -0.0062000001780688763 -0.048681698739528656
   vertex 0.025716438889503479 -0.0001999999803956598 -0.048681698739528656
   vertex 0.025506649166345596 -0.0062000001780688763 -0.04817519336938858
  endloop
 endfacet
 facet normal 0.92388705863848519 0 0.38266526218135899
  outer loop
   vertex 0.025506649166345596 -0.0062000001780688763 -0.04817519336938858
   vertex 0.025716438889503479 -0.0001999999803956598 -0.048681698739528656
   vertex 0.025506649166345596 -0.0001999999803956598 -0.04817519336938858
  endloop
 endfacet
 facet normal 0.99144314303312309 0 0.13053924364957134
  outer loop
   vertex 0.025506649166345596 -0.0062000001780688763 -0.04817519336938858
   vertex 0.025506649166345596 -0.0001999999803956598 -0.04817519336938858
   vertex 0.025435090065002441 -0.0062000001780688763 -0.047631703317165375
  endloop
 endfacet
 facet normal 0.99144314303312309 0 0.13053924364957134
  outer loop
   vertex 0.025435090065002441 -0.0062000001780688763 -0.047631703317165375
   vertex 0.025506649166345596 -0.0001999999803956598 -0.04817519336938858
   vertex 0.025435090065002441 -0.0001999999803956598 -0.047631703317165375
  endloop
 endfacet
 facet normal 0.99144684752001877 0 -0.13051110505476851
  outer loop
   vertex 0.025435090065002441 -0.0062000001780688763 -0.047631703317165375
   vertex 0.025435090065002441 -0.0001999999803956598 -0.047631703317165375
   vertex 0.025506649166345596 -0.0062000001780688763 -0.047088094055652618
  endloop
 endfacet
 facet normal 0.99144684752001877 0 -0.13051110505476851
  outer loop
   vertex 0.025506649166345596 -0.0062000001780688763 -0.047088094055652618
   vertex 0.025435090065002441 -0.0001999999803956598 -0.047631703317165375
   vertex 0.025506649166345596 -0.0001999999803956598 -0.047088094055652618
  endloop
 endfacet
 facet normal 0.92385919065255206 0 -0.38273253826505466
  outer loop
   vertex 0.025506649166345596 -0.0062000001780688763 -0.047088094055652618
   vertex 0.025506649166345596 -0.0001999999803956598 -0.047088094055652618
   vertex 0.025716438889503479 -0.0062000001780688763 -0.0465816929936409
  endloop
 endfacet
 facet normal 0.92385919065255206 0 -0.38273253826505466
  outer loop
   vertex 0.025716438889503479 -0.0062000001780688763 -0.0465816929936409
   vertex 0.025506649166345596 -0.0001999999803956598 -0.047088094055652618
   vertex 0.025716438889503479 -0.0001999999803956598 -0.0465816929936409
  endloop
 endfacet
 facet normal 0.79340006012336184 0 -0.60870053769998089
  outer loop
   vertex 0.025716438889503479 -0.0062000001780688763 -0.0465816929936409
   vertex 0.025716438889503479 -0.0001999999803956598 -0.0465816929936409
   vertex 0.02605016902089119 -0.0062000001780688763 -0.046146698296070099
  endloop
 endfacet
 facet normal 0.79340006012336184 0 -0.60870053769998089
  outer loop
   vertex 0.02605016902089119 -0.0062000001780688763 -0.046146698296070099
   vertex 0.025716438889503479 -0.0001999999803956598 -0.0465816929936409
   vertex 0.02605016902089119 -0.0001999999803956598 -0.046146698296070099
  endloop
 endfacet
 facet normal -0.48122110488305686 0 -0.87659925177650599
  outer loop
   vertex -0.026800001040101051 -0.0001999999803956598 -0.053664706647396088
   vertex -0.026800001040101051 -0.0062000001780688763 -0.053664706647396088
   vertex -0.030834520235657692 -0.0001999999803956598 -0.051449902355670929
  endloop
 endfacet
 facet normal -0.48122110488305686 0 -0.87659925177650599
  outer loop
   vertex -0.030834520235657692 -0.0001999999803956598 -0.051449902355670929
   vertex -0.026800001040101051 -0.0062000001780688763 -0.053664706647396088
   vertex -0.030834520235657692 -0.0062000001780688763 -0.051449902355670929
  endloop
 endfacet
 facet normal -0.54700662957664603 0 -0.83712827404119983
  outer loop
   vertex -0.030834520235657692 -0.0001999999803956598 -0.051449902355670929
   vertex -0.030834520235657692 -0.0062000001780688763 -0.051449902355670929
   vertex -0.034687399864196777 -0.0001999999803956598 -0.048932306468486786
  endloop
 endfacet
 facet normal -0.54700662957664603 0 -0.83712827404119983
  outer loop
   vertex -0.034687399864196777 -0.0001999999803956598 -0.048932306468486786
   vertex -0.030834520235657692 -0.0062000001780688763 -0.051449902355670929
   vertex -0.034687399864196777 -0.0062000001780688763 -0.048932306468486786
  endloop
 endfacet
 facet normal -0.60956163852218215 0 -0.79273867626233085
  outer loop
   vertex -0.034687399864196777 -0.0001999999803956598 -0.048932306468486786
   vertex -0.034687399864196777 -0.0062000001780688763 -0.048932306468486786
   vertex -0.038335971534252167 -0.0001999999803956598 -0.046126805245876312
  endloop
 endfacet
 facet normal -0.60956163852218215 0 -0.79273867626233085
  outer loop
   vertex -0.038335971534252167 -0.0001999999803956598 -0.046126805245876312
   vertex -0.034687399864196777 -0.0062000001780688763 -0.048932306468486786
   vertex -0.038335971534252167 -0.0062000001780688763 -0.046126805245876312
  endloop
 endfacet
 facet normal -0.66853254651949034 0 -0.74368288553937123
  outer loop
   vertex -0.038335971534252167 -0.0001999999803956598 -0.046126805245876312
   vertex -0.038335971534252167 -0.0062000001780688763 -0.046126805245876312
   vertex -0.041758760809898376 -0.0001999999803956598 -0.043049894273281097
  endloop
 endfacet
 facet normal -0.66853254651949034 0 -0.74368288553937123
  outer loop
   vertex -0.041758760809898376 -0.0001999999803956598 -0.043049894273281097
   vertex -0.038335971534252167 -0.0062000001780688763 -0.046126805245876312
   vertex -0.041758760809898376 -0.0062000001780688763 -0.043049894273281097
  endloop
 endfacet
 facet normal -0.72356782405702569 0 -0.69025328973455902
  outer loop
   vertex -0.041758760809898376 -0.0001999999803956598 -0.043049894273281097
   vertex -0.041758760809898376 -0.0062000001780688763 -0.043049894273281097
   vertex -0.04493563249707222 -0.0001999999803956598 -0.03971969336271286
  endloop
 endfacet
 facet normal -0.72356782405702569 0 -0.69025328973455902
  outer loop
   vertex -0.04493563249707222 -0.0001999999803956598 -0.03971969336271286
   vertex -0.041758760809898376 -0.0062000001780688763 -0.043049894273281097
   vertex -0.04493563249707222 -0.0062000001780688763 -0.03971969336271286
  endloop
 endfacet
 facet normal -0.77434666910464234 0 -0.6327615949522738
  outer loop
   vertex -0.04493563249707222 -0.0001999999803956598 -0.03971969336271286
   vertex -0.04493563249707222 -0.0062000001780688763 -0.03971969336271286
   vertex -0.047847889363765717 -0.0001999999803956598 -0.03615579754114151
  endloop
 endfacet
 facet normal -0.77434666910464234 0 -0.6327615949522738
  outer loop
   vertex -0.047847889363765717 -0.0001999999803956598 -0.03615579754114151
   vertex -0.04493563249707222 -0.0062000001780688763 -0.03971969336271286
   vertex -0.047847889363765717 -0.0062000001780688763 -0.03615579754114151
  endloop
 endfacet
 facet normal -0.82057577627817135 0 -0.57153774624732923
  outer loop
   vertex -0.047847889363765717 -0.0001999999803956598 -0.03615579754114151
   vertex -0.047847889363765717 -0.0062000001780688763 -0.03615579754114151
   vertex -0.050478391349315643 -0.0001999999803956598 -0.032379098236560822
  endloop
 endfacet
 facet normal -0.82057577627817135 0 -0.57153774624732923
  outer loop
   vertex -0.050478391349315643 -0.0001999999803956598 -0.032379098236560822
   vertex -0.047847889363765717 -0.0062000001780688763 -0.03615579754114151
   vertex -0.050478391349315643 -0.0062000001780688763 -0.032379098236560822
  endloop
 endfacet
 facet normal -0.86196885751842167 0 -0.50696122994602555
  outer loop
   vertex -0.050478391349315643 -0.0001999999803956598 -0.032379098236560822
   vertex -0.050478391349315643 -0.0062000001780688763 -0.032379098236560822
   vertex -0.052811671048402786 -0.0001999999803956598 -0.028411902487277985
  endloop
 endfacet
 facet normal -0.86196885751842167 0 -0.50696122994602555
  outer loop
   vertex -0.052811671048402786 -0.0001999999803956598 -0.028411902487277985
   vertex -0.050478391349315643 -0.0062000001780688763 -0.032379098236560822
   vertex -0.052811671048402786 -0.0062000001780688763 -0.028411902487277985
  endloop
 endfacet
 facet normal -0.89829385237374393 0 -0.43939521479817933
  outer loop
   vertex -0.052811671048402786 -0.0001999999803956598 -0.028411902487277985
   vertex -0.052811671048402786 -0.0062000001780688763 -0.028411902487277985
   vertex -0.054833989590406418 -0.0001999999803956598 -0.024277500808238983
  endloop
 endfacet
 facet normal -0.89829385237374393 0 -0.43939521479817933
  outer loop
   vertex -0.054833989590406418 -0.0001999999803956598 -0.024277500808238983
   vertex -0.052811671048402786 -0.0062000001780688763 -0.028411902487277985
   vertex -0.054833989590406418 -0.0062000001780688763 -0.024277500808238983
  endloop
 endfacet
 facet normal -0.92932963852021311 0 -0.36925116515441087
  outer loop
   vertex -0.054833989590406418 -0.0001999999803956598 -0.024277500808238983
   vertex -0.054833989590406418 -0.0062000001780688763 -0.024277500808238983
   vertex -0.056533452123403549 -0.0001999999803956598 -0.02000030130147934
  endloop
 endfacet
 facet normal -0.92932963852021311 0 -0.36925116515441087
  outer loop
   vertex -0.056533452123403549 -0.0001999999803956598 -0.02000030130147934
   vertex -0.054833989590406418 -0.0062000001780688763 -0.024277500808238983
   vertex -0.056533452123403549 -0.0062000001780688763 -0.02000030130147934
  endloop
 endfacet
 facet normal 0.42244035227024146 0 -0.90639072632821793
  outer loop
   vertex 0.023199999704957008 -0.0062000001780688763 -0.055348105728626251
   vertex 0.023199999704957008 -0.0001999999803956598 -0.055348105728626251
   vertex 0.02752360887825489 -0.0062000001780688763 -0.053333006799221039
  endloop
 endfacet
 facet normal 0.42244035227024146 0 -0.90639072632821793
  outer loop
   vertex 0.02752360887825489 -0.0062000001780688763 -0.053333006799221039
   vertex 0.023199999704957008 -0.0001999999803956598 -0.055348105728626251
   vertex 0.02752360887825489 -0.0001999999803956598 -0.053333006799221039
  endloop
 endfacet
 facet normal 0.4931110624778855 0 -0.8699663672015896
  outer loop
   vertex 0.02752360887825489 -0.0062000001780688763 -0.053333006799221039
   vertex 0.02752360887825489 -0.0001999999803956598 -0.053333006799221039
   vertex 0.03167346864938736 -0.0062000001780688763 -0.050980798900127411
  endloop
 endfacet
 facet normal 0.4931110624778855 0 -0.8699663672015896
  outer loop
   vertex 0.03167346864938736 -0.0062000001780688763 -0.050980798900127411
   vertex 0.02752360887825489 -0.0001999999803956598 -0.053333006799221039
   vertex 0.03167346864938736 -0.0001999999803956598 -0.050980798900127411
  endloop
 endfacet
 facet normal 0.56067167198075052 0 -0.82803820940721673
  outer loop
   vertex 0.03167346864938736 -0.0062000001780688763 -0.050980798900127411
   vertex 0.03167346864938736 -0.0001999999803956598 -0.050980798900127411
   vertex 0.035623360425233841 -0.0062000001780688763 -0.048306293785572052
  endloop
 endfacet
 facet normal 0.56067167198075052 0 -0.82803820940721673
  outer loop
   vertex 0.035623360425233841 -0.0062000001780688763 -0.048306293785572052
   vertex 0.03167346864938736 -0.0001999999803956598 -0.050980798900127411
   vertex 0.035623360425233841 -0.0001999999803956598 -0.048306293785572052
  endloop
 endfacet
 facet normal 0.62467561865575949 0 -0.78088435216557139
  outer loop
   vertex 0.035623360425233841 -0.0062000001780688763 -0.048306293785572052
   vertex 0.035623360425233841 -0.0001999999803956598 -0.048306293785572052
   vertex 0.0393483005464077 -0.0062000001780688763 -0.045326493680477142
  endloop
 endfacet
 facet normal 0.62467561865575949 0 -0.78088435216557139
  outer loop
   vertex 0.0393483005464077 -0.0062000001780688763 -0.045326493680477142
   vertex 0.035623360425233841 -0.0001999999803956598 -0.048306293785572052
   vertex 0.0393483005464077 -0.0001999999803956598 -0.045326493680477142
  endloop
 endfacet
 facet normal 0.68472394907057621 0 -0.72880252028186276
  outer loop
   vertex 0.0393483005464077 -0.0062000001780688763 -0.045326493680477142
   vertex 0.0393483005464077 -0.0001999999803956598 -0.045326493680477142
   vertex 0.04282476007938385 -0.0062000001780688763 -0.042060293257236481
  endloop
 endfacet
 facet normal 0.68472394907057621 0 -0.72880252028186276
  outer loop
   vertex 0.04282476007938385 -0.0062000001780688763 -0.042060293257236481
   vertex 0.0393483005464077 -0.0001999999803956598 -0.045326493680477142
   vertex 0.04282476007938385 -0.0001999999803956598 -0.042060293257236481
  endloop
 endfacet
 facet normal 0.74047000487017978 0 -0.67208940765909708
  outer loop
   vertex 0.04282476007938385 -0.0062000001780688763 -0.042060293257236481
   vertex 0.04282476007938385 -0.0001999999803956598 -0.042060293257236481
   vertex 0.046030770987272263 -0.0062000001780688763 -0.038528092205524445
  endloop
 endfacet
 facet normal 0.74047000487017978 0 -0.67208940765909708
  outer loop
   vertex 0.046030770987272263 -0.0062000001780688763 -0.038528092205524445
   vertex 0.04282476007938385 -0.0001999999803956598 -0.042060293257236481
   vertex 0.046030770987272263 -0.0001999999803956598 -0.038528092205524445
  endloop
 endfacet
 facet normal 0.79151097249152824 0 -0.61115495614902382
  outer loop
   vertex 0.046030770987272263 -0.0062000001780688763 -0.038528092205524445
   vertex 0.046030770987272263 -0.0001999999803956598 -0.038528092205524445
   vertex 0.048946049064397812 -0.0062000001780688763 -0.034752495586872101
  endloop
 endfacet
 facet normal 0.79151097249152824 0 -0.61115495614902382
  outer loop
   vertex 0.048946049064397812 -0.0062000001780688763 -0.034752495586872101
   vertex 0.046030770987272263 -0.0001999999803956598 -0.038528092205524445
   vertex 0.048946049064397812 -0.0001999999803956598 -0.034752495586872101
  endloop
 endfacet
 facet normal 0.83756252424479649 0 -0.54634148476999689
  outer loop
   vertex 0.048946049064397812 -0.0062000001780688763 -0.034752495586872101
   vertex 0.048946049064397812 -0.0001999999803956598 -0.034752495586872101
   vertex 0.051552180200815201 -0.0062000001780688763 -0.030757196247577667
  endloop
 endfacet
 facet normal 0.83756252424479649 0 -0.54634148476999689
  outer loop
   vertex 0.051552180200815201 -0.0062000001780688763 -0.030757196247577667
   vertex 0.048946049064397812 -0.0001999999803956598 -0.034752495586872101
   vertex 0.051552180200815201 -0.0001999999803956598 -0.030757196247577667
  endloop
 endfacet
 facet normal 0.87831647356568254 0 -0.47807967145983499
  outer loop
   vertex 0.051552180200815201 -0.0062000001780688763 -0.030757196247577667
   vertex 0.051552180200815201 -0.0001999999803956598 -0.030757196247577667
   vertex 0.053832691162824631 -0.0062000001780688763 -0.026567496359348297
  endloop
 endfacet
 facet normal 0.87831647356568254 0 -0.47807967145983499
  outer loop
   vertex 0.053832691162824631 -0.0062000001780688763 -0.026567496359348297
   vertex 0.051552180200815201 -0.0001999999803956598 -0.030757196247577667
   vertex 0.053832691162824631 -0.0001999999803956598 -0.026567496359348297
  endloop
 endfacet
 facet normal 0.9135188284836343 0 -0.40679644787766794
  outer loop
   vertex 0.053832691162824631 -0.0062000001780688763 -0.026567496359348297
   vertex 0.053832691162824631 -0.0001999999803956598 -0.026567496359348297
   vertex 0.055773157626390457 -0.0062000001780688763 -0.022209905087947845
  endloop
 endfacet
 facet normal 0.9135188284836343 0 -0.40679644787766794
  outer loop
   vertex 0.055773157626390457 -0.0062000001780688763 -0.022209905087947845
   vertex 0.053832691162824631 -0.0001999999803956598 -0.026567496359348297
   vertex 0.055773157626390457 -0.0001999999803956598 -0.022209905087947845
  endloop
 endfacet
 facet normal 0.94294759178059062 0 -0.33294119474042966
  outer loop
   vertex 0.055773157626390457 -0.0062000001780688763 -0.022209905087947845
   vertex 0.055773157626390457 -0.0001999999803956598 -0.022209905087947845
   vertex 0.057361338287591934 -0.0062000001780688763 -0.017711900174617767
  endloop
 endfacet
 facet normal 0.94294759178059062 0 -0.33294119474042966
  outer loop
   vertex 0.057361338287591934 -0.0062000001780688763 -0.017711900174617767
   vertex 0.055773157626390457 -0.0001999999803956598 -0.022209905087947845
   vertex 0.057361338287591934 -0.0001999999803956598 -0.017711900174617767
  endloop
 endfacet
 facet normal 0.9664174068249457 0 -0.25697742271597934
  outer loop
   vertex 0.057361338287591934 -0.0062000001780688763 -0.017711900174617767
   vertex 0.057361338287591934 -0.0001999999803956598 -0.017711900174617767
   vertex 0.058587171137332916 -0.0062000001780688763 -0.013101899065077305
  endloop
 endfacet
 facet normal 0.9664174068249457 0 -0.25697742271597934
  outer loop
   vertex 0.058587171137332916 -0.0062000001780688763 -0.013101899065077305
   vertex 0.057361338287591934 -0.0001999999803956598 -0.017711900174617767
   vertex 0.058587171137332916 -0.0001999999803956598 -0.013101899065077305
  endloop
 endfacet
 facet normal 0.98377647241686306 0 -0.17939858505304082
  outer loop
   vertex 0.058587171137332916 -0.0062000001780688763 -0.013101899065077305
   vertex 0.058587171137332916 -0.0001999999803956598 -0.013101899065077305
   vertex 0.059442918747663498 -0.0062000001780688763 -0.0084091955795884132
  endloop
 endfacet
 facet normal 0.98377647241686306 0 -0.17939858505304082
  outer loop
   vertex 0.059442918747663498 -0.0062000001780688763 -0.0084091955795884132
   vertex 0.058587171137332916 -0.0001999999803956598 -0.013101899065077305
   vertex 0.059442918747663498 -0.0001999999803956598 -0.0084091955795884132
  endloop
 endfacet
 facet normal 0.99491879425849294 0 -0.10068064774933883
  outer loop
   vertex 0.059442918747663498 -0.0062000001780688763 -0.0084091955795884132
   vertex 0.059442918747663498 -0.0001999999803956598 -0.0084091955795884132
   vertex 0.059923179447650909 -0.0062000001780688763 -0.0036632944829761982
  endloop
 endfacet
 facet normal 0.99491879425849294 0 -0.10068064774933883
  outer loop
   vertex 0.059923179447650909 -0.0062000001780688763 -0.0036632944829761982
   vertex 0.059442918747663498 -0.0001999999803956598 -0.0084091955795884132
   vertex 0.059923179447650909 -0.0001999999803956598 -0.0036632944829761982
  endloop
 endfacet
 facet normal 0.99977261945104035 0 -0.021323916056981144
  outer loop
   vertex 0.059923179447650909 -0.0062000001780688763 -0.0036632944829761982
   vertex 0.059923179447650909 -0.0001999999803956598 -0.0036632944829761982
   vertex 0.060024898499250412 -0.0062000001780688763 0.0011058071395382285
  endloop
 endfacet
 facet normal 0.99977261945104035 0 -0.021323916056981144
  outer loop
   vertex 0.060024898499250412 -0.0062000001780688763 0.0011058071395382285
   vertex 0.059923179447650909 -0.0001999999803956598 -0.0036632944829761982
   vertex 0.060024898499250412 -0.0001999999803956598 0.0011058071395382285
  endloop
 endfacet
 facet normal 0.99830708965136461 0 0.058163173501986611
  outer loop
   vertex 0.060024898499250412 -0.0062000001780688763 0.0011058071395382285
   vertex 0.060024898499250412 -0.0001999999803956598 0.0011058071395382285
   vertex 0.059747450053691864 -0.0062000001780688763 0.0058679054491221905
  endloop
 endfacet
 facet normal 0.99830708965136461 0 0.058163173501986611
  outer loop
   vertex 0.059747450053691864 -0.0062000001780688763 0.0058679054491221905
   vertex 0.060024898499250412 -0.0001999999803956598 0.0011058071395382285
   vertex 0.059747450053691864 -0.0001999999803956598 0.0058679054491221905
  endloop
 endfacet
 facet normal 0.99053134417890198 0 0.13728676629281331
  outer loop
   vertex 0.059747450053691864 -0.0062000001780688763 0.0058679054491221905
   vertex 0.059747450053691864 -0.0001999999803956598 0.0058679054491221905
   vertex 0.059092570096254349 -0.0062000001780688763 0.010592899285256863
  endloop
 endfacet
 facet normal 0.99053134417890198 0 0.13728676629281331
  outer loop
   vertex 0.059092570096254349 -0.0062000001780688763 0.010592899285256863
   vertex 0.059747450053691864 -0.0001999999803956598 0.0058679054491221905
   vertex 0.059092570096254349 -0.0001999999803956598 0.010592899285256863
  endloop
 endfacet
 facet normal 0.97649507417249415 0 0.21553971818867906
  outer loop
   vertex 0.059092570096254349 -0.0062000001780688763 0.010592899285256863
   vertex 0.059092570096254349 -0.0001999999803956598 0.010592899285256863
   vertex 0.058064419776201248 -0.0062000001780688763 0.015250897966325283
  endloop
 endfacet
 facet normal 0.97649507417249415 0 0.21553971818867906
  outer loop
   vertex 0.058064419776201248 -0.0062000001780688763 0.015250897966325283
   vertex 0.059092570096254349 -0.0001999999803956598 0.010592899285256863
   vertex 0.058064419776201248 -0.0001999999803956598 0.015250897966325283
  endloop
 endfacet
 facet normal 0.95628620983968415 0 0.2924323594789936
  outer loop
   vertex 0.058064419776201248 -0.0062000001780688763 0.015250897966325283
   vertex 0.058064419776201248 -0.0001999999803956598 0.015250897966325283
   vertex 0.056669481098651886 -0.0062000001780688763 0.019812501966953278
  endloop
 endfacet
 facet normal 0.95628620983968415 0 0.2924323594789936
  outer loop
   vertex 0.056669481098651886 -0.0062000001780688763 0.019812501966953278
   vertex 0.058064419776201248 -0.0001999999803956598 0.015250897966325283
   vertex 0.056669481098651886 -0.0001999999803956598 0.019812501966953278
  endloop
 endfacet
 facet normal 0.93003418074325206 0 0.36747302302240897
  outer loop
   vertex 0.056669481098651886 -0.0062000001780688763 0.019812501966953278
   vertex 0.056669481098651886 -0.0001999999803956598 0.019812501966953278
   vertex 0.054916579276323318 -0.0062000001780688763 0.02424890547990799
  endloop
 endfacet
 facet normal 0.93003418074325206 0 0.36747302302240897
  outer loop
   vertex 0.054916579276323318 -0.0062000001780688763 0.02424890547990799
   vertex 0.056669481098651886 -0.0001999999803956598 0.019812501966953278
   vertex 0.054916579276323318 -0.0001999999803956598 0.02424890547990799
  endloop
 endfacet
 facet normal 0.89790524115426784 0 0.44018879802613792
  outer loop
   vertex 0.054916579276323318 -0.0062000001780688763 0.02424890547990799
   vertex 0.054916579276323318 -0.0001999999803956598 0.02424890547990799
   vertex 0.052816789597272873 -0.0062000001780688763 0.02853209525346756
  endloop
 endfacet
 facet normal 0.89790524115426784 0 0.44018879802613792
  outer loop
   vertex 0.052816789597272873 -0.0062000001780688763 0.02853209525346756
   vertex 0.054916579276323318 -0.0001999999803956598 0.02424890547990799
   vertex 0.052816789597272873 -0.0001999999803956598 0.02853209525346756
  endloop
 endfacet
 facet normal 0.86009120920870763 0 0.51014028643296061
  outer loop
   vertex 0.052816789597272873 -0.0062000001780688763 0.02853209525346756
   vertex 0.052816789597272873 -0.0001999999803956598 0.02853209525346756
   vertex 0.050383377820253372 -0.0062000001780688763 0.032634802162647247
  endloop
 endfacet
 facet normal 0.86009120920870763 0 0.51014028643296061
  outer loop
   vertex 0.050383377820253372 -0.0062000001780688763 0.032634802162647247
   vertex 0.052816789597272873 -0.0001999999803956598 0.02853209525346756
   vertex 0.050383377820253372 -0.0001999999803956598 0.032634802162647247
  endloop
 endfacet
 facet normal 0.81685991570386784 0 0.57683609293825377
  outer loop
   vertex 0.050383377820253372 -0.0062000001780688763 0.032634802162647247
   vertex 0.050383377820253372 -0.0001999999803956598 0.032634802162647247
   vertex 0.047631748020648956 -0.0062000001780688763 0.036531396210193634
  endloop
 endfacet
 facet normal 0.81685991570386784 0 0.57683609293825377
  outer loop
   vertex 0.047631748020648956 -0.0062000001780688763 0.036531396210193634
   vertex 0.050383377820253372 -0.0001999999803956598 0.032634802162647247
   vertex 0.047631748020648956 -0.0001999999803956598 0.036531396210193634
  endloop
 endfacet
 facet normal 0.76844630235069344 0 0.63991427582415028
  outer loop
   vertex 0.047631748020648956 -0.0062000001780688763 0.036531396210193634
   vertex 0.047631748020648956 -0.0001999999803956598 0.036531396210193634
   vertex 0.044579267501831055 -0.0062000001780688763 0.040196992456912994
  endloop
 endfacet
 facet normal 0.76844630235069344 0 0.63991427582415028
  outer loop
   vertex 0.044579267501831055 -0.0062000001780688763 0.040196992456912994
   vertex 0.047631748020648956 -0.0001999999803956598 0.036531396210193634
   vertex 0.044579267501831055 -0.0001999999803956598 0.040196992456912994
  endloop
 endfacet
 facet normal 0.7151809918077936 0 0.69893930277014793
  outer loop
   vertex 0.044579267501831055 -0.0062000001780688763 0.040196992456912994
   vertex 0.044579267501831055 -0.0001999999803956598 0.040196992456912994
   vertex 0.041245240718126297 -0.0062000001780688763 0.043608494102954865
  endloop
 endfacet
 facet normal 0.7151809918077936 0 0.69893930277014793
  outer loop
   vertex 0.041245240718126297 -0.0062000001780688763 0.043608494102954865
   vertex 0.044579267501831055 -0.0001999999803956598 0.040196992456912994
   vertex 0.041245240718126297 -0.0001999999803956598 0.043608494102954865
  endloop
 endfacet
 facet normal 0.65740321057078654 0 0.7535389961582758
  outer loop
   vertex 0.041245240718126297 -0.0062000001780688763 0.043608494102954865
   vertex 0.041245240718126297 -0.0001999999803956598 0.043608494102954865
   vertex 0.037650737911462784 -0.0062000001780688763 0.046744413673877716
  endloop
 endfacet
 facet normal 0.65740321057078654 0 0.7535389961582758
  outer loop
   vertex 0.037650737911462784 -0.0062000001780688763 0.046744413673877716
   vertex 0.041245240718126297 -0.0001999999803956598 0.043608494102954865
   vertex 0.037650737911462784 -0.0001999999803956598 0.046744413673877716
  endloop
 endfacet
 facet normal 0.59546837604275771 0 0.80337874824580779
  outer loop
   vertex 0.037650737911462784 -0.0062000001780688763 0.046744413673877716
   vertex 0.037650737911462784 -0.0001999999803956598 0.046744413673877716
   vertex 0.033818479627370834 -0.0062000001780688763 0.049584902822971344
  endloop
 endfacet
 facet normal 0.59546837604275771 0 0.80337874824580779
  outer loop
   vertex 0.033818479627370834 -0.0062000001780688763 0.049584902822971344
   vertex 0.037650737911462784 -0.0001999999803956598 0.046744413673877716
   vertex 0.033818479627370834 -0.0001999999803956598 0.049584902822971344
  endloop
 endfacet
 facet normal 0.52975448572515571 0 0.84815103893945432
  outer loop
   vertex 0.033818479627370834 -0.0062000001780688763 0.049584902822971344
   vertex 0.033818479627370834 -0.0001999999803956598 0.049584902822971344
   vertex 0.029772687703371048 -0.0062000001780688763 0.052111901342868805
  endloop
 endfacet
 facet normal 0.52975448572515571 0 0.84815103893945432
  outer loop
   vertex 0.029772687703371048 -0.0062000001780688763 0.052111901342868805
   vertex 0.033818479627370834 -0.0001999999803956598 0.049584902822971344
   vertex 0.029772687703371048 -0.0001999999803956598 0.052111901342868805
  endloop
 endfacet
 facet normal 0.46069990705182889 0 0.88755596761130284
  outer loop
   vertex 0.029772687703371048 -0.0062000001780688763 0.052111901342868805
   vertex 0.029772687703371048 -0.0001999999803956598 0.052111901342868805
   vertex 0.025538939982652664 -0.0062000001780688763 0.05430949479341507
  endloop
 endfacet
 facet normal 0.46069990705182889 0 0.88755596761130284
  outer loop
   vertex 0.025538939982652664 -0.0062000001780688763 0.05430949479341507
   vertex 0.029772687703371048 -0.0001999999803956598 0.052111901342868805
   vertex 0.025538939982652664 -0.0001999999803956598 0.05430949479341507
  endloop
 endfacet
 facet normal 0.3887538991927606 0 0.9213416336313176
  outer loop
   vertex 0.025538939982652664 -0.0062000001780688763 0.05430949479341507
   vertex 0.025538939982652664 -0.0001999999803956598 0.05430949479341507
   vertex 0.021143989637494087 -0.0062000001780688763 0.056163914501667023
  endloop
 endfacet
 facet normal 0.3887538991927606 0 0.9213416336313176
  outer loop
   vertex 0.021143989637494087 -0.0062000001780688763 0.056163914501667023
   vertex 0.025538939982652664 -0.0001999999803956598 0.05430949479341507
   vertex 0.021143989637494087 -0.0001999999803956598 0.056163914501667023
  endloop
 endfacet
 facet normal 0.31432682287275815 0 0.94931483103484571
  outer loop
   vertex 0.021143989637494087 -0.0062000001780688763 0.056163914501667023
   vertex 0.021143989637494087 -0.0001999999803956598 0.056163914501667023
   vertex 0.016615619882941246 -0.0062000001780688763 0.057663299143314362
  endloop
 endfacet
 facet normal 0.31432682287275815 0 0.94931483103484571
  outer loop
   vertex 0.016615619882941246 -0.0062000001780688763 0.057663299143314362
   vertex 0.021143989637494087 -0.0001999999803956598 0.056163914501667023
   vertex 0.016615619882941246 -0.0001999999803956598 0.057663299143314362
  endloop
 endfacet
 facet normal 0.23791786725498479 0 0.97128527654898555
  outer loop
   vertex 0.016615619882941246 -0.0062000001780688763 0.057663299143314362
   vertex 0.016615619882941246 -0.0001999999803956598 0.057663299143314362
   vertex 0.011982450261712074 -0.0062000001780688763 0.058798201382160187
  endloop
 endfacet
 facet normal 0.23791786725498479 0 0.97128527654898555
  outer loop
   vertex 0.011982450261712074 -0.0062000001780688763 0.058798201382160187
   vertex 0.016615619882941246 -0.0001999999803956598 0.057663299143314362
   vertex 0.011982450261712074 -0.0001999999803956598 0.058798201382160187
  endloop
 endfacet
 facet normal 0.16001503844922407 0 0.98711457666782199
  outer loop
   vertex 0.011982450261712074 -0.0062000001780688763 0.058798201382160187
   vertex 0.011982450261712074 -0.0001999999803956598 0.058798201382160187
   vertex 0.0072737573646008968 -0.0062000001780688763 0.059561498463153839
  endloop
 endfacet
 facet normal 0.16001503844922407 0 0.98711457666782199
  outer loop
   vertex 0.0072737573646008968 -0.0062000001780688763 0.059561498463153839
   vertex 0.011982450261712074 -0.0001999999803956598 0.058798201382160187
   vertex 0.0072737573646008968 -0.0001999999803956598 0.059561498463153839
  endloop
 endfacet
 facet normal 0.081088528836056425 0 0.99670690300168185
  outer loop
   vertex 0.0072737573646008968 -0.0062000001780688763 0.059561498463153839
   vertex 0.0072737573646008968 -0.0001999999803956598 0.059561498463153839
   vertex 0.0025193172041326761 -0.0062000001780688763 0.059948302805423737
  endloop
 endfacet
 facet normal 0.081088528836056425 0 0.99670690300168185
  outer loop
   vertex 0.0025193172041326761 -0.0062000001780688763 0.059948302805423737
   vertex 0.0072737573646008968 -0.0001999999803956598 0.059561498463153839
   vertex 0.0025193172041326761 -0.0001999999803956598 0.059948302805423737
  endloop
 endfacet
 facet normal 0.0016556327691455235 0 0.99999862943912776
  outer loop
   vertex 0.0025193172041326761 -0.0062000001780688763 0.059948302805423737
   vertex 0.0025193172041326761 -0.0001999999803956598 0.059948302805423737
   vertex -0.0022508255206048489 -0.0062000001780688763 0.059956200420856476
  endloop
 endfacet
 facet normal 0.0016556327691455235 0 0.99999862943912776
  outer loop
   vertex -0.0022508255206048489 -0.0062000001780688763 0.059956200420856476
   vertex 0.0025193172041326761 -0.0001999999803956598 0.059948302805423737
   vertex -0.0022508255206048489 -0.0001999999803956598 0.059956200420856476
  endloop
 endfacet
 facet normal -0.0777959561765732 0 0.99696930203621248
  outer loop
   vertex -0.0022508255206048489 -0.0062000001780688763 0.059956200420856476
   vertex -0.0022508255206048489 -0.0001999999803956598 0.059956200420856476
   vertex -0.0070065204054117203 -0.0062000001780688763 0.059585101902484894
  endloop
 endfacet
 facet normal -0.0777959561765732 0 0.99696930203621248
  outer loop
   vertex -0.0070065204054117203 -0.0062000001780688763 0.059585101902484894
   vertex -0.0022508255206048489 -0.0001999999803956598 0.059956200420856476
   vertex -0.0070065204054117203 -0.0001999999803956598 0.059585101902484894
  endloop
 endfacet
 facet normal -0.15674775639877536 0 0.98763866918218124
  outer loop
   vertex -0.0070065204054117203 -0.0062000001780688763 0.059585101902484894
   vertex -0.0070065204054117203 -0.0001999999803956598 0.059585101902484894
   vertex -0.011717705987393856 -0.0062000001780688763 0.058837391436100006
  endloop
 endfacet
 facet normal -0.15674775639877536 0 0.98763866918218124
  outer loop
   vertex -0.011717705987393856 -0.0062000001780688763 0.058837391436100006
   vertex -0.0070065204054117203 -0.0001999999803956598 0.059585101902484894
   vertex -0.011717705987393856 -0.0001999999803956598 0.058837391436100006
  endloop
 endfacet
 facet normal -0.23470616665312322 0 0.97206636364756305
  outer loop
   vertex -0.011717705987393856 -0.0062000001780688763 0.058837391436100006
   vertex -0.011717705987393856 -0.0001999999803956598 0.058837391436100006
   vertex -0.016354609280824661 -0.0062000001780688763 0.057717807590961456
  endloop
 endfacet
 facet normal -0.23470616665312322 0 0.97206636364756305
  outer loop
   vertex -0.016354609280824661 -0.0062000001780688763 0.057717807590961456
   vertex -0.011717705987393856 -0.0001999999803956598 0.058837391436100006
   vertex -0.016354609280824661 -0.0001999999803956598 0.057717807590961456
  endloop
 endfacet
 facet normal -0.31118447298445773 0 0.9503495271600787
  outer loop
   vertex -0.016354609280824661 -0.0062000001780688763 0.057717807590961456
   vertex -0.016354609280824661 -0.0001999999803956598 0.057717807590961456
   vertex -0.020887911319732666 -0.0062000001780688763 0.056233413517475128
  endloop
 endfacet
 facet normal -0.31118447298445773 0 0.9503495271600787
  outer loop
   vertex -0.020887911319732666 -0.0062000001780688763 0.056233413517475128
   vertex -0.016354609280824661 -0.0001999999803956598 0.057717807590961456
   vertex -0.020887911319732666 -0.0001999999803956598 0.056233413517475128
  endloop
 endfacet
 facet normal -0.38569362140175212 0 0.92262691832072719
  outer loop
   vertex -0.020887911319732666 -0.0062000001780688763 0.056233413517475128
   vertex -0.020887911319732666 -0.0001999999803956598 0.056233413517475128
   vertex -0.025288980454206467 -0.0062000001780688763 0.054393596947193146
  endloop
 endfacet
 facet normal -0.38569362140175212 0 0.92262691832072719
  outer loop
   vertex -0.025288980454206467 -0.0062000001780688763 0.054393596947193146
   vertex -0.020887911319732666 -0.0001999999803956598 0.056233413517475128
   vertex -0.025288980454206467 -0.0001999999803956598 0.054393596947193146
  endloop
 endfacet
 facet normal -0.45776342127014907 0 0.8890740408689527
  outer loop
   vertex -0.025288980454206467 -0.0062000001780688763 0.054393596947193146
   vertex -0.025288980454206467 -0.0001999999803956598 0.054393596947193146
   vertex -0.02952997013926506 -0.0062000001780688763 0.052210010588169098
  endloop
 endfacet
 facet normal -0.45776342127014907 0 0.8890740408689527
  outer loop
   vertex -0.02952997013926506 -0.0062000001780688763 0.052210010588169098
   vertex -0.025288980454206467 -0.0001999999803956598 0.054393596947193146
   vertex -0.02952997013926506 -0.0001999999803956598 0.052210010588169098
  endloop
 endfacet
 facet normal -0.52696187201697686 0 0.84988892535458027
  outer loop
   vertex -0.02952997013926506 -0.0062000001780688763 0.052210010588169098
   vertex -0.02952997013926506 -0.0001999999803956598 0.052210010588169098
   vertex -0.033584099262952805 -0.0062000001780688763 0.049696303904056549
  endloop
 endfacet
 facet normal -0.52696187201697686 0 0.84988892535458027
  outer loop
   vertex -0.033584099262952805 -0.0062000001780688763 0.049696303904056549
   vertex -0.02952997013926506 -0.0001999999803956598 0.052210010588169098
   vertex -0.033584099262952805 -0.0001999999803956598 0.049696303904056549
  endloop
 endfacet
 facet normal -0.5927952122057375 0 0.80535323702457096
  outer loop
   vertex -0.033584099262952805 -0.0062000001780688763 0.049696303904056549
   vertex -0.033584099262952805 -0.0001999999803956598 0.049696303904056549
   vertex -0.037425730377435684 -0.0062000001780688763 0.046868599951267242
  endloop
 endfacet
 facet normal -0.5927952122057375 0 0.80535323702457096
  outer loop
   vertex -0.037425730377435684 -0.0062000001780688763 0.046868599951267242
   vertex -0.033584099262952805 -0.0001999999803956598 0.049696303904056549
   vertex -0.037425730377435684 -0.0001999999803956598 0.046868599951267242
  endloop
 endfacet
 facet normal -0.65490586056120126 0 0.75571046955999777
  outer loop
   vertex -0.037425730377435684 -0.0062000001780688763 0.046868599951267242
   vertex -0.037425730377435684 -0.0001999999803956598 0.046868599951267242
   vertex -0.041030582040548325 -0.0062000001780688763 0.043744601309299469
  endloop
 endfacet
 facet normal -0.65490586056120126 0 0.75571046955999777
  outer loop
   vertex -0.041030582040548325 -0.0062000001780688763 0.043744601309299469
   vertex -0.037425730377435684 -0.0001999999803956598 0.046868599951267242
   vertex -0.041030582040548325 -0.0001999999803956598 0.043744601309299469
  endloop
 endfacet
 facet normal -0.71286960163758839 0 0.70129660705087271
  outer loop
   vertex -0.041030582040548325 -0.0062000001780688763 0.043744601309299469
   vertex -0.041030582040548325 -0.0001999999803956598 0.043744601309299469
   vertex -0.044375881552696228 -0.0062000001780688763 0.040344096720218658
  endloop
 endfacet
 facet normal -0.71286960163758839 0 0.70129660705087271
  outer loop
   vertex -0.044375881552696228 -0.0062000001780688763 0.040344096720218658
   vertex -0.041030582040548325 -0.0001999999803956598 0.043744601309299469
   vertex -0.044375881552696228 -0.0001999999803956598 0.040344096720218658
  endloop
 endfacet
 facet normal -0.76632749594673255 0 0.64245012954781988
  outer loop
   vertex -0.044375881552696228 -0.0062000001780688763 0.040344096720218658
   vertex -0.044375881552696228 -0.0001999999803956598 0.040344096720218658
   vertex -0.047440461814403534 -0.0062000001780688763 0.036688603460788727
  endloop
 endfacet
 facet normal -0.76632749594673255 0 0.64245012954781988
  outer loop
   vertex -0.047440461814403534 -0.0062000001780688763 0.036688603460788727
   vertex -0.044375881552696228 -0.0001999999803956598 0.040344096720218658
   vertex -0.047440461814403534 -0.0001999999803956598 0.036688603460788727
  endloop
 endfacet
 facet normal -0.81494302990194489 0 0.57954107534689714
  outer loop
   vertex -0.047440461814403534 -0.0062000001780688763 0.036688603460788727
   vertex -0.047440461814403534 -0.0001999999803956598 0.036688603460788727
   vertex -0.050204969942569733 -0.0062000001780688763 0.03280118852853775
  endloop
 endfacet
 facet normal -0.81494302990194489 0 0.57954107534689714
  outer loop
   vertex -0.050204969942569733 -0.0062000001780688763 0.03280118852853775
   vertex -0.047440461814403534 -0.0001999999803956598 0.036688603460788727
   vertex -0.050204969942569733 -0.0001999999803956598 0.03280118852853775
  endloop
 endfacet
 facet normal -0.85840186337674462 0 0.51297781721175095
  outer loop
   vertex -0.050204969942569733 -0.0062000001780688763 0.03280118852853775
   vertex -0.050204969942569733 -0.0001999999803956598 0.03280118852853775
   vertex -0.052651941776275635 -0.0062000001780688763 0.028706498444080353
  endloop
 endfacet
 facet normal -0.85840186337674462 0 0.51297781721175095
  outer loop
   vertex -0.052651941776275635 -0.0062000001780688763 0.028706498444080353
   vertex -0.050204969942569733 -0.0001999999803956598 0.03280118852853775
   vertex -0.052651941776275635 -0.0001999999803956598 0.028706498444080353
  endloop
 endfacet
 facet normal -0.89644411762246201 0 0.44315679390040441
  outer loop
   vertex -0.052651941776275635 -0.0062000001780688763 0.028706498444080353
   vertex -0.052651941776275635 -0.0001999999803956598 0.028706498444080353
   vertex -0.054765880107879639 -0.0062000001780688763 0.024430297315120697
  endloop
 endfacet
 facet normal -0.89644411762246201 0 0.44315679390040441
  outer loop
   vertex -0.054765880107879639 -0.0062000001780688763 0.024430297315120697
   vertex -0.052651941776275635 -0.0001999999803956598 0.028706498444080353
   vertex -0.054765880107879639 -0.0001999999803956598 0.024430297315120697
  endloop
 endfacet
 facet normal -0.92881351982510352 0 0.37054749410851784
  outer loop
   vertex -0.054765880107879639 -0.0062000001780688763 0.024430297315120697
   vertex -0.054765880107879639 -0.0001999999803956598 0.024430297315120697
   vertex -0.056533452123403549 -0.0062000001780688763 0.019999705255031586
  endloop
 endfacet
 facet normal -0.92881351982510352 0 0.37054749410851784
  outer loop
   vertex -0.056533452123403549 -0.0062000001780688763 0.019999705255031586
   vertex -0.054765880107879639 -0.0001999999803956598 0.024430297315120697
   vertex -0.056533452123403549 -0.0001999999803956598 0.019999705255031586
  endloop
 endfacet
 facet normal 0.9914438495218536 0 0.1305338777685241
  outer loop
   vertex 0.01367156021296978 -0.0062000001780688763 -0.1645435243844986
   vertex 0.01367156021296978 -0.0001999999803956598 -0.1645435243844986
   vertex 0.01360000018030405 -0.0062000001780688763 -0.164000004529953
  endloop
 endfacet
 facet normal 0.9914438495218536 0 0.1305338777685241
  outer loop
   vertex 0.01360000018030405 -0.0062000001780688763 -0.164000004529953
   vertex 0.01367156021296978 -0.0001999999803956598 -0.1645435243844986
   vertex 0.01360000018030405 -0.0001999999803956598 -0.164000004529953
  endloop
 endfacet
 facet normal 0.9914438495218536 0 -0.1305338777685241
  outer loop
   vertex 0.01360000018030405 -0.0062000001780688763 -0.164000004529953
   vertex 0.01360000018030405 -0.0001999999803956598 -0.164000004529953
   vertex 0.01367156021296978 -0.0062000001780688763 -0.16345648467540741
  endloop
 endfacet
 facet normal 0.9914438495218536 0 -0.1305338777685241
  outer loop
   vertex 0.01367156021296978 -0.0062000001780688763 -0.16345648467540741
   vertex 0.01360000018030405 -0.0001999999803956598 -0.164000004529953
   vertex 0.01367156021296978 -0.0001999999803956598 -0.16345648467540741
  endloop
 endfacet
 facet normal 0.92388247778627164 0 -0.38267632176488181
  outer loop
   vertex 0.01367156021296978 -0.0062000001780688763 -0.16345648467540741
   vertex 0.01367156021296978 -0.0001999999803956598 -0.16345648467540741
   vertex 0.013881350867450237 -0.0062000001780688763 -0.16294999420642853
  endloop
 endfacet
 facet normal 0.92388247778627164 0 -0.38267632176488181
  outer loop
   vertex 0.013881350867450237 -0.0062000001780688763 -0.16294999420642853
   vertex 0.01367156021296978 -0.0001999999803956598 -0.16345648467540741
   vertex 0.013881350867450237 -0.0001999999803956598 -0.16294999420642853
  endloop
 endfacet
 facet normal 0.79334970125135085 0 -0.60876617146848144
  outer loop
   vertex 0.013881350867450237 -0.0062000001780688763 -0.16294999420642853
   vertex 0.013881350867450237 -0.0001999999803956598 -0.16294999420642853
   vertex 0.014215080998837948 -0.0062000001780688763 -0.1625150740146637
  endloop
 endfacet
 facet normal 0.79334970125135085 0 -0.60876617146848144
  outer loop
   vertex 0.014215080998837948 -0.0062000001780688763 -0.1625150740146637
   vertex 0.013881350867450237 -0.0001999999803956598 -0.16294999420642853
   vertex 0.014215080998837948 -0.0001999999803956598 -0.1625150740146637
  endloop
 endfacet
 facet normal 0.60876189438986483 0 -0.79335298319150671
  outer loop
   vertex 0.014215080998837948 -0.0062000001780688763 -0.1625150740146637
   vertex 0.014215080998837948 -0.0001999999803956598 -0.1625150740146637
   vertex 0.014650001190602779 -0.0062000001780688763 -0.16218134760856628
  endloop
 endfacet
 facet normal 0.60876189438986483 0 -0.79335298319150671
  outer loop
   vertex 0.014650001190602779 -0.0062000001780688763 -0.16218134760856628
   vertex 0.014215080998837948 -0.0001999999803956598 -0.1625150740146637
   vertex 0.014650001190602779 -0.0001999999803956598 -0.16218134760856628
  endloop
 endfacet
 facet normal 0.38268787938300536 0 -0.92387769048361501
  outer loop
   vertex 0.014650001190602779 -0.0062000001780688763 -0.16218134760856628
   vertex 0.014650001190602779 -0.0001999999803956598 -0.16218134760856628
   vertex 0.015156480483710766 -0.0062000001780688763 -0.1619715541601181
  endloop
 endfacet
 facet normal 0.38268787938300536 0 -0.92387769048361501
  outer loop
   vertex 0.015156480483710766 -0.0062000001780688763 -0.1619715541601181
   vertex 0.014650001190602779 -0.0001999999803956598 -0.16218134760856628
   vertex 0.015156480483710766 -0.0001999999803956598 -0.1619715541601181
  endloop
 endfacet
 facet normal 0.13052574812691975 0 -0.9914449198396792
  outer loop
   vertex 0.015156480483710766 -0.0062000001780688763 -0.1619715541601181
   vertex 0.015156480483710766 -0.0001999999803956598 -0.1619715541601181
   vertex 0.015699999406933784 -0.0062000001780688763 -0.16189999878406525
  endloop
 endfacet
 facet normal 0.13052574812691975 0 -0.9914449198396792
  outer loop
   vertex 0.015699999406933784 -0.0062000001780688763 -0.16189999878406525
   vertex 0.015156480483710766 -0.0001999999803956598 -0.1619715541601181
   vertex 0.015699999406933784 -0.0001999999803956598 -0.16189999878406525
  endloop
 endfacet
 facet normal -0.13052552828115146 -0 -0.99144494878279876
  outer loop
   vertex 0.015699999406933784 -0.0062000001780688763 -0.16189999878406525
   vertex 0.015699999406933784 -0.0001999999803956598 -0.16189999878406525
   vertex 0.016243519261479378 -0.0062000001780688763 -0.1619715541601181
  endloop
 endfacet
 facet normal -0.13052552828115146 0 -0.99144494878279876
  outer loop
   vertex 0.016243519261479378 -0.0062000001780688763 -0.1619715541601181
   vertex 0.015699999406933784 -0.0001999999803956598 -0.16189999878406525
   vertex 0.016243519261479378 -0.0001999999803956598 -0.1619715541601181
  endloop
 endfacet
 facet normal -0.38268787938300536 -0 -0.92387769048361501
  outer loop
   vertex 0.016243519261479378 -0.0062000001780688763 -0.1619715541601181
   vertex 0.016243519261479378 -0.0001999999803956598 -0.1619715541601181
   vertex 0.016749998554587364 -0.0062000001780688763 -0.16218134760856628
  endloop
 endfacet
 facet normal -0.38268787938300536 0 -0.92387769048361501
  outer loop
   vertex 0.016749998554587364 -0.0062000001780688763 -0.16218134760856628
   vertex 0.016243519261479378 -0.0001999999803956598 -0.1619715541601181
   vertex 0.016749998554587364 -0.0001999999803956598 -0.16218134760856628
  endloop
 endfacet
 facet normal -0.60876189438986483 -0 -0.79335298319150671
  outer loop
   vertex 0.016749998554587364 -0.0062000001780688763 -0.16218134760856628
   vertex 0.016749998554587364 -0.0001999999803956598 -0.16218134760856628
   vertex 0.017184918746352196 -0.0062000001780688763 -0.1625150740146637
  endloop
 endfacet
 facet normal -0.60876189438986483 0 -0.79335298319150671
  outer loop
   vertex 0.017184918746352196 -0.0062000001780688763 -0.1625150740146637
   vertex 0.016749998554587364 -0.0001999999803956598 -0.16218134760856628
   vertex 0.017184918746352196 -0.0001999999803956598 -0.1625150740146637
  endloop
 endfacet
 facet normal -0.79334970125135085 -0 -0.60876617146848144
  outer loop
   vertex 0.017184918746352196 -0.0062000001780688763 -0.1625150740146637
   vertex 0.017184918746352196 -0.0001999999803956598 -0.1625150740146637
   vertex 0.017518648877739906 -0.0062000001780688763 -0.16294999420642853
  endloop
 endfacet
 facet normal -0.79334970125135085 0 -0.60876617146848144
  outer loop
   vertex 0.017518648877739906 -0.0062000001780688763 -0.16294999420642853
   vertex 0.017184918746352196 -0.0001999999803956598 -0.1625150740146637
   vertex 0.017518648877739906 -0.0001999999803956598 -0.16294999420642853
  endloop
 endfacet
 facet normal -0.92388307839738515 -0 -0.38267487172660153
  outer loop
   vertex 0.017518648877739906 -0.0062000001780688763 -0.16294999420642853
   vertex 0.017518648877739906 -0.0001999999803956598 -0.16294999420642853
   vertex 0.017728438600897789 -0.0062000001780688763 -0.16345648467540741
  endloop
 endfacet
 facet normal -0.92388307839738515 0 -0.38267487172660153
  outer loop
   vertex 0.017728438600897789 -0.0062000001780688763 -0.16345648467540741
   vertex 0.017518648877739906 -0.0001999999803956598 -0.16294999420642853
   vertex 0.017728438600897789 -0.0001999999803956598 -0.16345648467540741
  endloop
 endfacet
 facet normal -0.99144362966151933 -0 -0.1305355476626659
  outer loop
   vertex 0.017728438600897789 -0.0062000001780688763 -0.16345648467540741
   vertex 0.017728438600897789 -0.0001999999803956598 -0.16345648467540741
   vertex 0.017799999564886093 -0.0062000001780688763 -0.164000004529953
  endloop
 endfacet
 facet normal -0.99144362966151933 0 -0.1305355476626659
  outer loop
   vertex 0.017799999564886093 -0.0062000001780688763 -0.164000004529953
   vertex 0.017728438600897789 -0.0001999999803956598 -0.16345648467540741
   vertex 0.017799999564886093 -0.0001999999803956598 -0.164000004529953
  endloop
 endfacet
 facet normal -0.99144362966151933 0 0.1305355476626659
  outer loop
   vertex 0.017799999564886093 -0.0062000001780688763 -0.164000004529953
   vertex 0.017799999564886093 -0.0001999999803956598 -0.164000004529953
   vertex 0.017728438600897789 -0.0062000001780688763 -0.1645435243844986
  endloop
 endfacet
 facet normal -0.99144362966151933 0 0.1305355476626659
  outer loop
   vertex 0.017728438600897789 -0.0062000001780688763 -0.1645435243844986
   vertex 0.017799999564886093 -0.0001999999803956598 -0.164000004529953
   vertex 0.017728438600897789 -0.0001999999803956598 -0.1645435243844986
  endloop
 endfacet
 facet normal -0.92387909785641742 0 0.38268448171308472
  outer loop
   vertex 0.017728438600897789 -0.0062000001780688763 -0.1645435243844986
   vertex 0.017728438600897789 -0.0001999999803956598 -0.1645435243844986
   vertex 0.017518648877739906 -0.0062000001780688763 -0.16504999995231628
  endloop
 endfacet
 facet normal -0.92387909785641742 0 0.38268448171308472
  outer loop
   vertex 0.017518648877739906 -0.0062000001780688763 -0.16504999995231628
   vertex 0.017728438600897789 -0.0001999999803956598 -0.1645435243844986
   vertex 0.017518648877739906 -0.0001999999803956598 -0.16504999995231628
  endloop
 endfacet
 facet normal -0.79334970125135085 0 0.60876617146848144
  outer loop
   vertex 0.017518648877739906 -0.0062000001780688763 -0.16504999995231628
   vertex 0.017518648877739906 -0.0001999999803956598 -0.16504999995231628
   vertex 0.017184918746352196 -0.0062000001780688763 -0.16548492014408112
  endloop
 endfacet
 facet normal -0.79334970125135085 0 0.60876617146848144
  outer loop
   vertex 0.017184918746352196 -0.0062000001780688763 -0.16548492014408112
   vertex 0.017518648877739906 -0.0001999999803956598 -0.16504999995231628
   vertex 0.017184918746352196 -0.0001999999803956598 -0.16548492014408112
  endloop
 endfacet
 facet normal -0.60876189438986483 0 0.79335298319150671
  outer loop
   vertex 0.017184918746352196 -0.0062000001780688763 -0.16548492014408112
   vertex 0.017184918746352196 -0.0001999999803956598 -0.16548492014408112
   vertex 0.016749998554587364 -0.0062000001780688763 -0.16581864655017853
  endloop
 endfacet
 facet normal -0.60876189438986483 0 0.79335298319150671
  outer loop
   vertex 0.016749998554587364 -0.0062000001780688763 -0.16581864655017853
   vertex 0.017184918746352196 -0.0001999999803956598 -0.16548492014408112
   vertex 0.016749998554587364 -0.0001999999803956598 -0.16581864655017853
  endloop
 endfacet
 facet normal -0.38268787938300536 0 0.92387769048361501
  outer loop
   vertex 0.016749998554587364 -0.0062000001780688763 -0.16581864655017853
   vertex 0.016749998554587364 -0.0001999999803956598 -0.16581864655017853
   vertex 0.016243519261479378 -0.0062000001780688763 -0.16602843999862671
  endloop
 endfacet
 facet normal -0.38268787938300536 0 0.92387769048361501
  outer loop
   vertex 0.016243519261479378 -0.0062000001780688763 -0.16602843999862671
   vertex 0.016749998554587364 -0.0001999999803956598 -0.16581864655017853
   vertex 0.016243519261479378 -0.0001999999803956598 -0.16602843999862671
  endloop
 endfacet
 facet normal -0.13052552828115146 0 0.99144494878279876
  outer loop
   vertex 0.016243519261479378 -0.0062000001780688763 -0.16602843999862671
   vertex 0.016243519261479378 -0.0001999999803956598 -0.16602843999862671
   vertex 0.015699999406933784 -0.0062000001780688763 -0.16609999537467957
  endloop
 endfacet
 facet normal -0.13052552828115146 0 0.99144494878279876
  outer loop
   vertex 0.015699999406933784 -0.0062000001780688763 -0.16609999537467957
   vertex 0.016243519261479378 -0.0001999999803956598 -0.16602843999862671
   vertex 0.015699999406933784 -0.0001999999803956598 -0.16609999537467957
  endloop
 endfacet
 facet normal 0.13052574812691975 0 0.9914449198396792
  outer loop
   vertex 0.015699999406933784 -0.0062000001780688763 -0.16609999537467957
   vertex 0.015699999406933784 -0.0001999999803956598 -0.16609999537467957
   vertex 0.015156480483710766 -0.0062000001780688763 -0.16602843999862671
  endloop
 endfacet
 facet normal 0.13052574812691975 0 0.9914449198396792
  outer loop
   vertex 0.015156480483710766 -0.0062000001780688763 -0.16602843999862671
   vertex 0.015699999406933784 -0.0001999999803956598 -0.16609999537467957
   vertex 0.015156480483710766 -0.0001999999803956598 -0.16602843999862671
  endloop
 endfacet
 facet normal 0.38268787938300536 0 0.92387769048361501
  outer loop
   vertex 0.015156480483710766 -0.0062000001780688763 -0.16602843999862671
   vertex 0.015156480483710766 -0.0001999999803956598 -0.16602843999862671
   vertex 0.014650001190602779 -0.0062000001780688763 -0.16581864655017853
  endloop
 endfacet
 facet normal 0.38268787938300536 0 0.92387769048361501
  outer loop
   vertex 0.014650001190602779 -0.0062000001780688763 -0.16581864655017853
   vertex 0.015156480483710766 -0.0001999999803956598 -0.16602843999862671
   vertex 0.014650001190602779 -0.0001999999803956598 -0.16581864655017853
  endloop
 endfacet
 facet normal 0.60876189438986483 0 0.79335298319150671
  outer loop
   vertex 0.014650001190602779 -0.0062000001780688763 -0.16581864655017853
   vertex 0.014650001190602779 -0.0001999999803956598 -0.16581864655017853
   vertex 0.014215080998837948 -0.0062000001780688763 -0.16548492014408112
  endloop
 endfacet
 facet normal 0.60876189438986483 0 0.79335298319150671
  outer loop
   vertex 0.014215080998837948 -0.0062000001780688763 -0.16548492014408112
   vertex 0.014650001190602779 -0.0001999999803956598 -0.16581864655017853
   vertex 0.014215080998837948 -0.0001999999803956598 -0.16548492014408112
  endloop
 endfacet
 facet normal 0.79334970125135085 0 0.60876617146848144
  outer loop
   vertex 0.014215080998837948 -0.0062000001780688763 -0.16548492014408112
   vertex 0.014215080998837948 -0.0001999999803956598 -0.16548492014408112
   vertex 0.013881350867450237 -0.0062000001780688763 -0.16504999995231628
  endloop
 endfacet
 facet normal 0.79334970125135085 0 0.60876617146848144
  outer loop
   vertex 0.013881350867450237 -0.0062000001780688763 -0.16504999995231628
   vertex 0.014215080998837948 -0.0001999999803956598 -0.16548492014408112
   vertex 0.013881350867450237 -0.0001999999803956598 -0.16504999995231628
  endloop
 endfacet
 facet normal 0.92387849721772541 0 0.38268593177528398
  outer loop
   vertex 0.013881350867450237 -0.0062000001780688763 -0.16504999995231628
   vertex 0.013881350867450237 -0.0001999999803956598 -0.16504999995231628
   vertex 0.01367156021296978 -0.0062000001780688763 -0.1645435243844986
  endloop
 endfacet
 facet normal 0.92387849721772541 0 0.38268593177528398
  outer loop
   vertex 0.01367156021296978 -0.0062000001780688763 -0.1645435243844986
   vertex 0.013881350867450237 -0.0001999999803956598 -0.16504999995231628
   vertex 0.01367156021296978 -0.0001999999803956598 -0.1645435243844986
  endloop
 endfacet
 facet normal 0.9914438495218536 0 0.1305338777685241
  outer loop
   vertex 0.01367156021296978 -0.0062000001780688763 -0.21454352140426636
   vertex 0.01367156021296978 -0.0001999999803956598 -0.21454352140426636
   vertex 0.01360000018030405 -0.0062000001780688763 -0.21400000154972076
  endloop
 endfacet
 facet normal 0.9914438495218536 0 0.1305338777685241
  outer loop
   vertex 0.01360000018030405 -0.0062000001780688763 -0.21400000154972076
   vertex 0.01367156021296978 -0.0001999999803956598 -0.21454352140426636
   vertex 0.01360000018030405 -0.0001999999803956598 -0.21400000154972076
  endloop
 endfacet
 facet normal 0.9914438495218536 0 -0.1305338777685241
  outer loop
   vertex 0.01360000018030405 -0.0062000001780688763 -0.21400000154972076
   vertex 0.01360000018030405 -0.0001999999803956598 -0.21400000154972076
   vertex 0.01367156021296978 -0.0062000001780688763 -0.21345648169517517
  endloop
 endfacet
 facet normal 0.9914438495218536 0 -0.1305338777685241
  outer loop
   vertex 0.01367156021296978 -0.0062000001780688763 -0.21345648169517517
   vertex 0.01360000018030405 -0.0001999999803956598 -0.21400000154972076
   vertex 0.01367156021296978 -0.0001999999803956598 -0.21345648169517517
  endloop
 endfacet
 facet normal 0.92387849721772541 0 -0.38268593177528398
  outer loop
   vertex 0.01367156021296978 -0.0062000001780688763 -0.21345648169517517
   vertex 0.01367156021296978 -0.0001999999803956598 -0.21345648169517517
   vertex 0.013881350867450237 -0.0062000001780688763 -0.21295000612735748
  endloop
 endfacet
 facet normal 0.92387849721772541 0 -0.38268593177528398
  outer loop
   vertex 0.013881350867450237 -0.0062000001780688763 -0.21295000612735748
   vertex 0.01367156021296978 -0.0001999999803956598 -0.21345648169517517
   vertex 0.013881350867450237 -0.0001999999803956598 -0.21295000612735748
  endloop
 endfacet
 facet normal 0.79334970125135085 0 -0.60876617146848144
  outer loop
   vertex 0.013881350867450237 -0.0062000001780688763 -0.21295000612735748
   vertex 0.013881350867450237 -0.0001999999803956598 -0.21295000612735748
   vertex 0.014215080998837948 -0.0062000001780688763 -0.21251508593559265
  endloop
 endfacet
 facet normal 0.79334970125135085 0 -0.60876617146848144
  outer loop
   vertex 0.014215080998837948 -0.0062000001780688763 -0.21251508593559265
   vertex 0.013881350867450237 -0.0001999999803956598 -0.21295000612735748
   vertex 0.014215080998837948 -0.0001999999803956598 -0.21251508593559265
  endloop
 endfacet
 facet normal 0.60877900238585259 0 -0.79333985545545738
  outer loop
   vertex 0.014215080998837948 -0.0062000001780688763 -0.21251508593559265
   vertex 0.014215080998837948 -0.0001999999803956598 -0.21251508593559265
   vertex 0.014650001190602779 -0.0062000001780688763 -0.21218134462833405
  endloop
 endfacet
 facet normal 0.60877900238585259 0 -0.79333985545545738
  outer loop
   vertex 0.014650001190602779 -0.0062000001780688763 -0.21218134462833405
   vertex 0.014215080998837948 -0.0001999999803956598 -0.21251508593559265
   vertex 0.014650001190602779 -0.0001999999803956598 -0.21218134462833405
  endloop
 endfacet
 facet normal 0.38266467827986927 0 -0.92388730048473122
  outer loop
   vertex 0.014650001190602779 -0.0062000001780688763 -0.21218134462833405
   vertex 0.014650001190602779 -0.0001999999803956598 -0.21218134462833405
   vertex 0.015156480483710766 -0.0062000001780688763 -0.21197156608104706
  endloop
 endfacet
 facet normal 0.38266467827986927 0 -0.92388730048473122
  outer loop
   vertex 0.015156480483710766 -0.0062000001780688763 -0.21197156608104706
   vertex 0.014650001190602779 -0.0001999999803956598 -0.21218134462833405
   vertex 0.015156480483710766 -0.0001999999803956598 -0.21197156608104706
  endloop
 endfacet
 facet normal 0.13055246643218957 0 -0.99144140195397934
  outer loop
   vertex 0.015156480483710766 -0.0062000001780688763 -0.21197156608104706
   vertex 0.015156480483710766 -0.0001999999803956598 -0.21197156608104706
   vertex 0.015699999406933784 -0.0062000001780688763 -0.21189999580383301
  endloop
 endfacet
 facet normal 0.13055246643218957 0 -0.99144140195397934
  outer loop
   vertex 0.015699999406933784 -0.0062000001780688763 -0.21189999580383301
   vertex 0.015156480483710766 -0.0001999999803956598 -0.21197156608104706
   vertex 0.015699999406933784 -0.0001999999803956598 -0.21189999580383301
  endloop
 endfacet
 facet normal -0.13055224654297984 -0 -0.99144143090884651
  outer loop
   vertex 0.015699999406933784 -0.0062000001780688763 -0.21189999580383301
   vertex 0.015699999406933784 -0.0001999999803956598 -0.21189999580383301
   vertex 0.016243519261479378 -0.0062000001780688763 -0.21197156608104706
  endloop
 endfacet
 facet normal -0.13055224654297984 0 -0.99144143090884651
  outer loop
   vertex 0.016243519261479378 -0.0062000001780688763 -0.21197156608104706
   vertex 0.015699999406933784 -0.0001999999803956598 -0.21189999580383301
   vertex 0.016243519261479378 -0.0001999999803956598 -0.21197156608104706
  endloop
 endfacet
 facet normal -0.38266467827986927 -0 -0.92388730048473122
  outer loop
   vertex 0.016243519261479378 -0.0062000001780688763 -0.21197156608104706
   vertex 0.016243519261479378 -0.0001999999803956598 -0.21197156608104706
   vertex 0.016749998554587364 -0.0062000001780688763 -0.21218134462833405
  endloop
 endfacet
 facet normal -0.38266467827986927 0 -0.92388730048473122
  outer loop
   vertex 0.016749998554587364 -0.0062000001780688763 -0.21218134462833405
   vertex 0.016243519261479378 -0.0001999999803956598 -0.21197156608104706
   vertex 0.016749998554587364 -0.0001999999803956598 -0.21218134462833405
  endloop
 endfacet
 facet normal -0.60877900238585259 -0 -0.79333985545545738
  outer loop
   vertex 0.016749998554587364 -0.0062000001780688763 -0.21218134462833405
   vertex 0.016749998554587364 -0.0001999999803956598 -0.21218134462833405
   vertex 0.017184918746352196 -0.0062000001780688763 -0.21251508593559265
  endloop
 endfacet
 facet normal -0.60877900238585259 0 -0.79333985545545738
  outer loop
   vertex 0.017184918746352196 -0.0062000001780688763 -0.21251508593559265
   vertex 0.016749998554587364 -0.0001999999803956598 -0.21218134462833405
   vertex 0.017184918746352196 -0.0001999999803956598 -0.21251508593559265
  endloop
 endfacet
 facet normal -0.79334970125135085 -0 -0.60876617146848144
  outer loop
   vertex 0.017184918746352196 -0.0062000001780688763 -0.21251508593559265
   vertex 0.017184918746352196 -0.0001999999803956598 -0.21251508593559265
   vertex 0.017518648877739906 -0.0062000001780688763 -0.21295000612735748
  endloop
 endfacet
 facet normal -0.79334970125135085 0 -0.60876617146848144
  outer loop
   vertex 0.017518648877739906 -0.0062000001780688763 -0.21295000612735748
   vertex 0.017184918746352196 -0.0001999999803956598 -0.21251508593559265
   vertex 0.017518648877739906 -0.0001999999803956598 -0.21295000612735748
  endloop
 endfacet
 facet normal -0.92387909785641742 -0 -0.38268448171308472
  outer loop
   vertex 0.017518648877739906 -0.0062000001780688763 -0.21295000612735748
   vertex 0.017518648877739906 -0.0001999999803956598 -0.21295000612735748
   vertex 0.017728438600897789 -0.0062000001780688763 -0.21345648169517517
  endloop
 endfacet
 facet normal -0.92387909785641742 0 -0.38268448171308472
  outer loop
   vertex 0.017728438600897789 -0.0062000001780688763 -0.21345648169517517
   vertex 0.017518648877739906 -0.0001999999803956598 -0.21295000612735748
   vertex 0.017728438600897789 -0.0001999999803956598 -0.21345648169517517
  endloop
 endfacet
 facet normal -0.99144362966151933 -0 -0.1305355476626659
  outer loop
   vertex 0.017728438600897789 -0.0062000001780688763 -0.21345648169517517
   vertex 0.017728438600897789 -0.0001999999803956598 -0.21345648169517517
   vertex 0.017799999564886093 -0.0062000001780688763 -0.21400000154972076
  endloop
 endfacet
 facet normal -0.99144362966151933 0 -0.1305355476626659
  outer loop
   vertex 0.017799999564886093 -0.0062000001780688763 -0.21400000154972076
   vertex 0.017728438600897789 -0.0001999999803956598 -0.21345648169517517
   vertex 0.017799999564886093 -0.0001999999803956598 -0.21400000154972076
  endloop
 endfacet
 facet normal -0.99144362966151933 0 0.1305355476626659
  outer loop
   vertex 0.017799999564886093 -0.0062000001780688763 -0.21400000154972076
   vertex 0.017799999564886093 -0.0001999999803956598 -0.21400000154972076
   vertex 0.017728438600897789 -0.0062000001780688763 -0.21454352140426636
  endloop
 endfacet
 facet normal -0.99144362966151933 0 0.1305355476626659
  outer loop
   vertex 0.017728438600897789 -0.0062000001780688763 -0.21454352140426636
   vertex 0.017799999564886093 -0.0001999999803956598 -0.21400000154972076
   vertex 0.017728438600897789 -0.0001999999803956598 -0.21454352140426636
  endloop
 endfacet
 facet normal -0.92387909785641742 0 0.38268448171308472
  outer loop
   vertex 0.017728438600897789 -0.0062000001780688763 -0.21454352140426636
   vertex 0.017728438600897789 -0.0001999999803956598 -0.21454352140426636
   vertex 0.017518648877739906 -0.0062000001780688763 -0.21504999697208405
  endloop
 endfacet
 facet normal -0.92387909785641742 0 0.38268448171308472
  outer loop
   vertex 0.017518648877739906 -0.0062000001780688763 -0.21504999697208405
   vertex 0.017728438600897789 -0.0001999999803956598 -0.21454352140426636
   vertex 0.017518648877739906 -0.0001999999803956598 -0.21504999697208405
  endloop
 endfacet
 facet normal -0.79334970125135085 0 0.60876617146848144
  outer loop
   vertex 0.017518648877739906 -0.0062000001780688763 -0.21504999697208405
   vertex 0.017518648877739906 -0.0001999999803956598 -0.21504999697208405
   vertex 0.017184918746352196 -0.0062000001780688763 -0.21548491716384888
  endloop
 endfacet
 facet normal -0.79334970125135085 0 0.60876617146848144
  outer loop
   vertex 0.017184918746352196 -0.0062000001780688763 -0.21548491716384888
   vertex 0.017518648877739906 -0.0001999999803956598 -0.21504999697208405
   vertex 0.017184918746352196 -0.0001999999803956598 -0.21548491716384888
  endloop
 endfacet
 facet normal -0.60877900238585259 0 0.79333985545545738
  outer loop
   vertex 0.017184918746352196 -0.0062000001780688763 -0.21548491716384888
   vertex 0.017184918746352196 -0.0001999999803956598 -0.21548491716384888
   vertex 0.016749998554587364 -0.0062000001780688763 -0.21581865847110748
  endloop
 endfacet
 facet normal -0.60877900238585259 0 0.79333985545545738
  outer loop
   vertex 0.016749998554587364 -0.0062000001780688763 -0.21581865847110748
   vertex 0.017184918746352196 -0.0001999999803956598 -0.21548491716384888
   vertex 0.016749998554587364 -0.0001999999803956598 -0.21581865847110748
  endloop
 endfacet
 facet normal -0.38266467827986927 0 0.92388730048473122
  outer loop
   vertex 0.016749998554587364 -0.0062000001780688763 -0.21581865847110748
   vertex 0.016749998554587364 -0.0001999999803956598 -0.21581865847110748
   vertex 0.016243519261479378 -0.0062000001780688763 -0.21602843701839447
  endloop
 endfacet
 facet normal -0.38266467827986927 0 0.92388730048473122
  outer loop
   vertex 0.016243519261479378 -0.0062000001780688763 -0.21602843701839447
   vertex 0.016749998554587364 -0.0001999999803956598 -0.21581865847110748
   vertex 0.016243519261479378 -0.0001999999803956598 -0.21602843701839447
  endloop
 endfacet
 facet normal -0.13055224654297984 0 0.99144143090884651
  outer loop
   vertex 0.016243519261479378 -0.0062000001780688763 -0.21602843701839447
   vertex 0.016243519261479378 -0.0001999999803956598 -0.21602843701839447
   vertex 0.015699999406933784 -0.0062000001780688763 -0.21610000729560852
  endloop
 endfacet
 facet normal -0.13055224654297984 0 0.99144143090884651
  outer loop
   vertex 0.015699999406933784 -0.0062000001780688763 -0.21610000729560852
   vertex 0.016243519261479378 -0.0001999999803956598 -0.21602843701839447
   vertex 0.015699999406933784 -0.0001999999803956598 -0.21610000729560852
  endloop
 endfacet
 facet normal 0.13055246643218957 0 0.99144140195397934
  outer loop
   vertex 0.015699999406933784 -0.0062000001780688763 -0.21610000729560852
   vertex 0.015699999406933784 -0.0001999999803956598 -0.21610000729560852
   vertex 0.015156480483710766 -0.0062000001780688763 -0.21602843701839447
  endloop
 endfacet
 facet normal 0.13055246643218957 0 0.99144140195397934
  outer loop
   vertex 0.015156480483710766 -0.0062000001780688763 -0.21602843701839447
   vertex 0.015699999406933784 -0.0001999999803956598 -0.21610000729560852
   vertex 0.015156480483710766 -0.0001999999803956598 -0.21602843701839447
  endloop
 endfacet
 facet normal 0.38266467827986927 0 0.92388730048473122
  outer loop
   vertex 0.015156480483710766 -0.0062000001780688763 -0.21602843701839447
   vertex 0.015156480483710766 -0.0001999999803956598 -0.21602843701839447
   vertex 0.014650001190602779 -0.0062000001780688763 -0.21581865847110748
  endloop
 endfacet
 facet normal 0.38266467827986927 0 0.92388730048473122
  outer loop
   vertex 0.014650001190602779 -0.0062000001780688763 -0.21581865847110748
   vertex 0.015156480483710766 -0.0001999999803956598 -0.21602843701839447
   vertex 0.014650001190602779 -0.0001999999803956598 -0.21581865847110748
  endloop
 endfacet
 facet normal 0.60877900238585259 0 0.79333985545545738
  outer loop
   vertex 0.014650001190602779 -0.0062000001780688763 -0.21581865847110748
   vertex 0.014650001190602779 -0.0001999999803956598 -0.21581865847110748
   vertex 0.014215080998837948 -0.0062000001780688763 -0.21548491716384888
  endloop
 endfacet
 facet normal 0.60877900238585259 0 0.79333985545545738
  outer loop
   vertex 0.014215080998837948 -0.0062000001780688763 -0.21548491716384888
   vertex 0.014650001190602779 -0.0001999999803956598 -0.21581865847110748
   vertex 0.014215080998837948 -0.0001999999803956598 -0.21548491716384888
  endloop
 endfacet
 facet normal 0.79334970125135085 0 0.60876617146848144
  outer loop
   vertex 0.014215080998837948 -0.0062000001780688763 -0.21548491716384888
   vertex 0.014215080998837948 -0.0001999999803956598 -0.21548491716384888
   vertex 0.013881350867450237 -0.0062000001780688763 -0.21504999697208405
  endloop
 endfacet
 facet normal 0.79334970125135085 0 0.60876617146848144
  outer loop
   vertex 0.013881350867450237 -0.0062000001780688763 -0.21504999697208405
   vertex 0.014215080998837948 -0.0001999999803956598 -0.21548491716384888
   vertex 0.013881350867450237 -0.0001999999803956598 -0.21504999697208405
  endloop
 endfacet
 facet normal 0.92387849721772541 0 0.38268593177528398
  outer loop
   vertex 0.013881350867450237 -0.0062000001780688763 -0.21504999697208405
   vertex 0.013881350867450237 -0.0001999999803956598 -0.21504999697208405
   vertex 0.01367156021296978 -0.0062000001780688763 -0.21454352140426636
  endloop
 endfacet
 facet normal 0.92387849721772541 0 0.38268593177528398
  outer loop
   vertex 0.01367156021296978 -0.0062000001780688763 -0.21454352140426636
   vertex 0.013881350867450237 -0.0001999999803956598 -0.21504999697208405
   vertex 0.01367156021296978 -0.0001999999803956598 -0.21454352140426636
  endloop
 endfacet
 facet normal 0.99144362966151933 0 0.1305355476626659
  outer loop
   vertex -0.021328439936041832 -0.0062000001780688763 -0.1645435243844986
   vertex -0.021328439936041832 -0.0001999999803956598 -0.1645435243844986
   vertex -0.021400000900030136 -0.0062000001780688763 -0.164000004529953
  endloop
 endfacet
 facet normal 0.99144362966151933 0 0.1305355476626659
  outer loop
   vertex -0.021400000900030136 -0.0062000001780688763 -0.164000004529953
   vertex -0.021328439936041832 -0.0001999999803956598 -0.1645435243844986
   vertex -0.021400000900030136 -0.0001999999803956598 -0.164000004529953
  endloop
 endfacet
 facet normal 0.99144362966151933 0 -0.1305355476626659
  outer loop
   vertex -0.021400000900030136 -0.0062000001780688763 -0.164000004529953
   vertex -0.021400000900030136 -0.0001999999803956598 -0.164000004529953
   vertex -0.021328439936041832 -0.0062000001780688763 -0.16345648467540741
  endloop
 endfacet
 facet normal 0.99144362966151933 0 -0.1305355476626659
  outer loop
   vertex -0.021328439936041832 -0.0062000001780688763 -0.16345648467540741
   vertex -0.021400000900030136 -0.0001999999803956598 -0.164000004529953
   vertex -0.021328439936041832 -0.0001999999803956598 -0.16345648467540741
  endloop
 endfacet
 facet normal 0.92388307839738515 0 -0.38267487172660153
  outer loop
   vertex -0.021328439936041832 -0.0062000001780688763 -0.16345648467540741
   vertex -0.021328439936041832 -0.0001999999803956598 -0.16345648467540741
   vertex -0.021118650212883949 -0.0062000001780688763 -0.16294999420642853
  endloop
 endfacet
 facet normal 0.92388307839738515 0 -0.38267487172660153
  outer loop
   vertex -0.021118650212883949 -0.0062000001780688763 -0.16294999420642853
   vertex -0.021328439936041832 -0.0001999999803956598 -0.16345648467540741
   vertex -0.021118650212883949 -0.0001999999803956598 -0.16294999420642853
  endloop
 endfacet
 facet normal 0.79334970125135085 0 -0.60876617146848144
  outer loop
   vertex -0.021118650212883949 -0.0062000001780688763 -0.16294999420642853
   vertex -0.021118650212883949 -0.0001999999803956598 -0.16294999420642853
   vertex -0.020784920081496239 -0.0062000001780688763 -0.1625150740146637
  endloop
 endfacet
 facet normal 0.79334970125135085 0 -0.60876617146848144
  outer loop
   vertex -0.020784920081496239 -0.0062000001780688763 -0.1625150740146637
   vertex -0.021118650212883949 -0.0001999999803956598 -0.16294999420642853
   vertex -0.020784920081496239 -0.0001999999803956598 -0.1625150740146637
  endloop
 endfacet
 facet normal 0.60876189438986483 0 -0.79335298319150671
  outer loop
   vertex -0.020784920081496239 -0.0062000001780688763 -0.1625150740146637
   vertex -0.020784920081496239 -0.0001999999803956598 -0.1625150740146637
   vertex -0.020349999889731407 -0.0062000001780688763 -0.16218134760856628
  endloop
 endfacet
 facet normal 0.60876189438986483 0 -0.79335298319150671
  outer loop
   vertex -0.020349999889731407 -0.0062000001780688763 -0.16218134760856628
   vertex -0.020784920081496239 -0.0001999999803956598 -0.1625150740146637
   vertex -0.020349999889731407 -0.0001999999803956598 -0.16218134760856628
  endloop
 endfacet
 facet normal 0.38268787938300536 0 -0.92387769048361501
  outer loop
   vertex -0.020349999889731407 -0.0062000001780688763 -0.16218134760856628
   vertex -0.020349999889731407 -0.0001999999803956598 -0.16218134760856628
   vertex -0.019843520596623421 -0.0062000001780688763 -0.1619715541601181
  endloop
 endfacet
 facet normal 0.38268787938300536 0 -0.92387769048361501
  outer loop
   vertex -0.019843520596623421 -0.0062000001780688763 -0.1619715541601181
   vertex -0.020349999889731407 -0.0001999999803956598 -0.16218134760856628
   vertex -0.019843520596623421 -0.0001999999803956598 -0.1619715541601181
  endloop
 endfacet
 facet normal 0.13052552828115146 0 -0.99144494878279876
  outer loop
   vertex -0.019843520596623421 -0.0062000001780688763 -0.1619715541601181
   vertex -0.019843520596623421 -0.0001999999803956598 -0.1619715541601181
   vertex -0.019300000742077827 -0.0062000001780688763 -0.16189999878406525
  endloop
 endfacet
 facet normal 0.13052552828115146 0 -0.99144494878279876
  outer loop
   vertex -0.019300000742077827 -0.0062000001780688763 -0.16189999878406525
   vertex -0.019843520596623421 -0.0001999999803956598 -0.1619715541601181
   vertex -0.019300000742077827 -0.0001999999803956598 -0.16189999878406525
  endloop
 endfacet
 facet normal -0.13052552828115146 -0 -0.99144494878279876
  outer loop
   vertex -0.019300000742077827 -0.0062000001780688763 -0.16189999878406525
   vertex -0.019300000742077827 -0.0001999999803956598 -0.16189999878406525
   vertex -0.018756480887532234 -0.0062000001780688763 -0.1619715541601181
  endloop
 endfacet
 facet normal -0.13052552828115146 0 -0.99144494878279876
  outer loop
   vertex -0.018756480887532234 -0.0062000001780688763 -0.1619715541601181
   vertex -0.019300000742077827 -0.0001999999803956598 -0.16189999878406525
   vertex -0.018756480887532234 -0.0001999999803956598 -0.1619715541601181
  endloop
 endfacet
 facet normal -0.38268787938300536 -0 -0.92387769048361501
  outer loop
   vertex -0.018756480887532234 -0.0062000001780688763 -0.1619715541601181
   vertex -0.018756480887532234 -0.0001999999803956598 -0.1619715541601181
   vertex -0.018250001594424248 -0.0062000001780688763 -0.16218134760856628
  endloop
 endfacet
 facet normal -0.38268787938300536 0 -0.92387769048361501
  outer loop
   vertex -0.018250001594424248 -0.0062000001780688763 -0.16218134760856628
   vertex -0.018756480887532234 -0.0001999999803956598 -0.1619715541601181
   vertex -0.018250001594424248 -0.0001999999803956598 -0.16218134760856628
  endloop
 endfacet
 facet normal -0.60876189438986483 -0 -0.79335298319150671
  outer loop
   vertex -0.018250001594424248 -0.0062000001780688763 -0.16218134760856628
   vertex -0.018250001594424248 -0.0001999999803956598 -0.16218134760856628
   vertex -0.017815081402659416 -0.0062000001780688763 -0.1625150740146637
  endloop
 endfacet
 facet normal -0.60876189438986483 0 -0.79335298319150671
  outer loop
   vertex -0.017815081402659416 -0.0062000001780688763 -0.1625150740146637
   vertex -0.018250001594424248 -0.0001999999803956598 -0.16218134760856628
   vertex -0.017815081402659416 -0.0001999999803956598 -0.1625150740146637
  endloop
 endfacet
 facet normal -0.79334970125135085 -0 -0.60876617146848144
  outer loop
   vertex -0.017815081402659416 -0.0062000001780688763 -0.1625150740146637
   vertex -0.017815081402659416 -0.0001999999803956598 -0.1625150740146637
   vertex -0.017481351271271706 -0.0062000001780688763 -0.16294999420642853
  endloop
 endfacet
 facet normal -0.79334970125135085 0 -0.60876617146848144
  outer loop
   vertex -0.017481351271271706 -0.0062000001780688763 -0.16294999420642853
   vertex -0.017815081402659416 -0.0001999999803956598 -0.1625150740146637
   vertex -0.017481351271271706 -0.0001999999803956598 -0.16294999420642853
  endloop
 endfacet
 facet normal -0.9238818771736631 -0 -0.38267777180033408
  outer loop
   vertex -0.017481351271271706 -0.0062000001780688763 -0.16294999420642853
   vertex -0.017481351271271706 -0.0001999999803956598 -0.16294999420642853
   vertex -0.017271559685468674 -0.0062000001780688763 -0.16345648467540741
  endloop
 endfacet
 facet normal -0.9238818771736631 0 -0.38267777180033408
  outer loop
   vertex -0.017271559685468674 -0.0062000001780688763 -0.16345648467540741
   vertex -0.017481351271271706 -0.0001999999803956598 -0.16294999420642853
   vertex -0.017271559685468674 -0.0001999999803956598 -0.16345648467540741
  endloop
 endfacet
 facet normal -0.99144406937947294 -0 -0.13053220787327138
  outer loop
   vertex -0.017271559685468674 -0.0062000001780688763 -0.16345648467540741
   vertex -0.017271559685468674 -0.0001999999803956598 -0.16345648467540741
   vertex -0.017200000584125519 -0.0062000001780688763 -0.164000004529953
  endloop
 endfacet
 facet normal -0.99144406937947294 0 -0.13053220787327138
  outer loop
   vertex -0.017200000584125519 -0.0062000001780688763 -0.164000004529953
   vertex -0.017271559685468674 -0.0001999999803956598 -0.16345648467540741
   vertex -0.017200000584125519 -0.0001999999803956598 -0.164000004529953
  endloop
 endfacet
 facet normal -0.99144406937947294 0 0.13053220787327138
  outer loop
   vertex -0.017200000584125519 -0.0062000001780688763 -0.164000004529953
   vertex -0.017200000584125519 -0.0001999999803956598 -0.164000004529953
   vertex -0.017271559685468674 -0.0062000001780688763 -0.1645435243844986
  endloop
 endfacet
 facet normal -0.99144406937947294 0 0.13053220787327138
  outer loop
   vertex -0.017271559685468674 -0.0062000001780688763 -0.1645435243844986
   vertex -0.017200000584125519 -0.0001999999803956598 -0.164000004529953
   vertex -0.017271559685468674 -0.0001999999803956598 -0.1645435243844986
  endloop
 endfacet
 facet normal -0.92387789657753849 0 0.38268738183465512
  outer loop
   vertex -0.017271559685468674 -0.0062000001780688763 -0.1645435243844986
   vertex -0.017271559685468674 -0.0001999999803956598 -0.1645435243844986
   vertex -0.017481351271271706 -0.0062000001780688763 -0.16504999995231628
  endloop
 endfacet
 facet normal -0.92387789657753849 0 0.38268738183465512
  outer loop
   vertex -0.017481351271271706 -0.0062000001780688763 -0.16504999995231628
   vertex -0.017271559685468674 -0.0001999999803956598 -0.1645435243844986
   vertex -0.017481351271271706 -0.0001999999803956598 -0.16504999995231628
  endloop
 endfacet
 facet normal -0.79334970125135085 0 0.60876617146848144
  outer loop
   vertex -0.017481351271271706 -0.0062000001780688763 -0.16504999995231628
   vertex -0.017481351271271706 -0.0001999999803956598 -0.16504999995231628
   vertex -0.017815081402659416 -0.0062000001780688763 -0.16548492014408112
  endloop
 endfacet
 facet normal -0.79334970125135085 0 0.60876617146848144
  outer loop
   vertex -0.017815081402659416 -0.0062000001780688763 -0.16548492014408112
   vertex -0.017481351271271706 -0.0001999999803956598 -0.16504999995231628
   vertex -0.017815081402659416 -0.0001999999803956598 -0.16548492014408112
  endloop
 endfacet
 facet normal -0.60876189438986483 0 0.79335298319150671
  outer loop
   vertex -0.017815081402659416 -0.0062000001780688763 -0.16548492014408112
   vertex -0.017815081402659416 -0.0001999999803956598 -0.16548492014408112
   vertex -0.018250001594424248 -0.0062000001780688763 -0.16581864655017853
  endloop
 endfacet
 facet normal -0.60876189438986483 0 0.79335298319150671
  outer loop
   vertex -0.018250001594424248 -0.0062000001780688763 -0.16581864655017853
   vertex -0.017815081402659416 -0.0001999999803956598 -0.16548492014408112
   vertex -0.018250001594424248 -0.0001999999803956598 -0.16581864655017853
  endloop
 endfacet
 facet normal -0.38268787938300536 0 0.92387769048361501
  outer loop
   vertex -0.018250001594424248 -0.0062000001780688763 -0.16581864655017853
   vertex -0.018250001594424248 -0.0001999999803956598 -0.16581864655017853
   vertex -0.018756480887532234 -0.0062000001780688763 -0.16602843999862671
  endloop
 endfacet
 facet normal -0.38268787938300536 0 0.92387769048361501
  outer loop
   vertex -0.018756480887532234 -0.0062000001780688763 -0.16602843999862671
   vertex -0.018250001594424248 -0.0001999999803956598 -0.16581864655017853
   vertex -0.018756480887532234 -0.0001999999803956598 -0.16602843999862671
  endloop
 endfacet
 facet normal -0.13052552828115146 0 0.99144494878279876
  outer loop
   vertex -0.018756480887532234 -0.0062000001780688763 -0.16602843999862671
   vertex -0.018756480887532234 -0.0001999999803956598 -0.16602843999862671
   vertex -0.019300000742077827 -0.0062000001780688763 -0.16609999537467957
  endloop
 endfacet
 facet normal -0.13052552828115146 0 0.99144494878279876
  outer loop
   vertex -0.019300000742077827 -0.0062000001780688763 -0.16609999537467957
   vertex -0.018756480887532234 -0.0001999999803956598 -0.16602843999862671
   vertex -0.019300000742077827 -0.0001999999803956598 -0.16609999537467957
  endloop
 endfacet
 facet normal 0.13052552828115146 0 0.99144494878279876
  outer loop
   vertex -0.019300000742077827 -0.0062000001780688763 -0.16609999537467957
   vertex -0.019300000742077827 -0.0001999999803956598 -0.16609999537467957
   vertex -0.019843520596623421 -0.0062000001780688763 -0.16602843999862671
  endloop
 endfacet
 facet normal 0.13052552828115146 0 0.99144494878279876
  outer loop
   vertex -0.019843520596623421 -0.0062000001780688763 -0.16602843999862671
   vertex -0.019300000742077827 -0.0001999999803956598 -0.16609999537467957
   vertex -0.019843520596623421 -0.0001999999803956598 -0.16602843999862671
  endloop
 endfacet
 facet normal 0.38268787938300536 0 0.92387769048361501
  outer loop
   vertex -0.019843520596623421 -0.0062000001780688763 -0.16602843999862671
   vertex -0.019843520596623421 -0.0001999999803956598 -0.16602843999862671
   vertex -0.020349999889731407 -0.0062000001780688763 -0.16581864655017853
  endloop
 endfacet
 facet normal 0.38268787938300536 0 0.92387769048361501
  outer loop
   vertex -0.020349999889731407 -0.0062000001780688763 -0.16581864655017853
   vertex -0.019843520596623421 -0.0001999999803956598 -0.16602843999862671
   vertex -0.020349999889731407 -0.0001999999803956598 -0.16581864655017853
  endloop
 endfacet
 facet normal 0.60876189438986483 0 0.79335298319150671
  outer loop
   vertex -0.020349999889731407 -0.0062000001780688763 -0.16581864655017853
   vertex -0.020349999889731407 -0.0001999999803956598 -0.16581864655017853
   vertex -0.020784920081496239 -0.0062000001780688763 -0.16548492014408112
  endloop
 endfacet
 facet normal 0.60876189438986483 0 0.79335298319150671
  outer loop
   vertex -0.020784920081496239 -0.0062000001780688763 -0.16548492014408112
   vertex -0.020349999889731407 -0.0001999999803956598 -0.16581864655017853
   vertex -0.020784920081496239 -0.0001999999803956598 -0.16548492014408112
  endloop
 endfacet
 facet normal 0.79334970125135085 0 0.60876617146848144
  outer loop
   vertex -0.020784920081496239 -0.0062000001780688763 -0.16548492014408112
   vertex -0.020784920081496239 -0.0001999999803956598 -0.16548492014408112
   vertex -0.021118650212883949 -0.0062000001780688763 -0.16504999995231628
  endloop
 endfacet
 facet normal 0.79334970125135085 0 0.60876617146848144
  outer loop
   vertex -0.021118650212883949 -0.0062000001780688763 -0.16504999995231628
   vertex -0.020784920081496239 -0.0001999999803956598 -0.16548492014408112
   vertex -0.021118650212883949 -0.0001999999803956598 -0.16504999995231628
  endloop
 endfacet
 facet normal 0.92387909785641742 0 0.38268448171308472
  outer loop
   vertex -0.021118650212883949 -0.0062000001780688763 -0.16504999995231628
   vertex -0.021118650212883949 -0.0001999999803956598 -0.16504999995231628
   vertex -0.021328439936041832 -0.0062000001780688763 -0.1645435243844986
  endloop
 endfacet
 facet normal 0.92387909785641742 0 0.38268448171308472
  outer loop
   vertex -0.021328439936041832 -0.0062000001780688763 -0.1645435243844986
   vertex -0.021118650212883949 -0.0001999999803956598 -0.16504999995231628
   vertex -0.021328439936041832 -0.0001999999803956598 -0.1645435243844986
  endloop
 endfacet
 facet normal 0.99144362966151933 0 0.1305355476626659
  outer loop
   vertex -0.021328439936041832 -0.0062000001780688763 -0.21454352140426636
   vertex -0.021328439936041832 -0.0001999999803956598 -0.21454352140426636
   vertex -0.021400000900030136 -0.0062000001780688763 -0.21400000154972076
  endloop
 endfacet
 facet normal 0.99144362966151933 0 0.1305355476626659
  outer loop
   vertex -0.021400000900030136 -0.0062000001780688763 -0.21400000154972076
   vertex -0.021328439936041832 -0.0001999999803956598 -0.21454352140426636
   vertex -0.021400000900030136 -0.0001999999803956598 -0.21400000154972076
  endloop
 endfacet
 facet normal 0.99144362966151933 0 -0.1305355476626659
  outer loop
   vertex -0.021400000900030136 -0.0062000001780688763 -0.21400000154972076
   vertex -0.021400000900030136 -0.0001999999803956598 -0.21400000154972076
   vertex -0.021328439936041832 -0.0062000001780688763 -0.21345648169517517
  endloop
 endfacet
 facet normal 0.99144362966151933 0 -0.1305355476626659
  outer loop
   vertex -0.021328439936041832 -0.0062000001780688763 -0.21345648169517517
   vertex -0.021400000900030136 -0.0001999999803956598 -0.21400000154972076
   vertex -0.021328439936041832 -0.0001999999803956598 -0.21345648169517517
  endloop
 endfacet
 facet normal 0.92387909785641742 0 -0.38268448171308472
  outer loop
   vertex -0.021328439936041832 -0.0062000001780688763 -0.21345648169517517
   vertex -0.021328439936041832 -0.0001999999803956598 -0.21345648169517517
   vertex -0.021118650212883949 -0.0062000001780688763 -0.21295000612735748
  endloop
 endfacet
 facet normal 0.92387909785641742 0 -0.38268448171308472
  outer loop
   vertex -0.021118650212883949 -0.0062000001780688763 -0.21295000612735748
   vertex -0.021328439936041832 -0.0001999999803956598 -0.21345648169517517
   vertex -0.021118650212883949 -0.0001999999803956598 -0.21295000612735748
  endloop
 endfacet
 facet normal 0.79334970125135085 0 -0.60876617146848144
  outer loop
   vertex -0.021118650212883949 -0.0062000001780688763 -0.21295000612735748
   vertex -0.021118650212883949 -0.0001999999803956598 -0.21295000612735748
   vertex -0.020784920081496239 -0.0062000001780688763 -0.21251508593559265
  endloop
 endfacet
 facet normal 0.79334970125135085 0 -0.60876617146848144
  outer loop
   vertex -0.020784920081496239 -0.0062000001780688763 -0.21251508593559265
   vertex -0.021118650212883949 -0.0001999999803956598 -0.21295000612735748
   vertex -0.020784920081496239 -0.0001999999803956598 -0.21251508593559265
  endloop
 endfacet
 facet normal 0.60877900238585259 0 -0.79333985545545738
  outer loop
   vertex -0.020784920081496239 -0.0062000001780688763 -0.21251508593559265
   vertex -0.020784920081496239 -0.0001999999803956598 -0.21251508593559265
   vertex -0.020349999889731407 -0.0062000001780688763 -0.21218134462833405
  endloop
 endfacet
 facet normal 0.60877900238585259 0 -0.79333985545545738
  outer loop
   vertex -0.020349999889731407 -0.0062000001780688763 -0.21218134462833405
   vertex -0.020784920081496239 -0.0001999999803956598 -0.21251508593559265
   vertex -0.020349999889731407 -0.0001999999803956598 -0.21218134462833405
  endloop
 endfacet
 facet normal 0.38266467827986927 0 -0.92388730048473122
  outer loop
   vertex -0.020349999889731407 -0.0062000001780688763 -0.21218134462833405
   vertex -0.020349999889731407 -0.0001999999803956598 -0.21218134462833405
   vertex -0.019843520596623421 -0.0062000001780688763 -0.21197156608104706
  endloop
 endfacet
 facet normal 0.38266467827986927 0 -0.92388730048473122
  outer loop
   vertex -0.019843520596623421 -0.0062000001780688763 -0.21197156608104706
   vertex -0.020349999889731407 -0.0001999999803956598 -0.21218134462833405
   vertex -0.019843520596623421 -0.0001999999803956598 -0.21197156608104706
  endloop
 endfacet
 facet normal 0.13055224654297984 0 -0.99144143090884651
  outer loop
   vertex -0.019843520596623421 -0.0062000001780688763 -0.21197156608104706
   vertex -0.019843520596623421 -0.0001999999803956598 -0.21197156608104706
   vertex -0.019300000742077827 -0.0062000001780688763 -0.21189999580383301
  endloop
 endfacet
 facet normal 0.13055224654297984 0 -0.99144143090884651
  outer loop
   vertex -0.019300000742077827 -0.0062000001780688763 -0.21189999580383301
   vertex -0.019843520596623421 -0.0001999999803956598 -0.21197156608104706
   vertex -0.019300000742077827 -0.0001999999803956598 -0.21189999580383301
  endloop
 endfacet
 facet normal -0.13055224654297984 -0 -0.99144143090884651
  outer loop
   vertex -0.019300000742077827 -0.0062000001780688763 -0.21189999580383301
   vertex -0.019300000742077827 -0.0001999999803956598 -0.21189999580383301
   vertex -0.018756480887532234 -0.0062000001780688763 -0.21197156608104706
  endloop
 endfacet
 facet normal -0.13055224654297984 0 -0.99144143090884651
  outer loop
   vertex -0.018756480887532234 -0.0062000001780688763 -0.21197156608104706
   vertex -0.019300000742077827 -0.0001999999803956598 -0.21189999580383301
   vertex -0.018756480887532234 -0.0001999999803956598 -0.21197156608104706
  endloop
 endfacet
 facet normal -0.38266467827986927 -0 -0.92388730048473122
  outer loop
   vertex -0.018756480887532234 -0.0062000001780688763 -0.21197156608104706
   vertex -0.018756480887532234 -0.0001999999803956598 -0.21197156608104706
   vertex -0.018250001594424248 -0.0062000001780688763 -0.21218134462833405
  endloop
 endfacet
 facet normal -0.38266467827986927 0 -0.92388730048473122
  outer loop
   vertex -0.018250001594424248 -0.0062000001780688763 -0.21218134462833405
   vertex -0.018756480887532234 -0.0001999999803956598 -0.21197156608104706
   vertex -0.018250001594424248 -0.0001999999803956598 -0.21218134462833405
  endloop
 endfacet
 facet normal -0.60877900238585259 -0 -0.79333985545545738
  outer loop
   vertex -0.018250001594424248 -0.0062000001780688763 -0.21218134462833405
   vertex -0.018250001594424248 -0.0001999999803956598 -0.21218134462833405
   vertex -0.017815081402659416 -0.0062000001780688763 -0.21251508593559265
  endloop
 endfacet
 facet normal -0.60877900238585259 0 -0.79333985545545738
  outer loop
   vertex -0.017815081402659416 -0.0062000001780688763 -0.21251508593559265
   vertex -0.018250001594424248 -0.0001999999803956598 -0.21218134462833405
   vertex -0.017815081402659416 -0.0001999999803956598 -0.21251508593559265
  endloop
 endfacet
 facet normal -0.79334970125135085 -0 -0.60876617146848144
  outer loop
   vertex -0.017815081402659416 -0.0062000001780688763 -0.21251508593559265
   vertex -0.017815081402659416 -0.0001999999803956598 -0.21251508593559265
   vertex -0.017481351271271706 -0.0062000001780688763 -0.21295000612735748
  endloop
 endfacet
 facet normal -0.79334970125135085 0 -0.60876617146848144
  outer loop
   vertex -0.017481351271271706 -0.0062000001780688763 -0.21295000612735748
   vertex -0.017815081402659416 -0.0001999999803956598 -0.21251508593559265
   vertex -0.017481351271271706 -0.0001999999803956598 -0.21295000612735748
  endloop
 endfacet
 facet normal -0.92387789657753849 -0 -0.38268738183465512
  outer loop
   vertex -0.017481351271271706 -0.0062000001780688763 -0.21295000612735748
   vertex -0.017481351271271706 -0.0001999999803956598 -0.21295000612735748
   vertex -0.017271559685468674 -0.0062000001780688763 -0.21345648169517517
  endloop
 endfacet
 facet normal -0.92387789657753849 0 -0.38268738183465512
  outer loop
   vertex -0.017271559685468674 -0.0062000001780688763 -0.21345648169517517
   vertex -0.017481351271271706 -0.0001999999803956598 -0.21295000612735748
   vertex -0.017271559685468674 -0.0001999999803956598 -0.21345648169517517
  endloop
 endfacet
 facet normal -0.99144406937947294 -0 -0.13053220787327138
  outer loop
   vertex -0.017271559685468674 -0.0062000001780688763 -0.21345648169517517
   vertex -0.017271559685468674 -0.0001999999803956598 -0.21345648169517517
   vertex -0.017200000584125519 -0.0062000001780688763 -0.21400000154972076
  endloop
 endfacet
 facet normal -0.99144406937947294 0 -0.13053220787327138
  outer loop
   vertex -0.017200000584125519 -0.0062000001780688763 -0.21400000154972076
   vertex -0.017271559685468674 -0.0001999999803956598 -0.21345648169517517
   vertex -0.017200000584125519 -0.0001999999803956598 -0.21400000154972076
  endloop
 endfacet
 facet normal -0.99144406937947294 0 0.13053220787327138
  outer loop
   vertex -0.017200000584125519 -0.0062000001780688763 -0.21400000154972076
   vertex -0.017200000584125519 -0.0001999999803956598 -0.21400000154972076
   vertex -0.017271559685468674 -0.0062000001780688763 -0.21454352140426636
  endloop
 endfacet
 facet normal -0.99144406937947294 0 0.13053220787327138
  outer loop
   vertex -0.017271559685468674 -0.0062000001780688763 -0.21454352140426636
   vertex -0.017200000584125519 -0.0001999999803956598 -0.21400000154972076
   vertex -0.017271559685468674 -0.0001999999803956598 -0.21454352140426636
  endloop
 endfacet
 facet normal -0.92387789657753849 0 0.38268738183465512
  outer loop
   vertex -0.017271559685468674 -0.0062000001780688763 -0.21454352140426636
   vertex -0.017271559685468674 -0.0001999999803956598 -0.21454352140426636
   vertex -0.017481351271271706 -0.0062000001780688763 -0.21504999697208405
  endloop
 endfacet
 facet normal -0.92387789657753849 0 0.38268738183465512
  outer loop
   vertex -0.017481351271271706 -0.0062000001780688763 -0.21504999697208405
   vertex -0.017271559685468674 -0.0001999999803956598 -0.21454352140426636
   vertex -0.017481351271271706 -0.0001999999803956598 -0.21504999697208405
  endloop
 endfacet
 facet normal -0.79334970125135085 0 0.60876617146848144
  outer loop
   vertex -0.017481351271271706 -0.0062000001780688763 -0.21504999697208405
   vertex -0.017481351271271706 -0.0001999999803956598 -0.21504999697208405
   vertex -0.017815081402659416 -0.0062000001780688763 -0.21548491716384888
  endloop
 endfacet
 facet normal -0.79334970125135085 0 0.60876617146848144
  outer loop
   vertex -0.017815081402659416 -0.0062000001780688763 -0.21548491716384888
   vertex -0.017481351271271706 -0.0001999999803956598 -0.21504999697208405
   vertex -0.017815081402659416 -0.0001999999803956598 -0.21548491716384888
  endloop
 endfacet
 facet normal -0.60877900238585259 0 0.79333985545545738
  outer loop
   vertex -0.017815081402659416 -0.0062000001780688763 -0.21548491716384888
   vertex -0.017815081402659416 -0.0001999999803956598 -0.21548491716384888
   vertex -0.018250001594424248 -0.0062000001780688763 -0.21581865847110748
  endloop
 endfacet
 facet normal -0.60877900238585259 0 0.79333985545545738
  outer loop
   vertex -0.018250001594424248 -0.0062000001780688763 -0.21581865847110748
   vertex -0.017815081402659416 -0.0001999999803956598 -0.21548491716384888
   vertex -0.018250001594424248 -0.0001999999803956598 -0.21581865847110748
  endloop
 endfacet
 facet normal -0.38266467827986927 0 0.92388730048473122
  outer loop
   vertex -0.018250001594424248 -0.0062000001780688763 -0.21581865847110748
   vertex -0.018250001594424248 -0.0001999999803956598 -0.21581865847110748
   vertex -0.018756480887532234 -0.0062000001780688763 -0.21602843701839447
  endloop
 endfacet
 facet normal -0.38266467827986927 0 0.92388730048473122
  outer loop
   vertex -0.018756480887532234 -0.0062000001780688763 -0.21602843701839447
   vertex -0.018250001594424248 -0.0001999999803956598 -0.21581865847110748
   vertex -0.018756480887532234 -0.0001999999803956598 -0.21602843701839447
  endloop
 endfacet
 facet normal -0.13055224654297984 0 0.99144143090884651
  outer loop
   vertex -0.018756480887532234 -0.0062000001780688763 -0.21602843701839447
   vertex -0.018756480887532234 -0.0001999999803956598 -0.21602843701839447
   vertex -0.019300000742077827 -0.0062000001780688763 -0.21610000729560852
  endloop
 endfacet
 facet normal -0.13055224654297984 0 0.99144143090884651
  outer loop
   vertex -0.019300000742077827 -0.0062000001780688763 -0.21610000729560852
   vertex -0.018756480887532234 -0.0001999999803956598 -0.21602843701839447
   vertex -0.019300000742077827 -0.0001999999803956598 -0.21610000729560852
  endloop
 endfacet
 facet normal 0.13055224654297984 0 0.99144143090884651
  outer loop
   vertex -0.019300000742077827 -0.0062000001780688763 -0.21610000729560852
   vertex -0.019300000742077827 -0.0001999999803956598 -0.21610000729560852
   vertex -0.019843520596623421 -0.0062000001780688763 -0.21602843701839447
  endloop
 endfacet
 facet normal 0.13055224654297984 0 0.99144143090884651
  outer loop
   vertex -0.019843520596623421 -0.0062000001780688763 -0.21602843701839447
   vertex -0.019300000742077827 -0.0001999999803956598 -0.21610000729560852
   vertex -0.019843520596623421 -0.0001999999803956598 -0.21602843701839447
  endloop
 endfacet
 facet normal 0.38266467827986927 0 0.92388730048473122
  outer loop
   vertex -0.019843520596623421 -0.0062000001780688763 -0.21602843701839447
   vertex -0.019843520596623421 -0.0001999999803956598 -0.21602843701839447
   vertex -0.020349999889731407 -0.0062000001780688763 -0.21581865847110748
  endloop
 endfacet
 facet normal 0.38266467827986927 0 0.92388730048473122
  outer loop
   vertex -0.020349999889731407 -0.0062000001780688763 -0.21581865847110748
   vertex -0.019843520596623421 -0.0001999999803956598 -0.21602843701839447
   vertex -0.020349999889731407 -0.0001999999803956598 -0.21581865847110748
  endloop
 endfacet
 facet normal 0.60877900238585259 0 0.79333985545545738
  outer loop
   vertex -0.020349999889731407 -0.0062000001780688763 -0.21581865847110748
   vertex -0.020349999889731407 -0.0001999999803956598 -0.21581865847110748
   vertex -0.020784920081496239 -0.0062000001780688763 -0.21548491716384888
  endloop
 endfacet
 facet normal 0.60877900238585259 0 0.79333985545545738
  outer loop
   vertex -0.020784920081496239 -0.0062000001780688763 -0.21548491716384888
   vertex -0.020349999889731407 -0.0001999999803956598 -0.21581865847110748
   vertex -0.020784920081496239 -0.0001999999803956598 -0.21548491716384888
  endloop
 endfacet
 facet normal 0.79334970125135085 0 0.60876617146848144
  outer loop
   vertex -0.020784920081496239 -0.0062000001780688763 -0.21548491716384888
   vertex -0.020784920081496239 -0.0001999999803956598 -0.21548491716384888
   vertex -0.021118650212883949 -0.0062000001780688763 -0.21504999697208405
  endloop
 endfacet
 facet normal 0.79334970125135085 0 0.60876617146848144
  outer loop
   vertex -0.021118650212883949 -0.0062000001780688763 -0.21504999697208405
   vertex -0.020784920081496239 -0.0001999999803956598 -0.21548491716384888
   vertex -0.021118650212883949 -0.0001999999803956598 -0.21504999697208405
  endloop
 endfacet
 facet normal 0.92387909785641742 0 0.38268448171308472
  outer loop
   vertex -0.021118650212883949 -0.0062000001780688763 -0.21504999697208405
   vertex -0.021118650212883949 -0.0001999999803956598 -0.21504999697208405
   vertex -0.021328439936041832 -0.0062000001780688763 -0.21454352140426636
  endloop
 endfacet
 facet normal 0.92387909785641742 0 0.38268448171308472
  outer loop
   vertex -0.021328439936041832 -0.0062000001780688763 -0.21454352140426636
   vertex -0.021118650212883949 -0.0001999999803956598 -0.21504999697208405
   vertex -0.021328439936041832 -0.0001999999803956598 -0.21454352140426636
  endloop
 endfacet
 facet normal -0 0 -1
  outer loop
   vertex -0.026800001040101051 -0.0001999999803956598 -0.22400000691413879
   vertex 0.023199999704957008 -0.0001999999803956598 -0.22400000691413879
   vertex -0.026800001040101051 -0.0062000001780688763 -0.22400000691413879
  endloop
 endfacet
 facet normal 0 -0 -1
  outer loop
   vertex -0.026800001040101051 -0.0062000001780688763 -0.22400000691413879
   vertex 0.023199999704957008 -0.0001999999803956598 -0.22400000691413879
   vertex 0.023199999704957008 -0.0062000001780688763 -0.22400000691413879
  endloop
 endfacet
 facet normal 0 1 0
  outer loop
   vertex -0.056533452123403549 -0.0001999999803956598 0.019999705255031586
   vertex -0.054765880107879639 -0.0001999999803956598 0.024430297315120697
   vertex -0.031686350703239441 -0.0001999999803956598 0.019999705255031586
  endloop
 endfacet
 facet normal -0 1 0
  outer loop
   vertex -0.031686350703239441 -0.0001999999803956598 0.019999705255031586
   vertex -0.054765880107879639 -0.0001999999803956598 0.024430297315120697
   vertex -0.052651941776275635 -0.0001999999803956598 0.028706498444080353
  endloop
 endfacet
 facet normal -0 1 0
  outer loop
   vertex -0.031686350703239441 -0.0001999999803956598 0.019999705255031586
   vertex -0.052651941776275635 -0.0001999999803956598 0.028706498444080353
   vertex -0.050204969942569733 -0.0001999999803956598 0.03280118852853775
  endloop
 endfacet
 facet normal 0 1 0
  outer loop
   vertex -0.050204969942569733 -0.0001999999803956598 0.03280118852853775
   vertex -0.047440461814403534 -0.0001999999803956598 0.036688603460788727
   vertex -0.031686350703239441 -0.0001999999803956598 0.019999705255031586
  endloop
 endfacet
 facet normal -0 1 0
  outer loop
   vertex -0.031686350703239441 -0.0001999999803956598 0.019999705255031586
   vertex -0.047440461814403534 -0.0001999999803956598 0.036688603460788727
   vertex -0.044375881552696228 -0.0001999999803956598 0.040344096720218658
  endloop
 endfacet
 facet normal -0 1 0
  outer loop
   vertex -0.031686350703239441 -0.0001999999803956598 0.019999705255031586
   vertex -0.044375881552696228 -0.0001999999803956598 0.040344096720218658
   vertex -0.041030582040548325 -0.0001999999803956598 0.043744601309299469
  endloop
 endfacet
 facet normal 0 1 0
  outer loop
   vertex -0.041030582040548325 -0.0001999999803956598 0.043744601309299469
   vertex -0.037425730377435684 -0.0001999999803956598 0.046868599951267242
   vertex -0.031686350703239441 -0.0001999999803956598 0.019999705255031586
  endloop
 endfacet
 facet normal -0 1 0
  outer loop
   vertex -0.031686350703239441 -0.0001999999803956598 0.019999705255031586
   vertex -0.037425730377435684 -0.0001999999803956598 0.046868599951267242
   vertex -0.033584099262952805 -0.0001999999803956598 0.049696303904056549
  endloop
 endfacet
 facet normal 0 1 0
  outer loop
   vertex -0.031686350703239441 -0.0001999999803956598 0.019999705255031586
   vertex -0.033584099262952805 -0.0001999999803956598 0.049696303904056549
   vertex -0.029504900798201561 -0.0001999999803956598 0.023100398480892181
  endloop
 endfacet
 facet normal 0 1 0
  outer loop
   vertex -0.029504900798201561 -0.0001999999803956598 0.023100398480892181
   vertex -0.033584099262952805 -0.0001999999803956598 0.049696303904056549
   vertex -0.029283560812473297 -0.0001999999803956598 0.046581096947193146
  endloop
 endfacet
 facet normal 0 1 0
  outer loop
   vertex -0.029504900798201561 -0.0001999999803956598 0.023100398480892181
   vertex -0.029283560812473297 -0.0001999999803956598 0.046581096947193146
   vertex -0.028949830681085587 -0.0001999999803956598 0.046146191656589508
  endloop
 endfacet
 facet normal 0 1 0
  outer loop
   vertex -0.02952997013926506 -0.0001999999803956598 0.052210010588169098
   vertex -0.02949335053563118 -0.0001999999803956598 0.04817468672990799
   vertex -0.033584099262952805 -0.0001999999803956598 0.049696303904056549
  endloop
 endfacet
 facet normal 0 1 0
  outer loop
   vertex -0.033584099262952805 -0.0001999999803956598 0.049696303904056549
   vertex -0.02949335053563118 -0.0001999999803956598 0.04817468672990799
   vertex -0.029564911499619484 -0.0001999999803956598 0.047631092369556427
  endloop
 endfacet
 facet normal 0 1 0
  outer loop
   vertex -0.033584099262952805 -0.0001999999803956598 0.049696303904056549
   vertex -0.029564911499619484 -0.0001999999803956598 0.047631092369556427
   vertex -0.02949335053563118 -0.0001999999803956598 0.047087587416172028
  endloop
 endfacet
 facet normal 0 1 -0
  outer loop
   vertex -0.025288980454206467 -0.0001999999803956598 0.054393596947193146
   vertex -0.027464911341667175 -0.0001999999803956598 0.049731113016605377
   vertex -0.02952997013926506 -0.0001999999803956598 0.052210010588169098
  endloop
 endfacet
 facet normal 0 1 0
  outer loop
   vertex -0.02952997013926506 -0.0001999999803956598 0.052210010588169098
   vertex -0.027464911341667175 -0.0001999999803956598 0.049731113016605377
   vertex -0.028008431196212769 -0.0001999999803956598 0.049659587442874908
  endloop
 endfacet
 facet normal 0 1 0
  outer loop
   vertex -0.02952997013926506 -0.0001999999803956598 0.052210010588169098
   vertex -0.028008431196212769 -0.0001999999803956598 0.049659587442874908
   vertex -0.028514910489320755 -0.0001999999803956598 0.049449808895587921
  endloop
 endfacet
 facet normal 0 1 0
  outer loop
   vertex -0.020887911319732666 -0.0001999999803956598 0.056233413517475128
   vertex -0.025436460971832275 -0.0001999999803956598 0.04817468672990799
   vertex -0.025288980454206467 -0.0001999999803956598 0.054393596947193146
  endloop
 endfacet
 facet normal 0 1 -0
  outer loop
   vertex -0.025288980454206467 -0.0001999999803956598 0.054393596947193146
   vertex -0.025436460971832275 -0.0001999999803956598 0.04817468672990799
   vertex -0.025646250694990158 -0.0001999999803956598 0.048681087791919708
  endloop
 endfacet
 facet normal 0 1 -0
  outer loop
   vertex -0.025288980454206467 -0.0001999999803956598 0.054393596947193146
   vertex -0.025646250694990158 -0.0001999999803956598 0.048681087791919708
   vertex -0.025979980826377869 -0.0001999999803956598 0.049116112291812897
  endloop
 endfacet
 facet normal 0 1 -0
  outer loop
   vertex -0.016354609280824661 -0.0001999999803956598 0.057717807590961456
   vertex -0.020732861012220383 -0.0001999999803956598 0.039970912039279938
   vertex -0.020887911319732666 -0.0001999999803956598 0.056233413517475128
  endloop
 endfacet
 facet normal 0 1 0
  outer loop
   vertex -0.020887911319732666 -0.0001999999803956598 0.056233413517475128
   vertex -0.020732861012220383 -0.0001999999803956598 0.039970912039279938
   vertex -0.021050689741969109 -0.0001999999803956598 0.040385104715824127
  endloop
 endfacet
 facet normal 0 1 -0
  outer loop
   vertex -0.020887911319732666 -0.0001999999803956598 0.056233413517475128
   vertex -0.021050689741969109 -0.0001999999803956598 0.040385104715824127
   vertex -0.021464910358190536 -0.0001999999803956598 0.040702886879444122
  endloop
 endfacet
 facet normal 0 1 0
  outer loop
   vertex -0.011717705987393856 -0.0001999999803956598 0.058837391436100006
   vertex -0.011057081632316113 -0.0001999999803956598 0.035821713507175446
   vertex -0.016354609280824661 -0.0001999999803956598 0.057717807590961456
  endloop
 endfacet
 facet normal 0 1 0
  outer loop
   vertex -0.016354609280824661 -0.0001999999803956598 0.057717807590961456
   vertex -0.011057081632316113 -0.0001999999803956598 0.035821713507175446
   vertex -0.014617240056395531 -0.0001999999803956598 0.034518696367740631
  endloop
 endfacet
 facet normal 0 1 0
  outer loop
   vertex -0.016354609280824661 -0.0001999999803956598 0.057717807590961456
   vertex -0.014617240056395531 -0.0001999999803956598 0.034518696367740631
   vertex -0.020533060654997826 -0.0001999999803956598 0.039488501846790314
  endloop
 endfacet
 facet normal 0 1 0
  outer loop
   vertex -0.020533060654997826 -0.0001999999803956598 0.039488501846790314
   vertex -0.014617240056395531 -0.0001999999803956598 0.034518696367740631
   vertex -0.020464910194277763 -0.0001999999803956598 0.038970895111560822
  endloop
 endfacet
 facet normal 0 1 0
  outer loop
   vertex -0.020464910194277763 -0.0001999999803956598 0.038970895111560822
   vertex -0.014617240056395531 -0.0001999999803956598 0.034518696367740631
   vertex -0.018027640879154205 -0.0001999999803956598 0.032862909138202667
  endloop
 endfacet
 facet normal 0 1 0
  outer loop
   vertex -0.020464910194277763 -0.0001999999803956598 0.038970895111560822
   vertex -0.018027640879154205 -0.0001999999803956598 0.032862909138202667
   vertex -0.020533060654997826 -0.0001999999803956598 0.038453288376331329
  endloop
 endfacet
 facet normal 0 1 0
  outer loop
   vertex -0.020533060654997826 -0.0001999999803956598 0.038453288376331329
   vertex -0.018027640879154205 -0.0001999999803956598 0.032862909138202667
   vertex -0.020732861012220383 -0.0001999999803956598 0.037970907986164093
  endloop
 endfacet
 facet normal 0 1 0
  outer loop
   vertex -0.020732861012220383 -0.0001999999803956598 0.037970907986164093
   vertex -0.018027640879154205 -0.0001999999803956598 0.032862909138202667
   vertex -0.021253440529108047 -0.0001999999803956598 0.030871190130710602
  endloop
 endfacet
 facet normal 0 1 0
  outer loop
   vertex -0.020732861012220383 -0.0001999999803956598 0.037970907986164093
   vertex -0.021253440529108047 -0.0001999999803956598 0.030871190130710602
   vertex -0.021050689741969109 -0.0001999999803956598 0.037556715309619904
  endloop
 endfacet
 facet normal 0 1 -0
  outer loop
   vertex -0.021050689741969109 -0.0001999999803956598 0.037556715309619904
   vertex -0.021253440529108047 -0.0001999999803956598 0.030871190130710602
   vertex -0.021464910358190536 -0.0001999999803956598 0.037238813936710358
  endloop
 endfacet
 facet normal 0 1 0
  outer loop
   vertex -0.021464910358190536 -0.0001999999803956598 0.037238813936710358
   vertex -0.021253440529108047 -0.0001999999803956598 0.030871190130710602
   vertex -0.021947270259261131 -0.0001999999803956598 0.037038989365100861
  endloop
 endfacet
 facet normal 0 1 0
  outer loop
   vertex -0.021947270259261131 -0.0001999999803956598 0.037038989365100861
   vertex -0.021253440529108047 -0.0001999999803956598 0.030871190130710602
   vertex -0.02246491052210331 -0.0001999999803956598 0.036970891058444977
  endloop
 endfacet
 facet normal 0 1 0
  outer loop
   vertex -0.02246491052210331 -0.0001999999803956598 0.036970891058444977
   vertex -0.021253440529108047 -0.0001999999803956598 0.030871190130710602
   vertex -0.022982541471719742 -0.0001999999803956598 0.037038989365100861
  endloop
 endfacet
 facet normal 0 1 0
  outer loop
   vertex -0.022982541471719742 -0.0001999999803956598 0.037038989365100861
   vertex -0.021253440529108047 -0.0001999999803956598 0.030871190130710602
   vertex -0.024261651560664177 -0.0001999999803956598 0.028564013540744781
  endloop
 endfacet
 facet normal 0 1 0
  outer loop
   vertex -0.022982541471719742 -0.0001999999803956598 0.037038989365100861
   vertex -0.024261651560664177 -0.0001999999803956598 0.028564013540744781
   vertex -0.023464910686016083 -0.0001999999803956598 0.037238813936710358
  endloop
 endfacet
 facet normal 0 1 0
  outer loop
   vertex -0.023464910686016083 -0.0001999999803956598 0.037238813936710358
   vertex -0.024261651560664177 -0.0001999999803956598 0.028564013540744781
   vertex -0.023879120126366615 -0.0001999999803956598 0.037556715309619904
  endloop
 endfacet
 facet normal 0 1 0
  outer loop
   vertex -0.023879120126366615 -0.0001999999803956598 0.037556715309619904
   vertex -0.024261651560664177 -0.0001999999803956598 0.028564013540744781
   vertex -0.024196960031986237 -0.0001999999803956598 0.037970907986164093
  endloop
 endfacet
 facet normal 0 1 -0
  outer loop
   vertex -0.024196960031986237 -0.0001999999803956598 0.037970907986164093
   vertex -0.024261651560664177 -0.0001999999803956598 0.028564013540744781
   vertex -0.024396760389208794 -0.0001999999803956598 0.038453288376331329
  endloop
 endfacet
 facet normal 0 1 0
  outer loop
   vertex -0.024396760389208794 -0.0001999999803956598 0.038453288376331329
   vertex -0.024261651560664177 -0.0001999999803956598 0.028564013540744781
   vertex -0.027021540328860283 -0.0001999999803956598 0.025964893400669098
  endloop
 endfacet
 facet normal 0 1 -0
  outer loop
   vertex -0.024396760389208794 -0.0001999999803956598 0.038453288376331329
   vertex -0.027021540328860283 -0.0001999999803956598 0.025964893400669098
   vertex -0.028008431196212769 -0.0001999999803956598 0.045602686703205109
  endloop
 endfacet
 facet normal 0 1 0
  outer loop
   vertex -0.028008431196212769 -0.0001999999803956598 0.045602686703205109
   vertex -0.027021540328860283 -0.0001999999803956598 0.025964893400669098
   vertex -0.028514910489320755 -0.0001999999803956598 0.045812495052814484
  endloop
 endfacet
 facet normal 0 1 0
  outer loop
   vertex -0.028514910489320755 -0.0001999999803956598 0.045812495052814484
   vertex -0.027021540328860283 -0.0001999999803956598 0.025964893400669098
   vertex -0.028949830681085587 -0.0001999999803956598 0.046146191656589508
  endloop
 endfacet
 facet normal 0 1 0
  outer loop
   vertex -0.028949830681085587 -0.0001999999803956598 0.046146191656589508
   vertex -0.027021540328860283 -0.0001999999803956598 0.025964893400669098
   vertex -0.029504900798201561 -0.0001999999803956598 0.023100398480892181
  endloop
 endfacet
 facet normal 0 1 0
  outer loop
   vertex -0.011057081632316113 -0.0001999999803956598 0.035821713507175446
   vertex -0.011717705987393856 -0.0001999999803956598 0.058837391436100006
   vertex -0.0073835570365190506 -0.0001999999803956598 0.036758609116077423
  endloop
 endfacet
 facet normal -0 1 0
  outer loop
   vertex -0.0073835570365190506 -0.0001999999803956598 0.036758609116077423
   vertex -0.011717705987393856 -0.0001999999803956598 0.058837391436100006
   vertex -0.0070065204054117203 -0.0001999999803956598 0.059585101902484894
  endloop
 endfacet
 facet normal 0 1 0
  outer loop
   vertex -0.0073835570365190506 -0.0001999999803956598 0.036758609116077423
   vertex -0.0070065204054117203 -0.0001999999803956598 0.059585101902484894
   vertex -0.0036342090461403131 -0.0001999999803956598 0.037319786846637726
  endloop
 endfacet
 facet normal -0 1 0
  outer loop
   vertex -0.0036342090461403131 -0.0001999999803956598 0.037319786846637726
   vertex -0.0070065204054117203 -0.0001999999803956598 0.059585101902484894
   vertex -0.0022508255206048489 -0.0001999999803956598 0.059956200420856476
  endloop
 endfacet
 facet normal 0 1 0
  outer loop
   vertex -0.0036342090461403131 -0.0001999999803956598 0.037319786846637726
   vertex -0.0022508255206048489 -0.0001999999803956598 0.059956200420856476
   vertex 0.00015264001558534801 -0.0001999999803956598 0.037499614059925079
  endloop
 endfacet
 facet normal 0 1 0
  outer loop
   vertex 0.00015264001558534801 -0.0001999999803956598 0.037499614059925079
   vertex -0.0022508255206048489 -0.0001999999803956598 0.059956200420856476
   vertex 0.0025193172041326761 -0.0001999999803956598 0.059948302805423737
  endloop
 endfacet
 facet normal 0 1 0
  outer loop
   vertex 0.00015264001558534801 -0.0001999999803956598 0.037499614059925079
   vertex 0.0025193172041326761 -0.0001999999803956598 0.059948302805423737
   vertex 0.0039382879622280598 -0.0001999999803956598 0.037296094000339508
  endloop
 endfacet
 facet normal 0 1 0
  outer loop
   vertex 0.0039382879622280598 -0.0001999999803956598 0.037296094000339508
   vertex 0.0025193172041326761 -0.0001999999803956598 0.059948302805423737
   vertex 0.0072737573646008968 -0.0001999999803956598 0.059561498463153839
  endloop
 endfacet
 facet normal 0 1 0
  outer loop
   vertex 0.0039382879622280598 -0.0001999999803956598 0.037296094000339508
   vertex 0.0072737573646008968 -0.0001999999803956598 0.059561498463153839
   vertex 0.0076840431429445744 -0.0001999999803956598 0.036711402237415314
  endloop
 endfacet
 facet normal 0 1 0
  outer loop
   vertex 0.0076840431429445744 -0.0001999999803956598 0.036711402237415314
   vertex 0.0072737573646008968 -0.0001999999803956598 0.059561498463153839
   vertex 0.011982450261712074 -0.0001999999803956598 0.058798201382160187
  endloop
 endfacet
 facet normal 0 1 0
  outer loop
   vertex 0.0076840431429445744 -0.0001999999803956598 0.036711402237415314
   vertex 0.011982450261712074 -0.0001999999803956598 0.058798201382160187
   vertex 0.011351619847118855 -0.0001999999803956598 0.035751499235630035
  endloop
 endfacet
 facet normal 0 1 0
  outer loop
   vertex 0.011351619847118855 -0.0001999999803956598 0.035751499235630035
   vertex 0.011982450261712074 -0.0001999999803956598 0.058798201382160187
   vertex 0.016615619882941246 -0.0001999999803956598 0.057663299143314362
  endloop
 endfacet
 facet normal 0 1 0
  outer loop
   vertex 0.011351619847118855 -0.0001999999803956598 0.035751499235630035
   vertex 0.016615619882941246 -0.0001999999803956598 0.057663299143314362
   vertex 0.014903540723025799 -0.0001999999803956598 0.034426189959049225
  endloop
 endfacet
 facet normal 0 1 0
  outer loop
   vertex 0.014903540723025799 -0.0001999999803956598 0.034426189959049225
   vertex 0.016615619882941246 -0.0001999999803956598 0.057663299143314362
   vertex 0.0206032395362854 -0.0001999999803956598 0.039488501846790314
  endloop
 endfacet
 facet normal 0 1 0
  outer loop
   vertex 0.014903540723025799 -0.0001999999803956598 0.034426189959049225
   vertex 0.0206032395362854 -0.0001999999803956598 0.039488501846790314
   vertex 0.020535089075565338 -0.0001999999803956598 0.038970895111560822
  endloop
 endfacet
 facet normal 0 1 0
  outer loop
   vertex 0.0206032395362854 -0.0001999999803956598 0.039488501846790314
   vertex 0.016615619882941246 -0.0001999999803956598 0.057663299143314362
   vertex 0.020803039893507957 -0.0001999999803956598 0.039970912039279938
  endloop
 endfacet
 facet normal 0 1 0
  outer loop
   vertex 0.020803039893507957 -0.0001999999803956598 0.039970912039279938
   vertex 0.016615619882941246 -0.0001999999803956598 0.057663299143314362
   vertex 0.021143989637494087 -0.0001999999803956598 0.056163914501667023
  endloop
 endfacet
 facet normal 0 1 0
  outer loop
   vertex 0.020803039893507957 -0.0001999999803956598 0.039970912039279938
   vertex 0.021143989637494087 -0.0001999999803956598 0.056163914501667023
   vertex 0.021120879799127579 -0.0001999999803956598 0.040385104715824127
  endloop
 endfacet
 facet normal 0 1 0
  outer loop
   vertex 0.021120879799127579 -0.0001999999803956598 0.040385104715824127
   vertex 0.021143989637494087 -0.0001999999803956598 0.056163914501667023
   vertex 0.021535089239478111 -0.0001999999803956598 0.040702886879444122
  endloop
 endfacet
 facet normal 0 1 0
  outer loop
   vertex 0.021535089239478111 -0.0001999999803956598 0.040702886879444122
   vertex 0.021143989637494087 -0.0001999999803956598 0.056163914501667023
   vertex 0.022017458453774452 -0.0001999999803956598 0.040902711451053619
  endloop
 endfacet
 facet normal 0 1 0
  outer loop
   vertex 0.022017458453774452 -0.0001999999803956598 0.040902711451053619
   vertex 0.021143989637494087 -0.0001999999803956598 0.056163914501667023
   vertex 0.022535089403390884 -0.0001999999803956598 0.040970899164676666
  endloop
 endfacet
 facet normal 0 1 0
  outer loop
   vertex 0.022535089403390884 -0.0001999999803956598 0.040970899164676666
   vertex 0.021143989637494087 -0.0001999999803956598 0.056163914501667023
   vertex 0.025435090065002441 -0.0001999999803956598 0.047631092369556427
  endloop
 endfacet
 facet normal 0 1 0
  outer loop
   vertex 0.022535089403390884 -0.0001999999803956598 0.040970899164676666
   vertex 0.025435090065002441 -0.0001999999803956598 0.047631092369556427
   vertex 0.023052729666233063 -0.0001999999803956598 0.040902711451053619
  endloop
 endfacet
 facet normal 0 1 0
  outer loop
   vertex 0.023052729666233063 -0.0001999999803956598 0.040902711451053619
   vertex 0.025435090065002441 -0.0001999999803956598 0.047631092369556427
   vertex 0.025506649166345596 -0.0001999999803956598 0.047087587416172028
  endloop
 endfacet
 facet normal 0 1 0
  outer loop
   vertex 0.023052729666233063 -0.0001999999803956598 0.040902711451053619
   vertex 0.025506649166345596 -0.0001999999803956598 0.047087587416172028
   vertex 0.023535089567303658 -0.0001999999803956598 0.040702886879444122
  endloop
 endfacet
 facet normal 0 1 0
  outer loop
   vertex 0.023535089567303658 -0.0001999999803956598 0.040702886879444122
   vertex 0.025506649166345596 -0.0001999999803956598 0.047087587416172028
   vertex 0.023949310183525085 -0.0001999999803956598 0.040385104715824127
  endloop
 endfacet
 facet normal 0 1 0
  outer loop
   vertex 0.023949310183525085 -0.0001999999803956598 0.040385104715824127
   vertex 0.025506649166345596 -0.0001999999803956598 0.047087587416172028
   vertex 0.025716438889503479 -0.0001999999803956598 0.046581096947193146
  endloop
 endfacet
 facet normal 0 1 0
  outer loop
   vertex 0.023949310183525085 -0.0001999999803956598 0.040385104715824127
   vertex 0.025716438889503479 -0.0001999999803956598 0.046581096947193146
   vertex 0.024267138913273811 -0.0001999999803956598 0.039970912039279938
  endloop
 endfacet
 facet normal 0 1 0
  outer loop
   vertex 0.024267138913273811 -0.0001999999803956598 0.039970912039279938
   vertex 0.025716438889503479 -0.0001999999803956598 0.046581096947193146
   vertex 0.02605016902089119 -0.0001999999803956598 0.046146191656589508
  endloop
 endfacet
 facet normal 0 1 0
  outer loop
   vertex 0.024267138913273811 -0.0001999999803956598 0.039970912039279938
   vertex 0.02605016902089119 -0.0001999999803956598 0.046146191656589508
   vertex 0.024466939270496368 -0.0001999999803956598 0.039488501846790314
  endloop
 endfacet
 facet normal 0 1 0
  outer loop
   vertex 0.024466939270496368 -0.0001999999803956598 0.039488501846790314
   vertex 0.02605016902089119 -0.0001999999803956598 0.046146191656589508
   vertex 0.026485089212656021 -0.0001999999803956598 0.045812495052814484
  endloop
 endfacet
 facet normal 0 1 0
  outer loop
   vertex 0.024466939270496368 -0.0001999999803956598 0.039488501846790314
   vertex 0.026485089212656021 -0.0001999999803956598 0.045812495052814484
   vertex 0.026991568505764008 -0.0001999999803956598 0.045602686703205109
  endloop
 endfacet
 facet normal 0 1 0
  outer loop
   vertex 0.025435090065002441 -0.0001999999803956598 0.047631092369556427
   vertex 0.021143989637494087 -0.0001999999803956598 0.056163914501667023
   vertex 0.025506649166345596 -0.0001999999803956598 0.04817468672990799
  endloop
 endfacet
 facet normal 0 1 0
  outer loop
   vertex 0.025506649166345596 -0.0001999999803956598 0.04817468672990799
   vertex 0.021143989637494087 -0.0001999999803956598 0.056163914501667023
   vertex 0.025538939982652664 -0.0001999999803956598 0.05430949479341507
  endloop
 endfacet
 facet normal 0 1 0
  outer loop
   vertex 0.025506649166345596 -0.0001999999803956598 0.04817468672990799
   vertex 0.025538939982652664 -0.0001999999803956598 0.05430949479341507
   vertex 0.025716438889503479 -0.0001999999803956598 0.048681087791919708
  endloop
 endfacet
 facet normal 0 1 0
  outer loop
   vertex 0.025716438889503479 -0.0001999999803956598 0.048681087791919708
   vertex 0.025538939982652664 -0.0001999999803956598 0.05430949479341507
   vertex 0.02605016902089119 -0.0001999999803956598 0.049116112291812897
  endloop
 endfacet
 facet normal 0 1 0
  outer loop
   vertex 0.02605016902089119 -0.0001999999803956598 0.049116112291812897
   vertex 0.025538939982652664 -0.0001999999803956598 0.05430949479341507
   vertex 0.026485089212656021 -0.0001999999803956598 0.049449808895587921
  endloop
 endfacet
 facet normal 0 1 0
  outer loop
   vertex 0.026485089212656021 -0.0001999999803956598 0.049449808895587921
   vertex 0.025538939982652664 -0.0001999999803956598 0.05430949479341507
   vertex 0.026991568505764008 -0.0001999999803956598 0.049659587442874908
  endloop
 endfacet
 facet normal 0 1 0
  outer loop
   vertex 0.026991568505764008 -0.0001999999803956598 0.049659587442874908
   vertex 0.025538939982652664 -0.0001999999803956598 0.05430949479341507
   vertex 0.02753509022295475 -0.0001999999803956598 0.049731113016605377
  endloop
 endfacet
 facet normal 0 1 0
  outer loop
   vertex 0.02753509022295475 -0.0001999999803956598 0.049731113016605377
   vertex 0.025538939982652664 -0.0001999999803956598 0.05430949479341507
   vertex 0.029772687703371048 -0.0001999999803956598 0.052111901342868805
  endloop
 endfacet
 facet normal 0 1 0
  outer loop
   vertex 0.02753509022295475 -0.0001999999803956598 0.049731113016605377
   vertex 0.029772687703371048 -0.0001999999803956598 0.052111901342868805
   vertex 0.028078610077500343 -0.0001999999803956598 0.049659587442874908
  endloop
 endfacet
 facet normal 0 1 0
  outer loop
   vertex 0.028078610077500343 -0.0001999999803956598 0.049659587442874908
   vertex 0.029772687703371048 -0.0001999999803956598 0.052111901342868805
   vertex 0.02858508937060833 -0.0001999999803956598 0.049449808895587921
  endloop
 endfacet
 facet normal 0 1 0
  outer loop
   vertex 0.02858508937060833 -0.0001999999803956598 0.049449808895587921
   vertex 0.029772687703371048 -0.0001999999803956598 0.052111901342868805
   vertex 0.029020018875598907 -0.0001999999803956598 0.049116112291812897
  endloop
 endfacet
 facet normal 0 1 0
  outer loop
   vertex 0.029020018875598907 -0.0001999999803956598 0.049116112291812897
   vertex 0.029772687703371048 -0.0001999999803956598 0.052111901342868805
   vertex 0.029353749006986618 -0.0001999999803956598 0.048681087791919708
  endloop
 endfacet
 facet normal 0 1 0
  outer loop
   vertex 0.029353749006986618 -0.0001999999803956598 0.048681087791919708
   vertex 0.029772687703371048 -0.0001999999803956598 0.052111901342868805
   vertex 0.029563538730144501 -0.0001999999803956598 0.04817468672990799
  endloop
 endfacet
 facet normal 0 1 0
  outer loop
   vertex 0.029563538730144501 -0.0001999999803956598 0.04817468672990799
   vertex 0.029772687703371048 -0.0001999999803956598 0.052111901342868805
   vertex 0.033818479627370834 -0.0001999999803956598 0.049584902822971344
  endloop
 endfacet
 facet normal 0 1 0
  outer loop
   vertex 0.029563538730144501 -0.0001999999803956598 0.04817468672990799
   vertex 0.033818479627370834 -0.0001999999803956598 0.049584902822971344
   vertex 0.029635090380907059 -0.0001999999803956598 0.047631092369556427
  endloop
 endfacet
 facet normal 0 1 0
  outer loop
   vertex 0.029635090380907059 -0.0001999999803956598 0.047631092369556427
   vertex 0.033818479627370834 -0.0001999999803956598 0.049584902822971344
   vertex 0.029563538730144501 -0.0001999999803956598 0.047087587416172028
  endloop
 endfacet
 facet normal 0 1 0
  outer loop
   vertex 0.029563538730144501 -0.0001999999803956598 0.047087587416172028
   vertex 0.033818479627370834 -0.0001999999803956598 0.049584902822971344
   vertex 0.029353749006986618 -0.0001999999803956598 0.046581096947193146
  endloop
 endfacet
 facet normal 0 1 0
  outer loop
   vertex 0.029353749006986618 -0.0001999999803956598 0.046581096947193146
   vertex 0.033818479627370834 -0.0001999999803956598 0.049584902822971344
   vertex 0.029719330370426178 -0.0001999999803956598 0.022914700210094452
  endloop
 endfacet
 facet normal 0 1 0
  outer loop
   vertex 0.029353749006986618 -0.0001999999803956598 0.046581096947193146
   vertex 0.029719330370426178 -0.0001999999803956598 0.022914700210094452
   vertex 0.029020018875598907 -0.0001999999803956598 0.046146191656589508
  endloop
 endfacet
 facet normal 0 1 0
  outer loop
   vertex 0.029020018875598907 -0.0001999999803956598 0.046146191656589508
   vertex 0.029719330370426178 -0.0001999999803956598 0.022914700210094452
   vertex 0.027253979817032814 -0.0001999999803956598 0.025794796645641327
  endloop
 endfacet
 facet normal 0 1 0
  outer loop
   vertex 0.029020018875598907 -0.0001999999803956598 0.046146191656589508
   vertex 0.027253979817032814 -0.0001999999803956598 0.025794796645641327
   vertex 0.02858508937060833 -0.0001999999803956598 0.045812495052814484
  endloop
 endfacet
 facet normal 0 1 0
  outer loop
   vertex 0.02858508937060833 -0.0001999999803956598 0.045812495052814484
   vertex 0.027253979817032814 -0.0001999999803956598 0.025794796645641327
   vertex 0.028078610077500343 -0.0001999999803956598 0.045602686703205109
  endloop
 endfacet
 facet normal 0 1 -0
  outer loop
   vertex 0.028078610077500343 -0.0001999999803956598 0.045602686703205109
   vertex 0.027253979817032814 -0.0001999999803956598 0.025794796645641327
   vertex 0.024466939270496368 -0.0001999999803956598 0.038453288376331329
  endloop
 endfacet
 facet normal 0 1 0
  outer loop
   vertex 0.028078610077500343 -0.0001999999803956598 0.045602686703205109
   vertex 0.024466939270496368 -0.0001999999803956598 0.038453288376331329
   vertex 0.024535089731216431 -0.0001999999803956598 0.038970895111560822
  endloop
 endfacet
 facet normal 0 1 0
  outer loop
   vertex 0.033818479627370834 -0.0001999999803956598 0.049584902822971344
   vertex 0.037650737911462784 -0.0001999999803956598 0.046744413673877716
   vertex 0.029719330370426178 -0.0001999999803956598 0.022914700210094452
  endloop
 endfacet
 facet normal 0 1 0
  outer loop
   vertex 0.029719330370426178 -0.0001999999803956598 0.022914700210094452
   vertex 0.037650737911462784 -0.0001999999803956598 0.046744413673877716
   vertex 0.031881298869848251 -0.0001999999803956598 0.01980050653219223
  endloop
 endfacet
 facet normal 0 1 0
  outer loop
   vertex 0.031881298869848251 -0.0001999999803956598 0.01980050653219223
   vertex 0.037650737911462784 -0.0001999999803956598 0.046744413673877716
   vertex 0.033717777580022812 -0.0001999999803956598 0.016483895480632782
  endloop
 endfacet
 facet normal 0 1 0
  outer loop
   vertex 0.033717777580022812 -0.0001999999803956598 0.016483895480632782
   vertex 0.037650737911462784 -0.0001999999803956598 0.046744413673877716
   vertex 0.041245240718126297 -0.0001999999803956598 0.043608494102954865
  endloop
 endfacet
 facet normal 0 1 0
  outer loop
   vertex 0.033717777580022812 -0.0001999999803956598 0.016483895480632782
   vertex 0.041245240718126297 -0.0001999999803956598 0.043608494102954865
   vertex 0.035210009664297104 -0.0001999999803956598 0.012998796068131924
  endloop
 endfacet
 facet normal 0 1 0
  outer loop
   vertex 0.035210009664297104 -0.0001999999803956598 0.012998796068131924
   vertex 0.041245240718126297 -0.0001999999803956598 0.043608494102954865
   vertex 0.044579267501831055 -0.0001999999803956598 0.040196992456912994
  endloop
 endfacet
 facet normal 0 1 0
  outer loop
   vertex 0.035210009664297104 -0.0001999999803956598 0.012998796068131924
   vertex 0.044579267501831055 -0.0001999999803956598 0.040196992456912994
   vertex 0.03634272888302803 -0.0001999999803956598 0.0093808984383940697
  endloop
 endfacet
 facet normal 0 1 0
  outer loop
   vertex 0.03634272888302803 -0.0001999999803956598 0.0093808984383940697
   vertex 0.044579267501831055 -0.0001999999803956598 0.040196992456912994
   vertex 0.047631748020648956 -0.0001999999803956598 0.036531396210193634
  endloop
 endfacet
 facet normal 0 1 0
  outer loop
   vertex 0.03634272888302803 -0.0001999999803956598 0.0093808984383940697
   vertex 0.047631748020648956 -0.0001999999803956598 0.036531396210193634
   vertex 0.044035088270902634 -0.0001999999803956598 0.0017318049212917686
  endloop
 endfacet
 facet normal 0 1 0
  outer loop
   vertex 0.044035088270902634 -0.0001999999803956598 0.0017318049212917686
   vertex 0.047631748020648956 -0.0001999999803956598 0.036531396210193634
   vertex 0.044517457485198975 -0.0001999999803956598 0.0019315996905788779
  endloop
 endfacet
 facet normal 0 1 0
  outer loop
   vertex 0.044517457485198975 -0.0001999999803956598 0.0019315996905788779
   vertex 0.047631748020648956 -0.0001999999803956598 0.036531396210193634
   vertex 0.045035090297460556 -0.0001999999803956598 0.0019996981136500835
  endloop
 endfacet
 facet normal 0 1 0
  outer loop
   vertex 0.045035090297460556 -0.0001999999803956598 0.0019996981136500835
   vertex 0.047631748020648956 -0.0001999999803956598 0.036531396210193634
   vertex 0.050383377820253372 -0.0001999999803956598 0.032634802162647247
  endloop
 endfacet
 facet normal 0 1 0
  outer loop
   vertex 0.045035090297460556 -0.0001999999803956598 0.0019996981136500835
   vertex 0.050383377820253372 -0.0001999999803956598 0.032634802162647247
   vertex 0.045552730560302734 -0.0001999999803956598 0.0019315996905788779
  endloop
 endfacet
 facet normal 0 1 0
  outer loop
   vertex 0.045552730560302734 -0.0001999999803956598 0.0019315996905788779
   vertex 0.050383377820253372 -0.0001999999803956598 0.032634802162647247
   vertex 0.04603508859872818 -0.0001999999803956598 0.0017318049212917686
  endloop
 endfacet
 facet normal 0 1 0
  outer loop
   vertex 0.04603508859872818 -0.0001999999803956598 0.0017318049212917686
   vertex 0.050383377820253372 -0.0001999999803956598 0.032634802162647247
   vertex 0.052816789597272873 -0.0001999999803956598 0.02853209525346756
  endloop
 endfacet
 facet normal 0 1 0
  outer loop
   vertex 0.04603508859872818 -0.0001999999803956598 0.0017318049212917686
   vertex 0.052816789597272873 -0.0001999999803956598 0.02853209525346756
   vertex 0.046449311077594757 -0.0001999999803956598 0.0014139929553493857
  endloop
 endfacet
 facet normal 0 1 0
  outer loop
   vertex 0.046449311077594757 -0.0001999999803956598 0.0014139929553493857
   vertex 0.052816789597272873 -0.0001999999803956598 0.02853209525346756
   vertex 0.046767137944698334 -0.0001999999803956598 0.00099969597067683935
  endloop
 endfacet
 facet normal 0 1 0
  outer loop
   vertex 0.046767137944698334 -0.0001999999803956598 0.00099969597067683935
   vertex 0.052816789597272873 -0.0001999999803956598 0.02853209525346756
   vertex 0.054916579276323318 -0.0001999999803956598 0.02424890547990799
  endloop
 endfacet
 facet normal 0 1 0
  outer loop
   vertex 0.046767137944698334 -0.0001999999803956598 0.00099969597067683935
   vertex 0.054916579276323318 -0.0001999999803956598 0.02424890547990799
   vertex 0.053216438740491867 -0.0001999999803956598 0.0010497042676433921
  endloop
 endfacet
 facet normal 0 1 0
  outer loop
   vertex 0.053216438740491867 -0.0001999999803956598 0.0010497042676433921
   vertex 0.054916579276323318 -0.0001999999803956598 0.02424890547990799
   vertex 0.053550168871879578 -0.0001999999803956598 0.0014846989652141929
  endloop
 endfacet
 facet normal 0 1 0
  outer loop
   vertex 0.053550168871879578 -0.0001999999803956598 0.0014846989652141929
   vertex 0.054916579276323318 -0.0001999999803956598 0.02424890547990799
   vertex 0.056669481098651886 -0.0001999999803956598 0.019812501966953278
  endloop
 endfacet
 facet normal 0 1 0
  outer loop
   vertex 0.053550168871879578 -0.0001999999803956598 0.0014846989652141929
   vertex 0.056669481098651886 -0.0001999999803956598 0.019812501966953278
   vertex 0.053985089063644409 -0.0001999999803956598 0.0018183955689892173
  endloop
 endfacet
 facet normal 0 1 0
  outer loop
   vertex 0.053985089063644409 -0.0001999999803956598 0.0018183955689892173
   vertex 0.056669481098651886 -0.0001999999803956598 0.019812501966953278
   vertex 0.054491568356752396 -0.0001999999803956598 0.0020282040350139141
  endloop
 endfacet
 facet normal 0 1 0
  outer loop
   vertex 0.054491568356752396 -0.0001999999803956598 0.0020282040350139141
   vertex 0.056669481098651886 -0.0001999999803956598 0.019812501966953278
   vertex 0.058064419776201248 -0.0001999999803956598 0.015250897966325283
  endloop
 endfacet
 facet normal 0 1 0
  outer loop
   vertex 0.054491568356752396 -0.0001999999803956598 0.0020282040350139141
   vertex 0.058064419776201248 -0.0001999999803956598 0.015250897966325283
   vertex 0.055035088211297989 -0.0001999999803956598 0.0020996998064219952
  endloop
 endfacet
 facet normal 0 1 0
  outer loop
   vertex 0.055035088211297989 -0.0001999999803956598 0.0020996998064219952
   vertex 0.058064419776201248 -0.0001999999803956598 0.015250897966325283
   vertex 0.055578608065843582 -0.0001999999803956598 0.0020282040350139141
  endloop
 endfacet
 facet normal 0 1 0
  outer loop
   vertex 0.055578608065843582 -0.0001999999803956598 0.0020282040350139141
   vertex 0.058064419776201248 -0.0001999999803956598 0.015250897966325283
   vertex 0.059092570096254349 -0.0001999999803956598 0.010592899285256863
  endloop
 endfacet
 facet normal 0 1 0
  outer loop
   vertex 0.055578608065843582 -0.0001999999803956598 0.0020282040350139141
   vertex 0.059092570096254349 -0.0001999999803956598 0.010592899285256863
   vertex 0.056085091084241867 -0.0001999999803956598 0.0018183955689892173
  endloop
 endfacet
 facet normal 0 1 0
  outer loop
   vertex 0.056085091084241867 -0.0001999999803956598 0.0018183955689892173
   vertex 0.059092570096254349 -0.0001999999803956598 0.010592899285256863
   vertex 0.056520018726587296 -0.0001999999803956598 0.0014846989652141929
  endloop
 endfacet
 facet normal 0 1 0
  outer loop
   vertex 0.056520018726587296 -0.0001999999803956598 0.0014846989652141929
   vertex 0.059092570096254349 -0.0001999999803956598 0.010592899285256863
   vertex 0.059747450053691864 -0.0001999999803956598 0.0058679054491221905
  endloop
 endfacet
 facet normal 0 1 0
  outer loop
   vertex 0.056520018726587296 -0.0001999999803956598 0.0014846989652141929
   vertex 0.059747450053691864 -0.0001999999803956598 0.0058679054491221905
   vertex 0.056853748857975006 -0.0001999999803956598 0.0010497042676433921
  endloop
 endfacet
 facet normal 0 1 0
  outer loop
   vertex 0.056853748857975006 -0.0001999999803956598 0.0010497042676433921
   vertex 0.059747450053691864 -0.0001999999803956598 0.0058679054491221905
   vertex 0.057063538581132889 -0.0001999999803956598 0.00054330326383933425
  endloop
 endfacet
 facet normal 0 1 0
  outer loop
   vertex 0.057063538581132889 -0.0001999999803956598 0.00054330326383933425
   vertex 0.059747450053691864 -0.0001999999803956598 0.0058679054491221905
   vertex 0.060024898499250412 -0.0001999999803956598 0.0011058071395382285
  endloop
 endfacet
 facet normal 0 1 0
  outer loop
   vertex 0.057063538581132889 -0.0001999999803956598 0.00054330326383933425
   vertex 0.060024898499250412 -0.0001999999803956598 0.0011058071395382285
   vertex 0.057135090231895447 -0.0001999999803956598 -3.060102358176664e-07
  endloop
 endfacet
 facet normal 0 1 0
  outer loop
   vertex 0.057135090231895447 -0.0001999999803956598 -3.060102358176664e-07
   vertex 0.060024898499250412 -0.0001999999803956598 0.0011058071395382285
   vertex 0.059923179447650909 -0.0001999999803956598 -0.0036632944829761982
  endloop
 endfacet
 facet normal 0 1 0
  outer loop
   vertex 0.057135090231895447 -0.0001999999803956598 -3.060102358176664e-07
   vertex 0.059923179447650909 -0.0001999999803956598 -0.0036632944829761982
   vertex 0.057063538581132889 -0.0001999999803956598 -0.00054379604989662766
  endloop
 endfacet
 facet normal 0 1 0
  outer loop
   vertex 0.057063538581132889 -0.0001999999803956598 -0.00054379604989662766
   vertex 0.059923179447650909 -0.0001999999803956598 -0.0036632944829761982
   vertex 0.056853748857975006 -0.0001999999803956598 -0.0010503014782443643
  endloop
 endfacet
 facet normal 0 1 0
  outer loop
   vertex 0.056853748857975006 -0.0001999999803956598 -0.0010503014782443643
   vertex 0.059923179447650909 -0.0001999999803956598 -0.0036632944829761982
   vertex 0.059442918747663498 -0.0001999999803956598 -0.0084091955795884132
  endloop
 endfacet
 facet normal 0 1 0
  outer loop
   vertex 0.056853748857975006 -0.0001999999803956598 -0.0010503014782443643
   vertex 0.059442918747663498 -0.0001999999803956598 -0.0084091955795884132
   vertex 0.056520018726587296 -0.0001999999803956598 -0.001485206768848002
  endloop
 endfacet
 facet normal 0 1 0
  outer loop
   vertex 0.056520018726587296 -0.0001999999803956598 -0.001485206768848002
   vertex 0.059442918747663498 -0.0001999999803956598 -0.0084091955795884132
   vertex 0.056085091084241867 -0.0001999999803956598 -0.0018189033726230264
  endloop
 endfacet
 facet normal 0 1 0
  outer loop
   vertex 0.056085091084241867 -0.0001999999803956598 -0.0018189033726230264
   vertex 0.059442918747663498 -0.0001999999803956598 -0.0084091955795884132
   vertex 0.058587171137332916 -0.0001999999803956598 -0.013101899065077305
  endloop
 endfacet
 facet normal 0 1 0
  outer loop
   vertex 0.056085091084241867 -0.0001999999803956598 -0.0018189033726230264
   vertex 0.058587171137332916 -0.0001999999803956598 -0.013101899065077305
   vertex 0.055578608065843582 -0.0001999999803956598 -0.0020286967046558857
  endloop
 endfacet
 facet normal 0 1 0
  outer loop
   vertex 0.055578608065843582 -0.0001999999803956598 -0.0020286967046558857
   vertex 0.058587171137332916 -0.0001999999803956598 -0.013101899065077305
   vertex 0.055035088211297989 -0.0001999999803956598 -0.0021002967841923237
  endloop
 endfacet
 facet normal 0 1 0
  outer loop
   vertex 0.055035088211297989 -0.0001999999803956598 -0.0021002967841923237
   vertex 0.058587171137332916 -0.0001999999803956598 -0.013101899065077305
   vertex 0.057361338287591934 -0.0001999999803956598 -0.017711900174617767
  endloop
 endfacet
 facet normal 0 1 0
  outer loop
   vertex 0.055035088211297989 -0.0001999999803956598 -0.0021002967841923237
   vertex 0.057361338287591934 -0.0001999999803956598 -0.017711900174617767
   vertex 0.054491568356752396 -0.0001999999803956598 -0.0020286967046558857
  endloop
 endfacet
 facet normal 0 1 0
  outer loop
   vertex 0.054491568356752396 -0.0001999999803956598 -0.0020286967046558857
   vertex 0.057361338287591934 -0.0001999999803956598 -0.017711900174617767
   vertex 0.053985089063644409 -0.0001999999803956598 -0.0018189033726230264
  endloop
 endfacet
 facet normal 0 1 0
  outer loop
   vertex 0.053985089063644409 -0.0001999999803956598 -0.0018189033726230264
   vertex 0.057361338287591934 -0.0001999999803956598 -0.017711900174617767
   vertex 0.055773157626390457 -0.0001999999803956598 -0.022209905087947845
  endloop
 endfacet
 facet normal 0 1 0
  outer loop
   vertex 0.053985089063644409 -0.0001999999803956598 -0.0018189033726230264
   vertex 0.055773157626390457 -0.0001999999803956598 -0.022209905087947845
   vertex 0.053550168871879578 -0.0001999999803956598 -0.001485206768848002
  endloop
 endfacet
 facet normal 0 1 0
  outer loop
   vertex 0.053550168871879578 -0.0001999999803956598 -0.001485206768848002
   vertex 0.055773157626390457 -0.0001999999803956598 -0.022209905087947845
   vertex 0.053832691162824631 -0.0001999999803956598 -0.026567496359348297
  endloop
 endfacet
 facet normal 0 1 0
  outer loop
   vertex 0.053550168871879578 -0.0001999999803956598 -0.001485206768848002
   vertex 0.053832691162824631 -0.0001999999803956598 -0.026567496359348297
   vertex 0.053216438740491867 -0.0001999999803956598 -0.0010503014782443643
  endloop
 endfacet
 facet normal 0 1 0
  outer loop
   vertex 0.053216438740491867 -0.0001999999803956598 -0.0010503014782443643
   vertex 0.053832691162824631 -0.0001999999803956598 -0.026567496359348297
   vertex 0.046767137944698334 -0.0001999999803956598 -0.0010002931812778115
  endloop
 endfacet
 facet normal -0 1 0
  outer loop
   vertex 0.053216438740491867 -0.0001999999803956598 -0.0010503014782443643
   vertex 0.046767137944698334 -0.0001999999803956598 -0.0010002931812778115
   vertex 0.053006649017333984 -0.0001999999803956598 -0.00054379604989662766
  endloop
 endfacet
 facet normal 0 1 0
  outer loop
   vertex 0.053006649017333984 -0.0001999999803956598 -0.00054379604989662766
   vertex 0.046767137944698334 -0.0001999999803956598 -0.0010002931812778115
   vertex 0.04696694016456604 -0.0001999999803956598 -0.00051789783174172044
  endloop
 endfacet
 facet normal -0 1 0
  outer loop
   vertex 0.053006649017333984 -0.0001999999803956598 -0.00054379604989662766
   vertex 0.04696694016456604 -0.0001999999803956598 -0.00051789783174172044
   vertex 0.052935089915990829 -0.0001999999803956598 -3.060102358176664e-07
  endloop
 endfacet
 facet normal 0 1 0
  outer loop
   vertex 0.052935089915990829 -0.0001999999803956598 -3.060102358176664e-07
   vertex 0.04696694016456604 -0.0001999999803956598 -0.00051789783174172044
   vertex 0.047035090625286102 -0.0001999999803956598 -3.060102358176664e-07
  endloop
 endfacet
 facet normal 0 1 -0
  outer loop
   vertex 0.052935089915990829 -0.0001999999803956598 -3.060102358176664e-07
   vertex 0.047035090625286102 -0.0001999999803956598 -3.060102358176664e-07
   vertex 0.04696694016456604 -0.0001999999803956598 0.00051740504568442702
  endloop
 endfacet
 facet normal 0 1 0
  outer loop
   vertex 0.046767137944698334 -0.0001999999803956598 -0.0010002931812778115
   vertex 0.053832691162824631 -0.0001999999803956598 -0.026567496359348297
   vertex 0.046449311077594757 -0.0001999999803956598 -0.0014145007589831948
  endloop
 endfacet
 facet normal 0 1 0
  outer loop
   vertex 0.046449311077594757 -0.0001999999803956598 -0.0014145007589831948
   vertex 0.053832691162824631 -0.0001999999803956598 -0.026567496359348297
   vertex 0.051552180200815201 -0.0001999999803956598 -0.030757196247577667
  endloop
 endfacet
 facet normal 0 1 0
  outer loop
   vertex 0.046449311077594757 -0.0001999999803956598 -0.0014145007589831948
   vertex 0.051552180200815201 -0.0001999999803956598 -0.030757196247577667
   vertex 0.04603508859872818 -0.0001999999803956598 -0.0017322978237643838
  endloop
 endfacet
 facet normal 0 1 0
  outer loop
   vertex 0.04603508859872818 -0.0001999999803956598 -0.0017322978237643838
   vertex 0.051552180200815201 -0.0001999999803956598 -0.030757196247577667
   vertex 0.045552730560302734 -0.0001999999803956598 -0.001932107494212687
  endloop
 endfacet
 facet normal 0 1 0
  outer loop
   vertex 0.045552730560302734 -0.0001999999803956598 -0.001932107494212687
   vertex 0.051552180200815201 -0.0001999999803956598 -0.030757196247577667
   vertex 0.048946049064397812 -0.0001999999803956598 -0.034752495586872101
  endloop
 endfacet
 facet normal 0 1 0
  outer loop
   vertex 0.045552730560302734 -0.0001999999803956598 -0.001932107494212687
   vertex 0.048946049064397812 -0.0001999999803956598 -0.034752495586872101
   vertex 0.045035090297460556 -0.0001999999803956598 -0.0020002950914204121
  endloop
 endfacet
 facet normal 0 1 0
  outer loop
   vertex 0.045035090297460556 -0.0001999999803956598 -0.0020002950914204121
   vertex 0.048946049064397812 -0.0001999999803956598 -0.034752495586872101
   vertex 0.044517457485198975 -0.0001999999803956598 -0.001932107494212687
  endloop
 endfacet
 facet normal 0 1 0
  outer loop
   vertex 0.044517457485198975 -0.0001999999803956598 -0.001932107494212687
   vertex 0.048946049064397812 -0.0001999999803956598 -0.034752495586872101
   vertex 0.046030770987272263 -0.0001999999803956598 -0.038528092205524445
  endloop
 endfacet
 facet normal 0 1 0
  outer loop
   vertex 0.044517457485198975 -0.0001999999803956598 -0.001932107494212687
   vertex 0.046030770987272263 -0.0001999999803956598 -0.038528092205524445
   vertex 0.044035088270902634 -0.0001999999803956598 -0.0017322978237643838
  endloop
 endfacet
 facet normal 0 1 0
  outer loop
   vertex 0.044035088270902634 -0.0001999999803956598 -0.0017322978237643838
   vertex 0.046030770987272263 -0.0001999999803956598 -0.038528092205524445
   vertex 0.03634272888302803 -0.0001999999803956598 -0.0093814069405198097
  endloop
 endfacet
 facet normal 0 1 0
  outer loop
   vertex 0.044035088270902634 -0.0001999999803956598 -0.0017322978237643838
   vertex 0.03634272888302803 -0.0001999999803956598 -0.0093814069405198097
   vertex 0.04362088069319725 -0.0001999999803956598 -0.0014145007589831948
  endloop
 endfacet
 facet normal 0 1 0
  outer loop
   vertex 0.04362088069319725 -0.0001999999803956598 -0.0014145007589831948
   vertex 0.03634272888302803 -0.0001999999803956598 -0.0093814069405198097
   vertex 0.037104379385709763 -0.0001999999803956598 -0.0056676049716770649
  endloop
 endfacet
 facet normal 0 1 0
  outer loop
   vertex 0.04362088069319725 -0.0001999999803956598 -0.0014145007589831948
   vertex 0.037104379385709763 -0.0001999999803956598 -0.0056676049716770649
   vertex 0.04330303892493248 -0.0001999999803956598 -0.0010002931812778115
  endloop
 endfacet
 facet normal 0 1 0
  outer loop
   vertex 0.04330303892493248 -0.0001999999803956598 -0.0010002931812778115
   vertex 0.037104379385709763 -0.0001999999803956598 -0.0056676049716770649
   vertex 0.043103240430355072 -0.0001999999803956598 -0.00051789783174172044
  endloop
 endfacet
 facet normal 0 1 0
  outer loop
   vertex 0.043103240430355072 -0.0001999999803956598 -0.00051789783174172044
   vertex 0.037104379385709763 -0.0001999999803956598 -0.0056676049716770649
   vertex 0.037487149238586426 -0.0001999999803956598 -0.0018957933643832803
  endloop
 endfacet
 facet normal 0 1 0
  outer loop
   vertex 0.043103240430355072 -0.0001999999803956598 -0.00051789783174172044
   vertex 0.037487149238586426 -0.0001999999803956598 -0.0018957933643832803
   vertex 0.04303508996963501 -0.0001999999803956598 -3.060102358176664e-07
  endloop
 endfacet
 facet normal 0 1 0
  outer loop
   vertex 0.04303508996963501 -0.0001999999803956598 -3.060102358176664e-07
   vertex 0.037487149238586426 -0.0001999999803956598 -0.0018957933643832803
   vertex 0.037487149238586426 -0.0001999999803956598 0.001895300461910665
  endloop
 endfacet
 facet normal 0 1 0
  outer loop
   vertex 0.04303508996963501 -0.0001999999803956598 -3.060102358176664e-07
   vertex 0.037487149238586426 -0.0001999999803956598 0.001895300461910665
   vertex 0.043103240430355072 -0.0001999999803956598 0.00051740504568442702
  endloop
 endfacet
 facet normal -0 1 -0
  outer loop
   vertex 0.043103240430355072 -0.0001999999803956598 0.00051740504568442702
   vertex 0.037487149238586426 -0.0001999999803956598 0.001895300461910665
   vertex 0.037104379385709763 -0.0001999999803956598 0.0056669930927455425
  endloop
 endfacet
 facet normal 0 1 0
  outer loop
   vertex 0.043103240430355072 -0.0001999999803956598 0.00051740504568442702
   vertex 0.037104379385709763 -0.0001999999803956598 0.0056669930927455425
   vertex 0.04330303892493248 -0.0001999999803956598 0.00099969597067683935
  endloop
 endfacet
 facet normal 0 1 0
  outer loop
   vertex 0.04330303892493248 -0.0001999999803956598 0.00099969597067683935
   vertex 0.037104379385709763 -0.0001999999803956598 0.0056669930927455425
   vertex 0.04362088069319725 -0.0001999999803956598 0.0014139929553493857
  endloop
 endfacet
 facet normal -0 1 -0
  outer loop
   vertex 0.04362088069319725 -0.0001999999803956598 0.0014139929553493857
   vertex 0.037104379385709763 -0.0001999999803956598 0.0056669930927455425
   vertex 0.03634272888302803 -0.0001999999803956598 0.0093808984383940697
  endloop
 endfacet
 facet normal 0 1 0
  outer loop
   vertex 0.04362088069319725 -0.0001999999803956598 0.0014139929553493857
   vertex 0.03634272888302803 -0.0001999999803956598 0.0093808984383940697
   vertex 0.044035088270902634 -0.0001999999803956598 0.0017318049212917686
  endloop
 endfacet
 facet normal 0 1 0
  outer loop
   vertex 0.03634272888302803 -0.0001999999803956598 -0.0093814069405198097
   vertex 0.046030770987272263 -0.0001999999803956598 -0.038528092205524445
   vertex 0.035210009664297104 -0.0001999999803956598 -0.012999304570257664
  endloop
 endfacet
 facet normal 0 1 0
  outer loop
   vertex 0.035210009664297104 -0.0001999999803956598 -0.012999304570257664
   vertex 0.046030770987272263 -0.0001999999803956598 -0.038528092205524445
   vertex 0.04282476007938385 -0.0001999999803956598 -0.042060293257236481
  endloop
 endfacet
 facet normal 0 1 0
  outer loop
   vertex 0.035210009664297104 -0.0001999999803956598 -0.012999304570257664
   vertex 0.04282476007938385 -0.0001999999803956598 -0.042060293257236481
   vertex 0.033717777580022812 -0.0001999999803956598 -0.016484402120113373
  endloop
 endfacet
 facet normal 0 1 0
  outer loop
   vertex 0.033717777580022812 -0.0001999999803956598 -0.016484402120113373
   vertex 0.04282476007938385 -0.0001999999803956598 -0.042060293257236481
   vertex 0.0393483005464077 -0.0001999999803956598 -0.045326493680477142
  endloop
 endfacet
 facet normal 0 1 0
  outer loop
   vertex 0.033717777580022812 -0.0001999999803956598 -0.016484402120113373
   vertex 0.0393483005464077 -0.0001999999803956598 -0.045326493680477142
   vertex 0.031881298869848251 -0.0001999999803956598 -0.019800998270511627
  endloop
 endfacet
 facet normal 0 1 0
  outer loop
   vertex 0.031881298869848251 -0.0001999999803956598 -0.019800998270511627
   vertex 0.0393483005464077 -0.0001999999803956598 -0.045326493680477142
   vertex 0.035623360425233841 -0.0001999999803956598 -0.048306293785572052
  endloop
 endfacet
 facet normal 0 1 0
  outer loop
   vertex 0.031881298869848251 -0.0001999999803956598 -0.019800998270511627
   vertex 0.035623360425233841 -0.0001999999803956598 -0.048306293785572052
   vertex 0.029719330370426178 -0.0001999999803956598 -0.022915206849575043
  endloop
 endfacet
 facet normal 0 1 0
  outer loop
   vertex 0.029719330370426178 -0.0001999999803956598 -0.022915206849575043
   vertex 0.035623360425233841 -0.0001999999803956598 -0.048306293785572052
   vertex 0.029353749006986618 -0.0001999999803956598 -0.0465816929936409
  endloop
 endfacet
 facet normal 0 1 -0
  outer loop
   vertex 0.029719330370426178 -0.0001999999803956598 -0.022915206849575043
   vertex 0.029353749006986618 -0.0001999999803956598 -0.0465816929936409
   vertex 0.029020018875598907 -0.0001999999803956598 -0.046146698296070099
  endloop
 endfacet
 facet normal 0 1 0
  outer loop
   vertex 0.029353749006986618 -0.0001999999803956598 -0.0465816929936409
   vertex 0.035623360425233841 -0.0001999999803956598 -0.048306293785572052
   vertex 0.029563538730144501 -0.0001999999803956598 -0.047088094055652618
  endloop
 endfacet
 facet normal 0 1 0
  outer loop
   vertex 0.029563538730144501 -0.0001999999803956598 -0.047088094055652618
   vertex 0.035623360425233841 -0.0001999999803956598 -0.048306293785572052
   vertex 0.03167346864938736 -0.0001999999803956598 -0.050980798900127411
  endloop
 endfacet
 facet normal 0 1 0
  outer loop
   vertex 0.029563538730144501 -0.0001999999803956598 -0.047088094055652618
   vertex 0.03167346864938736 -0.0001999999803956598 -0.050980798900127411
   vertex 0.029635090380907059 -0.0001999999803956598 -0.047631703317165375
  endloop
 endfacet
 facet normal 0 1 0
  outer loop
   vertex 0.029635090380907059 -0.0001999999803956598 -0.047631703317165375
   vertex 0.03167346864938736 -0.0001999999803956598 -0.050980798900127411
   vertex 0.029563538730144501 -0.0001999999803956598 -0.04817519336938858
  endloop
 endfacet
 facet normal 0 1 0
  outer loop
   vertex 0.029563538730144501 -0.0001999999803956598 -0.04817519336938858
   vertex 0.03167346864938736 -0.0001999999803956598 -0.050980798900127411
   vertex 0.029353749006986618 -0.0001999999803956598 -0.048681698739528656
  endloop
 endfacet
 facet normal 0 1 0
  outer loop
   vertex 0.029353749006986618 -0.0001999999803956598 -0.048681698739528656
   vertex 0.03167346864938736 -0.0001999999803956598 -0.050980798900127411
   vertex 0.029020018875598907 -0.0001999999803956598 -0.049116604030132294
  endloop
 endfacet
 facet normal 0 1 0
  outer loop
   vertex 0.029020018875598907 -0.0001999999803956598 -0.049116604030132294
   vertex 0.03167346864938736 -0.0001999999803956598 -0.050980798900127411
   vertex 0.02752360887825489 -0.0001999999803956598 -0.053333006799221039
  endloop
 endfacet
 facet normal 0 1 0
  outer loop
   vertex 0.029020018875598907 -0.0001999999803956598 -0.049116604030132294
   vertex 0.02752360887825489 -0.0001999999803956598 -0.053333006799221039
   vertex 0.02858508937060833 -0.0001999999803956598 -0.049450300633907318
  endloop
 endfacet
 facet normal 0 1 0
  outer loop
   vertex 0.02858508937060833 -0.0001999999803956598 -0.049450300633907318
   vertex 0.02752360887825489 -0.0001999999803956598 -0.053333006799221039
   vertex 0.028078610077500343 -0.0001999999803956598 -0.049660094082355499
  endloop
 endfacet
 facet normal 0 1 0
  outer loop
   vertex 0.028078610077500343 -0.0001999999803956598 -0.049660094082355499
   vertex 0.02752360887825489 -0.0001999999803956598 -0.053333006799221039
   vertex 0.02753509022295475 -0.0001999999803956598 -0.049731694161891937
  endloop
 endfacet
 facet normal 0 1 -0
  outer loop
   vertex 0.02753509022295475 -0.0001999999803956598 -0.049731694161891937
   vertex 0.02752360887825489 -0.0001999999803956598 -0.053333006799221039
   vertex 0.026991568505764008 -0.0001999999803956598 -0.049660094082355499
  endloop
 endfacet
 facet normal 0 1 0
  outer loop
   vertex 0.026991568505764008 -0.0001999999803956598 -0.049660094082355499
   vertex 0.02752360887825489 -0.0001999999803956598 -0.053333006799221039
   vertex 0.026485089212656021 -0.0001999999803956598 -0.049450300633907318
  endloop
 endfacet
 facet normal 0 1 0
  outer loop
   vertex 0.026485089212656021 -0.0001999999803956598 -0.049450300633907318
   vertex 0.02752360887825489 -0.0001999999803956598 -0.053333006799221039
   vertex 0.02605016902089119 -0.0001999999803956598 -0.049116604030132294
  endloop
 endfacet
 facet normal 0 1 0
  outer loop
   vertex 0.02605016902089119 -0.0001999999803956598 -0.049116604030132294
   vertex 0.02752360887825489 -0.0001999999803956598 -0.053333006799221039
   vertex 0.023199999704957008 -0.0001999999803956598 -0.055348105728626251
  endloop
 endfacet
 facet normal 0 1 0
  outer loop
   vertex 0.02605016902089119 -0.0001999999803956598 -0.049116604030132294
   vertex 0.023199999704957008 -0.0001999999803956598 -0.055348105728626251
   vertex 0.025716438889503479 -0.0001999999803956598 -0.048681698739528656
  endloop
 endfacet
 facet normal 0 1 0
  outer loop
   vertex 0.025716438889503479 -0.0001999999803956598 -0.048681698739528656
   vertex 0.023199999704957008 -0.0001999999803956598 -0.055348105728626251
   vertex 0.025506649166345596 -0.0001999999803956598 -0.04817519336938858
  endloop
 endfacet
 facet normal 0 1 0
  outer loop
   vertex 0.025506649166345596 -0.0001999999803956598 -0.04817519336938858
   vertex 0.023199999704957008 -0.0001999999803956598 -0.055348105728626251
   vertex 0.025435090065002441 -0.0001999999803956598 -0.047631703317165375
  endloop
 endfacet
 facet normal 0 1 -0
  outer loop
   vertex 0.025435090065002441 -0.0001999999803956598 -0.047631703317165375
   vertex 0.023199999704957008 -0.0001999999803956598 -0.055348105728626251
   vertex 0.022535089403390884 -0.0001999999803956598 -0.040971405804157257
  endloop
 endfacet
 facet normal -0 1 0
  outer loop
   vertex 0.025435090065002441 -0.0001999999803956598 -0.047631703317165375
   vertex 0.022535089403390884 -0.0001999999803956598 -0.040971405804157257
   vertex 0.023052729666233063 -0.0001999999803956598 -0.040903203189373016
  endloop
 endfacet
 facet normal -0 1 0
  outer loop
   vertex 0.023199999704957008 -0.0001999999803956598 -0.22400000691413879
   vertex 0.017799999564886093 -0.0001999999803956598 -0.164000004529953
   vertex 0.023199999704957008 -0.0001999999803956598 -0.055348105728626251
  endloop
 endfacet
 facet normal 0 1 -0
  outer loop
   vertex 0.023199999704957008 -0.0001999999803956598 -0.055348105728626251
   vertex 0.017799999564886093 -0.0001999999803956598 -0.164000004529953
   vertex 0.017728438600897789 -0.0001999999803956598 -0.16345648467540741
  endloop
 endfacet
 facet normal 0 1 -0
  outer loop
   vertex 0.023199999704957008 -0.0001999999803956598 -0.055348105728626251
   vertex 0.017728438600897789 -0.0001999999803956598 -0.16345648467540741
   vertex 0.01530000101774931 -0.0001999999803956598 -0.11400000005960464
  endloop
 endfacet
 facet normal 0 1 0
  outer loop
   vertex 0.01530000101774931 -0.0001999999803956598 -0.11400000005960464
   vertex 0.017728438600897789 -0.0001999999803956598 -0.16345648467540741
   vertex 0.015228440053761005 -0.0001999999803956598 -0.11454349756240845
  endloop
 endfacet
 facet normal 0 1 0
  outer loop
   vertex 0.015228440053761005 -0.0001999999803956598 -0.11454349756240845
   vertex 0.017728438600897789 -0.0001999999803956598 -0.16345648467540741
   vertex 0.017518648877739906 -0.0001999999803956598 -0.16294999420642853
  endloop
 endfacet
 facet normal 0 1 0
  outer loop
   vertex 0.015228440053761005 -0.0001999999803956598 -0.11454349756240845
   vertex 0.017518648877739906 -0.0001999999803956598 -0.16294999420642853
   vertex 0.015018650330603123 -0.0001999999803956598 -0.11505000293254852
  endloop
 endfacet
 facet normal 0 1 0
  outer loop
   vertex 0.015018650330603123 -0.0001999999803956598 -0.11505000293254852
   vertex 0.017518648877739906 -0.0001999999803956598 -0.16294999420642853
   vertex 0.017184918746352196 -0.0001999999803956598 -0.1625150740146637
  endloop
 endfacet
 facet normal 0 1 0
  outer loop
   vertex 0.015018650330603123 -0.0001999999803956598 -0.11505000293254852
   vertex 0.017184918746352196 -0.0001999999803956598 -0.1625150740146637
   vertex 0.016749998554587364 -0.0001999999803956598 -0.16218134760856628
  endloop
 endfacet
 facet normal 0 1 0
  outer loop
   vertex -0.026800001040101051 -0.0001999999803956598 -0.22400000691413879
   vertex 0.014650001190602779 -0.0001999999803956598 -0.21581865847110748
   vertex 0.023199999704957008 -0.0001999999803956598 -0.22400000691413879
  endloop
 endfacet
 facet normal 0 1 0
  outer loop
   vertex 0.023199999704957008 -0.0001999999803956598 -0.22400000691413879
   vertex 0.014650001190602779 -0.0001999999803956598 -0.21581865847110748
   vertex 0.015156480483710766 -0.0001999999803956598 -0.21602843701839447
  endloop
 endfacet
 facet normal 0 1 0
  outer loop
   vertex 0.023199999704957008 -0.0001999999803956598 -0.22400000691413879
   vertex 0.015156480483710766 -0.0001999999803956598 -0.21602843701839447
   vertex 0.015699999406933784 -0.0001999999803956598 -0.21610000729560852
  endloop
 endfacet
 facet normal 0 1 0
  outer loop
   vertex -0.026800001040101051 -0.0001999999803956598 -0.053664706647396088
   vertex -0.021400000900030136 -0.0001999999803956598 -0.164000004529953
   vertex -0.026800001040101051 -0.0001999999803956598 -0.22400000691413879
  endloop
 endfacet
 facet normal 0 1 0
  outer loop
   vertex -0.026800001040101051 -0.0001999999803956598 -0.22400000691413879
   vertex -0.021400000900030136 -0.0001999999803956598 -0.164000004529953
   vertex -0.021328439936041832 -0.0001999999803956598 -0.1645435243844986
  endloop
 endfacet
 facet normal 0 1 0
  outer loop
   vertex -0.026800001040101051 -0.0001999999803956598 -0.22400000691413879
   vertex -0.021328439936041832 -0.0001999999803956598 -0.1645435243844986
   vertex -0.021328439936041832 -0.0001999999803956598 -0.21345648169517517
  endloop
 endfacet
 facet normal 0 1 0
  outer loop
   vertex -0.021328439936041832 -0.0001999999803956598 -0.21345648169517517
   vertex -0.021328439936041832 -0.0001999999803956598 -0.1645435243844986
   vertex -0.021118650212883949 -0.0001999999803956598 -0.21295000612735748
  endloop
 endfacet
 facet normal 0 1 0
  outer loop
   vertex -0.021118650212883949 -0.0001999999803956598 -0.21295000612735748
   vertex -0.021328439936041832 -0.0001999999803956598 -0.1645435243844986
   vertex -0.021118650212883949 -0.0001999999803956598 -0.16504999995231628
  endloop
 endfacet
 facet normal 0 1 0
  outer loop
   vertex -0.021118650212883949 -0.0001999999803956598 -0.21295000612735748
   vertex -0.021118650212883949 -0.0001999999803956598 -0.16504999995231628
   vertex -0.020784920081496239 -0.0001999999803956598 -0.21251508593559265
  endloop
 endfacet
 facet normal 0 1 0
  outer loop
   vertex -0.020784920081496239 -0.0001999999803956598 -0.21251508593559265
   vertex -0.021118650212883949 -0.0001999999803956598 -0.16504999995231628
   vertex -0.020784920081496239 -0.0001999999803956598 -0.16548492014408112
  endloop
 endfacet
 facet normal 0 1 0
  outer loop
   vertex -0.020784920081496239 -0.0001999999803956598 -0.21251508593559265
   vertex -0.020784920081496239 -0.0001999999803956598 -0.16548492014408112
   vertex -0.020349999889731407 -0.0001999999803956598 -0.21218134462833405
  endloop
 endfacet
 facet normal 0 1 0
  outer loop
   vertex -0.020349999889731407 -0.0001999999803956598 -0.21218134462833405
   vertex -0.020784920081496239 -0.0001999999803956598 -0.16548492014408112
   vertex -0.020349999889731407 -0.0001999999803956598 -0.16581864655017853
  endloop
 endfacet
 facet normal 0 1 0
  outer loop
   vertex -0.020349999889731407 -0.0001999999803956598 -0.21218134462833405
   vertex -0.020349999889731407 -0.0001999999803956598 -0.16581864655017853
   vertex -0.019843520596623421 -0.0001999999803956598 -0.21197156608104706
  endloop
 endfacet
 facet normal 0 1 0
  outer loop
   vertex -0.019843520596623421 -0.0001999999803956598 -0.21197156608104706
   vertex -0.020349999889731407 -0.0001999999803956598 -0.16581864655017853
   vertex -0.019843520596623421 -0.0001999999803956598 -0.16602843999862671
  endloop
 endfacet
 facet normal 0 1 0
  outer loop
   vertex -0.019843520596623421 -0.0001999999803956598 -0.21197156608104706
   vertex -0.019843520596623421 -0.0001999999803956598 -0.16602843999862671
   vertex -0.019300000742077827 -0.0001999999803956598 -0.21189999580383301
  endloop
 endfacet
 facet normal 0 1 0
  outer loop
   vertex -0.019300000742077827 -0.0001999999803956598 -0.21189999580383301
   vertex -0.019843520596623421 -0.0001999999803956598 -0.16602843999862671
   vertex -0.019300000742077827 -0.0001999999803956598 -0.16609999537467957
  endloop
 endfacet
 facet normal 0 1 0
  outer loop
   vertex -0.019300000742077827 -0.0001999999803956598 -0.21189999580383301
   vertex -0.019300000742077827 -0.0001999999803956598 -0.16609999537467957
   vertex -0.018756480887532234 -0.0001999999803956598 -0.21197156608104706
  endloop
 endfacet
 facet normal -0 1 0
  outer loop
   vertex -0.018756480887532234 -0.0001999999803956598 -0.21197156608104706
   vertex -0.019300000742077827 -0.0001999999803956598 -0.16609999537467957
   vertex -0.018756480887532234 -0.0001999999803956598 -0.16602843999862671
  endloop
 endfacet
 facet normal 0 1 0
  outer loop
   vertex -0.018756480887532234 -0.0001999999803956598 -0.21197156608104706
   vertex -0.018756480887532234 -0.0001999999803956598 -0.16602843999862671
   vertex -0.018250001594424248 -0.0001999999803956598 -0.21218134462833405
  endloop
 endfacet
 facet normal -0 1 0
  outer loop
   vertex -0.018250001594424248 -0.0001999999803956598 -0.21218134462833405
   vertex -0.018756480887532234 -0.0001999999803956598 -0.16602843999862671
   vertex -0.018250001594424248 -0.0001999999803956598 -0.16581864655017853
  endloop
 endfacet
 facet normal 0 1 0
  outer loop
   vertex -0.018250001594424248 -0.0001999999803956598 -0.21218134462833405
   vertex -0.018250001594424248 -0.0001999999803956598 -0.16581864655017853
   vertex -0.017815081402659416 -0.0001999999803956598 -0.21251508593559265
  endloop
 endfacet
 facet normal -0 1 0
  outer loop
   vertex -0.017815081402659416 -0.0001999999803956598 -0.21251508593559265
   vertex -0.018250001594424248 -0.0001999999803956598 -0.16581864655017853
   vertex -0.017815081402659416 -0.0001999999803956598 -0.16548492014408112
  endloop
 endfacet
 facet normal 0 1 0
  outer loop
   vertex -0.017815081402659416 -0.0001999999803956598 -0.21251508593559265
   vertex -0.017815081402659416 -0.0001999999803956598 -0.16548492014408112
   vertex -0.017481351271271706 -0.0001999999803956598 -0.21295000612735748
  endloop
 endfacet
 facet normal -0 1 0
  outer loop
   vertex -0.017481351271271706 -0.0001999999803956598 -0.21295000612735748
   vertex -0.017815081402659416 -0.0001999999803956598 -0.16548492014408112
   vertex -0.017481351271271706 -0.0001999999803956598 -0.16504999995231628
  endloop
 endfacet
 facet normal 0 1 0
  outer loop
   vertex -0.017481351271271706 -0.0001999999803956598 -0.21295000612735748
   vertex -0.017481351271271706 -0.0001999999803956598 -0.16504999995231628
   vertex -0.017271559685468674 -0.0001999999803956598 -0.21345648169517517
  endloop
 endfacet
 facet normal -0 1 0
  outer loop
   vertex -0.017271559685468674 -0.0001999999803956598 -0.21345648169517517
   vertex -0.017481351271271706 -0.0001999999803956598 -0.16504999995231628
   vertex -0.017271559685468674 -0.0001999999803956598 -0.1645435243844986
  endloop
 endfacet
 facet normal 0 1 0
  outer loop
   vertex -0.017271559685468674 -0.0001999999803956598 -0.21345648169517517
   vertex -0.017271559685468674 -0.0001999999803956598 -0.1645435243844986
   vertex 0.01367156021296978 -0.0001999999803956598 -0.21345648169517517
  endloop
 endfacet
 facet normal -0 1 0
  outer loop
   vertex 0.01367156021296978 -0.0001999999803956598 -0.21345648169517517
   vertex -0.017271559685468674 -0.0001999999803956598 -0.1645435243844986
   vertex 0.01367156021296978 -0.0001999999803956598 -0.1645435243844986
  endloop
 endfacet
 facet normal 0 1 0
  outer loop
   vertex 0.01367156021296978 -0.0001999999803956598 -0.21345648169517517
   vertex 0.01367156021296978 -0.0001999999803956598 -0.1645435243844986
   vertex 0.013881350867450237 -0.0001999999803956598 -0.21295000612735748
  endloop
 endfacet
 facet normal 0 1 0
  outer loop
   vertex 0.013881350867450237 -0.0001999999803956598 -0.21295000612735748
   vertex 0.01367156021296978 -0.0001999999803956598 -0.1645435243844986
   vertex 0.013881350867450237 -0.0001999999803956598 -0.16504999995231628
  endloop
 endfacet
 facet normal 0 1 0
  outer loop
   vertex 0.013881350867450237 -0.0001999999803956598 -0.21295000612735748
   vertex 0.013881350867450237 -0.0001999999803956598 -0.16504999995231628
   vertex 0.014215080998837948 -0.0001999999803956598 -0.21251508593559265
  endloop
 endfacet
 facet normal 0 1 0
  outer loop
   vertex 0.014215080998837948 -0.0001999999803956598 -0.21251508593559265
   vertex 0.013881350867450237 -0.0001999999803956598 -0.16504999995231628
   vertex 0.014215080998837948 -0.0001999999803956598 -0.16548492014408112
  endloop
 endfacet
 facet normal 0 1 0
  outer loop
   vertex 0.014215080998837948 -0.0001999999803956598 -0.21251508593559265
   vertex 0.014215080998837948 -0.0001999999803956598 -0.16548492014408112
   vertex 0.014650001190602779 -0.0001999999803956598 -0.21218134462833405
  endloop
 endfacet
 facet normal 0 1 0
  outer loop
   vertex 0.014650001190602779 -0.0001999999803956598 -0.21218134462833405
   vertex 0.014215080998837948 -0.0001999999803956598 -0.16548492014408112
   vertex 0.014650001190602779 -0.0001999999803956598 -0.16581864655017853
  endloop
 endfacet
 facet normal 0 1 0
  outer loop
   vertex 0.014650001190602779 -0.0001999999803956598 -0.21218134462833405
   vertex 0.014650001190602779 -0.0001999999803956598 -0.16581864655017853
   vertex 0.015156480483710766 -0.0001999999803956598 -0.21197156608104706
  endloop
 endfacet
 facet normal 0 1 0
  outer loop
   vertex 0.015156480483710766 -0.0001999999803956598 -0.21197156608104706
   vertex 0.014650001190602779 -0.0001999999803956598 -0.16581864655017853
   vertex 0.015156480483710766 -0.0001999999803956598 -0.16602843999862671
  endloop
 endfacet
 facet normal 0 1 0
  outer loop
   vertex 0.015156480483710766 -0.0001999999803956598 -0.21197156608104706
   vertex 0.015156480483710766 -0.0001999999803956598 -0.16602843999862671
   vertex 0.015699999406933784 -0.0001999999803956598 -0.21189999580383301
  endloop
 endfacet
 facet normal 0 1 0
  outer loop
   vertex 0.015699999406933784 -0.0001999999803956598 -0.21189999580383301
   vertex 0.015156480483710766 -0.0001999999803956598 -0.16602843999862671
   vertex 0.015699999406933784 -0.0001999999803956598 -0.16609999537467957
  endloop
 endfacet
 facet normal 0 1 0
  outer loop
   vertex 0.015699999406933784 -0.0001999999803956598 -0.21189999580383301
   vertex 0.015699999406933784 -0.0001999999803956598 -0.16609999537467957
   vertex 0.016243519261479378 -0.0001999999803956598 -0.21197156608104706
  endloop
 endfacet
 facet normal -0 1 0
  outer loop
   vertex 0.016243519261479378 -0.0001999999803956598 -0.21197156608104706
   vertex 0.015699999406933784 -0.0001999999803956598 -0.16609999537467957
   vertex 0.016243519261479378 -0.0001999999803956598 -0.16602843999862671
  endloop
 endfacet
 facet normal 0 1 0
  outer loop
   vertex 0.016243519261479378 -0.0001999999803956598 -0.21197156608104706
   vertex 0.016243519261479378 -0.0001999999803956598 -0.16602843999862671
   vertex 0.016749998554587364 -0.0001999999803956598 -0.21218134462833405
  endloop
 endfacet
 facet normal -0 1 0
  outer loop
   vertex 0.016749998554587364 -0.0001999999803956598 -0.21218134462833405
   vertex 0.016243519261479378 -0.0001999999803956598 -0.16602843999862671
   vertex 0.016749998554587364 -0.0001999999803956598 -0.16581864655017853
  endloop
 endfacet
 facet normal 0 1 0
  outer loop
   vertex 0.016749998554587364 -0.0001999999803956598 -0.21218134462833405
   vertex 0.016749998554587364 -0.0001999999803956598 -0.16581864655017853
   vertex 0.017184918746352196 -0.0001999999803956598 -0.21251508593559265
  endloop
 endfacet
 facet normal -0 1 0
  outer loop
   vertex 0.017184918746352196 -0.0001999999803956598 -0.21251508593559265
   vertex 0.016749998554587364 -0.0001999999803956598 -0.16581864655017853
   vertex 0.017184918746352196 -0.0001999999803956598 -0.16548492014408112
  endloop
 endfacet
 facet normal 0 1 0
  outer loop
   vertex 0.017184918746352196 -0.0001999999803956598 -0.21251508593559265
   vertex 0.017184918746352196 -0.0001999999803956598 -0.16548492014408112
   vertex 0.017518648877739906 -0.0001999999803956598 -0.21295000612735748
  endloop
 endfacet
 facet normal -0 1 0
  outer loop
   vertex 0.017518648877739906 -0.0001999999803956598 -0.21295000612735748
   vertex 0.017184918746352196 -0.0001999999803956598 -0.16548492014408112
   vertex 0.017518648877739906 -0.0001999999803956598 -0.16504999995231628
  endloop
 endfacet
 facet normal 0 1 0
  outer loop
   vertex 0.017518648877739906 -0.0001999999803956598 -0.21295000612735748
   vertex 0.017518648877739906 -0.0001999999803956598 -0.16504999995231628
   vertex 0.017728438600897789 -0.0001999999803956598 -0.21345648169517517
  endloop
 endfacet
 facet normal -0 1 0
  outer loop
   vertex 0.017728438600897789 -0.0001999999803956598 -0.21345648169517517
   vertex 0.017518648877739906 -0.0001999999803956598 -0.16504999995231628
   vertex 0.017728438600897789 -0.0001999999803956598 -0.1645435243844986
  endloop
 endfacet
 facet normal 0 1 0
  outer loop
   vertex 0.017728438600897789 -0.0001999999803956598 -0.21345648169517517
   vertex 0.017728438600897789 -0.0001999999803956598 -0.1645435243844986
   vertex 0.023199999704957008 -0.0001999999803956598 -0.22400000691413879
  endloop
 endfacet
 facet normal -0 1 0
  outer loop
   vertex 0.023199999704957008 -0.0001999999803956598 -0.22400000691413879
   vertex 0.017728438600897789 -0.0001999999803956598 -0.1645435243844986
   vertex 0.017799999564886093 -0.0001999999803956598 -0.164000004529953
  endloop
 endfacet
 facet normal 0 1 0
  outer loop
   vertex -0.030834520235657692 -0.0001999999803956598 -0.051449902355670929
   vertex -0.028514910489320755 -0.0001999999803956598 -0.049450300633907318
   vertex -0.026800001040101051 -0.0001999999803956598 -0.053664706647396088
  endloop
 endfacet
 facet normal 0 1 0
  outer loop
   vertex -0.026800001040101051 -0.0001999999803956598 -0.053664706647396088
   vertex -0.028514910489320755 -0.0001999999803956598 -0.049450300633907318
   vertex -0.028008431196212769 -0.0001999999803956598 -0.049660094082355499
  endloop
 endfacet
 facet normal 0 1 0
  outer loop
   vertex -0.026800001040101051 -0.0001999999803956598 -0.053664706647396088
   vertex -0.028008431196212769 -0.0001999999803956598 -0.049660094082355499
   vertex -0.027464911341667175 -0.0001999999803956598 -0.049731694161891937
  endloop
 endfacet
 facet normal 0 1 0
  outer loop
   vertex -0.034687399864196777 -0.0001999999803956598 -0.048932306468486786
   vertex -0.029564911499619484 -0.0001999999803956598 -0.047631703317165375
   vertex -0.030834520235657692 -0.0001999999803956598 -0.051449902355670929
  endloop
 endfacet
 facet normal 0 1 0
  outer loop
   vertex -0.030834520235657692 -0.0001999999803956598 -0.051449902355670929
   vertex -0.029564911499619484 -0.0001999999803956598 -0.047631703317165375
   vertex -0.02949335053563118 -0.0001999999803956598 -0.04817519336938858
  endloop
 endfacet
 facet normal 0 1 0
  outer loop
   vertex -0.030834520235657692 -0.0001999999803956598 -0.051449902355670929
   vertex -0.02949335053563118 -0.0001999999803956598 -0.04817519336938858
   vertex -0.029283560812473297 -0.0001999999803956598 -0.048681698739528656
  endloop
 endfacet
 facet normal 0 1 0
  outer loop
   vertex -0.038335971534252167 -0.0001999999803956598 -0.046126805245876312
   vertex -0.031686350703239441 -0.0001999999803956598 -0.02000030130147934
   vertex -0.034687399864196777 -0.0001999999803956598 -0.048932306468486786
  endloop
 endfacet
 facet normal 0 1 0
  outer loop
   vertex -0.034687399864196777 -0.0001999999803956598 -0.048932306468486786
   vertex -0.031686350703239441 -0.0001999999803956598 -0.02000030130147934
   vertex -0.029504900798201561 -0.0001999999803956598 -0.023100905120372772
  endloop
 endfacet
 facet normal 0 1 0
  outer loop
   vertex -0.034687399864196777 -0.0001999999803956598 -0.048932306468486786
   vertex -0.029504900798201561 -0.0001999999803956598 -0.023100905120372772
   vertex -0.029283560812473297 -0.0001999999803956598 -0.0465816929936409
  endloop
 endfacet
 facet normal 0 1 0
  outer loop
   vertex -0.029283560812473297 -0.0001999999803956598 -0.0465816929936409
   vertex -0.029504900798201561 -0.0001999999803956598 -0.023100905120372772
   vertex -0.028949830681085587 -0.0001999999803956598 -0.046146698296070099
  endloop
 endfacet
 facet normal 0 1 0
  outer loop
   vertex -0.028949830681085587 -0.0001999999803956598 -0.046146698296070099
   vertex -0.029504900798201561 -0.0001999999803956598 -0.023100905120372772
   vertex -0.027021540328860283 -0.0001999999803956598 -0.025965400040149689
  endloop
 endfacet
 facet normal 0 1 0
  outer loop
   vertex -0.028949830681085587 -0.0001999999803956598 -0.046146698296070099
   vertex -0.027021540328860283 -0.0001999999803956598 -0.025965400040149689
   vertex -0.028514910489320755 -0.0001999999803956598 -0.045813001692295074
  endloop
 endfacet
 facet normal 0 1 0
  outer loop
   vertex -0.028514910489320755 -0.0001999999803956598 -0.045813001692295074
   vertex -0.027021540328860283 -0.0001999999803956598 -0.025965400040149689
   vertex -0.028008431196212769 -0.0001999999803956598 -0.045603193342685699
  endloop
 endfacet
 facet normal 0 1 0
  outer loop
   vertex -0.028008431196212769 -0.0001999999803956598 -0.045603193342685699
   vertex -0.027021540328860283 -0.0001999999803956598 -0.025965400040149689
   vertex -0.024396760389208794 -0.0001999999803956598 -0.03845379501581192
  endloop
 endfacet
 facet normal 0 1 0
  outer loop
   vertex -0.028008431196212769 -0.0001999999803956598 -0.045603193342685699
   vertex -0.024396760389208794 -0.0001999999803956598 -0.03845379501581192
   vertex -0.024464910849928856 -0.0001999999803956598 -0.038971401751041412
  endloop
 endfacet
 facet normal -0 1 0
  outer loop
   vertex -0.038335971534252167 -0.0001999999803956598 -0.046126805245876312
   vertex -0.041758760809898376 -0.0001999999803956598 -0.043049894273281097
   vertex -0.031686350703239441 -0.0001999999803956598 -0.02000030130147934
  endloop
 endfacet
 facet normal 0 1 -0
  outer loop
   vertex -0.031686350703239441 -0.0001999999803956598 -0.02000030130147934
   vertex -0.041758760809898376 -0.0001999999803956598 -0.043049894273281097
   vertex -0.04493563249707222 -0.0001999999803956598 -0.03971969336271286
  endloop
 endfacet
 facet normal 0 1 -0
  outer loop
   vertex -0.031686350703239441 -0.0001999999803956598 -0.02000030130147934
   vertex -0.04493563249707222 -0.0001999999803956598 -0.03971969336271286
   vertex -0.047847889363765717 -0.0001999999803956598 -0.03615579754114151
  endloop
 endfacet
 facet normal -0 1 0
  outer loop
   vertex -0.047847889363765717 -0.0001999999803956598 -0.03615579754114151
   vertex -0.050478391349315643 -0.0001999999803956598 -0.032379098236560822
   vertex -0.031686350703239441 -0.0001999999803956598 -0.02000030130147934
  endloop
 endfacet
 facet normal 0 1 -0
  outer loop
   vertex -0.031686350703239441 -0.0001999999803956598 -0.02000030130147934
   vertex -0.050478391349315643 -0.0001999999803956598 -0.032379098236560822
   vertex -0.052811671048402786 -0.0001999999803956598 -0.028411902487277985
  endloop
 endfacet
 facet normal 0 1 -0
  outer loop
   vertex -0.031686350703239441 -0.0001999999803956598 -0.02000030130147934
   vertex -0.052811671048402786 -0.0001999999803956598 -0.028411902487277985
   vertex -0.054833989590406418 -0.0001999999803956598 -0.024277500808238983
  endloop
 endfacet
 facet normal -0 1 0
  outer loop
   vertex -0.054833989590406418 -0.0001999999803956598 -0.024277500808238983
   vertex -0.056533452123403549 -0.0001999999803956598 -0.02000030130147934
   vertex -0.031686350703239441 -0.0001999999803956598 -0.02000030130147934
  endloop
 endfacet
 facet normal 0 1 0
  outer loop
   vertex -0.027021540328860283 -0.0001999999803956598 -0.025965400040149689
   vertex -0.024261651560664177 -0.0001999999803956598 -0.028564505279064178
   vertex -0.024396760389208794 -0.0001999999803956598 -0.03845379501581192
  endloop
 endfacet
 facet normal 0 1 0
  outer loop
   vertex -0.024396760389208794 -0.0001999999803956598 -0.03845379501581192
   vertex -0.024261651560664177 -0.0001999999803956598 -0.028564505279064178
   vertex -0.024196960031986237 -0.0001999999803956598 -0.03797139972448349
  endloop
 endfacet
 facet normal 0 1 0
  outer loop
   vertex -0.024196960031986237 -0.0001999999803956598 -0.03797139972448349
   vertex -0.024261651560664177 -0.0001999999803956598 -0.028564505279064178
   vertex -0.023879120126366615 -0.0001999999803956598 -0.037557192146778107
  endloop
 endfacet
 facet normal 0 1 0
  outer loop
   vertex -0.023879120126366615 -0.0001999999803956598 -0.037557192146778107
   vertex -0.024261651560664177 -0.0001999999803956598 -0.028564505279064178
   vertex -0.023464910686016083 -0.0001999999803956598 -0.037239305675029755
  endloop
 endfacet
 facet normal 0 1 0
  outer loop
   vertex -0.023464910686016083 -0.0001999999803956598 -0.037239305675029755
   vertex -0.024261651560664177 -0.0001999999803956598 -0.028564505279064178
   vertex -0.022982541471719742 -0.0001999999803956598 -0.037039496004581451
  endloop
 endfacet
 facet normal 0 1 0
  outer loop
   vertex -0.022982541471719742 -0.0001999999803956598 -0.037039496004581451
   vertex -0.024261651560664177 -0.0001999999803956598 -0.028564505279064178
   vertex -0.021253440529108047 -0.0001999999803956598 -0.030871696770191193
  endloop
 endfacet
 facet normal 0 1 0
  outer loop
   vertex -0.022982541471719742 -0.0001999999803956598 -0.037039496004581451
   vertex -0.021253440529108047 -0.0001999999803956598 -0.030871696770191193
   vertex -0.02246491052210331 -0.0001999999803956598 -0.036971397697925568
  endloop
 endfacet
 facet normal 0 1 0
  outer loop
   vertex -0.02246491052210331 -0.0001999999803956598 -0.036971397697925568
   vertex -0.021253440529108047 -0.0001999999803956598 -0.030871696770191193
   vertex -0.021947270259261131 -0.0001999999803956598 -0.037039496004581451
  endloop
 endfacet
 facet normal 0 1 0
  outer loop
   vertex -0.021947270259261131 -0.0001999999803956598 -0.037039496004581451
   vertex -0.021253440529108047 -0.0001999999803956598 -0.030871696770191193
   vertex -0.021464910358190536 -0.0001999999803956598 -0.037239305675029755
  endloop
 endfacet
 facet normal 0 1 0
  outer loop
   vertex -0.021464910358190536 -0.0001999999803956598 -0.037239305675029755
   vertex -0.021253440529108047 -0.0001999999803956598 -0.030871696770191193
   vertex -0.021050689741969109 -0.0001999999803956598 -0.037557192146778107
  endloop
 endfacet
 facet normal 0 1 0
  outer loop
   vertex -0.021050689741969109 -0.0001999999803956598 -0.037557192146778107
   vertex -0.021253440529108047 -0.0001999999803956598 -0.030871696770191193
   vertex -0.020732861012220383 -0.0001999999803956598 -0.03797139972448349
  endloop
 endfacet
 facet normal 0 1 0
  outer loop
   vertex -0.020732861012220383 -0.0001999999803956598 -0.03797139972448349
   vertex -0.021253440529108047 -0.0001999999803956598 -0.030871696770191193
   vertex -0.018027640879154205 -0.0001999999803956598 -0.032863400876522064
  endloop
 endfacet
 facet normal 0 1 0
  outer loop
   vertex -0.020732861012220383 -0.0001999999803956598 -0.03797139972448349
   vertex -0.018027640879154205 -0.0001999999803956598 -0.032863400876522064
   vertex -0.020533060654997826 -0.0001999999803956598 -0.03845379501581192
  endloop
 endfacet
 facet normal 0 1 0
  outer loop
   vertex -0.020533060654997826 -0.0001999999803956598 -0.03845379501581192
   vertex -0.018027640879154205 -0.0001999999803956598 -0.032863400876522064
   vertex -0.020464910194277763 -0.0001999999803956598 -0.038971401751041412
  endloop
 endfacet
 facet normal 0 1 0
  outer loop
   vertex -0.020464910194277763 -0.0001999999803956598 -0.038971401751041412
   vertex -0.018027640879154205 -0.0001999999803956598 -0.032863400876522064
   vertex -0.014617240056395531 -0.0001999999803956598 -0.034519203007221222
  endloop
 endfacet
 facet normal 0 1 0
  outer loop
   vertex -0.020464910194277763 -0.0001999999803956598 -0.038971401751041412
   vertex -0.014617240056395531 -0.0001999999803956598 -0.034519203007221222
   vertex -0.020533060654997826 -0.0001999999803956598 -0.039488993585109711
  endloop
 endfacet
 facet normal 0 1 0
  outer loop
   vertex -0.020533060654997826 -0.0001999999803956598 -0.039488993585109711
   vertex -0.014617240056395531 -0.0001999999803956598 -0.034519203007221222
   vertex -0.020732861012220383 -0.0001999999803956598 -0.039971403777599335
  endloop
 endfacet
 facet normal 0 1 0
  outer loop
   vertex -0.020732861012220383 -0.0001999999803956598 -0.039971403777599335
   vertex -0.014617240056395531 -0.0001999999803956598 -0.034519203007221222
   vertex -0.016256479546427727 -0.0001999999803956598 -0.071971602737903595
  endloop
 endfacet
 facet normal 0 1 0
  outer loop
   vertex -0.020732861012220383 -0.0001999999803956598 -0.039971403777599335
   vertex -0.016256479546427727 -0.0001999999803956598 -0.071971602737903595
   vertex -0.01679999940097332 -0.0001999999803956598 -0.071900002658367157
  endloop
 endfacet
 facet normal 0 1 0
  outer loop
   vertex -0.016256479546427727 -0.0001999999803956598 -0.071971602737903595
   vertex -0.014617240056395531 -0.0001999999803956598 -0.034519203007221222
   vertex -0.01575000025331974 -0.0001999999803956598 -0.072181306779384613
  endloop
 endfacet
 facet normal 0 1 0
  outer loop
   vertex -0.01575000025331974 -0.0001999999803956598 -0.072181306779384613
   vertex -0.014617240056395531 -0.0001999999803956598 -0.034519203007221222
   vertex -0.011057081632316113 -0.0001999999803956598 -0.035822205245494843
  endloop
 endfacet
 facet normal 0 1 0
  outer loop
   vertex -0.01575000025331974 -0.0001999999803956598 -0.072181306779384613
   vertex -0.011057081632316113 -0.0001999999803956598 -0.035822205245494843
   vertex -0.015315080061554909 -0.0001999999803956598 -0.072515092790126801
  endloop
 endfacet
 facet normal 0 1 0
  outer loop
   vertex -0.015315080061554909 -0.0001999999803956598 -0.072515092790126801
   vertex -0.011057081632316113 -0.0001999999803956598 -0.035822205245494843
   vertex -0.014981349930167198 -0.0001999999803956598 -0.072949998080730438
  endloop
 endfacet
 facet normal 0 1 0
  outer loop
   vertex -0.014981349930167198 -0.0001999999803956598 -0.072949998080730438
   vertex -0.011057081632316113 -0.0001999999803956598 -0.035822205245494843
   vertex -0.0073835570365190506 -0.0001999999803956598 -0.03675910085439682
  endloop
 endfacet
 facet normal 0 1 0
  outer loop
   vertex -0.014981349930167198 -0.0001999999803956598 -0.072949998080730438
   vertex -0.0073835570365190506 -0.0001999999803956598 -0.03675910085439682
   vertex -0.014771559275686741 -0.0001999999803956598 -0.073456503450870514
  endloop
 endfacet
 facet normal 0 1 0
  outer loop
   vertex -0.014771559275686741 -0.0001999999803956598 -0.073456503450870514
   vertex -0.0073835570365190506 -0.0001999999803956598 -0.03675910085439682
   vertex -0.0036342090461403131 -0.0001999999803956598 -0.037320293486118317
  endloop
 endfacet
 facet normal 0 1 0
  outer loop
   vertex -0.014771559275686741 -0.0001999999803956598 -0.073456503450870514
   vertex -0.0036342090461403131 -0.0001999999803956598 -0.037320293486118317
   vertex -0.014700000174343586 -0.0001999999803956598 -0.073999993503093719
  endloop
 endfacet
 facet normal 0 1 0
  outer loop
   vertex -0.014700000174343586 -0.0001999999803956598 -0.073999993503093719
   vertex -0.0036342090461403131 -0.0001999999803956598 -0.037320293486118317
   vertex 0.00015264001558534801 -0.0001999999803956598 -0.037500105798244476
  endloop
 endfacet
 facet normal 0 1 0
  outer loop
   vertex -0.014700000174343586 -0.0001999999803956598 -0.073999993503093719
   vertex 0.00015264001558534801 -0.0001999999803956598 -0.037500105798244476
   vertex 0.011100000701844692 -0.0001999999803956598 -0.073999993503093719
  endloop
 endfacet
 facet normal 0 1 0
  outer loop
   vertex 0.011100000701844692 -0.0001999999803956598 -0.073999993503093719
   vertex 0.00015264001558534801 -0.0001999999803956598 -0.037500105798244476
   vertex 0.011171559803187847 -0.0001999999803956598 -0.073456503450870514
  endloop
 endfacet
 facet normal -0 1 0
  outer loop
   vertex 0.011171559803187847 -0.0001999999803956598 -0.073456503450870514
   vertex 0.00015264001558534801 -0.0001999999803956598 -0.037500105798244476
   vertex 0.0039382879622280598 -0.0001999999803956598 -0.037296600639820099
  endloop
 endfacet
 facet normal 0 1 0
  outer loop
   vertex 0.011171559803187847 -0.0001999999803956598 -0.073456503450870514
   vertex 0.0039382879622280598 -0.0001999999803956598 -0.037296600639820099
   vertex 0.011381350457668304 -0.0001999999803956598 -0.072949998080730438
  endloop
 endfacet
 facet normal -0 1 0
  outer loop
   vertex 0.011381350457668304 -0.0001999999803956598 -0.072949998080730438
   vertex 0.0039382879622280598 -0.0001999999803956598 -0.037296600639820099
   vertex 0.0076840431429445744 -0.0001999999803956598 -0.036711893975734711
  endloop
 endfacet
 facet normal 0 1 0
  outer loop
   vertex 0.011381350457668304 -0.0001999999803956598 -0.072949998080730438
   vertex 0.0076840431429445744 -0.0001999999803956598 -0.036711893975734711
   vertex 0.011715080589056015 -0.0001999999803956598 -0.072515092790126801
  endloop
 endfacet
 facet normal 0 1 0
  outer loop
   vertex 0.011715080589056015 -0.0001999999803956598 -0.072515092790126801
   vertex 0.0076840431429445744 -0.0001999999803956598 -0.036711893975734711
   vertex 0.012149999849498272 -0.0001999999803956598 -0.072181306779384613
  endloop
 endfacet
 facet normal -0 1 0
  outer loop
   vertex 0.012149999849498272 -0.0001999999803956598 -0.072181306779384613
   vertex 0.0076840431429445744 -0.0001999999803956598 -0.036711893975734711
   vertex 0.011351619847118855 -0.0001999999803956598 -0.035752005875110626
  endloop
 endfacet
 facet normal 0 1 0
  outer loop
   vertex 0.012149999849498272 -0.0001999999803956598 -0.072181306779384613
   vertex 0.011351619847118855 -0.0001999999803956598 -0.035752005875110626
   vertex 0.012656480073928833 -0.0001999999803956598 -0.071971602737903595
  endloop
 endfacet
 facet normal 0 1 0
  outer loop
   vertex 0.012656480073928833 -0.0001999999803956598 -0.071971602737903595
   vertex 0.011351619847118855 -0.0001999999803956598 -0.035752005875110626
   vertex 0.013199999928474426 -0.0001999999803956598 -0.071900002658367157
  endloop
 endfacet
 facet normal 0 1 0
  outer loop
   vertex 0.013199999928474426 -0.0001999999803956598 -0.071900002658367157
   vertex 0.011351619847118855 -0.0001999999803956598 -0.035752005875110626
   vertex 0.013743520714342594 -0.0001999999803956598 -0.071971602737903595
  endloop
 endfacet
 facet normal -0 1 0
  outer loop
   vertex 0.013743520714342594 -0.0001999999803956598 -0.071971602737903595
   vertex 0.011351619847118855 -0.0001999999803956598 -0.035752005875110626
   vertex 0.014903540723025799 -0.0001999999803956598 -0.034426696598529816
  endloop
 endfacet
 facet normal 0 1 0
  outer loop
   vertex 0.013743520714342594 -0.0001999999803956598 -0.071971602737903595
   vertex 0.014903540723025799 -0.0001999999803956598 -0.034426696598529816
   vertex 0.020803039893507957 -0.0001999999803956598 -0.039971403777599335
  endloop
 endfacet
 facet normal 0 1 0
  outer loop
   vertex 0.020803039893507957 -0.0001999999803956598 -0.039971403777599335
   vertex 0.014903540723025799 -0.0001999999803956598 -0.034426696598529816
   vertex 0.0206032395362854 -0.0001999999803956598 -0.039488993585109711
  endloop
 endfacet
 facet normal 0 1 0
  outer loop
   vertex 0.0206032395362854 -0.0001999999803956598 -0.039488993585109711
   vertex 0.014903540723025799 -0.0001999999803956598 -0.034426696598529816
   vertex 0.020535089075565338 -0.0001999999803956598 -0.038971401751041412
  endloop
 endfacet
 facet normal -0 1 0
  outer loop
   vertex 0.020535089075565338 -0.0001999999803956598 -0.038971401751041412
   vertex 0.014903540723025799 -0.0001999999803956598 -0.034426696598529816
   vertex 0.01830349862575531 -0.0001999999803956598 -0.032749496400356293
  endloop
 endfacet
 facet normal 0 1 0
  outer loop
   vertex 0.020535089075565338 -0.0001999999803956598 -0.038971401751041412
   vertex 0.01830349862575531 -0.0001999999803956598 -0.032749496400356293
   vertex 0.0206032395362854 -0.0001999999803956598 -0.03845379501581192
  endloop
 endfacet
 facet normal 0 1 0
  outer loop
   vertex 0.0206032395362854 -0.0001999999803956598 -0.03845379501581192
   vertex 0.01830349862575531 -0.0001999999803956598 -0.032749496400356293
   vertex 0.020803039893507957 -0.0001999999803956598 -0.03797139972448349
  endloop
 endfacet
 facet normal 0 1 0
  outer loop
   vertex 0.020803039893507957 -0.0001999999803956598 -0.03797139972448349
   vertex 0.01830349862575531 -0.0001999999803956598 -0.032749496400356293
   vertex 0.021120879799127579 -0.0001999999803956598 -0.037557192146778107
  endloop
 endfacet
 facet normal -0 1 0
  outer loop
   vertex 0.021120879799127579 -0.0001999999803956598 -0.037557192146778107
   vertex 0.01830349862575531 -0.0001999999803956598 -0.032749496400356293
   vertex 0.021516738459467888 -0.0001999999803956598 -0.030737705528736115
  endloop
 endfacet
 facet normal 0 1 0
  outer loop
   vertex 0.021120879799127579 -0.0001999999803956598 -0.037557192146778107
   vertex 0.021516738459467888 -0.0001999999803956598 -0.030737705528736115
   vertex 0.021535089239478111 -0.0001999999803956598 -0.037239305675029755
  endloop
 endfacet
 facet normal 0 1 0
  outer loop
   vertex 0.021535089239478111 -0.0001999999803956598 -0.037239305675029755
   vertex 0.021516738459467888 -0.0001999999803956598 -0.030737705528736115
   vertex 0.022017458453774452 -0.0001999999803956598 -0.037039496004581451
  endloop
 endfacet
 facet normal 0 1 0
  outer loop
   vertex 0.022017458453774452 -0.0001999999803956598 -0.037039496004581451
   vertex 0.021516738459467888 -0.0001999999803956598 -0.030737705528736115
   vertex 0.022535089403390884 -0.0001999999803956598 -0.036971397697925568
  endloop
 endfacet
 facet normal 0 1 0
  outer loop
   vertex 0.022535089403390884 -0.0001999999803956598 -0.036971397697925568
   vertex 0.021516738459467888 -0.0001999999803956598 -0.030737705528736115
   vertex 0.023052729666233063 -0.0001999999803956598 -0.037039496004581451
  endloop
 endfacet
 facet normal -0 1 0
  outer loop
   vertex 0.023052729666233063 -0.0001999999803956598 -0.037039496004581451
   vertex 0.021516738459467888 -0.0001999999803956598 -0.030737705528736115
   vertex 0.024510439485311508 -0.0001999999803956598 -0.028411693871021271
  endloop
 endfacet
 facet normal 0 1 0
  outer loop
   vertex 0.023052729666233063 -0.0001999999803956598 -0.037039496004581451
   vertex 0.024510439485311508 -0.0001999999803956598 -0.028411693871021271
   vertex 0.023535089567303658 -0.0001999999803956598 -0.037239305675029755
  endloop
 endfacet
 facet normal 0 1 0
  outer loop
   vertex 0.023535089567303658 -0.0001999999803956598 -0.037239305675029755
   vertex 0.024510439485311508 -0.0001999999803956598 -0.028411693871021271
   vertex 0.023949310183525085 -0.0001999999803956598 -0.037557192146778107
  endloop
 endfacet
 facet normal 0 1 0
  outer loop
   vertex 0.023949310183525085 -0.0001999999803956598 -0.037557192146778107
   vertex 0.024510439485311508 -0.0001999999803956598 -0.028411693871021271
   vertex 0.024267138913273811 -0.0001999999803956598 -0.03797139972448349
  endloop
 endfacet
 facet normal 0 1 0
  outer loop
   vertex 0.024267138913273811 -0.0001999999803956598 -0.03797139972448349
   vertex 0.024510439485311508 -0.0001999999803956598 -0.028411693871021271
   vertex 0.024466939270496368 -0.0001999999803956598 -0.03845379501581192
  endloop
 endfacet
 facet normal -0 1 0
  outer loop
   vertex 0.024466939270496368 -0.0001999999803956598 -0.03845379501581192
   vertex 0.024510439485311508 -0.0001999999803956598 -0.028411693871021271
   vertex 0.027253979817032814 -0.0001999999803956598 -0.025795303285121918
  endloop
 endfacet
 facet normal 0 1 0
  outer loop
   vertex 0.024466939270496368 -0.0001999999803956598 -0.03845379501581192
   vertex 0.027253979817032814 -0.0001999999803956598 -0.025795303285121918
   vertex 0.028078610077500343 -0.0001999999803956598 -0.045603193342685699
  endloop
 endfacet
 facet normal 0 1 0
  outer loop
   vertex 0.028078610077500343 -0.0001999999803956598 -0.045603193342685699
   vertex 0.027253979817032814 -0.0001999999803956598 -0.025795303285121918
   vertex 0.02858508937060833 -0.0001999999803956598 -0.045813001692295074
  endloop
 endfacet
 facet normal 0 1 0
  outer loop
   vertex 0.02858508937060833 -0.0001999999803956598 -0.045813001692295074
   vertex 0.027253979817032814 -0.0001999999803956598 -0.025795303285121918
   vertex 0.029020018875598907 -0.0001999999803956598 -0.046146698296070099
  endloop
 endfacet
 facet normal -0 1 0
  outer loop
   vertex 0.029020018875598907 -0.0001999999803956598 -0.046146698296070099
   vertex 0.027253979817032814 -0.0001999999803956598 -0.025795303285121918
   vertex 0.029719330370426178 -0.0001999999803956598 -0.022915206849575043
  endloop
 endfacet
 facet normal -0 1 -0
  outer loop
   vertex 0.027253979817032814 -0.0001999999803956598 0.025794796645641327
   vertex 0.024510439485311508 -0.0001999999803956598 0.028411097824573517
   vertex 0.024466939270496368 -0.0001999999803956598 0.038453288376331329
  endloop
 endfacet
 facet normal 0 1 0
  outer loop
   vertex 0.024466939270496368 -0.0001999999803956598 0.038453288376331329
   vertex 0.024510439485311508 -0.0001999999803956598 0.028411097824573517
   vertex 0.024267138913273811 -0.0001999999803956598 0.037970907986164093
  endloop
 endfacet
 facet normal 0 1 0
  outer loop
   vertex 0.024267138913273811 -0.0001999999803956598 0.037970907986164093
   vertex 0.024510439485311508 -0.0001999999803956598 0.028411097824573517
   vertex 0.023949310183525085 -0.0001999999803956598 0.037556715309619904
  endloop
 endfacet
 facet normal 0 1 0
  outer loop
   vertex 0.023949310183525085 -0.0001999999803956598 0.037556715309619904
   vertex 0.024510439485311508 -0.0001999999803956598 0.028411097824573517
   vertex 0.023535089567303658 -0.0001999999803956598 0.037238813936710358
  endloop
 endfacet
 facet normal 0 1 0
  outer loop
   vertex 0.023535089567303658 -0.0001999999803956598 0.037238813936710358
   vertex 0.024510439485311508 -0.0001999999803956598 0.028411097824573517
   vertex 0.023052729666233063 -0.0001999999803956598 0.037038989365100861
  endloop
 endfacet
 facet normal 0 1 0
  outer loop
   vertex 0.023052729666233063 -0.0001999999803956598 0.037038989365100861
   vertex 0.024510439485311508 -0.0001999999803956598 0.028411097824573517
   vertex 0.021516738459467888 -0.0001999999803956598 0.030737198889255524
  endloop
 endfacet
 facet normal 0 1 0
  outer loop
   vertex 0.023052729666233063 -0.0001999999803956598 0.037038989365100861
   vertex 0.021516738459467888 -0.0001999999803956598 0.030737198889255524
   vertex 0.022535089403390884 -0.0001999999803956598 0.036970891058444977
  endloop
 endfacet
 facet normal 0 1 0
  outer loop
   vertex 0.022535089403390884 -0.0001999999803956598 0.036970891058444977
   vertex 0.021516738459467888 -0.0001999999803956598 0.030737198889255524
   vertex 0.022017458453774452 -0.0001999999803956598 0.037038989365100861
  endloop
 endfacet
 facet normal 0 1 0
  outer loop
   vertex 0.022017458453774452 -0.0001999999803956598 0.037038989365100861
   vertex 0.021516738459467888 -0.0001999999803956598 0.030737198889255524
   vertex 0.021535089239478111 -0.0001999999803956598 0.037238813936710358
  endloop
 endfacet
 facet normal 0 1 -0
  outer loop
   vertex 0.021535089239478111 -0.0001999999803956598 0.037238813936710358
   vertex 0.021516738459467888 -0.0001999999803956598 0.030737198889255524
   vertex 0.021120879799127579 -0.0001999999803956598 0.037556715309619904
  endloop
 endfacet
 facet normal 0 1 0
  outer loop
   vertex 0.021120879799127579 -0.0001999999803956598 0.037556715309619904
   vertex 0.021516738459467888 -0.0001999999803956598 0.030737198889255524
   vertex 0.01830349862575531 -0.0001999999803956598 0.032749004662036896
  endloop
 endfacet
 facet normal 0 1 0
  outer loop
   vertex 0.021120879799127579 -0.0001999999803956598 0.037556715309619904
   vertex 0.01830349862575531 -0.0001999999803956598 0.032749004662036896
   vertex 0.020803039893507957 -0.0001999999803956598 0.037970907986164093
  endloop
 endfacet
 facet normal 0 1 0
  outer loop
   vertex 0.020803039893507957 -0.0001999999803956598 0.037970907986164093
   vertex 0.01830349862575531 -0.0001999999803956598 0.032749004662036896
   vertex 0.0206032395362854 -0.0001999999803956598 0.038453288376331329
  endloop
 endfacet
 facet normal 0 1 0
  outer loop
   vertex 0.0206032395362854 -0.0001999999803956598 0.038453288376331329
   vertex 0.01830349862575531 -0.0001999999803956598 0.032749004662036896
   vertex 0.020535089075565338 -0.0001999999803956598 0.038970895111560822
  endloop
 endfacet
 facet normal 0 1 -0
  outer loop
   vertex 0.020535089075565338 -0.0001999999803956598 0.038970895111560822
   vertex 0.01830349862575531 -0.0001999999803956598 0.032749004662036896
   vertex 0.014903540723025799 -0.0001999999803956598 0.034426189959049225
  endloop
 endfacet
 facet normal 0 1 0
  outer loop
   vertex 0.011100000701844692 -0.0001999999803956598 -0.073999993503093719
   vertex 0.011171559803187847 -0.0001999999803956598 -0.074543498456478119
   vertex -0.014700000174343586 -0.0001999999803956598 -0.073999993503093719
  endloop
 endfacet
 facet normal 0 1 0
  outer loop
   vertex -0.014700000174343586 -0.0001999999803956598 -0.073999993503093719
   vertex 0.011171559803187847 -0.0001999999803956598 -0.074543498456478119
   vertex -0.014771559275686741 -0.0001999999803956598 -0.074543498456478119
  endloop
 endfacet
 facet normal 0 1 0
  outer loop
   vertex -0.014771559275686741 -0.0001999999803956598 -0.074543498456478119
   vertex 0.011171559803187847 -0.0001999999803956598 -0.074543498456478119
   vertex 0.011171559803187847 -0.0001999999803956598 -0.11345650255680084
  endloop
 endfacet
 facet normal 0 1 0
  outer loop
   vertex -0.014771559275686741 -0.0001999999803956598 -0.074543498456478119
   vertex 0.011171559803187847 -0.0001999999803956598 -0.11345650255680084
   vertex -0.014771559275686741 -0.0001999999803956598 -0.11345650255680084
  endloop
 endfacet
 facet normal 0 1 0
  outer loop
   vertex -0.014771559275686741 -0.0001999999803956598 -0.11345650255680084
   vertex 0.011171559803187847 -0.0001999999803956598 -0.11345650255680084
   vertex 0.011100000701844692 -0.0001999999803956598 -0.11400000005960464
  endloop
 endfacet
 facet normal 0 1 0
  outer loop
   vertex -0.014771559275686741 -0.0001999999803956598 -0.11345650255680084
   vertex 0.011100000701844692 -0.0001999999803956598 -0.11400000005960464
   vertex -0.014700000174343586 -0.0001999999803956598 -0.11400000005960464
  endloop
 endfacet
 facet normal 0 1 0
  outer loop
   vertex -0.014700000174343586 -0.0001999999803956598 -0.11400000005960464
   vertex 0.011100000701844692 -0.0001999999803956598 -0.11400000005960464
   vertex 0.011171559803187847 -0.0001999999803956598 -0.11454349756240845
  endloop
 endfacet
 facet normal 0 1 0
  outer loop
   vertex -0.014700000174343586 -0.0001999999803956598 -0.11400000005960464
   vertex 0.011171559803187847 -0.0001999999803956598 -0.11454349756240845
   vertex -0.014771559275686741 -0.0001999999803956598 -0.11454349756240845
  endloop
 endfacet
 facet normal 0 1 0
  outer loop
   vertex -0.014771559275686741 -0.0001999999803956598 -0.11454349756240845
   vertex 0.011171559803187847 -0.0001999999803956598 -0.11454349756240845
   vertex 0.01367156021296978 -0.0001999999803956598 -0.16345648467540741
  endloop
 endfacet
 facet normal 0 1 0
  outer loop
   vertex -0.014771559275686741 -0.0001999999803956598 -0.11454349756240845
   vertex 0.01367156021296978 -0.0001999999803956598 -0.16345648467540741
   vertex -0.017271559685468674 -0.0001999999803956598 -0.16345648467540741
  endloop
 endfacet
 facet normal 0 1 0
  outer loop
   vertex -0.017271559685468674 -0.0001999999803956598 -0.16345648467540741
   vertex 0.01367156021296978 -0.0001999999803956598 -0.16345648467540741
   vertex 0.01360000018030405 -0.0001999999803956598 -0.164000004529953
  endloop
 endfacet
 facet normal 0 1 0
  outer loop
   vertex -0.017271559685468674 -0.0001999999803956598 -0.16345648467540741
   vertex 0.01360000018030405 -0.0001999999803956598 -0.164000004529953
   vertex -0.017200000584125519 -0.0001999999803956598 -0.164000004529953
  endloop
 endfacet
 facet normal 0 1 0
  outer loop
   vertex -0.017200000584125519 -0.0001999999803956598 -0.164000004529953
   vertex 0.01360000018030405 -0.0001999999803956598 -0.164000004529953
   vertex 0.01367156021296978 -0.0001999999803956598 -0.1645435243844986
  endloop
 endfacet
 facet normal 0 1 0
  outer loop
   vertex -0.017200000584125519 -0.0001999999803956598 -0.164000004529953
   vertex 0.01367156021296978 -0.0001999999803956598 -0.1645435243844986
   vertex -0.017271559685468674 -0.0001999999803956598 -0.1645435243844986
  endloop
 endfacet
 facet normal 0 1 0
  outer loop
   vertex 0.011171559803187847 -0.0001999999803956598 -0.11345650255680084
   vertex 0.011171559803187847 -0.0001999999803956598 -0.074543498456478119
   vertex 0.011381350457668304 -0.0001999999803956598 -0.11294999718666077
  endloop
 endfacet
 facet normal 0 1 0
  outer loop
   vertex 0.011381350457668304 -0.0001999999803956598 -0.11294999718666077
   vertex 0.011171559803187847 -0.0001999999803956598 -0.074543498456478119
   vertex 0.011381350457668304 -0.0001999999803956598 -0.075050003826618195
  endloop
 endfacet
 facet normal 0 1 0
  outer loop
   vertex 0.011381350457668304 -0.0001999999803956598 -0.11294999718666077
   vertex 0.011381350457668304 -0.0001999999803956598 -0.075050003826618195
   vertex 0.011715080589056015 -0.0001999999803956598 -0.11251509934663773
  endloop
 endfacet
 facet normal 0 1 0
  outer loop
   vertex 0.011715080589056015 -0.0001999999803956598 -0.11251509934663773
   vertex 0.011381350457668304 -0.0001999999803956598 -0.075050003826618195
   vertex 0.011715080589056015 -0.0001999999803956598 -0.075484894216060638
  endloop
 endfacet
 facet normal 0 1 0
  outer loop
   vertex 0.011715080589056015 -0.0001999999803956598 -0.11251509934663773
   vertex 0.011715080589056015 -0.0001999999803956598 -0.075484894216060638
   vertex 0.012149999849498272 -0.0001999999803956598 -0.11218129843473434
  endloop
 endfacet
 facet normal 0 1 0
  outer loop
   vertex 0.012149999849498272 -0.0001999999803956598 -0.11218129843473434
   vertex 0.011715080589056015 -0.0001999999803956598 -0.075484894216060638
   vertex 0.012149999849498272 -0.0001999999803956598 -0.07581869512796402
  endloop
 endfacet
 facet normal 0 1 0
  outer loop
   vertex 0.012149999849498272 -0.0001999999803956598 -0.11218129843473434
   vertex 0.012149999849498272 -0.0001999999803956598 -0.07581869512796402
   vertex 0.012656480073928833 -0.0001999999803956598 -0.11197160184383392
  endloop
 endfacet
 facet normal 0 1 0
  outer loop
   vertex 0.012656480073928833 -0.0001999999803956598 -0.11197160184383392
   vertex 0.012149999849498272 -0.0001999999803956598 -0.07581869512796402
   vertex 0.012656480073928833 -0.0001999999803956598 -0.076028399169445038
  endloop
 endfacet
 facet normal 0 1 0
  outer loop
   vertex 0.012656480073928833 -0.0001999999803956598 -0.11197160184383392
   vertex 0.012656480073928833 -0.0001999999803956598 -0.076028399169445038
   vertex 0.013199999928474426 -0.0001999999803956598 -0.11190000176429749
  endloop
 endfacet
 facet normal 0 1 0
  outer loop
   vertex 0.013199999928474426 -0.0001999999803956598 -0.11190000176429749
   vertex 0.012656480073928833 -0.0001999999803956598 -0.076028399169445038
   vertex 0.013199999928474426 -0.0001999999803956598 -0.076099999248981476
  endloop
 endfacet
 facet normal 0 1 0
  outer loop
   vertex 0.013199999928474426 -0.0001999999803956598 -0.11190000176429749
   vertex 0.013199999928474426 -0.0001999999803956598 -0.076099999248981476
   vertex 0.013743520714342594 -0.0001999999803956598 -0.11197160184383392
  endloop
 endfacet
 facet normal -0 1 0
  outer loop
   vertex 0.013743520714342594 -0.0001999999803956598 -0.11197160184383392
   vertex 0.013199999928474426 -0.0001999999803956598 -0.076099999248981476
   vertex 0.013743520714342594 -0.0001999999803956598 -0.076028399169445038
  endloop
 endfacet
 facet normal 0 1 0
  outer loop
   vertex 0.013743520714342594 -0.0001999999803956598 -0.11197160184383392
   vertex 0.013743520714342594 -0.0001999999803956598 -0.076028399169445038
   vertex 0.014250000007450581 -0.0001999999803956598 -0.11218129843473434
  endloop
 endfacet
 facet normal -0 1 0
  outer loop
   vertex 0.014250000007450581 -0.0001999999803956598 -0.11218129843473434
   vertex 0.013743520714342594 -0.0001999999803956598 -0.076028399169445038
   vertex 0.014250000007450581 -0.0001999999803956598 -0.07581869512796402
  endloop
 endfacet
 facet normal 0 1 0
  outer loop
   vertex 0.014250000007450581 -0.0001999999803956598 -0.11218129843473434
   vertex 0.014250000007450581 -0.0001999999803956598 -0.07581869512796402
   vertex 0.014684920199215412 -0.0001999999803956598 -0.11251509934663773
  endloop
 endfacet
 facet normal -0 1 0
  outer loop
   vertex 0.014684920199215412 -0.0001999999803956598 -0.11251509934663773
   vertex 0.014250000007450581 -0.0001999999803956598 -0.07581869512796402
   vertex 0.014684920199215412 -0.0001999999803956598 -0.075484894216060638
  endloop
 endfacet
 facet normal 0 1 0
  outer loop
   vertex 0.014684920199215412 -0.0001999999803956598 -0.11251509934663773
   vertex 0.014684920199215412 -0.0001999999803956598 -0.075484894216060638
   vertex 0.015018650330603123 -0.0001999999803956598 -0.11294999718666077
  endloop
 endfacet
 facet normal -0 1 0
  outer loop
   vertex 0.015018650330603123 -0.0001999999803956598 -0.11294999718666077
   vertex 0.014684920199215412 -0.0001999999803956598 -0.075484894216060638
   vertex 0.015018650330603123 -0.0001999999803956598 -0.075050003826618195
  endloop
 endfacet
 facet normal 0 1 0
  outer loop
   vertex 0.015018650330603123 -0.0001999999803956598 -0.11294999718666077
   vertex 0.015018650330603123 -0.0001999999803956598 -0.075050003826618195
   vertex 0.015228440053761005 -0.0001999999803956598 -0.11345650255680084
  endloop
 endfacet
 facet normal -0 1 0
  outer loop
   vertex 0.015228440053761005 -0.0001999999803956598 -0.11345650255680084
   vertex 0.015018650330603123 -0.0001999999803956598 -0.075050003826618195
   vertex 0.015228440053761005 -0.0001999999803956598 -0.074543498456478119
  endloop
 endfacet
 facet normal -0 1 0
  outer loop
   vertex 0.015228440053761005 -0.0001999999803956598 -0.11345650255680084
   vertex 0.015228440053761005 -0.0001999999803956598 -0.074543498456478119
   vertex 0.023199999704957008 -0.0001999999803956598 -0.055348105728626251
  endloop
 endfacet
 facet normal 0 1 0
  outer loop
   vertex 0.023199999704957008 -0.0001999999803956598 -0.055348105728626251
   vertex 0.015228440053761005 -0.0001999999803956598 -0.074543498456478119
   vertex 0.01530000101774931 -0.0001999999803956598 -0.073999993503093719
  endloop
 endfacet
 facet normal 0 1 -0
  outer loop
   vertex 0.023199999704957008 -0.0001999999803956598 -0.055348105728626251
   vertex 0.01530000101774931 -0.0001999999803956598 -0.073999993503093719
   vertex 0.015228440053761005 -0.0001999999803956598 -0.073456503450870514
  endloop
 endfacet
 facet normal -0 1 0
  outer loop
   vertex 0.015228440053761005 -0.0001999999803956598 -0.073456503450870514
   vertex 0.015018650330603123 -0.0001999999803956598 -0.072949998080730438
   vertex 0.023199999704957008 -0.0001999999803956598 -0.055348105728626251
  endloop
 endfacet
 facet normal 0 1 -0
  outer loop
   vertex 0.023199999704957008 -0.0001999999803956598 -0.055348105728626251
   vertex 0.015018650330603123 -0.0001999999803956598 -0.072949998080730438
   vertex 0.014684920199215412 -0.0001999999803956598 -0.072515092790126801
  endloop
 endfacet
 facet normal 0 1 -0
  outer loop
   vertex 0.023199999704957008 -0.0001999999803956598 -0.055348105728626251
   vertex 0.014684920199215412 -0.0001999999803956598 -0.072515092790126801
   vertex 0.014250000007450581 -0.0001999999803956598 -0.072181306779384613
  endloop
 endfacet
 facet normal 0 1 0
  outer loop
   vertex 0.023199999704957008 -0.0001999999803956598 -0.055348105728626251
   vertex 0.014250000007450581 -0.0001999999803956598 -0.072181306779384613
   vertex 0.020803039893507957 -0.0001999999803956598 -0.039971403777599335
  endloop
 endfacet
 facet normal 0 1 -0
  outer loop
   vertex 0.020803039893507957 -0.0001999999803956598 -0.039971403777599335
   vertex 0.014250000007450581 -0.0001999999803956598 -0.072181306779384613
   vertex 0.013743520714342594 -0.0001999999803956598 -0.071971602737903595
  endloop
 endfacet
 facet normal 0 1 0
  outer loop
   vertex 0.011171559803187847 -0.0001999999803956598 -0.11454349756240845
   vertex 0.011381350457668304 -0.0001999999803956598 -0.11505000293254852
   vertex 0.01367156021296978 -0.0001999999803956598 -0.16345648467540741
  endloop
 endfacet
 facet normal 0 1 0
  outer loop
   vertex 0.01367156021296978 -0.0001999999803956598 -0.16345648467540741
   vertex 0.011381350457668304 -0.0001999999803956598 -0.11505000293254852
   vertex 0.013881350867450237 -0.0001999999803956598 -0.16294999420642853
  endloop
 endfacet
 facet normal 0 1 0
  outer loop
   vertex 0.013881350867450237 -0.0001999999803956598 -0.16294999420642853
   vertex 0.011381350457668304 -0.0001999999803956598 -0.11505000293254852
   vertex 0.011715080589056015 -0.0001999999803956598 -0.11548490077257156
  endloop
 endfacet
 facet normal 0 1 0
  outer loop
   vertex 0.013881350867450237 -0.0001999999803956598 -0.16294999420642853
   vertex 0.011715080589056015 -0.0001999999803956598 -0.11548490077257156
   vertex 0.012149999849498272 -0.0001999999803956598 -0.11581870168447495
  endloop
 endfacet
 facet normal 0 1 0
  outer loop
   vertex 0.013881350867450237 -0.0001999999803956598 -0.16294999420642853
   vertex 0.012149999849498272 -0.0001999999803956598 -0.11581870168447495
   vertex 0.014215080998837948 -0.0001999999803956598 -0.1625150740146637
  endloop
 endfacet
 facet normal 0 1 0
  outer loop
   vertex 0.014215080998837948 -0.0001999999803956598 -0.1625150740146637
   vertex 0.012149999849498272 -0.0001999999803956598 -0.11581870168447495
   vertex 0.012656480073928833 -0.0001999999803956598 -0.11602839827537537
  endloop
 endfacet
 facet normal 0 1 0
  outer loop
   vertex 0.014215080998837948 -0.0001999999803956598 -0.1625150740146637
   vertex 0.012656480073928833 -0.0001999999803956598 -0.11602839827537537
   vertex 0.014650001190602779 -0.0001999999803956598 -0.16218134760856628
  endloop
 endfacet
 facet normal 0 1 0
  outer loop
   vertex 0.014650001190602779 -0.0001999999803956598 -0.16218134760856628
   vertex 0.012656480073928833 -0.0001999999803956598 -0.11602839827537537
   vertex 0.013199999928474426 -0.0001999999803956598 -0.1160999983549118
  endloop
 endfacet
 facet normal 0 1 0
  outer loop
   vertex 0.014650001190602779 -0.0001999999803956598 -0.16218134760856628
   vertex 0.013199999928474426 -0.0001999999803956598 -0.1160999983549118
   vertex 0.015156480483710766 -0.0001999999803956598 -0.1619715541601181
  endloop
 endfacet
 facet normal -0 1 0
  outer loop
   vertex 0.015156480483710766 -0.0001999999803956598 -0.1619715541601181
   vertex 0.013199999928474426 -0.0001999999803956598 -0.1160999983549118
   vertex 0.013743520714342594 -0.0001999999803956598 -0.11602839827537537
  endloop
 endfacet
 facet normal 0 1 0
  outer loop
   vertex 0.015156480483710766 -0.0001999999803956598 -0.1619715541601181
   vertex 0.013743520714342594 -0.0001999999803956598 -0.11602839827537537
   vertex 0.015699999406933784 -0.0001999999803956598 -0.16189999878406525
  endloop
 endfacet
 facet normal -0 1 0
  outer loop
   vertex 0.015699999406933784 -0.0001999999803956598 -0.16189999878406525
   vertex 0.013743520714342594 -0.0001999999803956598 -0.11602839827537537
   vertex 0.014250000007450581 -0.0001999999803956598 -0.11581870168447495
  endloop
 endfacet
 facet normal 0 1 0
  outer loop
   vertex 0.015699999406933784 -0.0001999999803956598 -0.16189999878406525
   vertex 0.014250000007450581 -0.0001999999803956598 -0.11581870168447495
   vertex 0.016243519261479378 -0.0001999999803956598 -0.1619715541601181
  endloop
 endfacet
 facet normal -0 1 0
  outer loop
   vertex 0.016243519261479378 -0.0001999999803956598 -0.1619715541601181
   vertex 0.014250000007450581 -0.0001999999803956598 -0.11581870168447495
   vertex 0.014684920199215412 -0.0001999999803956598 -0.11548490077257156
  endloop
 endfacet
 facet normal 0 1 0
  outer loop
   vertex 0.016243519261479378 -0.0001999999803956598 -0.1619715541601181
   vertex 0.014684920199215412 -0.0001999999803956598 -0.11548490077257156
   vertex 0.016749998554587364 -0.0001999999803956598 -0.16218134760856628
  endloop
 endfacet
 facet normal -0 1 0
  outer loop
   vertex 0.016749998554587364 -0.0001999999803956598 -0.16218134760856628
   vertex 0.014684920199215412 -0.0001999999803956598 -0.11548490077257156
   vertex 0.015018650330603123 -0.0001999999803956598 -0.11505000293254852
  endloop
 endfacet
 facet normal -0 1 0
  outer loop
   vertex 0.01530000101774931 -0.0001999999803956598 -0.11400000005960464
   vertex 0.015228440053761005 -0.0001999999803956598 -0.11345650255680084
   vertex 0.023199999704957008 -0.0001999999803956598 -0.055348105728626251
  endloop
 endfacet
 facet normal 0 1 -0
  outer loop
   vertex -0.018828440457582474 -0.0001999999803956598 -0.073456503450870514
   vertex -0.018900001421570778 -0.0001999999803956598 -0.073999993503093719
   vertex -0.026800001040101051 -0.0001999999803956598 -0.053664706647396088
  endloop
 endfacet
 facet normal 0 1 0
  outer loop
   vertex -0.026800001040101051 -0.0001999999803956598 -0.053664706647396088
   vertex -0.018900001421570778 -0.0001999999803956598 -0.073999993503093719
   vertex -0.018828440457582474 -0.0001999999803956598 -0.074543498456478119
  endloop
 endfacet
 facet normal 0 1 0
  outer loop
   vertex -0.026800001040101051 -0.0001999999803956598 -0.053664706647396088
   vertex -0.018828440457582474 -0.0001999999803956598 -0.074543498456478119
   vertex -0.018828440457582474 -0.0001999999803956598 -0.11345650255680084
  endloop
 endfacet
 facet normal 0 1 0
  outer loop
   vertex -0.018828440457582474 -0.0001999999803956598 -0.11345650255680084
   vertex -0.018828440457582474 -0.0001999999803956598 -0.074543498456478119
   vertex -0.018618650734424591 -0.0001999999803956598 -0.11294999718666077
  endloop
 endfacet
 facet normal 0 1 0
  outer loop
   vertex -0.018618650734424591 -0.0001999999803956598 -0.11294999718666077
   vertex -0.018828440457582474 -0.0001999999803956598 -0.074543498456478119
   vertex -0.018618650734424591 -0.0001999999803956598 -0.075050003826618195
  endloop
 endfacet
 facet normal 0 1 0
  outer loop
   vertex -0.018618650734424591 -0.0001999999803956598 -0.11294999718666077
   vertex -0.018618650734424591 -0.0001999999803956598 -0.075050003826618195
   vertex -0.01828492060303688 -0.0001999999803956598 -0.11251509934663773
  endloop
 endfacet
 facet normal 0 1 0
  outer loop
   vertex -0.01828492060303688 -0.0001999999803956598 -0.11251509934663773
   vertex -0.018618650734424591 -0.0001999999803956598 -0.075050003826618195
   vertex -0.01828492060303688 -0.0001999999803956598 -0.075484894216060638
  endloop
 endfacet
 facet normal 0 1 0
  outer loop
   vertex -0.01828492060303688 -0.0001999999803956598 -0.11251509934663773
   vertex -0.01828492060303688 -0.0001999999803956598 -0.075484894216060638
   vertex -0.017850000411272049 -0.0001999999803956598 -0.11218129843473434
  endloop
 endfacet
 facet normal 0 1 0
  outer loop
   vertex -0.017850000411272049 -0.0001999999803956598 -0.11218129843473434
   vertex -0.01828492060303688 -0.0001999999803956598 -0.075484894216060638
   vertex -0.017850000411272049 -0.0001999999803956598 -0.07581869512796402
  endloop
 endfacet
 facet normal 0 1 0
  outer loop
   vertex -0.017850000411272049 -0.0001999999803956598 -0.11218129843473434
   vertex -0.017850000411272049 -0.0001999999803956598 -0.07581869512796402
   vertex -0.017343521118164062 -0.0001999999803956598 -0.11197160184383392
  endloop
 endfacet
 facet normal 0 1 0
  outer loop
   vertex -0.017343521118164062 -0.0001999999803956598 -0.11197160184383392
   vertex -0.017850000411272049 -0.0001999999803956598 -0.07581869512796402
   vertex -0.017343521118164062 -0.0001999999803956598 -0.076028399169445038
  endloop
 endfacet
 facet normal 0 1 0
  outer loop
   vertex -0.017343521118164062 -0.0001999999803956598 -0.11197160184383392
   vertex -0.017343521118164062 -0.0001999999803956598 -0.076028399169445038
   vertex -0.01679999940097332 -0.0001999999803956598 -0.11190000176429749
  endloop
 endfacet
 facet normal 0 1 0
  outer loop
   vertex -0.01679999940097332 -0.0001999999803956598 -0.11190000176429749
   vertex -0.017343521118164062 -0.0001999999803956598 -0.076028399169445038
   vertex -0.01679999940097332 -0.0001999999803956598 -0.076099999248981476
  endloop
 endfacet
 facet normal 0 1 0
  outer loop
   vertex -0.01679999940097332 -0.0001999999803956598 -0.11190000176429749
   vertex -0.01679999940097332 -0.0001999999803956598 -0.076099999248981476
   vertex -0.016256479546427727 -0.0001999999803956598 -0.11197160184383392
  endloop
 endfacet
 facet normal -0 1 0
  outer loop
   vertex -0.016256479546427727 -0.0001999999803956598 -0.11197160184383392
   vertex -0.01679999940097332 -0.0001999999803956598 -0.076099999248981476
   vertex -0.016256479546427727 -0.0001999999803956598 -0.076028399169445038
  endloop
 endfacet
 facet normal 0 1 0
  outer loop
   vertex -0.016256479546427727 -0.0001999999803956598 -0.11197160184383392
   vertex -0.016256479546427727 -0.0001999999803956598 -0.076028399169445038
   vertex -0.01575000025331974 -0.0001999999803956598 -0.11218129843473434
  endloop
 endfacet
 facet normal -0 1 0
  outer loop
   vertex -0.01575000025331974 -0.0001999999803956598 -0.11218129843473434
   vertex -0.016256479546427727 -0.0001999999803956598 -0.076028399169445038
   vertex -0.01575000025331974 -0.0001999999803956598 -0.07581869512796402
  endloop
 endfacet
 facet normal 0 1 0
  outer loop
   vertex -0.01575000025331974 -0.0001999999803956598 -0.11218129843473434
   vertex -0.01575000025331974 -0.0001999999803956598 -0.07581869512796402
   vertex -0.015315080061554909 -0.0001999999803956598 -0.11251509934663773
  endloop
 endfacet
 facet normal -0 1 0
  outer loop
   vertex -0.015315080061554909 -0.0001999999803956598 -0.11251509934663773
   vertex -0.01575000025331974 -0.0001999999803956598 -0.07581869512796402
   vertex -0.015315080061554909 -0.0001999999803956598 -0.075484894216060638
  endloop
 endfacet
 facet normal 0 1 0
  outer loop
   vertex -0.015315080061554909 -0.0001999999803956598 -0.11251509934663773
   vertex -0.015315080061554909 -0.0001999999803956598 -0.075484894216060638
   vertex -0.014981349930167198 -0.0001999999803956598 -0.11294999718666077
  endloop
 endfacet
 facet normal -0 1 0
  outer loop
   vertex -0.014981349930167198 -0.0001999999803956598 -0.11294999718666077
   vertex -0.015315080061554909 -0.0001999999803956598 -0.075484894216060638
   vertex -0.014981349930167198 -0.0001999999803956598 -0.075050003826618195
  endloop
 endfacet
 facet normal 0 1 0
  outer loop
   vertex -0.014981349930167198 -0.0001999999803956598 -0.11294999718666077
   vertex -0.014981349930167198 -0.0001999999803956598 -0.075050003826618195
   vertex -0.014771559275686741 -0.0001999999803956598 -0.11345650255680084
  endloop
 endfacet
 facet normal -0 1 0
  outer loop
   vertex -0.014771559275686741 -0.0001999999803956598 -0.11345650255680084
   vertex -0.014981349930167198 -0.0001999999803956598 -0.075050003826618195
   vertex -0.014771559275686741 -0.0001999999803956598 -0.074543498456478119
  endloop
 endfacet
 facet normal 0 1 -0
  outer loop
   vertex -0.01679999940097332 -0.0001999999803956598 -0.071900002658367157
   vertex -0.017343521118164062 -0.0001999999803956598 -0.071971602737903595
   vertex -0.020732861012220383 -0.0001999999803956598 -0.039971403777599335
  endloop
 endfacet
 facet normal 0 1 0
  outer loop
   vertex -0.020732861012220383 -0.0001999999803956598 -0.039971403777599335
   vertex -0.017343521118164062 -0.0001999999803956598 -0.071971602737903595
   vertex -0.021050689741969109 -0.0001999999803956598 -0.040385596454143524
  endloop
 endfacet
 facet normal 0 1 0
  outer loop
   vertex -0.021050689741969109 -0.0001999999803956598 -0.040385596454143524
   vertex -0.017343521118164062 -0.0001999999803956598 -0.071971602737903595
   vertex -0.017850000411272049 -0.0001999999803956598 -0.072181306779384613
  endloop
 endfacet
 facet normal 0 1 0
  outer loop
   vertex -0.021050689741969109 -0.0001999999803956598 -0.040385596454143524
   vertex -0.017850000411272049 -0.0001999999803956598 -0.072181306779384613
   vertex -0.021464910358190536 -0.0001999999803956598 -0.040703393518924713
  endloop
 endfacet
 facet normal 0 1 0
  outer loop
   vertex -0.021464910358190536 -0.0001999999803956598 -0.040703393518924713
   vertex -0.017850000411272049 -0.0001999999803956598 -0.072181306779384613
   vertex -0.025436460971832275 -0.0001999999803956598 -0.04817519336938858
  endloop
 endfacet
 facet normal 0 1 0
  outer loop
   vertex -0.021464910358190536 -0.0001999999803956598 -0.040703393518924713
   vertex -0.025436460971832275 -0.0001999999803956598 -0.04817519336938858
   vertex -0.021947270259261131 -0.0001999999803956598 -0.040903203189373016
  endloop
 endfacet
 facet normal 0 1 0
  outer loop
   vertex -0.021947270259261131 -0.0001999999803956598 -0.040903203189373016
   vertex -0.025436460971832275 -0.0001999999803956598 -0.04817519336938858
   vertex -0.025364911183714867 -0.0001999999803956598 -0.047631703317165375
  endloop
 endfacet
 facet normal 0 1 0
  outer loop
   vertex -0.021947270259261131 -0.0001999999803956598 -0.040903203189373016
   vertex -0.025364911183714867 -0.0001999999803956598 -0.047631703317165375
   vertex -0.02246491052210331 -0.0001999999803956598 -0.040971405804157257
  endloop
 endfacet
 facet normal 0 1 0
  outer loop
   vertex -0.02246491052210331 -0.0001999999803956598 -0.040971405804157257
   vertex -0.025364911183714867 -0.0001999999803956598 -0.047631703317165375
   vertex -0.022982541471719742 -0.0001999999803956598 -0.040903203189373016
  endloop
 endfacet
 facet normal 0 1 -0
  outer loop
   vertex -0.022982541471719742 -0.0001999999803956598 -0.040903203189373016
   vertex -0.025364911183714867 -0.0001999999803956598 -0.047631703317165375
   vertex -0.025436460971832275 -0.0001999999803956598 -0.047088094055652618
  endloop
 endfacet
 facet normal 0 1 0
  outer loop
   vertex -0.022982541471719742 -0.0001999999803956598 -0.040903203189373016
   vertex -0.025436460971832275 -0.0001999999803956598 -0.047088094055652618
   vertex -0.023464910686016083 -0.0001999999803956598 -0.040703393518924713
  endloop
 endfacet
 facet normal 0 1 0
  outer loop
   vertex -0.023464910686016083 -0.0001999999803956598 -0.040703393518924713
   vertex -0.025436460971832275 -0.0001999999803956598 -0.047088094055652618
   vertex -0.023879120126366615 -0.0001999999803956598 -0.040385596454143524
  endloop
 endfacet
 facet normal 0 1 -0
  outer loop
   vertex -0.023879120126366615 -0.0001999999803956598 -0.040385596454143524
   vertex -0.025436460971832275 -0.0001999999803956598 -0.047088094055652618
   vertex -0.025646250694990158 -0.0001999999803956598 -0.0465816929936409
  endloop
 endfacet
 facet normal 0 1 0
  outer loop
   vertex -0.023879120126366615 -0.0001999999803956598 -0.040385596454143524
   vertex -0.025646250694990158 -0.0001999999803956598 -0.0465816929936409
   vertex -0.024196960031986237 -0.0001999999803956598 -0.039971403777599335
  endloop
 endfacet
 facet normal 0 1 -0
  outer loop
   vertex -0.024196960031986237 -0.0001999999803956598 -0.039971403777599335
   vertex -0.025646250694990158 -0.0001999999803956598 -0.0465816929936409
   vertex -0.025979980826377869 -0.0001999999803956598 -0.046146698296070099
  endloop
 endfacet
 facet normal 0 1 0
  outer loop
   vertex -0.024196960031986237 -0.0001999999803956598 -0.039971403777599335
   vertex -0.025979980826377869 -0.0001999999803956598 -0.046146698296070099
   vertex -0.024396760389208794 -0.0001999999803956598 -0.039488993585109711
  endloop
 endfacet
 facet normal 0 1 -0
  outer loop
   vertex -0.024396760389208794 -0.0001999999803956598 -0.039488993585109711
   vertex -0.025979980826377869 -0.0001999999803956598 -0.046146698296070099
   vertex -0.026414910331368446 -0.0001999999803956598 -0.045813001692295074
  endloop
 endfacet
 facet normal 0 1 -0
  outer loop
   vertex -0.024396760389208794 -0.0001999999803956598 -0.039488993585109711
   vertex -0.026414910331368446 -0.0001999999803956598 -0.045813001692295074
   vertex -0.026921391487121582 -0.0001999999803956598 -0.045603193342685699
  endloop
 endfacet
 facet normal 0 1 -0
  outer loop
   vertex -0.017850000411272049 -0.0001999999803956598 -0.072181306779384613
   vertex -0.01828492060303688 -0.0001999999803956598 -0.072515092790126801
   vertex -0.025436460971832275 -0.0001999999803956598 -0.04817519336938858
  endloop
 endfacet
 facet normal 0 1 0
  outer loop
   vertex -0.025436460971832275 -0.0001999999803956598 -0.04817519336938858
   vertex -0.01828492060303688 -0.0001999999803956598 -0.072515092790126801
   vertex -0.026800001040101051 -0.0001999999803956598 -0.053664706647396088
  endloop
 endfacet
 facet normal 0 1 0
  outer loop
   vertex -0.025436460971832275 -0.0001999999803956598 -0.04817519336938858
   vertex -0.026800001040101051 -0.0001999999803956598 -0.053664706647396088
   vertex -0.025646250694990158 -0.0001999999803956598 -0.048681698739528656
  endloop
 endfacet
 facet normal 0 1 0
  outer loop
   vertex -0.025646250694990158 -0.0001999999803956598 -0.048681698739528656
   vertex -0.026800001040101051 -0.0001999999803956598 -0.053664706647396088
   vertex -0.025979980826377869 -0.0001999999803956598 -0.049116604030132294
  endloop
 endfacet
 facet normal 0 1 0
  outer loop
   vertex -0.025979980826377869 -0.0001999999803956598 -0.049116604030132294
   vertex -0.026800001040101051 -0.0001999999803956598 -0.053664706647396088
   vertex -0.026414910331368446 -0.0001999999803956598 -0.049450300633907318
  endloop
 endfacet
 facet normal 0 1 -0
  outer loop
   vertex -0.026414910331368446 -0.0001999999803956598 -0.049450300633907318
   vertex -0.026800001040101051 -0.0001999999803956598 -0.053664706647396088
   vertex -0.026921391487121582 -0.0001999999803956598 -0.049660094082355499
  endloop
 endfacet
 facet normal 0 1 0
  outer loop
   vertex -0.026921391487121582 -0.0001999999803956598 -0.049660094082355499
   vertex -0.026800001040101051 -0.0001999999803956598 -0.053664706647396088
   vertex -0.027464911341667175 -0.0001999999803956598 -0.049731694161891937
  endloop
 endfacet
 facet normal 0 1 -0
  outer loop
   vertex -0.01828492060303688 -0.0001999999803956598 -0.072515092790126801
   vertex -0.018618650734424591 -0.0001999999803956598 -0.072949998080730438
   vertex -0.026800001040101051 -0.0001999999803956598 -0.053664706647396088
  endloop
 endfacet
 facet normal 0 1 0
  outer loop
   vertex -0.026800001040101051 -0.0001999999803956598 -0.053664706647396088
   vertex -0.018618650734424591 -0.0001999999803956598 -0.072949998080730438
   vertex -0.018828440457582474 -0.0001999999803956598 -0.073456503450870514
  endloop
 endfacet
 facet normal 0 1 0
  outer loop
   vertex -0.018828440457582474 -0.0001999999803956598 -0.11454349756240845
   vertex -0.021328439936041832 -0.0001999999803956598 -0.16345648467540741
   vertex -0.018900001421570778 -0.0001999999803956598 -0.11400000005960464
  endloop
 endfacet
 facet normal 0 1 -0
  outer loop
   vertex -0.018900001421570778 -0.0001999999803956598 -0.11400000005960464
   vertex -0.021328439936041832 -0.0001999999803956598 -0.16345648467540741
   vertex -0.021400000900030136 -0.0001999999803956598 -0.164000004529953
  endloop
 endfacet
 facet normal 0 1 -0
  outer loop
   vertex -0.018900001421570778 -0.0001999999803956598 -0.11400000005960464
   vertex -0.021400000900030136 -0.0001999999803956598 -0.164000004529953
   vertex -0.026800001040101051 -0.0001999999803956598 -0.053664706647396088
  endloop
 endfacet
 facet normal 0 1 0
  outer loop
   vertex -0.021328439936041832 -0.0001999999803956598 -0.16345648467540741
   vertex -0.018828440457582474 -0.0001999999803956598 -0.11454349756240845
   vertex -0.021118650212883949 -0.0001999999803956598 -0.16294999420642853
  endloop
 endfacet
 facet normal 0 1 0
  outer loop
   vertex -0.021118650212883949 -0.0001999999803956598 -0.16294999420642853
   vertex -0.018828440457582474 -0.0001999999803956598 -0.11454349756240845
   vertex -0.018618650734424591 -0.0001999999803956598 -0.11505000293254852
  endloop
 endfacet
 facet normal 0 1 0
  outer loop
   vertex -0.021118650212883949 -0.0001999999803956598 -0.16294999420642853
   vertex -0.018618650734424591 -0.0001999999803956598 -0.11505000293254852
   vertex -0.020784920081496239 -0.0001999999803956598 -0.1625150740146637
  endloop
 endfacet
 facet normal 0 1 0
  outer loop
   vertex -0.020784920081496239 -0.0001999999803956598 -0.1625150740146637
   vertex -0.018618650734424591 -0.0001999999803956598 -0.11505000293254852
   vertex -0.020349999889731407 -0.0001999999803956598 -0.16218134760856628
  endloop
 endfacet
 facet normal 0 1 0
  outer loop
   vertex -0.020349999889731407 -0.0001999999803956598 -0.16218134760856628
   vertex -0.018618650734424591 -0.0001999999803956598 -0.11505000293254852
   vertex -0.01828492060303688 -0.0001999999803956598 -0.11548490077257156
  endloop
 endfacet
 facet normal 0 1 0
  outer loop
   vertex -0.020349999889731407 -0.0001999999803956598 -0.16218134760856628
   vertex -0.01828492060303688 -0.0001999999803956598 -0.11548490077257156
   vertex -0.019843520596623421 -0.0001999999803956598 -0.1619715541601181
  endloop
 endfacet
 facet normal 0 1 0
  outer loop
   vertex -0.019843520596623421 -0.0001999999803956598 -0.1619715541601181
   vertex -0.01828492060303688 -0.0001999999803956598 -0.11548490077257156
   vertex -0.017850000411272049 -0.0001999999803956598 -0.11581870168447495
  endloop
 endfacet
 facet normal 0 1 0
  outer loop
   vertex -0.019843520596623421 -0.0001999999803956598 -0.1619715541601181
   vertex -0.017850000411272049 -0.0001999999803956598 -0.11581870168447495
   vertex -0.019300000742077827 -0.0001999999803956598 -0.16189999878406525
  endloop
 endfacet
 facet normal 0 1 0
  outer loop
   vertex -0.019300000742077827 -0.0001999999803956598 -0.16189999878406525
   vertex -0.017850000411272049 -0.0001999999803956598 -0.11581870168447495
   vertex -0.017343521118164062 -0.0001999999803956598 -0.11602839827537537
  endloop
 endfacet
 facet normal 0 1 0
  outer loop
   vertex -0.019300000742077827 -0.0001999999803956598 -0.16189999878406525
   vertex -0.017343521118164062 -0.0001999999803956598 -0.11602839827537537
   vertex -0.018756480887532234 -0.0001999999803956598 -0.1619715541601181
  endloop
 endfacet
 facet normal 0 1 0
  outer loop
   vertex -0.018756480887532234 -0.0001999999803956598 -0.1619715541601181
   vertex -0.017343521118164062 -0.0001999999803956598 -0.11602839827537537
   vertex -0.01679999940097332 -0.0001999999803956598 -0.1160999983549118
  endloop
 endfacet
 facet normal 0 1 0
  outer loop
   vertex -0.018756480887532234 -0.0001999999803956598 -0.1619715541601181
   vertex -0.01679999940097332 -0.0001999999803956598 -0.1160999983549118
   vertex -0.018250001594424248 -0.0001999999803956598 -0.16218134760856628
  endloop
 endfacet
 facet normal -0 1 0
  outer loop
   vertex -0.018250001594424248 -0.0001999999803956598 -0.16218134760856628
   vertex -0.01679999940097332 -0.0001999999803956598 -0.1160999983549118
   vertex -0.016256479546427727 -0.0001999999803956598 -0.11602839827537537
  endloop
 endfacet
 facet normal 0 1 0
  outer loop
   vertex -0.018250001594424248 -0.0001999999803956598 -0.16218134760856628
   vertex -0.016256479546427727 -0.0001999999803956598 -0.11602839827537537
   vertex -0.017815081402659416 -0.0001999999803956598 -0.1625150740146637
  endloop
 endfacet
 facet normal -0 1 0
  outer loop
   vertex -0.017815081402659416 -0.0001999999803956598 -0.1625150740146637
   vertex -0.016256479546427727 -0.0001999999803956598 -0.11602839827537537
   vertex -0.01575000025331974 -0.0001999999803956598 -0.11581870168447495
  endloop
 endfacet
 facet normal 0 1 0
  outer loop
   vertex -0.017815081402659416 -0.0001999999803956598 -0.1625150740146637
   vertex -0.01575000025331974 -0.0001999999803956598 -0.11581870168447495
   vertex -0.017481351271271706 -0.0001999999803956598 -0.16294999420642853
  endloop
 endfacet
 facet normal -0 1 0
  outer loop
   vertex -0.017481351271271706 -0.0001999999803956598 -0.16294999420642853
   vertex -0.01575000025331974 -0.0001999999803956598 -0.11581870168447495
   vertex -0.015315080061554909 -0.0001999999803956598 -0.11548490077257156
  endloop
 endfacet
 facet normal -0 1 0
  outer loop
   vertex -0.017481351271271706 -0.0001999999803956598 -0.16294999420642853
   vertex -0.015315080061554909 -0.0001999999803956598 -0.11548490077257156
   vertex -0.014981349930167198 -0.0001999999803956598 -0.11505000293254852
  endloop
 endfacet
 facet normal 0 1 0
  outer loop
   vertex -0.017481351271271706 -0.0001999999803956598 -0.16294999420642853
   vertex -0.014981349930167198 -0.0001999999803956598 -0.11505000293254852
   vertex -0.017271559685468674 -0.0001999999803956598 -0.16345648467540741
  endloop
 endfacet
 facet normal -0 1 0
  outer loop
   vertex -0.017271559685468674 -0.0001999999803956598 -0.16345648467540741
   vertex -0.014981349930167198 -0.0001999999803956598 -0.11505000293254852
   vertex -0.014771559275686741 -0.0001999999803956598 -0.11454349756240845
  endloop
 endfacet
 facet normal 0 1 -0
  outer loop
   vertex -0.018828440457582474 -0.0001999999803956598 -0.11345650255680084
   vertex -0.018900001421570778 -0.0001999999803956598 -0.11400000005960464
   vertex -0.026800001040101051 -0.0001999999803956598 -0.053664706647396088
  endloop
 endfacet
 facet normal 0 1 0
  outer loop
   vertex -0.024396760389208794 -0.0001999999803956598 -0.039488993585109711
   vertex -0.026921391487121582 -0.0001999999803956598 -0.045603193342685699
   vertex -0.024464910849928856 -0.0001999999803956598 -0.038971401751041412
  endloop
 endfacet
 facet normal 0 1 -0
  outer loop
   vertex -0.024464910849928856 -0.0001999999803956598 -0.038971401751041412
   vertex -0.026921391487121582 -0.0001999999803956598 -0.045603193342685699
   vertex -0.027464911341667175 -0.0001999999803956598 -0.045531697571277618
  endloop
 endfacet
 facet normal 0 1 -0
  outer loop
   vertex -0.024464910849928856 -0.0001999999803956598 -0.038971401751041412
   vertex -0.027464911341667175 -0.0001999999803956598 -0.045531697571277618
   vertex -0.028008431196212769 -0.0001999999803956598 -0.045603193342685699
  endloop
 endfacet
 facet normal 0 1 0
  outer loop
   vertex 0.024466939270496368 -0.0001999999803956598 0.039488501846790314
   vertex 0.026991568505764008 -0.0001999999803956598 0.045602686703205109
   vertex 0.024535089731216431 -0.0001999999803956598 0.038970895111560822
  endloop
 endfacet
 facet normal 0 1 0
  outer loop
   vertex 0.024535089731216431 -0.0001999999803956598 0.038970895111560822
   vertex 0.026991568505764008 -0.0001999999803956598 0.045602686703205109
   vertex 0.02753509022295475 -0.0001999999803956598 0.045531101524829865
  endloop
 endfacet
 facet normal -0 1 0
  outer loop
   vertex 0.024535089731216431 -0.0001999999803956598 0.038970895111560822
   vertex 0.02753509022295475 -0.0001999999803956598 0.045531101524829865
   vertex 0.028078610077500343 -0.0001999999803956598 0.045602686703205109
  endloop
 endfacet
 facet normal -0 1 0
  outer loop
   vertex -0.020533060654997826 -0.0001999999803956598 0.039488501846790314
   vertex -0.020732861012220383 -0.0001999999803956598 0.039970912039279938
   vertex -0.016354609280824661 -0.0001999999803956598 0.057717807590961456
  endloop
 endfacet
 facet normal -0 1 0
  outer loop
   vertex -0.021464910358190536 -0.0001999999803956598 0.040702886879444122
   vertex -0.021947270259261131 -0.0001999999803956598 0.040902711451053619
   vertex -0.020887911319732666 -0.0001999999803956598 0.056233413517475128
  endloop
 endfacet
 facet normal 0 1 -0
  outer loop
   vertex -0.020887911319732666 -0.0001999999803956598 0.056233413517475128
   vertex -0.021947270259261131 -0.0001999999803956598 0.040902711451053619
   vertex -0.02246491052210331 -0.0001999999803956598 0.040970899164676666
  endloop
 endfacet
 facet normal 0 1 -0
  outer loop
   vertex -0.020887911319732666 -0.0001999999803956598 0.056233413517475128
   vertex -0.02246491052210331 -0.0001999999803956598 0.040970899164676666
   vertex -0.025364911183714867 -0.0001999999803956598 0.047631092369556427
  endloop
 endfacet
 facet normal 0 1 0
  outer loop
   vertex -0.025364911183714867 -0.0001999999803956598 0.047631092369556427
   vertex -0.02246491052210331 -0.0001999999803956598 0.040970899164676666
   vertex -0.022982541471719742 -0.0001999999803956598 0.040902711451053619
  endloop
 endfacet
 facet normal 0 1 0
  outer loop
   vertex -0.025364911183714867 -0.0001999999803956598 0.047631092369556427
   vertex -0.022982541471719742 -0.0001999999803956598 0.040902711451053619
   vertex -0.025436460971832275 -0.0001999999803956598 0.047087587416172028
  endloop
 endfacet
 facet normal 0 1 0
  outer loop
   vertex -0.025436460971832275 -0.0001999999803956598 0.047087587416172028
   vertex -0.022982541471719742 -0.0001999999803956598 0.040902711451053619
   vertex -0.023464910686016083 -0.0001999999803956598 0.040702886879444122
  endloop
 endfacet
 facet normal 0 1 0
  outer loop
   vertex -0.025436460971832275 -0.0001999999803956598 0.047087587416172028
   vertex -0.023464910686016083 -0.0001999999803956598 0.040702886879444122
   vertex -0.023879120126366615 -0.0001999999803956598 0.040385104715824127
  endloop
 endfacet
 facet normal 0 1 0
  outer loop
   vertex -0.025436460971832275 -0.0001999999803956598 0.047087587416172028
   vertex -0.023879120126366615 -0.0001999999803956598 0.040385104715824127
   vertex -0.025646250694990158 -0.0001999999803956598 0.046581096947193146
  endloop
 endfacet
 facet normal 0 1 0
  outer loop
   vertex -0.025646250694990158 -0.0001999999803956598 0.046581096947193146
   vertex -0.023879120126366615 -0.0001999999803956598 0.040385104715824127
   vertex -0.024196960031986237 -0.0001999999803956598 0.039970912039279938
  endloop
 endfacet
 facet normal 0 1 0
  outer loop
   vertex -0.025646250694990158 -0.0001999999803956598 0.046581096947193146
   vertex -0.024196960031986237 -0.0001999999803956598 0.039970912039279938
   vertex -0.025979980826377869 -0.0001999999803956598 0.046146191656589508
  endloop
 endfacet
 facet normal 0 1 0
  outer loop
   vertex -0.025979980826377869 -0.0001999999803956598 0.046146191656589508
   vertex -0.024196960031986237 -0.0001999999803956598 0.039970912039279938
   vertex -0.024396760389208794 -0.0001999999803956598 0.039488501846790314
  endloop
 endfacet
 facet normal 0 1 0
  outer loop
   vertex -0.025979980826377869 -0.0001999999803956598 0.046146191656589508
   vertex -0.024396760389208794 -0.0001999999803956598 0.039488501846790314
   vertex -0.026414910331368446 -0.0001999999803956598 0.045812495052814484
  endloop
 endfacet
 facet normal 0 1 0
  outer loop
   vertex -0.026414910331368446 -0.0001999999803956598 0.045812495052814484
   vertex -0.024396760389208794 -0.0001999999803956598 0.039488501846790314
   vertex -0.026921391487121582 -0.0001999999803956598 0.045602686703205109
  endloop
 endfacet
 facet normal 0 1 0
  outer loop
   vertex -0.026921391487121582 -0.0001999999803956598 0.045602686703205109
   vertex -0.024396760389208794 -0.0001999999803956598 0.039488501846790314
   vertex -0.024464910849928856 -0.0001999999803956598 0.038970895111560822
  endloop
 endfacet
 facet normal 0 1 0
  outer loop
   vertex -0.026921391487121582 -0.0001999999803956598 0.045602686703205109
   vertex -0.024464910849928856 -0.0001999999803956598 0.038970895111560822
   vertex -0.027464911341667175 -0.0001999999803956598 0.045531101524829865
  endloop
 endfacet
 facet normal 0 1 0
  outer loop
   vertex -0.027464911341667175 -0.0001999999803956598 0.045531101524829865
   vertex -0.024464910849928856 -0.0001999999803956598 0.038970895111560822
   vertex -0.028008431196212769 -0.0001999999803956598 0.045602686703205109
  endloop
 endfacet
 facet normal 0 1 0
  outer loop
   vertex -0.028008431196212769 -0.0001999999803956598 0.045602686703205109
   vertex -0.024464910849928856 -0.0001999999803956598 0.038970895111560822
   vertex -0.024396760389208794 -0.0001999999803956598 0.038453288376331329
  endloop
 endfacet
 facet normal 0 1 0
  outer loop
   vertex 0.024466939270496368 -0.0001999999803956598 -0.03845379501581192
   vertex 0.028078610077500343 -0.0001999999803956598 -0.045603193342685699
   vertex 0.024535089731216431 -0.0001999999803956598 -0.038971401751041412
  endloop
 endfacet
 facet normal 0 1 0
  outer loop
   vertex 0.024535089731216431 -0.0001999999803956598 -0.038971401751041412
   vertex 0.028078610077500343 -0.0001999999803956598 -0.045603193342685699
   vertex 0.02753509022295475 -0.0001999999803956598 -0.045531697571277618
  endloop
 endfacet
 facet normal 0 1 0
  outer loop
   vertex 0.024535089731216431 -0.0001999999803956598 -0.038971401751041412
   vertex 0.02753509022295475 -0.0001999999803956598 -0.045531697571277618
   vertex 0.026991568505764008 -0.0001999999803956598 -0.045603193342685699
  endloop
 endfacet
 facet normal 0 1 0
  outer loop
   vertex 0.020803039893507957 -0.0001999999803956598 -0.039971403777599335
   vertex 0.021120879799127579 -0.0001999999803956598 -0.040385596454143524
   vertex 0.023199999704957008 -0.0001999999803956598 -0.055348105728626251
  endloop
 endfacet
 facet normal 0 1 0
  outer loop
   vertex 0.023199999704957008 -0.0001999999803956598 -0.055348105728626251
   vertex 0.021120879799127579 -0.0001999999803956598 -0.040385596454143524
   vertex 0.021535089239478111 -0.0001999999803956598 -0.040703393518924713
  endloop
 endfacet
 facet normal 0 1 0
  outer loop
   vertex 0.023199999704957008 -0.0001999999803956598 -0.055348105728626251
   vertex 0.021535089239478111 -0.0001999999803956598 -0.040703393518924713
   vertex 0.022017458453774452 -0.0001999999803956598 -0.040903203189373016
  endloop
 endfacet
 facet normal 0 1 0
  outer loop
   vertex 0.022017458453774452 -0.0001999999803956598 -0.040903203189373016
   vertex 0.022535089403390884 -0.0001999999803956598 -0.040971405804157257
   vertex 0.023199999704957008 -0.0001999999803956598 -0.055348105728626251
  endloop
 endfacet
 facet normal 0 1 0
  outer loop
   vertex 0.025435090065002441 -0.0001999999803956598 -0.047631703317165375
   vertex 0.023052729666233063 -0.0001999999803956598 -0.040903203189373016
   vertex 0.025506649166345596 -0.0001999999803956598 -0.047088094055652618
  endloop
 endfacet
 facet normal -0 1 0
  outer loop
   vertex 0.025506649166345596 -0.0001999999803956598 -0.047088094055652618
   vertex 0.023052729666233063 -0.0001999999803956598 -0.040903203189373016
   vertex 0.023535089567303658 -0.0001999999803956598 -0.040703393518924713
  endloop
 endfacet
 facet normal -0 1 0
  outer loop
   vertex 0.025506649166345596 -0.0001999999803956598 -0.047088094055652618
   vertex 0.023535089567303658 -0.0001999999803956598 -0.040703393518924713
   vertex 0.023949310183525085 -0.0001999999803956598 -0.040385596454143524
  endloop
 endfacet
 facet normal 0 1 0
  outer loop
   vertex 0.025506649166345596 -0.0001999999803956598 -0.047088094055652618
   vertex 0.023949310183525085 -0.0001999999803956598 -0.040385596454143524
   vertex 0.025716438889503479 -0.0001999999803956598 -0.0465816929936409
  endloop
 endfacet
 facet normal -0 1 0
  outer loop
   vertex 0.025716438889503479 -0.0001999999803956598 -0.0465816929936409
   vertex 0.023949310183525085 -0.0001999999803956598 -0.040385596454143524
   vertex 0.024267138913273811 -0.0001999999803956598 -0.039971403777599335
  endloop
 endfacet
 facet normal 0 1 0
  outer loop
   vertex 0.025716438889503479 -0.0001999999803956598 -0.0465816929936409
   vertex 0.024267138913273811 -0.0001999999803956598 -0.039971403777599335
   vertex 0.02605016902089119 -0.0001999999803956598 -0.046146698296070099
  endloop
 endfacet
 facet normal -0 1 0
  outer loop
   vertex 0.02605016902089119 -0.0001999999803956598 -0.046146698296070099
   vertex 0.024267138913273811 -0.0001999999803956598 -0.039971403777599335
   vertex 0.024466939270496368 -0.0001999999803956598 -0.039488993585109711
  endloop
 endfacet
 facet normal 0 1 0
  outer loop
   vertex 0.02605016902089119 -0.0001999999803956598 -0.046146698296070099
   vertex 0.024466939270496368 -0.0001999999803956598 -0.039488993585109711
   vertex 0.026485089212656021 -0.0001999999803956598 -0.045813001692295074
  endloop
 endfacet
 facet normal 0 1 0
  outer loop
   vertex 0.026485089212656021 -0.0001999999803956598 -0.045813001692295074
   vertex 0.024466939270496368 -0.0001999999803956598 -0.039488993585109711
   vertex 0.026991568505764008 -0.0001999999803956598 -0.045603193342685699
  endloop
 endfacet
 facet normal -0 1 0
  outer loop
   vertex 0.026991568505764008 -0.0001999999803956598 -0.045603193342685699
   vertex 0.024466939270496368 -0.0001999999803956598 -0.039488993585109711
   vertex 0.024535089731216431 -0.0001999999803956598 -0.038971401751041412
  endloop
 endfacet
 facet normal -0 1 0
  outer loop
   vertex 0.052935089915990829 -0.0001999999803956598 -3.060102358176664e-07
   vertex 0.04696694016456604 -0.0001999999803956598 0.00051740504568442702
   vertex 0.053006649017333984 -0.0001999999803956598 0.00054330326383933425
  endloop
 endfacet
 facet normal 0 1 -0
  outer loop
   vertex 0.053006649017333984 -0.0001999999803956598 0.00054330326383933425
   vertex 0.04696694016456604 -0.0001999999803956598 0.00051740504568442702
   vertex 0.046767137944698334 -0.0001999999803956598 0.00099969597067683935
  endloop
 endfacet
 facet normal -0 1 0
  outer loop
   vertex 0.053006649017333984 -0.0001999999803956598 0.00054330326383933425
   vertex 0.046767137944698334 -0.0001999999803956598 0.00099969597067683935
   vertex 0.053216438740491867 -0.0001999999803956598 0.0010497042676433921
  endloop
 endfacet
 facet normal 0 1 -0
  outer loop
   vertex -0.021328439936041832 -0.0001999999803956598 -0.21345648169517517
   vertex -0.021400000900030136 -0.0001999999803956598 -0.21400000154972076
   vertex -0.026800001040101051 -0.0001999999803956598 -0.22400000691413879
  endloop
 endfacet
 facet normal 0 1 0
  outer loop
   vertex -0.026800001040101051 -0.0001999999803956598 -0.22400000691413879
   vertex -0.021400000900030136 -0.0001999999803956598 -0.21400000154972076
   vertex -0.021328439936041832 -0.0001999999803956598 -0.21454352140426636
  endloop
 endfacet
 facet normal 0 1 0
  outer loop
   vertex -0.026800001040101051 -0.0001999999803956598 -0.22400000691413879
   vertex -0.021328439936041832 -0.0001999999803956598 -0.21454352140426636
   vertex -0.021118650212883949 -0.0001999999803956598 -0.21504999697208405
  endloop
 endfacet
 facet normal 0 1 0
  outer loop
   vertex -0.021118650212883949 -0.0001999999803956598 -0.21504999697208405
   vertex -0.020784920081496239 -0.0001999999803956598 -0.21548491716384888
   vertex -0.026800001040101051 -0.0001999999803956598 -0.22400000691413879
  endloop
 endfacet
 facet normal 0 1 0
  outer loop
   vertex -0.026800001040101051 -0.0001999999803956598 -0.22400000691413879
   vertex -0.020784920081496239 -0.0001999999803956598 -0.21548491716384888
   vertex -0.020349999889731407 -0.0001999999803956598 -0.21581865847110748
  endloop
 endfacet
 facet normal 0 1 0
  outer loop
   vertex -0.026800001040101051 -0.0001999999803956598 -0.22400000691413879
   vertex -0.020349999889731407 -0.0001999999803956598 -0.21581865847110748
   vertex -0.019843520596623421 -0.0001999999803956598 -0.21602843701839447
  endloop
 endfacet
 facet normal 0 1 0
  outer loop
   vertex -0.019843520596623421 -0.0001999999803956598 -0.21602843701839447
   vertex -0.019300000742077827 -0.0001999999803956598 -0.21610000729560852
   vertex -0.026800001040101051 -0.0001999999803956598 -0.22400000691413879
  endloop
 endfacet
 facet normal -0 1 0
  outer loop
   vertex -0.026800001040101051 -0.0001999999803956598 -0.22400000691413879
   vertex -0.019300000742077827 -0.0001999999803956598 -0.21610000729560852
   vertex -0.018756480887532234 -0.0001999999803956598 -0.21602843701839447
  endloop
 endfacet
 facet normal -0 1 0
  outer loop
   vertex -0.026800001040101051 -0.0001999999803956598 -0.22400000691413879
   vertex -0.018756480887532234 -0.0001999999803956598 -0.21602843701839447
   vertex -0.018250001594424248 -0.0001999999803956598 -0.21581865847110748
  endloop
 endfacet
 facet normal -0 1 0
  outer loop
   vertex -0.026800001040101051 -0.0001999999803956598 -0.22400000691413879
   vertex -0.018250001594424248 -0.0001999999803956598 -0.21581865847110748
   vertex 0.014650001190602779 -0.0001999999803956598 -0.21581865847110748
  endloop
 endfacet
 facet normal 0 1 0
  outer loop
   vertex 0.014650001190602779 -0.0001999999803956598 -0.21581865847110748
   vertex -0.018250001594424248 -0.0001999999803956598 -0.21581865847110748
   vertex -0.017815081402659416 -0.0001999999803956598 -0.21548491716384888
  endloop
 endfacet
 facet normal -0 1 0
  outer loop
   vertex 0.014650001190602779 -0.0001999999803956598 -0.21581865847110748
   vertex -0.017815081402659416 -0.0001999999803956598 -0.21548491716384888
   vertex 0.014215080998837948 -0.0001999999803956598 -0.21548491716384888
  endloop
 endfacet
 facet normal 0 1 0
  outer loop
   vertex 0.014215080998837948 -0.0001999999803956598 -0.21548491716384888
   vertex -0.017815081402659416 -0.0001999999803956598 -0.21548491716384888
   vertex 0.013881350867450237 -0.0001999999803956598 -0.21504999697208405
  endloop
 endfacet
 facet normal 0 1 0
  outer loop
   vertex 0.013881350867450237 -0.0001999999803956598 -0.21504999697208405
   vertex -0.017815081402659416 -0.0001999999803956598 -0.21548491716384888
   vertex -0.017481351271271706 -0.0001999999803956598 -0.21504999697208405
  endloop
 endfacet
 facet normal 0 1 0
  outer loop
   vertex 0.013881350867450237 -0.0001999999803956598 -0.21504999697208405
   vertex -0.017481351271271706 -0.0001999999803956598 -0.21504999697208405
   vertex 0.01367156021296978 -0.0001999999803956598 -0.21454352140426636
  endloop
 endfacet
 facet normal 0 1 0
  outer loop
   vertex 0.01367156021296978 -0.0001999999803956598 -0.21454352140426636
   vertex -0.017481351271271706 -0.0001999999803956598 -0.21504999697208405
   vertex -0.017271559685468674 -0.0001999999803956598 -0.21454352140426636
  endloop
 endfacet
 facet normal 0 1 0
  outer loop
   vertex 0.01367156021296978 -0.0001999999803956598 -0.21454352140426636
   vertex -0.017271559685468674 -0.0001999999803956598 -0.21454352140426636
   vertex 0.01360000018030405 -0.0001999999803956598 -0.21400000154972076
  endloop
 endfacet
 facet normal 0 1 0
  outer loop
   vertex 0.01360000018030405 -0.0001999999803956598 -0.21400000154972076
   vertex -0.017271559685468674 -0.0001999999803956598 -0.21454352140426636
   vertex -0.017200000584125519 -0.0001999999803956598 -0.21400000154972076
  endloop
 endfacet
 facet normal 0 1 -0
  outer loop
   vertex 0.01360000018030405 -0.0001999999803956598 -0.21400000154972076
   vertex -0.017200000584125519 -0.0001999999803956598 -0.21400000154972076
   vertex -0.017271559685468674 -0.0001999999803956598 -0.21345648169517517
  endloop
 endfacet
 facet normal 0 1 0
  outer loop
   vertex 0.015699999406933784 -0.0001999999803956598 -0.21610000729560852
   vertex 0.016243519261479378 -0.0001999999803956598 -0.21602843701839447
   vertex 0.023199999704957008 -0.0001999999803956598 -0.22400000691413879
  endloop
 endfacet
 facet normal -0 1 0
  outer loop
   vertex 0.023199999704957008 -0.0001999999803956598 -0.22400000691413879
   vertex 0.016243519261479378 -0.0001999999803956598 -0.21602843701839447
   vertex 0.016749998554587364 -0.0001999999803956598 -0.21581865847110748
  endloop
 endfacet
 facet normal -0 1 0
  outer loop
   vertex 0.023199999704957008 -0.0001999999803956598 -0.22400000691413879
   vertex 0.016749998554587364 -0.0001999999803956598 -0.21581865847110748
   vertex 0.017184918746352196 -0.0001999999803956598 -0.21548491716384888
  endloop
 endfacet
 facet normal 0 1 0
  outer loop
   vertex 0.017184918746352196 -0.0001999999803956598 -0.21548491716384888
   vertex 0.017518648877739906 -0.0001999999803956598 -0.21504999697208405
   vertex 0.023199999704957008 -0.0001999999803956598 -0.22400000691413879
  endloop
 endfacet
 facet normal -0 1 0
  outer loop
   vertex 0.023199999704957008 -0.0001999999803956598 -0.22400000691413879
   vertex 0.017518648877739906 -0.0001999999803956598 -0.21504999697208405
   vertex 0.017728438600897789 -0.0001999999803956598 -0.21454352140426636
  endloop
 endfacet
 facet normal -0 1 0
  outer loop
   vertex 0.023199999704957008 -0.0001999999803956598 -0.22400000691413879
   vertex 0.017728438600897789 -0.0001999999803956598 -0.21454352140426636
   vertex 0.017799999564886093 -0.0001999999803956598 -0.21400000154972076
  endloop
 endfacet
 facet normal 0 1 0
  outer loop
   vertex 0.017799999564886093 -0.0001999999803956598 -0.21400000154972076
   vertex 0.017728438600897789 -0.0001999999803956598 -0.21345648169517517
   vertex 0.023199999704957008 -0.0001999999803956598 -0.22400000691413879
  endloop
 endfacet
 facet normal 0 1 -0
  outer loop
   vertex 0.01367156021296978 -0.0001999999803956598 -0.21345648169517517
   vertex 0.01360000018030405 -0.0001999999803956598 -0.21400000154972076
   vertex -0.017271559685468674 -0.0001999999803956598 -0.21345648169517517
  endloop
 endfacet
 facet normal 0 1 -0
  outer loop
   vertex -0.029283560812473297 -0.0001999999803956598 -0.0465816929936409
   vertex -0.02949335053563118 -0.0001999999803956598 -0.047088094055652618
   vertex -0.034687399864196777 -0.0001999999803956598 -0.048932306468486786
  endloop
 endfacet
 facet normal 0 1 0
  outer loop
   vertex -0.034687399864196777 -0.0001999999803956598 -0.048932306468486786
   vertex -0.02949335053563118 -0.0001999999803956598 -0.047088094055652618
   vertex -0.029564911499619484 -0.0001999999803956598 -0.047631703317165375
  endloop
 endfacet
 facet normal 0 1 0
  outer loop
   vertex -0.029283560812473297 -0.0001999999803956598 -0.048681698739528656
   vertex -0.028949830681085587 -0.0001999999803956598 -0.049116604030132294
   vertex -0.030834520235657692 -0.0001999999803956598 -0.051449902355670929
  endloop
 endfacet
 facet normal 0 1 0
  outer loop
   vertex -0.030834520235657692 -0.0001999999803956598 -0.051449902355670929
   vertex -0.028949830681085587 -0.0001999999803956598 -0.049116604030132294
   vertex -0.028514910489320755 -0.0001999999803956598 -0.049450300633907318
  endloop
 endfacet
 facet normal -0 1 0
  outer loop
   vertex -0.025364911183714867 -0.0001999999803956598 0.047631092369556427
   vertex -0.025436460971832275 -0.0001999999803956598 0.04817468672990799
   vertex -0.020887911319732666 -0.0001999999803956598 0.056233413517475128
  endloop
 endfacet
 facet normal -0 1 0
  outer loop
   vertex -0.025979980826377869 -0.0001999999803956598 0.049116112291812897
   vertex -0.026414910331368446 -0.0001999999803956598 0.049449808895587921
   vertex -0.025288980454206467 -0.0001999999803956598 0.054393596947193146
  endloop
 endfacet
 facet normal 0 1 -0
  outer loop
   vertex -0.025288980454206467 -0.0001999999803956598 0.054393596947193146
   vertex -0.026414910331368446 -0.0001999999803956598 0.049449808895587921
   vertex -0.026921391487121582 -0.0001999999803956598 0.049659587442874908
  endloop
 endfacet
 facet normal 0 1 -0
  outer loop
   vertex -0.025288980454206467 -0.0001999999803956598 0.054393596947193146
   vertex -0.026921391487121582 -0.0001999999803956598 0.049659587442874908
   vertex -0.027464911341667175 -0.0001999999803956598 0.049731113016605377
  endloop
 endfacet
 facet normal 0 1 -0
  outer loop
   vertex -0.028514910489320755 -0.0001999999803956598 0.049449808895587921
   vertex -0.028949830681085587 -0.0001999999803956598 0.049116112291812897
   vertex -0.02952997013926506 -0.0001999999803956598 0.052210010588169098
  endloop
 endfacet
 facet normal 0 1 0
  outer loop
   vertex -0.02952997013926506 -0.0001999999803956598 0.052210010588169098
   vertex -0.028949830681085587 -0.0001999999803956598 0.049116112291812897
   vertex -0.029283560812473297 -0.0001999999803956598 0.048681087791919708
  endloop
 endfacet
 facet normal 0 1 0
  outer loop
   vertex -0.02952997013926506 -0.0001999999803956598 0.052210010588169098
   vertex -0.029283560812473297 -0.0001999999803956598 0.048681087791919708
   vertex -0.02949335053563118 -0.0001999999803956598 0.04817468672990799
  endloop
 endfacet
 facet normal 0 1 0
  outer loop
   vertex -0.02949335053563118 -0.0001999999803956598 0.047087587416172028
   vertex -0.029283560812473297 -0.0001999999803956598 0.046581096947193146
   vertex -0.033584099262952805 -0.0001999999803956598 0.049696303904056549
  endloop
 endfacet
 facet normal -0 0 -1
  outer loop
   vertex -0.056533452123403549 -0.0001999999803956598 0.019999705255031586
   vertex -0.031686350703239441 -0.0001999999803956598 0.019999705255031586
   vertex -0.056533452123403549 -0.0062000001780688763 0.019999705255031586
  endloop
 endfacet
 facet normal 0 -0 -1
  outer loop
   vertex -0.056533452123403549 -0.0062000001780688763 0.019999705255031586
   vertex -0.031686350703239441 -0.0001999999803956598 0.019999705255031586
   vertex -0.031686350703239441 -0.0062000001780688763 0.019999705255031586
  endloop
 endfacet
 facet normal 0.99144314303312309 0 -0.13053924364957134
  outer loop
   vertex 0.011171559803187847 -0.0001999999803956598 -0.073456503450870514
   vertex 0.011171559803187847 -0.0062000001780688763 -0.073456503450870514
   vertex 0.011100000701844692 -0.0001999999803956598 -0.073999993503093719
  endloop
 endfacet
 facet normal 0.99144314303312309 0 -0.13053924364957134
  outer loop
   vertex 0.011100000701844692 -0.0001999999803956598 -0.073999993503093719
   vertex 0.011171559803187847 -0.0062000001780688763 -0.073456503450870514
   vertex 0.011100000701844692 -0.0062000001780688763 -0.073999993503093719
  endloop
 endfacet
 facet normal 0.99144360622502148 -0 0.13053572566743735
  outer loop
   vertex 0.011100000701844692 -0.0001999999803956598 -0.073999993503093719
   vertex 0.011100000701844692 -0.0062000001780688763 -0.073999993503093719
   vertex 0.011171559803187847 -0.0001999999803956598 -0.074543498456478119
  endloop
 endfacet
 facet normal 0.99144360622502148 0 0.13053572566743735
  outer loop
   vertex 0.011171559803187847 -0.0001999999803956598 -0.074543498456478119
   vertex 0.011100000701844692 -0.0062000001780688763 -0.073999993503093719
   vertex 0.011171559803187847 -0.0062000001780688763 -0.074543498456478119
  endloop
 endfacet
 facet normal 0.9238864580549484 -0 0.3826667121957204
  outer loop
   vertex 0.011171559803187847 -0.0001999999803956598 -0.074543498456478119
   vertex 0.011171559803187847 -0.0062000001780688763 -0.074543498456478119
   vertex 0.011381350457668304 -0.0001999999803956598 -0.075050003826618195
  endloop
 endfacet
 facet normal 0.9238864580549484 0 0.3826667121957204
  outer loop
   vertex 0.011381350457668304 -0.0001999999803956598 -0.075050003826618195
   vertex 0.011171559803187847 -0.0062000001780688763 -0.074543498456478119
   vertex 0.011381350457668304 -0.0062000001780688763 -0.075050003826618195
  endloop
 endfacet
 facet normal 0.79332955314109088 -0 0.60879242777235421
  outer loop
   vertex 0.011381350457668304 -0.0001999999803956598 -0.075050003826618195
   vertex 0.011381350457668304 -0.0062000001780688763 -0.075050003826618195
   vertex 0.011715080589056015 -0.0001999999803956598 -0.075484894216060638
  endloop
 endfacet
 facet normal 0.79332955314109088 0 0.60879242777235421
  outer loop
   vertex 0.011715080589056015 -0.0001999999803956598 -0.075484894216060638
   vertex 0.011381350457668304 -0.0062000001780688763 -0.075050003826618195
   vertex 0.011715080589056015 -0.0062000001780688763 -0.075484894216060638
  endloop
 endfacet
 facet normal 0.60884824634338863 -0 0.793286715459537
  outer loop
   vertex 0.011715080589056015 -0.0001999999803956598 -0.075484894216060638
   vertex 0.011715080589056015 -0.0062000001780688763 -0.075484894216060638
   vertex 0.012149999849498272 -0.0001999999803956598 -0.07581869512796402
  endloop
 endfacet
 facet normal 0.60884824634338863 0 0.793286715459537
  outer loop
   vertex 0.012149999849498272 -0.0001999999803956598 -0.07581869512796402
   vertex 0.011715080589056015 -0.0062000001780688763 -0.075484894216060638
   vertex 0.012149999849498272 -0.0062000001780688763 -0.07581869512796402
  endloop
 endfacet
 facet normal 0.3825480614120142 -0 0.9239355933775415
  outer loop
   vertex 0.012149999849498272 -0.0001999999803956598 -0.07581869512796402
   vertex 0.012149999849498272 -0.0062000001780688763 -0.07581869512796402
   vertex 0.012656480073928833 -0.0001999999803956598 -0.076028399169445038
  endloop
 endfacet
 facet normal 0.3825480614120142 0 0.9239355933775415
  outer loop
   vertex 0.012656480073928833 -0.0001999999803956598 -0.076028399169445038
   vertex 0.012149999849498272 -0.0062000001780688763 -0.07581869512796402
   vertex 0.012656480073928833 -0.0062000001780688763 -0.076028399169445038
  endloop
 endfacet
 facet normal 0.13060568221327701 -0 0.99143439307581238
  outer loop
   vertex 0.012656480073928833 -0.0001999999803956598 -0.076028399169445038
   vertex 0.012656480073928833 -0.0062000001780688763 -0.076028399169445038
   vertex 0.013199999928474426 -0.0001999999803956598 -0.076099999248981476
  endloop
 endfacet
 facet normal 0.13060568221327701 0 0.99143439307581238
  outer loop
   vertex 0.013199999928474426 -0.0001999999803956598 -0.076099999248981476
   vertex 0.012656480073928833 -0.0062000001780688763 -0.076028399169445038
   vertex 0.013199999928474426 -0.0062000001780688763 -0.076099999248981476
  endloop
 endfacet
 facet normal -0.13060546223792319 0 0.99143442205403498
  outer loop
   vertex 0.013199999928474426 -0.0001999999803956598 -0.076099999248981476
   vertex 0.013199999928474426 -0.0062000001780688763 -0.076099999248981476
   vertex 0.013743520714342594 -0.0001999999803956598 -0.076028399169445038
  endloop
 endfacet
 facet normal -0.13060546223792319 0 0.99143442205403498
  outer loop
   vertex 0.013743520714342594 -0.0001999999803956598 -0.076028399169445038
   vertex 0.013199999928474426 -0.0062000001780688763 -0.076099999248981476
   vertex 0.013743520714342594 -0.0062000001780688763 -0.076028399169445038
  endloop
 endfacet
 facet normal -0.38254866190461712 0 0.92393534474820638
  outer loop
   vertex 0.013743520714342594 -0.0001999999803956598 -0.076028399169445038
   vertex 0.013743520714342594 -0.0062000001780688763 -0.076028399169445038
   vertex 0.014250000007450581 -0.0001999999803956598 -0.07581869512796402
  endloop
 endfacet
 facet normal -0.38254866190461712 0 0.92393534474820638
  outer loop
   vertex 0.014250000007450581 -0.0001999999803956598 -0.07581869512796402
   vertex 0.013743520714342594 -0.0062000001780688763 -0.076028399169445038
   vertex 0.014250000007450581 -0.0062000001780688763 -0.07581869512796402
  endloop
 endfacet
 facet normal -0.60884742587755813 0 0.79328734516710364
  outer loop
   vertex 0.014250000007450581 -0.0001999999803956598 -0.07581869512796402
   vertex 0.014250000007450581 -0.0062000001780688763 -0.07581869512796402
   vertex 0.014684920199215412 -0.0001999999803956598 -0.075484894216060638
  endloop
 endfacet
 facet normal -0.60884742587755813 0 0.79328734516710364
  outer loop
   vertex 0.014684920199215412 -0.0001999999803956598 -0.075484894216060638
   vertex 0.014250000007450581 -0.0062000001780688763 -0.07581869512796402
   vertex 0.014684920199215412 -0.0062000001780688763 -0.075484894216060638
  endloop
 endfacet
 facet normal -0.79332955314109088 0 0.60879242777235421
  outer loop
   vertex 0.014684920199215412 -0.0001999999803956598 -0.075484894216060638
   vertex 0.014684920199215412 -0.0062000001780688763 -0.075484894216060638
   vertex 0.015018650330603123 -0.0001999999803956598 -0.075050003826618195
  endloop
 endfacet
 facet normal -0.79332955314109088 0 0.60879242777235421
  outer loop
   vertex 0.015018650330603123 -0.0001999999803956598 -0.075050003826618195
   vertex 0.014684920199215412 -0.0062000001780688763 -0.075484894216060638
   vertex 0.015018650330603123 -0.0062000001780688763 -0.075050003826618195
  endloop
 endfacet
 facet normal -0.92388705863848519 0 0.38266526218135899
  outer loop
   vertex 0.015018650330603123 -0.0001999999803956598 -0.075050003826618195
   vertex 0.015018650330603123 -0.0062000001780688763 -0.075050003826618195
   vertex 0.015228440053761005 -0.0001999999803956598 -0.074543498456478119
  endloop
 endfacet
 facet normal -0.92388705863848519 0 0.38266526218135899
  outer loop
   vertex 0.015228440053761005 -0.0001999999803956598 -0.074543498456478119
   vertex 0.015018650330603123 -0.0062000001780688763 -0.075050003826618195
   vertex 0.015228440053761005 -0.0062000001780688763 -0.074543498456478119
  endloop
 endfacet
 facet normal -0.99144316648357256 0 0.13053906554371736
  outer loop
   vertex 0.015228440053761005 -0.0001999999803956598 -0.074543498456478119
   vertex 0.015228440053761005 -0.0062000001780688763 -0.074543498456478119
   vertex 0.01530000101774931 -0.0001999999803956598 -0.073999993503093719
  endloop
 endfacet
 facet normal -0.99144316648357256 0 0.13053906554371736
  outer loop
   vertex 0.01530000101774931 -0.0001999999803956598 -0.073999993503093719
   vertex 0.015228440053761005 -0.0062000001780688763 -0.074543498456478119
   vertex 0.01530000101774931 -0.0062000001780688763 -0.073999993503093719
  endloop
 endfacet
 facet normal -0.99144270326817696 0 -0.13054258361274124
  outer loop
   vertex 0.01530000101774931 -0.0001999999803956598 -0.073999993503093719
   vertex 0.01530000101774931 -0.0062000001780688763 -0.073999993503093719
   vertex 0.015228440053761005 -0.0001999999803956598 -0.073456503450870514
  endloop
 endfacet
 facet normal -0.99144270326817696 0 -0.13054258361274124
  outer loop
   vertex 0.015228440053761005 -0.0001999999803956598 -0.073456503450870514
   vertex 0.01530000101774931 -0.0062000001780688763 -0.073999993503093719
   vertex 0.015228440053761005 -0.0062000001780688763 -0.073456503450870514
  endloop
 endfacet
 facet normal -0.92388705863848519 0 -0.38266526218135899
  outer loop
   vertex 0.015228440053761005 -0.0001999999803956598 -0.073456503450870514
   vertex 0.015228440053761005 -0.0062000001780688763 -0.073456503450870514
   vertex 0.015018650330603123 -0.0001999999803956598 -0.072949998080730438
  endloop
 endfacet
 facet normal -0.92388705863848519 0 -0.38266526218135899
  outer loop
   vertex 0.015018650330603123 -0.0001999999803956598 -0.072949998080730438
   vertex 0.015228440053761005 -0.0062000001780688763 -0.073456503450870514
   vertex 0.015018650330603123 -0.0062000001780688763 -0.072949998080730438
  endloop
 endfacet
 facet normal -0.79333962752208709 0 -0.60877929942066544
  outer loop
   vertex 0.015018650330603123 -0.0001999999803956598 -0.072949998080730438
   vertex 0.015018650330603123 -0.0062000001780688763 -0.072949998080730438
   vertex 0.014684920199215412 -0.0001999999803956598 -0.072515092790126801
  endloop
 endfacet
 facet normal -0.79333962752208709 0 -0.60877929942066544
  outer loop
   vertex 0.014684920199215412 -0.0001999999803956598 -0.072515092790126801
   vertex 0.015018650330603123 -0.0062000001780688763 -0.072949998080730438
   vertex 0.014684920199215412 -0.0062000001780688763 -0.072515092790126801
  endloop
 endfacet
 facet normal -0.60883032127840386 0 -0.79330047264074877
  outer loop
   vertex 0.014684920199215412 -0.0001999999803956598 -0.072515092790126801
   vertex 0.014684920199215412 -0.0062000001780688763 -0.072515092790126801
   vertex 0.014250000007450581 -0.0001999999803956598 -0.072181306779384613
  endloop
 endfacet
 facet normal -0.60883032127840386 0 -0.79330047264074877
  outer loop
   vertex 0.014250000007450581 -0.0001999999803956598 -0.072181306779384613
   vertex 0.014684920199215412 -0.0062000001780688763 -0.072515092790126801
   vertex 0.014250000007450581 -0.0062000001780688763 -0.072181306779384613
  endloop
 endfacet
 facet normal -0.38254866190461712 0 -0.92393534474820638
  outer loop
   vertex 0.014250000007450581 -0.0001999999803956598 -0.072181306779384613
   vertex 0.014250000007450581 -0.0062000001780688763 -0.072181306779384613
   vertex 0.013743520714342594 -0.0001999999803956598 -0.071971602737903595
  endloop
 endfacet
 facet normal -0.38254866190461712 0 -0.92393534474820638
  outer loop
   vertex 0.013743520714342594 -0.0001999999803956598 -0.071971602737903595
   vertex 0.014250000007450581 -0.0062000001780688763 -0.072181306779384613
   vertex 0.013743520714342594 -0.0062000001780688763 -0.071971602737903595
  endloop
 endfacet
 facet normal -0.13060546223792319 0 -0.99143442205403498
  outer loop
   vertex 0.013743520714342594 -0.0001999999803956598 -0.071971602737903595
   vertex 0.013743520714342594 -0.0062000001780688763 -0.071971602737903595
   vertex 0.013199999928474426 -0.0001999999803956598 -0.071900002658367157
  endloop
 endfacet
 facet normal -0.13060546223792319 0 -0.99143442205403498
  outer loop
   vertex 0.013199999928474426 -0.0001999999803956598 -0.071900002658367157
   vertex 0.013743520714342594 -0.0062000001780688763 -0.071971602737903595
   vertex 0.013199999928474426 -0.0062000001780688763 -0.071900002658367157
  endloop
 endfacet
 facet normal 0.13060568221327701 0 -0.99143439307581238
  outer loop
   vertex 0.013199999928474426 -0.0001999999803956598 -0.071900002658367157
   vertex 0.013199999928474426 -0.0062000001780688763 -0.071900002658367157
   vertex 0.012656480073928833 -0.0001999999803956598 -0.071971602737903595
  endloop
 endfacet
 facet normal 0.13060568221327701 0 -0.99143439307581238
  outer loop
   vertex 0.012656480073928833 -0.0001999999803956598 -0.071971602737903595
   vertex 0.013199999928474426 -0.0062000001780688763 -0.071900002658367157
   vertex 0.012656480073928833 -0.0062000001780688763 -0.071971602737903595
  endloop
 endfacet
 facet normal 0.3825480614120142 0 -0.9239355933775415
  outer loop
   vertex 0.012656480073928833 -0.0001999999803956598 -0.071971602737903595
   vertex 0.012656480073928833 -0.0062000001780688763 -0.071971602737903595
   vertex 0.012149999849498272 -0.0001999999803956598 -0.072181306779384613
  endloop
 endfacet
 facet normal 0.3825480614120142 0 -0.9239355933775415
  outer loop
   vertex 0.012149999849498272 -0.0001999999803956598 -0.072181306779384613
   vertex 0.012656480073928833 -0.0062000001780688763 -0.071971602737903595
   vertex 0.012149999849498272 -0.0062000001780688763 -0.072181306779384613
  endloop
 endfacet
 facet normal 0.60883114174833874 0 -0.79329984295814293
  outer loop
   vertex 0.012149999849498272 -0.0001999999803956598 -0.072181306779384613
   vertex 0.012149999849498272 -0.0062000001780688763 -0.072181306779384613
   vertex 0.011715080589056015 -0.0001999999803956598 -0.072515092790126801
  endloop
 endfacet
 facet normal 0.60883114174833874 0 -0.79329984295814293
  outer loop
   vertex 0.011715080589056015 -0.0001999999803956598 -0.072515092790126801
   vertex 0.012149999849498272 -0.0062000001780688763 -0.072181306779384613
   vertex 0.011715080589056015 -0.0062000001780688763 -0.072515092790126801
  endloop
 endfacet
 facet normal 0.79333962752208709 0 -0.60877929942066544
  outer loop
   vertex 0.011715080589056015 -0.0001999999803956598 -0.072515092790126801
   vertex 0.011715080589056015 -0.0062000001780688763 -0.072515092790126801
   vertex 0.011381350457668304 -0.0001999999803956598 -0.072949998080730438
  endloop
 endfacet
 facet normal 0.79333962752208709 0 -0.60877929942066544
  outer loop
   vertex 0.011381350457668304 -0.0001999999803956598 -0.072949998080730438
   vertex 0.011715080589056015 -0.0062000001780688763 -0.072515092790126801
   vertex 0.011381350457668304 -0.0062000001780688763 -0.072949998080730438
  endloop
 endfacet
 facet normal 0.9238864580549484 0 -0.3826667121957204
  outer loop
   vertex 0.011381350457668304 -0.0001999999803956598 -0.072949998080730438
   vertex 0.011381350457668304 -0.0062000001780688763 -0.072949998080730438
   vertex 0.011171559803187847 -0.0001999999803956598 -0.073456503450870514
  endloop
 endfacet
 facet normal 0.9238864580549484 0 -0.3826667121957204
  outer loop
   vertex 0.011171559803187847 -0.0001999999803956598 -0.073456503450870514
   vertex 0.011381350457668304 -0.0062000001780688763 -0.072949998080730438
   vertex 0.011171559803187847 -0.0062000001780688763 -0.073456503450870514
  endloop
 endfacet
 facet normal 0.99144337463375343 0 -0.13053748463500739
  outer loop
   vertex 0.011171559803187847 -0.0001999999803956598 -0.11345650255680084
   vertex 0.011171559803187847 -0.0062000001780688763 -0.11345650255680084
   vertex 0.011100000701844692 -0.0001999999803956598 -0.11400000005960464
  endloop
 endfacet
 facet normal 0.99144337463375343 0 -0.13053748463500739
  outer loop
   vertex 0.011100000701844692 -0.0001999999803956598 -0.11400000005960464
   vertex 0.011171559803187847 -0.0062000001780688763 -0.11345650255680084
   vertex 0.011100000701844692 -0.0062000001780688763 -0.11400000005960464
  endloop
 endfacet
 facet normal 0.99144337463375343 -0 0.13053748463500739
  outer loop
   vertex 0.011100000701844692 -0.0001999999803956598 -0.11400000005960464
   vertex 0.011100000701844692 -0.0062000001780688763 -0.11400000005960464
   vertex 0.011171559803187847 -0.0001999999803956598 -0.11454349756240845
  endloop
 endfacet
 facet normal 0.99144337463375343 0 0.13053748463500739
  outer loop
   vertex 0.011171559803187847 -0.0001999999803956598 -0.11454349756240845
   vertex 0.011100000701844692 -0.0062000001780688763 -0.11400000005960464
   vertex 0.011171559803187847 -0.0062000001780688763 -0.11454349756240845
  endloop
 endfacet
 facet normal 0.9238864580549484 -0 0.3826667121957204
  outer loop
   vertex 0.011171559803187847 -0.0001999999803956598 -0.11454349756240845
   vertex 0.011171559803187847 -0.0062000001780688763 -0.11454349756240845
   vertex 0.011381350457668304 -0.0001999999803956598 -0.11505000293254852
  endloop
 endfacet
 facet normal 0.9238864580549484 0 0.3826667121957204
  outer loop
   vertex 0.011381350457668304 -0.0001999999803956598 -0.11505000293254852
   vertex 0.011171559803187847 -0.0062000001780688763 -0.11454349756240845
   vertex 0.011381350457668304 -0.0062000001780688763 -0.11505000293254852
  endloop
 endfacet
 facet normal 0.79333459041305843 -0 0.60878586354657149
  outer loop
   vertex 0.011381350457668304 -0.0001999999803956598 -0.11505000293254852
   vertex 0.011381350457668304 -0.0062000001780688763 -0.11505000293254852
   vertex 0.011715080589056015 -0.0001999999803956598 -0.11548490077257156
  endloop
 endfacet
 facet normal 0.79333459041305843 0 0.60878586354657149
  outer loop
   vertex 0.011715080589056015 -0.0001999999803956598 -0.11548490077257156
   vertex 0.011381350457668304 -0.0062000001780688763 -0.11505000293254852
   vertex 0.011715080589056015 -0.0062000001780688763 -0.11548490077257156
  endloop
 endfacet
 facet normal 0.60884824634338863 -0 0.793286715459537
  outer loop
   vertex 0.011715080589056015 -0.0001999999803956598 -0.11548490077257156
   vertex 0.011715080589056015 -0.0062000001780688763 -0.11548490077257156
   vertex 0.012149999849498272 -0.0001999999803956598 -0.11581870168447495
  endloop
 endfacet
 facet normal 0.60884824634338863 0 0.793286715459537
  outer loop
   vertex 0.012149999849498272 -0.0001999999803956598 -0.11581870168447495
   vertex 0.011715080589056015 -0.0062000001780688763 -0.11548490077257156
   vertex 0.012149999849498272 -0.0062000001780688763 -0.11581870168447495
  endloop
 endfacet
 facet normal 0.38253645879103798 -0 0.92394039726359645
  outer loop
   vertex 0.012149999849498272 -0.0001999999803956598 -0.11581870168447495
   vertex 0.012149999849498272 -0.0062000001780688763 -0.11581870168447495
   vertex 0.012656480073928833 -0.0001999999803956598 -0.11602839827537537
  endloop
 endfacet
 facet normal 0.38253645879103798 0 0.92394039726359645
  outer loop
   vertex 0.012656480073928833 -0.0001999999803956598 -0.11602839827537537
   vertex 0.012149999849498272 -0.0062000001780688763 -0.11581870168447495
   vertex 0.012656480073928833 -0.0062000001780688763 -0.11602839827537537
  endloop
 endfacet
 facet normal 0.13060568221327701 -0 0.99143439307581238
  outer loop
   vertex 0.012656480073928833 -0.0001999999803956598 -0.11602839827537537
   vertex 0.012656480073928833 -0.0062000001780688763 -0.11602839827537537
   vertex 0.013199999928474426 -0.0001999999803956598 -0.1160999983549118
  endloop
 endfacet
 facet normal 0.13060568221327701 0 0.99143439307581238
  outer loop
   vertex 0.013199999928474426 -0.0001999999803956598 -0.1160999983549118
   vertex 0.012656480073928833 -0.0062000001780688763 -0.11602839827537537
   vertex 0.013199999928474426 -0.0062000001780688763 -0.1160999983549118
  endloop
 endfacet
 facet normal -0.13060546223792319 0 0.99143442205403498
  outer loop
   vertex 0.013199999928474426 -0.0001999999803956598 -0.1160999983549118
   vertex 0.013199999928474426 -0.0062000001780688763 -0.1160999983549118
   vertex 0.013743520714342594 -0.0001999999803956598 -0.11602839827537537
  endloop
 endfacet
 facet normal -0.13060546223792319 0 0.99143442205403498
  outer loop
   vertex 0.013743520714342594 -0.0001999999803956598 -0.11602839827537537
   vertex 0.013199999928474426 -0.0062000001780688763 -0.1160999983549118
   vertex 0.013743520714342594 -0.0062000001780688763 -0.11602839827537537
  endloop
 endfacet
 facet normal -0.38253705927167225 0 0.92394014864805019
  outer loop
   vertex 0.013743520714342594 -0.0001999999803956598 -0.11602839827537537
   vertex 0.013743520714342594 -0.0062000001780688763 -0.11602839827537537
   vertex 0.014250000007450581 -0.0001999999803956598 -0.11581870168447495
  endloop
 endfacet
 facet normal -0.38253705927167225 0 0.92394014864805019
  outer loop
   vertex 0.014250000007450581 -0.0001999999803956598 -0.11581870168447495
   vertex 0.013743520714342594 -0.0062000001780688763 -0.11602839827537537
   vertex 0.014250000007450581 -0.0062000001780688763 -0.11581870168447495
  endloop
 endfacet
 facet normal -0.60884742587755813 0 0.79328734516710364
  outer loop
   vertex 0.014250000007450581 -0.0001999999803956598 -0.11581870168447495
   vertex 0.014250000007450581 -0.0062000001780688763 -0.11581870168447495
   vertex 0.014684920199215412 -0.0001999999803956598 -0.11548490077257156
  endloop
 endfacet
 facet normal -0.60884742587755813 0 0.79328734516710364
  outer loop
   vertex 0.014684920199215412 -0.0001999999803956598 -0.11548490077257156
   vertex 0.014250000007450581 -0.0062000001780688763 -0.11581870168447495
   vertex 0.014684920199215412 -0.0062000001780688763 -0.11548490077257156
  endloop
 endfacet
 facet normal -0.79333459041305843 0 0.60878586354657149
  outer loop
   vertex 0.014684920199215412 -0.0001999999803956598 -0.11548490077257156
   vertex 0.014684920199215412 -0.0062000001780688763 -0.11548490077257156
   vertex 0.015018650330603123 -0.0001999999803956598 -0.11505000293254852
  endloop
 endfacet
 facet normal -0.79333459041305843 0 0.60878586354657149
  outer loop
   vertex 0.015018650330603123 -0.0001999999803956598 -0.11505000293254852
   vertex 0.014684920199215412 -0.0062000001780688763 -0.11548490077257156
   vertex 0.015018650330603123 -0.0062000001780688763 -0.11505000293254852
  endloop
 endfacet
 facet normal -0.92388705863848519 0 0.38266526218135899
  outer loop
   vertex 0.015018650330603123 -0.0001999999803956598 -0.11505000293254852
   vertex 0.015018650330603123 -0.0062000001780688763 -0.11505000293254852
   vertex 0.015228440053761005 -0.0001999999803956598 -0.11454349756240845
  endloop
 endfacet
 facet normal -0.92388705863848519 0 0.38266526218135899
  outer loop
   vertex 0.015228440053761005 -0.0001999999803956598 -0.11454349756240845
   vertex 0.015018650330603123 -0.0062000001780688763 -0.11505000293254852
   vertex 0.015228440053761005 -0.0062000001780688763 -0.11454349756240845
  endloop
 endfacet
 facet normal -0.99144293488055613 0 0.13054082455473182
  outer loop
   vertex 0.015228440053761005 -0.0001999999803956598 -0.11454349756240845
   vertex 0.015228440053761005 -0.0062000001780688763 -0.11454349756240845
   vertex 0.01530000101774931 -0.0001999999803956598 -0.11400000005960464
  endloop
 endfacet
 facet normal -0.99144293488055613 0 0.13054082455473182
  outer loop
   vertex 0.01530000101774931 -0.0001999999803956598 -0.11400000005960464
   vertex 0.015228440053761005 -0.0062000001780688763 -0.11454349756240845
   vertex 0.01530000101774931 -0.0062000001780688763 -0.11400000005960464
  endloop
 endfacet
 facet normal -0.99144293488055613 0 -0.13054082455473182
  outer loop
   vertex 0.01530000101774931 -0.0001999999803956598 -0.11400000005960464
   vertex 0.01530000101774931 -0.0062000001780688763 -0.11400000005960464
   vertex 0.015228440053761005 -0.0001999999803956598 -0.11345650255680084
  endloop
 endfacet
 facet normal -0.99144293488055613 0 -0.13054082455473182
  outer loop
   vertex 0.015228440053761005 -0.0001999999803956598 -0.11345650255680084
   vertex 0.01530000101774931 -0.0062000001780688763 -0.11400000005960464
   vertex 0.015228440053761005 -0.0062000001780688763 -0.11345650255680084
  endloop
 endfacet
 facet normal -0.92388705863848519 0 -0.38266526218135899
  outer loop
   vertex 0.015228440053761005 -0.0001999999803956598 -0.11345650255680084
   vertex 0.015228440053761005 -0.0062000001780688763 -0.11345650255680084
   vertex 0.015018650330603123 -0.0001999999803956598 -0.11294999718666077
  endloop
 endfacet
 facet normal -0.92388705863848519 0 -0.38266526218135899
  outer loop
   vertex 0.015018650330603123 -0.0001999999803956598 -0.11294999718666077
   vertex 0.015228440053761005 -0.0062000001780688763 -0.11345650255680084
   vertex 0.015018650330603123 -0.0062000001780688763 -0.11294999718666077
  endloop
 endfacet
 facet normal -0.79333459041305843 0 -0.60878586354657149
  outer loop
   vertex 0.015018650330603123 -0.0001999999803956598 -0.11294999718666077
   vertex 0.015018650330603123 -0.0062000001780688763 -0.11294999718666077
   vertex 0.014684920199215412 -0.0001999999803956598 -0.11251509934663773
  endloop
 endfacet
 facet normal -0.79333459041305843 0 -0.60878586354657149
  outer loop
   vertex 0.014684920199215412 -0.0001999999803956598 -0.11251509934663773
   vertex 0.015018650330603123 -0.0062000001780688763 -0.11294999718666077
   vertex 0.014684920199215412 -0.0062000001780688763 -0.11251509934663773
  endloop
 endfacet
 facet normal -0.60884742587755813 0 -0.79328734516710364
  outer loop
   vertex 0.014684920199215412 -0.0001999999803956598 -0.11251509934663773
   vertex 0.014684920199215412 -0.0062000001780688763 -0.11251509934663773
   vertex 0.014250000007450581 -0.0001999999803956598 -0.11218129843473434
  endloop
 endfacet
 facet normal -0.60884742587755813 0 -0.79328734516710364
  outer loop
   vertex 0.014250000007450581 -0.0001999999803956598 -0.11218129843473434
   vertex 0.014684920199215412 -0.0062000001780688763 -0.11251509934663773
   vertex 0.014250000007450581 -0.0062000001780688763 -0.11218129843473434
  endloop
 endfacet
 facet normal -0.38253705927167225 0 -0.92394014864805019
  outer loop
   vertex 0.014250000007450581 -0.0001999999803956598 -0.11218129843473434
   vertex 0.014250000007450581 -0.0062000001780688763 -0.11218129843473434
   vertex 0.013743520714342594 -0.0001999999803956598 -0.11197160184383392
  endloop
 endfacet
 facet normal -0.38253705927167225 0 -0.92394014864805019
  outer loop
   vertex 0.013743520714342594 -0.0001999999803956598 -0.11197160184383392
   vertex 0.014250000007450581 -0.0062000001780688763 -0.11218129843473434
   vertex 0.013743520714342594 -0.0062000001780688763 -0.11197160184383392
  endloop
 endfacet
 facet normal -0.13060546223792319 0 -0.99143442205403498
  outer loop
   vertex 0.013743520714342594 -0.0001999999803956598 -0.11197160184383392
   vertex 0.013743520714342594 -0.0062000001780688763 -0.11197160184383392
   vertex 0.013199999928474426 -0.0001999999803956598 -0.11190000176429749
  endloop
 endfacet
 facet normal -0.13060546223792319 0 -0.99143442205403498
  outer loop
   vertex 0.013199999928474426 -0.0001999999803956598 -0.11190000176429749
   vertex 0.013743520714342594 -0.0062000001780688763 -0.11197160184383392
   vertex 0.013199999928474426 -0.0062000001780688763 -0.11190000176429749
  endloop
 endfacet
 facet normal 0.13060568221327701 0 -0.99143439307581238
  outer loop
   vertex 0.013199999928474426 -0.0001999999803956598 -0.11190000176429749
   vertex 0.013199999928474426 -0.0062000001780688763 -0.11190000176429749
   vertex 0.012656480073928833 -0.0001999999803956598 -0.11197160184383392
  endloop
 endfacet
 facet normal 0.13060568221327701 0 -0.99143439307581238
  outer loop
   vertex 0.012656480073928833 -0.0001999999803956598 -0.11197160184383392
   vertex 0.013199999928474426 -0.0062000001780688763 -0.11190000176429749
   vertex 0.012656480073928833 -0.0062000001780688763 -0.11197160184383392
  endloop
 endfacet
 facet normal 0.38253645879103798 0 -0.92394039726359645
  outer loop
   vertex 0.012656480073928833 -0.0001999999803956598 -0.11197160184383392
   vertex 0.012656480073928833 -0.0062000001780688763 -0.11197160184383392
   vertex 0.012149999849498272 -0.0001999999803956598 -0.11218129843473434
  endloop
 endfacet
 facet normal 0.38253645879103798 0 -0.92394039726359645
  outer loop
   vertex 0.012149999849498272 -0.0001999999803956598 -0.11218129843473434
   vertex 0.012656480073928833 -0.0062000001780688763 -0.11197160184383392
   vertex 0.012149999849498272 -0.0062000001780688763 -0.11218129843473434
  endloop
 endfacet
 facet normal 0.60884824634338863 0 -0.793286715459537
  outer loop
   vertex 0.012149999849498272 -0.0001999999803956598 -0.11218129843473434
   vertex 0.012149999849498272 -0.0062000001780688763 -0.11218129843473434
   vertex 0.011715080589056015 -0.0001999999803956598 -0.11251509934663773
  endloop
 endfacet
 facet normal 0.60884824634338863 0 -0.793286715459537
  outer loop
   vertex 0.011715080589056015 -0.0001999999803956598 -0.11251509934663773
   vertex 0.012149999849498272 -0.0062000001780688763 -0.11218129843473434
   vertex 0.011715080589056015 -0.0062000001780688763 -0.11251509934663773
  endloop
 endfacet
 facet normal 0.79333459041305843 0 -0.60878586354657149
  outer loop
   vertex 0.011715080589056015 -0.0001999999803956598 -0.11251509934663773
   vertex 0.011715080589056015 -0.0062000001780688763 -0.11251509934663773
   vertex 0.011381350457668304 -0.0001999999803956598 -0.11294999718666077
  endloop
 endfacet
 facet normal 0.79333459041305843 0 -0.60878586354657149
  outer loop
   vertex 0.011381350457668304 -0.0001999999803956598 -0.11294999718666077
   vertex 0.011715080589056015 -0.0062000001780688763 -0.11251509934663773
   vertex 0.011381350457668304 -0.0062000001780688763 -0.11294999718666077
  endloop
 endfacet
 facet normal 0.9238864580549484 0 -0.3826667121957204
  outer loop
   vertex 0.011381350457668304 -0.0001999999803956598 -0.11294999718666077
   vertex 0.011381350457668304 -0.0062000001780688763 -0.11294999718666077
   vertex 0.011171559803187847 -0.0001999999803956598 -0.11345650255680084
  endloop
 endfacet
 facet normal 0.9238864580549484 0 -0.3826667121957204
  outer loop
   vertex 0.011171559803187847 -0.0001999999803956598 -0.11345650255680084
   vertex 0.011381350457668304 -0.0062000001780688763 -0.11294999718666077
   vertex 0.011171559803187847 -0.0062000001780688763 -0.11345650255680084
  endloop
 endfacet
 facet normal 0.99144270326817696 0 -0.13054258361274124
  outer loop
   vertex -0.018828440457582474 -0.0001999999803956598 -0.073456503450870514
   vertex -0.018828440457582474 -0.0062000001780688763 -0.073456503450870514
   vertex -0.018900001421570778 -0.0001999999803956598 -0.073999993503093719
  endloop
 endfacet
 facet normal 0.99144270326817696 0 -0.13054258361274124
  outer loop
   vertex -0.018900001421570778 -0.0001999999803956598 -0.073999993503093719
   vertex -0.018828440457582474 -0.0062000001780688763 -0.073456503450870514
   vertex -0.018900001421570778 -0.0062000001780688763 -0.073999993503093719
  endloop
 endfacet
 facet normal 0.99144316648357256 -0 0.13053906554371736
  outer loop
   vertex -0.018900001421570778 -0.0001999999803956598 -0.073999993503093719
   vertex -0.018900001421570778 -0.0062000001780688763 -0.073999993503093719
   vertex -0.018828440457582474 -0.0001999999803956598 -0.074543498456478119
  endloop
 endfacet
 facet normal 0.99144316648357256 0 0.13053906554371736
  outer loop
   vertex -0.018828440457582474 -0.0001999999803956598 -0.074543498456478119
   vertex -0.018900001421570778 -0.0062000001780688763 -0.073999993503093719
   vertex -0.018828440457582474 -0.0062000001780688763 -0.074543498456478119
  endloop
 endfacet
 facet normal 0.92388705863848519 -0 0.38266526218135899
  outer loop
   vertex -0.018828440457582474 -0.0001999999803956598 -0.074543498456478119
   vertex -0.018828440457582474 -0.0062000001780688763 -0.074543498456478119
   vertex -0.018618650734424591 -0.0001999999803956598 -0.075050003826618195
  endloop
 endfacet
 facet normal 0.92388705863848519 0 0.38266526218135899
  outer loop
   vertex -0.018618650734424591 -0.0001999999803956598 -0.075050003826618195
   vertex -0.018828440457582474 -0.0062000001780688763 -0.074543498456478119
   vertex -0.018618650734424591 -0.0062000001780688763 -0.075050003826618195
  endloop
 endfacet
 facet normal 0.79332955314109088 -0 0.60879242777235421
  outer loop
   vertex -0.018618650734424591 -0.0001999999803956598 -0.075050003826618195
   vertex -0.018618650734424591 -0.0062000001780688763 -0.075050003826618195
   vertex -0.01828492060303688 -0.0001999999803956598 -0.075484894216060638
  endloop
 endfacet
 facet normal 0.79332955314109088 0 0.60879242777235421
  outer loop
   vertex -0.01828492060303688 -0.0001999999803956598 -0.075484894216060638
   vertex -0.018618650734424591 -0.0062000001780688763 -0.075050003826618195
   vertex -0.01828492060303688 -0.0062000001780688763 -0.075484894216060638
  endloop
 endfacet
 facet normal 0.60884742587755813 -0 0.79328734516710364
  outer loop
   vertex -0.01828492060303688 -0.0001999999803956598 -0.075484894216060638
   vertex -0.01828492060303688 -0.0062000001780688763 -0.075484894216060638
   vertex -0.017850000411272049 -0.0001999999803956598 -0.07581869512796402
  endloop
 endfacet
 facet normal 0.60884742587755813 0 0.79328734516710364
  outer loop
   vertex -0.017850000411272049 -0.0001999999803956598 -0.07581869512796402
   vertex -0.01828492060303688 -0.0062000001780688763 -0.075484894216060638
   vertex -0.017850000411272049 -0.0062000001780688763 -0.07581869512796402
  endloop
 endfacet
 facet normal 0.38254866190461712 -0 0.92393534474820638
  outer loop
   vertex -0.017850000411272049 -0.0001999999803956598 -0.07581869512796402
   vertex -0.017850000411272049 -0.0062000001780688763 -0.07581869512796402
   vertex -0.017343521118164062 -0.0001999999803956598 -0.076028399169445038
  endloop
 endfacet
 facet normal 0.38254866190461712 0 0.92393534474820638
  outer loop
   vertex -0.017343521118164062 -0.0001999999803956598 -0.076028399169445038
   vertex -0.017850000411272049 -0.0062000001780688763 -0.07581869512796402
   vertex -0.017343521118164062 -0.0062000001780688763 -0.076028399169445038
  endloop
 endfacet
 facet normal 0.13060524226330394 -0 0.99143445103211125
  outer loop
   vertex -0.017343521118164062 -0.0001999999803956598 -0.076028399169445038
   vertex -0.017343521118164062 -0.0062000001780688763 -0.076028399169445038
   vertex -0.01679999940097332 -0.0001999999803956598 -0.076099999248981476
  endloop
 endfacet
 facet normal 0.13060524226330394 0 0.99143445103211125
  outer loop
   vertex -0.01679999940097332 -0.0001999999803956598 -0.076099999248981476
   vertex -0.017343521118164062 -0.0062000001780688763 -0.076028399169445038
   vertex -0.01679999940097332 -0.0062000001780688763 -0.076099999248981476
  endloop
 endfacet
 facet normal -0.13060568221327701 0 0.99143439307581238
  outer loop
   vertex -0.01679999940097332 -0.0001999999803956598 -0.076099999248981476
   vertex -0.01679999940097332 -0.0062000001780688763 -0.076099999248981476
   vertex -0.016256479546427727 -0.0001999999803956598 -0.076028399169445038
  endloop
 endfacet
 facet normal -0.13060568221327701 0 0.99143439307581238
  outer loop
   vertex -0.016256479546427727 -0.0001999999803956598 -0.076028399169445038
   vertex -0.01679999940097332 -0.0062000001780688763 -0.076099999248981476
   vertex -0.016256479546427727 -0.0062000001780688763 -0.076028399169445038
  endloop
 endfacet
 facet normal -0.38254866190461712 0 0.92393534474820638
  outer loop
   vertex -0.016256479546427727 -0.0001999999803956598 -0.076028399169445038
   vertex -0.016256479546427727 -0.0062000001780688763 -0.076028399169445038
   vertex -0.01575000025331974 -0.0001999999803956598 -0.07581869512796402
  endloop
 endfacet
 facet normal -0.38254866190461712 0 0.92393534474820638
  outer loop
   vertex -0.01575000025331974 -0.0001999999803956598 -0.07581869512796402
   vertex -0.016256479546427727 -0.0062000001780688763 -0.076028399169445038
   vertex -0.01575000025331974 -0.0062000001780688763 -0.07581869512796402
  endloop
 endfacet
 facet normal -0.60884742587755813 0 0.79328734516710364
  outer loop
   vertex -0.01575000025331974 -0.0001999999803956598 -0.07581869512796402
   vertex -0.01575000025331974 -0.0062000001780688763 -0.07581869512796402
   vertex -0.015315080061554909 -0.0001999999803956598 -0.075484894216060638
  endloop
 endfacet
 facet normal -0.60884742587755813 0 0.79328734516710364
  outer loop
   vertex -0.015315080061554909 -0.0001999999803956598 -0.075484894216060638
   vertex -0.01575000025331974 -0.0062000001780688763 -0.07581869512796402
   vertex -0.015315080061554909 -0.0062000001780688763 -0.075484894216060638
  endloop
 endfacet
 facet normal -0.79332955314109088 0 0.60879242777235421
  outer loop
   vertex -0.015315080061554909 -0.0001999999803956598 -0.075484894216060638
   vertex -0.015315080061554909 -0.0062000001780688763 -0.075484894216060638
   vertex -0.014981349930167198 -0.0001999999803956598 -0.075050003826618195
  endloop
 endfacet
 facet normal -0.79332955314109088 0 0.60879242777235421
  outer loop
   vertex -0.014981349930167198 -0.0001999999803956598 -0.075050003826618195
   vertex -0.015315080061554909 -0.0062000001780688763 -0.075484894216060638
   vertex -0.014981349930167198 -0.0062000001780688763 -0.075050003826618195
  endloop
 endfacet
 facet normal -0.9238864580549484 0 0.3826667121957204
  outer loop
   vertex -0.014981349930167198 -0.0001999999803956598 -0.075050003826618195
   vertex -0.014981349930167198 -0.0062000001780688763 -0.075050003826618195
   vertex -0.014771559275686741 -0.0001999999803956598 -0.074543498456478119
  endloop
 endfacet
 facet normal -0.9238864580549484 0 0.3826667121957204
  outer loop
   vertex -0.014771559275686741 -0.0001999999803956598 -0.074543498456478119
   vertex -0.014981349930167198 -0.0062000001780688763 -0.075050003826618195
   vertex -0.014771559275686741 -0.0062000001780688763 -0.074543498456478119
  endloop
 endfacet
 facet normal -0.99144360622502148 0 0.13053572566743735
  outer loop
   vertex -0.014771559275686741 -0.0001999999803956598 -0.074543498456478119
   vertex -0.014771559275686741 -0.0062000001780688763 -0.074543498456478119
   vertex -0.014700000174343586 -0.0001999999803956598 -0.073999993503093719
  endloop
 endfacet
 facet normal -0.99144360622502148 0 0.13053572566743735
  outer loop
   vertex -0.014700000174343586 -0.0001999999803956598 -0.073999993503093719
   vertex -0.014771559275686741 -0.0062000001780688763 -0.074543498456478119
   vertex -0.014700000174343586 -0.0062000001780688763 -0.073999993503093719
  endloop
 endfacet
 facet normal -0.99144314303312309 0 -0.13053924364957134
  outer loop
   vertex -0.014700000174343586 -0.0001999999803956598 -0.073999993503093719
   vertex -0.014700000174343586 -0.0062000001780688763 -0.073999993503093719
   vertex -0.014771559275686741 -0.0001999999803956598 -0.073456503450870514
  endloop
 endfacet
 facet normal -0.99144314303312309 0 -0.13053924364957134
  outer loop
   vertex -0.014771559275686741 -0.0001999999803956598 -0.073456503450870514
   vertex -0.014700000174343586 -0.0062000001780688763 -0.073999993503093719
   vertex -0.014771559275686741 -0.0062000001780688763 -0.073456503450870514
  endloop
 endfacet
 facet normal -0.9238864580549484 0 -0.3826667121957204
  outer loop
   vertex -0.014771559275686741 -0.0001999999803956598 -0.073456503450870514
   vertex -0.014771559275686741 -0.0062000001780688763 -0.073456503450870514
   vertex -0.014981349930167198 -0.0001999999803956598 -0.072949998080730438
  endloop
 endfacet
 facet normal -0.9238864580549484 0 -0.3826667121957204
  outer loop
   vertex -0.014981349930167198 -0.0001999999803956598 -0.072949998080730438
   vertex -0.014771559275686741 -0.0062000001780688763 -0.073456503450870514
   vertex -0.014981349930167198 -0.0062000001780688763 -0.072949998080730438
  endloop
 endfacet
 facet normal -0.79333962752208709 0 -0.60877929942066544
  outer loop
   vertex -0.014981349930167198 -0.0001999999803956598 -0.072949998080730438
   vertex -0.014981349930167198 -0.0062000001780688763 -0.072949998080730438
   vertex -0.015315080061554909 -0.0001999999803956598 -0.072515092790126801
  endloop
 endfacet
 facet normal -0.79333962752208709 0 -0.60877929942066544
  outer loop
   vertex -0.015315080061554909 -0.0001999999803956598 -0.072515092790126801
   vertex -0.014981349930167198 -0.0062000001780688763 -0.072949998080730438
   vertex -0.015315080061554909 -0.0062000001780688763 -0.072515092790126801
  endloop
 endfacet
 facet normal -0.60883032127840386 0 -0.79330047264074877
  outer loop
   vertex -0.015315080061554909 -0.0001999999803956598 -0.072515092790126801
   vertex -0.015315080061554909 -0.0062000001780688763 -0.072515092790126801
   vertex -0.01575000025331974 -0.0001999999803956598 -0.072181306779384613
  endloop
 endfacet
 facet normal -0.60883032127840386 0 -0.79330047264074877
  outer loop
   vertex -0.01575000025331974 -0.0001999999803956598 -0.072181306779384613
   vertex -0.015315080061554909 -0.0062000001780688763 -0.072515092790126801
   vertex -0.01575000025331974 -0.0062000001780688763 -0.072181306779384613
  endloop
 endfacet
 facet normal -0.38254866190461712 0 -0.92393534474820638
  outer loop
   vertex -0.01575000025331974 -0.0001999999803956598 -0.072181306779384613
   vertex -0.01575000025331974 -0.0062000001780688763 -0.072181306779384613
   vertex -0.016256479546427727 -0.0001999999803956598 -0.071971602737903595
  endloop
 endfacet
 facet normal -0.38254866190461712 0 -0.92393534474820638
  outer loop
   vertex -0.016256479546427727 -0.0001999999803956598 -0.071971602737903595
   vertex -0.01575000025331974 -0.0062000001780688763 -0.072181306779384613
   vertex -0.016256479546427727 -0.0062000001780688763 -0.071971602737903595
  endloop
 endfacet
 facet normal -0.13060568221327701 0 -0.99143439307581238
  outer loop
   vertex -0.016256479546427727 -0.0001999999803956598 -0.071971602737903595
   vertex -0.016256479546427727 -0.0062000001780688763 -0.071971602737903595
   vertex -0.01679999940097332 -0.0001999999803956598 -0.071900002658367157
  endloop
 endfacet
 facet normal -0.13060568221327701 0 -0.99143439307581238
  outer loop
   vertex -0.01679999940097332 -0.0001999999803956598 -0.071900002658367157
   vertex -0.016256479546427727 -0.0062000001780688763 -0.071971602737903595
   vertex -0.01679999940097332 -0.0062000001780688763 -0.071900002658367157
  endloop
 endfacet
 facet normal 0.13060524226330394 0 -0.99143445103211125
  outer loop
   vertex -0.01679999940097332 -0.0001999999803956598 -0.071900002658367157
   vertex -0.01679999940097332 -0.0062000001780688763 -0.071900002658367157
   vertex -0.017343521118164062 -0.0001999999803956598 -0.071971602737903595
  endloop
 endfacet
 facet normal 0.13060524226330394 0 -0.99143445103211125
  outer loop
   vertex -0.017343521118164062 -0.0001999999803956598 -0.071971602737903595
   vertex -0.01679999940097332 -0.0062000001780688763 -0.071900002658367157
   vertex -0.017343521118164062 -0.0062000001780688763 -0.071971602737903595
  endloop
 endfacet
 facet normal 0.38254866190461712 0 -0.92393534474820638
  outer loop
   vertex -0.017343521118164062 -0.0001999999803956598 -0.071971602737903595
   vertex -0.017343521118164062 -0.0062000001780688763 -0.071971602737903595
   vertex -0.017850000411272049 -0.0001999999803956598 -0.072181306779384613
  endloop
 endfacet
 facet normal 0.38254866190461712 0 -0.92393534474820638
  outer loop
   vertex -0.017850000411272049 -0.0001999999803956598 -0.072181306779384613
   vertex -0.017343521118164062 -0.0062000001780688763 -0.071971602737903595
   vertex -0.017850000411272049 -0.0062000001780688763 -0.072181306779384613
  endloop
 endfacet
 facet normal 0.60883032127840386 0 -0.79330047264074877
  outer loop
   vertex -0.017850000411272049 -0.0001999999803956598 -0.072181306779384613
   vertex -0.017850000411272049 -0.0062000001780688763 -0.072181306779384613
   vertex -0.01828492060303688 -0.0001999999803956598 -0.072515092790126801
  endloop
 endfacet
 facet normal 0.60883032127840386 0 -0.79330047264074877
  outer loop
   vertex -0.01828492060303688 -0.0001999999803956598 -0.072515092790126801
   vertex -0.017850000411272049 -0.0062000001780688763 -0.072181306779384613
   vertex -0.01828492060303688 -0.0062000001780688763 -0.072515092790126801
  endloop
 endfacet
 facet normal 0.79333962752208709 0 -0.60877929942066544
  outer loop
   vertex -0.01828492060303688 -0.0001999999803956598 -0.072515092790126801
   vertex -0.01828492060303688 -0.0062000001780688763 -0.072515092790126801
   vertex -0.018618650734424591 -0.0001999999803956598 -0.072949998080730438
  endloop
 endfacet
 facet normal 0.79333962752208709 0 -0.60877929942066544
  outer loop
   vertex -0.018618650734424591 -0.0001999999803956598 -0.072949998080730438
   vertex -0.01828492060303688 -0.0062000001780688763 -0.072515092790126801
   vertex -0.018618650734424591 -0.0062000001780688763 -0.072949998080730438
  endloop
 endfacet
 facet normal 0.92388705863848519 0 -0.38266526218135899
  outer loop
   vertex -0.018618650734424591 -0.0001999999803956598 -0.072949998080730438
   vertex -0.018618650734424591 -0.0062000001780688763 -0.072949998080730438
   vertex -0.018828440457582474 -0.0001999999803956598 -0.073456503450870514
  endloop
 endfacet
 facet normal 0.92388705863848519 0 -0.38266526218135899
  outer loop
   vertex -0.018828440457582474 -0.0001999999803956598 -0.073456503450870514
   vertex -0.018618650734424591 -0.0062000001780688763 -0.072949998080730438
   vertex -0.018828440457582474 -0.0062000001780688763 -0.073456503450870514
  endloop
 endfacet
 facet normal 0.99144293488055613 0 -0.13054082455473182
  outer loop
   vertex -0.018828440457582474 -0.0001999999803956598 -0.11345650255680084
   vertex -0.018828440457582474 -0.0062000001780688763 -0.11345650255680084
   vertex -0.018900001421570778 -0.0001999999803956598 -0.11400000005960464
  endloop
 endfacet
 facet normal 0.99144293488055613 0 -0.13054082455473182
  outer loop
   vertex -0.018900001421570778 -0.0001999999803956598 -0.11400000005960464
   vertex -0.018828440457582474 -0.0062000001780688763 -0.11345650255680084
   vertex -0.018900001421570778 -0.0062000001780688763 -0.11400000005960464
  endloop
 endfacet
 facet normal 0.99144293488055613 -0 0.13054082455473182
  outer loop
   vertex -0.018900001421570778 -0.0001999999803956598 -0.11400000005960464
   vertex -0.018900001421570778 -0.0062000001780688763 -0.11400000005960464
   vertex -0.018828440457582474 -0.0001999999803956598 -0.11454349756240845
  endloop
 endfacet
 facet normal 0.99144293488055613 0 0.13054082455473182
  outer loop
   vertex -0.018828440457582474 -0.0001999999803956598 -0.11454349756240845
   vertex -0.018900001421570778 -0.0062000001780688763 -0.11400000005960464
   vertex -0.018828440457582474 -0.0062000001780688763 -0.11454349756240845
  endloop
 endfacet
 facet normal 0.92388705863848519 -0 0.38266526218135899
  outer loop
   vertex -0.018828440457582474 -0.0001999999803956598 -0.11454349756240845
   vertex -0.018828440457582474 -0.0062000001780688763 -0.11454349756240845
   vertex -0.018618650734424591 -0.0001999999803956598 -0.11505000293254852
  endloop
 endfacet
 facet normal 0.92388705863848519 0 0.38266526218135899
  outer loop
   vertex -0.018618650734424591 -0.0001999999803956598 -0.11505000293254852
   vertex -0.018828440457582474 -0.0062000001780688763 -0.11454349756240845
   vertex -0.018618650734424591 -0.0062000001780688763 -0.11505000293254852
  endloop
 endfacet
 facet normal 0.79333459041305843 -0 0.60878586354657149
  outer loop
   vertex -0.018618650734424591 -0.0001999999803956598 -0.11505000293254852
   vertex -0.018618650734424591 -0.0062000001780688763 -0.11505000293254852
   vertex -0.01828492060303688 -0.0001999999803956598 -0.11548490077257156
  endloop
 endfacet
 facet normal 0.79333459041305843 0 0.60878586354657149
  outer loop
   vertex -0.01828492060303688 -0.0001999999803956598 -0.11548490077257156
   vertex -0.018618650734424591 -0.0062000001780688763 -0.11505000293254852
   vertex -0.01828492060303688 -0.0062000001780688763 -0.11548490077257156
  endloop
 endfacet
 facet normal 0.60884742587755813 -0 0.79328734516710364
  outer loop
   vertex -0.01828492060303688 -0.0001999999803956598 -0.11548490077257156
   vertex -0.01828492060303688 -0.0062000001780688763 -0.11548490077257156
   vertex -0.017850000411272049 -0.0001999999803956598 -0.11581870168447495
  endloop
 endfacet
 facet normal 0.60884742587755813 0 0.79328734516710364
  outer loop
   vertex -0.017850000411272049 -0.0001999999803956598 -0.11581870168447495
   vertex -0.01828492060303688 -0.0062000001780688763 -0.11548490077257156
   vertex -0.017850000411272049 -0.0062000001780688763 -0.11581870168447495
  endloop
 endfacet
 facet normal 0.38253705927167225 -0 0.92394014864805019
  outer loop
   vertex -0.017850000411272049 -0.0001999999803956598 -0.11581870168447495
   vertex -0.017850000411272049 -0.0062000001780688763 -0.11581870168447495
   vertex -0.017343521118164062 -0.0001999999803956598 -0.11602839827537537
  endloop
 endfacet
 facet normal 0.38253705927167225 0 0.92394014864805019
  outer loop
   vertex -0.017343521118164062 -0.0001999999803956598 -0.11602839827537537
   vertex -0.017850000411272049 -0.0062000001780688763 -0.11581870168447495
   vertex -0.017343521118164062 -0.0062000001780688763 -0.11602839827537537
  endloop
 endfacet
 facet normal 0.13060524226330394 -0 0.99143445103211125
  outer loop
   vertex -0.017343521118164062 -0.0001999999803956598 -0.11602839827537537
   vertex -0.017343521118164062 -0.0062000001780688763 -0.11602839827537537
   vertex -0.01679999940097332 -0.0001999999803956598 -0.1160999983549118
  endloop
 endfacet
 facet normal 0.13060524226330394 0 0.99143445103211125
  outer loop
   vertex -0.01679999940097332 -0.0001999999803956598 -0.1160999983549118
   vertex -0.017343521118164062 -0.0062000001780688763 -0.11602839827537537
   vertex -0.01679999940097332 -0.0062000001780688763 -0.1160999983549118
  endloop
 endfacet
 facet normal -0.13060568221327701 0 0.99143439307581238
  outer loop
   vertex -0.01679999940097332 -0.0001999999803956598 -0.1160999983549118
   vertex -0.01679999940097332 -0.0062000001780688763 -0.1160999983549118
   vertex -0.016256479546427727 -0.0001999999803956598 -0.11602839827537537
  endloop
 endfacet
 facet normal -0.13060568221327701 0 0.99143439307581238
  outer loop
   vertex -0.016256479546427727 -0.0001999999803956598 -0.11602839827537537
   vertex -0.01679999940097332 -0.0062000001780688763 -0.1160999983549118
   vertex -0.016256479546427727 -0.0062000001780688763 -0.11602839827537537
  endloop
 endfacet
 facet normal -0.38253705927167225 0 0.92394014864805019
  outer loop
   vertex -0.016256479546427727 -0.0001999999803956598 -0.11602839827537537
   vertex -0.016256479546427727 -0.0062000001780688763 -0.11602839827537537
   vertex -0.01575000025331974 -0.0001999999803956598 -0.11581870168447495
  endloop
 endfacet
 facet normal -0.38253705927167225 0 0.92394014864805019
  outer loop
   vertex -0.01575000025331974 -0.0001999999803956598 -0.11581870168447495
   vertex -0.016256479546427727 -0.0062000001780688763 -0.11602839827537537
   vertex -0.01575000025331974 -0.0062000001780688763 -0.11581870168447495
  endloop
 endfacet
 facet normal -0.60884742587755813 0 0.79328734516710364
  outer loop
   vertex -0.01575000025331974 -0.0001999999803956598 -0.11581870168447495
   vertex -0.01575000025331974 -0.0062000001780688763 -0.11581870168447495
   vertex -0.015315080061554909 -0.0001999999803956598 -0.11548490077257156
  endloop
 endfacet
 facet normal -0.60884742587755813 0 0.79328734516710364
  outer loop
   vertex -0.015315080061554909 -0.0001999999803956598 -0.11548490077257156
   vertex -0.01575000025331974 -0.0062000001780688763 -0.11581870168447495
   vertex -0.015315080061554909 -0.0062000001780688763 -0.11548490077257156
  endloop
 endfacet
 facet normal -0.79333459041305843 0 0.60878586354657149
  outer loop
   vertex -0.015315080061554909 -0.0001999999803956598 -0.11548490077257156
   vertex -0.015315080061554909 -0.0062000001780688763 -0.11548490077257156
   vertex -0.014981349930167198 -0.0001999999803956598 -0.11505000293254852
  endloop
 endfacet
 facet normal -0.79333459041305843 0 0.60878586354657149
  outer loop
   vertex -0.014981349930167198 -0.0001999999803956598 -0.11505000293254852
   vertex -0.015315080061554909 -0.0062000001780688763 -0.11548490077257156
   vertex -0.014981349930167198 -0.0062000001780688763 -0.11505000293254852
  endloop
 endfacet
 facet normal -0.9238864580549484 0 0.3826667121957204
  outer loop
   vertex -0.014981349930167198 -0.0001999999803956598 -0.11505000293254852
   vertex -0.014981349930167198 -0.0062000001780688763 -0.11505000293254852
   vertex -0.014771559275686741 -0.0001999999803956598 -0.11454349756240845
  endloop
 endfacet
 facet normal -0.9238864580549484 0 0.3826667121957204
  outer loop
   vertex -0.014771559275686741 -0.0001999999803956598 -0.11454349756240845
   vertex -0.014981349930167198 -0.0062000001780688763 -0.11505000293254852
   vertex -0.014771559275686741 -0.0062000001780688763 -0.11454349756240845
  endloop
 endfacet
 facet normal -0.99144337463375343 0 0.13053748463500739
  outer loop
   vertex -0.014771559275686741 -0.0001999999803956598 -0.11454349756240845
   vertex -0.014771559275686741 -0.0062000001780688763 -0.11454349756240845
   vertex -0.014700000174343586 -0.0001999999803956598 -0.11400000005960464
  endloop
 endfacet
 facet normal -0.99144337463375343 0 0.13053748463500739
  outer loop
   vertex -0.014700000174343586 -0.0001999999803956598 -0.11400000005960464
   vertex -0.014771559275686741 -0.0062000001780688763 -0.11454349756240845
   vertex -0.014700000174343586 -0.0062000001780688763 -0.11400000005960464
  endloop
 endfacet
 facet normal -0.99144337463375343 0 -0.13053748463500739
  outer loop
   vertex -0.014700000174343586 -0.0001999999803956598 -0.11400000005960464
   vertex -0.014700000174343586 -0.0062000001780688763 -0.11400000005960464
   vertex -0.014771559275686741 -0.0001999999803956598 -0.11345650255680084
  endloop
 endfacet
 facet normal -0.99144337463375343 0 -0.13053748463500739
  outer loop
   vertex -0.014771559275686741 -0.0001999999803956598 -0.11345650255680084
   vertex -0.014700000174343586 -0.0062000001780688763 -0.11400000005960464
   vertex -0.014771559275686741 -0.0062000001780688763 -0.11345650255680084
  endloop
 endfacet
 facet normal -0.9238864580549484 0 -0.3826667121957204
  outer loop
   vertex -0.014771559275686741 -0.0001999999803956598 -0.11345650255680084
   vertex -0.014771559275686741 -0.0062000001780688763 -0.11345650255680084
   vertex -0.014981349930167198 -0.0001999999803956598 -0.11294999718666077
  endloop
 endfacet
 facet normal -0.9238864580549484 0 -0.3826667121957204
  outer loop
   vertex -0.014981349930167198 -0.0001999999803956598 -0.11294999718666077
   vertex -0.014771559275686741 -0.0062000001780688763 -0.11345650255680084
   vertex -0.014981349930167198 -0.0062000001780688763 -0.11294999718666077
  endloop
 endfacet
 facet normal -0.79333459041305843 0 -0.60878586354657149
  outer loop
   vertex -0.014981349930167198 -0.0001999999803956598 -0.11294999718666077
   vertex -0.014981349930167198 -0.0062000001780688763 -0.11294999718666077
   vertex -0.015315080061554909 -0.0001999999803956598 -0.11251509934663773
  endloop
 endfacet
 facet normal -0.79333459041305843 0 -0.60878586354657149
  outer loop
   vertex -0.015315080061554909 -0.0001999999803956598 -0.11251509934663773
   vertex -0.014981349930167198 -0.0062000001780688763 -0.11294999718666077
   vertex -0.015315080061554909 -0.0062000001780688763 -0.11251509934663773
  endloop
 endfacet
 facet normal -0.60884742587755813 0 -0.79328734516710364
  outer loop
   vertex -0.015315080061554909 -0.0001999999803956598 -0.11251509934663773
   vertex -0.015315080061554909 -0.0062000001780688763 -0.11251509934663773
   vertex -0.01575000025331974 -0.0001999999803956598 -0.11218129843473434
  endloop
 endfacet
 facet normal -0.60884742587755813 0 -0.79328734516710364
  outer loop
   vertex -0.01575000025331974 -0.0001999999803956598 -0.11218129843473434
   vertex -0.015315080061554909 -0.0062000001780688763 -0.11251509934663773
   vertex -0.01575000025331974 -0.0062000001780688763 -0.11218129843473434
  endloop
 endfacet
 facet normal -0.38253705927167225 0 -0.92394014864805019
  outer loop
   vertex -0.01575000025331974 -0.0001999999803956598 -0.11218129843473434
   vertex -0.01575000025331974 -0.0062000001780688763 -0.11218129843473434
   vertex -0.016256479546427727 -0.0001999999803956598 -0.11197160184383392
  endloop
 endfacet
 facet normal -0.38253705927167225 0 -0.92394014864805019
  outer loop
   vertex -0.016256479546427727 -0.0001999999803956598 -0.11197160184383392
   vertex -0.01575000025331974 -0.0062000001780688763 -0.11218129843473434
   vertex -0.016256479546427727 -0.0062000001780688763 -0.11197160184383392
  endloop
 endfacet
 facet normal -0.13060568221327701 0 -0.99143439307581238
  outer loop
   vertex -0.016256479546427727 -0.0001999999803956598 -0.11197160184383392
   vertex -0.016256479546427727 -0.0062000001780688763 -0.11197160184383392
   vertex -0.01679999940097332 -0.0001999999803956598 -0.11190000176429749
  endloop
 endfacet
 facet normal -0.13060568221327701 0 -0.99143439307581238
  outer loop
   vertex -0.01679999940097332 -0.0001999999803956598 -0.11190000176429749
   vertex -0.016256479546427727 -0.0062000001780688763 -0.11197160184383392
   vertex -0.01679999940097332 -0.0062000001780688763 -0.11190000176429749
  endloop
 endfacet
 facet normal 0.13060524226330394 0 -0.99143445103211125
  outer loop
   vertex -0.01679999940097332 -0.0001999999803956598 -0.11190000176429749
   vertex -0.01679999940097332 -0.0062000001780688763 -0.11190000176429749
   vertex -0.017343521118164062 -0.0001999999803956598 -0.11197160184383392
  endloop
 endfacet
 facet normal 0.13060524226330394 0 -0.99143445103211125
  outer loop
   vertex -0.017343521118164062 -0.0001999999803956598 -0.11197160184383392
   vertex -0.01679999940097332 -0.0062000001780688763 -0.11190000176429749
   vertex -0.017343521118164062 -0.0062000001780688763 -0.11197160184383392
  endloop
 endfacet
 facet normal 0.38253705927167225 0 -0.92394014864805019
  outer loop
   vertex -0.017343521118164062 -0.0001999999803956598 -0.11197160184383392
   vertex -0.017343521118164062 -0.0062000001780688763 -0.11197160184383392
   vertex -0.017850000411272049 -0.0001999999803956598 -0.11218129843473434
  endloop
 endfacet
 facet normal 0.38253705927167225 0 -0.92394014864805019
  outer loop
   vertex -0.017850000411272049 -0.0001999999803956598 -0.11218129843473434
   vertex -0.017343521118164062 -0.0062000001780688763 -0.11197160184383392
   vertex -0.017850000411272049 -0.0062000001780688763 -0.11218129843473434
  endloop
 endfacet
 facet normal 0.60884742587755813 0 -0.79328734516710364
  outer loop
   vertex -0.017850000411272049 -0.0001999999803956598 -0.11218129843473434
   vertex -0.017850000411272049 -0.0062000001780688763 -0.11218129843473434
   vertex -0.01828492060303688 -0.0001999999803956598 -0.11251509934663773
  endloop
 endfacet
 facet normal 0.60884742587755813 0 -0.79328734516710364
  outer loop
   vertex -0.01828492060303688 -0.0001999999803956598 -0.11251509934663773
   vertex -0.017850000411272049 -0.0062000001780688763 -0.11218129843473434
   vertex -0.01828492060303688 -0.0062000001780688763 -0.11251509934663773
  endloop
 endfacet
 facet normal 0.79333459041305843 0 -0.60878586354657149
  outer loop
   vertex -0.01828492060303688 -0.0001999999803956598 -0.11251509934663773
   vertex -0.01828492060303688 -0.0062000001780688763 -0.11251509934663773
   vertex -0.018618650734424591 -0.0001999999803956598 -0.11294999718666077
  endloop
 endfacet
 facet normal 0.79333459041305843 0 -0.60878586354657149
  outer loop
   vertex -0.018618650734424591 -0.0001999999803956598 -0.11294999718666077
   vertex -0.01828492060303688 -0.0062000001780688763 -0.11251509934663773
   vertex -0.018618650734424591 -0.0062000001780688763 -0.11294999718666077
  endloop
 endfacet
 facet normal 0.92388705863848519 0 -0.38266526218135899
  outer loop
   vertex -0.018618650734424591 -0.0001999999803956598 -0.11294999718666077
   vertex -0.018618650734424591 -0.0062000001780688763 -0.11294999718666077
   vertex -0.018828440457582474 -0.0001999999803956598 -0.11345650255680084
  endloop
 endfacet
 facet normal 0.92388705863848519 0 -0.38266526218135899
  outer loop
   vertex -0.018828440457582474 -0.0001999999803956598 -0.11345650255680084
   vertex -0.018618650734424591 -0.0062000001780688763 -0.11294999718666077
   vertex -0.018828440457582474 -0.0062000001780688763 -0.11345650255680084
  endloop
 endfacet
 facet normal 1 0 0
  outer loop
   vertex 0.023199999704957008 -0.0062000001780688763 -0.055348105728626251
   vertex 0.023199999704957008 -0.0062000001780688763 -0.22400000691413879
   vertex 0.023199999704957008 -0.0001999999803956598 -0.055348105728626251
  endloop
 endfacet
 facet normal 1 0 0
  outer loop
   vertex 0.023199999704957008 -0.0001999999803956598 -0.055348105728626251
   vertex 0.023199999704957008 -0.0062000001780688763 -0.22400000691413879
   vertex 0.023199999704957008 -0.0001999999803956598 -0.22400000691413879
  endloop
 endfacet
 facet normal -1 0 0
  outer loop
   vertex -0.026800001040101051 -0.0001999999803956598 -0.053664706647396088
   vertex -0.026800001040101051 -0.0001999999803956598 -0.22400000691413879
   vertex -0.026800001040101051 -0.0062000001780688763 -0.053664706647396088
  endloop
 endfacet
 facet normal -1 0 0
  outer loop
   vertex -0.026800001040101051 -0.0062000001780688763 -0.053664706647396088
   vertex -0.026800001040101051 -0.0001999999803956598 -0.22400000691413879
   vertex -0.026800001040101051 -0.0062000001780688763 -0.22400000691413879
  endloop
 endfacet
 facet normal -0.99144282786196247 0 0.13054163734638508
  outer loop
   vertex -0.020533060654997826 -0.0001999999803956598 -0.039488993585109711
   vertex -0.020533060654997826 -0.0062000001780688763 -0.039488993585109711
   vertex -0.020464910194277763 -0.0001999999803956598 -0.038971401751041412
  endloop
 endfacet
 facet normal -0.99144282786196247 0 0.13054163734638508
  outer loop
   vertex -0.020464910194277763 -0.0001999999803956598 -0.038971401751041412
   vertex -0.020533060654997826 -0.0062000001780688763 -0.039488993585109711
   vertex -0.020464910194277763 -0.0062000001780688763 -0.038971401751041412
  endloop
 endfacet
 facet normal -0.99144331424682342 0 -0.13053794327809323
  outer loop
   vertex -0.020464910194277763 -0.0001999999803956598 -0.038971401751041412
   vertex -0.020464910194277763 -0.0062000001780688763 -0.038971401751041412
   vertex -0.020533060654997826 -0.0001999999803956598 -0.03845379501581192
  endloop
 endfacet
 facet normal -0.99144331424682342 0 -0.13053794327809323
  outer loop
   vertex -0.020533060654997826 -0.0001999999803956598 -0.03845379501581192
   vertex -0.020464910194277763 -0.0062000001780688763 -0.038971401751041412
   vertex -0.020533060654997826 -0.0062000001780688763 -0.03845379501581192
  endloop
 endfacet
 facet normal -0.92388922523863759 0 -0.38266003121302067
  outer loop
   vertex -0.020533060654997826 -0.0001999999803956598 -0.03845379501581192
   vertex -0.020533060654997826 -0.0062000001780688763 -0.03845379501581192
   vertex -0.020732861012220383 -0.0001999999803956598 -0.03797139972448349
  endloop
 endfacet
 facet normal -0.92388922523863759 0 -0.38266003121302067
  outer loop
   vertex -0.020732861012220383 -0.0001999999803956598 -0.03797139972448349
   vertex -0.020533060654997826 -0.0062000001780688763 -0.03845379501581192
   vertex -0.020732861012220383 -0.0062000001780688763 -0.03797139972448349
  endloop
 endfacet
 facet normal -0.79335696947267376 0 -0.60875669933819632
  outer loop
   vertex -0.020732861012220383 -0.0001999999803956598 -0.03797139972448349
   vertex -0.020732861012220383 -0.0062000001780688763 -0.03797139972448349
   vertex -0.021050689741969109 -0.0001999999803956598 -0.037557192146778107
  endloop
 endfacet
 facet normal -0.79335696947267376 0 -0.60875669933819632
  outer loop
   vertex -0.021050689741969109 -0.0001999999803956598 -0.037557192146778107
   vertex -0.020732861012220383 -0.0062000001780688763 -0.03797139972448349
   vertex -0.021050689741969109 -0.0062000001780688763 -0.037557192146778107
  endloop
 endfacet
 facet normal -0.60881424279783836 0 -0.79331281205240523
  outer loop
   vertex -0.021050689741969109 -0.0001999999803956598 -0.037557192146778107
   vertex -0.021050689741969109 -0.0062000001780688763 -0.037557192146778107
   vertex -0.021464910358190536 -0.0001999999803956598 -0.037239305675029755
  endloop
 endfacet
 facet normal -0.60881424279783836 0 -0.79331281205240523
  outer loop
   vertex -0.021464910358190536 -0.0001999999803956598 -0.037239305675029755
   vertex -0.021050689741969109 -0.0062000001780688763 -0.037557192146778107
   vertex -0.021464910358190536 -0.0062000001780688763 -0.037239305675029755
  endloop
 endfacet
 facet normal -0.38269922061683909 0 -0.92387299264523581
  outer loop
   vertex -0.021464910358190536 -0.0001999999803956598 -0.037239305675029755
   vertex -0.021464910358190536 -0.0062000001780688763 -0.037239305675029755
   vertex -0.021947270259261131 -0.0001999999803956598 -0.037039496004581451
  endloop
 endfacet
 facet normal -0.38269922061683909 0 -0.92387299264523581
  outer loop
   vertex -0.021947270259261131 -0.0001999999803956598 -0.037039496004581451
   vertex -0.021464910358190536 -0.0062000001780688763 -0.037239305675029755
   vertex -0.021947270259261131 -0.0062000001780688763 -0.037039496004581451
  endloop
 endfacet
 facet normal -0.13043144092538989 0 -0.99145733101234701
  outer loop
   vertex -0.021947270259261131 -0.0001999999803956598 -0.037039496004581451
   vertex -0.021947270259261131 -0.0062000001780688763 -0.037039496004581451
   vertex -0.02246491052210331 -0.0001999999803956598 -0.036971397697925568
  endloop
 endfacet
 facet normal -0.13043144092538989 0 -0.99145733101234701
  outer loop
   vertex -0.02246491052210331 -0.0001999999803956598 -0.036971397697925568
   vertex -0.021947270259261131 -0.0062000001780688763 -0.037039496004581451
   vertex -0.02246491052210331 -0.0062000001780688763 -0.036971397697925568
  endloop
 endfacet
 facet normal 0.13043374772592911 0 -0.99145702753783982
  outer loop
   vertex -0.02246491052210331 -0.0001999999803956598 -0.036971397697925568
   vertex -0.02246491052210331 -0.0062000001780688763 -0.036971397697925568
   vertex -0.022982541471719742 -0.0001999999803956598 -0.037039496004581451
  endloop
 endfacet
 facet normal 0.13043374772592911 0 -0.99145702753783982
  outer loop
   vertex -0.022982541471719742 -0.0001999999803956598 -0.037039496004581451
   vertex -0.02246491052210331 -0.0062000001780688763 -0.036971397697925568
   vertex -0.022982541471719742 -0.0062000001780688763 -0.037039496004581451
  endloop
 endfacet
 facet normal 0.38269291388288762 0 -0.92387560508102207
  outer loop
   vertex -0.022982541471719742 -0.0001999999803956598 -0.037039496004581451
   vertex -0.022982541471719742 -0.0062000001780688763 -0.037039496004581451
   vertex -0.023464910686016083 -0.0001999999803956598 -0.037239305675029755
  endloop
 endfacet
 facet normal 0.38269291388288762 0 -0.92387560508102207
  outer loop
   vertex -0.023464910686016083 -0.0001999999803956598 -0.037239305675029755
   vertex -0.022982541471719742 -0.0062000001780688763 -0.037039496004581451
   vertex -0.023464910686016083 -0.0062000001780688763 -0.037239305675029755
  endloop
 endfacet
 facet normal 0.60882458060933498 0 -0.79330487837014296
  outer loop
   vertex -0.023464910686016083 -0.0001999999803956598 -0.037239305675029755
   vertex -0.023464910686016083 -0.0062000001780688763 -0.037239305675029755
   vertex -0.023879120126366615 -0.0001999999803956598 -0.037557192146778107
  endloop
 endfacet
 facet normal 0.60882458060933498 0 -0.79330487837014296
  outer loop
   vertex -0.023879120126366615 -0.0001999999803956598 -0.037557192146778107
   vertex -0.023464910686016083 -0.0062000001780688763 -0.037239305675029755
   vertex -0.023879120126366615 -0.0062000001780688763 -0.037557192146778107
  endloop
 endfacet
 facet normal 0.79334663130625183 0 -0.60877017222842167
  outer loop
   vertex -0.023879120126366615 -0.0001999999803956598 -0.037557192146778107
   vertex -0.023879120126366615 -0.0062000001780688763 -0.037557192146778107
   vertex -0.024196960031986237 -0.0001999999803956598 -0.03797139972448349
  endloop
 endfacet
 facet normal 0.79334663130625183 0 -0.60877017222842167
  outer loop
   vertex -0.024196960031986237 -0.0001999999803956598 -0.03797139972448349
   vertex -0.023879120126366615 -0.0062000001780688763 -0.037557192146778107
   vertex -0.024196960031986237 -0.0062000001780688763 -0.03797139972448349
  endloop
 endfacet
 facet normal 0.92388922523863759 0 -0.38266003121302067
  outer loop
   vertex -0.024196960031986237 -0.0001999999803956598 -0.03797139972448349
   vertex -0.024196960031986237 -0.0062000001780688763 -0.03797139972448349
   vertex -0.024396760389208794 -0.0001999999803956598 -0.03845379501581192
  endloop
 endfacet
 facet normal 0.92388922523863759 0 -0.38266003121302067
  outer loop
   vertex -0.024396760389208794 -0.0001999999803956598 -0.03845379501581192
   vertex -0.024196960031986237 -0.0062000001780688763 -0.03797139972448349
   vertex -0.024396760389208794 -0.0062000001780688763 -0.03845379501581192
  endloop
 endfacet
 facet normal 0.99144331424682342 0 -0.13053794327809323
  outer loop
   vertex -0.024396760389208794 -0.0001999999803956598 -0.03845379501581192
   vertex -0.024396760389208794 -0.0062000001780688763 -0.03845379501581192
   vertex -0.024464910849928856 -0.0001999999803956598 -0.038971401751041412
  endloop
 endfacet
 facet normal 0.99144331424682342 0 -0.13053794327809323
  outer loop
   vertex -0.024464910849928856 -0.0001999999803956598 -0.038971401751041412
   vertex -0.024396760389208794 -0.0062000001780688763 -0.03845379501581192
   vertex -0.024464910849928856 -0.0062000001780688763 -0.038971401751041412
  endloop
 endfacet
 facet normal 0.99144282786196247 -0 0.13054163734638508
  outer loop
   vertex -0.024464910849928856 -0.0001999999803956598 -0.038971401751041412
   vertex -0.024464910849928856 -0.0062000001780688763 -0.038971401751041412
   vertex -0.024396760389208794 -0.0001999999803956598 -0.039488993585109711
  endloop
 endfacet
 facet normal 0.99144282786196247 0 0.13054163734638508
  outer loop
   vertex -0.024396760389208794 -0.0001999999803956598 -0.039488993585109711
   vertex -0.024464910849928856 -0.0062000001780688763 -0.038971401751041412
   vertex -0.024396760389208794 -0.0062000001780688763 -0.039488993585109711
  endloop
 endfacet
 facet normal 0.92389340398473485 -0 0.382649941948904
  outer loop
   vertex -0.024396760389208794 -0.0001999999803956598 -0.039488993585109711
   vertex -0.024396760389208794 -0.0062000001780688763 -0.039488993585109711
   vertex -0.024196960031986237 -0.0001999999803956598 -0.039971403777599335
  endloop
 endfacet
 facet normal 0.92389340398473485 0 0.382649941948904
  outer loop
   vertex -0.024196960031986237 -0.0001999999803956598 -0.039971403777599335
   vertex -0.024396760389208794 -0.0062000001780688763 -0.039488993585109711
   vertex -0.024196960031986237 -0.0062000001780688763 -0.039971403777599335
  endloop
 endfacet
 facet normal 0.79333605372095961 -0 0.60878395664345053
  outer loop
   vertex -0.024196960031986237 -0.0001999999803956598 -0.039971403777599335
   vertex -0.024196960031986237 -0.0062000001780688763 -0.039971403777599335
   vertex -0.023879120126366615 -0.0001999999803956598 -0.040385596454143524
  endloop
 endfacet
 facet normal 0.79333605372095961 0 0.60878395664345053
  outer loop
   vertex -0.023879120126366615 -0.0001999999803956598 -0.040385596454143524
   vertex -0.024196960031986237 -0.0062000001780688763 -0.039971403777599335
   vertex -0.023879120126366615 -0.0062000001780688763 -0.040385596454143524
  endloop
 endfacet
 facet normal 0.60871680024202457 -0 0.79338758315410463
  outer loop
   vertex -0.023879120126366615 -0.0001999999803956598 -0.040385596454143524
   vertex -0.023879120126366615 -0.0062000001780688763 -0.040385596454143524
   vertex -0.023464910686016083 -0.0001999999803956598 -0.040703393518924713
  endloop
 endfacet
 facet normal 0.60871680024202457 0 0.79338758315410463
  outer loop
   vertex -0.023464910686016083 -0.0001999999803956598 -0.040703393518924713
   vertex -0.023879120126366615 -0.0062000001780688763 -0.040385596454143524
   vertex -0.023464910686016083 -0.0062000001780688763 -0.040703393518924713
  endloop
 endfacet
 facet normal 0.38269291388288762 -0 0.92387560508102207
  outer loop
   vertex -0.023464910686016083 -0.0001999999803956598 -0.040703393518924713
   vertex -0.023464910686016083 -0.0062000001780688763 -0.040703393518924713
   vertex -0.022982541471719742 -0.0001999999803956598 -0.040903203189373016
  endloop
 endfacet
 facet normal 0.38269291388288762 0 0.92387560508102207
  outer loop
   vertex -0.022982541471719742 -0.0001999999803956598 -0.040903203189373016
   vertex -0.023464910686016083 -0.0062000001780688763 -0.040703393518924713
   vertex -0.022982541471719742 -0.0062000001780688763 -0.040903203189373016
  endloop
 endfacet
 facet normal 0.13063013015132896 -0 0.99143117214290122
  outer loop
   vertex -0.022982541471719742 -0.0001999999803956598 -0.040903203189373016
   vertex -0.022982541471719742 -0.0062000001780688763 -0.040903203189373016
   vertex -0.02246491052210331 -0.0001999999803956598 -0.040971405804157257
  endloop
 endfacet
 facet normal 0.13063013015132896 0 0.99143117214290122
  outer loop
   vertex -0.02246491052210331 -0.0001999999803956598 -0.040971405804157257
   vertex -0.022982541471719742 -0.0062000001780688763 -0.040903203189373016
   vertex -0.02246491052210331 -0.0062000001780688763 -0.040971405804157257
  endloop
 endfacet
 facet normal -0.13062781999813725 0 0.99143147652398755
  outer loop
   vertex -0.02246491052210331 -0.0001999999803956598 -0.040971405804157257
   vertex -0.02246491052210331 -0.0062000001780688763 -0.040971405804157257
   vertex -0.021947270259261131 -0.0001999999803956598 -0.040903203189373016
  endloop
 endfacet
 facet normal -0.13062781999813725 0 0.99143147652398755
  outer loop
   vertex -0.021947270259261131 -0.0001999999803956598 -0.040903203189373016
   vertex -0.02246491052210331 -0.0062000001780688763 -0.040971405804157257
   vertex -0.021947270259261131 -0.0062000001780688763 -0.040903203189373016
  endloop
 endfacet
 facet normal -0.38269922061683909 0 0.92387299264523581
  outer loop
   vertex -0.021947270259261131 -0.0001999999803956598 -0.040903203189373016
   vertex -0.021947270259261131 -0.0062000001780688763 -0.040903203189373016
   vertex -0.021464910358190536 -0.0001999999803956598 -0.040703393518924713
  endloop
 endfacet
 facet normal -0.38269922061683909 0 0.92387299264523581
  outer loop
   vertex -0.021464910358190536 -0.0001999999803956598 -0.040703393518924713
   vertex -0.021947270259261131 -0.0062000001780688763 -0.040903203189373016
   vertex -0.021464910358190536 -0.0062000001780688763 -0.040703393518924713
  endloop
 endfacet
 facet normal -0.60870646210545198 0 0.79339551485439075
  outer loop
   vertex -0.021464910358190536 -0.0001999999803956598 -0.040703393518924713
   vertex -0.021464910358190536 -0.0062000001780688763 -0.040703393518924713
   vertex -0.021050689741969109 -0.0001999999803956598 -0.040385596454143524
  endloop
 endfacet
 facet normal -0.60870646210545198 0 0.79339551485439075
  outer loop
   vertex -0.021050689741969109 -0.0001999999803956598 -0.040385596454143524
   vertex -0.021464910358190536 -0.0062000001780688763 -0.040703393518924713
   vertex -0.021050689741969109 -0.0062000001780688763 -0.040385596454143524
  endloop
 endfacet
 facet normal -0.79334639221772763 0 0.60877048380741616
  outer loop
   vertex -0.021050689741969109 -0.0001999999803956598 -0.040385596454143524
   vertex -0.021050689741969109 -0.0062000001780688763 -0.040385596454143524
   vertex -0.020732861012220383 -0.0001999999803956598 -0.039971403777599335
  endloop
 endfacet
 facet normal -0.79334639221772763 0 0.60877048380741616
  outer loop
   vertex -0.020732861012220383 -0.0001999999803956598 -0.039971403777599335
   vertex -0.021050689741969109 -0.0062000001780688763 -0.040385596454143524
   vertex -0.020732861012220383 -0.0062000001780688763 -0.039971403777599335
  endloop
 endfacet
 facet normal -0.92389340398473485 0 0.382649941948904
  outer loop
   vertex -0.020732861012220383 -0.0001999999803956598 -0.039971403777599335
   vertex -0.020732861012220383 -0.0062000001780688763 -0.039971403777599335
   vertex -0.020533060654997826 -0.0001999999803956598 -0.039488993585109711
  endloop
 endfacet
 facet normal -0.92389340398473485 0 0.382649941948904
  outer loop
   vertex -0.020533060654997826 -0.0001999999803956598 -0.039488993585109711
   vertex -0.020732861012220383 -0.0062000001780688763 -0.039971403777599335
   vertex -0.020533060654997826 -0.0062000001780688763 -0.039488993585109711
  endloop
 endfacet
 facet normal -0.99144331424682342 0 0.13053794327809323
  outer loop
   vertex 0.024466939270496368 -0.0001999999803956598 0.038453288376331329
   vertex 0.024466939270496368 -0.0062000001780688763 0.038453288376331329
   vertex 0.024535089731216431 -0.0001999999803956598 0.038970895111560822
  endloop
 endfacet
 facet normal -0.99144331424682342 0 0.13053794327809323
  outer loop
   vertex 0.024535089731216431 -0.0001999999803956598 0.038970895111560822
   vertex 0.024466939270496368 -0.0062000001780688763 0.038453288376331329
   vertex 0.024535089731216431 -0.0062000001780688763 0.038970895111560822
  endloop
 endfacet
 facet normal -0.99144331424682342 0 -0.13053794327809323
  outer loop
   vertex 0.024535089731216431 -0.0001999999803956598 0.038970895111560822
   vertex 0.024535089731216431 -0.0062000001780688763 0.038970895111560822
   vertex 0.024466939270496368 -0.0001999999803956598 0.039488501846790314
  endloop
 endfacet
 facet normal -0.99144331424682342 0 -0.13053794327809323
  outer loop
   vertex 0.024466939270496368 -0.0001999999803956598 0.039488501846790314
   vertex 0.024535089731216431 -0.0062000001780688763 0.038970895111560822
   vertex 0.024466939270496368 -0.0062000001780688763 0.039488501846790314
  endloop
 endfacet
 facet normal -0.92389340398473485 0 -0.382649941948904
  outer loop
   vertex 0.024466939270496368 -0.0001999999803956598 0.039488501846790314
   vertex 0.024466939270496368 -0.0062000001780688763 0.039488501846790314
   vertex 0.024267138913273811 -0.0001999999803956598 0.039970912039279938
  endloop
 endfacet
 facet normal -0.92389340398473485 0 -0.382649941948904
  outer loop
   vertex 0.024267138913273811 -0.0001999999803956598 0.039970912039279938
   vertex 0.024466939270496368 -0.0062000001780688763 0.039488501846790314
   vertex 0.024267138913273811 -0.0062000001780688763 0.039970912039279938
  endloop
 endfacet
 facet normal -0.79334639221772763 0 -0.60877048380741616
  outer loop
   vertex 0.024267138913273811 -0.0001999999803956598 0.039970912039279938
   vertex 0.024267138913273811 -0.0062000001780688763 0.039970912039279938
   vertex 0.023949310183525085 -0.0001999999803956598 0.040385104715824127
  endloop
 endfacet
 facet normal -0.79334639221772763 0 -0.60877048380741616
  outer loop
   vertex 0.023949310183525085 -0.0001999999803956598 0.040385104715824127
   vertex 0.024267138913273811 -0.0062000001780688763 0.039970912039279938
   vertex 0.023949310183525085 -0.0062000001780688763 0.040385104715824127
  endloop
 endfacet
 facet normal -0.60868849537951275 0 -0.79340929890733247
  outer loop
   vertex 0.023949310183525085 -0.0001999999803956598 0.040385104715824127
   vertex 0.023949310183525085 -0.0062000001780688763 0.040385104715824127
   vertex 0.023535089567303658 -0.0001999999803956598 0.040702886879444122
  endloop
 endfacet
 facet normal -0.60868849537951275 0 -0.79340929890733247
  outer loop
   vertex 0.023535089567303658 -0.0001999999803956598 0.040702886879444122
   vertex 0.023949310183525085 -0.0062000001780688763 0.040385104715824127
   vertex 0.023535089567303658 -0.0062000001780688763 0.040702886879444122
  endloop
 endfacet
 facet normal -0.38272358069149315 0 -0.9238629015079467
  outer loop
   vertex 0.023535089567303658 -0.0001999999803956598 0.040702886879444122
   vertex 0.023535089567303658 -0.0062000001780688763 0.040702886879444122
   vertex 0.023052729666233063 -0.0001999999803956598 0.040902711451053619
  endloop
 endfacet
 facet normal -0.38272358069149315 0 -0.9238629015079467
  outer loop
   vertex 0.023052729666233063 -0.0001999999803956598 0.040902711451053619
   vertex 0.023535089567303658 -0.0062000001780688763 0.040702886879444122
   vertex 0.023052729666233063 -0.0062000001780688763 0.040902711451053619
  endloop
 endfacet
 facet normal -0.1305997667856536 0 -0.9914351723211825
  outer loop
   vertex 0.023052729666233063 -0.0001999999803956598 0.040902711451053619
   vertex 0.023052729666233063 -0.0062000001780688763 0.040902711451053619
   vertex 0.022535089403390884 -0.0001999999803956598 0.040970899164676666
  endloop
 endfacet
 facet normal -0.1305997667856536 0 -0.9914351723211825
  outer loop
   vertex 0.022535089403390884 -0.0001999999803956598 0.040970899164676666
   vertex 0.023052729666233063 -0.0062000001780688763 0.040902711451053619
   vertex 0.022535089403390884 -0.0062000001780688763 0.040970899164676666
  endloop
 endfacet
 facet normal 0.13060207645994429 0 -0.99143486806968362
  outer loop
   vertex 0.022535089403390884 -0.0001999999803956598 0.040970899164676666
   vertex 0.022535089403390884 -0.0062000001780688763 0.040970899164676666
   vertex 0.022017458453774452 -0.0001999999803956598 0.040902711451053619
  endloop
 endfacet
 facet normal 0.13060207645994429 0 -0.99143486806968362
  outer loop
   vertex 0.022017458453774452 -0.0001999999803956598 0.040902711451053619
   vertex 0.022535089403390884 -0.0062000001780688763 0.040970899164676666
   vertex 0.022017458453774452 -0.0062000001780688763 0.040902711451053619
  endloop
 endfacet
 facet normal 0.3827172736938742 0 -0.92386551424778707
  outer loop
   vertex 0.022017458453774452 -0.0001999999803956598 0.040902711451053619
   vertex 0.022017458453774452 -0.0062000001780688763 0.040902711451053619
   vertex 0.021535089239478111 -0.0001999999803956598 0.040702886879444122
  endloop
 endfacet
 facet normal 0.3827172736938742 0 -0.92386551424778707
  outer loop
   vertex 0.021535089239478111 -0.0001999999803956598 0.040702886879444122
   vertex 0.022017458453774452 -0.0062000001780688763 0.040902711451053619
   vertex 0.021535089239478111 -0.0062000001780688763 0.040702886879444122
  endloop
 endfacet
 facet normal 0.60869883357016319 0 -0.79340136753746704
  outer loop
   vertex 0.021535089239478111 -0.0001999999803956598 0.040702886879444122
   vertex 0.021535089239478111 -0.0062000001780688763 0.040702886879444122
   vertex 0.021120879799127579 -0.0001999999803956598 0.040385104715824127
  endloop
 endfacet
 facet normal 0.60869883357016319 0 -0.79340136753746704
  outer loop
   vertex 0.021120879799127579 -0.0001999999803956598 0.040385104715824127
   vertex 0.021535089239478111 -0.0062000001780688763 0.040702886879444122
   vertex 0.021120879799127579 -0.0062000001780688763 0.040385104715824127
  endloop
 endfacet
 facet normal 0.79333605372095961 0 -0.60878395664345053
  outer loop
   vertex 0.021120879799127579 -0.0001999999803956598 0.040385104715824127
   vertex 0.021120879799127579 -0.0062000001780688763 0.040385104715824127
   vertex 0.020803039893507957 -0.0001999999803956598 0.039970912039279938
  endloop
 endfacet
 facet normal 0.79333605372095961 0 -0.60878395664345053
  outer loop
   vertex 0.020803039893507957 -0.0001999999803956598 0.039970912039279938
   vertex 0.021120879799127579 -0.0062000001780688763 0.040385104715824127
   vertex 0.020803039893507957 -0.0062000001780688763 0.039970912039279938
  endloop
 endfacet
 facet normal 0.92389340398473485 0 -0.382649941948904
  outer loop
   vertex 0.020803039893507957 -0.0001999999803956598 0.039970912039279938
   vertex 0.020803039893507957 -0.0062000001780688763 0.039970912039279938
   vertex 0.0206032395362854 -0.0001999999803956598 0.039488501846790314
  endloop
 endfacet
 facet normal 0.92389340398473485 0 -0.382649941948904
  outer loop
   vertex 0.0206032395362854 -0.0001999999803956598 0.039488501846790314
   vertex 0.020803039893507957 -0.0062000001780688763 0.039970912039279938
   vertex 0.0206032395362854 -0.0062000001780688763 0.039488501846790314
  endloop
 endfacet
 facet normal 0.99144331424682342 0 -0.13053794327809323
  outer loop
   vertex 0.0206032395362854 -0.0001999999803956598 0.039488501846790314
   vertex 0.0206032395362854 -0.0062000001780688763 0.039488501846790314
   vertex 0.020535089075565338 -0.0001999999803956598 0.038970895111560822
  endloop
 endfacet
 facet normal 0.99144331424682342 0 -0.13053794327809323
  outer loop
   vertex 0.020535089075565338 -0.0001999999803956598 0.038970895111560822
   vertex 0.0206032395362854 -0.0062000001780688763 0.039488501846790314
   vertex 0.020535089075565338 -0.0062000001780688763 0.038970895111560822
  endloop
 endfacet
 facet normal 0.99144331424682342 -0 0.13053794327809323
  outer loop
   vertex 0.020535089075565338 -0.0001999999803956598 0.038970895111560822
   vertex 0.020535089075565338 -0.0062000001780688763 0.038970895111560822
   vertex 0.0206032395362854 -0.0001999999803956598 0.038453288376331329
  endloop
 endfacet
 facet normal 0.99144331424682342 0 0.13053794327809323
  outer loop
   vertex 0.0206032395362854 -0.0001999999803956598 0.038453288376331329
   vertex 0.020535089075565338 -0.0062000001780688763 0.038970895111560822
   vertex 0.0206032395362854 -0.0062000001780688763 0.038453288376331329
  endloop
 endfacet
 facet normal 0.9238850461619873 -0 0.38267012096355607
  outer loop
   vertex 0.0206032395362854 -0.0001999999803956598 0.038453288376331329
   vertex 0.0206032395362854 -0.0062000001780688763 0.038453288376331329
   vertex 0.020803039893507957 -0.0001999999803956598 0.037970907986164093
  endloop
 endfacet
 facet normal 0.9238850461619873 0 0.38267012096355607
  outer loop
   vertex 0.020803039893507957 -0.0001999999803956598 0.037970907986164093
   vertex 0.0206032395362854 -0.0062000001780688763 0.038453288376331329
   vertex 0.020803039893507957 -0.0062000001780688763 0.037970907986164093
  endloop
 endfacet
 facet normal 0.79333605372095961 -0 0.60878395664345053
  outer loop
   vertex 0.020803039893507957 -0.0001999999803956598 0.037970907986164093
   vertex 0.020803039893507957 -0.0062000001780688763 0.037970907986164093
   vertex 0.021120879799127579 -0.0001999999803956598 0.037556715309619904
  endloop
 endfacet
 facet normal 0.79333605372095961 0 0.60878395664345053
  outer loop
   vertex 0.021120879799127579 -0.0001999999803956598 0.037556715309619904
   vertex 0.020803039893507957 -0.0062000001780688763 0.037970907986164093
   vertex 0.021120879799127579 -0.0062000001780688763 0.037556715309619904
  endloop
 endfacet
 facet normal 0.60884254072692656 -0 0.79329109449254553
  outer loop
   vertex 0.021120879799127579 -0.0001999999803956598 0.037556715309619904
   vertex 0.021120879799127579 -0.0062000001780688763 0.037556715309619904
   vertex 0.021535089239478111 -0.0001999999803956598 0.037238813936710358
  endloop
 endfacet
 facet normal 0.60884254072692656 0 0.79329109449254553
  outer loop
   vertex 0.021535089239478111 -0.0001999999803956598 0.037238813936710358
   vertex 0.021120879799127579 -0.0062000001780688763 0.037556715309619904
   vertex 0.021535089239478111 -0.0062000001780688763 0.037238813936710358
  endloop
 endfacet
 facet normal 0.3827172736938742 -0 0.92386551424778707
  outer loop
   vertex 0.021535089239478111 -0.0001999999803956598 0.037238813936710358
   vertex 0.021535089239478111 -0.0062000001780688763 0.037238813936710358
   vertex 0.022017458453774452 -0.0001999999803956598 0.037038989365100861
  endloop
 endfacet
 facet normal 0.3827172736938742 0 0.92386551424778707
  outer loop
   vertex 0.022017458453774452 -0.0001999999803956598 0.037038989365100861
   vertex 0.021535089239478111 -0.0062000001780688763 0.037238813936710358
   vertex 0.022017458453774452 -0.0062000001780688763 0.037038989365100861
  endloop
 endfacet
 facet normal 0.13043374772592911 -0 0.99145702753783982
  outer loop
   vertex 0.022017458453774452 -0.0001999999803956598 0.037038989365100861
   vertex 0.022017458453774452 -0.0062000001780688763 0.037038989365100861
   vertex 0.022535089403390884 -0.0001999999803956598 0.036970891058444977
  endloop
 endfacet
 facet normal 0.13043374772592911 0 0.99145702753783982
  outer loop
   vertex 0.022535089403390884 -0.0001999999803956598 0.036970891058444977
   vertex 0.022017458453774452 -0.0062000001780688763 0.037038989365100861
   vertex 0.022535089403390884 -0.0062000001780688763 0.036970891058444977
  endloop
 endfacet
 facet normal -0.13043144092538989 0 0.99145733101234701
  outer loop
   vertex 0.022535089403390884 -0.0001999999803956598 0.036970891058444977
   vertex 0.022535089403390884 -0.0062000001780688763 0.036970891058444977
   vertex 0.023052729666233063 -0.0001999999803956598 0.037038989365100861
  endloop
 endfacet
 facet normal -0.13043144092538989 0 0.99145733101234701
  outer loop
   vertex 0.023052729666233063 -0.0001999999803956598 0.037038989365100861
   vertex 0.022535089403390884 -0.0062000001780688763 0.036970891058444977
   vertex 0.023052729666233063 -0.0062000001780688763 0.037038989365100861
  endloop
 endfacet
 facet normal -0.38272358069149315 0 0.9238629015079467
  outer loop
   vertex 0.023052729666233063 -0.0001999999803956598 0.037038989365100861
   vertex 0.023052729666233063 -0.0062000001780688763 0.037038989365100861
   vertex 0.023535089567303658 -0.0001999999803956598 0.037238813936710358
  endloop
 endfacet
 facet normal -0.38272358069149315 0 0.9238629015079467
  outer loop
   vertex 0.023535089567303658 -0.0001999999803956598 0.037238813936710358
   vertex 0.023052729666233063 -0.0062000001780688763 0.037038989365100861
   vertex 0.023535089567303658 -0.0062000001780688763 0.037238813936710358
  endloop
 endfacet
 facet normal -0.60883220296971063 0 0.79329902850504563
  outer loop
   vertex 0.023535089567303658 -0.0001999999803956598 0.037238813936710358
   vertex 0.023535089567303658 -0.0062000001780688763 0.037238813936710358
   vertex 0.023949310183525085 -0.0001999999803956598 0.037556715309619904
  endloop
 endfacet
 facet normal -0.60883220296971063 0 0.79329902850504563
  outer loop
   vertex 0.023949310183525085 -0.0001999999803956598 0.037556715309619904
   vertex 0.023535089567303658 -0.0062000001780688763 0.037238813936710358
   vertex 0.023949310183525085 -0.0062000001780688763 0.037556715309619904
  endloop
 endfacet
 facet normal -0.79334639221772763 0 0.60877048380741616
  outer loop
   vertex 0.023949310183525085 -0.0001999999803956598 0.037556715309619904
   vertex 0.023949310183525085 -0.0062000001780688763 0.037556715309619904
   vertex 0.024267138913273811 -0.0001999999803956598 0.037970907986164093
  endloop
 endfacet
 facet normal -0.79334639221772763 0 0.60877048380741616
  outer loop
   vertex 0.024267138913273811 -0.0001999999803956598 0.037970907986164093
   vertex 0.023949310183525085 -0.0062000001780688763 0.037556715309619904
   vertex 0.024267138913273811 -0.0062000001780688763 0.037970907986164093
  endloop
 endfacet
 facet normal -0.9238850461619873 0 0.38267012096355607
  outer loop
   vertex 0.024267138913273811 -0.0001999999803956598 0.037970907986164093
   vertex 0.024267138913273811 -0.0062000001780688763 0.037970907986164093
   vertex 0.024466939270496368 -0.0001999999803956598 0.038453288376331329
  endloop
 endfacet
 facet normal -0.9238850461619873 0 0.38267012096355607
  outer loop
   vertex 0.024466939270496368 -0.0001999999803956598 0.038453288376331329
   vertex 0.024267138913273811 -0.0062000001780688763 0.037970907986164093
   vertex 0.024466939270496368 -0.0062000001780688763 0.038453288376331329
  endloop
 endfacet
 facet normal -0.99144331424682342 0 0.13053794327809323
  outer loop
   vertex -0.020533060654997826 -0.0001999999803956598 0.038453288376331329
   vertex -0.020533060654997826 -0.0062000001780688763 0.038453288376331329
   vertex -0.020464910194277763 -0.0001999999803956598 0.038970895111560822
  endloop
 endfacet
 facet normal -0.99144331424682342 0 0.13053794327809323
  outer loop
   vertex -0.020464910194277763 -0.0001999999803956598 0.038970895111560822
   vertex -0.020533060654997826 -0.0062000001780688763 0.038453288376331329
   vertex -0.020464910194277763 -0.0062000001780688763 0.038970895111560822
  endloop
 endfacet
 facet normal -0.99144331424682342 0 -0.13053794327809323
  outer loop
   vertex -0.020464910194277763 -0.0001999999803956598 0.038970895111560822
   vertex -0.020464910194277763 -0.0062000001780688763 0.038970895111560822
   vertex -0.020533060654997826 -0.0001999999803956598 0.039488501846790314
  endloop
 endfacet
 facet normal -0.99144331424682342 0 -0.13053794327809323
  outer loop
   vertex -0.020533060654997826 -0.0001999999803956598 0.039488501846790314
   vertex -0.020464910194277763 -0.0062000001780688763 0.038970895111560822
   vertex -0.020533060654997826 -0.0062000001780688763 0.039488501846790314
  endloop
 endfacet
 facet normal -0.92389340398473485 0 -0.382649941948904
  outer loop
   vertex -0.020533060654997826 -0.0001999999803956598 0.039488501846790314
   vertex -0.020533060654997826 -0.0062000001780688763 0.039488501846790314
   vertex -0.020732861012220383 -0.0001999999803956598 0.039970912039279938
  endloop
 endfacet
 facet normal -0.92389340398473485 0 -0.382649941948904
  outer loop
   vertex -0.020732861012220383 -0.0001999999803956598 0.039970912039279938
   vertex -0.020533060654997826 -0.0062000001780688763 0.039488501846790314
   vertex -0.020732861012220383 -0.0062000001780688763 0.039970912039279938
  endloop
 endfacet
 facet normal -0.79334639221772763 0 -0.60877048380741616
  outer loop
   vertex -0.020732861012220383 -0.0001999999803956598 0.039970912039279938
   vertex -0.020732861012220383 -0.0062000001780688763 0.039970912039279938
   vertex -0.021050689741969109 -0.0001999999803956598 0.040385104715824127
  endloop
 endfacet
 facet normal -0.79334639221772763 0 -0.60877048380741616
  outer loop
   vertex -0.021050689741969109 -0.0001999999803956598 0.040385104715824127
   vertex -0.020732861012220383 -0.0062000001780688763 0.039970912039279938
   vertex -0.021050689741969109 -0.0062000001780688763 0.040385104715824127
  endloop
 endfacet
 facet normal -0.60868849537951275 0 -0.79340929890733247
  outer loop
   vertex -0.021050689741969109 -0.0001999999803956598 0.040385104715824127
   vertex -0.021050689741969109 -0.0062000001780688763 0.040385104715824127
   vertex -0.021464910358190536 -0.0001999999803956598 0.040702886879444122
  endloop
 endfacet
 facet normal -0.60868849537951275 0 -0.79340929890733247
  outer loop
   vertex -0.021464910358190536 -0.0001999999803956598 0.040702886879444122
   vertex -0.021050689741969109 -0.0062000001780688763 0.040385104715824127
   vertex -0.021464910358190536 -0.0062000001780688763 0.040702886879444122
  endloop
 endfacet
 facet normal -0.38272358069149315 0 -0.9238629015079467
  outer loop
   vertex -0.021464910358190536 -0.0001999999803956598 0.040702886879444122
   vertex -0.021464910358190536 -0.0062000001780688763 0.040702886879444122
   vertex -0.021947270259261131 -0.0001999999803956598 0.040902711451053619
  endloop
 endfacet
 facet normal -0.38272358069149315 0 -0.9238629015079467
  outer loop
   vertex -0.021947270259261131 -0.0001999999803956598 0.040902711451053619
   vertex -0.021464910358190536 -0.0062000001780688763 0.040702886879444122
   vertex -0.021947270259261131 -0.0062000001780688763 0.040902711451053619
  endloop
 endfacet
 facet normal -0.1305997667856536 0 -0.9914351723211825
  outer loop
   vertex -0.021947270259261131 -0.0001999999803956598 0.040902711451053619
   vertex -0.021947270259261131 -0.0062000001780688763 0.040902711451053619
   vertex -0.02246491052210331 -0.0001999999803956598 0.040970899164676666
  endloop
 endfacet
 facet normal -0.1305997667856536 0 -0.9914351723211825
  outer loop
   vertex -0.02246491052210331 -0.0001999999803956598 0.040970899164676666
   vertex -0.021947270259261131 -0.0062000001780688763 0.040902711451053619
   vertex -0.02246491052210331 -0.0062000001780688763 0.040970899164676666
  endloop
 endfacet
 facet normal 0.13060207645994429 0 -0.99143486806968362
  outer loop
   vertex -0.02246491052210331 -0.0001999999803956598 0.040970899164676666
   vertex -0.02246491052210331 -0.0062000001780688763 0.040970899164676666
   vertex -0.022982541471719742 -0.0001999999803956598 0.040902711451053619
  endloop
 endfacet
 facet normal 0.13060207645994429 0 -0.99143486806968362
  outer loop
   vertex -0.022982541471719742 -0.0001999999803956598 0.040902711451053619
   vertex -0.02246491052210331 -0.0062000001780688763 0.040970899164676666
   vertex -0.022982541471719742 -0.0062000001780688763 0.040902711451053619
  endloop
 endfacet
 facet normal 0.3827172736938742 0 -0.92386551424778707
  outer loop
   vertex -0.022982541471719742 -0.0001999999803956598 0.040902711451053619
   vertex -0.022982541471719742 -0.0062000001780688763 0.040902711451053619
   vertex -0.023464910686016083 -0.0001999999803956598 0.040702886879444122
  endloop
 endfacet
 facet normal 0.3827172736938742 0 -0.92386551424778707
  outer loop
   vertex -0.023464910686016083 -0.0001999999803956598 0.040702886879444122
   vertex -0.022982541471719742 -0.0062000001780688763 0.040902711451053619
   vertex -0.023464910686016083 -0.0062000001780688763 0.040702886879444122
  endloop
 endfacet
 facet normal 0.60869883357016319 0 -0.79340136753746704
  outer loop
   vertex -0.023464910686016083 -0.0001999999803956598 0.040702886879444122
   vertex -0.023464910686016083 -0.0062000001780688763 0.040702886879444122
   vertex -0.023879120126366615 -0.0001999999803956598 0.040385104715824127
  endloop
 endfacet
 facet normal 0.60869883357016319 0 -0.79340136753746704
  outer loop
   vertex -0.023879120126366615 -0.0001999999803956598 0.040385104715824127
   vertex -0.023464910686016083 -0.0062000001780688763 0.040702886879444122
   vertex -0.023879120126366615 -0.0062000001780688763 0.040385104715824127
  endloop
 endfacet
 facet normal 0.79333605372095961 0 -0.60878395664345053
  outer loop
   vertex -0.023879120126366615 -0.0001999999803956598 0.040385104715824127
   vertex -0.023879120126366615 -0.0062000001780688763 0.040385104715824127
   vertex -0.024196960031986237 -0.0001999999803956598 0.039970912039279938
  endloop
 endfacet
 facet normal 0.79333605372095961 0 -0.60878395664345053
  outer loop
   vertex -0.024196960031986237 -0.0001999999803956598 0.039970912039279938
   vertex -0.023879120126366615 -0.0062000001780688763 0.040385104715824127
   vertex -0.024196960031986237 -0.0062000001780688763 0.039970912039279938
  endloop
 endfacet
 facet normal 0.92389340398473485 0 -0.382649941948904
  outer loop
   vertex -0.024196960031986237 -0.0001999999803956598 0.039970912039279938
   vertex -0.024196960031986237 -0.0062000001780688763 0.039970912039279938
   vertex -0.024396760389208794 -0.0001999999803956598 0.039488501846790314
  endloop
 endfacet
 facet normal 0.92389340398473485 0 -0.382649941948904
  outer loop
   vertex -0.024396760389208794 -0.0001999999803956598 0.039488501846790314
   vertex -0.024196960031986237 -0.0062000001780688763 0.039970912039279938
   vertex -0.024396760389208794 -0.0062000001780688763 0.039488501846790314
  endloop
 endfacet
 facet normal 0.99144331424682342 0 -0.13053794327809323
  outer loop
   vertex -0.024396760389208794 -0.0001999999803956598 0.039488501846790314
   vertex -0.024396760389208794 -0.0062000001780688763 0.039488501846790314
   vertex -0.024464910849928856 -0.0001999999803956598 0.038970895111560822
  endloop
 endfacet
 facet normal 0.99144331424682342 0 -0.13053794327809323
  outer loop
   vertex -0.024464910849928856 -0.0001999999803956598 0.038970895111560822
   vertex -0.024396760389208794 -0.0062000001780688763 0.039488501846790314
   vertex -0.024464910849928856 -0.0062000001780688763 0.038970895111560822
  endloop
 endfacet
 facet normal 0.99144331424682342 -0 0.13053794327809323
  outer loop
   vertex -0.024464910849928856 -0.0001999999803956598 0.038970895111560822
   vertex -0.024464910849928856 -0.0062000001780688763 0.038970895111560822
   vertex -0.024396760389208794 -0.0001999999803956598 0.038453288376331329
  endloop
 endfacet
 facet normal 0.99144331424682342 0 0.13053794327809323
  outer loop
   vertex -0.024396760389208794 -0.0001999999803956598 0.038453288376331329
   vertex -0.024464910849928856 -0.0062000001780688763 0.038970895111560822
   vertex -0.024396760389208794 -0.0062000001780688763 0.038453288376331329
  endloop
 endfacet
 facet normal 0.9238850461619873 -0 0.38267012096355607
  outer loop
   vertex -0.024396760389208794 -0.0001999999803956598 0.038453288376331329
   vertex -0.024396760389208794 -0.0062000001780688763 0.038453288376331329
   vertex -0.024196960031986237 -0.0001999999803956598 0.037970907986164093
  endloop
 endfacet
 facet normal 0.9238850461619873 0 0.38267012096355607
  outer loop
   vertex -0.024196960031986237 -0.0001999999803956598 0.037970907986164093
   vertex -0.024396760389208794 -0.0062000001780688763 0.038453288376331329
   vertex -0.024196960031986237 -0.0062000001780688763 0.037970907986164093
  endloop
 endfacet
 facet normal 0.79333605372095961 -0 0.60878395664345053
  outer loop
   vertex -0.024196960031986237 -0.0001999999803956598 0.037970907986164093
   vertex -0.024196960031986237 -0.0062000001780688763 0.037970907986164093
   vertex -0.023879120126366615 -0.0001999999803956598 0.037556715309619904
  endloop
 endfacet
 facet normal 0.79333605372095961 0 0.60878395664345053
  outer loop
   vertex -0.023879120126366615 -0.0001999999803956598 0.037556715309619904
   vertex -0.024196960031986237 -0.0062000001780688763 0.037970907986164093
   vertex -0.023879120126366615 -0.0062000001780688763 0.037556715309619904
  endloop
 endfacet
 facet normal 0.60884254072692656 -0 0.79329109449254553
  outer loop
   vertex -0.023879120126366615 -0.0001999999803956598 0.037556715309619904
   vertex -0.023879120126366615 -0.0062000001780688763 0.037556715309619904
   vertex -0.023464910686016083 -0.0001999999803956598 0.037238813936710358
  endloop
 endfacet
 facet normal 0.60884254072692656 0 0.79329109449254553
  outer loop
   vertex -0.023464910686016083 -0.0001999999803956598 0.037238813936710358
   vertex -0.023879120126366615 -0.0062000001780688763 0.037556715309619904
   vertex -0.023464910686016083 -0.0062000001780688763 0.037238813936710358
  endloop
 endfacet
 facet normal 0.3827172736938742 -0 0.92386551424778707
  outer loop
   vertex -0.023464910686016083 -0.0001999999803956598 0.037238813936710358
   vertex -0.023464910686016083 -0.0062000001780688763 0.037238813936710358
   vertex -0.022982541471719742 -0.0001999999803956598 0.037038989365100861
  endloop
 endfacet
 facet normal 0.3827172736938742 0 0.92386551424778707
  outer loop
   vertex -0.022982541471719742 -0.0001999999803956598 0.037038989365100861
   vertex -0.023464910686016083 -0.0062000001780688763 0.037238813936710358
   vertex -0.022982541471719742 -0.0062000001780688763 0.037038989365100861
  endloop
 endfacet
 facet normal 0.13043374772592911 -0 0.99145702753783982
  outer loop
   vertex -0.022982541471719742 -0.0001999999803956598 0.037038989365100861
   vertex -0.022982541471719742 -0.0062000001780688763 0.037038989365100861
   vertex -0.02246491052210331 -0.0001999999803956598 0.036970891058444977
  endloop
 endfacet
 facet normal 0.13043374772592911 0 0.99145702753783982
  outer loop
   vertex -0.02246491052210331 -0.0001999999803956598 0.036970891058444977
   vertex -0.022982541471719742 -0.0062000001780688763 0.037038989365100861
   vertex -0.02246491052210331 -0.0062000001780688763 0.036970891058444977
  endloop
 endfacet
 facet normal -0.13043144092538989 0 0.99145733101234701
  outer loop
   vertex -0.02246491052210331 -0.0001999999803956598 0.036970891058444977
   vertex -0.02246491052210331 -0.0062000001780688763 0.036970891058444977
   vertex -0.021947270259261131 -0.0001999999803956598 0.037038989365100861
  endloop
 endfacet
 facet normal -0.13043144092538989 0 0.99145733101234701
  outer loop
   vertex -0.021947270259261131 -0.0001999999803956598 0.037038989365100861
   vertex -0.02246491052210331 -0.0062000001780688763 0.036970891058444977
   vertex -0.021947270259261131 -0.0062000001780688763 0.037038989365100861
  endloop
 endfacet
 facet normal -0.38272358069149315 0 0.9238629015079467
  outer loop
   vertex -0.021947270259261131 -0.0001999999803956598 0.037038989365100861
   vertex -0.021947270259261131 -0.0062000001780688763 0.037038989365100861
   vertex -0.021464910358190536 -0.0001999999803956598 0.037238813936710358
  endloop
 endfacet
 facet normal -0.38272358069149315 0 0.9238629015079467
  outer loop
   vertex -0.021464910358190536 -0.0001999999803956598 0.037238813936710358
   vertex -0.021947270259261131 -0.0062000001780688763 0.037038989365100861
   vertex -0.021464910358190536 -0.0062000001780688763 0.037238813936710358
  endloop
 endfacet
 facet normal -0.60883220296971063 0 0.79329902850504563
  outer loop
   vertex -0.021464910358190536 -0.0001999999803956598 0.037238813936710358
   vertex -0.021464910358190536 -0.0062000001780688763 0.037238813936710358
   vertex -0.021050689741969109 -0.0001999999803956598 0.037556715309619904
  endloop
 endfacet
 facet normal -0.60883220296971063 0 0.79329902850504563
  outer loop
   vertex -0.021050689741969109 -0.0001999999803956598 0.037556715309619904
   vertex -0.021464910358190536 -0.0062000001780688763 0.037238813936710358
   vertex -0.021050689741969109 -0.0062000001780688763 0.037556715309619904
  endloop
 endfacet
 facet normal -0.79334639221772763 0 0.60877048380741616
  outer loop
   vertex -0.021050689741969109 -0.0001999999803956598 0.037556715309619904
   vertex -0.021050689741969109 -0.0062000001780688763 0.037556715309619904
   vertex -0.020732861012220383 -0.0001999999803956598 0.037970907986164093
  endloop
 endfacet
 facet normal -0.79334639221772763 0 0.60877048380741616
  outer loop
   vertex -0.020732861012220383 -0.0001999999803956598 0.037970907986164093
   vertex -0.021050689741969109 -0.0062000001780688763 0.037556715309619904
   vertex -0.020732861012220383 -0.0062000001780688763 0.037970907986164093
  endloop
 endfacet
 facet normal -0.9238850461619873 0 0.38267012096355607
  outer loop
   vertex -0.020732861012220383 -0.0001999999803956598 0.037970907986164093
   vertex -0.020732861012220383 -0.0062000001780688763 0.037970907986164093
   vertex -0.020533060654997826 -0.0001999999803956598 0.038453288376331329
  endloop
 endfacet
 facet normal -0.9238850461619873 0 0.38267012096355607
  outer loop
   vertex -0.020533060654997826 -0.0001999999803956598 0.038453288376331329
   vertex -0.020732861012220383 -0.0062000001780688763 0.037970907986164093
   vertex -0.020533060654997826 -0.0062000001780688763 0.038453288376331329
  endloop
 endfacet
 facet normal -0.99144282786196247 0 0.13054163734638508
  outer loop
   vertex 0.024466939270496368 -0.0001999999803956598 -0.039488993585109711
   vertex 0.024466939270496368 -0.0062000001780688763 -0.039488993585109711
   vertex 0.024535089731216431 -0.0001999999803956598 -0.038971401751041412
  endloop
 endfacet
 facet normal -0.99144282786196247 0 0.13054163734638508
  outer loop
   vertex 0.024535089731216431 -0.0001999999803956598 -0.038971401751041412
   vertex 0.024466939270496368 -0.0062000001780688763 -0.039488993585109711
   vertex 0.024535089731216431 -0.0062000001780688763 -0.038971401751041412
  endloop
 endfacet
 facet normal -0.99144331424682342 0 -0.13053794327809323
  outer loop
   vertex 0.024535089731216431 -0.0001999999803956598 -0.038971401751041412
   vertex 0.024535089731216431 -0.0062000001780688763 -0.038971401751041412
   vertex 0.024466939270496368 -0.0001999999803956598 -0.03845379501581192
  endloop
 endfacet
 facet normal -0.99144331424682342 0 -0.13053794327809323
  outer loop
   vertex 0.024466939270496368 -0.0001999999803956598 -0.03845379501581192
   vertex 0.024535089731216431 -0.0062000001780688763 -0.038971401751041412
   vertex 0.024466939270496368 -0.0062000001780688763 -0.03845379501581192
  endloop
 endfacet
 facet normal -0.92388922523863759 0 -0.38266003121302067
  outer loop
   vertex 0.024466939270496368 -0.0001999999803956598 -0.03845379501581192
   vertex 0.024466939270496368 -0.0062000001780688763 -0.03845379501581192
   vertex 0.024267138913273811 -0.0001999999803956598 -0.03797139972448349
  endloop
 endfacet
 facet normal -0.92388922523863759 0 -0.38266003121302067
  outer loop
   vertex 0.024267138913273811 -0.0001999999803956598 -0.03797139972448349
   vertex 0.024466939270496368 -0.0062000001780688763 -0.03845379501581192
   vertex 0.024267138913273811 -0.0062000001780688763 -0.03797139972448349
  endloop
 endfacet
 facet normal -0.79335696947267376 0 -0.60875669933819632
  outer loop
   vertex 0.024267138913273811 -0.0001999999803956598 -0.03797139972448349
   vertex 0.024267138913273811 -0.0062000001780688763 -0.03797139972448349
   vertex 0.023949310183525085 -0.0001999999803956598 -0.037557192146778107
  endloop
 endfacet
 facet normal -0.79335696947267376 0 -0.60875669933819632
  outer loop
   vertex 0.023949310183525085 -0.0001999999803956598 -0.037557192146778107
   vertex 0.024267138913273811 -0.0062000001780688763 -0.03797139972448349
   vertex 0.023949310183525085 -0.0062000001780688763 -0.037557192146778107
  endloop
 endfacet
 facet normal -0.60881424279783836 0 -0.79331281205240523
  outer loop
   vertex 0.023949310183525085 -0.0001999999803956598 -0.037557192146778107
   vertex 0.023949310183525085 -0.0062000001780688763 -0.037557192146778107
   vertex 0.023535089567303658 -0.0001999999803956598 -0.037239305675029755
  endloop
 endfacet
 facet normal -0.60881424279783836 0 -0.79331281205240523
  outer loop
   vertex 0.023535089567303658 -0.0001999999803956598 -0.037239305675029755
   vertex 0.023949310183525085 -0.0062000001780688763 -0.037557192146778107
   vertex 0.023535089567303658 -0.0062000001780688763 -0.037239305675029755
  endloop
 endfacet
 facet normal -0.38269922061683909 0 -0.92387299264523581
  outer loop
   vertex 0.023535089567303658 -0.0001999999803956598 -0.037239305675029755
   vertex 0.023535089567303658 -0.0062000001780688763 -0.037239305675029755
   vertex 0.023052729666233063 -0.0001999999803956598 -0.037039496004581451
  endloop
 endfacet
 facet normal -0.38269922061683909 0 -0.92387299264523581
  outer loop
   vertex 0.023052729666233063 -0.0001999999803956598 -0.037039496004581451
   vertex 0.023535089567303658 -0.0062000001780688763 -0.037239305675029755
   vertex 0.023052729666233063 -0.0062000001780688763 -0.037039496004581451
  endloop
 endfacet
 facet normal -0.13043144092538989 0 -0.99145733101234701
  outer loop
   vertex 0.023052729666233063 -0.0001999999803956598 -0.037039496004581451
   vertex 0.023052729666233063 -0.0062000001780688763 -0.037039496004581451
   vertex 0.022535089403390884 -0.0001999999803956598 -0.036971397697925568
  endloop
 endfacet
 facet normal -0.13043144092538989 0 -0.99145733101234701
  outer loop
   vertex 0.022535089403390884 -0.0001999999803956598 -0.036971397697925568
   vertex 0.023052729666233063 -0.0062000001780688763 -0.037039496004581451
   vertex 0.022535089403390884 -0.0062000001780688763 -0.036971397697925568
  endloop
 endfacet
 facet normal 0.13043374772592911 0 -0.99145702753783982
  outer loop
   vertex 0.022535089403390884 -0.0001999999803956598 -0.036971397697925568
   vertex 0.022535089403390884 -0.0062000001780688763 -0.036971397697925568
   vertex 0.022017458453774452 -0.0001999999803956598 -0.037039496004581451
  endloop
 endfacet
 facet normal 0.13043374772592911 0 -0.99145702753783982
  outer loop
   vertex 0.022017458453774452 -0.0001999999803956598 -0.037039496004581451
   vertex 0.022535089403390884 -0.0062000001780688763 -0.036971397697925568
   vertex 0.022017458453774452 -0.0062000001780688763 -0.037039496004581451
  endloop
 endfacet
 facet normal 0.38269291388288762 0 -0.92387560508102207
  outer loop
   vertex 0.022017458453774452 -0.0001999999803956598 -0.037039496004581451
   vertex 0.022017458453774452 -0.0062000001780688763 -0.037039496004581451
   vertex 0.021535089239478111 -0.0001999999803956598 -0.037239305675029755
  endloop
 endfacet
 facet normal 0.38269291388288762 0 -0.92387560508102207
  outer loop
   vertex 0.021535089239478111 -0.0001999999803956598 -0.037239305675029755
   vertex 0.022017458453774452 -0.0062000001780688763 -0.037039496004581451
   vertex 0.021535089239478111 -0.0062000001780688763 -0.037239305675029755
  endloop
 endfacet
 facet normal 0.60882458060933498 0 -0.79330487837014296
  outer loop
   vertex 0.021535089239478111 -0.0001999999803956598 -0.037239305675029755
   vertex 0.021535089239478111 -0.0062000001780688763 -0.037239305675029755
   vertex 0.021120879799127579 -0.0001999999803956598 -0.037557192146778107
  endloop
 endfacet
 facet normal 0.60882458060933498 0 -0.79330487837014296
  outer loop
   vertex 0.021120879799127579 -0.0001999999803956598 -0.037557192146778107
   vertex 0.021535089239478111 -0.0062000001780688763 -0.037239305675029755
   vertex 0.021120879799127579 -0.0062000001780688763 -0.037557192146778107
  endloop
 endfacet
 facet normal 0.79334663130625183 0 -0.60877017222842167
  outer loop
   vertex 0.021120879799127579 -0.0001999999803956598 -0.037557192146778107
   vertex 0.021120879799127579 -0.0062000001780688763 -0.037557192146778107
   vertex 0.020803039893507957 -0.0001999999803956598 -0.03797139972448349
  endloop
 endfacet
 facet normal 0.79334663130625183 0 -0.60877017222842167
  outer loop
   vertex 0.020803039893507957 -0.0001999999803956598 -0.03797139972448349
   vertex 0.021120879799127579 -0.0062000001780688763 -0.037557192146778107
   vertex 0.020803039893507957 -0.0062000001780688763 -0.03797139972448349
  endloop
 endfacet
 facet normal 0.92388922523863759 0 -0.38266003121302067
  outer loop
   vertex 0.020803039893507957 -0.0001999999803956598 -0.03797139972448349
   vertex 0.020803039893507957 -0.0062000001780688763 -0.03797139972448349
   vertex 0.0206032395362854 -0.0001999999803956598 -0.03845379501581192
  endloop
 endfacet
 facet normal 0.92388922523863759 0 -0.38266003121302067
  outer loop
   vertex 0.0206032395362854 -0.0001999999803956598 -0.03845379501581192
   vertex 0.020803039893507957 -0.0062000001780688763 -0.03797139972448349
   vertex 0.0206032395362854 -0.0062000001780688763 -0.03845379501581192
  endloop
 endfacet
 facet normal 0.99144331424682342 0 -0.13053794327809323
  outer loop
   vertex 0.0206032395362854 -0.0001999999803956598 -0.03845379501581192
   vertex 0.0206032395362854 -0.0062000001780688763 -0.03845379501581192
   vertex 0.020535089075565338 -0.0001999999803956598 -0.038971401751041412
  endloop
 endfacet
 facet normal 0.99144331424682342 0 -0.13053794327809323
  outer loop
   vertex 0.020535089075565338 -0.0001999999803956598 -0.038971401751041412
   vertex 0.0206032395362854 -0.0062000001780688763 -0.03845379501581192
   vertex 0.020535089075565338 -0.0062000001780688763 -0.038971401751041412
  endloop
 endfacet
 facet normal 0.99144282786196247 -0 0.13054163734638508
  outer loop
   vertex 0.020535089075565338 -0.0001999999803956598 -0.038971401751041412
   vertex 0.020535089075565338 -0.0062000001780688763 -0.038971401751041412
   vertex 0.0206032395362854 -0.0001999999803956598 -0.039488993585109711
  endloop
 endfacet
 facet normal 0.99144282786196247 0 0.13054163734638508
  outer loop
   vertex 0.0206032395362854 -0.0001999999803956598 -0.039488993585109711
   vertex 0.020535089075565338 -0.0062000001780688763 -0.038971401751041412
   vertex 0.0206032395362854 -0.0062000001780688763 -0.039488993585109711
  endloop
 endfacet
 facet normal 0.92389340398473485 -0 0.382649941948904
  outer loop
   vertex 0.0206032395362854 -0.0001999999803956598 -0.039488993585109711
   vertex 0.0206032395362854 -0.0062000001780688763 -0.039488993585109711
   vertex 0.020803039893507957 -0.0001999999803956598 -0.039971403777599335
  endloop
 endfacet
 facet normal 0.92389340398473485 0 0.382649941948904
  outer loop
   vertex 0.020803039893507957 -0.0001999999803956598 -0.039971403777599335
   vertex 0.0206032395362854 -0.0062000001780688763 -0.039488993585109711
   vertex 0.020803039893507957 -0.0062000001780688763 -0.039971403777599335
  endloop
 endfacet
 facet normal 0.79333605372095961 -0 0.60878395664345053
  outer loop
   vertex 0.020803039893507957 -0.0001999999803956598 -0.039971403777599335
   vertex 0.020803039893507957 -0.0062000001780688763 -0.039971403777599335
   vertex 0.021120879799127579 -0.0001999999803956598 -0.040385596454143524
  endloop
 endfacet
 facet normal 0.79333605372095961 0 0.60878395664345053
  outer loop
   vertex 0.021120879799127579 -0.0001999999803956598 -0.040385596454143524
   vertex 0.020803039893507957 -0.0062000001780688763 -0.039971403777599335
   vertex 0.021120879799127579 -0.0062000001780688763 -0.040385596454143524
  endloop
 endfacet
 facet normal 0.60871680024202457 -0 0.79338758315410463
  outer loop
   vertex 0.021120879799127579 -0.0001999999803956598 -0.040385596454143524
   vertex 0.021120879799127579 -0.0062000001780688763 -0.040385596454143524
   vertex 0.021535089239478111 -0.0001999999803956598 -0.040703393518924713
  endloop
 endfacet
 facet normal 0.60871680024202457 0 0.79338758315410463
  outer loop
   vertex 0.021535089239478111 -0.0001999999803956598 -0.040703393518924713
   vertex 0.021120879799127579 -0.0062000001780688763 -0.040385596454143524
   vertex 0.021535089239478111 -0.0062000001780688763 -0.040703393518924713
  endloop
 endfacet
 facet normal 0.38269291388288762 -0 0.92387560508102207
  outer loop
   vertex 0.021535089239478111 -0.0001999999803956598 -0.040703393518924713
   vertex 0.021535089239478111 -0.0062000001780688763 -0.040703393518924713
   vertex 0.022017458453774452 -0.0001999999803956598 -0.040903203189373016
  endloop
 endfacet
 facet normal 0.38269291388288762 0 0.92387560508102207
  outer loop
   vertex 0.022017458453774452 -0.0001999999803956598 -0.040903203189373016
   vertex 0.021535089239478111 -0.0062000001780688763 -0.040703393518924713
   vertex 0.022017458453774452 -0.0062000001780688763 -0.040903203189373016
  endloop
 endfacet
 facet normal 0.13063013015132896 -0 0.99143117214290122
  outer loop
   vertex 0.022017458453774452 -0.0001999999803956598 -0.040903203189373016
   vertex 0.022017458453774452 -0.0062000001780688763 -0.040903203189373016
   vertex 0.022535089403390884 -0.0001999999803956598 -0.040971405804157257
  endloop
 endfacet
 facet normal 0.13063013015132896 0 0.99143117214290122
  outer loop
   vertex 0.022535089403390884 -0.0001999999803956598 -0.040971405804157257
   vertex 0.022017458453774452 -0.0062000001780688763 -0.040903203189373016
   vertex 0.022535089403390884 -0.0062000001780688763 -0.040971405804157257
  endloop
 endfacet
 facet normal -0.13062781999813725 0 0.99143147652398755
  outer loop
   vertex 0.022535089403390884 -0.0001999999803956598 -0.040971405804157257
   vertex 0.022535089403390884 -0.0062000001780688763 -0.040971405804157257
   vertex 0.023052729666233063 -0.0001999999803956598 -0.040903203189373016
  endloop
 endfacet
 facet normal -0.13062781999813725 0 0.99143147652398755
  outer loop
   vertex 0.023052729666233063 -0.0001999999803956598 -0.040903203189373016
   vertex 0.022535089403390884 -0.0062000001780688763 -0.040971405804157257
   vertex 0.023052729666233063 -0.0062000001780688763 -0.040903203189373016
  endloop
 endfacet
 facet normal -0.38269922061683909 0 0.92387299264523581
  outer loop
   vertex 0.023052729666233063 -0.0001999999803956598 -0.040903203189373016
   vertex 0.023052729666233063 -0.0062000001780688763 -0.040903203189373016
   vertex 0.023535089567303658 -0.0001999999803956598 -0.040703393518924713
  endloop
 endfacet
 facet normal -0.38269922061683909 0 0.92387299264523581
  outer loop
   vertex 0.023535089567303658 -0.0001999999803956598 -0.040703393518924713
   vertex 0.023052729666233063 -0.0062000001780688763 -0.040903203189373016
   vertex 0.023535089567303658 -0.0062000001780688763 -0.040703393518924713
  endloop
 endfacet
 facet normal -0.60870646210545198 0 0.79339551485439075
  outer loop
   vertex 0.023535089567303658 -0.0001999999803956598 -0.040703393518924713
   vertex 0.023535089567303658 -0.0062000001780688763 -0.040703393518924713
   vertex 0.023949310183525085 -0.0001999999803956598 -0.040385596454143524
  endloop
 endfacet
 facet normal -0.60870646210545198 0 0.79339551485439075
  outer loop
   vertex 0.023949310183525085 -0.0001999999803956598 -0.040385596454143524
   vertex 0.023535089567303658 -0.0062000001780688763 -0.040703393518924713
   vertex 0.023949310183525085 -0.0062000001780688763 -0.040385596454143524
  endloop
 endfacet
 facet normal -0.79334639221772763 0 0.60877048380741616
  outer loop
   vertex 0.023949310183525085 -0.0001999999803956598 -0.040385596454143524
   vertex 0.023949310183525085 -0.0062000001780688763 -0.040385596454143524
   vertex 0.024267138913273811 -0.0001999999803956598 -0.039971403777599335
  endloop
 endfacet
 facet normal -0.79334639221772763 0 0.60877048380741616
  outer loop
   vertex 0.024267138913273811 -0.0001999999803956598 -0.039971403777599335
   vertex 0.023949310183525085 -0.0062000001780688763 -0.040385596454143524
   vertex 0.024267138913273811 -0.0062000001780688763 -0.039971403777599335
  endloop
 endfacet
 facet normal -0.92389340398473485 0 0.382649941948904
  outer loop
   vertex 0.024267138913273811 -0.0001999999803956598 -0.039971403777599335
   vertex 0.024267138913273811 -0.0062000001780688763 -0.039971403777599335
   vertex 0.024466939270496368 -0.0001999999803956598 -0.039488993585109711
  endloop
 endfacet
 facet normal -0.92389340398473485 0 0.382649941948904
  outer loop
   vertex 0.024466939270496368 -0.0001999999803956598 -0.039488993585109711
   vertex 0.024267138913273811 -0.0062000001780688763 -0.039971403777599335
   vertex 0.024466939270496368 -0.0062000001780688763 -0.039488993585109711
  endloop
 endfacet
 facet normal -0.99144282745189927 0 0.13054164046074973
  outer loop
   vertex 0.04696694016456604 -0.0001999999803956598 -0.00051789783174172044
   vertex 0.04696694016456604 -0.0062000001780688763 -0.00051789783174172044
   vertex 0.047035090625286102 -0.0001999999803956598 -3.060102358176664e-07
  endloop
 endfacet
 facet normal -0.99144282745189927 0 0.13054164046074973
  outer loop
   vertex 0.047035090625286102 -0.0001999999803956598 -3.060102358176664e-07
   vertex 0.04696694016456604 -0.0062000001780688763 -0.00051789783174172044
   vertex 0.047035090625286102 -0.0062000001780688763 -3.060102358176664e-07
  endloop
 endfacet
 facet normal -0.99144671819479124 0 -0.13051208748916071
  outer loop
   vertex 0.047035090625286102 -0.0001999999803956598 -3.060102358176664e-07
   vertex 0.047035090625286102 -0.0062000001780688763 -3.060102358176664e-07
   vertex 0.04696694016456604 -0.0001999999803956598 0.00051740504568442702
  endloop
 endfacet
 facet normal -0.99144671819479124 0 -0.13051208748916071
  outer loop
   vertex 0.04696694016456604 -0.0001999999803956598 0.00051740504568442702
   vertex 0.047035090625286102 -0.0062000001780688763 -3.060102358176664e-07
   vertex 0.04696694016456604 -0.0062000001780688763 0.00051740504568442702
  endloop
 endfacet
 facet normal -0.92385868680802252 0 -0.38273375446824132
  outer loop
   vertex 0.04696694016456604 -0.0001999999803956598 0.00051740504568442702
   vertex 0.04696694016456604 -0.0062000001780688763 0.00051740504568442702
   vertex 0.046767137944698334 -0.0001999999803956598 0.00099969597067683935
  endloop
 endfacet
 facet normal -0.92385868680802252 0 -0.38273375446824132
  outer loop
   vertex 0.046767137944698334 -0.0001999999803956598 0.00099969597067683935
   vertex 0.04696694016456604 -0.0062000001780688763 0.00051740504568442702
   vertex 0.046767137944698334 -0.0062000001780688763 0.00099969597067683935
  endloop
 endfacet
 facet normal -0.7934221406174109 0 -0.60867175618561875
  outer loop
   vertex 0.046767137944698334 -0.0001999999803956598 0.00099969597067683935
   vertex 0.046767137944698334 -0.0062000001780688763 0.00099969597067683935
   vertex 0.046449311077594757 -0.0001999999803956598 0.0014139929553493857
  endloop
 endfacet
 facet normal -0.7934221406174109 0 -0.60867175618561875
  outer loop
   vertex 0.046449311077594757 -0.0001999999803956598 0.0014139929553493857
   vertex 0.046767137944698334 -0.0062000001780688763 0.00099969597067683935
   vertex 0.046449311077594757 -0.0062000001780688763 0.0014139929553493857
  endloop
 endfacet
 facet normal -0.60872270490532976 0 -0.79338305283938282
  outer loop
   vertex 0.046449311077594757 -0.0001999999803956598 0.0014139929553493857
   vertex 0.046449311077594757 -0.0062000001780688763 0.0014139929553493857
   vertex 0.04603508859872818 -0.0001999999803956598 0.0017318049212917686
  endloop
 endfacet
 facet normal -0.60872270490532976 0 -0.79338305283938282
  outer loop
   vertex 0.04603508859872818 -0.0001999999803956598 0.0017318049212917686
   vertex 0.046449311077594757 -0.0062000001780688763 0.0014139929553493857
   vertex 0.04603508859872818 -0.0062000001780688763 0.0017318049212917686
  endloop
 endfacet
 facet normal -0.38267612106081311 0 -0.92388256091878362
  outer loop
   vertex 0.04603508859872818 -0.0001999999803956598 0.0017318049212917686
   vertex 0.04603508859872818 -0.0062000001780688763 0.0017318049212917686
   vertex 0.045552730560302734 -0.0001999999803956598 0.0019315996905788779
  endloop
 endfacet
 facet normal -0.38267612106081311 0 -0.92388256091878362
  outer loop
   vertex 0.045552730560302734 -0.0001999999803956598 0.0019315996905788779
   vertex 0.04603508859872818 -0.0062000001780688763 0.0017318049212917686
   vertex 0.045552730560302734 -0.0062000001780688763 0.0019315996905788779
  endloop
 endfacet
 facet normal -0.13043166010702387 0 -0.99145730217782235
  outer loop
   vertex 0.045552730560302734 -0.0001999999803956598 0.0019315996905788779
   vertex 0.045552730560302734 -0.0062000001780688763 0.0019315996905788779
   vertex 0.045035090297460556 -0.0001999999803956598 0.0019996981136500835
  endloop
 endfacet
 facet normal -0.13043166010702387 0 -0.99145730217782235
  outer loop
   vertex 0.045035090297460556 -0.0001999999803956598 0.0019996981136500835
   vertex 0.045552730560302734 -0.0062000001780688763 0.0019315996905788779
   vertex 0.045035090297460556 -0.0062000001780688763 0.0019996981136500835
  endloop
 endfacet
 facet normal 0.13043350554397784 0 -0.99145705939869588
  outer loop
   vertex 0.045035090297460556 -0.0001999999803956598 0.0019996981136500835
   vertex 0.045035090297460556 -0.0062000001780688763 0.0019996981136500835
   vertex 0.044517457485198975 -0.0001999999803956598 0.0019315996905788779
  endloop
 endfacet
 facet normal 0.13043350554397784 0 -0.99145705939869588
  outer loop
   vertex 0.044517457485198975 -0.0001999999803956598 0.0019315996905788779
   vertex 0.045035090297460556 -0.0062000001780688763 0.0019996981136500835
   vertex 0.044517457485198975 -0.0062000001780688763 0.0019315996905788779
  endloop
 endfacet
 facet normal 0.38266855327371019 0 -0.9238856954923621
  outer loop
   vertex 0.044517457485198975 -0.0001999999803956598 0.0019315996905788779
   vertex 0.044517457485198975 -0.0062000001780688763 0.0019315996905788779
   vertex 0.044035088270902634 -0.0001999999803956598 0.0017318049212917686
  endloop
 endfacet
 facet normal 0.38266855327371019 0 -0.9238856954923621
  outer loop
   vertex 0.044035088270902634 -0.0001999999803956598 0.0017318049212917686
   vertex 0.044517457485198975 -0.0062000001780688763 0.0019315996905788779
   vertex 0.044035088270902634 -0.0062000001780688763 0.0017318049212917686
  endloop
 endfacet
 facet normal 0.6087364890152841 0 -0.79337247679847389
  outer loop
   vertex 0.044035088270902634 -0.0001999999803956598 0.0017318049212917686
   vertex 0.044035088270902634 -0.0062000001780688763 0.0017318049212917686
   vertex 0.04362088069319725 -0.0001999999803956598 0.0014139929553493857
  endloop
 endfacet
 facet normal 0.6087364890152841 0 -0.79337247679847389
  outer loop
   vertex 0.04362088069319725 -0.0001999999803956598 0.0014139929553493857
   vertex 0.044035088270902634 -0.0062000001780688763 0.0017318049212917686
   vertex 0.04362088069319725 -0.0062000001780688763 0.0014139929553493857
  endloop
 endfacet
 facet normal 0.79340835903818041 0 -0.60868972047204939
  outer loop
   vertex 0.04362088069319725 -0.0001999999803956598 0.0014139929553493857
   vertex 0.04362088069319725 -0.0062000001780688763 0.0014139929553493857
   vertex 0.04330303892493248 -0.0001999999803956598 0.00099969597067683935
  endloop
 endfacet
 facet normal 0.79340835903818041 0 -0.60868972047204939
  outer loop
   vertex 0.04330303892493248 -0.0001999999803956598 0.00099969597067683935
   vertex 0.04362088069319725 -0.0062000001780688763 0.0014139929553493857
   vertex 0.04330303892493248 -0.0062000001780688763 0.00099969597067683935
  endloop
 endfacet
 facet normal 0.92386121003675237 0 -0.38272766373679851
  outer loop
   vertex 0.04330303892493248 -0.0001999999803956598 0.00099969597067683935
   vertex 0.04330303892493248 -0.0062000001780688763 0.00099969597067683935
   vertex 0.043103240430355072 -0.0001999999803956598 0.00051740504568442702
  endloop
 endfacet
 facet normal 0.92386121003675237 0 -0.38272766373679851
  outer loop
   vertex 0.043103240430355072 -0.0001999999803956598 0.00051740504568442702
   vertex 0.04330303892493248 -0.0062000001780688763 0.00099969597067683935
   vertex 0.043103240430355072 -0.0062000001780688763 0.00051740504568442702
  endloop
 endfacet
 facet normal 0.99144671819479124 0 -0.13051208748916071
  outer loop
   vertex 0.043103240430355072 -0.0001999999803956598 0.00051740504568442702
   vertex 0.043103240430355072 -0.0062000001780688763 0.00051740504568442702
   vertex 0.04303508996963501 -0.0001999999803956598 -3.060102358176664e-07
  endloop
 endfacet
 facet normal 0.99144671819479124 0 -0.13051208748916071
  outer loop
   vertex 0.04303508996963501 -0.0001999999803956598 -3.060102358176664e-07
   vertex 0.043103240430355072 -0.0062000001780688763 0.00051740504568442702
   vertex 0.04303508996963501 -0.0062000001780688763 -3.060102358176664e-07
  endloop
 endfacet
 facet normal 0.99144282745189927 -0 0.13054164046074973
  outer loop
   vertex 0.04303508996963501 -0.0001999999803956598 -3.060102358176664e-07
   vertex 0.04303508996963501 -0.0062000001780688763 -3.060102358176664e-07
   vertex 0.043103240430355072 -0.0001999999803956598 -0.00051789783174172044
  endloop
 endfacet
 facet normal 0.99144282745189927 0 0.13054164046074973
  outer loop
   vertex 0.043103240430355072 -0.0001999999803956598 -0.00051789783174172044
   vertex 0.04303508996963501 -0.0062000001780688763 -3.060102358176664e-07
   vertex 0.043103240430355072 -0.0062000001780688763 -0.00051789783174172044
  endloop
 endfacet
 facet normal 0.92389050274738893 -0 0.38265694679853518
  outer loop
   vertex 0.043103240430355072 -0.0001999999803956598 -0.00051789783174172044
   vertex 0.043103240430355072 -0.0062000001780688763 -0.00051789783174172044
   vertex 0.04330303892493248 -0.0001999999803956598 -0.0010002931812778115
  endloop
 endfacet
 facet normal 0.92389050274738893 0 0.38265694679853518
  outer loop
   vertex 0.04330303892493248 -0.0001999999803956598 -0.0010002931812778115
   vertex 0.043103240430355072 -0.0062000001780688763 -0.00051789783174172044
   vertex 0.04330303892493248 -0.0062000001780688763 -0.0010002931812778115
  endloop
 endfacet
 facet normal 0.79334490828246573 -0 0.60877241765891976
  outer loop
   vertex 0.04330303892493248 -0.0001999999803956598 -0.0010002931812778115
   vertex 0.04330303892493248 -0.0062000001780688763 -0.0010002931812778115
   vertex 0.04362088069319725 -0.0001999999803956598 -0.0014145007589831948
  endloop
 endfacet
 facet normal 0.79334490828246573 0 0.60877241765891976
  outer loop
   vertex 0.04362088069319725 -0.0001999999803956598 -0.0014145007589831948
   vertex 0.04330303892493248 -0.0062000001780688763 -0.0010002931812778115
   vertex 0.04362088069319725 -0.0062000001780688763 -0.0014145007589831948
  endloop
 endfacet
 facet normal 0.60871852328887899 -0 0.79338626116476629
  outer loop
   vertex 0.04362088069319725 -0.0001999999803956598 -0.0014145007589831948
   vertex 0.04362088069319725 -0.0062000001780688763 -0.0014145007589831948
   vertex 0.044035088270902634 -0.0001999999803956598 -0.0017322978237643838
  endloop
 endfacet
 facet normal 0.60871852328887899 0 0.79338626116476629
  outer loop
   vertex 0.044035088270902634 -0.0001999999803956598 -0.0017322978237643838
   vertex 0.04362088069319725 -0.0062000001780688763 -0.0014145007589831948
   vertex 0.044035088270902634 -0.0062000001780688763 -0.0017322978237643838
  endloop
 endfacet
 facet normal 0.38269291388288762 -0 0.92387560508102207
  outer loop
   vertex 0.044035088270902634 -0.0001999999803956598 -0.0017322978237643838
   vertex 0.044035088270902634 -0.0062000001780688763 -0.0017322978237643838
   vertex 0.044517457485198975 -0.0001999999803956598 -0.001932107494212687
  endloop
 endfacet
 facet normal 0.38269291388288762 0 0.92387560508102207
  outer loop
   vertex 0.044517457485198975 -0.0001999999803956598 -0.001932107494212687
   vertex 0.044035088270902634 -0.0062000001780688763 -0.0017322978237643838
   vertex 0.044517457485198975 -0.0062000001780688763 -0.001932107494212687
  endloop
 endfacet
 facet normal 0.13060139534865667 -0 0.9914349577924837
  outer loop
   vertex 0.044517457485198975 -0.0001999999803956598 -0.001932107494212687
   vertex 0.044517457485198975 -0.0062000001780688763 -0.001932107494212687
   vertex 0.045035090297460556 -0.0001999999803956598 -0.0020002950914204121
  endloop
 endfacet
 facet normal 0.13060139534865667 0 0.9914349577924837
  outer loop
   vertex 0.045035090297460556 -0.0001999999803956598 -0.0020002950914204121
   vertex 0.044517457485198975 -0.0062000001780688763 -0.001932107494212687
   vertex 0.045035090297460556 -0.0062000001780688763 -0.0020002950914204121
  endloop
 endfacet
 facet normal -0.13059954761869605 0 0.99143520119158157
  outer loop
   vertex 0.045035090297460556 -0.0001999999803956598 -0.0020002950914204121
   vertex 0.045035090297460556 -0.0062000001780688763 -0.0020002950914204121
   vertex 0.045552730560302734 -0.0001999999803956598 -0.001932107494212687
  endloop
 endfacet
 facet normal -0.13059954761869605 0 0.99143520119158157
  outer loop
   vertex 0.045552730560302734 -0.0001999999803956598 -0.001932107494212687
   vertex 0.045035090297460556 -0.0062000001780688763 -0.0020002950914204121
   vertex 0.045552730560302734 -0.0062000001780688763 -0.001932107494212687
  endloop
 endfacet
 facet normal -0.38270048198643358 0 0.92387247014257945
  outer loop
   vertex 0.045552730560302734 -0.0001999999803956598 -0.001932107494212687
   vertex 0.045552730560302734 -0.0062000001780688763 -0.001932107494212687
   vertex 0.04603508859872818 -0.0001999999803956598 -0.0017322978237643838
  endloop
 endfacet
 facet normal -0.38270048198643358 0 0.92387247014257945
  outer loop
   vertex 0.04603508859872818 -0.0001999999803956598 -0.0017322978237643838
   vertex 0.045552730560302734 -0.0062000001780688763 -0.001932107494212687
   vertex 0.04603508859872818 -0.0062000001780688763 -0.0017322978237643838
  endloop
 endfacet
 facet normal -0.60870473910678213 0 0.79339683676514883
  outer loop
   vertex 0.04603508859872818 -0.0001999999803956598 -0.0017322978237643838
   vertex 0.04603508859872818 -0.0062000001780688763 -0.0017322978237643838
   vertex 0.046449311077594757 -0.0001999999803956598 -0.0014145007589831948
  endloop
 endfacet
 facet normal -0.60870473910678213 0 0.79339683676514883
  outer loop
   vertex 0.046449311077594757 -0.0001999999803956598 -0.0014145007589831948
   vertex 0.04603508859872818 -0.0062000001780688763 -0.0017322978237643838
   vertex 0.046449311077594757 -0.0062000001780688763 -0.0014145007589831948
  endloop
 endfacet
 facet normal -0.79335869250436086 0 0.60875445380528515
  outer loop
   vertex 0.046449311077594757 -0.0001999999803956598 -0.0014145007589831948
   vertex 0.046449311077594757 -0.0062000001780688763 -0.0014145007589831948
   vertex 0.046767137944698334 -0.0001999999803956598 -0.0010002931812778115
  endloop
 endfacet
 facet normal -0.79335869250436086 0 0.60875445380528515
  outer loop
   vertex 0.046767137944698334 -0.0001999999803956598 -0.0010002931812778115
   vertex 0.046449311077594757 -0.0062000001780688763 -0.0014145007589831948
   vertex 0.046767137944698334 -0.0062000001780688763 -0.0010002931812778115
  endloop
 endfacet
 facet normal -0.92388798037103381 0 0.38266303679076757
  outer loop
   vertex 0.046767137944698334 -0.0001999999803956598 -0.0010002931812778115
   vertex 0.046767137944698334 -0.0062000001780688763 -0.0010002931812778115
   vertex 0.04696694016456604 -0.0001999999803956598 -0.00051789783174172044
  endloop
 endfacet
 facet normal -0.92388798037103381 0 0.38266303679076757
  outer loop
   vertex 0.04696694016456604 -0.0001999999803956598 -0.00051789783174172044
   vertex 0.046767137944698334 -0.0062000001780688763 -0.0010002931812778115
   vertex 0.04696694016456604 -0.0062000001780688763 -0.00051789783174172044
  endloop
 endfacet
 facet normal 0.81787089349202424 0 -0.57540177404884485
  outer loop
   vertex -0.031686350703239441 -0.0062000001780688763 0.019999705255031586
   vertex -0.031686350703239441 -0.0001999999803956598 0.019999705255031586
   vertex -0.029504900798201561 -0.0062000001780688763 0.023100398480892181
  endloop
 endfacet
 facet normal 0.81787089349202424 0 -0.57540177404884485
  outer loop
   vertex -0.029504900798201561 -0.0062000001780688763 0.023100398480892181
   vertex -0.031686350703239441 -0.0001999999803956598 0.019999705255031586
   vertex -0.029504900798201561 -0.0001999999803956598 0.023100398480892181
  endloop
 endfacet
 facet normal 0.75558486828161542 0 -0.6550507666004628
  outer loop
   vertex -0.029504900798201561 -0.0062000001780688763 0.023100398480892181
   vertex -0.029504900798201561 -0.0001999999803956598 0.023100398480892181
   vertex -0.027021540328860283 -0.0062000001780688763 0.025964893400669098
  endloop
 endfacet
 facet normal 0.75558486828161542 0 -0.6550507666004628
  outer loop
   vertex -0.027021540328860283 -0.0062000001780688763 0.025964893400669098
   vertex -0.029504900798201561 -0.0001999999803956598 0.023100398480892181
   vertex -0.027021540328860283 -0.0001999999803956598 0.025964893400669098
  endloop
 endfacet
 facet normal 0.68558535629141881 0 -0.72799225218320041
  outer loop
   vertex -0.027021540328860283 -0.0062000001780688763 0.025964893400669098
   vertex -0.027021540328860283 -0.0001999999803956598 0.025964893400669098
   vertex -0.024261651560664177 -0.0062000001780688763 0.028564013540744781
  endloop
 endfacet
 facet normal 0.68558535629141881 0 -0.72799225218320041
  outer loop
   vertex -0.024261651560664177 -0.0062000001780688763 0.028564013540744781
   vertex -0.027021540328860283 -0.0001999999803956598 0.025964893400669098
   vertex -0.024261651560664177 -0.0001999999803956598 0.028564013540744781
  endloop
 endfacet
 facet normal 0.60857797040101713 0 -0.79349407933681437
  outer loop
   vertex -0.024261651560664177 -0.0062000001780688763 0.028564013540744781
   vertex -0.024261651560664177 -0.0001999999803956598 0.028564013540744781
   vertex -0.021253440529108047 -0.0062000001780688763 0.030871190130710602
  endloop
 endfacet
 facet normal 0.60857797040101713 0 -0.79349407933681437
  outer loop
   vertex -0.021253440529108047 -0.0062000001780688763 0.030871190130710602
   vertex -0.024261651560664177 -0.0001999999803956598 0.028564013540744781
   vertex -0.021253440529108047 -0.0001999999803956598 0.030871190130710602
  endloop
 endfacet
 facet normal 0.52536176798563683 0 -0.85087896479993319
  outer loop
   vertex -0.021253440529108047 -0.0062000001780688763 0.030871190130710602
   vertex -0.021253440529108047 -0.0001999999803956598 0.030871190130710602
   vertex -0.018027640879154205 -0.0062000001780688763 0.032862909138202667
  endloop
 endfacet
 facet normal 0.52536176798563683 0 -0.85087896479993319
  outer loop
   vertex -0.018027640879154205 -0.0062000001780688763 0.032862909138202667
   vertex -0.021253440529108047 -0.0001999999803956598 0.030871190130710602
   vertex -0.018027640879154205 -0.0001999999803956598 0.032862909138202667
  endloop
 endfacet
 facet normal 0.43675601724320384 0 -0.89958000278010519
  outer loop
   vertex -0.018027640879154205 -0.0062000001780688763 0.032862909138202667
   vertex -0.018027640879154205 -0.0001999999803956598 0.032862909138202667
   vertex -0.014617240056395531 -0.0062000001780688763 0.034518696367740631
  endloop
 endfacet
 facet normal 0.43675601724320384 0 -0.89958000278010519
  outer loop
   vertex -0.014617240056395531 -0.0062000001780688763 0.034518696367740631
   vertex -0.018027640879154205 -0.0001999999803956598 0.032862909138202667
   vertex -0.014617240056395531 -0.0001999999803956598 0.034518696367740631
  endloop
 endfacet
 facet normal 0.34370253533361445 0 -0.93907857349917512
  outer loop
   vertex -0.014617240056395531 -0.0062000001780688763 0.034518696367740631
   vertex -0.014617240056395531 -0.0001999999803956598 0.034518696367740631
   vertex -0.011057081632316113 -0.0062000001780688763 0.035821713507175446
  endloop
 endfacet
 facet normal 0.34370253533361445 0 -0.93907857349917512
  outer loop
   vertex -0.011057081632316113 -0.0062000001780688763 0.035821713507175446
   vertex -0.014617240056395531 -0.0001999999803956598 0.034518696367740631
   vertex -0.011057081632316113 -0.0001999999803956598 0.035821713507175446
  endloop
 endfacet
 facet normal 0.24712927417353842 0 -0.96898251885493791
  outer loop
   vertex -0.011057081632316113 -0.0062000001780688763 0.035821713507175446
   vertex -0.011057081632316113 -0.0001999999803956598 0.035821713507175446
   vertex -0.0073835570365190506 -0.0062000001780688763 0.036758609116077423
  endloop
 endfacet
 facet normal 0.24712927417353842 0 -0.96898251885493791
  outer loop
   vertex -0.0073835570365190506 -0.0062000001780688763 0.036758609116077423
   vertex -0.011057081632316113 -0.0001999999803956598 0.035821713507175446
   vertex -0.0073835570365190506 -0.0001999999803956598 0.036758609116077423
  endloop
 endfacet
 facet normal 0.14802456873175057 0 -0.98898368391585678
  outer loop
   vertex -0.0073835570365190506 -0.0062000001780688763 0.036758609116077423
   vertex -0.0073835570365190506 -0.0001999999803956598 0.036758609116077423
   vertex -0.0036342090461403131 -0.0062000001780688763 0.037319786846637726
  endloop
 endfacet
 facet normal 0.14802456873175057 0 -0.98898368391585678
  outer loop
   vertex -0.0036342090461403131 -0.0062000001780688763 0.037319786846637726
   vertex -0.0073835570365190506 -0.0001999999803956598 0.036758609116077423
   vertex -0.0036342090461403131 -0.0001999999803956598 0.037319786846637726
  endloop
 endfacet
 facet normal 0.047433841060172593 0 -0.99887438185303279
  outer loop
   vertex -0.0036342090461403131 -0.0062000001780688763 0.037319786846637726
   vertex -0.0036342090461403131 -0.0001999999803956598 0.037319786846637726
   vertex 0.00015264001558534801 -0.0062000001780688763 0.037499614059925079
  endloop
 endfacet
 facet normal 0.047433841060172593 0 -0.99887438185303279
  outer loop
   vertex 0.00015264001558534801 -0.0062000001780688763 0.037499614059925079
   vertex -0.0036342090461403131 -0.0001999999803956598 0.037319786846637726
   vertex 0.00015264001558534801 -0.0001999999803956598 0.037499614059925079
  endloop
 endfacet
 facet normal -0.05368343477491333 -0 -0.99855800474021927
  outer loop
   vertex 0.00015264001558534801 -0.0062000001780688763 0.037499614059925079
   vertex 0.00015264001558534801 -0.0001999999803956598 0.037499614059925079
   vertex 0.0039382879622280598 -0.0062000001780688763 0.037296094000339508
  endloop
 endfacet
 facet normal -0.05368343477491333 0 -0.99855800474021927
  outer loop
   vertex 0.0039382879622280598 -0.0062000001780688763 0.037296094000339508
   vertex 0.00015264001558534801 -0.0001999999803956598 0.037499614059925079
   vertex 0.0039382879622280598 -0.0001999999803956598 0.037296094000339508
  endloop
 endfacet
 facet normal -0.15422689562584085 -0 -0.98803545719048769
  outer loop
   vertex 0.0039382879622280598 -0.0062000001780688763 0.037296094000339508
   vertex 0.0039382879622280598 -0.0001999999803956598 0.037296094000339508
   vertex 0.0076840431429445744 -0.0062000001780688763 0.036711402237415314
  endloop
 endfacet
 facet normal -0.15422689562584085 0 -0.98803545719048769
  outer loop
   vertex 0.0076840431429445744 -0.0062000001780688763 0.036711402237415314
   vertex 0.0039382879622280598 -0.0001999999803956598 0.037296094000339508
   vertex 0.0076840431429445744 -0.0001999999803956598 0.036711402237415314
  endloop
 endfacet
 facet normal -0.2531982488850818 -0 -0.96741441314543597
  outer loop
   vertex 0.0076840431429445744 -0.0062000001780688763 0.036711402237415314
   vertex 0.0076840431429445744 -0.0001999999803956598 0.036711402237415314
   vertex 0.011351619847118855 -0.0062000001780688763 0.035751499235630035
  endloop
 endfacet
 facet normal -0.2531982488850818 0 -0.96741441314543597
  outer loop
   vertex 0.011351619847118855 -0.0062000001780688763 0.035751499235630035
   vertex 0.0076840431429445744 -0.0001999999803956598 0.036711402237415314
   vertex 0.011351619847118855 -0.0001999999803956598 0.035751499235630035
  endloop
 endfacet
 facet normal -0.34958257014223376 -0 -0.93690555908946882
  outer loop
   vertex 0.011351619847118855 -0.0062000001780688763 0.035751499235630035
   vertex 0.011351619847118855 -0.0001999999803956598 0.035751499235630035
   vertex 0.014903540723025799 -0.0062000001780688763 0.034426189959049225
  endloop
 endfacet
 facet normal -0.34958257014223376 0 -0.93690555908946882
  outer loop
   vertex 0.014903540723025799 -0.0062000001780688763 0.034426189959049225
   vertex 0.011351619847118855 -0.0001999999803956598 0.035751499235630035
   vertex 0.014903540723025799 -0.0001999999803956598 0.034426189959049225
  endloop
 endfacet
 facet normal -0.44239723723011631 -0 -0.89681920390408676
  outer loop
   vertex 0.014903540723025799 -0.0062000001780688763 0.034426189959049225
   vertex 0.014903540723025799 -0.0001999999803956598 0.034426189959049225
   vertex 0.01830349862575531 -0.0062000001780688763 0.032749004662036896
  endloop
 endfacet
 facet normal -0.44239723723011631 0 -0.89681920390408676
  outer loop
   vertex 0.01830349862575531 -0.0062000001780688763 0.032749004662036896
   vertex 0.014903540723025799 -0.0001999999803956598 0.034426189959049225
   vertex 0.01830349862575531 -0.0001999999803956598 0.032749004662036896
  endloop
 endfacet
 facet normal -0.53066852019021815 -0 -0.84757944859412671
  outer loop
   vertex 0.01830349862575531 -0.0062000001780688763 0.032749004662036896
   vertex 0.01830349862575531 -0.0001999999803956598 0.032749004662036896
   vertex 0.021516738459467888 -0.0062000001780688763 0.030737198889255524
  endloop
 endfacet
 facet normal -0.53066852019021815 0 -0.84757944859412671
  outer loop
   vertex 0.021516738459467888 -0.0062000001780688763 0.030737198889255524
   vertex 0.01830349862575531 -0.0001999999803956598 0.032749004662036896
   vertex 0.021516738459467888 -0.0001999999803956598 0.030737198889255524
  endloop
 endfacet
 facet normal -0.61355710303871536 -0 -0.78965035383436588
  outer loop
   vertex 0.021516738459467888 -0.0062000001780688763 0.030737198889255524
   vertex 0.021516738459467888 -0.0001999999803956598 0.030737198889255524
   vertex 0.024510439485311508 -0.0062000001780688763 0.028411097824573517
  endloop
 endfacet
 facet normal -0.61355710303871536 0 -0.78965035383436588
  outer loop
   vertex 0.024510439485311508 -0.0062000001780688763 0.028411097824573517
   vertex 0.021516738459467888 -0.0001999999803956598 0.030737198889255524
   vertex 0.024510439485311508 -0.0001999999803956598 0.028411097824573517
  endloop
 endfacet
 facet normal -0.69012609071101305 -0 -0.72368914522737915
  outer loop
   vertex 0.024510439485311508 -0.0062000001780688763 0.028411097824573517
   vertex 0.024510439485311508 -0.0001999999803956598 0.028411097824573517
   vertex 0.027253979817032814 -0.0062000001780688763 0.025794796645641327
  endloop
 endfacet
 facet normal -0.69012609071101305 0 -0.72368914522737915
  outer loop
   vertex 0.027253979817032814 -0.0062000001780688763 0.025794796645641327
   vertex 0.024510439485311508 -0.0001999999803956598 0.028411097824573517
   vertex 0.027253979817032814 -0.0001999999803956598 0.025794796645641327
  endloop
 endfacet
 facet normal -0.75968699932814465 -0 -0.65028890737256118
  outer loop
   vertex 0.027253979817032814 -0.0062000001780688763 0.025794796645641327
   vertex 0.027253979817032814 -0.0001999999803956598 0.025794796645641327
   vertex 0.029719330370426178 -0.0062000001780688763 0.022914700210094452
  endloop
 endfacet
 facet normal -0.75968699932814465 0 -0.65028890737256118
  outer loop
   vertex 0.029719330370426178 -0.0062000001780688763 0.022914700210094452
   vertex 0.027253979817032814 -0.0001999999803956598 0.025794796645641327
   vertex 0.029719330370426178 -0.0001999999803956598 0.022914700210094452
  endloop
 endfacet
 facet normal -0.82145226198841093 -0 -0.57027728455035209
  outer loop
   vertex 0.029719330370426178 -0.0062000001780688763 0.022914700210094452
   vertex 0.029719330370426178 -0.0001999999803956598 0.022914700210094452
   vertex 0.031881298869848251 -0.0062000001780688763 0.01980050653219223
  endloop
 endfacet
 facet normal -0.82145226198841093 0 -0.57027728455035209
  outer loop
   vertex 0.031881298869848251 -0.0062000001780688763 0.01980050653219223
   vertex 0.029719330370426178 -0.0001999999803956598 0.022914700210094452
   vertex 0.031881298869848251 -0.0001999999803956598 0.01980050653219223
  endloop
 endfacet
 facet normal -0.87483758746716178 -0 -0.48441634525956712
  outer loop
   vertex 0.031881298869848251 -0.0062000001780688763 0.01980050653219223
   vertex 0.031881298869848251 -0.0001999999803956598 0.01980050653219223
   vertex 0.033717777580022812 -0.0062000001780688763 0.016483895480632782
  endloop
 endfacet
 facet normal -0.87483758746716178 0 -0.48441634525956712
  outer loop
   vertex 0.033717777580022812 -0.0062000001780688763 0.016483895480632782
   vertex 0.031881298869848251 -0.0001999999803956598 0.01980050653219223
   vertex 0.033717777580022812 -0.0001999999803956598 0.016483895480632782
  endloop
 endfacet
 facet normal -0.91927696043447082 -0 -0.39361131845306535
  outer loop
   vertex 0.033717777580022812 -0.0062000001780688763 0.016483895480632782
   vertex 0.033717777580022812 -0.0001999999803956598 0.016483895480632782
   vertex 0.035210009664297104 -0.0062000001780688763 0.012998796068131924
  endloop
 endfacet
 facet normal -0.91927696043447082 0 -0.39361131845306535
  outer loop
   vertex 0.035210009664297104 -0.0062000001780688763 0.012998796068131924
   vertex 0.033717777580022812 -0.0001999999803956598 0.016483895480632782
   vertex 0.035210009664297104 -0.0001999999803956598 0.012998796068131924
  endloop
 endfacet
 facet normal -0.95432016972670641 -0 -0.2987858993540195
  outer loop
   vertex 0.035210009664297104 -0.0062000001780688763 0.012998796068131924
   vertex 0.035210009664297104 -0.0001999999803956598 0.012998796068131924
   vertex 0.03634272888302803 -0.0062000001780688763 0.0093808984383940697
  endloop
 endfacet
 facet normal -0.95432016972670641 0 -0.2987858993540195
  outer loop
   vertex 0.03634272888302803 -0.0062000001780688763 0.0093808984383940697
   vertex 0.035210009664297104 -0.0001999999803956598 0.012998796068131924
   vertex 0.03634272888302803 -0.0001999999803956598 0.0093808984383940697
  endloop
 endfacet
 facet normal -0.97961185003282591 -0 -0.20089953527886553
  outer loop
   vertex 0.03634272888302803 -0.0062000001780688763 0.0093808984383940697
   vertex 0.03634272888302803 -0.0001999999803956598 0.0093808984383940697
   vertex 0.037104379385709763 -0.0062000001780688763 0.0056669930927455425
  endloop
 endfacet
 facet normal -0.97961185003282591 0 -0.20089953527886553
  outer loop
   vertex 0.037104379385709763 -0.0062000001780688763 0.0056669930927455425
   vertex 0.03634272888302803 -0.0001999999803956598 0.0093808984383940697
   vertex 0.037104379385709763 -0.0001999999803956598 0.0056669930927455425
  endloop
 endfacet
 facet normal -0.99488984655178558 -0 -0.10096629748665879
  outer loop
   vertex 0.037104379385709763 -0.0062000001780688763 0.0056669930927455425
   vertex 0.037104379385709763 -0.0001999999803956598 0.0056669930927455425
   vertex 0.037487149238586426 -0.0062000001780688763 0.001895300461910665
  endloop
 endfacet
 facet normal -0.99488984655178558 0 -0.10096629748665879
  outer loop
   vertex 0.037487149238586426 -0.0062000001780688763 0.001895300461910665
   vertex 0.037104379385709763 -0.0001999999803956598 0.0056669930927455425
   vertex 0.037487149238586426 -0.0001999999803956598 0.001895300461910665
  endloop
 endfacet
 facet normal -1 -0 0
  outer loop
   vertex 0.037487149238586426 -0.0062000001780688763 0.001895300461910665
   vertex 0.037487149238586426 -0.0001999999803956598 0.001895300461910665
   vertex 0.037487149238586426 -0.0062000001780688763 -0.0018957933643832803
  endloop
 endfacet
 facet normal -1 0 -0
  outer loop
   vertex 0.037487149238586426 -0.0062000001780688763 -0.0018957933643832803
   vertex 0.037487149238586426 -0.0001999999803956598 0.001895300461910665
   vertex 0.037487149238586426 -0.0001999999803956598 -0.0018957933643832803
  endloop
 endfacet
 facet normal -0.99489016646506367 0 0.1009631451130454
  outer loop
   vertex 0.037487149238586426 -0.0062000001780688763 -0.0018957933643832803
   vertex 0.037487149238586426 -0.0001999999803956598 -0.0018957933643832803
   vertex 0.037104379385709763 -0.0062000001780688763 -0.0056676049716770649
  endloop
 endfacet
 facet normal -0.99489016646506367 0 0.1009631451130454
  outer loop
   vertex 0.037104379385709763 -0.0062000001780688763 -0.0056676049716770649
   vertex 0.037487149238586426 -0.0001999999803956598 -0.0018957933643832803
   vertex 0.037104379385709763 -0.0001999999803956598 -0.0056676049716770649
  endloop
 endfacet
 facet normal -0.97961074945293469 0 0.20090490177260431
  outer loop
   vertex 0.037104379385709763 -0.0062000001780688763 -0.0056676049716770649
   vertex 0.037104379385709763 -0.0001999999803956598 -0.0056676049716770649
   vertex 0.03634272888302803 -0.0062000001780688763 -0.0093814069405198097
  endloop
 endfacet
 facet normal -0.97961074945293469 0 0.20090490177260431
  outer loop
   vertex 0.03634272888302803 -0.0062000001780688763 -0.0093814069405198097
   vertex 0.037104379385709763 -0.0001999999803956598 -0.0056676049716770649
   vertex 0.03634272888302803 -0.0001999999803956598 -0.0093814069405198097
  endloop
 endfacet
 facet normal -0.95432016972670641 0 0.2987858993540195
  outer loop
   vertex 0.03634272888302803 -0.0062000001780688763 -0.0093814069405198097
   vertex 0.03634272888302803 -0.0001999999803956598 -0.0093814069405198097
   vertex 0.035210009664297104 -0.0062000001780688763 -0.012999304570257664
  endloop
 endfacet
 facet normal -0.95432016972670641 0 0.2987858993540195
  outer loop
   vertex 0.035210009664297104 -0.0062000001780688763 -0.012999304570257664
   vertex 0.03634272888302803 -0.0001999999803956598 -0.0093814069405198097
   vertex 0.035210009664297104 -0.0001999999803956598 -0.012999304570257664
  endloop
 endfacet
 facet normal -0.91927688431482113 0 0.39361149623002006
  outer loop
   vertex 0.035210009664297104 -0.0062000001780688763 -0.012999304570257664
   vertex 0.035210009664297104 -0.0001999999803956598 -0.012999304570257664
   vertex 0.033717777580022812 -0.0062000001780688763 -0.016484402120113373
  endloop
 endfacet
 facet normal -0.91927688431482113 0 0.39361149623002006
  outer loop
   vertex 0.033717777580022812 -0.0062000001780688763 -0.016484402120113373
   vertex 0.035210009664297104 -0.0001999999803956598 -0.012999304570257664
   vertex 0.033717777580022812 -0.0001999999803956598 -0.016484402120113373
  endloop
 endfacet
 facet normal -0.87483666512338676 0 0.48441801097377796
  outer loop
   vertex 0.033717777580022812 -0.0062000001780688763 -0.016484402120113373
   vertex 0.033717777580022812 -0.0001999999803956598 -0.016484402120113373
   vertex 0.031881298869848251 -0.0062000001780688763 -0.019800998270511627
  endloop
 endfacet
 facet normal -0.87483666512338676 0 0.48441801097377796
  outer loop
   vertex 0.031881298869848251 -0.0062000001780688763 -0.019800998270511627
   vertex 0.033717777580022812 -0.0001999999803956598 -0.016484402120113373
   vertex 0.031881298869848251 -0.0001999999803956598 -0.019800998270511627
  endloop
 endfacet
 facet normal -0.82145354027097894 0 0.57027544325200885
  outer loop
   vertex 0.031881298869848251 -0.0062000001780688763 -0.019800998270511627
   vertex 0.031881298869848251 -0.0001999999803956598 -0.019800998270511627
   vertex 0.029719330370426178 -0.0062000001780688763 -0.022915206849575043
  endloop
 endfacet
 facet normal -0.82145354027097894 0 0.57027544325200885
  outer loop
   vertex 0.029719330370426178 -0.0062000001780688763 -0.022915206849575043
   vertex 0.031881298869848251 -0.0001999999803956598 -0.019800998270511627
   vertex 0.029719330370426178 -0.0001999999803956598 -0.022915206849575043
  endloop
 endfacet
 facet normal -0.75968699932814465 0 0.65028890737256118
  outer loop
   vertex 0.029719330370426178 -0.0062000001780688763 -0.022915206849575043
   vertex 0.029719330370426178 -0.0001999999803956598 -0.022915206849575043
   vertex 0.027253979817032814 -0.0062000001780688763 -0.025795303285121918
  endloop
 endfacet
 facet normal -0.75968699932814465 0 0.65028890737256118
  outer loop
   vertex 0.027253979817032814 -0.0062000001780688763 -0.025795303285121918
   vertex 0.029719330370426178 -0.0001999999803956598 -0.022915206849575043
   vertex 0.027253979817032814 -0.0001999999803956598 -0.025795303285121918
  endloop
 endfacet
 facet normal -0.6901384418095714 0 0.72367736674339667
  outer loop
   vertex 0.027253979817032814 -0.0062000001780688763 -0.025795303285121918
   vertex 0.027253979817032814 -0.0001999999803956598 -0.025795303285121918
   vertex 0.024510439485311508 -0.0062000001780688763 -0.028411693871021271
  endloop
 endfacet
 facet normal -0.6901384418095714 0 0.72367736674339667
  outer loop
   vertex 0.024510439485311508 -0.0062000001780688763 -0.028411693871021271
   vertex 0.027253979817032814 -0.0001999999803956598 -0.025795303285121918
   vertex 0.024510439485311508 -0.0001999999803956598 -0.028411693871021271
  endloop
 endfacet
 facet normal -0.61354239763791252 0 0.78966177968844464
  outer loop
   vertex 0.024510439485311508 -0.0062000001780688763 -0.028411693871021271
   vertex 0.024510439485311508 -0.0001999999803956598 -0.028411693871021271
   vertex 0.021516738459467888 -0.0062000001780688763 -0.030737705528736115
  endloop
 endfacet
 facet normal -0.61354239763791252 0 0.78966177968844464
  outer loop
   vertex 0.021516738459467888 -0.0062000001780688763 -0.030737705528736115
   vertex 0.024510439485311508 -0.0001999999803956598 -0.028411693871021271
   vertex 0.021516738459467888 -0.0001999999803956598 -0.030737705528736115
  endloop
 endfacet
 facet normal -0.53066569648352901 0 0.84758121650709717
  outer loop
   vertex 0.021516738459467888 -0.0062000001780688763 -0.030737705528736115
   vertex 0.021516738459467888 -0.0001999999803956598 -0.030737705528736115
   vertex 0.01830349862575531 -0.0062000001780688763 -0.032749496400356293
  endloop
 endfacet
 facet normal -0.53066569648352901 0 0.84758121650709717
  outer loop
   vertex 0.01830349862575531 -0.0062000001780688763 -0.032749496400356293
   vertex 0.021516738459467888 -0.0001999999803956598 -0.030737705528736115
   vertex 0.01830349862575531 -0.0001999999803956598 -0.032749496400356293
  endloop
 endfacet
 facet normal -0.44240039848955004 0 0.89681764446083867
  outer loop
   vertex 0.01830349862575531 -0.0062000001780688763 -0.032749496400356293
   vertex 0.01830349862575531 -0.0001999999803956598 -0.032749496400356293
   vertex 0.014903540723025799 -0.0062000001780688763 -0.034426696598529816
  endloop
 endfacet
 facet normal -0.44240039848955004 0 0.89681764446083867
  outer loop
   vertex 0.014903540723025799 -0.0062000001780688763 -0.034426696598529816
   vertex 0.01830349862575531 -0.0001999999803956598 -0.032749496400356293
   vertex 0.014903540723025799 -0.0001999999803956598 -0.034426696598529816
  endloop
 endfacet
 facet normal -0.34958257014223376 0 0.93690555908946882
  outer loop
   vertex 0.014903540723025799 -0.0062000001780688763 -0.034426696598529816
   vertex 0.014903540723025799 -0.0001999999803956598 -0.034426696598529816
   vertex 0.011351619847118855 -0.0062000001780688763 -0.035752005875110626
  endloop
 endfacet
 facet normal -0.34958257014223376 0 0.93690555908946882
  outer loop
   vertex 0.011351619847118855 -0.0062000001780688763 -0.035752005875110626
   vertex 0.014903540723025799 -0.0001999999803956598 -0.034426696598529816
   vertex 0.011351619847118855 -0.0001999999803956598 -0.035752005875110626
  endloop
 endfacet
 facet normal -0.25319457031346126 0 0.96741537591862869
  outer loop
   vertex 0.011351619847118855 -0.0062000001780688763 -0.035752005875110626
   vertex 0.011351619847118855 -0.0001999999803956598 -0.035752005875110626
   vertex 0.0076840431429445744 -0.0062000001780688763 -0.036711893975734711
  endloop
 endfacet
 facet normal -0.25319457031346126 0 0.96741537591862869
  outer loop
   vertex 0.0076840431429445744 -0.0062000001780688763 -0.036711893975734711
   vertex 0.011351619847118855 -0.0001999999803956598 -0.035752005875110626
   vertex 0.0076840431429445744 -0.0001999999803956598 -0.036711893975734711
  endloop
 endfacet
 facet normal -0.15423073267991486 0 0.98803485823983783
  outer loop
   vertex 0.0076840431429445744 -0.0062000001780688763 -0.036711893975734711
   vertex 0.0076840431429445744 -0.0001999999803956598 -0.036711893975734711
   vertex 0.0039382879622280598 -0.0062000001780688763 -0.037296600639820099
  endloop
 endfacet
 facet normal -0.15423073267991486 0 0.98803485823983783
  outer loop
   vertex 0.0039382879622280598 -0.0062000001780688763 -0.037296600639820099
   vertex 0.0076840431429445744 -0.0001999999803956598 -0.036711893975734711
   vertex 0.0039382879622280598 -0.0001999999803956598 -0.037296600639820099
  endloop
 endfacet
 facet normal -0.05367951555241908 0 0.99855821543366097
  outer loop
   vertex 0.0039382879622280598 -0.0062000001780688763 -0.037296600639820099
   vertex 0.0039382879622280598 -0.0001999999803956598 -0.037296600639820099
   vertex 0.00015264001558534801 -0.0062000001780688763 -0.037500105798244476
  endloop
 endfacet
 facet normal -0.05367951555241908 0 0.99855821543366097
  outer loop
   vertex 0.00015264001558534801 -0.0062000001780688763 -0.037500105798244476
   vertex 0.0039382879622280598 -0.0001999999803956598 -0.037296600639820099
   vertex 0.00015264001558534801 -0.0001999999803956598 -0.037500105798244476
  endloop
 endfacet
 facet normal 0.047429919355697098 0 0.99887456807644881
  outer loop
   vertex 0.00015264001558534801 -0.0062000001780688763 -0.037500105798244476
   vertex 0.00015264001558534801 -0.0001999999803956598 -0.037500105798244476
   vertex -0.0036342090461403131 -0.0062000001780688763 -0.037320293486118317
  endloop
 endfacet
 facet normal 0.047429919355697098 0 0.99887456807644881
  outer loop
   vertex -0.0036342090461403131 -0.0062000001780688763 -0.037320293486118317
   vertex 0.00015264001558534801 -0.0001999999803956598 -0.037500105798244476
   vertex -0.0036342090461403131 -0.0001999999803956598 -0.037320293486118317
  endloop
 endfacet
 facet normal 0.14802841315648896 0 0.98898310850002491
  outer loop
   vertex -0.0036342090461403131 -0.0062000001780688763 -0.037320293486118317
   vertex -0.0036342090461403131 -0.0001999999803956598 -0.037320293486118317
   vertex -0.0073835570365190506 -0.0062000001780688763 -0.03675910085439682
  endloop
 endfacet
 facet normal 0.14802841315648896 0 0.98898310850002491
  outer loop
   vertex -0.0073835570365190506 -0.0062000001780688763 -0.03675910085439682
   vertex -0.0036342090461403131 -0.0001999999803956598 -0.037320293486118317
   vertex -0.0073835570365190506 -0.0001999999803956598 -0.03675910085439682
  endloop
 endfacet
 facet normal 0.24712927417353842 0 0.96898251885493791
  outer loop
   vertex -0.0073835570365190506 -0.0062000001780688763 -0.03675910085439682
   vertex -0.0073835570365190506 -0.0001999999803956598 -0.03675910085439682
   vertex -0.011057081632316113 -0.0062000001780688763 -0.035822205245494843
  endloop
 endfacet
 facet normal 0.24712927417353842 0 0.96898251885493791
  outer loop
   vertex -0.011057081632316113 -0.0062000001780688763 -0.035822205245494843
   vertex -0.0073835570365190506 -0.0001999999803956598 -0.03675910085439682
   vertex -0.011057081632316113 -0.0001999999803956598 -0.035822205245494843
  endloop
 endfacet
 facet normal 0.34369906910292297 0 0.93907984213153262
  outer loop
   vertex -0.011057081632316113 -0.0062000001780688763 -0.035822205245494843
   vertex -0.011057081632316113 -0.0001999999803956598 -0.035822205245494843
   vertex -0.014617240056395531 -0.0062000001780688763 -0.034519203007221222
  endloop
 endfacet
 facet normal 0.34369906910292297 0 0.93907984213153262
  outer loop
   vertex -0.014617240056395531 -0.0062000001780688763 -0.034519203007221222
   vertex -0.011057081632316113 -0.0001999999803956598 -0.035822205245494843
   vertex -0.014617240056395531 -0.0001999999803956598 -0.034519203007221222
  endloop
 endfacet
 facet normal 0.43675919801819546 0 0.89957845847180151
  outer loop
   vertex -0.014617240056395531 -0.0062000001780688763 -0.034519203007221222
   vertex -0.014617240056395531 -0.0001999999803956598 -0.034519203007221222
   vertex -0.018027640879154205 -0.0062000001780688763 -0.032863400876522064
  endloop
 endfacet
 facet normal 0.43675919801819546 0 0.89957845847180151
  outer loop
   vertex -0.018027640879154205 -0.0062000001780688763 -0.032863400876522064
   vertex -0.014617240056395531 -0.0001999999803956598 -0.034519203007221222
   vertex -0.018027640879154205 -0.0001999999803956598 -0.032863400876522064
  endloop
 endfacet
 facet normal 0.5253589222966748 0 0.85088072181903174
  outer loop
   vertex -0.018027640879154205 -0.0062000001780688763 -0.032863400876522064
   vertex -0.018027640879154205 -0.0001999999803956598 -0.032863400876522064
   vertex -0.021253440529108047 -0.0062000001780688763 -0.030871696770191193
  endloop
 endfacet
 facet normal 0.5253589222966748 0 0.85088072181903174
  outer loop
   vertex -0.021253440529108047 -0.0062000001780688763 -0.030871696770191193
   vertex -0.018027640879154205 -0.0001999999803956598 -0.032863400876522064
   vertex -0.021253440529108047 -0.0001999999803956598 -0.030871696770191193
  endloop
 endfacet
 facet normal 0.60858044520796573 0 0.79349218125352317
  outer loop
   vertex -0.021253440529108047 -0.0062000001780688763 -0.030871696770191193
   vertex -0.021253440529108047 -0.0001999999803956598 -0.030871696770191193
   vertex -0.024261651560664177 -0.0062000001780688763 -0.028564505279064178
  endloop
 endfacet
 facet normal 0.60858044520796573 0 0.79349218125352317
  outer loop
   vertex -0.024261651560664177 -0.0062000001780688763 -0.028564505279064178
   vertex -0.021253440529108047 -0.0001999999803956598 -0.030871696770191193
   vertex -0.024261651560664177 -0.0001999999803956598 -0.028564505279064178
  endloop
 endfacet
 facet normal 0.68558327318929846 0 0.72799421393514352
  outer loop
   vertex -0.024261651560664177 -0.0062000001780688763 -0.028564505279064178
   vertex -0.024261651560664177 -0.0001999999803956598 -0.028564505279064178
   vertex -0.027021540328860283 -0.0062000001780688763 -0.025965400040149689
  endloop
 endfacet
 facet normal 0.68558327318929846 0 0.72799421393514352
  outer loop
   vertex -0.027021540328860283 -0.0062000001780688763 -0.025965400040149689
   vertex -0.024261651560664177 -0.0001999999803956598 -0.028564505279064178
   vertex -0.027021540328860283 -0.0001999999803956598 -0.025965400040149689
  endloop
 endfacet
 facet normal 0.75558486828161542 0 0.6550507666004628
  outer loop
   vertex -0.027021540328860283 -0.0062000001780688763 -0.025965400040149689
   vertex -0.027021540328860283 -0.0001999999803956598 -0.025965400040149689
   vertex -0.029504900798201561 -0.0062000001780688763 -0.023100905120372772
  endloop
 endfacet
 facet normal 0.75558486828161542 0 0.6550507666004628
  outer loop
   vertex -0.029504900798201561 -0.0062000001780688763 -0.023100905120372772
   vertex -0.027021540328860283 -0.0001999999803956598 -0.025965400040149689
   vertex -0.029504900798201561 -0.0001999999803956598 -0.023100905120372772
  endloop
 endfacet
 facet normal 0.81786308526784957 0 0.57541287242827144
  outer loop
   vertex -0.029504900798201561 -0.0062000001780688763 -0.023100905120372772
   vertex -0.029504900798201561 -0.0001999999803956598 -0.023100905120372772
   vertex -0.031686350703239441 -0.0062000001780688763 -0.02000030130147934
  endloop
 endfacet
 facet normal 0.81786308526784957 0 0.57541287242827144
  outer loop
   vertex -0.031686350703239441 -0.0062000001780688763 -0.02000030130147934
   vertex -0.029504900798201561 -0.0001999999803956598 -0.023100905120372772
   vertex -0.031686350703239441 -0.0001999999803956598 -0.02000030130147934
  endloop
 endfacet
 facet normal -0 0 1
  outer loop
   vertex -0.031686350703239441 -0.0001999999803956598 -0.02000030130147934
   vertex -0.056533452123403549 -0.0001999999803956598 -0.02000030130147934
   vertex -0.031686350703239441 -0.0062000001780688763 -0.02000030130147934
  endloop
 endfacet
 facet normal 0 0 1
  outer loop
   vertex -0.031686350703239441 -0.0062000001780688763 -0.02000030130147934
   vertex -0.056533452123403549 -0.0001999999803956598 -0.02000030130147934
   vertex -0.056533452123403549 -0.0062000001780688763 -0.02000030130147934
  endloop
 endfacet
 facet normal 0 -1 -0
  outer loop
   vertex 0.02752360887825489 -0.0062000001780688763 -0.053333006799221039
   vertex 0.02605016902089119 -0.0062000001780688763 -0.049116604030132294
   vertex 0.023199999704957008 -0.0062000001780688763 -0.055348105728626251
  endloop
 endfacet
 facet normal -0 -1 0
  outer loop
   vertex 0.023199999704957008 -0.0062000001780688763 -0.055348105728626251
   vertex 0.02605016902089119 -0.0062000001780688763 -0.049116604030132294
   vertex 0.025716438889503479 -0.0062000001780688763 -0.048681698739528656
  endloop
 endfacet
 facet normal -0 -1 0
  outer loop
   vertex 0.023199999704957008 -0.0062000001780688763 -0.055348105728626251
   vertex 0.025716438889503479 -0.0062000001780688763 -0.048681698739528656
   vertex 0.025506649166345596 -0.0062000001780688763 -0.04817519336938858
  endloop
 endfacet
 facet normal 0 -1 -0
  outer loop
   vertex 0.03167346864938736 -0.0062000001780688763 -0.050980798900127411
   vertex 0.029020018875598907 -0.0062000001780688763 -0.049116604030132294
   vertex 0.02752360887825489 -0.0062000001780688763 -0.053333006799221039
  endloop
 endfacet
 facet normal 0 -1 0
  outer loop
   vertex 0.02752360887825489 -0.0062000001780688763 -0.053333006799221039
   vertex 0.029020018875598907 -0.0062000001780688763 -0.049116604030132294
   vertex 0.02858508937060833 -0.0062000001780688763 -0.049450300633907318
  endloop
 endfacet
 facet normal 0 -1 0
  outer loop
   vertex 0.02752360887825489 -0.0062000001780688763 -0.053333006799221039
   vertex 0.02858508937060833 -0.0062000001780688763 -0.049450300633907318
   vertex 0.028078610077500343 -0.0062000001780688763 -0.049660094082355499
  endloop
 endfacet
 facet normal 0 -1 0
  outer loop
   vertex 0.035623360425233841 -0.0062000001780688763 -0.048306293785572052
   vertex 0.029563538730144501 -0.0062000001780688763 -0.047088094055652618
   vertex 0.03167346864938736 -0.0062000001780688763 -0.050980798900127411
  endloop
 endfacet
 facet normal 0 -1 0
  outer loop
   vertex 0.03167346864938736 -0.0062000001780688763 -0.050980798900127411
   vertex 0.029563538730144501 -0.0062000001780688763 -0.047088094055652618
   vertex 0.029635090380907059 -0.0062000001780688763 -0.047631703317165375
  endloop
 endfacet
 facet normal 0 -1 -0
  outer loop
   vertex 0.03167346864938736 -0.0062000001780688763 -0.050980798900127411
   vertex 0.029635090380907059 -0.0062000001780688763 -0.047631703317165375
   vertex 0.029563538730144501 -0.0062000001780688763 -0.04817519336938858
  endloop
 endfacet
 facet normal 0 -1 0
  outer loop
   vertex 0.0393483005464077 -0.0062000001780688763 -0.045326493680477142
   vertex 0.031881298869848251 -0.0062000001780688763 -0.019800998270511627
   vertex 0.035623360425233841 -0.0062000001780688763 -0.048306293785572052
  endloop
 endfacet
 facet normal 0 -1 -0
  outer loop
   vertex 0.035623360425233841 -0.0062000001780688763 -0.048306293785572052
   vertex 0.031881298869848251 -0.0062000001780688763 -0.019800998270511627
   vertex 0.029719330370426178 -0.0062000001780688763 -0.022915206849575043
  endloop
 endfacet
 facet normal 0 -1 -0
  outer loop
   vertex 0.035623360425233841 -0.0062000001780688763 -0.048306293785572052
   vertex 0.029719330370426178 -0.0062000001780688763 -0.022915206849575043
   vertex 0.029353749006986618 -0.0062000001780688763 -0.0465816929936409
  endloop
 endfacet
 facet normal 0 -1 0
  outer loop
   vertex 0.029353749006986618 -0.0062000001780688763 -0.0465816929936409
   vertex 0.029719330370426178 -0.0062000001780688763 -0.022915206849575043
   vertex 0.029020018875598907 -0.0062000001780688763 -0.046146698296070099
  endloop
 endfacet
 facet normal 0 -1 0
  outer loop
   vertex 0.029020018875598907 -0.0062000001780688763 -0.046146698296070099
   vertex 0.029719330370426178 -0.0062000001780688763 -0.022915206849575043
   vertex 0.027253979817032814 -0.0062000001780688763 -0.025795303285121918
  endloop
 endfacet
 facet normal 0 -1 0
  outer loop
   vertex 0.029020018875598907 -0.0062000001780688763 -0.046146698296070099
   vertex 0.027253979817032814 -0.0062000001780688763 -0.025795303285121918
   vertex 0.02858508937060833 -0.0062000001780688763 -0.045813001692295074
  endloop
 endfacet
 facet normal 0 -1 0
  outer loop
   vertex 0.02858508937060833 -0.0062000001780688763 -0.045813001692295074
   vertex 0.027253979817032814 -0.0062000001780688763 -0.025795303285121918
   vertex 0.028078610077500343 -0.0062000001780688763 -0.045603193342685699
  endloop
 endfacet
 facet normal 0 -1 -0
  outer loop
   vertex 0.028078610077500343 -0.0062000001780688763 -0.045603193342685699
   vertex 0.027253979817032814 -0.0062000001780688763 -0.025795303285121918
   vertex 0.024466939270496368 -0.0062000001780688763 -0.03845379501581192
  endloop
 endfacet
 facet normal 0 -1 0
  outer loop
   vertex 0.028078610077500343 -0.0062000001780688763 -0.045603193342685699
   vertex 0.024466939270496368 -0.0062000001780688763 -0.03845379501581192
   vertex 0.024535089731216431 -0.0062000001780688763 -0.038971401751041412
  endloop
 endfacet
 facet normal 0 -1 0
  outer loop
   vertex 0.031881298869848251 -0.0062000001780688763 -0.019800998270511627
   vertex 0.0393483005464077 -0.0062000001780688763 -0.045326493680477142
   vertex 0.033717777580022812 -0.0062000001780688763 -0.016484402120113373
  endloop
 endfacet
 facet normal 0 -1 0
  outer loop
   vertex 0.033717777580022812 -0.0062000001780688763 -0.016484402120113373
   vertex 0.0393483005464077 -0.0062000001780688763 -0.045326493680477142
   vertex 0.04282476007938385 -0.0062000001780688763 -0.042060293257236481
  endloop
 endfacet
 facet normal 0 -1 0
  outer loop
   vertex 0.033717777580022812 -0.0062000001780688763 -0.016484402120113373
   vertex 0.04282476007938385 -0.0062000001780688763 -0.042060293257236481
   vertex 0.035210009664297104 -0.0062000001780688763 -0.012999304570257664
  endloop
 endfacet
 facet normal 0 -1 0
  outer loop
   vertex 0.035210009664297104 -0.0062000001780688763 -0.012999304570257664
   vertex 0.04282476007938385 -0.0062000001780688763 -0.042060293257236481
   vertex 0.046030770987272263 -0.0062000001780688763 -0.038528092205524445
  endloop
 endfacet
 facet normal 0 -1 0
  outer loop
   vertex 0.035210009664297104 -0.0062000001780688763 -0.012999304570257664
   vertex 0.046030770987272263 -0.0062000001780688763 -0.038528092205524445
   vertex 0.03634272888302803 -0.0062000001780688763 -0.0093814069405198097
  endloop
 endfacet
 facet normal 0 -1 0
  outer loop
   vertex 0.03634272888302803 -0.0062000001780688763 -0.0093814069405198097
   vertex 0.046030770987272263 -0.0062000001780688763 -0.038528092205524445
   vertex 0.044035088270902634 -0.0062000001780688763 -0.0017322978237643838
  endloop
 endfacet
 facet normal -0 -1 0
  outer loop
   vertex 0.03634272888302803 -0.0062000001780688763 -0.0093814069405198097
   vertex 0.044035088270902634 -0.0062000001780688763 -0.0017322978237643838
   vertex 0.04362088069319725 -0.0062000001780688763 -0.0014145007589831948
  endloop
 endfacet
 facet normal 0 -1 0
  outer loop
   vertex 0.044035088270902634 -0.0062000001780688763 -0.0017322978237643838
   vertex 0.046030770987272263 -0.0062000001780688763 -0.038528092205524445
   vertex 0.044517457485198975 -0.0062000001780688763 -0.001932107494212687
  endloop
 endfacet
 facet normal 0 -1 0
  outer loop
   vertex 0.044517457485198975 -0.0062000001780688763 -0.001932107494212687
   vertex 0.046030770987272263 -0.0062000001780688763 -0.038528092205524445
   vertex 0.048946049064397812 -0.0062000001780688763 -0.034752495586872101
  endloop
 endfacet
 facet normal 0 -1 0
  outer loop
   vertex 0.044517457485198975 -0.0062000001780688763 -0.001932107494212687
   vertex 0.048946049064397812 -0.0062000001780688763 -0.034752495586872101
   vertex 0.045035090297460556 -0.0062000001780688763 -0.0020002950914204121
  endloop
 endfacet
 facet normal 0 -1 0
  outer loop
   vertex 0.045035090297460556 -0.0062000001780688763 -0.0020002950914204121
   vertex 0.048946049064397812 -0.0062000001780688763 -0.034752495586872101
   vertex 0.045552730560302734 -0.0062000001780688763 -0.001932107494212687
  endloop
 endfacet
 facet normal 0 -1 0
  outer loop
   vertex 0.045552730560302734 -0.0062000001780688763 -0.001932107494212687
   vertex 0.048946049064397812 -0.0062000001780688763 -0.034752495586872101
   vertex 0.051552180200815201 -0.0062000001780688763 -0.030757196247577667
  endloop
 endfacet
 facet normal 0 -1 0
  outer loop
   vertex 0.045552730560302734 -0.0062000001780688763 -0.001932107494212687
   vertex 0.051552180200815201 -0.0062000001780688763 -0.030757196247577667
   vertex 0.04603508859872818 -0.0062000001780688763 -0.0017322978237643838
  endloop
 endfacet
 facet normal 0 -1 0
  outer loop
   vertex 0.04603508859872818 -0.0062000001780688763 -0.0017322978237643838
   vertex 0.051552180200815201 -0.0062000001780688763 -0.030757196247577667
   vertex 0.046449311077594757 -0.0062000001780688763 -0.0014145007589831948
  endloop
 endfacet
 facet normal 0 -1 0
  outer loop
   vertex 0.046449311077594757 -0.0062000001780688763 -0.0014145007589831948
   vertex 0.051552180200815201 -0.0062000001780688763 -0.030757196247577667
   vertex 0.053832691162824631 -0.0062000001780688763 -0.026567496359348297
  endloop
 endfacet
 facet normal 0 -1 0
  outer loop
   vertex 0.046449311077594757 -0.0062000001780688763 -0.0014145007589831948
   vertex 0.053832691162824631 -0.0062000001780688763 -0.026567496359348297
   vertex 0.046767137944698334 -0.0062000001780688763 -0.0010002931812778115
  endloop
 endfacet
 facet normal 0 -1 0
  outer loop
   vertex 0.046767137944698334 -0.0062000001780688763 -0.0010002931812778115
   vertex 0.053832691162824631 -0.0062000001780688763 -0.026567496359348297
   vertex 0.053216438740491867 -0.0062000001780688763 -0.0010503014782443643
  endloop
 endfacet
 facet normal 0 -1 0
  outer loop
   vertex 0.046767137944698334 -0.0062000001780688763 -0.0010002931812778115
   vertex 0.053216438740491867 -0.0062000001780688763 -0.0010503014782443643
   vertex 0.053006649017333984 -0.0062000001780688763 -0.00054379604989662766
  endloop
 endfacet
 facet normal 0 -1 0
  outer loop
   vertex 0.053216438740491867 -0.0062000001780688763 -0.0010503014782443643
   vertex 0.053832691162824631 -0.0062000001780688763 -0.026567496359348297
   vertex 0.053550168871879578 -0.0062000001780688763 -0.001485206768848002
  endloop
 endfacet
 facet normal 0 -1 0
  outer loop
   vertex 0.053550168871879578 -0.0062000001780688763 -0.001485206768848002
   vertex 0.053832691162824631 -0.0062000001780688763 -0.026567496359348297
   vertex 0.055773157626390457 -0.0062000001780688763 -0.022209905087947845
  endloop
 endfacet
 facet normal 0 -1 0
  outer loop
   vertex 0.053550168871879578 -0.0062000001780688763 -0.001485206768848002
   vertex 0.055773157626390457 -0.0062000001780688763 -0.022209905087947845
   vertex 0.053985089063644409 -0.0062000001780688763 -0.0018189033726230264
  endloop
 endfacet
 facet normal 0 -1 0
  outer loop
   vertex 0.053985089063644409 -0.0062000001780688763 -0.0018189033726230264
   vertex 0.055773157626390457 -0.0062000001780688763 -0.022209905087947845
   vertex 0.057361338287591934 -0.0062000001780688763 -0.017711900174617767
  endloop
 endfacet
 facet normal 0 -1 0
  outer loop
   vertex 0.053985089063644409 -0.0062000001780688763 -0.0018189033726230264
   vertex 0.057361338287591934 -0.0062000001780688763 -0.017711900174617767
   vertex 0.054491568356752396 -0.0062000001780688763 -0.0020286967046558857
  endloop
 endfacet
 facet normal 0 -1 0
  outer loop
   vertex 0.054491568356752396 -0.0062000001780688763 -0.0020286967046558857
   vertex 0.057361338287591934 -0.0062000001780688763 -0.017711900174617767
   vertex 0.055035088211297989 -0.0062000001780688763 -0.0021002967841923237
  endloop
 endfacet
 facet normal 0 -1 0
  outer loop
   vertex 0.055035088211297989 -0.0062000001780688763 -0.0021002967841923237
   vertex 0.057361338287591934 -0.0062000001780688763 -0.017711900174617767
   vertex 0.058587171137332916 -0.0062000001780688763 -0.013101899065077305
  endloop
 endfacet
 facet normal 0 -1 0
  outer loop
   vertex 0.055035088211297989 -0.0062000001780688763 -0.0021002967841923237
   vertex 0.058587171137332916 -0.0062000001780688763 -0.013101899065077305
   vertex 0.055578608065843582 -0.0062000001780688763 -0.0020286967046558857
  endloop
 endfacet
 facet normal 0 -1 0
  outer loop
   vertex 0.055578608065843582 -0.0062000001780688763 -0.0020286967046558857
   vertex 0.058587171137332916 -0.0062000001780688763 -0.013101899065077305
   vertex 0.056085091084241867 -0.0062000001780688763 -0.0018189033726230264
  endloop
 endfacet
 facet normal 0 -1 0
  outer loop
   vertex 0.056085091084241867 -0.0062000001780688763 -0.0018189033726230264
   vertex 0.058587171137332916 -0.0062000001780688763 -0.013101899065077305
   vertex 0.059442918747663498 -0.0062000001780688763 -0.0084091955795884132
  endloop
 endfacet
 facet normal 0 -1 0
  outer loop
   vertex 0.056085091084241867 -0.0062000001780688763 -0.0018189033726230264
   vertex 0.059442918747663498 -0.0062000001780688763 -0.0084091955795884132
   vertex 0.056520018726587296 -0.0062000001780688763 -0.001485206768848002
  endloop
 endfacet
 facet normal 0 -1 0
  outer loop
   vertex 0.056520018726587296 -0.0062000001780688763 -0.001485206768848002
   vertex 0.059442918747663498 -0.0062000001780688763 -0.0084091955795884132
   vertex 0.056853748857975006 -0.0062000001780688763 -0.0010503014782443643
  endloop
 endfacet
 facet normal 0 -1 0
  outer loop
   vertex 0.056853748857975006 -0.0062000001780688763 -0.0010503014782443643
   vertex 0.059442918747663498 -0.0062000001780688763 -0.0084091955795884132
   vertex 0.059923179447650909 -0.0062000001780688763 -0.0036632944829761982
  endloop
 endfacet
 facet normal 0 -1 0
  outer loop
   vertex 0.056853748857975006 -0.0062000001780688763 -0.0010503014782443643
   vertex 0.059923179447650909 -0.0062000001780688763 -0.0036632944829761982
   vertex 0.057063538581132889 -0.0062000001780688763 -0.00054379604989662766
  endloop
 endfacet
 facet normal 0 -1 0
  outer loop
   vertex 0.057063538581132889 -0.0062000001780688763 -0.00054379604989662766
   vertex 0.059923179447650909 -0.0062000001780688763 -0.0036632944829761982
   vertex 0.057135090231895447 -0.0062000001780688763 -3.060102358176664e-07
  endloop
 endfacet
 facet normal 0 -1 0
  outer loop
   vertex 0.057135090231895447 -0.0062000001780688763 -3.060102358176664e-07
   vertex 0.059923179447650909 -0.0062000001780688763 -0.0036632944829761982
   vertex 0.060024898499250412 -0.0062000001780688763 0.0011058071395382285
  endloop
 endfacet
 facet normal 0 -1 0
  outer loop
   vertex 0.057135090231895447 -0.0062000001780688763 -3.060102358176664e-07
   vertex 0.060024898499250412 -0.0062000001780688763 0.0011058071395382285
   vertex 0.057063538581132889 -0.0062000001780688763 0.00054330326383933425
  endloop
 endfacet
 facet normal -0 -1 0
  outer loop
   vertex 0.057063538581132889 -0.0062000001780688763 0.00054330326383933425
   vertex 0.060024898499250412 -0.0062000001780688763 0.0011058071395382285
   vertex 0.059747450053691864 -0.0062000001780688763 0.0058679054491221905
  endloop
 endfacet
 facet normal 0 -1 0
  outer loop
   vertex 0.057063538581132889 -0.0062000001780688763 0.00054330326383933425
   vertex 0.059747450053691864 -0.0062000001780688763 0.0058679054491221905
   vertex 0.056853748857975006 -0.0062000001780688763 0.0010497042676433921
  endloop
 endfacet
 facet normal 0 -1 0
  outer loop
   vertex 0.056853748857975006 -0.0062000001780688763 0.0010497042676433921
   vertex 0.059747450053691864 -0.0062000001780688763 0.0058679054491221905
   vertex 0.056520018726587296 -0.0062000001780688763 0.0014846989652141929
  endloop
 endfacet
 facet normal -0 -1 0
  outer loop
   vertex 0.056520018726587296 -0.0062000001780688763 0.0014846989652141929
   vertex 0.059747450053691864 -0.0062000001780688763 0.0058679054491221905
   vertex 0.059092570096254349 -0.0062000001780688763 0.010592899285256863
  endloop
 endfacet
 facet normal 0 -1 0
  outer loop
   vertex 0.056520018726587296 -0.0062000001780688763 0.0014846989652141929
   vertex 0.059092570096254349 -0.0062000001780688763 0.010592899285256863
   vertex 0.056085091084241867 -0.0062000001780688763 0.0018183955689892173
  endloop
 endfacet
 facet normal 0 -1 0
  outer loop
   vertex 0.056085091084241867 -0.0062000001780688763 0.0018183955689892173
   vertex 0.059092570096254349 -0.0062000001780688763 0.010592899285256863
   vertex 0.055578608065843582 -0.0062000001780688763 0.0020282040350139141
  endloop
 endfacet
 facet normal -0 -1 0
  outer loop
   vertex 0.055578608065843582 -0.0062000001780688763 0.0020282040350139141
   vertex 0.059092570096254349 -0.0062000001780688763 0.010592899285256863
   vertex 0.058064419776201248 -0.0062000001780688763 0.015250897966325283
  endloop
 endfacet
 facet normal 0 -1 0
  outer loop
   vertex 0.055578608065843582 -0.0062000001780688763 0.0020282040350139141
   vertex 0.058064419776201248 -0.0062000001780688763 0.015250897966325283
   vertex 0.055035088211297989 -0.0062000001780688763 0.0020996998064219952
  endloop
 endfacet
 facet normal 0 -1 0
  outer loop
   vertex 0.055035088211297989 -0.0062000001780688763 0.0020996998064219952
   vertex 0.058064419776201248 -0.0062000001780688763 0.015250897966325283
   vertex 0.054491568356752396 -0.0062000001780688763 0.0020282040350139141
  endloop
 endfacet
 facet normal -0 -1 0
  outer loop
   vertex 0.054491568356752396 -0.0062000001780688763 0.0020282040350139141
   vertex 0.058064419776201248 -0.0062000001780688763 0.015250897966325283
   vertex 0.056669481098651886 -0.0062000001780688763 0.019812501966953278
  endloop
 endfacet
 facet normal 0 -1 0
  outer loop
   vertex 0.054491568356752396 -0.0062000001780688763 0.0020282040350139141
   vertex 0.056669481098651886 -0.0062000001780688763 0.019812501966953278
   vertex 0.053985089063644409 -0.0062000001780688763 0.0018183955689892173
  endloop
 endfacet
 facet normal 0 -1 0
  outer loop
   vertex 0.053985089063644409 -0.0062000001780688763 0.0018183955689892173
   vertex 0.056669481098651886 -0.0062000001780688763 0.019812501966953278
   vertex 0.053550168871879578 -0.0062000001780688763 0.0014846989652141929
  endloop
 endfacet
 facet normal -0 -1 0
  outer loop
   vertex 0.053550168871879578 -0.0062000001780688763 0.0014846989652141929
   vertex 0.056669481098651886 -0.0062000001780688763 0.019812501966953278
   vertex 0.054916579276323318 -0.0062000001780688763 0.02424890547990799
  endloop
 endfacet
 facet normal 0 -1 0
  outer loop
   vertex 0.053550168871879578 -0.0062000001780688763 0.0014846989652141929
   vertex 0.054916579276323318 -0.0062000001780688763 0.02424890547990799
   vertex 0.053216438740491867 -0.0062000001780688763 0.0010497042676433921
  endloop
 endfacet
 facet normal 0 -1 0
  outer loop
   vertex 0.053216438740491867 -0.0062000001780688763 0.0010497042676433921
   vertex 0.054916579276323318 -0.0062000001780688763 0.02424890547990799
   vertex 0.046767137944698334 -0.0062000001780688763 0.00099969597067683935
  endloop
 endfacet
 facet normal 0 -1 0
  outer loop
   vertex 0.053216438740491867 -0.0062000001780688763 0.0010497042676433921
   vertex 0.046767137944698334 -0.0062000001780688763 0.00099969597067683935
   vertex 0.053006649017333984 -0.0062000001780688763 0.00054330326383933425
  endloop
 endfacet
 facet normal 0 -1 0
  outer loop
   vertex 0.053006649017333984 -0.0062000001780688763 0.00054330326383933425
   vertex 0.046767137944698334 -0.0062000001780688763 0.00099969597067683935
   vertex 0.04696694016456604 -0.0062000001780688763 0.00051740504568442702
  endloop
 endfacet
 facet normal 0 -1 0
  outer loop
   vertex 0.053006649017333984 -0.0062000001780688763 0.00054330326383933425
   vertex 0.04696694016456604 -0.0062000001780688763 0.00051740504568442702
   vertex 0.052935089915990829 -0.0062000001780688763 -3.060102358176664e-07
  endloop
 endfacet
 facet normal 0 -1 0
  outer loop
   vertex 0.052935089915990829 -0.0062000001780688763 -3.060102358176664e-07
   vertex 0.04696694016456604 -0.0062000001780688763 0.00051740504568442702
   vertex 0.047035090625286102 -0.0062000001780688763 -3.060102358176664e-07
  endloop
 endfacet
 facet normal 0 -1 -0
  outer loop
   vertex 0.052935089915990829 -0.0062000001780688763 -3.060102358176664e-07
   vertex 0.047035090625286102 -0.0062000001780688763 -3.060102358176664e-07
   vertex 0.04696694016456604 -0.0062000001780688763 -0.00051789783174172044
  endloop
 endfacet
 facet normal 0 -1 -0
  outer loop
   vertex 0.054916579276323318 -0.0062000001780688763 0.02424890547990799
   vertex 0.052816789597272873 -0.0062000001780688763 0.02853209525346756
   vertex 0.046767137944698334 -0.0062000001780688763 0.00099969597067683935
  endloop
 endfacet
 facet normal 0 -1 0
  outer loop
   vertex 0.046767137944698334 -0.0062000001780688763 0.00099969597067683935
   vertex 0.052816789597272873 -0.0062000001780688763 0.02853209525346756
   vertex 0.046449311077594757 -0.0062000001780688763 0.0014139929553493857
  endloop
 endfacet
 facet normal 0 -1 0
  outer loop
   vertex 0.046449311077594757 -0.0062000001780688763 0.0014139929553493857
   vertex 0.052816789597272873 -0.0062000001780688763 0.02853209525346756
   vertex 0.04603508859872818 -0.0062000001780688763 0.0017318049212917686
  endloop
 endfacet
 facet normal -0 -1 0
  outer loop
   vertex 0.04603508859872818 -0.0062000001780688763 0.0017318049212917686
   vertex 0.052816789597272873 -0.0062000001780688763 0.02853209525346756
   vertex 0.050383377820253372 -0.0062000001780688763 0.032634802162647247
  endloop
 endfacet
 facet normal 0 -1 0
  outer loop
   vertex 0.04603508859872818 -0.0062000001780688763 0.0017318049212917686
   vertex 0.050383377820253372 -0.0062000001780688763 0.032634802162647247
   vertex 0.045552730560302734 -0.0062000001780688763 0.0019315996905788779
  endloop
 endfacet
 facet normal 0 -1 0
  outer loop
   vertex 0.045552730560302734 -0.0062000001780688763 0.0019315996905788779
   vertex 0.050383377820253372 -0.0062000001780688763 0.032634802162647247
   vertex 0.045035090297460556 -0.0062000001780688763 0.0019996981136500835
  endloop
 endfacet
 facet normal -0 -1 0
  outer loop
   vertex 0.045035090297460556 -0.0062000001780688763 0.0019996981136500835
   vertex 0.050383377820253372 -0.0062000001780688763 0.032634802162647247
   vertex 0.047631748020648956 -0.0062000001780688763 0.036531396210193634
  endloop
 endfacet
 facet normal 0 -1 0
  outer loop
   vertex 0.045035090297460556 -0.0062000001780688763 0.0019996981136500835
   vertex 0.047631748020648956 -0.0062000001780688763 0.036531396210193634
   vertex 0.044517457485198975 -0.0062000001780688763 0.0019315996905788779
  endloop
 endfacet
 facet normal 0 -1 0
  outer loop
   vertex 0.044517457485198975 -0.0062000001780688763 0.0019315996905788779
   vertex 0.047631748020648956 -0.0062000001780688763 0.036531396210193634
   vertex 0.044035088270902634 -0.0062000001780688763 0.0017318049212917686
  endloop
 endfacet
 facet normal 0 -1 0
  outer loop
   vertex 0.044035088270902634 -0.0062000001780688763 0.0017318049212917686
   vertex 0.047631748020648956 -0.0062000001780688763 0.036531396210193634
   vertex 0.03634272888302803 -0.0062000001780688763 0.0093808984383940697
  endloop
 endfacet
 facet normal 0 -1 0
  outer loop
   vertex 0.044035088270902634 -0.0062000001780688763 0.0017318049212917686
   vertex 0.03634272888302803 -0.0062000001780688763 0.0093808984383940697
   vertex 0.04362088069319725 -0.0062000001780688763 0.0014139929553493857
  endloop
 endfacet
 facet normal 0 -1 0
  outer loop
   vertex 0.04362088069319725 -0.0062000001780688763 0.0014139929553493857
   vertex 0.03634272888302803 -0.0062000001780688763 0.0093808984383940697
   vertex 0.037104379385709763 -0.0062000001780688763 0.0056669930927455425
  endloop
 endfacet
 facet normal 0 -1 0
  outer loop
   vertex 0.04362088069319725 -0.0062000001780688763 0.0014139929553493857
   vertex 0.037104379385709763 -0.0062000001780688763 0.0056669930927455425
   vertex 0.04330303892493248 -0.0062000001780688763 0.00099969597067683935
  endloop
 endfacet
 facet normal 0 -1 0
  outer loop
   vertex 0.04330303892493248 -0.0062000001780688763 0.00099969597067683935
   vertex 0.037104379385709763 -0.0062000001780688763 0.0056669930927455425
   vertex 0.043103240430355072 -0.0062000001780688763 0.00051740504568442702
  endloop
 endfacet
 facet normal 0 -1 0
  outer loop
   vertex 0.043103240430355072 -0.0062000001780688763 0.00051740504568442702
   vertex 0.037104379385709763 -0.0062000001780688763 0.0056669930927455425
   vertex 0.037487149238586426 -0.0062000001780688763 0.001895300461910665
  endloop
 endfacet
 facet normal 0 -1 0
  outer loop
   vertex 0.043103240430355072 -0.0062000001780688763 0.00051740504568442702
   vertex 0.037487149238586426 -0.0062000001780688763 0.001895300461910665
   vertex 0.04303508996963501 -0.0062000001780688763 -3.060102358176664e-07
  endloop
 endfacet
 facet normal 0 -1 0
  outer loop
   vertex 0.04303508996963501 -0.0062000001780688763 -3.060102358176664e-07
   vertex 0.037487149238586426 -0.0062000001780688763 0.001895300461910665
   vertex 0.037487149238586426 -0.0062000001780688763 -0.0018957933643832803
  endloop
 endfacet
 facet normal 0 -1 0
  outer loop
   vertex 0.04303508996963501 -0.0062000001780688763 -3.060102358176664e-07
   vertex 0.037487149238586426 -0.0062000001780688763 -0.0018957933643832803
   vertex 0.043103240430355072 -0.0062000001780688763 -0.00051789783174172044
  endloop
 endfacet
 facet normal 0 -1 -0
  outer loop
   vertex 0.043103240430355072 -0.0062000001780688763 -0.00051789783174172044
   vertex 0.037487149238586426 -0.0062000001780688763 -0.0018957933643832803
   vertex 0.037104379385709763 -0.0062000001780688763 -0.0056676049716770649
  endloop
 endfacet
 facet normal 0 -1 0
  outer loop
   vertex 0.043103240430355072 -0.0062000001780688763 -0.00051789783174172044
   vertex 0.037104379385709763 -0.0062000001780688763 -0.0056676049716770649
   vertex 0.04330303892493248 -0.0062000001780688763 -0.0010002931812778115
  endloop
 endfacet
 facet normal 0 -1 0
  outer loop
   vertex 0.04330303892493248 -0.0062000001780688763 -0.0010002931812778115
   vertex 0.037104379385709763 -0.0062000001780688763 -0.0056676049716770649
   vertex 0.04362088069319725 -0.0062000001780688763 -0.0014145007589831948
  endloop
 endfacet
 facet normal 0 -1 -0
  outer loop
   vertex 0.04362088069319725 -0.0062000001780688763 -0.0014145007589831948
   vertex 0.037104379385709763 -0.0062000001780688763 -0.0056676049716770649
   vertex 0.03634272888302803 -0.0062000001780688763 -0.0093814069405198097
  endloop
 endfacet
 facet normal 0 -1 -0
  outer loop
   vertex 0.047631748020648956 -0.0062000001780688763 0.036531396210193634
   vertex 0.044579267501831055 -0.0062000001780688763 0.040196992456912994
   vertex 0.03634272888302803 -0.0062000001780688763 0.0093808984383940697
  endloop
 endfacet
 facet normal 0 -1 0
  outer loop
   vertex 0.03634272888302803 -0.0062000001780688763 0.0093808984383940697
   vertex 0.044579267501831055 -0.0062000001780688763 0.040196992456912994
   vertex 0.035210009664297104 -0.0062000001780688763 0.012998796068131924
  endloop
 endfacet
 facet normal -0 -1 0
  outer loop
   vertex 0.035210009664297104 -0.0062000001780688763 0.012998796068131924
   vertex 0.044579267501831055 -0.0062000001780688763 0.040196992456912994
   vertex 0.041245240718126297 -0.0062000001780688763 0.043608494102954865
  endloop
 endfacet
 facet normal 0 -1 0
  outer loop
   vertex 0.035210009664297104 -0.0062000001780688763 0.012998796068131924
   vertex 0.041245240718126297 -0.0062000001780688763 0.043608494102954865
   vertex 0.033717777580022812 -0.0062000001780688763 0.016483895480632782
  endloop
 endfacet
 facet normal -0 -1 0
  outer loop
   vertex 0.033717777580022812 -0.0062000001780688763 0.016483895480632782
   vertex 0.041245240718126297 -0.0062000001780688763 0.043608494102954865
   vertex 0.037650737911462784 -0.0062000001780688763 0.046744413673877716
  endloop
 endfacet
 facet normal 0 -1 0
  outer loop
   vertex 0.033717777580022812 -0.0062000001780688763 0.016483895480632782
   vertex 0.037650737911462784 -0.0062000001780688763 0.046744413673877716
   vertex 0.031881298869848251 -0.0062000001780688763 0.01980050653219223
  endloop
 endfacet
 facet normal 0 -1 0
  outer loop
   vertex 0.031881298869848251 -0.0062000001780688763 0.01980050653219223
   vertex 0.037650737911462784 -0.0062000001780688763 0.046744413673877716
   vertex 0.029719330370426178 -0.0062000001780688763 0.022914700210094452
  endloop
 endfacet
 facet normal -0 -1 0
  outer loop
   vertex 0.029719330370426178 -0.0062000001780688763 0.022914700210094452
   vertex 0.037650737911462784 -0.0062000001780688763 0.046744413673877716
   vertex 0.033818479627370834 -0.0062000001780688763 0.049584902822971344
  endloop
 endfacet
 facet normal 0 -1 0
  outer loop
   vertex 0.029719330370426178 -0.0062000001780688763 0.022914700210094452
   vertex 0.033818479627370834 -0.0062000001780688763 0.049584902822971344
   vertex 0.029353749006986618 -0.0062000001780688763 0.046581096947193146
  endloop
 endfacet
 facet normal 0 -1 0
  outer loop
   vertex 0.029353749006986618 -0.0062000001780688763 0.046581096947193146
   vertex 0.033818479627370834 -0.0062000001780688763 0.049584902822971344
   vertex 0.029563538730144501 -0.0062000001780688763 0.047087587416172028
  endloop
 endfacet
 facet normal 0 -1 0
  outer loop
   vertex 0.029563538730144501 -0.0062000001780688763 0.047087587416172028
   vertex 0.033818479627370834 -0.0062000001780688763 0.049584902822971344
   vertex 0.029635090380907059 -0.0062000001780688763 0.047631092369556427
  endloop
 endfacet
 facet normal 0 -1 0
  outer loop
   vertex 0.029635090380907059 -0.0062000001780688763 0.047631092369556427
   vertex 0.033818479627370834 -0.0062000001780688763 0.049584902822971344
   vertex 0.029563538730144501 -0.0062000001780688763 0.04817468672990799
  endloop
 endfacet
 facet normal -0 -1 0
  outer loop
   vertex 0.029563538730144501 -0.0062000001780688763 0.04817468672990799
   vertex 0.033818479627370834 -0.0062000001780688763 0.049584902822971344
   vertex 0.029772687703371048 -0.0062000001780688763 0.052111901342868805
  endloop
 endfacet
 facet normal 0 -1 0
  outer loop
   vertex 0.029563538730144501 -0.0062000001780688763 0.04817468672990799
   vertex 0.029772687703371048 -0.0062000001780688763 0.052111901342868805
   vertex 0.029353749006986618 -0.0062000001780688763 0.048681087791919708
  endloop
 endfacet
 facet normal 0 -1 0
  outer loop
   vertex 0.029353749006986618 -0.0062000001780688763 0.048681087791919708
   vertex 0.029772687703371048 -0.0062000001780688763 0.052111901342868805
   vertex 0.029020018875598907 -0.0062000001780688763 0.049116112291812897
  endloop
 endfacet
 facet normal 0 -1 0
  outer loop
   vertex 0.029020018875598907 -0.0062000001780688763 0.049116112291812897
   vertex 0.029772687703371048 -0.0062000001780688763 0.052111901342868805
   vertex 0.02858508937060833 -0.0062000001780688763 0.049449808895587921
  endloop
 endfacet
 facet normal 0 -1 0
  outer loop
   vertex 0.02858508937060833 -0.0062000001780688763 0.049449808895587921
   vertex 0.029772687703371048 -0.0062000001780688763 0.052111901342868805
   vertex 0.028078610077500343 -0.0062000001780688763 0.049659587442874908
  endloop
 endfacet
 facet normal 0 -1 0
  outer loop
   vertex 0.028078610077500343 -0.0062000001780688763 0.049659587442874908
   vertex 0.029772687703371048 -0.0062000001780688763 0.052111901342868805
   vertex 0.02753509022295475 -0.0062000001780688763 0.049731113016605377
  endloop
 endfacet
 facet normal -0 -1 0
  outer loop
   vertex 0.02753509022295475 -0.0062000001780688763 0.049731113016605377
   vertex 0.029772687703371048 -0.0062000001780688763 0.052111901342868805
   vertex 0.025538939982652664 -0.0062000001780688763 0.05430949479341507
  endloop
 endfacet
 facet normal 0 -1 0
  outer loop
   vertex 0.02753509022295475 -0.0062000001780688763 0.049731113016605377
   vertex 0.025538939982652664 -0.0062000001780688763 0.05430949479341507
   vertex 0.026991568505764008 -0.0062000001780688763 0.049659587442874908
  endloop
 endfacet
 facet normal 0 -1 0
  outer loop
   vertex 0.026991568505764008 -0.0062000001780688763 0.049659587442874908
   vertex 0.025538939982652664 -0.0062000001780688763 0.05430949479341507
   vertex 0.026485089212656021 -0.0062000001780688763 0.049449808895587921
  endloop
 endfacet
 facet normal 0 -1 0
  outer loop
   vertex 0.026485089212656021 -0.0062000001780688763 0.049449808895587921
   vertex 0.025538939982652664 -0.0062000001780688763 0.05430949479341507
   vertex 0.02605016902089119 -0.0062000001780688763 0.049116112291812897
  endloop
 endfacet
 facet normal 0 -1 0
  outer loop
   vertex 0.02605016902089119 -0.0062000001780688763 0.049116112291812897
   vertex 0.025538939982652664 -0.0062000001780688763 0.05430949479341507
   vertex 0.025716438889503479 -0.0062000001780688763 0.048681087791919708
  endloop
 endfacet
 facet normal 0 -1 -0
  outer loop
   vertex 0.025716438889503479 -0.0062000001780688763 0.048681087791919708
   vertex 0.025538939982652664 -0.0062000001780688763 0.05430949479341507
   vertex 0.025506649166345596 -0.0062000001780688763 0.04817468672990799
  endloop
 endfacet
 facet normal -0 -1 0
  outer loop
   vertex 0.025506649166345596 -0.0062000001780688763 0.04817468672990799
   vertex 0.025538939982652664 -0.0062000001780688763 0.05430949479341507
   vertex 0.021143989637494087 -0.0062000001780688763 0.056163914501667023
  endloop
 endfacet
 facet normal 0 -1 0
  outer loop
   vertex 0.025506649166345596 -0.0062000001780688763 0.04817468672990799
   vertex 0.021143989637494087 -0.0062000001780688763 0.056163914501667023
   vertex 0.025435090065002441 -0.0062000001780688763 0.047631092369556427
  endloop
 endfacet
 facet normal 0 -1 0
  outer loop
   vertex 0.025435090065002441 -0.0062000001780688763 0.047631092369556427
   vertex 0.021143989637494087 -0.0062000001780688763 0.056163914501667023
   vertex 0.022535089403390884 -0.0062000001780688763 0.040970899164676666
  endloop
 endfacet
 facet normal 0 -1 0
  outer loop
   vertex 0.025435090065002441 -0.0062000001780688763 0.047631092369556427
   vertex 0.022535089403390884 -0.0062000001780688763 0.040970899164676666
   vertex 0.023052729666233063 -0.0062000001780688763 0.040902711451053619
  endloop
 endfacet
 facet normal 0 -1 0
  outer loop
   vertex 0.016615619882941246 -0.0062000001780688763 0.057663299143314362
   vertex 0.020803039893507957 -0.0062000001780688763 0.039970912039279938
   vertex 0.021143989637494087 -0.0062000001780688763 0.056163914501667023
  endloop
 endfacet
 facet normal 0 -1 0
  outer loop
   vertex 0.021143989637494087 -0.0062000001780688763 0.056163914501667023
   vertex 0.020803039893507957 -0.0062000001780688763 0.039970912039279938
   vertex 0.021120879799127579 -0.0062000001780688763 0.040385104715824127
  endloop
 endfacet
 facet normal 0 -1 0
  outer loop
   vertex 0.021143989637494087 -0.0062000001780688763 0.056163914501667023
   vertex 0.021120879799127579 -0.0062000001780688763 0.040385104715824127
   vertex 0.021535089239478111 -0.0062000001780688763 0.040702886879444122
  endloop
 endfacet
 facet normal 0 -1 0
  outer loop
   vertex 0.011982450261712074 -0.0062000001780688763 0.058798201382160187
   vertex 0.011351619847118855 -0.0062000001780688763 0.035751499235630035
   vertex 0.016615619882941246 -0.0062000001780688763 0.057663299143314362
  endloop
 endfacet
 facet normal 0 -1 0
  outer loop
   vertex 0.016615619882941246 -0.0062000001780688763 0.057663299143314362
   vertex 0.011351619847118855 -0.0062000001780688763 0.035751499235630035
   vertex 0.014903540723025799 -0.0062000001780688763 0.034426189959049225
  endloop
 endfacet
 facet normal 0 -1 0
  outer loop
   vertex 0.016615619882941246 -0.0062000001780688763 0.057663299143314362
   vertex 0.014903540723025799 -0.0062000001780688763 0.034426189959049225
   vertex 0.0206032395362854 -0.0062000001780688763 0.039488501846790314
  endloop
 endfacet
 facet normal 0 -1 0
  outer loop
   vertex 0.0206032395362854 -0.0062000001780688763 0.039488501846790314
   vertex 0.014903540723025799 -0.0062000001780688763 0.034426189959049225
   vertex 0.020535089075565338 -0.0062000001780688763 0.038970895111560822
  endloop
 endfacet
 facet normal 0 -1 0
  outer loop
   vertex 0.020535089075565338 -0.0062000001780688763 0.038970895111560822
   vertex 0.014903540723025799 -0.0062000001780688763 0.034426189959049225
   vertex 0.01830349862575531 -0.0062000001780688763 0.032749004662036896
  endloop
 endfacet
 facet normal 0 -1 0
  outer loop
   vertex 0.020535089075565338 -0.0062000001780688763 0.038970895111560822
   vertex 0.01830349862575531 -0.0062000001780688763 0.032749004662036896
   vertex 0.0206032395362854 -0.0062000001780688763 0.038453288376331329
  endloop
 endfacet
 facet normal 0 -1 0
  outer loop
   vertex 0.0206032395362854 -0.0062000001780688763 0.038453288376331329
   vertex 0.01830349862575531 -0.0062000001780688763 0.032749004662036896
   vertex 0.020803039893507957 -0.0062000001780688763 0.037970907986164093
  endloop
 endfacet
 facet normal 0 -1 0
  outer loop
   vertex 0.020803039893507957 -0.0062000001780688763 0.037970907986164093
   vertex 0.01830349862575531 -0.0062000001780688763 0.032749004662036896
   vertex 0.021120879799127579 -0.0062000001780688763 0.037556715309619904
  endloop
 endfacet
 facet normal 0 -1 0
  outer loop
   vertex 0.021120879799127579 -0.0062000001780688763 0.037556715309619904
   vertex 0.01830349862575531 -0.0062000001780688763 0.032749004662036896
   vertex 0.021516738459467888 -0.0062000001780688763 0.030737198889255524
  endloop
 endfacet
 facet normal 0 -1 0
  outer loop
   vertex 0.021120879799127579 -0.0062000001780688763 0.037556715309619904
   vertex 0.021516738459467888 -0.0062000001780688763 0.030737198889255524
   vertex 0.021535089239478111 -0.0062000001780688763 0.037238813936710358
  endloop
 endfacet
 facet normal 0 -1 0
  outer loop
   vertex 0.021535089239478111 -0.0062000001780688763 0.037238813936710358
   vertex 0.021516738459467888 -0.0062000001780688763 0.030737198889255524
   vertex 0.022017458453774452 -0.0062000001780688763 0.037038989365100861
  endloop
 endfacet
 facet normal 0 -1 0
  outer loop
   vertex 0.022017458453774452 -0.0062000001780688763 0.037038989365100861
   vertex 0.021516738459467888 -0.0062000001780688763 0.030737198889255524
   vertex 0.022535089403390884 -0.0062000001780688763 0.036970891058444977
  endloop
 endfacet
 facet normal 0 -1 0
  outer loop
   vertex 0.022535089403390884 -0.0062000001780688763 0.036970891058444977
   vertex 0.021516738459467888 -0.0062000001780688763 0.030737198889255524
   vertex 0.023052729666233063 -0.0062000001780688763 0.037038989365100861
  endloop
 endfacet
 facet normal 0 -1 0
  outer loop
   vertex 0.023052729666233063 -0.0062000001780688763 0.037038989365100861
   vertex 0.021516738459467888 -0.0062000001780688763 0.030737198889255524
   vertex 0.024510439485311508 -0.0062000001780688763 0.028411097824573517
  endloop
 endfacet
 facet normal 0 -1 0
  outer loop
   vertex 0.023052729666233063 -0.0062000001780688763 0.037038989365100861
   vertex 0.024510439485311508 -0.0062000001780688763 0.028411097824573517
   vertex 0.023535089567303658 -0.0062000001780688763 0.037238813936710358
  endloop
 endfacet
 facet normal 0 -1 0
  outer loop
   vertex 0.023535089567303658 -0.0062000001780688763 0.037238813936710358
   vertex 0.024510439485311508 -0.0062000001780688763 0.028411097824573517
   vertex 0.023949310183525085 -0.0062000001780688763 0.037556715309619904
  endloop
 endfacet
 facet normal 0 -1 0
  outer loop
   vertex 0.023949310183525085 -0.0062000001780688763 0.037556715309619904
   vertex 0.024510439485311508 -0.0062000001780688763 0.028411097824573517
   vertex 0.024267138913273811 -0.0062000001780688763 0.037970907986164093
  endloop
 endfacet
 facet normal 0 -1 0
  outer loop
   vertex 0.024267138913273811 -0.0062000001780688763 0.037970907986164093
   vertex 0.024510439485311508 -0.0062000001780688763 0.028411097824573517
   vertex 0.024466939270496368 -0.0062000001780688763 0.038453288376331329
  endloop
 endfacet
 facet normal 0 -1 0
  outer loop
   vertex 0.024466939270496368 -0.0062000001780688763 0.038453288376331329
   vertex 0.024510439485311508 -0.0062000001780688763 0.028411097824573517
   vertex 0.027253979817032814 -0.0062000001780688763 0.025794796645641327
  endloop
 endfacet
 facet normal 0 -1 0
  outer loop
   vertex 0.024466939270496368 -0.0062000001780688763 0.038453288376331329
   vertex 0.027253979817032814 -0.0062000001780688763 0.025794796645641327
   vertex 0.028078610077500343 -0.0062000001780688763 0.045602686703205109
  endloop
 endfacet
 facet normal 0 -1 0
  outer loop
   vertex 0.028078610077500343 -0.0062000001780688763 0.045602686703205109
   vertex 0.027253979817032814 -0.0062000001780688763 0.025794796645641327
   vertex 0.02858508937060833 -0.0062000001780688763 0.045812495052814484
  endloop
 endfacet
 facet normal 0 -1 0
  outer loop
   vertex 0.02858508937060833 -0.0062000001780688763 0.045812495052814484
   vertex 0.027253979817032814 -0.0062000001780688763 0.025794796645641327
   vertex 0.029020018875598907 -0.0062000001780688763 0.046146191656589508
  endloop
 endfacet
 facet normal 0 -1 0
  outer loop
   vertex 0.029020018875598907 -0.0062000001780688763 0.046146191656589508
   vertex 0.027253979817032814 -0.0062000001780688763 0.025794796645641327
   vertex 0.029719330370426178 -0.0062000001780688763 0.022914700210094452
  endloop
 endfacet
 facet normal 0 -1 0
  outer loop
   vertex 0.029020018875598907 -0.0062000001780688763 0.046146191656589508
   vertex 0.029719330370426178 -0.0062000001780688763 0.022914700210094452
   vertex 0.029353749006986618 -0.0062000001780688763 0.046581096947193146
  endloop
 endfacet
 facet normal 0 -1 0
  outer loop
   vertex 0.011351619847118855 -0.0062000001780688763 0.035751499235630035
   vertex 0.011982450261712074 -0.0062000001780688763 0.058798201382160187
   vertex 0.0076840431429445744 -0.0062000001780688763 0.036711402237415314
  endloop
 endfacet
 facet normal -0 -1 0
  outer loop
   vertex 0.0076840431429445744 -0.0062000001780688763 0.036711402237415314
   vertex 0.011982450261712074 -0.0062000001780688763 0.058798201382160187
   vertex 0.0072737573646008968 -0.0062000001780688763 0.059561498463153839
  endloop
 endfacet
 facet normal 0 -1 -0
  outer loop
   vertex 0.0076840431429445744 -0.0062000001780688763 0.036711402237415314
   vertex 0.0072737573646008968 -0.0062000001780688763 0.059561498463153839
   vertex 0.0039382879622280598 -0.0062000001780688763 0.037296094000339508
  endloop
 endfacet
 facet normal -0 -1 0
  outer loop
   vertex 0.0039382879622280598 -0.0062000001780688763 0.037296094000339508
   vertex 0.0072737573646008968 -0.0062000001780688763 0.059561498463153839
   vertex 0.0025193172041326761 -0.0062000001780688763 0.059948302805423737
  endloop
 endfacet
 facet normal 0 -1 -0
  outer loop
   vertex 0.0039382879622280598 -0.0062000001780688763 0.037296094000339508
   vertex 0.0025193172041326761 -0.0062000001780688763 0.059948302805423737
   vertex 0.00015264001558534801 -0.0062000001780688763 0.037499614059925079
  endloop
 endfacet
 facet normal -0 -1 0
  outer loop
   vertex 0.00015264001558534801 -0.0062000001780688763 0.037499614059925079
   vertex 0.0025193172041326761 -0.0062000001780688763 0.059948302805423737
   vertex -0.0022508255206048489 -0.0062000001780688763 0.059956200420856476
  endloop
 endfacet
 facet normal 0 -1 -0
  outer loop
   vertex 0.00015264001558534801 -0.0062000001780688763 0.037499614059925079
   vertex -0.0022508255206048489 -0.0062000001780688763 0.059956200420856476
   vertex -0.0036342090461403131 -0.0062000001780688763 0.037319786846637726
  endloop
 endfacet
 facet normal 0 -1 0
  outer loop
   vertex -0.0036342090461403131 -0.0062000001780688763 0.037319786846637726
   vertex -0.0022508255206048489 -0.0062000001780688763 0.059956200420856476
   vertex -0.0070065204054117203 -0.0062000001780688763 0.059585101902484894
  endloop
 endfacet
 facet normal 0 -1 -0
  outer loop
   vertex -0.0036342090461403131 -0.0062000001780688763 0.037319786846637726
   vertex -0.0070065204054117203 -0.0062000001780688763 0.059585101902484894
   vertex -0.0073835570365190506 -0.0062000001780688763 0.036758609116077423
  endloop
 endfacet
 facet normal 0 -1 0
  outer loop
   vertex -0.0073835570365190506 -0.0062000001780688763 0.036758609116077423
   vertex -0.0070065204054117203 -0.0062000001780688763 0.059585101902484894
   vertex -0.011717705987393856 -0.0062000001780688763 0.058837391436100006
  endloop
 endfacet
 facet normal 0 -1 0
  outer loop
   vertex -0.0073835570365190506 -0.0062000001780688763 0.036758609116077423
   vertex -0.011717705987393856 -0.0062000001780688763 0.058837391436100006
   vertex -0.011057081632316113 -0.0062000001780688763 0.035821713507175446
  endloop
 endfacet
 facet normal 0 -1 -0
  outer loop
   vertex -0.011057081632316113 -0.0062000001780688763 0.035821713507175446
   vertex -0.011717705987393856 -0.0062000001780688763 0.058837391436100006
   vertex -0.016354609280824661 -0.0062000001780688763 0.057717807590961456
  endloop
 endfacet
 facet normal 0 -1 0
  outer loop
   vertex -0.011057081632316113 -0.0062000001780688763 0.035821713507175446
   vertex -0.016354609280824661 -0.0062000001780688763 0.057717807590961456
   vertex -0.014617240056395531 -0.0062000001780688763 0.034518696367740631
  endloop
 endfacet
 facet normal 0 -1 -0
  outer loop
   vertex -0.014617240056395531 -0.0062000001780688763 0.034518696367740631
   vertex -0.016354609280824661 -0.0062000001780688763 0.057717807590961456
   vertex -0.020533060654997826 -0.0062000001780688763 0.039488501846790314
  endloop
 endfacet
 facet normal 0 -1 0
  outer loop
   vertex -0.014617240056395531 -0.0062000001780688763 0.034518696367740631
   vertex -0.020533060654997826 -0.0062000001780688763 0.039488501846790314
   vertex -0.020464910194277763 -0.0062000001780688763 0.038970895111560822
  endloop
 endfacet
 facet normal 0 -1 0
  outer loop
   vertex -0.020533060654997826 -0.0062000001780688763 0.039488501846790314
   vertex -0.016354609280824661 -0.0062000001780688763 0.057717807590961456
   vertex -0.020732861012220383 -0.0062000001780688763 0.039970912039279938
  endloop
 endfacet
 facet normal 0 -1 0
  outer loop
   vertex -0.020732861012220383 -0.0062000001780688763 0.039970912039279938
   vertex -0.016354609280824661 -0.0062000001780688763 0.057717807590961456
   vertex -0.020887911319732666 -0.0062000001780688763 0.056233413517475128
  endloop
 endfacet
 facet normal 0 -1 -0
  outer loop
   vertex -0.020732861012220383 -0.0062000001780688763 0.039970912039279938
   vertex -0.020887911319732666 -0.0062000001780688763 0.056233413517475128
   vertex -0.021050689741969109 -0.0062000001780688763 0.040385104715824127
  endloop
 endfacet
 facet normal 0 -1 0
  outer loop
   vertex -0.021050689741969109 -0.0062000001780688763 0.040385104715824127
   vertex -0.020887911319732666 -0.0062000001780688763 0.056233413517475128
   vertex -0.021464910358190536 -0.0062000001780688763 0.040702886879444122
  endloop
 endfacet
 facet normal 0 -1 0
  outer loop
   vertex -0.021464910358190536 -0.0062000001780688763 0.040702886879444122
   vertex -0.020887911319732666 -0.0062000001780688763 0.056233413517475128
   vertex -0.021947270259261131 -0.0062000001780688763 0.040902711451053619
  endloop
 endfacet
 facet normal 0 -1 0
  outer loop
   vertex -0.021947270259261131 -0.0062000001780688763 0.040902711451053619
   vertex -0.020887911319732666 -0.0062000001780688763 0.056233413517475128
   vertex -0.02246491052210331 -0.0062000001780688763 0.040970899164676666
  endloop
 endfacet
 facet normal 0 -1 0
  outer loop
   vertex -0.02246491052210331 -0.0062000001780688763 0.040970899164676666
   vertex -0.020887911319732666 -0.0062000001780688763 0.056233413517475128
   vertex -0.025364911183714867 -0.0062000001780688763 0.047631092369556427
  endloop
 endfacet
 facet normal 0 -1 0
  outer loop
   vertex -0.02246491052210331 -0.0062000001780688763 0.040970899164676666
   vertex -0.025364911183714867 -0.0062000001780688763 0.047631092369556427
   vertex -0.022982541471719742 -0.0062000001780688763 0.040902711451053619
  endloop
 endfacet
 facet normal 0 -1 -0
  outer loop
   vertex -0.022982541471719742 -0.0062000001780688763 0.040902711451053619
   vertex -0.025364911183714867 -0.0062000001780688763 0.047631092369556427
   vertex -0.025436460971832275 -0.0062000001780688763 0.047087587416172028
  endloop
 endfacet
 facet normal 0 -1 0
  outer loop
   vertex -0.022982541471719742 -0.0062000001780688763 0.040902711451053619
   vertex -0.025436460971832275 -0.0062000001780688763 0.047087587416172028
   vertex -0.023464910686016083 -0.0062000001780688763 0.040702886879444122
  endloop
 endfacet
 facet normal 0 -1 0
  outer loop
   vertex -0.023464910686016083 -0.0062000001780688763 0.040702886879444122
   vertex -0.025436460971832275 -0.0062000001780688763 0.047087587416172028
   vertex -0.023879120126366615 -0.0062000001780688763 0.040385104715824127
  endloop
 endfacet
 facet normal 0 -1 -0
  outer loop
   vertex -0.023879120126366615 -0.0062000001780688763 0.040385104715824127
   vertex -0.025436460971832275 -0.0062000001780688763 0.047087587416172028
   vertex -0.025646250694990158 -0.0062000001780688763 0.046581096947193146
  endloop
 endfacet
 facet normal 0 -1 0
  outer loop
   vertex -0.023879120126366615 -0.0062000001780688763 0.040385104715824127
   vertex -0.025646250694990158 -0.0062000001780688763 0.046581096947193146
   vertex -0.024196960031986237 -0.0062000001780688763 0.039970912039279938
  endloop
 endfacet
 facet normal 0 -1 -0
  outer loop
   vertex -0.024196960031986237 -0.0062000001780688763 0.039970912039279938
   vertex -0.025646250694990158 -0.0062000001780688763 0.046581096947193146
   vertex -0.025979980826377869 -0.0062000001780688763 0.046146191656589508
  endloop
 endfacet
 facet normal 0 -1 0
  outer loop
   vertex -0.024196960031986237 -0.0062000001780688763 0.039970912039279938
   vertex -0.025979980826377869 -0.0062000001780688763 0.046146191656589508
   vertex -0.024396760389208794 -0.0062000001780688763 0.039488501846790314
  endloop
 endfacet
 facet normal 0 -1 -0
  outer loop
   vertex -0.024396760389208794 -0.0062000001780688763 0.039488501846790314
   vertex -0.025979980826377869 -0.0062000001780688763 0.046146191656589508
   vertex -0.026414910331368446 -0.0062000001780688763 0.045812495052814484
  endloop
 endfacet
 facet normal 0 -1 -0
  outer loop
   vertex -0.024396760389208794 -0.0062000001780688763 0.039488501846790314
   vertex -0.026414910331368446 -0.0062000001780688763 0.045812495052814484
   vertex -0.026921391487121582 -0.0062000001780688763 0.045602686703205109
  endloop
 endfacet
 facet normal 0 -1 0
  outer loop
   vertex -0.025364911183714867 -0.0062000001780688763 0.047631092369556427
   vertex -0.020887911319732666 -0.0062000001780688763 0.056233413517475128
   vertex -0.025436460971832275 -0.0062000001780688763 0.04817468672990799
  endloop
 endfacet
 facet normal 0 -1 0
  outer loop
   vertex -0.025436460971832275 -0.0062000001780688763 0.04817468672990799
   vertex -0.020887911319732666 -0.0062000001780688763 0.056233413517475128
   vertex -0.025288980454206467 -0.0062000001780688763 0.054393596947193146
  endloop
 endfacet
 facet normal 0 -1 0
  outer loop
   vertex -0.025436460971832275 -0.0062000001780688763 0.04817468672990799
   vertex -0.025288980454206467 -0.0062000001780688763 0.054393596947193146
   vertex -0.025646250694990158 -0.0062000001780688763 0.048681087791919708
  endloop
 endfacet
 facet normal 0 -1 0
  outer loop
   vertex -0.025646250694990158 -0.0062000001780688763 0.048681087791919708
   vertex -0.025288980454206467 -0.0062000001780688763 0.054393596947193146
   vertex -0.025979980826377869 -0.0062000001780688763 0.049116112291812897
  endloop
 endfacet
 facet normal 0 -1 0
  outer loop
   vertex -0.025979980826377869 -0.0062000001780688763 0.049116112291812897
   vertex -0.025288980454206467 -0.0062000001780688763 0.054393596947193146
   vertex -0.026414910331368446 -0.0062000001780688763 0.049449808895587921
  endloop
 endfacet
 facet normal 0 -1 0
  outer loop
   vertex -0.026414910331368446 -0.0062000001780688763 0.049449808895587921
   vertex -0.025288980454206467 -0.0062000001780688763 0.054393596947193146
   vertex -0.026921391487121582 -0.0062000001780688763 0.049659587442874908
  endloop
 endfacet
 facet normal 0 -1 0
  outer loop
   vertex -0.026921391487121582 -0.0062000001780688763 0.049659587442874908
   vertex -0.025288980454206467 -0.0062000001780688763 0.054393596947193146
   vertex -0.027464911341667175 -0.0062000001780688763 0.049731113016605377
  endloop
 endfacet
 facet normal 0 -1 0
  outer loop
   vertex -0.027464911341667175 -0.0062000001780688763 0.049731113016605377
   vertex -0.025288980454206467 -0.0062000001780688763 0.054393596947193146
   vertex -0.02952997013926506 -0.0062000001780688763 0.052210010588169098
  endloop
 endfacet
 facet normal 0 -1 0
  outer loop
   vertex -0.027464911341667175 -0.0062000001780688763 0.049731113016605377
   vertex -0.02952997013926506 -0.0062000001780688763 0.052210010588169098
   vertex -0.028008431196212769 -0.0062000001780688763 0.049659587442874908
  endloop
 endfacet
 facet normal 0 -1 0
  outer loop
   vertex -0.028008431196212769 -0.0062000001780688763 0.049659587442874908
   vertex -0.02952997013926506 -0.0062000001780688763 0.052210010588169098
   vertex -0.028514910489320755 -0.0062000001780688763 0.049449808895587921
  endloop
 endfacet
 facet normal 0 -1 0
  outer loop
   vertex -0.028514910489320755 -0.0062000001780688763 0.049449808895587921
   vertex -0.02952997013926506 -0.0062000001780688763 0.052210010588169098
   vertex -0.028949830681085587 -0.0062000001780688763 0.049116112291812897
  endloop
 endfacet
 facet normal 0 -1 0
  outer loop
   vertex -0.028949830681085587 -0.0062000001780688763 0.049116112291812897
   vertex -0.02952997013926506 -0.0062000001780688763 0.052210010588169098
   vertex -0.029283560812473297 -0.0062000001780688763 0.048681087791919708
  endloop
 endfacet
 facet normal 0 -1 0
  outer loop
   vertex -0.029283560812473297 -0.0062000001780688763 0.048681087791919708
   vertex -0.02952997013926506 -0.0062000001780688763 0.052210010588169098
   vertex -0.02949335053563118 -0.0062000001780688763 0.04817468672990799
  endloop
 endfacet
 facet normal 0 -1 -0
  outer loop
   vertex -0.02949335053563118 -0.0062000001780688763 0.04817468672990799
   vertex -0.02952997013926506 -0.0062000001780688763 0.052210010588169098
   vertex -0.033584099262952805 -0.0062000001780688763 0.049696303904056549
  endloop
 endfacet
 facet normal 0 -1 0
  outer loop
   vertex -0.02949335053563118 -0.0062000001780688763 0.04817468672990799
   vertex -0.033584099262952805 -0.0062000001780688763 0.049696303904056549
   vertex -0.029564911499619484 -0.0062000001780688763 0.047631092369556427
  endloop
 endfacet
 facet normal 0 -1 0
  outer loop
   vertex -0.029564911499619484 -0.0062000001780688763 0.047631092369556427
   vertex -0.033584099262952805 -0.0062000001780688763 0.049696303904056549
   vertex -0.02949335053563118 -0.0062000001780688763 0.047087587416172028
  endloop
 endfacet
 facet normal 0 -1 0
  outer loop
   vertex -0.02949335053563118 -0.0062000001780688763 0.047087587416172028
   vertex -0.033584099262952805 -0.0062000001780688763 0.049696303904056549
   vertex -0.029283560812473297 -0.0062000001780688763 0.046581096947193146
  endloop
 endfacet
 facet normal 0 -1 0
  outer loop
   vertex -0.029283560812473297 -0.0062000001780688763 0.046581096947193146
   vertex -0.033584099262952805 -0.0062000001780688763 0.049696303904056549
   vertex -0.029504900798201561 -0.0062000001780688763 0.023100398480892181
  endloop
 endfacet
 facet normal 0 -1 0
  outer loop
   vertex -0.029283560812473297 -0.0062000001780688763 0.046581096947193146
   vertex -0.029504900798201561 -0.0062000001780688763 0.023100398480892181
   vertex -0.028949830681085587 -0.0062000001780688763 0.046146191656589508
  endloop
 endfacet
 facet normal 0 -1 0
  outer loop
   vertex -0.028949830681085587 -0.0062000001780688763 0.046146191656589508
   vertex -0.029504900798201561 -0.0062000001780688763 0.023100398480892181
   vertex -0.027021540328860283 -0.0062000001780688763 0.025964893400669098
  endloop
 endfacet
 facet normal 0 -1 0
  outer loop
   vertex -0.028949830681085587 -0.0062000001780688763 0.046146191656589508
   vertex -0.027021540328860283 -0.0062000001780688763 0.025964893400669098
   vertex -0.028514910489320755 -0.0062000001780688763 0.045812495052814484
  endloop
 endfacet
 facet normal 0 -1 0
  outer loop
   vertex -0.028514910489320755 -0.0062000001780688763 0.045812495052814484
   vertex -0.027021540328860283 -0.0062000001780688763 0.025964893400669098
   vertex -0.028008431196212769 -0.0062000001780688763 0.045602686703205109
  endloop
 endfacet
 facet normal 0 -1 0
  outer loop
   vertex -0.028008431196212769 -0.0062000001780688763 0.045602686703205109
   vertex -0.027021540328860283 -0.0062000001780688763 0.025964893400669098
   vertex -0.024396760389208794 -0.0062000001780688763 0.038453288376331329
  endloop
 endfacet
 facet normal 0 -1 0
  outer loop
   vertex -0.028008431196212769 -0.0062000001780688763 0.045602686703205109
   vertex -0.024396760389208794 -0.0062000001780688763 0.038453288376331329
   vertex -0.024464910849928856 -0.0062000001780688763 0.038970895111560822
  endloop
 endfacet
 facet normal 0 -1 0
  outer loop
   vertex -0.029504900798201561 -0.0062000001780688763 0.023100398480892181
   vertex -0.033584099262952805 -0.0062000001780688763 0.049696303904056549
   vertex -0.031686350703239441 -0.0062000001780688763 0.019999705255031586
  endloop
 endfacet
 facet normal 0 -1 -0
  outer loop
   vertex -0.031686350703239441 -0.0062000001780688763 0.019999705255031586
   vertex -0.033584099262952805 -0.0062000001780688763 0.049696303904056549
   vertex -0.037425730377435684 -0.0062000001780688763 0.046868599951267242
  endloop
 endfacet
 facet normal 0 -1 -0
  outer loop
   vertex -0.031686350703239441 -0.0062000001780688763 0.019999705255031586
   vertex -0.037425730377435684 -0.0062000001780688763 0.046868599951267242
   vertex -0.041030582040548325 -0.0062000001780688763 0.043744601309299469
  endloop
 endfacet
 facet normal 0 -1 0
  outer loop
   vertex -0.041030582040548325 -0.0062000001780688763 0.043744601309299469
   vertex -0.044375881552696228 -0.0062000001780688763 0.040344096720218658
   vertex -0.031686350703239441 -0.0062000001780688763 0.019999705255031586
  endloop
 endfacet
 facet normal 0 -1 -0
  outer loop
   vertex -0.031686350703239441 -0.0062000001780688763 0.019999705255031586
   vertex -0.044375881552696228 -0.0062000001780688763 0.040344096720218658
   vertex -0.047440461814403534 -0.0062000001780688763 0.036688603460788727
  endloop
 endfacet
 facet normal 0 -1 -0
  outer loop
   vertex -0.031686350703239441 -0.0062000001780688763 0.019999705255031586
   vertex -0.047440461814403534 -0.0062000001780688763 0.036688603460788727
   vertex -0.050204969942569733 -0.0062000001780688763 0.03280118852853775
  endloop
 endfacet
 facet normal 0 -1 0
  outer loop
   vertex -0.050204969942569733 -0.0062000001780688763 0.03280118852853775
   vertex -0.052651941776275635 -0.0062000001780688763 0.028706498444080353
   vertex -0.031686350703239441 -0.0062000001780688763 0.019999705255031586
  endloop
 endfacet
 facet normal 0 -1 -0
  outer loop
   vertex -0.031686350703239441 -0.0062000001780688763 0.019999705255031586
   vertex -0.052651941776275635 -0.0062000001780688763 0.028706498444080353
   vertex -0.054765880107879639 -0.0062000001780688763 0.024430297315120697
  endloop
 endfacet
 facet normal 0 -1 -0
  outer loop
   vertex -0.031686350703239441 -0.0062000001780688763 0.019999705255031586
   vertex -0.054765880107879639 -0.0062000001780688763 0.024430297315120697
   vertex -0.056533452123403549 -0.0062000001780688763 0.019999705255031586
  endloop
 endfacet
 facet normal -0 -1 0
  outer loop
   vertex -0.027021540328860283 -0.0062000001780688763 0.025964893400669098
   vertex -0.024261651560664177 -0.0062000001780688763 0.028564013540744781
   vertex -0.024396760389208794 -0.0062000001780688763 0.038453288376331329
  endloop
 endfacet
 facet normal 0 -1 0
  outer loop
   vertex -0.024396760389208794 -0.0062000001780688763 0.038453288376331329
   vertex -0.024261651560664177 -0.0062000001780688763 0.028564013540744781
   vertex -0.024196960031986237 -0.0062000001780688763 0.037970907986164093
  endloop
 endfacet
 facet normal 0 -1 0
  outer loop
   vertex -0.024196960031986237 -0.0062000001780688763 0.037970907986164093
   vertex -0.024261651560664177 -0.0062000001780688763 0.028564013540744781
   vertex -0.023879120126366615 -0.0062000001780688763 0.037556715309619904
  endloop
 endfacet
 facet normal 0 -1 0
  outer loop
   vertex -0.023879120126366615 -0.0062000001780688763 0.037556715309619904
   vertex -0.024261651560664177 -0.0062000001780688763 0.028564013540744781
   vertex -0.023464910686016083 -0.0062000001780688763 0.037238813936710358
  endloop
 endfacet
 facet normal 0 -1 0
  outer loop
   vertex -0.023464910686016083 -0.0062000001780688763 0.037238813936710358
   vertex -0.024261651560664177 -0.0062000001780688763 0.028564013540744781
   vertex -0.022982541471719742 -0.0062000001780688763 0.037038989365100861
  endloop
 endfacet
 facet normal 0 -1 0
  outer loop
   vertex -0.022982541471719742 -0.0062000001780688763 0.037038989365100861
   vertex -0.024261651560664177 -0.0062000001780688763 0.028564013540744781
   vertex -0.021253440529108047 -0.0062000001780688763 0.030871190130710602
  endloop
 endfacet
 facet normal 0 -1 0
  outer loop
   vertex -0.022982541471719742 -0.0062000001780688763 0.037038989365100861
   vertex -0.021253440529108047 -0.0062000001780688763 0.030871190130710602
   vertex -0.02246491052210331 -0.0062000001780688763 0.036970891058444977
  endloop
 endfacet
 facet normal 0 -1 0
  outer loop
   vertex -0.02246491052210331 -0.0062000001780688763 0.036970891058444977
   vertex -0.021253440529108047 -0.0062000001780688763 0.030871190130710602
   vertex -0.021947270259261131 -0.0062000001780688763 0.037038989365100861
  endloop
 endfacet
 facet normal 0 -1 0
  outer loop
   vertex -0.021947270259261131 -0.0062000001780688763 0.037038989365100861
   vertex -0.021253440529108047 -0.0062000001780688763 0.030871190130710602
   vertex -0.021464910358190536 -0.0062000001780688763 0.037238813936710358
  endloop
 endfacet
 facet normal 0 -1 0
  outer loop
   vertex -0.021464910358190536 -0.0062000001780688763 0.037238813936710358
   vertex -0.021253440529108047 -0.0062000001780688763 0.030871190130710602
   vertex -0.021050689741969109 -0.0062000001780688763 0.037556715309619904
  endloop
 endfacet
 facet normal 0 -1 0
  outer loop
   vertex -0.021050689741969109 -0.0062000001780688763 0.037556715309619904
   vertex -0.021253440529108047 -0.0062000001780688763 0.030871190130710602
   vertex -0.020732861012220383 -0.0062000001780688763 0.037970907986164093
  endloop
 endfacet
 facet normal 0 -1 0
  outer loop
   vertex -0.020732861012220383 -0.0062000001780688763 0.037970907986164093
   vertex -0.021253440529108047 -0.0062000001780688763 0.030871190130710602
   vertex -0.018027640879154205 -0.0062000001780688763 0.032862909138202667
  endloop
 endfacet
 facet normal 0 -1 0
  outer loop
   vertex -0.020732861012220383 -0.0062000001780688763 0.037970907986164093
   vertex -0.018027640879154205 -0.0062000001780688763 0.032862909138202667
   vertex -0.020533060654997826 -0.0062000001780688763 0.038453288376331329
  endloop
 endfacet
 facet normal 0 -1 0
  outer loop
   vertex -0.020533060654997826 -0.0062000001780688763 0.038453288376331329
   vertex -0.018027640879154205 -0.0062000001780688763 0.032862909138202667
   vertex -0.020464910194277763 -0.0062000001780688763 0.038970895111560822
  endloop
 endfacet
 facet normal 0 -1 0
  outer loop
   vertex -0.020464910194277763 -0.0062000001780688763 0.038970895111560822
   vertex -0.018027640879154205 -0.0062000001780688763 0.032862909138202667
   vertex -0.014617240056395531 -0.0062000001780688763 0.034518696367740631
  endloop
 endfacet
 facet normal 0 -1 -0
  outer loop
   vertex 0.027253979817032814 -0.0062000001780688763 -0.025795303285121918
   vertex 0.024510439485311508 -0.0062000001780688763 -0.028411693871021271
   vertex 0.024466939270496368 -0.0062000001780688763 -0.03845379501581192
  endloop
 endfacet
 facet normal 0 -1 0
  outer loop
   vertex 0.024466939270496368 -0.0062000001780688763 -0.03845379501581192
   vertex 0.024510439485311508 -0.0062000001780688763 -0.028411693871021271
   vertex 0.024267138913273811 -0.0062000001780688763 -0.03797139972448349
  endloop
 endfacet
 facet normal 0 -1 0
  outer loop
   vertex 0.024267138913273811 -0.0062000001780688763 -0.03797139972448349
   vertex 0.024510439485311508 -0.0062000001780688763 -0.028411693871021271
   vertex 0.023949310183525085 -0.0062000001780688763 -0.037557192146778107
  endloop
 endfacet
 facet normal 0 -1 0
  outer loop
   vertex 0.023949310183525085 -0.0062000001780688763 -0.037557192146778107
   vertex 0.024510439485311508 -0.0062000001780688763 -0.028411693871021271
   vertex 0.023535089567303658 -0.0062000001780688763 -0.037239305675029755
  endloop
 endfacet
 facet normal 0 -1 0
  outer loop
   vertex 0.023535089567303658 -0.0062000001780688763 -0.037239305675029755
   vertex 0.024510439485311508 -0.0062000001780688763 -0.028411693871021271
   vertex 0.023052729666233063 -0.0062000001780688763 -0.037039496004581451
  endloop
 endfacet
 facet normal 0 -1 0
  outer loop
   vertex 0.023052729666233063 -0.0062000001780688763 -0.037039496004581451
   vertex 0.024510439485311508 -0.0062000001780688763 -0.028411693871021271
   vertex 0.021516738459467888 -0.0062000001780688763 -0.030737705528736115
  endloop
 endfacet
 facet normal 0 -1 0
  outer loop
   vertex 0.023052729666233063 -0.0062000001780688763 -0.037039496004581451
   vertex 0.021516738459467888 -0.0062000001780688763 -0.030737705528736115
   vertex 0.022535089403390884 -0.0062000001780688763 -0.036971397697925568
  endloop
 endfacet
 facet normal 0 -1 0
  outer loop
   vertex 0.022535089403390884 -0.0062000001780688763 -0.036971397697925568
   vertex 0.021516738459467888 -0.0062000001780688763 -0.030737705528736115
   vertex 0.022017458453774452 -0.0062000001780688763 -0.037039496004581451
  endloop
 endfacet
 facet normal 0 -1 0
  outer loop
   vertex 0.022017458453774452 -0.0062000001780688763 -0.037039496004581451
   vertex 0.021516738459467888 -0.0062000001780688763 -0.030737705528736115
   vertex 0.021535089239478111 -0.0062000001780688763 -0.037239305675029755
  endloop
 endfacet
 facet normal 0 -1 -0
  outer loop
   vertex 0.021535089239478111 -0.0062000001780688763 -0.037239305675029755
   vertex 0.021516738459467888 -0.0062000001780688763 -0.030737705528736115
   vertex 0.021120879799127579 -0.0062000001780688763 -0.037557192146778107
  endloop
 endfacet
 facet normal 0 -1 0
  outer loop
   vertex 0.021120879799127579 -0.0062000001780688763 -0.037557192146778107
   vertex 0.021516738459467888 -0.0062000001780688763 -0.030737705528736115
   vertex 0.01830349862575531 -0.0062000001780688763 -0.032749496400356293
  endloop
 endfacet
 facet normal 0 -1 0
  outer loop
   vertex 0.021120879799127579 -0.0062000001780688763 -0.037557192146778107
   vertex 0.01830349862575531 -0.0062000001780688763 -0.032749496400356293
   vertex 0.020803039893507957 -0.0062000001780688763 -0.03797139972448349
  endloop
 endfacet
 facet normal 0 -1 0
  outer loop
   vertex 0.020803039893507957 -0.0062000001780688763 -0.03797139972448349
   vertex 0.01830349862575531 -0.0062000001780688763 -0.032749496400356293
   vertex 0.0206032395362854 -0.0062000001780688763 -0.03845379501581192
  endloop
 endfacet
 facet normal 0 -1 0
  outer loop
   vertex 0.0206032395362854 -0.0062000001780688763 -0.03845379501581192
   vertex 0.01830349862575531 -0.0062000001780688763 -0.032749496400356293
   vertex 0.020535089075565338 -0.0062000001780688763 -0.038971401751041412
  endloop
 endfacet
 facet normal 0 -1 -0
  outer loop
   vertex 0.020535089075565338 -0.0062000001780688763 -0.038971401751041412
   vertex 0.01830349862575531 -0.0062000001780688763 -0.032749496400356293
   vertex 0.014903540723025799 -0.0062000001780688763 -0.034426696598529816
  endloop
 endfacet
 facet normal 0 -1 0
  outer loop
   vertex 0.020535089075565338 -0.0062000001780688763 -0.038971401751041412
   vertex 0.014903540723025799 -0.0062000001780688763 -0.034426696598529816
   vertex 0.0206032395362854 -0.0062000001780688763 -0.039488993585109711
  endloop
 endfacet
 facet normal 0 -1 0
  outer loop
   vertex 0.0206032395362854 -0.0062000001780688763 -0.039488993585109711
   vertex 0.014903540723025799 -0.0062000001780688763 -0.034426696598529816
   vertex 0.020803039893507957 -0.0062000001780688763 -0.039971403777599335
  endloop
 endfacet
 facet normal 0 -1 -0
  outer loop
   vertex 0.020803039893507957 -0.0062000001780688763 -0.039971403777599335
   vertex 0.014903540723025799 -0.0062000001780688763 -0.034426696598529816
   vertex 0.013743520714342594 -0.0062000001780688763 -0.071971602737903595
  endloop
 endfacet
 facet normal 0 -1 0
  outer loop
   vertex 0.020803039893507957 -0.0062000001780688763 -0.039971403777599335
   vertex 0.013743520714342594 -0.0062000001780688763 -0.071971602737903595
   vertex 0.014250000007450581 -0.0062000001780688763 -0.072181306779384613
  endloop
 endfacet
 facet normal 0 -1 0
  outer loop
   vertex 0.014903540723025799 -0.0062000001780688763 -0.034426696598529816
   vertex 0.011351619847118855 -0.0062000001780688763 -0.035752005875110626
   vertex 0.013743520714342594 -0.0062000001780688763 -0.071971602737903595
  endloop
 endfacet
 facet normal 0 -1 0
  outer loop
   vertex 0.013743520714342594 -0.0062000001780688763 -0.071971602737903595
   vertex 0.011351619847118855 -0.0062000001780688763 -0.035752005875110626
   vertex 0.013199999928474426 -0.0062000001780688763 -0.071900002658367157
  endloop
 endfacet
 facet normal 0 -1 0
  outer loop
   vertex 0.013199999928474426 -0.0062000001780688763 -0.071900002658367157
   vertex 0.011351619847118855 -0.0062000001780688763 -0.035752005875110626
   vertex 0.012656480073928833 -0.0062000001780688763 -0.071971602737903595
  endloop
 endfacet
 facet normal 0 -1 0
  outer loop
   vertex 0.012656480073928833 -0.0062000001780688763 -0.071971602737903595
   vertex 0.011351619847118855 -0.0062000001780688763 -0.035752005875110626
   vertex 0.012149999849498272 -0.0062000001780688763 -0.072181306779384613
  endloop
 endfacet
 facet normal 0 -1 -0
  outer loop
   vertex 0.012149999849498272 -0.0062000001780688763 -0.072181306779384613
   vertex 0.011351619847118855 -0.0062000001780688763 -0.035752005875110626
   vertex 0.0076840431429445744 -0.0062000001780688763 -0.036711893975734711
  endloop
 endfacet
 facet normal 0 -1 0
  outer loop
   vertex 0.012149999849498272 -0.0062000001780688763 -0.072181306779384613
   vertex 0.0076840431429445744 -0.0062000001780688763 -0.036711893975734711
   vertex 0.011715080589056015 -0.0062000001780688763 -0.072515092790126801
  endloop
 endfacet
 facet normal 0 -1 0
  outer loop
   vertex 0.011715080589056015 -0.0062000001780688763 -0.072515092790126801
   vertex 0.0076840431429445744 -0.0062000001780688763 -0.036711893975734711
   vertex 0.011381350457668304 -0.0062000001780688763 -0.072949998080730438
  endloop
 endfacet
 facet normal 0 -1 -0
  outer loop
   vertex 0.011381350457668304 -0.0062000001780688763 -0.072949998080730438
   vertex 0.0076840431429445744 -0.0062000001780688763 -0.036711893975734711
   vertex 0.0039382879622280598 -0.0062000001780688763 -0.037296600639820099
  endloop
 endfacet
 facet normal 0 -1 0
  outer loop
   vertex 0.011381350457668304 -0.0062000001780688763 -0.072949998080730438
   vertex 0.0039382879622280598 -0.0062000001780688763 -0.037296600639820099
   vertex 0.011171559803187847 -0.0062000001780688763 -0.073456503450870514
  endloop
 endfacet
 facet normal 0 -1 -0
  outer loop
   vertex 0.011171559803187847 -0.0062000001780688763 -0.073456503450870514
   vertex 0.0039382879622280598 -0.0062000001780688763 -0.037296600639820099
   vertex 0.00015264001558534801 -0.0062000001780688763 -0.037500105798244476
  endloop
 endfacet
 facet normal 0 -1 0
  outer loop
   vertex 0.011171559803187847 -0.0062000001780688763 -0.073456503450870514
   vertex 0.00015264001558534801 -0.0062000001780688763 -0.037500105798244476
   vertex 0.011100000701844692 -0.0062000001780688763 -0.073999993503093719
  endloop
 endfacet
 facet normal 0 -1 -0
  outer loop
   vertex 0.011100000701844692 -0.0062000001780688763 -0.073999993503093719
   vertex 0.00015264001558534801 -0.0062000001780688763 -0.037500105798244476
   vertex -0.014700000174343586 -0.0062000001780688763 -0.073999993503093719
  endloop
 endfacet
 facet normal 0 -1 0
  outer loop
   vertex 0.011100000701844692 -0.0062000001780688763 -0.073999993503093719
   vertex -0.014700000174343586 -0.0062000001780688763 -0.073999993503093719
   vertex 0.011171559803187847 -0.0062000001780688763 -0.074543498456478119
  endloop
 endfacet
 facet normal 0 -1 -0
  outer loop
   vertex 0.011171559803187847 -0.0062000001780688763 -0.074543498456478119
   vertex -0.014700000174343586 -0.0062000001780688763 -0.073999993503093719
   vertex -0.014771559275686741 -0.0062000001780688763 -0.074543498456478119
  endloop
 endfacet
 facet normal 0 -1 0
  outer loop
   vertex 0.011171559803187847 -0.0062000001780688763 -0.074543498456478119
   vertex -0.014771559275686741 -0.0062000001780688763 -0.074543498456478119
   vertex 0.011171559803187847 -0.0062000001780688763 -0.11345650255680084
  endloop
 endfacet
 facet normal 0 -1 0
  outer loop
   vertex 0.011171559803187847 -0.0062000001780688763 -0.11345650255680084
   vertex -0.014771559275686741 -0.0062000001780688763 -0.074543498456478119
   vertex -0.014771559275686741 -0.0062000001780688763 -0.11345650255680084
  endloop
 endfacet
 facet normal 0 -1 0
  outer loop
   vertex 0.011171559803187847 -0.0062000001780688763 -0.11345650255680084
   vertex -0.014771559275686741 -0.0062000001780688763 -0.11345650255680084
   vertex 0.011100000701844692 -0.0062000001780688763 -0.11400000005960464
  endloop
 endfacet
 facet normal 0 -1 0
  outer loop
   vertex 0.011100000701844692 -0.0062000001780688763 -0.11400000005960464
   vertex -0.014771559275686741 -0.0062000001780688763 -0.11345650255680084
   vertex -0.014700000174343586 -0.0062000001780688763 -0.11400000005960464
  endloop
 endfacet
 facet normal 0 -1 0
  outer loop
   vertex 0.011100000701844692 -0.0062000001780688763 -0.11400000005960464
   vertex -0.014700000174343586 -0.0062000001780688763 -0.11400000005960464
   vertex 0.011171559803187847 -0.0062000001780688763 -0.11454349756240845
  endloop
 endfacet
 facet normal 0 -1 -0
  outer loop
   vertex 0.011171559803187847 -0.0062000001780688763 -0.11454349756240845
   vertex -0.014700000174343586 -0.0062000001780688763 -0.11400000005960464
   vertex -0.014771559275686741 -0.0062000001780688763 -0.11454349756240845
  endloop
 endfacet
 facet normal 0 -1 0
  outer loop
   vertex 0.011171559803187847 -0.0062000001780688763 -0.11454349756240845
   vertex -0.014771559275686741 -0.0062000001780688763 -0.11454349756240845
   vertex 0.01367156021296978 -0.0062000001780688763 -0.16345648467540741
  endloop
 endfacet
 facet normal 0 -1 -0
  outer loop
   vertex 0.01367156021296978 -0.0062000001780688763 -0.16345648467540741
   vertex -0.014771559275686741 -0.0062000001780688763 -0.11454349756240845
   vertex -0.017271559685468674 -0.0062000001780688763 -0.16345648467540741
  endloop
 endfacet
 facet normal 0 -1 0
  outer loop
   vertex 0.01367156021296978 -0.0062000001780688763 -0.16345648467540741
   vertex -0.017271559685468674 -0.0062000001780688763 -0.16345648467540741
   vertex 0.01360000018030405 -0.0062000001780688763 -0.164000004529953
  endloop
 endfacet
 facet normal 0 -1 0
  outer loop
   vertex 0.01360000018030405 -0.0062000001780688763 -0.164000004529953
   vertex -0.017271559685468674 -0.0062000001780688763 -0.16345648467540741
   vertex -0.017200000584125519 -0.0062000001780688763 -0.164000004529953
  endloop
 endfacet
 facet normal 0 -1 0
  outer loop
   vertex 0.01360000018030405 -0.0062000001780688763 -0.164000004529953
   vertex -0.017200000584125519 -0.0062000001780688763 -0.164000004529953
   vertex 0.01367156021296978 -0.0062000001780688763 -0.1645435243844986
  endloop
 endfacet
 facet normal 0 -1 -0
  outer loop
   vertex 0.01367156021296978 -0.0062000001780688763 -0.1645435243844986
   vertex -0.017200000584125519 -0.0062000001780688763 -0.164000004529953
   vertex -0.017271559685468674 -0.0062000001780688763 -0.1645435243844986
  endloop
 endfacet
 facet normal 0 -1 0
  outer loop
   vertex 0.01367156021296978 -0.0062000001780688763 -0.1645435243844986
   vertex -0.017271559685468674 -0.0062000001780688763 -0.1645435243844986
   vertex 0.01367156021296978 -0.0062000001780688763 -0.21345648169517517
  endloop
 endfacet
 facet normal 0 -1 0
  outer loop
   vertex 0.01367156021296978 -0.0062000001780688763 -0.21345648169517517
   vertex -0.017271559685468674 -0.0062000001780688763 -0.1645435243844986
   vertex -0.017271559685468674 -0.0062000001780688763 -0.21345648169517517
  endloop
 endfacet
 facet normal 0 -1 0
  outer loop
   vertex 0.01367156021296978 -0.0062000001780688763 -0.21345648169517517
   vertex -0.017271559685468674 -0.0062000001780688763 -0.21345648169517517
   vertex 0.01360000018030405 -0.0062000001780688763 -0.21400000154972076
  endloop
 endfacet
 facet normal 0 -1 0
  outer loop
   vertex 0.01360000018030405 -0.0062000001780688763 -0.21400000154972076
   vertex -0.017271559685468674 -0.0062000001780688763 -0.21345648169517517
   vertex -0.017200000584125519 -0.0062000001780688763 -0.21400000154972076
  endloop
 endfacet
 facet normal 0 -1 0
  outer loop
   vertex 0.01360000018030405 -0.0062000001780688763 -0.21400000154972076
   vertex -0.017200000584125519 -0.0062000001780688763 -0.21400000154972076
   vertex 0.01367156021296978 -0.0062000001780688763 -0.21454352140426636
  endloop
 endfacet
 facet normal 0 -1 -0
  outer loop
   vertex 0.01367156021296978 -0.0062000001780688763 -0.21454352140426636
   vertex -0.017200000584125519 -0.0062000001780688763 -0.21400000154972076
   vertex -0.017271559685468674 -0.0062000001780688763 -0.21454352140426636
  endloop
 endfacet
 facet normal 0 -1 0
  outer loop
   vertex 0.01367156021296978 -0.0062000001780688763 -0.21454352140426636
   vertex -0.017271559685468674 -0.0062000001780688763 -0.21454352140426636
   vertex 0.013881350867450237 -0.0062000001780688763 -0.21504999697208405
  endloop
 endfacet
 facet normal 0 -1 -0
  outer loop
   vertex 0.013881350867450237 -0.0062000001780688763 -0.21504999697208405
   vertex -0.017271559685468674 -0.0062000001780688763 -0.21454352140426636
   vertex -0.017481351271271706 -0.0062000001780688763 -0.21504999697208405
  endloop
 endfacet
 facet normal 0 -1 0
  outer loop
   vertex 0.013881350867450237 -0.0062000001780688763 -0.21504999697208405
   vertex -0.017481351271271706 -0.0062000001780688763 -0.21504999697208405
   vertex 0.014215080998837948 -0.0062000001780688763 -0.21548491716384888
  endloop
 endfacet
 facet normal 0 -1 -0
  outer loop
   vertex 0.014215080998837948 -0.0062000001780688763 -0.21548491716384888
   vertex -0.017481351271271706 -0.0062000001780688763 -0.21504999697208405
   vertex -0.017815081402659416 -0.0062000001780688763 -0.21548491716384888
  endloop
 endfacet
 facet normal 0 -1 0
  outer loop
   vertex 0.014215080998837948 -0.0062000001780688763 -0.21548491716384888
   vertex -0.017815081402659416 -0.0062000001780688763 -0.21548491716384888
   vertex 0.014650001190602779 -0.0062000001780688763 -0.21581865847110748
  endloop
 endfacet
 facet normal 0 -1 -0
  outer loop
   vertex 0.014650001190602779 -0.0062000001780688763 -0.21581865847110748
   vertex -0.017815081402659416 -0.0062000001780688763 -0.21548491716384888
   vertex -0.018250001594424248 -0.0062000001780688763 -0.21581865847110748
  endloop
 endfacet
 facet normal 0 -1 0
  outer loop
   vertex 0.014650001190602779 -0.0062000001780688763 -0.21581865847110748
   vertex -0.018250001594424248 -0.0062000001780688763 -0.21581865847110748
   vertex 0.023199999704957008 -0.0062000001780688763 -0.22400000691413879
  endloop
 endfacet
 facet normal 0 -1 -0
  outer loop
   vertex 0.023199999704957008 -0.0062000001780688763 -0.22400000691413879
   vertex -0.018250001594424248 -0.0062000001780688763 -0.21581865847110748
   vertex -0.026800001040101051 -0.0062000001780688763 -0.22400000691413879
  endloop
 endfacet
 facet normal 0 -1 0
  outer loop
   vertex -0.026800001040101051 -0.0062000001780688763 -0.22400000691413879
   vertex -0.018250001594424248 -0.0062000001780688763 -0.21581865847110748
   vertex -0.018756480887532234 -0.0062000001780688763 -0.21602843701839447
  endloop
 endfacet
 facet normal 0 -1 0
  outer loop
   vertex -0.026800001040101051 -0.0062000001780688763 -0.22400000691413879
   vertex -0.018756480887532234 -0.0062000001780688763 -0.21602843701839447
   vertex -0.019300000742077827 -0.0062000001780688763 -0.21610000729560852
  endloop
 endfacet
 facet normal 0 -1 -0
  outer loop
   vertex 0.00015264001558534801 -0.0062000001780688763 -0.037500105798244476
   vertex -0.0036342090461403131 -0.0062000001780688763 -0.037320293486118317
   vertex -0.014700000174343586 -0.0062000001780688763 -0.073999993503093719
  endloop
 endfacet
 facet normal 0 -1 0
  outer loop
   vertex -0.014700000174343586 -0.0062000001780688763 -0.073999993503093719
   vertex -0.0036342090461403131 -0.0062000001780688763 -0.037320293486118317
   vertex -0.014771559275686741 -0.0062000001780688763 -0.073456503450870514
  endloop
 endfacet
 facet normal -0 -1 0
  outer loop
   vertex -0.014771559275686741 -0.0062000001780688763 -0.073456503450870514
   vertex -0.0036342090461403131 -0.0062000001780688763 -0.037320293486118317
   vertex -0.0073835570365190506 -0.0062000001780688763 -0.03675910085439682
  endloop
 endfacet
 facet normal 0 -1 0
  outer loop
   vertex -0.014771559275686741 -0.0062000001780688763 -0.073456503450870514
   vertex -0.0073835570365190506 -0.0062000001780688763 -0.03675910085439682
   vertex -0.014981349930167198 -0.0062000001780688763 -0.072949998080730438
  endloop
 endfacet
 facet normal -0 -1 0
  outer loop
   vertex -0.014981349930167198 -0.0062000001780688763 -0.072949998080730438
   vertex -0.0073835570365190506 -0.0062000001780688763 -0.03675910085439682
   vertex -0.011057081632316113 -0.0062000001780688763 -0.035822205245494843
  endloop
 endfacet
 facet normal 0 -1 0
  outer loop
   vertex -0.014981349930167198 -0.0062000001780688763 -0.072949998080730438
   vertex -0.011057081632316113 -0.0062000001780688763 -0.035822205245494843
   vertex -0.015315080061554909 -0.0062000001780688763 -0.072515092790126801
  endloop
 endfacet
 facet normal 0 -1 0
  outer loop
   vertex -0.015315080061554909 -0.0062000001780688763 -0.072515092790126801
   vertex -0.011057081632316113 -0.0062000001780688763 -0.035822205245494843
   vertex -0.01575000025331974 -0.0062000001780688763 -0.072181306779384613
  endloop
 endfacet
 facet normal -0 -1 0
  outer loop
   vertex -0.01575000025331974 -0.0062000001780688763 -0.072181306779384613
   vertex -0.011057081632316113 -0.0062000001780688763 -0.035822205245494843
   vertex -0.014617240056395531 -0.0062000001780688763 -0.034519203007221222
  endloop
 endfacet
 facet normal 0 -1 0
  outer loop
   vertex -0.01575000025331974 -0.0062000001780688763 -0.072181306779384613
   vertex -0.014617240056395531 -0.0062000001780688763 -0.034519203007221222
   vertex -0.016256479546427727 -0.0062000001780688763 -0.071971602737903595
  endloop
 endfacet
 facet normal 0 -1 0
  outer loop
   vertex -0.016256479546427727 -0.0062000001780688763 -0.071971602737903595
   vertex -0.014617240056395531 -0.0062000001780688763 -0.034519203007221222
   vertex -0.020732861012220383 -0.0062000001780688763 -0.039971403777599335
  endloop
 endfacet
 facet normal 0 -1 0
  outer loop
   vertex -0.016256479546427727 -0.0062000001780688763 -0.071971602737903595
   vertex -0.020732861012220383 -0.0062000001780688763 -0.039971403777599335
   vertex -0.01679999940097332 -0.0062000001780688763 -0.071900002658367157
  endloop
 endfacet
 facet normal 0 -1 0
  outer loop
   vertex -0.01679999940097332 -0.0062000001780688763 -0.071900002658367157
   vertex -0.020732861012220383 -0.0062000001780688763 -0.039971403777599335
   vertex -0.017343521118164062 -0.0062000001780688763 -0.071971602737903595
  endloop
 endfacet
 facet normal 0 -1 -0
  outer loop
   vertex -0.017343521118164062 -0.0062000001780688763 -0.071971602737903595
   vertex -0.020732861012220383 -0.0062000001780688763 -0.039971403777599335
   vertex -0.021050689741969109 -0.0062000001780688763 -0.040385596454143524
  endloop
 endfacet
 facet normal 0 -1 0
  outer loop
   vertex -0.017343521118164062 -0.0062000001780688763 -0.071971602737903595
   vertex -0.021050689741969109 -0.0062000001780688763 -0.040385596454143524
   vertex -0.017850000411272049 -0.0062000001780688763 -0.072181306779384613
  endloop
 endfacet
 facet normal 0 -1 -0
  outer loop
   vertex -0.017850000411272049 -0.0062000001780688763 -0.072181306779384613
   vertex -0.021050689741969109 -0.0062000001780688763 -0.040385596454143524
   vertex -0.021464910358190536 -0.0062000001780688763 -0.040703393518924713
  endloop
 endfacet
 facet normal 0 -1 -0
  outer loop
   vertex -0.017850000411272049 -0.0062000001780688763 -0.072181306779384613
   vertex -0.021464910358190536 -0.0062000001780688763 -0.040703393518924713
   vertex -0.025436460971832275 -0.0062000001780688763 -0.04817519336938858
  endloop
 endfacet
 facet normal 0 -1 0
  outer loop
   vertex -0.025436460971832275 -0.0062000001780688763 -0.04817519336938858
   vertex -0.021464910358190536 -0.0062000001780688763 -0.040703393518924713
   vertex -0.021947270259261131 -0.0062000001780688763 -0.040903203189373016
  endloop
 endfacet
 facet normal 0 -1 0
  outer loop
   vertex -0.025436460971832275 -0.0062000001780688763 -0.04817519336938858
   vertex -0.021947270259261131 -0.0062000001780688763 -0.040903203189373016
   vertex -0.025364911183714867 -0.0062000001780688763 -0.047631703317165375
  endloop
 endfacet
 facet normal 0 -1 0
  outer loop
   vertex -0.025364911183714867 -0.0062000001780688763 -0.047631703317165375
   vertex -0.021947270259261131 -0.0062000001780688763 -0.040903203189373016
   vertex -0.02246491052210331 -0.0062000001780688763 -0.040971405804157257
  endloop
 endfacet
 facet normal -0 -1 0
  outer loop
   vertex -0.025364911183714867 -0.0062000001780688763 -0.047631703317165375
   vertex -0.02246491052210331 -0.0062000001780688763 -0.040971405804157257
   vertex -0.022982541471719742 -0.0062000001780688763 -0.040903203189373016
  endloop
 endfacet
 facet normal 0 -1 0
  outer loop
   vertex -0.018027640879154205 -0.0062000001780688763 -0.032863400876522064
   vertex -0.020464910194277763 -0.0062000001780688763 -0.038971401751041412
   vertex -0.014617240056395531 -0.0062000001780688763 -0.034519203007221222
  endloop
 endfacet
 facet normal 0 -1 -0
  outer loop
   vertex -0.014617240056395531 -0.0062000001780688763 -0.034519203007221222
   vertex -0.020464910194277763 -0.0062000001780688763 -0.038971401751041412
   vertex -0.020533060654997826 -0.0062000001780688763 -0.039488993585109711
  endloop
 endfacet
 facet normal 0 -1 -0
  outer loop
   vertex -0.014617240056395531 -0.0062000001780688763 -0.034519203007221222
   vertex -0.020533060654997826 -0.0062000001780688763 -0.039488993585109711
   vertex -0.020732861012220383 -0.0062000001780688763 -0.039971403777599335
  endloop
 endfacet
 facet normal 0 -1 0
  outer loop
   vertex -0.021253440529108047 -0.0062000001780688763 -0.030871696770191193
   vertex -0.020732861012220383 -0.0062000001780688763 -0.03797139972448349
   vertex -0.018027640879154205 -0.0062000001780688763 -0.032863400876522064
  endloop
 endfacet
 facet normal 0 -1 0
  outer loop
   vertex -0.018027640879154205 -0.0062000001780688763 -0.032863400876522064
   vertex -0.020732861012220383 -0.0062000001780688763 -0.03797139972448349
   vertex -0.020533060654997826 -0.0062000001780688763 -0.03845379501581192
  endloop
 endfacet
 facet normal 0 -1 0
  outer loop
   vertex -0.018027640879154205 -0.0062000001780688763 -0.032863400876522064
   vertex -0.020533060654997826 -0.0062000001780688763 -0.03845379501581192
   vertex -0.020464910194277763 -0.0062000001780688763 -0.038971401751041412
  endloop
 endfacet
 facet normal 0 -1 0
  outer loop
   vertex -0.024261651560664177 -0.0062000001780688763 -0.028564505279064178
   vertex -0.022982541471719742 -0.0062000001780688763 -0.037039496004581451
   vertex -0.021253440529108047 -0.0062000001780688763 -0.030871696770191193
  endloop
 endfacet
 facet normal 0 -1 0
  outer loop
   vertex -0.021253440529108047 -0.0062000001780688763 -0.030871696770191193
   vertex -0.022982541471719742 -0.0062000001780688763 -0.037039496004581451
   vertex -0.02246491052210331 -0.0062000001780688763 -0.036971397697925568
  endloop
 endfacet
 facet normal 0 -1 0
  outer loop
   vertex -0.021253440529108047 -0.0062000001780688763 -0.030871696770191193
   vertex -0.02246491052210331 -0.0062000001780688763 -0.036971397697925568
   vertex -0.021947270259261131 -0.0062000001780688763 -0.037039496004581451
  endloop
 endfacet
 facet normal 0 -1 0
  outer loop
   vertex -0.027021540328860283 -0.0062000001780688763 -0.025965400040149689
   vertex -0.024396760389208794 -0.0062000001780688763 -0.03845379501581192
   vertex -0.024261651560664177 -0.0062000001780688763 -0.028564505279064178
  endloop
 endfacet
 facet normal 0 -1 0
  outer loop
   vertex -0.024261651560664177 -0.0062000001780688763 -0.028564505279064178
   vertex -0.024396760389208794 -0.0062000001780688763 -0.03845379501581192
   vertex -0.024196960031986237 -0.0062000001780688763 -0.03797139972448349
  endloop
 endfacet
 facet normal 0 -1 0
  outer loop
   vertex -0.024261651560664177 -0.0062000001780688763 -0.028564505279064178
   vertex -0.024196960031986237 -0.0062000001780688763 -0.03797139972448349
   vertex -0.023879120126366615 -0.0062000001780688763 -0.037557192146778107
  endloop
 endfacet
 facet normal 0 -1 0
  outer loop
   vertex -0.029504900798201561 -0.0062000001780688763 -0.023100905120372772
   vertex -0.028949830681085587 -0.0062000001780688763 -0.046146698296070099
   vertex -0.027021540328860283 -0.0062000001780688763 -0.025965400040149689
  endloop
 endfacet
 facet normal 0 -1 0
  outer loop
   vertex -0.027021540328860283 -0.0062000001780688763 -0.025965400040149689
   vertex -0.028949830681085587 -0.0062000001780688763 -0.046146698296070099
   vertex -0.028514910489320755 -0.0062000001780688763 -0.045813001692295074
  endloop
 endfacet
 facet normal 0 -1 0
  outer loop
   vertex -0.027021540328860283 -0.0062000001780688763 -0.025965400040149689
   vertex -0.028514910489320755 -0.0062000001780688763 -0.045813001692295074
   vertex -0.028008431196212769 -0.0062000001780688763 -0.045603193342685699
  endloop
 endfacet
 facet normal 0 -1 0
  outer loop
   vertex -0.031686350703239441 -0.0062000001780688763 -0.02000030130147934
   vertex -0.034687399864196777 -0.0062000001780688763 -0.048932306468486786
   vertex -0.029504900798201561 -0.0062000001780688763 -0.023100905120372772
  endloop
 endfacet
 facet normal 0 -1 0
  outer loop
   vertex -0.029504900798201561 -0.0062000001780688763 -0.023100905120372772
   vertex -0.034687399864196777 -0.0062000001780688763 -0.048932306468486786
   vertex -0.029283560812473297 -0.0062000001780688763 -0.0465816929936409
  endloop
 endfacet
 facet normal 0 -1 0
  outer loop
   vertex -0.029504900798201561 -0.0062000001780688763 -0.023100905120372772
   vertex -0.029283560812473297 -0.0062000001780688763 -0.0465816929936409
   vertex -0.028949830681085587 -0.0062000001780688763 -0.046146698296070099
  endloop
 endfacet
 facet normal 0 -1 0
  outer loop
   vertex -0.056533452123403549 -0.0062000001780688763 -0.02000030130147934
   vertex -0.054833989590406418 -0.0062000001780688763 -0.024277500808238983
   vertex -0.031686350703239441 -0.0062000001780688763 -0.02000030130147934
  endloop
 endfacet
 facet normal 0 -1 0
  outer loop
   vertex -0.031686350703239441 -0.0062000001780688763 -0.02000030130147934
   vertex -0.054833989590406418 -0.0062000001780688763 -0.024277500808238983
   vertex -0.052811671048402786 -0.0062000001780688763 -0.028411902487277985
  endloop
 endfacet
 facet normal 0 -1 0
  outer loop
   vertex -0.031686350703239441 -0.0062000001780688763 -0.02000030130147934
   vertex -0.052811671048402786 -0.0062000001780688763 -0.028411902487277985
   vertex -0.050478391349315643 -0.0062000001780688763 -0.032379098236560822
  endloop
 endfacet
 facet normal 0 -1 0
  outer loop
   vertex -0.050478391349315643 -0.0062000001780688763 -0.032379098236560822
   vertex -0.047847889363765717 -0.0062000001780688763 -0.03615579754114151
   vertex -0.031686350703239441 -0.0062000001780688763 -0.02000030130147934
  endloop
 endfacet
 facet normal 0 -1 0
  outer loop
   vertex -0.031686350703239441 -0.0062000001780688763 -0.02000030130147934
   vertex -0.047847889363765717 -0.0062000001780688763 -0.03615579754114151
   vertex -0.04493563249707222 -0.0062000001780688763 -0.03971969336271286
  endloop
 endfacet
 facet normal 0 -1 0
  outer loop
   vertex -0.031686350703239441 -0.0062000001780688763 -0.02000030130147934
   vertex -0.04493563249707222 -0.0062000001780688763 -0.03971969336271286
   vertex -0.041758760809898376 -0.0062000001780688763 -0.043049894273281097
  endloop
 endfacet
 facet normal 0 -1 0
  outer loop
   vertex -0.041758760809898376 -0.0062000001780688763 -0.043049894273281097
   vertex -0.038335971534252167 -0.0062000001780688763 -0.046126805245876312
   vertex -0.031686350703239441 -0.0062000001780688763 -0.02000030130147934
  endloop
 endfacet
 facet normal 0 -1 0
  outer loop
   vertex -0.031686350703239441 -0.0062000001780688763 -0.02000030130147934
   vertex -0.038335971534252167 -0.0062000001780688763 -0.046126805245876312
   vertex -0.034687399864196777 -0.0062000001780688763 -0.048932306468486786
  endloop
 endfacet
 facet normal 0 -1 0
  outer loop
   vertex -0.030834520235657692 -0.0062000001780688763 -0.051449902355670929
   vertex -0.029564911499619484 -0.0062000001780688763 -0.047631703317165375
   vertex -0.034687399864196777 -0.0062000001780688763 -0.048932306468486786
  endloop
 endfacet
 facet normal -0 -1 0
  outer loop
   vertex -0.034687399864196777 -0.0062000001780688763 -0.048932306468486786
   vertex -0.029564911499619484 -0.0062000001780688763 -0.047631703317165375
   vertex -0.02949335053563118 -0.0062000001780688763 -0.047088094055652618
  endloop
 endfacet
 facet normal -0 -1 0
  outer loop
   vertex -0.034687399864196777 -0.0062000001780688763 -0.048932306468486786
   vertex -0.02949335053563118 -0.0062000001780688763 -0.047088094055652618
   vertex -0.029283560812473297 -0.0062000001780688763 -0.0465816929936409
  endloop
 endfacet
 facet normal 0 -1 -0
  outer loop
   vertex -0.026800001040101051 -0.0062000001780688763 -0.053664706647396088
   vertex -0.028514910489320755 -0.0062000001780688763 -0.049450300633907318
   vertex -0.030834520235657692 -0.0062000001780688763 -0.051449902355670929
  endloop
 endfacet
 facet normal -0 -1 0
  outer loop
   vertex -0.030834520235657692 -0.0062000001780688763 -0.051449902355670929
   vertex -0.028514910489320755 -0.0062000001780688763 -0.049450300633907318
   vertex -0.028949830681085587 -0.0062000001780688763 -0.049116604030132294
  endloop
 endfacet
 facet normal -0 -1 0
  outer loop
   vertex -0.030834520235657692 -0.0062000001780688763 -0.051449902355670929
   vertex -0.028949830681085587 -0.0062000001780688763 -0.049116604030132294
   vertex -0.029283560812473297 -0.0062000001780688763 -0.048681698739528656
  endloop
 endfacet
 facet normal -0 -1 0
  outer loop
   vertex -0.026800001040101051 -0.0062000001780688763 -0.22400000691413879
   vertex -0.021400000900030136 -0.0062000001780688763 -0.164000004529953
   vertex -0.026800001040101051 -0.0062000001780688763 -0.053664706647396088
  endloop
 endfacet
 facet normal 0 -1 0
  outer loop
   vertex -0.026800001040101051 -0.0062000001780688763 -0.053664706647396088
   vertex -0.021400000900030136 -0.0062000001780688763 -0.164000004529953
   vertex -0.018900001421570778 -0.0062000001780688763 -0.11400000005960464
  endloop
 endfacet
 facet normal 0 -1 0
  outer loop
   vertex -0.026800001040101051 -0.0062000001780688763 -0.053664706647396088
   vertex -0.018900001421570778 -0.0062000001780688763 -0.11400000005960464
   vertex -0.018828440457582474 -0.0062000001780688763 -0.11345650255680084
  endloop
 endfacet
 facet normal 0 -1 0
  outer loop
   vertex 0.023199999704957008 -0.0062000001780688763 -0.055348105728626251
   vertex 0.017799999564886093 -0.0062000001780688763 -0.164000004529953
   vertex 0.023199999704957008 -0.0062000001780688763 -0.22400000691413879
  endloop
 endfacet
 facet normal 0 -1 -0
  outer loop
   vertex 0.023199999704957008 -0.0062000001780688763 -0.22400000691413879
   vertex 0.017799999564886093 -0.0062000001780688763 -0.164000004529953
   vertex 0.017728438600897789 -0.0062000001780688763 -0.1645435243844986
  endloop
 endfacet
 facet normal 0 -1 0
  outer loop
   vertex 0.023199999704957008 -0.0062000001780688763 -0.22400000691413879
   vertex 0.017728438600897789 -0.0062000001780688763 -0.1645435243844986
   vertex 0.017728438600897789 -0.0062000001780688763 -0.21345648169517517
  endloop
 endfacet
 facet normal 0 -1 -0
  outer loop
   vertex 0.017728438600897789 -0.0062000001780688763 -0.21345648169517517
   vertex 0.017728438600897789 -0.0062000001780688763 -0.1645435243844986
   vertex 0.017518648877739906 -0.0062000001780688763 -0.21295000612735748
  endloop
 endfacet
 facet normal 0 -1 0
  outer loop
   vertex 0.017518648877739906 -0.0062000001780688763 -0.21295000612735748
   vertex 0.017728438600897789 -0.0062000001780688763 -0.1645435243844986
   vertex 0.017518648877739906 -0.0062000001780688763 -0.16504999995231628
  endloop
 endfacet
 facet normal 0 -1 -0
  outer loop
   vertex 0.017518648877739906 -0.0062000001780688763 -0.21295000612735748
   vertex 0.017518648877739906 -0.0062000001780688763 -0.16504999995231628
   vertex 0.017184918746352196 -0.0062000001780688763 -0.16548492014408112
  endloop
 endfacet
 facet normal 0 -1 0
  outer loop
   vertex -0.025364911183714867 -0.0062000001780688763 -0.047631703317165375
   vertex -0.022982541471719742 -0.0062000001780688763 -0.040903203189373016
   vertex -0.025436460971832275 -0.0062000001780688763 -0.047088094055652618
  endloop
 endfacet
 facet normal -0 -1 0
  outer loop
   vertex -0.025436460971832275 -0.0062000001780688763 -0.047088094055652618
   vertex -0.022982541471719742 -0.0062000001780688763 -0.040903203189373016
   vertex -0.023464910686016083 -0.0062000001780688763 -0.040703393518924713
  endloop
 endfacet
 facet normal -0 -1 0
  outer loop
   vertex -0.025436460971832275 -0.0062000001780688763 -0.047088094055652618
   vertex -0.023464910686016083 -0.0062000001780688763 -0.040703393518924713
   vertex -0.023879120126366615 -0.0062000001780688763 -0.040385596454143524
  endloop
 endfacet
 facet normal 0 -1 0
  outer loop
   vertex -0.025436460971832275 -0.0062000001780688763 -0.047088094055652618
   vertex -0.023879120126366615 -0.0062000001780688763 -0.040385596454143524
   vertex -0.025646250694990158 -0.0062000001780688763 -0.0465816929936409
  endloop
 endfacet
 facet normal -0 -1 0
  outer loop
   vertex -0.025646250694990158 -0.0062000001780688763 -0.0465816929936409
   vertex -0.023879120126366615 -0.0062000001780688763 -0.040385596454143524
   vertex -0.024196960031986237 -0.0062000001780688763 -0.039971403777599335
  endloop
 endfacet
 facet normal 0 -1 0
  outer loop
   vertex -0.025646250694990158 -0.0062000001780688763 -0.0465816929936409
   vertex -0.024196960031986237 -0.0062000001780688763 -0.039971403777599335
   vertex -0.025979980826377869 -0.0062000001780688763 -0.046146698296070099
  endloop
 endfacet
 facet normal -0 -1 0
  outer loop
   vertex -0.025979980826377869 -0.0062000001780688763 -0.046146698296070099
   vertex -0.024196960031986237 -0.0062000001780688763 -0.039971403777599335
   vertex -0.024396760389208794 -0.0062000001780688763 -0.039488993585109711
  endloop
 endfacet
 facet normal 0 -1 0
  outer loop
   vertex -0.025979980826377869 -0.0062000001780688763 -0.046146698296070099
   vertex -0.024396760389208794 -0.0062000001780688763 -0.039488993585109711
   vertex -0.026414910331368446 -0.0062000001780688763 -0.045813001692295074
  endloop
 endfacet
 facet normal 0 -1 0
  outer loop
   vertex -0.026414910331368446 -0.0062000001780688763 -0.045813001692295074
   vertex -0.024396760389208794 -0.0062000001780688763 -0.039488993585109711
   vertex -0.026921391487121582 -0.0062000001780688763 -0.045603193342685699
  endloop
 endfacet
 facet normal -0 -1 0
  outer loop
   vertex -0.026921391487121582 -0.0062000001780688763 -0.045603193342685699
   vertex -0.024396760389208794 -0.0062000001780688763 -0.039488993585109711
   vertex -0.024464910849928856 -0.0062000001780688763 -0.038971401751041412
  endloop
 endfacet
 facet normal 0 -1 0
  outer loop
   vertex -0.026921391487121582 -0.0062000001780688763 -0.045603193342685699
   vertex -0.024464910849928856 -0.0062000001780688763 -0.038971401751041412
   vertex -0.027464911341667175 -0.0062000001780688763 -0.045531697571277618
  endloop
 endfacet
 facet normal 0 -1 0
  outer loop
   vertex -0.027464911341667175 -0.0062000001780688763 -0.045531697571277618
   vertex -0.024464910849928856 -0.0062000001780688763 -0.038971401751041412
   vertex -0.028008431196212769 -0.0062000001780688763 -0.045603193342685699
  endloop
 endfacet
 facet normal -0 -1 0
  outer loop
   vertex -0.028008431196212769 -0.0062000001780688763 -0.045603193342685699
   vertex -0.024464910849928856 -0.0062000001780688763 -0.038971401751041412
   vertex -0.024396760389208794 -0.0062000001780688763 -0.03845379501581192
  endloop
 endfacet
 facet normal -0 -1 0
  outer loop
   vertex -0.028008431196212769 -0.0062000001780688763 -0.045603193342685699
   vertex -0.024396760389208794 -0.0062000001780688763 -0.03845379501581192
   vertex -0.027021540328860283 -0.0062000001780688763 -0.025965400040149689
  endloop
 endfacet
 facet normal -0 -1 0
  outer loop
   vertex -0.023879120126366615 -0.0062000001780688763 -0.037557192146778107
   vertex -0.023464910686016083 -0.0062000001780688763 -0.037239305675029755
   vertex -0.024261651560664177 -0.0062000001780688763 -0.028564505279064178
  endloop
 endfacet
 facet normal 0 -1 0
  outer loop
   vertex -0.024261651560664177 -0.0062000001780688763 -0.028564505279064178
   vertex -0.023464910686016083 -0.0062000001780688763 -0.037239305675029755
   vertex -0.022982541471719742 -0.0062000001780688763 -0.037039496004581451
  endloop
 endfacet
 facet normal 0 -1 0
  outer loop
   vertex -0.021947270259261131 -0.0062000001780688763 -0.037039496004581451
   vertex -0.021464910358190536 -0.0062000001780688763 -0.037239305675029755
   vertex -0.021253440529108047 -0.0062000001780688763 -0.030871696770191193
  endloop
 endfacet
 facet normal 0 -1 0
  outer loop
   vertex -0.021253440529108047 -0.0062000001780688763 -0.030871696770191193
   vertex -0.021464910358190536 -0.0062000001780688763 -0.037239305675029755
   vertex -0.021050689741969109 -0.0062000001780688763 -0.037557192146778107
  endloop
 endfacet
 facet normal 0 -1 0
  outer loop
   vertex -0.021253440529108047 -0.0062000001780688763 -0.030871696770191193
   vertex -0.021050689741969109 -0.0062000001780688763 -0.037557192146778107
   vertex -0.020732861012220383 -0.0062000001780688763 -0.03797139972448349
  endloop
 endfacet
 facet normal 0 -1 0
  outer loop
   vertex 0.024466939270496368 -0.0062000001780688763 0.038453288376331329
   vertex 0.028078610077500343 -0.0062000001780688763 0.045602686703205109
   vertex 0.024535089731216431 -0.0062000001780688763 0.038970895111560822
  endloop
 endfacet
 facet normal 0 -1 0
  outer loop
   vertex 0.024535089731216431 -0.0062000001780688763 0.038970895111560822
   vertex 0.028078610077500343 -0.0062000001780688763 0.045602686703205109
   vertex 0.02753509022295475 -0.0062000001780688763 0.045531101524829865
  endloop
 endfacet
 facet normal -0 -1 0
  outer loop
   vertex 0.024535089731216431 -0.0062000001780688763 0.038970895111560822
   vertex 0.02753509022295475 -0.0062000001780688763 0.045531101524829865
   vertex 0.026991568505764008 -0.0062000001780688763 0.045602686703205109
  endloop
 endfacet
 facet normal -0 -1 0
  outer loop
   vertex 0.0206032395362854 -0.0062000001780688763 0.039488501846790314
   vertex 0.020803039893507957 -0.0062000001780688763 0.039970912039279938
   vertex 0.016615619882941246 -0.0062000001780688763 0.057663299143314362
  endloop
 endfacet
 facet normal -0 -1 0
  outer loop
   vertex 0.021535089239478111 -0.0062000001780688763 0.040702886879444122
   vertex 0.022017458453774452 -0.0062000001780688763 0.040902711451053619
   vertex 0.021143989637494087 -0.0062000001780688763 0.056163914501667023
  endloop
 endfacet
 facet normal 0 -1 0
  outer loop
   vertex 0.021143989637494087 -0.0062000001780688763 0.056163914501667023
   vertex 0.022017458453774452 -0.0062000001780688763 0.040902711451053619
   vertex 0.022535089403390884 -0.0062000001780688763 0.040970899164676666
  endloop
 endfacet
 facet normal 0 -1 0
  outer loop
   vertex 0.025435090065002441 -0.0062000001780688763 0.047631092369556427
   vertex 0.023052729666233063 -0.0062000001780688763 0.040902711451053619
   vertex 0.025506649166345596 -0.0062000001780688763 0.047087587416172028
  endloop
 endfacet
 facet normal 0 -1 0
  outer loop
   vertex 0.025506649166345596 -0.0062000001780688763 0.047087587416172028
   vertex 0.023052729666233063 -0.0062000001780688763 0.040902711451053619
   vertex 0.023535089567303658 -0.0062000001780688763 0.040702886879444122
  endloop
 endfacet
 facet normal 0 -1 0
  outer loop
   vertex 0.025506649166345596 -0.0062000001780688763 0.047087587416172028
   vertex 0.023535089567303658 -0.0062000001780688763 0.040702886879444122
   vertex 0.023949310183525085 -0.0062000001780688763 0.040385104715824127
  endloop
 endfacet
 facet normal 0 -1 0
  outer loop
   vertex 0.025506649166345596 -0.0062000001780688763 0.047087587416172028
   vertex 0.023949310183525085 -0.0062000001780688763 0.040385104715824127
   vertex 0.025716438889503479 -0.0062000001780688763 0.046581096947193146
  endloop
 endfacet
 facet normal 0 -1 0
  outer loop
   vertex 0.025716438889503479 -0.0062000001780688763 0.046581096947193146
   vertex 0.023949310183525085 -0.0062000001780688763 0.040385104715824127
   vertex 0.024267138913273811 -0.0062000001780688763 0.039970912039279938
  endloop
 endfacet
 facet normal 0 -1 0
  outer loop
   vertex 0.025716438889503479 -0.0062000001780688763 0.046581096947193146
   vertex 0.024267138913273811 -0.0062000001780688763 0.039970912039279938
   vertex 0.02605016902089119 -0.0062000001780688763 0.046146191656589508
  endloop
 endfacet
 facet normal 0 -1 0
  outer loop
   vertex 0.02605016902089119 -0.0062000001780688763 0.046146191656589508
   vertex 0.024267138913273811 -0.0062000001780688763 0.039970912039279938
   vertex 0.024466939270496368 -0.0062000001780688763 0.039488501846790314
  endloop
 endfacet
 facet normal 0 -1 0
  outer loop
   vertex 0.02605016902089119 -0.0062000001780688763 0.046146191656589508
   vertex 0.024466939270496368 -0.0062000001780688763 0.039488501846790314
   vertex 0.026485089212656021 -0.0062000001780688763 0.045812495052814484
  endloop
 endfacet
 facet normal 0 -1 0
  outer loop
   vertex 0.026485089212656021 -0.0062000001780688763 0.045812495052814484
   vertex 0.024466939270496368 -0.0062000001780688763 0.039488501846790314
   vertex 0.026991568505764008 -0.0062000001780688763 0.045602686703205109
  endloop
 endfacet
 facet normal 0 -1 0
  outer loop
   vertex 0.026991568505764008 -0.0062000001780688763 0.045602686703205109
   vertex 0.024466939270496368 -0.0062000001780688763 0.039488501846790314
   vertex 0.024535089731216431 -0.0062000001780688763 0.038970895111560822
  endloop
 endfacet
 facet normal 0 -1 0
  outer loop
   vertex -0.024396760389208794 -0.0062000001780688763 0.039488501846790314
   vertex -0.026921391487121582 -0.0062000001780688763 0.045602686703205109
   vertex -0.024464910849928856 -0.0062000001780688763 0.038970895111560822
  endloop
 endfacet
 facet normal 0 -1 -0
  outer loop
   vertex -0.024464910849928856 -0.0062000001780688763 0.038970895111560822
   vertex -0.026921391487121582 -0.0062000001780688763 0.045602686703205109
   vertex -0.027464911341667175 -0.0062000001780688763 0.045531101524829865
  endloop
 endfacet
 facet normal -0 -1 -0
  outer loop
   vertex -0.024464910849928856 -0.0062000001780688763 0.038970895111560822
   vertex -0.027464911341667175 -0.0062000001780688763 0.045531101524829865
   vertex -0.028008431196212769 -0.0062000001780688763 0.045602686703205109
  endloop
 endfacet
 facet normal 0 -1 0
  outer loop
   vertex 0.024466939270496368 -0.0062000001780688763 -0.039488993585109711
   vertex 0.026991568505764008 -0.0062000001780688763 -0.045603193342685699
   vertex 0.024535089731216431 -0.0062000001780688763 -0.038971401751041412
  endloop
 endfacet
 facet normal 0 -1 0
  outer loop
   vertex 0.024535089731216431 -0.0062000001780688763 -0.038971401751041412
   vertex 0.026991568505764008 -0.0062000001780688763 -0.045603193342685699
   vertex 0.02753509022295475 -0.0062000001780688763 -0.045531697571277618
  endloop
 endfacet
 facet normal 0 -1 0
  outer loop
   vertex 0.024535089731216431 -0.0062000001780688763 -0.038971401751041412
   vertex 0.02753509022295475 -0.0062000001780688763 -0.045531697571277618
   vertex 0.028078610077500343 -0.0062000001780688763 -0.045603193342685699
  endloop
 endfacet
 facet normal 0 -1 0
  outer loop
   vertex 0.024267138913273811 -0.0062000001780688763 -0.039971403777599335
   vertex 0.02605016902089119 -0.0062000001780688763 -0.046146698296070099
   vertex 0.024466939270496368 -0.0062000001780688763 -0.039488993585109711
  endloop
 endfacet
 facet normal 0 -1 0
  outer loop
   vertex 0.024466939270496368 -0.0062000001780688763 -0.039488993585109711
   vertex 0.02605016902089119 -0.0062000001780688763 -0.046146698296070099
   vertex 0.026485089212656021 -0.0062000001780688763 -0.045813001692295074
  endloop
 endfacet
 facet normal 0 -1 0
  outer loop
   vertex 0.024466939270496368 -0.0062000001780688763 -0.039488993585109711
   vertex 0.026485089212656021 -0.0062000001780688763 -0.045813001692295074
   vertex 0.026991568505764008 -0.0062000001780688763 -0.045603193342685699
  endloop
 endfacet
 facet normal 0 -1 0
  outer loop
   vertex 0.02605016902089119 -0.0062000001780688763 -0.046146698296070099
   vertex 0.024267138913273811 -0.0062000001780688763 -0.039971403777599335
   vertex 0.025716438889503479 -0.0062000001780688763 -0.0465816929936409
  endloop
 endfacet
 facet normal 0 -1 -0
  outer loop
   vertex 0.025716438889503479 -0.0062000001780688763 -0.0465816929936409
   vertex 0.024267138913273811 -0.0062000001780688763 -0.039971403777599335
   vertex 0.023949310183525085 -0.0062000001780688763 -0.040385596454143524
  endloop
 endfacet
 facet normal 0 -1 0
  outer loop
   vertex 0.025716438889503479 -0.0062000001780688763 -0.0465816929936409
   vertex 0.023949310183525085 -0.0062000001780688763 -0.040385596454143524
   vertex 0.025506649166345596 -0.0062000001780688763 -0.047088094055652618
  endloop
 endfacet
 facet normal 0 -1 -0
  outer loop
   vertex 0.025506649166345596 -0.0062000001780688763 -0.047088094055652618
   vertex 0.023949310183525085 -0.0062000001780688763 -0.040385596454143524
   vertex 0.023535089567303658 -0.0062000001780688763 -0.040703393518924713
  endloop
 endfacet
 facet normal 0 -1 -0
  outer loop
   vertex 0.025506649166345596 -0.0062000001780688763 -0.047088094055652618
   vertex 0.023535089567303658 -0.0062000001780688763 -0.040703393518924713
   vertex 0.023052729666233063 -0.0062000001780688763 -0.040903203189373016
  endloop
 endfacet
 facet normal 0 -1 0
  outer loop
   vertex 0.025506649166345596 -0.0062000001780688763 -0.047088094055652618
   vertex 0.023052729666233063 -0.0062000001780688763 -0.040903203189373016
   vertex 0.025435090065002441 -0.0062000001780688763 -0.047631703317165375
  endloop
 endfacet
 facet normal 0 -1 -0
  outer loop
   vertex 0.025435090065002441 -0.0062000001780688763 -0.047631703317165375
   vertex 0.023052729666233063 -0.0062000001780688763 -0.040903203189373016
   vertex 0.022535089403390884 -0.0062000001780688763 -0.040971405804157257
  endloop
 endfacet
 facet normal 0 -1 0
  outer loop
   vertex 0.025435090065002441 -0.0062000001780688763 -0.047631703317165375
   vertex 0.022535089403390884 -0.0062000001780688763 -0.040971405804157257
   vertex 0.023199999704957008 -0.0062000001780688763 -0.055348105728626251
  endloop
 endfacet
 facet normal -0 -1 -0
  outer loop
   vertex 0.023199999704957008 -0.0062000001780688763 -0.055348105728626251
   vertex 0.022535089403390884 -0.0062000001780688763 -0.040971405804157257
   vertex 0.022017458453774452 -0.0062000001780688763 -0.040903203189373016
  endloop
 endfacet
 facet normal -0 -1 -0
  outer loop
   vertex 0.023199999704957008 -0.0062000001780688763 -0.055348105728626251
   vertex 0.022017458453774452 -0.0062000001780688763 -0.040903203189373016
   vertex 0.021535089239478111 -0.0062000001780688763 -0.040703393518924713
  endloop
 endfacet
 facet normal 0 -1 0
  outer loop
   vertex 0.021535089239478111 -0.0062000001780688763 -0.040703393518924713
   vertex 0.021120879799127579 -0.0062000001780688763 -0.040385596454143524
   vertex 0.023199999704957008 -0.0062000001780688763 -0.055348105728626251
  endloop
 endfacet
 facet normal -0 -1 -0
  outer loop
   vertex 0.023199999704957008 -0.0062000001780688763 -0.055348105728626251
   vertex 0.021120879799127579 -0.0062000001780688763 -0.040385596454143524
   vertex 0.020803039893507957 -0.0062000001780688763 -0.039971403777599335
  endloop
 endfacet
 facet normal 0 -1 -0
  outer loop
   vertex 0.023199999704957008 -0.0062000001780688763 -0.055348105728626251
   vertex 0.020803039893507957 -0.0062000001780688763 -0.039971403777599335
   vertex 0.014250000007450581 -0.0062000001780688763 -0.072181306779384613
  endloop
 endfacet
 facet normal 0 -1 0
  outer loop
   vertex 0.052935089915990829 -0.0062000001780688763 -3.060102358176664e-07
   vertex 0.04696694016456604 -0.0062000001780688763 -0.00051789783174172044
   vertex 0.053006649017333984 -0.0062000001780688763 -0.00054379604989662766
  endloop
 endfacet
 facet normal 0 -1 -0
  outer loop
   vertex 0.053006649017333984 -0.0062000001780688763 -0.00054379604989662766
   vertex 0.04696694016456604 -0.0062000001780688763 -0.00051789783174172044
   vertex 0.046767137944698334 -0.0062000001780688763 -0.0010002931812778115
  endloop
 endfacet
 facet normal 0 -1 -0
  outer loop
   vertex -0.018618650734424591 -0.0062000001780688763 -0.11294999718666077
   vertex -0.018618650734424591 -0.0062000001780688763 -0.075050003826618195
   vertex -0.018828440457582474 -0.0062000001780688763 -0.11345650255680084
  endloop
 endfacet
 facet normal -0 -1 0
  outer loop
   vertex -0.018828440457582474 -0.0062000001780688763 -0.11345650255680084
   vertex -0.018618650734424591 -0.0062000001780688763 -0.075050003826618195
   vertex -0.018828440457582474 -0.0062000001780688763 -0.074543498456478119
  endloop
 endfacet
 facet normal -0 -1 -0
  outer loop
   vertex -0.018828440457582474 -0.0062000001780688763 -0.11345650255680084
   vertex -0.018828440457582474 -0.0062000001780688763 -0.074543498456478119
   vertex -0.026800001040101051 -0.0062000001780688763 -0.053664706647396088
  endloop
 endfacet
 facet normal 0 -1 0
  outer loop
   vertex -0.026800001040101051 -0.0062000001780688763 -0.053664706647396088
   vertex -0.018828440457582474 -0.0062000001780688763 -0.074543498456478119
   vertex -0.018900001421570778 -0.0062000001780688763 -0.073999993503093719
  endloop
 endfacet
 facet normal 0 -1 0
  outer loop
   vertex -0.026800001040101051 -0.0062000001780688763 -0.053664706647396088
   vertex -0.018900001421570778 -0.0062000001780688763 -0.073999993503093719
   vertex -0.018828440457582474 -0.0062000001780688763 -0.073456503450870514
  endloop
 endfacet
 facet normal 0 -1 0
  outer loop
   vertex -0.018618650734424591 -0.0062000001780688763 -0.075050003826618195
   vertex -0.018618650734424591 -0.0062000001780688763 -0.11294999718666077
   vertex -0.01828492060303688 -0.0062000001780688763 -0.075484894216060638
  endloop
 endfacet
 facet normal 0 -1 0
  outer loop
   vertex -0.01828492060303688 -0.0062000001780688763 -0.075484894216060638
   vertex -0.018618650734424591 -0.0062000001780688763 -0.11294999718666077
   vertex -0.01828492060303688 -0.0062000001780688763 -0.11251509934663773
  endloop
 endfacet
 facet normal 0 -1 0
  outer loop
   vertex -0.01828492060303688 -0.0062000001780688763 -0.075484894216060638
   vertex -0.01828492060303688 -0.0062000001780688763 -0.11251509934663773
   vertex -0.017850000411272049 -0.0062000001780688763 -0.07581869512796402
  endloop
 endfacet
 facet normal 0 -1 0
  outer loop
   vertex -0.017850000411272049 -0.0062000001780688763 -0.07581869512796402
   vertex -0.01828492060303688 -0.0062000001780688763 -0.11251509934663773
   vertex -0.017850000411272049 -0.0062000001780688763 -0.11218129843473434
  endloop
 endfacet
 facet normal 0 -1 0
  outer loop
   vertex -0.017850000411272049 -0.0062000001780688763 -0.07581869512796402
   vertex -0.017850000411272049 -0.0062000001780688763 -0.11218129843473434
   vertex -0.017343521118164062 -0.0062000001780688763 -0.076028399169445038
  endloop
 endfacet
 facet normal 0 -1 0
  outer loop
   vertex -0.017343521118164062 -0.0062000001780688763 -0.076028399169445038
   vertex -0.017850000411272049 -0.0062000001780688763 -0.11218129843473434
   vertex -0.017343521118164062 -0.0062000001780688763 -0.11197160184383392
  endloop
 endfacet
 facet normal 0 -1 0
  outer loop
   vertex -0.017343521118164062 -0.0062000001780688763 -0.076028399169445038
   vertex -0.017343521118164062 -0.0062000001780688763 -0.11197160184383392
   vertex -0.01679999940097332 -0.0062000001780688763 -0.076099999248981476
  endloop
 endfacet
 facet normal 0 -1 0
  outer loop
   vertex -0.01679999940097332 -0.0062000001780688763 -0.076099999248981476
   vertex -0.017343521118164062 -0.0062000001780688763 -0.11197160184383392
   vertex -0.01679999940097332 -0.0062000001780688763 -0.11190000176429749
  endloop
 endfacet
 facet normal 0 -1 0
  outer loop
   vertex -0.01679999940097332 -0.0062000001780688763 -0.076099999248981476
   vertex -0.01679999940097332 -0.0062000001780688763 -0.11190000176429749
   vertex -0.016256479546427727 -0.0062000001780688763 -0.11197160184383392
  endloop
 endfacet
 facet normal 0 -1 0
  outer loop
   vertex -0.01679999940097332 -0.0062000001780688763 -0.076099999248981476
   vertex -0.016256479546427727 -0.0062000001780688763 -0.11197160184383392
   vertex -0.016256479546427727 -0.0062000001780688763 -0.076028399169445038
  endloop
 endfacet
 facet normal 0 -1 0
  outer loop
   vertex -0.016256479546427727 -0.0062000001780688763 -0.076028399169445038
   vertex -0.016256479546427727 -0.0062000001780688763 -0.11197160184383392
   vertex -0.01575000025331974 -0.0062000001780688763 -0.11218129843473434
  endloop
 endfacet
 facet normal 0 -1 0
  outer loop
   vertex -0.016256479546427727 -0.0062000001780688763 -0.076028399169445038
   vertex -0.01575000025331974 -0.0062000001780688763 -0.11218129843473434
   vertex -0.01575000025331974 -0.0062000001780688763 -0.07581869512796402
  endloop
 endfacet
 facet normal 0 -1 0
  outer loop
   vertex -0.01575000025331974 -0.0062000001780688763 -0.07581869512796402
   vertex -0.01575000025331974 -0.0062000001780688763 -0.11218129843473434
   vertex -0.015315080061554909 -0.0062000001780688763 -0.11251509934663773
  endloop
 endfacet
 facet normal 0 -1 0
  outer loop
   vertex -0.01575000025331974 -0.0062000001780688763 -0.07581869512796402
   vertex -0.015315080061554909 -0.0062000001780688763 -0.11251509934663773
   vertex -0.015315080061554909 -0.0062000001780688763 -0.075484894216060638
  endloop
 endfacet
 facet normal 0 -1 0
  outer loop
   vertex -0.015315080061554909 -0.0062000001780688763 -0.075484894216060638
   vertex -0.015315080061554909 -0.0062000001780688763 -0.11251509934663773
   vertex -0.014981349930167198 -0.0062000001780688763 -0.11294999718666077
  endloop
 endfacet
 facet normal 0 -1 0
  outer loop
   vertex -0.015315080061554909 -0.0062000001780688763 -0.075484894216060638
   vertex -0.014981349930167198 -0.0062000001780688763 -0.11294999718666077
   vertex -0.014981349930167198 -0.0062000001780688763 -0.075050003826618195
  endloop
 endfacet
 facet normal 0 -1 0
  outer loop
   vertex -0.014981349930167198 -0.0062000001780688763 -0.075050003826618195
   vertex -0.014981349930167198 -0.0062000001780688763 -0.11294999718666077
   vertex -0.014771559275686741 -0.0062000001780688763 -0.11345650255680084
  endloop
 endfacet
 facet normal 0 -1 0
  outer loop
   vertex -0.014981349930167198 -0.0062000001780688763 -0.075050003826618195
   vertex -0.014771559275686741 -0.0062000001780688763 -0.11345650255680084
   vertex -0.014771559275686741 -0.0062000001780688763 -0.074543498456478119
  endloop
 endfacet
 facet normal 0 -1 -0
  outer loop
   vertex -0.014771559275686741 -0.0062000001780688763 -0.11454349756240845
   vertex -0.014981349930167198 -0.0062000001780688763 -0.11505000293254852
   vertex -0.017271559685468674 -0.0062000001780688763 -0.16345648467540741
  endloop
 endfacet
 facet normal 0 -1 0
  outer loop
   vertex -0.017271559685468674 -0.0062000001780688763 -0.16345648467540741
   vertex -0.014981349930167198 -0.0062000001780688763 -0.11505000293254852
   vertex -0.017481351271271706 -0.0062000001780688763 -0.16294999420642853
  endloop
 endfacet
 facet normal 0 -1 0
  outer loop
   vertex -0.017481351271271706 -0.0062000001780688763 -0.16294999420642853
   vertex -0.014981349930167198 -0.0062000001780688763 -0.11505000293254852
   vertex -0.015315080061554909 -0.0062000001780688763 -0.11548490077257156
  endloop
 endfacet
 facet normal 0 -1 0
  outer loop
   vertex -0.017481351271271706 -0.0062000001780688763 -0.16294999420642853
   vertex -0.015315080061554909 -0.0062000001780688763 -0.11548490077257156
   vertex -0.01575000025331974 -0.0062000001780688763 -0.11581870168447495
  endloop
 endfacet
 facet normal 0 -1 0
  outer loop
   vertex -0.017481351271271706 -0.0062000001780688763 -0.16294999420642853
   vertex -0.01575000025331974 -0.0062000001780688763 -0.11581870168447495
   vertex -0.017815081402659416 -0.0062000001780688763 -0.1625150740146637
  endloop
 endfacet
 facet normal 0 -1 0
  outer loop
   vertex -0.017815081402659416 -0.0062000001780688763 -0.1625150740146637
   vertex -0.01575000025331974 -0.0062000001780688763 -0.11581870168447495
   vertex -0.016256479546427727 -0.0062000001780688763 -0.11602839827537537
  endloop
 endfacet
 facet normal 0 -1 0
  outer loop
   vertex -0.017815081402659416 -0.0062000001780688763 -0.1625150740146637
   vertex -0.016256479546427727 -0.0062000001780688763 -0.11602839827537537
   vertex -0.018250001594424248 -0.0062000001780688763 -0.16218134760856628
  endloop
 endfacet
 facet normal 0 -1 0
  outer loop
   vertex -0.018250001594424248 -0.0062000001780688763 -0.16218134760856628
   vertex -0.016256479546427727 -0.0062000001780688763 -0.11602839827537537
   vertex -0.01679999940097332 -0.0062000001780688763 -0.1160999983549118
  endloop
 endfacet
 facet normal 0 -1 0
  outer loop
   vertex -0.018250001594424248 -0.0062000001780688763 -0.16218134760856628
   vertex -0.01679999940097332 -0.0062000001780688763 -0.1160999983549118
   vertex -0.018756480887532234 -0.0062000001780688763 -0.1619715541601181
  endloop
 endfacet
 facet normal -0 -1 0
  outer loop
   vertex -0.018756480887532234 -0.0062000001780688763 -0.1619715541601181
   vertex -0.01679999940097332 -0.0062000001780688763 -0.1160999983549118
   vertex -0.017343521118164062 -0.0062000001780688763 -0.11602839827537537
  endloop
 endfacet
 facet normal 0 -1 0
  outer loop
   vertex -0.018756480887532234 -0.0062000001780688763 -0.1619715541601181
   vertex -0.017343521118164062 -0.0062000001780688763 -0.11602839827537537
   vertex -0.019300000742077827 -0.0062000001780688763 -0.16189999878406525
  endloop
 endfacet
 facet normal -0 -1 0
  outer loop
   vertex -0.019300000742077827 -0.0062000001780688763 -0.16189999878406525
   vertex -0.017343521118164062 -0.0062000001780688763 -0.11602839827537537
   vertex -0.017850000411272049 -0.0062000001780688763 -0.11581870168447495
  endloop
 endfacet
 facet normal 0 -1 0
  outer loop
   vertex -0.019300000742077827 -0.0062000001780688763 -0.16189999878406525
   vertex -0.017850000411272049 -0.0062000001780688763 -0.11581870168447495
   vertex -0.019843520596623421 -0.0062000001780688763 -0.1619715541601181
  endloop
 endfacet
 facet normal -0 -1 0
  outer loop
   vertex -0.019843520596623421 -0.0062000001780688763 -0.1619715541601181
   vertex -0.017850000411272049 -0.0062000001780688763 -0.11581870168447495
   vertex -0.01828492060303688 -0.0062000001780688763 -0.11548490077257156
  endloop
 endfacet
 facet normal 0 -1 0
  outer loop
   vertex -0.019843520596623421 -0.0062000001780688763 -0.1619715541601181
   vertex -0.01828492060303688 -0.0062000001780688763 -0.11548490077257156
   vertex -0.020349999889731407 -0.0062000001780688763 -0.16218134760856628
  endloop
 endfacet
 facet normal -0 -1 0
  outer loop
   vertex -0.020349999889731407 -0.0062000001780688763 -0.16218134760856628
   vertex -0.01828492060303688 -0.0062000001780688763 -0.11548490077257156
   vertex -0.018618650734424591 -0.0062000001780688763 -0.11505000293254852
  endloop
 endfacet
 facet normal 0 -1 0
  outer loop
   vertex -0.020349999889731407 -0.0062000001780688763 -0.16218134760856628
   vertex -0.018618650734424591 -0.0062000001780688763 -0.11505000293254852
   vertex -0.020784920081496239 -0.0062000001780688763 -0.1625150740146637
  endloop
 endfacet
 facet normal 0 -1 0
  outer loop
   vertex -0.020784920081496239 -0.0062000001780688763 -0.1625150740146637
   vertex -0.018618650734424591 -0.0062000001780688763 -0.11505000293254852
   vertex -0.021118650212883949 -0.0062000001780688763 -0.16294999420642853
  endloop
 endfacet
 facet normal -0 -1 0
  outer loop
   vertex -0.021118650212883949 -0.0062000001780688763 -0.16294999420642853
   vertex -0.018618650734424591 -0.0062000001780688763 -0.11505000293254852
   vertex -0.018828440457582474 -0.0062000001780688763 -0.11454349756240845
  endloop
 endfacet
 facet normal 0 -1 0
  outer loop
   vertex -0.021118650212883949 -0.0062000001780688763 -0.16294999420642853
   vertex -0.018828440457582474 -0.0062000001780688763 -0.11454349756240845
   vertex -0.021328439936041832 -0.0062000001780688763 -0.16345648467540741
  endloop
 endfacet
 facet normal -0 -1 0
  outer loop
   vertex -0.021328439936041832 -0.0062000001780688763 -0.16345648467540741
   vertex -0.018828440457582474 -0.0062000001780688763 -0.11454349756240845
   vertex -0.018900001421570778 -0.0062000001780688763 -0.11400000005960464
  endloop
 endfacet
 facet normal 0 -1 0
  outer loop
   vertex -0.021328439936041832 -0.0062000001780688763 -0.16345648467540741
   vertex -0.018900001421570778 -0.0062000001780688763 -0.11400000005960464
   vertex -0.021400000900030136 -0.0062000001780688763 -0.164000004529953
  endloop
 endfacet
 facet normal -0 -1 0
  outer loop
   vertex -0.018828440457582474 -0.0062000001780688763 -0.073456503450870514
   vertex -0.018618650734424591 -0.0062000001780688763 -0.072949998080730438
   vertex -0.026800001040101051 -0.0062000001780688763 -0.053664706647396088
  endloop
 endfacet
 facet normal 0 -1 0
  outer loop
   vertex -0.026800001040101051 -0.0062000001780688763 -0.053664706647396088
   vertex -0.018618650734424591 -0.0062000001780688763 -0.072949998080730438
   vertex -0.01828492060303688 -0.0062000001780688763 -0.072515092790126801
  endloop
 endfacet
 facet normal 0 -1 0
  outer loop
   vertex -0.026800001040101051 -0.0062000001780688763 -0.053664706647396088
   vertex -0.01828492060303688 -0.0062000001780688763 -0.072515092790126801
   vertex -0.025436460971832275 -0.0062000001780688763 -0.04817519336938858
  endloop
 endfacet
 facet normal 0 -1 0
  outer loop
   vertex -0.025436460971832275 -0.0062000001780688763 -0.04817519336938858
   vertex -0.01828492060303688 -0.0062000001780688763 -0.072515092790126801
   vertex -0.017850000411272049 -0.0062000001780688763 -0.072181306779384613
  endloop
 endfacet
 facet normal 0 -1 0
  outer loop
   vertex 0.011171559803187847 -0.0062000001780688763 -0.074543498456478119
   vertex 0.011171559803187847 -0.0062000001780688763 -0.11345650255680084
   vertex 0.011381350457668304 -0.0062000001780688763 -0.075050003826618195
  endloop
 endfacet
 facet normal 0 -1 0
  outer loop
   vertex 0.011381350457668304 -0.0062000001780688763 -0.075050003826618195
   vertex 0.011171559803187847 -0.0062000001780688763 -0.11345650255680084
   vertex 0.011381350457668304 -0.0062000001780688763 -0.11294999718666077
  endloop
 endfacet
 facet normal 0 -1 0
  outer loop
   vertex 0.011381350457668304 -0.0062000001780688763 -0.075050003826618195
   vertex 0.011381350457668304 -0.0062000001780688763 -0.11294999718666077
   vertex 0.011715080589056015 -0.0062000001780688763 -0.075484894216060638
  endloop
 endfacet
 facet normal 0 -1 0
  outer loop
   vertex 0.011715080589056015 -0.0062000001780688763 -0.075484894216060638
   vertex 0.011381350457668304 -0.0062000001780688763 -0.11294999718666077
   vertex 0.011715080589056015 -0.0062000001780688763 -0.11251509934663773
  endloop
 endfacet
 facet normal 0 -1 0
  outer loop
   vertex 0.011715080589056015 -0.0062000001780688763 -0.075484894216060638
   vertex 0.011715080589056015 -0.0062000001780688763 -0.11251509934663773
   vertex 0.012149999849498272 -0.0062000001780688763 -0.07581869512796402
  endloop
 endfacet
 facet normal 0 -1 0
  outer loop
   vertex 0.012149999849498272 -0.0062000001780688763 -0.07581869512796402
   vertex 0.011715080589056015 -0.0062000001780688763 -0.11251509934663773
   vertex 0.012149999849498272 -0.0062000001780688763 -0.11218129843473434
  endloop
 endfacet
 facet normal 0 -1 0
  outer loop
   vertex 0.012149999849498272 -0.0062000001780688763 -0.07581869512796402
   vertex 0.012149999849498272 -0.0062000001780688763 -0.11218129843473434
   vertex 0.012656480073928833 -0.0062000001780688763 -0.076028399169445038
  endloop
 endfacet
 facet normal 0 -1 0
  outer loop
   vertex 0.012656480073928833 -0.0062000001780688763 -0.076028399169445038
   vertex 0.012149999849498272 -0.0062000001780688763 -0.11218129843473434
   vertex 0.012656480073928833 -0.0062000001780688763 -0.11197160184383392
  endloop
 endfacet
 facet normal 0 -1 0
  outer loop
   vertex 0.012656480073928833 -0.0062000001780688763 -0.076028399169445038
   vertex 0.012656480073928833 -0.0062000001780688763 -0.11197160184383392
   vertex 0.013199999928474426 -0.0062000001780688763 -0.076099999248981476
  endloop
 endfacet
 facet normal 0 -1 0
  outer loop
   vertex 0.013199999928474426 -0.0062000001780688763 -0.076099999248981476
   vertex 0.012656480073928833 -0.0062000001780688763 -0.11197160184383392
   vertex 0.013199999928474426 -0.0062000001780688763 -0.11190000176429749
  endloop
 endfacet
 facet normal 0 -1 0
  outer loop
   vertex 0.013199999928474426 -0.0062000001780688763 -0.076099999248981476
   vertex 0.013199999928474426 -0.0062000001780688763 -0.11190000176429749
   vertex 0.013743520714342594 -0.0062000001780688763 -0.11197160184383392
  endloop
 endfacet
 facet normal 0 -1 0
  outer loop
   vertex 0.013199999928474426 -0.0062000001780688763 -0.076099999248981476
   vertex 0.013743520714342594 -0.0062000001780688763 -0.11197160184383392
   vertex 0.013743520714342594 -0.0062000001780688763 -0.076028399169445038
  endloop
 endfacet
 facet normal 0 -1 0
  outer loop
   vertex 0.013743520714342594 -0.0062000001780688763 -0.076028399169445038
   vertex 0.013743520714342594 -0.0062000001780688763 -0.11197160184383392
   vertex 0.014250000007450581 -0.0062000001780688763 -0.11218129843473434
  endloop
 endfacet
 facet normal 0 -1 0
  outer loop
   vertex 0.013743520714342594 -0.0062000001780688763 -0.076028399169445038
   vertex 0.014250000007450581 -0.0062000001780688763 -0.11218129843473434
   vertex 0.014250000007450581 -0.0062000001780688763 -0.07581869512796402
  endloop
 endfacet
 facet normal 0 -1 0
  outer loop
   vertex 0.014250000007450581 -0.0062000001780688763 -0.07581869512796402
   vertex 0.014250000007450581 -0.0062000001780688763 -0.11218129843473434
   vertex 0.014684920199215412 -0.0062000001780688763 -0.11251509934663773
  endloop
 endfacet
 facet normal 0 -1 0
  outer loop
   vertex 0.014250000007450581 -0.0062000001780688763 -0.07581869512796402
   vertex 0.014684920199215412 -0.0062000001780688763 -0.11251509934663773
   vertex 0.014684920199215412 -0.0062000001780688763 -0.075484894216060638
  endloop
 endfacet
 facet normal 0 -1 0
  outer loop
   vertex 0.014684920199215412 -0.0062000001780688763 -0.075484894216060638
   vertex 0.014684920199215412 -0.0062000001780688763 -0.11251509934663773
   vertex 0.015018650330603123 -0.0062000001780688763 -0.11294999718666077
  endloop
 endfacet
 facet normal 0 -1 0
  outer loop
   vertex 0.014684920199215412 -0.0062000001780688763 -0.075484894216060638
   vertex 0.015018650330603123 -0.0062000001780688763 -0.11294999718666077
   vertex 0.015018650330603123 -0.0062000001780688763 -0.075050003826618195
  endloop
 endfacet
 facet normal 0 -1 0
  outer loop
   vertex 0.015018650330603123 -0.0062000001780688763 -0.075050003826618195
   vertex 0.015018650330603123 -0.0062000001780688763 -0.11294999718666077
   vertex 0.015228440053761005 -0.0062000001780688763 -0.11345650255680084
  endloop
 endfacet
 facet normal 0 -1 0
  outer loop
   vertex 0.015018650330603123 -0.0062000001780688763 -0.075050003826618195
   vertex 0.015228440053761005 -0.0062000001780688763 -0.11345650255680084
   vertex 0.015228440053761005 -0.0062000001780688763 -0.074543498456478119
  endloop
 endfacet
 facet normal 0 -1 0
  outer loop
   vertex 0.015228440053761005 -0.0062000001780688763 -0.074543498456478119
   vertex 0.015228440053761005 -0.0062000001780688763 -0.11345650255680084
   vertex 0.023199999704957008 -0.0062000001780688763 -0.055348105728626251
  endloop
 endfacet
 facet normal 0 -1 0
  outer loop
   vertex 0.015228440053761005 -0.0062000001780688763 -0.074543498456478119
   vertex 0.023199999704957008 -0.0062000001780688763 -0.055348105728626251
   vertex 0.01530000101774931 -0.0062000001780688763 -0.073999993503093719
  endloop
 endfacet
 facet normal 0 -1 0
  outer loop
   vertex 0.01530000101774931 -0.0062000001780688763 -0.073999993503093719
   vertex 0.023199999704957008 -0.0062000001780688763 -0.055348105728626251
   vertex 0.015228440053761005 -0.0062000001780688763 -0.073456503450870514
  endloop
 endfacet
 facet normal 0 -1 0
  outer loop
   vertex 0.015228440053761005 -0.0062000001780688763 -0.073456503450870514
   vertex 0.023199999704957008 -0.0062000001780688763 -0.055348105728626251
   vertex 0.015018650330603123 -0.0062000001780688763 -0.072949998080730438
  endloop
 endfacet
 facet normal 0 -1 0
  outer loop
   vertex 0.015018650330603123 -0.0062000001780688763 -0.072949998080730438
   vertex 0.023199999704957008 -0.0062000001780688763 -0.055348105728626251
   vertex 0.014684920199215412 -0.0062000001780688763 -0.072515092790126801
  endloop
 endfacet
 facet normal 0 -1 0
  outer loop
   vertex 0.014684920199215412 -0.0062000001780688763 -0.072515092790126801
   vertex 0.023199999704957008 -0.0062000001780688763 -0.055348105728626251
   vertex 0.014250000007450581 -0.0062000001780688763 -0.072181306779384613
  endloop
 endfacet
 facet normal 0 -1 0
  outer loop
   vertex 0.015228440053761005 -0.0062000001780688763 -0.11345650255680084
   vertex 0.01530000101774931 -0.0062000001780688763 -0.11400000005960464
   vertex 0.023199999704957008 -0.0062000001780688763 -0.055348105728626251
  endloop
 endfacet
 facet normal 0 -1 0
  outer loop
   vertex 0.023199999704957008 -0.0062000001780688763 -0.055348105728626251
   vertex 0.01530000101774931 -0.0062000001780688763 -0.11400000005960464
   vertex 0.017728438600897789 -0.0062000001780688763 -0.16345648467540741
  endloop
 endfacet
 facet normal 0 -1 0
  outer loop
   vertex 0.023199999704957008 -0.0062000001780688763 -0.055348105728626251
   vertex 0.017728438600897789 -0.0062000001780688763 -0.16345648467540741
   vertex 0.017799999564886093 -0.0062000001780688763 -0.164000004529953
  endloop
 endfacet
 facet normal 0 -1 0
  outer loop
   vertex 0.01530000101774931 -0.0062000001780688763 -0.11400000005960464
   vertex 0.015228440053761005 -0.0062000001780688763 -0.11454349756240845
   vertex 0.017728438600897789 -0.0062000001780688763 -0.16345648467540741
  endloop
 endfacet
 facet normal 0 -1 0
  outer loop
   vertex 0.017728438600897789 -0.0062000001780688763 -0.16345648467540741
   vertex 0.015228440053761005 -0.0062000001780688763 -0.11454349756240845
   vertex 0.017518648877739906 -0.0062000001780688763 -0.16294999420642853
  endloop
 endfacet
 facet normal 0 -1 -0
  outer loop
   vertex 0.017518648877739906 -0.0062000001780688763 -0.16294999420642853
   vertex 0.015228440053761005 -0.0062000001780688763 -0.11454349756240845
   vertex 0.015018650330603123 -0.0062000001780688763 -0.11505000293254852
  endloop
 endfacet
 facet normal 0 -1 0
  outer loop
   vertex 0.017518648877739906 -0.0062000001780688763 -0.16294999420642853
   vertex 0.015018650330603123 -0.0062000001780688763 -0.11505000293254852
   vertex 0.017184918746352196 -0.0062000001780688763 -0.1625150740146637
  endloop
 endfacet
 facet normal 0 -1 0
  outer loop
   vertex 0.017184918746352196 -0.0062000001780688763 -0.1625150740146637
   vertex 0.015018650330603123 -0.0062000001780688763 -0.11505000293254852
   vertex 0.016749998554587364 -0.0062000001780688763 -0.16218134760856628
  endloop
 endfacet
 facet normal 0 -1 -0
  outer loop
   vertex 0.016749998554587364 -0.0062000001780688763 -0.16218134760856628
   vertex 0.015018650330603123 -0.0062000001780688763 -0.11505000293254852
   vertex 0.014684920199215412 -0.0062000001780688763 -0.11548490077257156
  endloop
 endfacet
 facet normal 0 -1 0
  outer loop
   vertex 0.016749998554587364 -0.0062000001780688763 -0.16218134760856628
   vertex 0.014684920199215412 -0.0062000001780688763 -0.11548490077257156
   vertex 0.016243519261479378 -0.0062000001780688763 -0.1619715541601181
  endloop
 endfacet
 facet normal 0 -1 -0
  outer loop
   vertex 0.016243519261479378 -0.0062000001780688763 -0.1619715541601181
   vertex 0.014684920199215412 -0.0062000001780688763 -0.11548490077257156
   vertex 0.014250000007450581 -0.0062000001780688763 -0.11581870168447495
  endloop
 endfacet
 facet normal 0 -1 0
  outer loop
   vertex 0.016243519261479378 -0.0062000001780688763 -0.1619715541601181
   vertex 0.014250000007450581 -0.0062000001780688763 -0.11581870168447495
   vertex 0.015699999406933784 -0.0062000001780688763 -0.16189999878406525
  endloop
 endfacet
 facet normal 0 -1 -0
  outer loop
   vertex 0.015699999406933784 -0.0062000001780688763 -0.16189999878406525
   vertex 0.014250000007450581 -0.0062000001780688763 -0.11581870168447495
   vertex 0.013743520714342594 -0.0062000001780688763 -0.11602839827537537
  endloop
 endfacet
 facet normal 0 -1 0
  outer loop
   vertex 0.015699999406933784 -0.0062000001780688763 -0.16189999878406525
   vertex 0.013743520714342594 -0.0062000001780688763 -0.11602839827537537
   vertex 0.015156480483710766 -0.0062000001780688763 -0.1619715541601181
  endloop
 endfacet
 facet normal 0 -1 -0
  outer loop
   vertex 0.015156480483710766 -0.0062000001780688763 -0.1619715541601181
   vertex 0.013743520714342594 -0.0062000001780688763 -0.11602839827537537
   vertex 0.013199999928474426 -0.0062000001780688763 -0.1160999983549118
  endloop
 endfacet
 facet normal 0 -1 0
  outer loop
   vertex 0.015156480483710766 -0.0062000001780688763 -0.1619715541601181
   vertex 0.013199999928474426 -0.0062000001780688763 -0.1160999983549118
   vertex 0.014650001190602779 -0.0062000001780688763 -0.16218134760856628
  endloop
 endfacet
 facet normal -0 -1 -0
  outer loop
   vertex 0.014650001190602779 -0.0062000001780688763 -0.16218134760856628
   vertex 0.013199999928474426 -0.0062000001780688763 -0.1160999983549118
   vertex 0.012656480073928833 -0.0062000001780688763 -0.11602839827537537
  endloop
 endfacet
 facet normal 0 -1 0
  outer loop
   vertex 0.014650001190602779 -0.0062000001780688763 -0.16218134760856628
   vertex 0.012656480073928833 -0.0062000001780688763 -0.11602839827537537
   vertex 0.014215080998837948 -0.0062000001780688763 -0.1625150740146637
  endloop
 endfacet
 facet normal -0 -1 -0
  outer loop
   vertex 0.014215080998837948 -0.0062000001780688763 -0.1625150740146637
   vertex 0.012656480073928833 -0.0062000001780688763 -0.11602839827537537
   vertex 0.012149999849498272 -0.0062000001780688763 -0.11581870168447495
  endloop
 endfacet
 facet normal 0 -1 0
  outer loop
   vertex 0.014215080998837948 -0.0062000001780688763 -0.1625150740146637
   vertex 0.012149999849498272 -0.0062000001780688763 -0.11581870168447495
   vertex 0.013881350867450237 -0.0062000001780688763 -0.16294999420642853
  endloop
 endfacet
 facet normal -0 -1 -0
  outer loop
   vertex 0.013881350867450237 -0.0062000001780688763 -0.16294999420642853
   vertex 0.012149999849498272 -0.0062000001780688763 -0.11581870168447495
   vertex 0.011715080589056015 -0.0062000001780688763 -0.11548490077257156
  endloop
 endfacet
 facet normal -0 -1 -0
  outer loop
   vertex 0.013881350867450237 -0.0062000001780688763 -0.16294999420642853
   vertex 0.011715080589056015 -0.0062000001780688763 -0.11548490077257156
   vertex 0.011381350457668304 -0.0062000001780688763 -0.11505000293254852
  endloop
 endfacet
 facet normal 0 -1 0
  outer loop
   vertex 0.013881350867450237 -0.0062000001780688763 -0.16294999420642853
   vertex 0.011381350457668304 -0.0062000001780688763 -0.11505000293254852
   vertex 0.01367156021296978 -0.0062000001780688763 -0.16345648467540741
  endloop
 endfacet
 facet normal -0 -1 -0
  outer loop
   vertex 0.01367156021296978 -0.0062000001780688763 -0.16345648467540741
   vertex 0.011381350457668304 -0.0062000001780688763 -0.11505000293254852
   vertex 0.011171559803187847 -0.0062000001780688763 -0.11454349756240845
  endloop
 endfacet
 facet normal 0 -1 -0
  outer loop
   vertex -0.021328439936041832 -0.0062000001780688763 -0.21454352140426636
   vertex -0.021400000900030136 -0.0062000001780688763 -0.21400000154972076
   vertex -0.026800001040101051 -0.0062000001780688763 -0.22400000691413879
  endloop
 endfacet
 facet normal -0 -1 0
  outer loop
   vertex -0.026800001040101051 -0.0062000001780688763 -0.22400000691413879
   vertex -0.021400000900030136 -0.0062000001780688763 -0.21400000154972076
   vertex -0.021328439936041832 -0.0062000001780688763 -0.21345648169517517
  endloop
 endfacet
 facet normal -0 -1 0
  outer loop
   vertex -0.026800001040101051 -0.0062000001780688763 -0.22400000691413879
   vertex -0.021328439936041832 -0.0062000001780688763 -0.21345648169517517
   vertex -0.021328439936041832 -0.0062000001780688763 -0.1645435243844986
  endloop
 endfacet
 facet normal 0 -1 0
  outer loop
   vertex -0.021328439936041832 -0.0062000001780688763 -0.1645435243844986
   vertex -0.021328439936041832 -0.0062000001780688763 -0.21345648169517517
   vertex -0.021118650212883949 -0.0062000001780688763 -0.21295000612735748
  endloop
 endfacet
 facet normal 0 -1 0
  outer loop
   vertex -0.021328439936041832 -0.0062000001780688763 -0.1645435243844986
   vertex -0.021118650212883949 -0.0062000001780688763 -0.21295000612735748
   vertex -0.021118650212883949 -0.0062000001780688763 -0.16504999995231628
  endloop
 endfacet
 facet normal 0 -1 0
  outer loop
   vertex -0.021118650212883949 -0.0062000001780688763 -0.16504999995231628
   vertex -0.021118650212883949 -0.0062000001780688763 -0.21295000612735748
   vertex -0.020784920081496239 -0.0062000001780688763 -0.16548492014408112
  endloop
 endfacet
 facet normal 0 -1 0
  outer loop
   vertex -0.020784920081496239 -0.0062000001780688763 -0.16548492014408112
   vertex -0.021118650212883949 -0.0062000001780688763 -0.21295000612735748
   vertex -0.020784920081496239 -0.0062000001780688763 -0.21251508593559265
  endloop
 endfacet
 facet normal 0 -1 0
  outer loop
   vertex -0.020784920081496239 -0.0062000001780688763 -0.16548492014408112
   vertex -0.020784920081496239 -0.0062000001780688763 -0.21251508593559265
   vertex -0.020349999889731407 -0.0062000001780688763 -0.16581864655017853
  endloop
 endfacet
 facet normal 0 -1 0
  outer loop
   vertex -0.020349999889731407 -0.0062000001780688763 -0.16581864655017853
   vertex -0.020784920081496239 -0.0062000001780688763 -0.21251508593559265
   vertex -0.020349999889731407 -0.0062000001780688763 -0.21218134462833405
  endloop
 endfacet
 facet normal 0 -1 0
  outer loop
   vertex -0.020349999889731407 -0.0062000001780688763 -0.16581864655017853
   vertex -0.020349999889731407 -0.0062000001780688763 -0.21218134462833405
   vertex -0.019843520596623421 -0.0062000001780688763 -0.16602843999862671
  endloop
 endfacet
 facet normal 0 -1 0
  outer loop
   vertex -0.019843520596623421 -0.0062000001780688763 -0.16602843999862671
   vertex -0.020349999889731407 -0.0062000001780688763 -0.21218134462833405
   vertex -0.019843520596623421 -0.0062000001780688763 -0.21197156608104706
  endloop
 endfacet
 facet normal 0 -1 0
  outer loop
   vertex -0.019843520596623421 -0.0062000001780688763 -0.16602843999862671
   vertex -0.019843520596623421 -0.0062000001780688763 -0.21197156608104706
   vertex -0.019300000742077827 -0.0062000001780688763 -0.16609999537467957
  endloop
 endfacet
 facet normal 0 -1 0
  outer loop
   vertex -0.019300000742077827 -0.0062000001780688763 -0.16609999537467957
   vertex -0.019843520596623421 -0.0062000001780688763 -0.21197156608104706
   vertex -0.019300000742077827 -0.0062000001780688763 -0.21189999580383301
  endloop
 endfacet
 facet normal 0 -1 0
  outer loop
   vertex -0.019300000742077827 -0.0062000001780688763 -0.16609999537467957
   vertex -0.019300000742077827 -0.0062000001780688763 -0.21189999580383301
   vertex -0.018756480887532234 -0.0062000001780688763 -0.21197156608104706
  endloop
 endfacet
 facet normal 0 -1 0
  outer loop
   vertex -0.019300000742077827 -0.0062000001780688763 -0.16609999537467957
   vertex -0.018756480887532234 -0.0062000001780688763 -0.21197156608104706
   vertex -0.018756480887532234 -0.0062000001780688763 -0.16602843999862671
  endloop
 endfacet
 facet normal 0 -1 0
  outer loop
   vertex -0.018756480887532234 -0.0062000001780688763 -0.16602843999862671
   vertex -0.018756480887532234 -0.0062000001780688763 -0.21197156608104706
   vertex -0.018250001594424248 -0.0062000001780688763 -0.21218134462833405
  endloop
 endfacet
 facet normal 0 -1 0
  outer loop
   vertex -0.018756480887532234 -0.0062000001780688763 -0.16602843999862671
   vertex -0.018250001594424248 -0.0062000001780688763 -0.21218134462833405
   vertex -0.018250001594424248 -0.0062000001780688763 -0.16581864655017853
  endloop
 endfacet
 facet normal 0 -1 0
  outer loop
   vertex -0.018250001594424248 -0.0062000001780688763 -0.16581864655017853
   vertex -0.018250001594424248 -0.0062000001780688763 -0.21218134462833405
   vertex -0.017815081402659416 -0.0062000001780688763 -0.21251508593559265
  endloop
 endfacet
 facet normal 0 -1 0
  outer loop
   vertex -0.018250001594424248 -0.0062000001780688763 -0.16581864655017853
   vertex -0.017815081402659416 -0.0062000001780688763 -0.21251508593559265
   vertex -0.017815081402659416 -0.0062000001780688763 -0.16548492014408112
  endloop
 endfacet
 facet normal 0 -1 0
  outer loop
   vertex -0.017815081402659416 -0.0062000001780688763 -0.16548492014408112
   vertex -0.017815081402659416 -0.0062000001780688763 -0.21251508593559265
   vertex -0.017481351271271706 -0.0062000001780688763 -0.21295000612735748
  endloop
 endfacet
 facet normal 0 -1 0
  outer loop
   vertex -0.017815081402659416 -0.0062000001780688763 -0.16548492014408112
   vertex -0.017481351271271706 -0.0062000001780688763 -0.21295000612735748
   vertex -0.017481351271271706 -0.0062000001780688763 -0.16504999995231628
  endloop
 endfacet
 facet normal 0 -1 0
  outer loop
   vertex -0.017481351271271706 -0.0062000001780688763 -0.16504999995231628
   vertex -0.017481351271271706 -0.0062000001780688763 -0.21295000612735748
   vertex -0.017271559685468674 -0.0062000001780688763 -0.21345648169517517
  endloop
 endfacet
 facet normal 0 -1 0
  outer loop
   vertex -0.017481351271271706 -0.0062000001780688763 -0.16504999995231628
   vertex -0.017271559685468674 -0.0062000001780688763 -0.21345648169517517
   vertex -0.017271559685468674 -0.0062000001780688763 -0.1645435243844986
  endloop
 endfacet
 facet normal 0 -1 -0
  outer loop
   vertex -0.019300000742077827 -0.0062000001780688763 -0.21610000729560852
   vertex -0.019843520596623421 -0.0062000001780688763 -0.21602843701839447
   vertex -0.026800001040101051 -0.0062000001780688763 -0.22400000691413879
  endloop
 endfacet
 facet normal -0 -1 0
  outer loop
   vertex -0.026800001040101051 -0.0062000001780688763 -0.22400000691413879
   vertex -0.019843520596623421 -0.0062000001780688763 -0.21602843701839447
   vertex -0.020349999889731407 -0.0062000001780688763 -0.21581865847110748
  endloop
 endfacet
 facet normal -0 -1 0
  outer loop
   vertex -0.026800001040101051 -0.0062000001780688763 -0.22400000691413879
   vertex -0.020349999889731407 -0.0062000001780688763 -0.21581865847110748
   vertex -0.020784920081496239 -0.0062000001780688763 -0.21548491716384888
  endloop
 endfacet
 facet normal 0 -1 -0
  outer loop
   vertex -0.020784920081496239 -0.0062000001780688763 -0.21548491716384888
   vertex -0.021118650212883949 -0.0062000001780688763 -0.21504999697208405
   vertex -0.026800001040101051 -0.0062000001780688763 -0.22400000691413879
  endloop
 endfacet
 facet normal -0 -1 0
  outer loop
   vertex -0.026800001040101051 -0.0062000001780688763 -0.22400000691413879
   vertex -0.021118650212883949 -0.0062000001780688763 -0.21504999697208405
   vertex -0.021328439936041832 -0.0062000001780688763 -0.21454352140426636
  endloop
 endfacet
 facet normal 0 -1 -0
  outer loop
   vertex -0.021328439936041832 -0.0062000001780688763 -0.1645435243844986
   vertex -0.021400000900030136 -0.0062000001780688763 -0.164000004529953
   vertex -0.026800001040101051 -0.0062000001780688763 -0.22400000691413879
  endloop
 endfacet
 facet normal 0 -1 0
  outer loop
   vertex 0.01367156021296978 -0.0062000001780688763 -0.1645435243844986
   vertex 0.01367156021296978 -0.0062000001780688763 -0.21345648169517517
   vertex 0.013881350867450237 -0.0062000001780688763 -0.16504999995231628
  endloop
 endfacet
 facet normal 0 -1 0
  outer loop
   vertex 0.013881350867450237 -0.0062000001780688763 -0.16504999995231628
   vertex 0.01367156021296978 -0.0062000001780688763 -0.21345648169517517
   vertex 0.013881350867450237 -0.0062000001780688763 -0.21295000612735748
  endloop
 endfacet
 facet normal 0 -1 0
  outer loop
   vertex 0.013881350867450237 -0.0062000001780688763 -0.16504999995231628
   vertex 0.013881350867450237 -0.0062000001780688763 -0.21295000612735748
   vertex 0.014215080998837948 -0.0062000001780688763 -0.16548492014408112
  endloop
 endfacet
 facet normal 0 -1 0
  outer loop
   vertex 0.014215080998837948 -0.0062000001780688763 -0.16548492014408112
   vertex 0.013881350867450237 -0.0062000001780688763 -0.21295000612735748
   vertex 0.014215080998837948 -0.0062000001780688763 -0.21251508593559265
  endloop
 endfacet
 facet normal 0 -1 0
  outer loop
   vertex 0.014215080998837948 -0.0062000001780688763 -0.16548492014408112
   vertex 0.014215080998837948 -0.0062000001780688763 -0.21251508593559265
   vertex 0.014650001190602779 -0.0062000001780688763 -0.16581864655017853
  endloop
 endfacet
 facet normal 0 -1 0
  outer loop
   vertex 0.014650001190602779 -0.0062000001780688763 -0.16581864655017853
   vertex 0.014215080998837948 -0.0062000001780688763 -0.21251508593559265
   vertex 0.014650001190602779 -0.0062000001780688763 -0.21218134462833405
  endloop
 endfacet
 facet normal 0 -1 0
  outer loop
   vertex 0.014650001190602779 -0.0062000001780688763 -0.16581864655017853
   vertex 0.014650001190602779 -0.0062000001780688763 -0.21218134462833405
   vertex 0.015156480483710766 -0.0062000001780688763 -0.16602843999862671
  endloop
 endfacet
 facet normal 0 -1 0
  outer loop
   vertex 0.015156480483710766 -0.0062000001780688763 -0.16602843999862671
   vertex 0.014650001190602779 -0.0062000001780688763 -0.21218134462833405
   vertex 0.015156480483710766 -0.0062000001780688763 -0.21197156608104706
  endloop
 endfacet
 facet normal 0 -1 0
  outer loop
   vertex 0.015156480483710766 -0.0062000001780688763 -0.16602843999862671
   vertex 0.015156480483710766 -0.0062000001780688763 -0.21197156608104706
   vertex 0.015699999406933784 -0.0062000001780688763 -0.16609999537467957
  endloop
 endfacet
 facet normal 0 -1 0
  outer loop
   vertex 0.015699999406933784 -0.0062000001780688763 -0.16609999537467957
   vertex 0.015156480483710766 -0.0062000001780688763 -0.21197156608104706
   vertex 0.015699999406933784 -0.0062000001780688763 -0.21189999580383301
  endloop
 endfacet
 facet normal 0 -1 0
  outer loop
   vertex 0.015699999406933784 -0.0062000001780688763 -0.16609999537467957
   vertex 0.015699999406933784 -0.0062000001780688763 -0.21189999580383301
   vertex 0.016243519261479378 -0.0062000001780688763 -0.21197156608104706
  endloop
 endfacet
 facet normal 0 -1 0
  outer loop
   vertex 0.015699999406933784 -0.0062000001780688763 -0.16609999537467957
   vertex 0.016243519261479378 -0.0062000001780688763 -0.21197156608104706
   vertex 0.016243519261479378 -0.0062000001780688763 -0.16602843999862671
  endloop
 endfacet
 facet normal 0 -1 0
  outer loop
   vertex 0.016243519261479378 -0.0062000001780688763 -0.16602843999862671
   vertex 0.016243519261479378 -0.0062000001780688763 -0.21197156608104706
   vertex 0.016749998554587364 -0.0062000001780688763 -0.21218134462833405
  endloop
 endfacet
 facet normal 0 -1 0
  outer loop
   vertex 0.016243519261479378 -0.0062000001780688763 -0.16602843999862671
   vertex 0.016749998554587364 -0.0062000001780688763 -0.21218134462833405
   vertex 0.016749998554587364 -0.0062000001780688763 -0.16581864655017853
  endloop
 endfacet
 facet normal 0 -1 0
  outer loop
   vertex 0.016749998554587364 -0.0062000001780688763 -0.16581864655017853
   vertex 0.016749998554587364 -0.0062000001780688763 -0.21218134462833405
   vertex 0.017184918746352196 -0.0062000001780688763 -0.21251508593559265
  endloop
 endfacet
 facet normal 0 -1 0
  outer loop
   vertex 0.016749998554587364 -0.0062000001780688763 -0.16581864655017853
   vertex 0.017184918746352196 -0.0062000001780688763 -0.21251508593559265
   vertex 0.017184918746352196 -0.0062000001780688763 -0.16548492014408112
  endloop
 endfacet
 facet normal 0 -1 0
  outer loop
   vertex 0.017184918746352196 -0.0062000001780688763 -0.16548492014408112
   vertex 0.017184918746352196 -0.0062000001780688763 -0.21251508593559265
   vertex 0.017518648877739906 -0.0062000001780688763 -0.21295000612735748
  endloop
 endfacet
 facet normal 0 -1 0
  outer loop
   vertex 0.017728438600897789 -0.0062000001780688763 -0.21345648169517517
   vertex 0.017799999564886093 -0.0062000001780688763 -0.21400000154972076
   vertex 0.023199999704957008 -0.0062000001780688763 -0.22400000691413879
  endloop
 endfacet
 facet normal 0 -1 -0
  outer loop
   vertex 0.023199999704957008 -0.0062000001780688763 -0.22400000691413879
   vertex 0.017799999564886093 -0.0062000001780688763 -0.21400000154972076
   vertex 0.017728438600897789 -0.0062000001780688763 -0.21454352140426636
  endloop
 endfacet
 facet normal 0 -1 -0
  outer loop
   vertex 0.023199999704957008 -0.0062000001780688763 -0.22400000691413879
   vertex 0.017728438600897789 -0.0062000001780688763 -0.21454352140426636
   vertex 0.017518648877739906 -0.0062000001780688763 -0.21504999697208405
  endloop
 endfacet
 facet normal 0 -1 0
  outer loop
   vertex 0.017518648877739906 -0.0062000001780688763 -0.21504999697208405
   vertex 0.017184918746352196 -0.0062000001780688763 -0.21548491716384888
   vertex 0.023199999704957008 -0.0062000001780688763 -0.22400000691413879
  endloop
 endfacet
 facet normal 0 -1 -0
  outer loop
   vertex 0.023199999704957008 -0.0062000001780688763 -0.22400000691413879
   vertex 0.017184918746352196 -0.0062000001780688763 -0.21548491716384888
   vertex 0.016749998554587364 -0.0062000001780688763 -0.21581865847110748
  endloop
 endfacet
 facet normal 0 -1 -0
  outer loop
   vertex 0.023199999704957008 -0.0062000001780688763 -0.22400000691413879
   vertex 0.016749998554587364 -0.0062000001780688763 -0.21581865847110748
   vertex 0.016243519261479378 -0.0062000001780688763 -0.21602843701839447
  endloop
 endfacet
 facet normal 0 -1 0
  outer loop
   vertex 0.016243519261479378 -0.0062000001780688763 -0.21602843701839447
   vertex 0.015699999406933784 -0.0062000001780688763 -0.21610000729560852
   vertex 0.023199999704957008 -0.0062000001780688763 -0.22400000691413879
  endloop
 endfacet
 facet normal -0 -1 -0
  outer loop
   vertex 0.023199999704957008 -0.0062000001780688763 -0.22400000691413879
   vertex 0.015699999406933784 -0.0062000001780688763 -0.21610000729560852
   vertex 0.015156480483710766 -0.0062000001780688763 -0.21602843701839447
  endloop
 endfacet
 facet normal -0 -1 -0
  outer loop
   vertex 0.023199999704957008 -0.0062000001780688763 -0.22400000691413879
   vertex 0.015156480483710766 -0.0062000001780688763 -0.21602843701839447
   vertex 0.014650001190602779 -0.0062000001780688763 -0.21581865847110748
  endloop
 endfacet
 facet normal 0 -1 0
  outer loop
   vertex 0.029353749006986618 -0.0062000001780688763 -0.0465816929936409
   vertex 0.029563538730144501 -0.0062000001780688763 -0.047088094055652618
   vertex 0.035623360425233841 -0.0062000001780688763 -0.048306293785572052
  endloop
 endfacet
 facet normal 0 -1 0
  outer loop
   vertex 0.029563538730144501 -0.0062000001780688763 -0.04817519336938858
   vertex 0.029353749006986618 -0.0062000001780688763 -0.048681698739528656
   vertex 0.03167346864938736 -0.0062000001780688763 -0.050980798900127411
  endloop
 endfacet
 facet normal 0 -1 -0
  outer loop
   vertex 0.03167346864938736 -0.0062000001780688763 -0.050980798900127411
   vertex 0.029353749006986618 -0.0062000001780688763 -0.048681698739528656
   vertex 0.029020018875598907 -0.0062000001780688763 -0.049116604030132294
  endloop
 endfacet
 facet normal 0 -1 -0
  outer loop
   vertex 0.028078610077500343 -0.0062000001780688763 -0.049660094082355499
   vertex 0.02753509022295475 -0.0062000001780688763 -0.049731694161891937
   vertex 0.02752360887825489 -0.0062000001780688763 -0.053333006799221039
  endloop
 endfacet
 facet normal -0 -1 0
  outer loop
   vertex 0.02752360887825489 -0.0062000001780688763 -0.053333006799221039
   vertex 0.02753509022295475 -0.0062000001780688763 -0.049731694161891937
   vertex 0.026991568505764008 -0.0062000001780688763 -0.049660094082355499
  endloop
 endfacet
 facet normal -0 -1 -0
  outer loop
   vertex 0.02752360887825489 -0.0062000001780688763 -0.053333006799221039
   vertex 0.026991568505764008 -0.0062000001780688763 -0.049660094082355499
   vertex 0.026485089212656021 -0.0062000001780688763 -0.049450300633907318
  endloop
 endfacet
 facet normal 0 -1 0
  outer loop
   vertex 0.026485089212656021 -0.0062000001780688763 -0.049450300633907318
   vertex 0.02605016902089119 -0.0062000001780688763 -0.049116604030132294
   vertex 0.02752360887825489 -0.0062000001780688763 -0.053333006799221039
  endloop
 endfacet
 facet normal 0 -1 -0
  outer loop
   vertex 0.025506649166345596 -0.0062000001780688763 -0.04817519336938858
   vertex 0.025435090065002441 -0.0062000001780688763 -0.047631703317165375
   vertex 0.023199999704957008 -0.0062000001780688763 -0.055348105728626251
  endloop
 endfacet
 facet normal 0 -1 -0
  outer loop
   vertex -0.025436460971832275 -0.0062000001780688763 -0.04817519336938858
   vertex -0.025646250694990158 -0.0062000001780688763 -0.048681698739528656
   vertex -0.026800001040101051 -0.0062000001780688763 -0.053664706647396088
  endloop
 endfacet
 facet normal 0 -1 0
  outer loop
   vertex -0.026800001040101051 -0.0062000001780688763 -0.053664706647396088
   vertex -0.025646250694990158 -0.0062000001780688763 -0.048681698739528656
   vertex -0.025979980826377869 -0.0062000001780688763 -0.049116604030132294
  endloop
 endfacet
 facet normal 0 -1 0
  outer loop
   vertex -0.026800001040101051 -0.0062000001780688763 -0.053664706647396088
   vertex -0.025979980826377869 -0.0062000001780688763 -0.049116604030132294
   vertex -0.026414910331368446 -0.0062000001780688763 -0.049450300633907318
  endloop
 endfacet
 facet normal 0 -1 0
  outer loop
   vertex -0.026414910331368446 -0.0062000001780688763 -0.049450300633907318
   vertex -0.026921391487121582 -0.0062000001780688763 -0.049660094082355499
   vertex -0.026800001040101051 -0.0062000001780688763 -0.053664706647396088
  endloop
 endfacet
 facet normal 0 -1 -0
  outer loop
   vertex -0.026800001040101051 -0.0062000001780688763 -0.053664706647396088
   vertex -0.026921391487121582 -0.0062000001780688763 -0.049660094082355499
   vertex -0.027464911341667175 -0.0062000001780688763 -0.049731694161891937
  endloop
 endfacet
 facet normal -0 -1 -0
  outer loop
   vertex -0.026800001040101051 -0.0062000001780688763 -0.053664706647396088
   vertex -0.027464911341667175 -0.0062000001780688763 -0.049731694161891937
   vertex -0.028008431196212769 -0.0062000001780688763 -0.049660094082355499
  endloop
 endfacet
 facet normal 0 -1 0
  outer loop
   vertex -0.028008431196212769 -0.0062000001780688763 -0.049660094082355499
   vertex -0.028514910489320755 -0.0062000001780688763 -0.049450300633907318
   vertex -0.026800001040101051 -0.0062000001780688763 -0.053664706647396088
  endloop
 endfacet
 facet normal 0 -1 -0
  outer loop
   vertex -0.029283560812473297 -0.0062000001780688763 -0.048681698739528656
   vertex -0.02949335053563118 -0.0062000001780688763 -0.04817519336938858
   vertex -0.030834520235657692 -0.0062000001780688763 -0.051449902355670929
  endloop
 endfacet
 facet normal -0 -1 0
  outer loop
   vertex -0.030834520235657692 -0.0062000001780688763 -0.051449902355670929
   vertex -0.02949335053563118 -0.0062000001780688763 -0.04817519336938858
   vertex -0.029564911499619484 -0.0062000001780688763 -0.047631703317165375
  endloop
 endfacet
endsolid
